League,Season,Team,Sequence,n,n1,n2,k,k1,k2,c1,c2,c3,n1*,c1*,n2*,c2*
Bundesliga,2000,Bayern Munich,"[1, 1, 1, 0, 1, 1, 0, 0, 1, 1, 0, 0, 1, 1, 1, 1, 1, 1, 0, 0, 1, 1, 0, 0, 1, 1, 1, 1]",28,14,14,19,9,10,1.4142084474522654,1.5217617602932303,1.2330456226880395,10,2.449469547300114,10.0,3.944893810565134
Bundesliga,2000,Bochum,"[1, 0, 0, 0, 1, 1, 0, 0, 0, 0, 0, 1, 0, 1, 0, 0, 0, 0, 0, 0, 0, 1, 1, 0, 0, 0, 0, 0]",28,14,14,7,5,2,3.557103300669816,10.50253231719744,4.975124378109452,5,4.2139917695473255,5.0,12.95978140951449
Bundesliga,2000,Cottbus,"[0, 0, 0, 1, 0, 0, 1, 0, 1, 1, 0, 0, 1, 0, 0, 1, 0, 1, 0, 0, 1, 0, 0, 1, 0, 0, 1, 0, 0, 1, 1]",31,16,15,12,6,6,1.5401026560662618,1.79604172854337,1.443001443001443,13,1.6333956941643777,13.0,2.0392163163840733
Bundesliga,2000,Dortmund,"[1, 1, 0, 1, 1, 0, 1, 0, 0, 0, 1, 1, 1, 1, 1, 1, 0, 1, 1, 0, 1, 0, 1, 1]",24,12,12,16,7,9,1.221184094120891,1.239523109694232,1.1185682326621924,8,1.8804815133276007,5.0,2.7689978903543144
Bundesliga,2000,Ein Frankfurt,"[1, 0, 1, 0, 1, 0, 0, 1, 0, 1, 1, 0, 0, 0, 0, 0, 0, 1, 1, 0, 0, 0, 0, 0, 0, 0, 1, 0, 1]",29,15,14,10,6,4,2.278358620433357,3.863889620287177,2.4330900243309004,10,3.6638715154115413,10.0,8.5511267221124
Bundesliga,2000,FC Koln,"[0, 1, 0, 0, 0, 1, 0, 1, 1, 1, 1, 1, 0, 1, 0, 0, 0, 1, 1, 1, 0, 1, 0, 0]",24,12,12,12,7,5,2.5825977301387137,4.828396632130076,3.0120481927710845,2,4.0,2.0,14.321579755450768
Bundesliga,2000,Freiburg,"[1, 1, 0, 0, 0, 1, 0, 0, 0, 1, 1, 1, 1, 1, 1, 0, 0, 1, 1, 1, 0, 1, 1, 1]",24,12,12,15,6,9,1.12808850362943,1.1147670582566984,1.0548523206751057,9,1.3922245793558001,9.0,1.5923205286253164
Bundesliga,2000,Hamburg,"[0, 1, 1, 0, 1, 1, 0, 1, 0, 0, 0, 0, 1, 0, 0, 0, 0, 1, 0, 1, 1, 1, 0]",23,12,11,10,5,5,1.4888918213567126,1.7463541946265306,1.364256480218281,10,1.8383009174297036,1.0,5.407716892188215
Bundesliga,2000,Hansa Rostock,"[0, 0, 0, 1, 1, 1, 0, 1, 0, 0, 1, 0, 0, 1, 0, 0, 0, 1, 1, 1, 0, 1, 0, 1, 0, 1, 0]",27,14,13,12,6,6,1.5175105332061891,1.759386916159739,1.3869625520110958,1,1.7999999999999998,1.0,5.524095948810327
Bundesliga,2000,Hertha,"[0, 1, 1, 0, 1, 0, 1, 1, 1, 1, 1, 0, 0, 1, 0, 0, 0, 1, 1, 0, 1, 0, 1, 1, 0, 1, 0, 1, 0, 1, 0, 1]",32,16,16,18,9,9,1.6806258940555632,2.0,1.51285930408472,8,2.025236268514512,8.0,2.9380490498420193
Bundesliga,2000,Kaiserslautern,"[0, 0, 1, 1, 0, 1, 1, 1, 1, 0, 0, 0, 1, 1, 1, 0, 1, 1, 0, 1, 1, 1, 0, 0, 1, 0, 0, 0, 0]",29,15,14,15,9,6,2.892765218362916,5.619271194285363,3.236245954692557,7,19.251776440554806,7.0,87.50698347541301
Bundesliga,2000,Leverkusen,"[1, 0, 1, 0, 1, 1, 1, 1, 1, 1, 0, 1, 0, 0, 1, 1, 1, 0, 0, 0, 1, 1, 0, 1, 0, 1, 0, 1]",28,14,14,17,9,8,2.0327100704732444,2.8620860603416816,2.032520325203252,11,4.3294894399804535,11.0,10.897116386570207
Bundesliga,2000,Munich 1860,"[1, 1, 0, 1, 0, 0, 0, 0, 0, 1, 1, 1, 0, 1, 0, 1, 1, 0, 0, 0, 0, 1, 1, 0, 1, 0]",26,13,13,12,6,6,1.63540341789661,2.0,1.545595054095827,9,2.9841667741765505,9.0,5.882044676611077
Bundesliga,2000,Schalke 04,"[1, 1, 1, 1, 0, 1, 0, 0, 1, 1, 1, 0, 1, 1, 1, 0, 1, 0, 0, 1, 1, 1, 1, 1, 0, 1]",26,13,13,18,9,9,1.6581246534155312,2.0,1.488095238095238,11,2.2074817045003536,2.0,3.7059895069314273
Bundesliga,2000,Stuttgart,"[0, 1, 0, 1, 0, 0, 1, 0, 0, 0, 0, 1, 0, 1, 0, 0, 1, 0, 1, 0, 1, 1, 0]",23,12,11,9,4,5,1.294771086918406,1.3810708078069205,1.1750881316098707,1,1.6428571428571428,1.0,4.850506356147393
Bundesliga,2000,Unterhaching,"[0, 0, 0, 1, 0, 0, 1, 1, 1, 0, 0, 1, 0, 0, 0, 1, 1, 0, 0, 0, 1, 0, 0]",23,12,11,8,5,3,2.3169831150268667,4.263807401259858,2.5,6,3.0943552472401854,6.0,7.181502633412907
Bundesliga,2000,Werder Bremen,"[1, 0, 0, 0, 1, 0, 0, 1, 1, 1, 0, 0, 1, 1, 1, 1, 1, 0, 0, 1, 1, 1, 0, 0, 1, 1]",26,13,13,15,6,9,1.14894499498751,1.1323123378609816,1.0559662090813091,4,1.772248313948753,4.0,2.721214091803905
Bundesliga,2000,Wolfsburg,"[0, 1, 0, 1, 0, 1, 1, 0, 1, 1, 0, 1, 0, 1, 0, 0, 1, 1, 0, 1, 0, 1, 0]",23,12,11,12,7,5,2.265844858742432,3.725717207885436,2.364066193853428,11,2.2658448587424314,1.0,7.004086857094807
Bundesliga,2001,Bayern Munich,"[0, 1, 1, 1, 1, 1, 1, 1, 1, 1, 1, 0, 0, 0, 0, 1, 0, 1, 1, 1, 1, 1, 1, 1, 1, 1]",26,13,13,20,10,10,1.6489719930562854,2.0,1.497005988023952,13,1.6489719930562854,13.0,2.0
Bundesliga,2001,Cottbus,"[1, 0, 1, 1, 0, 0, 0, 0, 0, 0, 0, 0, 0, 1, 0, 1, 0, 1, 0, 1, 0, 1, 0, 1, 0, 0]",26,13,13,9,3,6,1.1404595918962377,1.1212023997753855,1.0471204188481675,2,2.339100346020761,2.0,7.038147400342609
Bundesliga,2001,Dortmund,"[1, 1, 1, 1, 0, 0, 1, 1, 0, 1, 1, 1, 1, 1, 1, 1, 1, 0, 1, 1, 1, 0, 1, 0, 1, 1, 1]",27,14,13,21,11,10,1.73130700446527,2.1786232127604483,1.557632398753894,10,2.5646175908581266,10.0,4.386695266286723
Bundesliga,2001,FC Koln,"[1, 0, 0, 1, 0, 0, 0, 0, 0, 0, 0, 1, 0, 0, 0, 0, 0, 0, 0, 1, 0, 0, 1, 0, 1, 1]",26,13,13,7,3,4,1.345455675609176,1.490743003650105,1.2285012285012284,13,1.345455675609176,13.0,1.490743003650105
Bundesliga,2001,Freiburg,"[1, 0, 0, 0, 1, 0, 1, 1, 0, 0, 0, 0, 1, 0, 0, 0, 0, 0, 0, 0, 0, 0, 1, 0, 1]",25,13,12,7,5,2,3.292661561131529,8.877048632583316,4.587155963302752,12,3.2926615611315295,12.0,8.877048632583316
Bundesliga,2001,Hamburg,"[0, 1, 0, 0, 0, 1, 1, 0, 0, 0, 1, 0, 1, 0, 1, 1, 0, 1, 1, 0, 0, 1, 0, 0]",24,12,12,10,4,6,1.233447599421348,1.2559863036669832,1.122334455667789,5,3.2386505622657245,2.0,9.43870155947348
Bundesliga,2001,Hansa Rostock,"[0, 1, 0, 0, 0, 0, 1, 1, 0, 0, 0, 1, 1, 0, 0, 1, 0, 1, 0, 0, 1, 0, 0, 1, 0, 0, 0]",27,14,13,9,5,4,1.8114671956806268,2.5466317660905053,1.757469244288225,3,3.374999999999999,3.0,10.31295421260518
Bundesliga,2001,Hertha,"[0, 1, 0, 1, 0, 1, 0, 1, 1, 1, 1, 1, 1, 0, 0, 1, 1, 1, 1, 1, 1, 0, 1, 1, 0, 1, 0]",27,14,13,18,9,9,1.4758492050635257,1.6465663139247086,1.3623978201634876,3,3.8571428571428563,1.0,13.374226852200529
Bundesliga,2001,Kaiserslautern,"[1, 1, 1, 1, 1, 1, 1, 0, 1, 0, 0, 1, 0, 1, 1, 0, 1, 1, 0, 1, 0, 1, 0, 0, 0, 1, 0, 1, 0]",29,15,14,17,11,6,5.656916997835949,20.85893760147531,10.058338362502514,7,9.072553865521774,11.0,35.01743889884322
Bundesliga,2001,Leverkusen,"[1, 1, 1, 1, 1, 1, 1, 1, 1, 1, 1, 0, 1, 0, 0, 1, 0, 0, 1, 1, 1, 1, 1, 1, 1, 0, 0, 1]",28,14,14,21,12,9,3.8689898428937823,10.502532317197415,4.901960784313726,3,6.4,3.0,25.720198863182127
Bundesliga,2001,MGladbach,"[1, 0, 1, 0, 0, 0, 1, 0, 0, 0, 0, 0, 1, 0, 1, 1, 0, 1, 1, 1, 0, 0]",22,11,11,9,3,6,1.1247651807459151,1.1069888345665395,1.0298661174047374,2,2.863905325443788,2.0,9.21003434428706
Bundesliga,2001,Munich 1860,"[0, 0, 1, 1, 0, 1, 0, 0, 0, 1, 0, 1, 1, 1, 1, 1, 0, 1, 0, 0, 1, 1, 0, 0, 0, 1, 0, 1, 1]",29,15,14,15,8,7,1.8069284951620663,2.332250535873808,1.709401709401709,13,2.2244087472471343,13.0,3.398822208316722
Bundesliga,2001,Nurnberg,"[0, 1, 0, 0, 0, 0, 1, 0, 0, 0, 0, 1, 0, 0, 0, 1, 1, 1, 0, 1, 0, 0, 0, 0, 1, 0, 0, 0, 1, 1]",30,15,15,10,3,7,1.0967697479454055,1.0645858982458871,1.02880658436214,10,1.7880632267441845,10.0,2.5503983276197943
Bundesliga,2001,Schalke 04,"[0, 1, 1, 1, 0, 1, 0, 1, 1, 0, 1, 0, 1, 1, 1, 1, 1, 1, 0, 1, 1, 1, 1, 0, 1, 0, 0]",27,14,13,18,9,9,1.4758492050635257,1.6465663139247086,1.287001287001287,2,8.999999999999998,2.0,53.09698487868233
Bundesliga,2001,St Pauli,"[0, 0, 0, 0, 0, 1, 0, 0, 0, 0, 0, 0, 1, 0, 1, 0, 1, 0, 0, 0, 0, 0, 0, 0]",24,12,12,4,1,3,1.1430898010584611,1.158293339793587,1.0405827263267429,7,3.583180799999999,7.0,12.518565248374014
Bundesliga,2001,Stuttgart,"[0, 1, 1, 1, 0, 1, 0, 1, 0, 1, 0, 1, 1, 0, 0, 1, 0, 0, 0, 1, 1, 1, 1]",23,12,11,13,7,6,1.7780854752345217,2.339846425731408,1.6556291390728477,10,2.192889067885165,10.0,3.448196316287576
Bundesliga,2001,Werder Bremen,"[0, 1, 0, 0, 1, 1, 1, 0, 1, 1, 1, 1, 1, 1, 1, 0, 0, 0, 1, 0, 0, 1, 0, 0, 1, 1, 1, 1, 0]",29,15,14,17,11,6,5.656916997835949,20.85893760147531,10.117361392148927,14,5.656916997835949,14.0,20.85893760147531
Bundesliga,2001,Wolfsburg,"[0, 0, 0, 0, 1, 1, 0, 0, 1, 0, 1, 1, 1, 1, 0, 1, 0, 0, 0, 1, 1, 0, 0, 1, 1, 0, 1]",27,14,13,13,7,6,1.8045361146662608,2.376436250286031,1.7857142857142858,11,1.8181296303361971,11.0,2.4499781008658443
Bundesliga,2002,Bayern Munich,"[1, 1, 1, 1, 1, 0, 1, 1, 0, 1, 1, 1, 1, 1, 1, 1, 1, 1, 1, 0, 0, 1, 1, 1, 1, 0]",26,13,13,21,11,10,2.1288119673002748,3.232288800021739,2.0366598778004072,7,7.404266220175422,1.0,54.615040857657654
Bundesliga,2002,Bielefeld,"[1, 0, 1, 0, 0, 1, 0, 1, 0, 0, 0, 1, 1, 0, 1, 0, 1, 0, 0, 0, 0]",21,11,10,8,4,4,1.470549240397932,1.760448810825132,1.3531799729364005,4,6.809320401946709,4.0,24.63063427353697
Bundesliga,2002,Bochum,"[1, 1, 1, 0, 0, 0, 1, 1, 0, 1, 0, 0, 1, 0, 1, 0, 0, 0, 0, 0, 1, 1, 1, 1]",24,12,12,12,6,6,1.6318725099601594,2.0,1.4792899408284024,9,2.0,9.0,2.970488289473696
Bundesliga,2002,Cottbus,"[0, 0, 1, 0, 0, 0, 0, 0, 0, 0, 1, 0, 0, 1, 1, 1, 0, 0, 0, 0, 0, 0, 0, 1]",24,12,12,6,2,4,1.187146070227026,1.2090279954402507,1.0683760683760684,8,2.7241966995053413,8.0,6.302974375068753
Bundesliga,2002,Dortmund,"[1, 1, 1, 1, 1, 0, 1, 0, 1, 1, 1, 0, 1, 1, 0, 1, 0, 1, 1]",19,10,9,14,8,6,2.2927280807201136,3.9223879312857126,2.2522522522522523,8,2.820928106318373,8.0,5.795434090242541
Bundesliga,2002,Hamburg,"[1, 0, 0, 0, 1, 0, 1, 0, 1, 0, 1, 1, 1, 1, 0, 1, 1, 0, 1, 1, 1, 1]",22,11,11,14,5,9,1.0531781055261438,1.0396415907676635,1.0090817356205852,8,1.176240413338175,1.0,1.2813100989214867
Bundesliga,2002,Hannover,"[0, 0, 0, 0, 1, 1, 0, 1, 1, 0, 0, 0, 0, 1, 1, 1, 1, 0, 1, 0, 1, 0, 0, 1, 1]",25,13,12,12,4,8,1.0587861151518532,1.037707234546176,1.0111223458038423,8,1.4716142210635474,4.0,1.869836374865996
Bundesliga,2002,Hansa Rostock,"[1, 1, 1, 0, 1, 0, 0, 0, 0, 0, 1, 0, 0, 1, 0, 0, 1, 0, 1, 0, 0, 1, 0, 1, 0]",25,13,12,10,5,5,1.503287936727688,1.770193161216196,1.408450704225352,11,1.876967782992205,1.0,4.942460347071589
Bundesliga,2002,Hertha,"[0, 1, 1, 0, 1, 1, 0, 1, 1, 0, 0, 0, 1, 0, 1, 0, 1, 1, 1, 0, 1, 1, 1, 0, 0, 0, 1]",27,14,13,15,7,8,1.316508931008271,1.3760742381167328,1.1947431302270013,4,4.271484375000001,4.0,10.947056382203126
Bundesliga,2002,Kaiserslautern,"[0, 0, 0, 0, 1, 0, 0, 0, 0, 0, 1, 0, 1, 0, 1, 1, 1, 1, 1, 1, 0, 1, 0, 0]",24,12,12,10,2,8,1.0209910634453736,1.006533901196204,1.0,2,2.9387755102040827,2.0,9.43870155947348
Bundesliga,2002,Leverkusen,"[0, 1, 0, 0, 1, 0, 1, 0, 1, 0, 1, 0, 0, 0, 0, 1, 0, 0, 1, 0, 0, 1, 0, 1, 1]",25,13,12,10,5,5,1.503287936727688,1.770193161216196,1.3679890560875514,12,1.503287936727688,12.0,1.770193161216196
Bundesliga,2002,MGladbach,"[0, 1, 1, 0, 0, 1, 0, 0, 0, 1, 0, 1, 0, 0, 0, 0, 1, 0, 1, 0, 1, 1, 1]",23,12,11,10,5,5,1.4888918213567126,1.7463541946265306,1.3623978201634876,11,1.4888918213567126,11.0,1.7463541946265306
Bundesliga,2002,Munich 1860,"[0, 1, 1, 0, 1, 0, 1, 1, 1, 0, 0, 1, 0, 1, 0, 0, 0, 1, 0, 1, 1, 0, 0]",23,12,11,11,7,4,3.072328800477933,6.848083641913098,3.875968992248062,2,3.673611111111111,2.0,12.781347298412449
Bundesliga,2002,Nurnberg,"[0, 0, 1, 0, 0, 1, 1, 0, 0, 1, 1, 0, 0, 1, 0, 0, 0, 0, 0, 1, 0, 0, 0, 0, 0, 0]",26,13,13,7,5,2,3.60271151593285,10.82839615446654,5.025125628140704,12,7.9534094407001525,12.0,41.77695992078088
Bundesliga,2002,Schalke 04,"[1, 1, 1, 0, 1, 0, 1, 0, 1, 1, 1, 0, 0, 1, 1, 0, 0, 0, 0, 1]",20,10,10,11,7,4,3.8231750823624497,11.26571093720506,5.05050505050505,5,7.620789513793632,5.0,28.86249216271717
Bundesliga,2002,Stuttgart,"[0, 1, 0, 1, 1, 1, 1, 1, 0, 0, 1, 1, 1, 1, 1, 1, 0, 1, 1, 0, 1, 0, 0, 1]",24,12,12,16,8,8,1.6476491652327578,2.0,1.4771048744460855,5,4.764705882352939,5.0,12.892282443930675
Bundesliga,2002,Werder Bremen,"[0, 1, 0, 1, 1, 1, 1, 0, 1, 0, 1, 1, 1, 1, 0, 0, 0, 1, 0, 0, 1, 1, 0, 0, 1, 1, 1, 0]",28,14,14,16,10,6,4.803973456066435,15.793988527051958,8.019889325527307,14,4.803973456066435,14.0,15.793988527051958
Bundesliga,2002,Wolfsburg,"[0, 1, 0, 1, 0, 1, 1, 0, 1, 0, 1, 0, 1, 0, 0, 0, 1, 1, 0, 1, 1, 0, 1, 0]",24,12,12,12,6,6,1.6318725099601594,2.0,1.5220700152207,1,2.0,1.0,6.5143630721878605
Bundesliga,2003,Bayern Munich,"[1, 1, 1, 1, 0, 1, 1, 1, 0, 1, 1, 1, 1, 0, 1]",15,8,7,12,7,5,2.362484502101667,4.570824168435551,2.197802197802198,2,2.777777777777778,2.0,7.856545923016482
Bundesliga,2003,Bochum,"[0, 1, 1, 1, 0, 0, 1, 1, 1, 1, 0, 0, 1, 1]",14,7,7,9,4,5,1.285058825967541,1.4054805499345742,1.1286681715575622,4,2.2237916063675836,4.0,4.162519946307052
Bundesliga,2003,Dortmund,"[1, 0, 1, 1, 1, 0, 0, 0, 1, 0, 0, 1, 1, 1, 1, 0, 1]",17,9,8,10,5,5,1.41102340158278,1.6280270076080123,1.2903225806451613,2,1.529100529100529,2.0,2.5405815965041234
Bundesliga,2003,Ein Frankfurt,"[0, 0, 0, 0, 1, 0, 0, 1, 1, 0, 1, 0, 0, 0, 0, 0, 1]",17,9,8,5,3,2,1.764476625984921,2.830336698222467,1.7985611510791366,6,2.3096065771666185,6.0,5.0717131605489465
Bundesliga,2003,FC Koln,"[0, 0, 0, 0, 1, 0, 0, 1, 1, 0, 0, 0, 0, 0, 0, 1, 0, 0, 0]",19,10,9,4,3,1,2.4687786902230946,6.3843318405493,3.0211480362537766,9,2.4687786902230946,9.0,6.3843318405493
Bundesliga,2003,Freiburg,"[0, 1, 0, 1, 0, 0, 0, 1, 0, 0, 1, 0, 0, 1, 0, 1, 0, 0, 0]",19,10,9,6,3,3,1.443446282474708,1.7793198438707436,1.351351351351351,3,3.121984524351388,3.0,10.012717317096287
Bundesliga,2003,Hamburg,"[0, 1, 1, 0, 1, 1, 0, 1, 0, 1, 0, 1, 0, 0, 1, 1]",16,8,8,9,5,4,2.025236268514512,3.25576651572519,1.941747572815534,8,2.025236268514512,8.0,3.25576651572519
Bundesliga,2003,Hannover,"[1, 1, 0, 0, 0, 1, 0, 1, 0, 0, 0, 0, 1, 1, 0]",15,8,7,6,4,2,2.381496723060509,5.024813540419161,2.849002849002849,7,2.3814967230605095,7.0,5.024813540419161
Bundesliga,2003,Hansa Rostock,"[0, 0, 0, 0, 0, 0, 1, 0, 0, 1, 1, 0, 1, 0, 0, 1, 0]",17,9,8,5,1,4,1.0565380539430196,1.0411288969783878,1.0070493454179257,4,1.5104347511574079,1.0,3.953990210817004
Bundesliga,2003,Hertha,"[0, 0, 0, 1, 0, 0, 1, 1, 1, 0, 0, 1, 1]",13,7,6,6,2,4,1.0838088891114326,1.0926474909767443,1.0224948875255624,4,1.346137531224961,4.0,1.7434913609439266
Bundesliga,2003,Kaiserslautern,"[0, 1, 1, 1, 0, 1, 0, 0, 0, 0, 1, 0, 1, 1, 0, 0, 0, 1, 0]",19,10,9,8,4,4,1.4535527617057926,1.7311137178256986,1.3717421124828533,5,3.3160959486588153,5.0,8.213616547956358
Bundesliga,2003,Leverkusen,"[1, 1, 1, 1, 1, 0, 1, 0, 0, 0, 0, 1, 1, 1, 1, 1, 1, 1]",18,9,9,13,6,7,1.3132297262630732,1.4272716628881084,1.179245283018868,9,1.3132297262630732,9.0,1.4272716628881084
Bundesliga,2003,MGladbach,"[1, 0, 0, 0, 0, 1, 1, 0, 0, 0, 1, 0, 1, 0, 1, 0, 1]",17,9,8,7,3,4,1.2382635024407562,1.3208690124394369,1.1299435028248588,6,1.2435635754765584,2.0,1.6491055081205648
Bundesliga,2003,Munich 1860,"[1, 0, 0, 0, 1, 1, 0, 0, 1, 1, 0, 0, 1, 0, 0, 0, 0, 0]",18,9,9,6,4,2,2.651266163793101,6.302974375068753,3.236245954692557,5,7.5937499999999964,5.0,31.84112677926563
Bundesliga,2003,Schalke 04,"[0, 1, 0, 1, 1, 1, 1, 1, 1, 0, 1, 1, 0, 0, 0]",15,8,7,9,6,3,3.4507508833922254,9.761149845648184,4.310344827586207,3,15.624999999999996,3.0,112.95564027373598
Bundesliga,2003,Stuttgart,"[1, 1, 1, 1, 1, 1, 0, 0, 1, 0, 1, 1, 1, 1, 1, 1, 0]",17,9,8,13,7,6,1.6800657081999102,2.24015499177463,1.4684287812041117,1,4.249999999999999,1.0,31.679504359916894
Bundesliga,2003,Werder Bremen,"[1, 1, 1, 1, 0, 1, 1, 1, 1, 1, 1, 1, 1, 1, 1]",15,8,7,14,7,7,1.0,1.1997036310207658,1.0,1,1.0,1.0,1.6421106355265072
Bundesliga,2003,Wolfsburg,"[1, 0, 1, 0, 0, 1, 0, 1, 1, 0, 0, 1, 0, 0, 0, 0, 0, 1, 1]",19,10,9,8,5,3,2.323474621408479,4.324072538095866,2.525252525252525,7,2.6671024643203642,7.0,5.533018132442303
Bundesliga,2004,Bayern Munich,"[1, 0, 1, 1, 1, 0, 1, 1, 0, 1, 1, 1, 1, 1, 1, 0, 1, 1, 1, 0, 1, 1, 1, 1, 1, 1, 1, 1, 1]",29,15,14,24,12,12,1.3829090659031402,1.5196980469249557,1.2453300124533002,14,1.3829090659031402,14.0,1.5196980469249557
Bundesliga,2004,Bielefeld,"[0, 0, 1, 1, 0, 1, 1, 0, 0, 1, 1, 1, 0, 0, 0, 0, 1, 1, 0, 0, 0, 1, 0, 1, 0, 0, 0]",27,14,13,11,7,4,3.004756359851972,6.460827370308542,3.937007874015748,3,4.805419921875001,3.0,15.662397607542317
Bundesliga,2004,Bochum,"[1, 0, 0, 0, 0, 1, 0, 0, 0, 1, 0, 0, 0, 0, 1, 0, 0, 0, 1, 1, 1, 0, 0, 0, 1, 1]",26,13,13,9,3,6,1.1404595918962377,1.1212023997753855,1.0416666666666667,5,1.2974005201231034,5.0,1.6369886397879072
Bundesliga,2004,Dortmund,"[0, 1, 0, 0, 1, 1, 0, 0, 1, 0, 0, 1, 1, 1, 0, 1, 0, 1, 1, 1, 1, 1, 1, 1]",24,12,12,15,5,10,1.0300064063629293,1.0178194646175127,1.0070493454179257,10,1.0679934039707908,1.0,1.272907795550189
Bundesliga,2004,Freiburg,"[1, 0, 0, 0, 1, 0, 0, 0, 0, 0, 0, 0, 1, 0, 0, 0, 0, 0, 0, 0, 0, 0, 0, 0, 0]",25,13,12,3,3,0,4.636688648466324,26.290349888404165,7.993605115907274,12,4.636688648466324,12.0,26.290349888404165
Bundesliga,2004,Hamburg,"[0, 0, 1, 0, 0, 1, 0, 0, 1, 1, 0, 1, 1, 1, 0, 1, 0, 1, 1, 1, 1, 0, 1, 1, 0, 0, 1, 1, 0, 0, 0]",31,16,15,16,8,8,1.536836202224237,1.7433214000368964,1.4104372355430184,3,8.826962962962963,3.0,33.44349325580485
Bundesliga,2004,Hannover,"[0, 0, 1, 0, 1, 1, 1, 1, 1, 0, 1, 1, 0, 0, 1, 0, 0, 0, 0, 0, 1, 1, 0, 0, 0, 1, 0, 1]",28,14,14,13,8,5,3.349243706634644,7.824018803295653,4.3478260869565215,13,5.058889514567414,13.0,16.403623072215645
Bundesliga,2004,Hansa Rostock,"[0, 1, 0, 0, 0, 1, 0, 0, 0, 0, 0, 0, 0, 0, 0, 1, 1, 0, 1, 0, 1, 0, 1, 0, 0]",25,13,12,7,2,5,1.0973483252439795,1.0774044319505338,1.0214504596527068,2,1.9290123456790125,2.0,5.588873011150152
Bundesliga,2004,Hertha,"[0, 1, 1, 0, 0, 1, 1, 1, 1, 1, 1, 1, 0, 1, 1, 0, 1, 1, 1, 0, 1]",21,11,10,15,8,7,1.7294266340001494,2.246922950710477,1.572327044025157,2,2.0416666666666665,2.0,4.160956595458178
Bundesliga,2004,Kaiserslautern,"[0, 0, 0, 1, 1, 0, 0, 0, 0, 1, 1, 0, 1, 1, 1, 1, 1, 0, 1, 0, 0, 1, 0, 0, 0, 1, 0, 0]",28,14,14,12,6,6,1.6379481654980252,2.0,1.5432098765432098,9,5.497742652893069,9.0,15.519303947354487
Bundesliga,2004,Leverkusen,"[1, 1, 0, 0, 1, 0, 1, 0, 1, 0, 1, 1, 1, 1, 0, 1, 1, 0, 1, 0, 0, 1, 1, 1, 1]",25,13,12,16,8,8,1.4708481968310905,1.6522935832009673,1.3280212483399734,8,1.6783605722612078,8.0,2.1866504406656055
Bundesliga,2004,MGladbach,"[0, 1, 0, 0, 1, 0, 0, 1, 1, 0, 0, 0, 1, 1, 0, 0, 1, 0, 0, 0, 1, 0]",22,11,11,8,4,4,1.5818429472822768,2.0,1.4367816091954022,8,2.527074098700395,5.0,5.169620314970775
Bundesliga,2004,Mainz,"[0, 1, 1, 1, 1, 0, 1, 0, 0, 1, 0, 0, 0, 0, 0, 0, 0, 0, 1, 1, 0, 0, 1, 1, 0, 1, 1]",27,14,13,12,6,6,1.5175105332061891,1.759386916159739,1.4903129657228018,13,1.5175105332061893,13.0,1.759386916159739
Bundesliga,2004,Nurnberg,"[1, 0, 0, 1, 0, 0, 1, 1, 0, 0, 1, 0, 1, 0, 0, 0, 0, 1, 0, 0, 1, 1, 0, 1, 0, 0]",26,13,13,10,6,4,2.521191968354289,4.760627558633163,3.1446540880503147,2,2.6406249999999996,2.0,8.178252762870715
Bundesliga,2004,Schalke 04,"[0, 1, 0, 0, 1, 0, 1, 1, 1, 1, 1, 1, 0, 1, 1, 1, 1, 0, 1, 1, 1, 1, 1, 0, 1, 0, 0, 0, 1, 0, 1]",31,16,15,20,11,9,2.214654325423988,3.274057671838239,2.178649237472767,8,8.94722561068104,8.0,31.38560320646765
Bundesliga,2004,Stuttgart,"[1, 1, 1, 1, 1, 1, 0, 0, 0, 1, 0, 1, 1, 1, 0, 0, 1, 1, 1, 1, 1, 1, 0, 0, 1, 0, 0]",27,14,13,17,10,7,2.942324073936016,5.805456874013267,3.5587188612099645,5,15.10411263157895,5.0,72.64173629368173
Bundesliga,2004,Werder Bremen,"[1, 1, 0, 0, 1, 1, 0, 0, 1, 1, 0, 1, 1, 0, 1, 1, 1, 1, 1, 0, 1, 0, 1, 0, 0, 1, 0, 1, 1]",29,15,14,18,9,9,1.5045342972249258,1.6836809411641154,1.321003963011889,10,3.164272162856514,10.0,6.039167274354456
Bundesliga,2004,Wolfsburg,"[1, 0, 1, 1, 1, 1, 1, 0, 1, 0, 1, 0, 1, 0, 0, 0, 1, 0, 0, 0, 0, 1, 0, 1, 0, 0, 1, 0, 1, 0, 1]",31,16,15,15,9,6,2.862765580742819,5.47058459211256,3.610108303249097,14,4.013839123037079,14.0,9.995514419775505
Bundesliga,2005,Bayern Munich,"[1, 1, 1, 1, 1, 1, 0, 1, 1, 1, 1, 1, 1, 1, 1, 1, 1, 1, 1, 0, 1, 1, 0, 1, 1]",25,13,12,22,12,10,2.3179676404647678,4.079306397635297,2.092050209205021,6,6.425540418174911,6.0,30.722043016776812
Bundesliga,2005,Bielefeld,"[0, 0, 1, 0, 0, 1, 1, 1, 0, 0, 0, 1, 0, 0, 1, 0, 1, 0, 1, 0, 1, 1, 0, 0, 0, 0, 0]",27,14,13,10,5,5,1.5148471428733077,1.7898317226824547,1.4064697609001406,5,10.105881789504153,5.0,34.815275364674974
Bundesliga,2005,Dortmund,"[0, 1, 0, 1, 1, 0, 1, 1, 0, 0, 0, 1, 1, 0, 0, 1, 1, 0, 0, 1, 1]",21,11,10,11,5,6,1.271809969845994,1.337842294670583,1.1534025374855823,8,1.713744686796283,8.0,2.3150129052275603
Bundesliga,2005,Duisburg,"[0, 0, 0, 0, 1, 0, 0, 1, 0, 0, 0, 1, 0, 0, 1, 0, 0, 0, 0, 0, 0, 1]",22,11,11,5,2,3,1.2924968664422043,1.4398117926016154,1.1682242990654206,7,1.9872929590828692,7.0,3.856185949802998
Bundesliga,2005,Ein Frankfurt,"[0, 0, 1, 0, 0, 0, 0, 1, 1, 0, 1, 1, 1, 0, 0, 1, 0, 0, 0, 0, 1, 0, 0, 1, 0]",25,13,12,9,6,3,3.123826759304197,7.381478532763724,4.016064257028113,9,3.180585209311102,12.0,7.381478532763724
Bundesliga,2005,FC Koln,"[1, 1, 0, 0, 1, 0, 0, 0, 0, 0, 0, 0, 0, 0, 0, 0, 0, 1, 0, 0, 1, 1, 0, 0, 1]",25,13,12,7,3,4,1.2910484283133583,1.3969029727520257,1.1862396204033214,12,1.2910484283133583,3.0,1.704162414590756
Bundesliga,2005,Hamburg,"[1, 1, 1, 1, 1, 1, 0, 1, 1, 1, 1, 1, 0, 1, 0, 1, 1, 0, 1, 1, 1, 0, 1, 1, 1, 0, 1, 0, 0]",29,15,14,21,12,9,2.960677196808087,5.812522545340308,3.5587188612099645,4,15.015306555706522,2.0,113.85413428658667
Bundesliga,2005,Hannover,"[1, 0, 0, 0, 1, 0, 1, 1, 1, 1, 0, 0, 1, 0, 0, 0, 0]",17,9,8,7,5,2,3.4329514965551176,9.932847280100496,4.807692307692308,4,8.352099999999998,4.0,35.918124290402666
Bundesliga,2005,Hertha,"[1, 0, 1, 1, 1, 0, 0, 1, 1, 0, 1, 0, 0, 0, 0, 1, 1, 1, 1, 0, 1, 0]",22,11,11,12,7,5,2.641091910859272,5.104581978565195,2.932551319648094,11,2.641091910859272,1.0,7.627980277251079
Bundesliga,2005,Kaiserslautern,"[0, 1, 1, 0, 0, 0, 0, 0, 0, 0, 0, 0, 0, 1, 0, 1, 1, 1, 0, 0, 1, 0, 0, 0, 1]",25,13,12,8,2,6,1.0570945176071416,1.032944012405063,1.0121457489878545,7,1.6629335921532706,4.0,2.6906326742390436
Bundesliga,2005,Leverkusen,"[1, 0, 0, 1, 1, 0, 0, 1, 0, 0, 1, 0, 1, 0, 1, 1, 0, 0, 1, 1, 1, 1, 1, 1]",24,12,12,14,5,9,1.0719642326915546,1.0513533321374784,1.0141987829614605,11,1.1089533248443952,1.0,1.2406602497979375
Bundesliga,2005,MGladbach,"[0, 1, 0, 1, 1, 1, 1, 0, 0, 1, 0, 0, 1, 0, 1, 0, 0, 1, 0, 0, 0, 1]",22,11,11,10,6,4,2.595532227374539,5.104581978565192,3.215434083601286,7,3.250410154894773,7.0,7.212629638059258
Bundesliga,2005,Mainz,"[0, 0, 0, 0, 0, 1, 0, 1, 0, 1, 0, 1, 0, 1, 0, 0, 0, 0, 1, 1, 0, 1, 1]",23,12,11,9,4,5,1.294771086918406,1.3810708078069205,1.160092807424594,9,1.3309573906185446,9.0,1.5099437039397385
Bundesliga,2005,Nurnberg,"[0, 0, 0, 0, 1, 0, 0, 0, 0, 1, 0, 1, 1, 0, 0, 1, 0, 1, 1, 1, 1, 0, 1, 0, 1, 1]",26,13,13,12,4,8,1.0893016695204991,1.061335592111114,1.024590163934426,5,1.1670118840698147,5.0,1.324094422813888
Bundesliga,2005,Schalke 04,"[1, 1, 1, 1, 0, 1, 1, 1, 1, 0, 1, 1, 1, 1, 1, 1, 0, 0, 1, 0, 1]",21,11,10,16,9,7,2.280991489170337,3.806679779244293,2.192982456140351,5,10.945664321608035,5.0,67.79383595263994
Bundesliga,2005,Stuttgart,"[0, 1, 0, 1, 1, 1, 1, 0, 0, 1, 1, 0, 0, 1, 0, 0, 1, 0]",18,9,9,9,5,4,2.0,3.137983956620695,1.984126984126984,7,4.413793103448276,7.0,13.612448387178574
Bundesliga,2005,Werder Bremen,"[1, 1, 1, 1, 0, 1, 1, 1, 1, 0, 1, 0, 1, 1, 1, 1, 0, 1, 1, 0, 0, 1, 1, 1, 1, 1, 1]",27,14,13,21,11,10,1.73130700446527,2.1786232127604483,1.5600624024960998,11,2.192718794381719,11.0,3.3294614185093727
Bundesliga,2005,Wolfsburg,"[1, 0, 1, 1, 0, 1, 0, 0, 0, 0, 0, 0, 1, 0, 0, 1, 0, 0, 1, 0, 0]",21,11,10,7,4,3,1.7880632267441845,2.6407726868231305,1.7921146953405018,2,2.2499999999999996,2.0,6.823284805412327
Bundesliga,2006,Aachen,"[0, 0, 1, 1, 0, 1, 1, 0, 0, 0, 0, 0, 1, 0, 0, 0, 1, 1, 1, 1, 0, 0, 0, 0, 0, 0, 0]",27,14,13,9,5,4,1.8114671956806268,2.5466317660905053,1.8315018315018317,7,17.085937499999986,7.0,67.27848983905096
Bundesliga,2006,Bayern Munich,"[1, 1, 0, 1, 0, 1, 0, 1, 0, 1, 1, 1, 1, 1, 0, 0, 1, 0, 1, 1, 0, 1, 1, 1, 0, 0, 1, 1]",28,14,14,18,10,8,2.623469456875555,4.648755263783788,2.949852507374631,14,2.623469456875555,14.0,4.648755263783788
Bundesliga,2006,Bielefeld,"[0, 0, 1, 0, 1, 1, 1, 1, 0, 0, 0, 0, 0, 0, 0, 1, 0, 0, 1, 0, 1, 1, 1, 1, 0]",25,13,12,11,5,6,1.312366537696454,1.3903095941809698,1.1750881316098707,1,1.7857142857142856,1.0,5.4699651550104935
Bundesliga,2006,Bochum,"[0, 0, 0, 1, 0, 0, 0, 1, 0, 1, 0, 1, 0, 1, 0, 0, 1, 0, 1, 0, 1, 1, 0, 1, 1, 1, 0, 1]",28,14,14,13,5,8,1.1655130865903642,1.1465412140302207,1.0775862068965518,2,1.2747967479674798,2.0,1.8455273229824756
Bundesliga,2006,Cottbus,"[0, 1, 1, 0, 0, 1, 1, 0, 0, 0, 0, 0, 1, 0, 0, 1, 1, 0, 1, 1, 1, 0, 1, 0, 0, 0]",26,13,13,11,5,6,1.398057804285396,1.5283489660964469,1.256281407035176,3,5.2077037037037055,3.0,17.422586635829248
Bundesliga,2006,Dortmund,"[0, 1, 1, 0, 1, 1, 0, 1, 0, 0, 1, 0, 0, 0, 1, 0, 0, 0, 0, 1, 0, 1, 1, 1, 1, 0]",26,13,13,12,6,6,1.63540341789661,2.0,1.550387596899225,1,1.8571428571428572,1.0,5.795581628721517
Bundesliga,2006,Ein Frankfurt,"[1, 0, 1, 1, 0, 0, 1, 0, 0, 0, 0, 0, 1, 1, 0, 1, 0, 0, 1, 1, 0]",21,11,10,9,4,5,1.2786443652153645,1.358940601265883,1.166861143523921,1,1.75,1.0,5.335365856132284
Bundesliga,2006,Hamburg,"[0, 0, 1, 0, 0, 0, 0, 0, 1, 1, 1, 1, 1, 0, 1, 1, 0, 1, 1]",19,10,9,10,3,7,1.0290189955296434,1.0189987543833756,1.0040160642570282,3,1.1706775900324287,3.0,1.424229402184101
Bundesliga,2006,Hannover,"[0, 0, 0, 1, 0, 0, 1, 0, 1, 1, 1, 0, 0, 1, 1, 1, 1, 0, 0, 0, 0, 1, 1, 1, 0, 0]",26,13,13,12,5,7,1.2530304227800353,1.275023464644205,1.1415525114155252,2,3.4489795918367347,2.0,11.563707024126947
Bundesliga,2006,Hertha,"[1, 1, 0, 1, 0, 1, 1, 1, 0, 0, 1, 1, 0, 1, 0, 0, 0, 0, 0, 0, 1, 0, 1, 0, 0, 1]",26,13,13,12,8,4,4.919015616099991,17.303747393331143,8.4774499830451,12,8.48754492354065,12.0,44.289625322361005
Bundesliga,2006,Leverkusen,"[1, 0, 0, 1, 0, 0, 1, 1, 0, 0, 1, 1, 1, 1, 0, 0, 0, 1, 1, 1, 1, 0, 0, 1, 0, 0, 1, 1]",28,14,14,15,8,7,2.010548201001965,2.837933762005623,2.004008016032064,7,2.36813974004247,7.0,3.90921443934651
Bundesliga,2006,MGladbach,"[1, 0, 1, 0, 1, 0, 1, 0, 0, 0, 0, 0, 0, 0, 0, 1, 0, 0, 1, 0, 0, 0, 0, 0, 0, 0]",26,13,13,6,4,2,2.5408985452370243,5.683759506913711,2.73224043715847,7,6.274851700000004,7.0,22.212710213475265
Bundesliga,2006,Mainz,"[1, 0, 0, 0, 0, 0, 0, 0, 0, 1, 1, 1, 1, 1, 0, 1, 0, 0, 0, 0, 0, 0, 1, 0]",24,12,12,8,4,4,1.583479333524026,2.0,1.51285930408472,8,5.125781249999996,8.0,15.899966993583307
Bundesliga,2006,Nurnberg,"[1, 1, 0, 0, 1, 1, 1, 1, 1, 1, 0, 0, 1, 0, 1, 0, 0, 0, 1]",19,10,9,11,8,3,8.01925653660181,50.41222085049323,18.23154056517776,9,8.01925653660181,9.0,50.41222085049323
Bundesliga,2006,Schalke 04,"[1, 1, 0, 1, 0, 1, 1, 0, 1, 1, 1, 1, 1, 1, 1, 1, 1, 1, 0, 0, 1, 0, 1, 1, 1, 0, 1, 0, 1]",29,15,14,21,12,9,2.960677196808087,5.812522545340308,3.3003300330033003,11,6.2350362358316085,11.0,21.65129818706856
Bundesliga,2006,Stuttgart,"[0, 1, 0, 1, 1, 1, 1, 1, 1, 0, 1, 1, 0, 1, 1, 1, 1, 0, 0, 1, 1, 1, 1, 1, 1, 1, 1]",27,14,13,21,10,11,1.2190598741690837,1.2580313487629695,1.1185682326621924,10,1.4545013211234368,10.0,1.711318104817321
Bundesliga,2006,Werder Bremen,"[1, 1, 0, 0, 1, 1, 1, 1, 1, 0, 1, 1, 1, 1, 1, 1, 0, 0, 0, 1, 1, 1, 1, 1, 0, 1, 0, 1]",28,14,14,20,11,9,2.707705062565797,4.965444303155276,2.824858757062147,12,4.174221627170558,12.0,10.866384595609324
Bundesliga,2006,Wolfsburg,"[0, 0, 1, 0, 1, 1, 1, 0, 0, 0, 0, 1, 0, 1, 1, 0, 1, 0, 0, 0, 0]",21,11,10,8,4,4,1.470549240397932,1.760448810825132,1.3717421124828533,4,6.809320401946709,4.0,24.63063427353697
Bundesliga,2007,Bayern Munich,"[1, 1, 1, 1, 1, 1, 1, 1, 0, 1, 1, 1, 1, 1, 1, 0, 1, 1, 1, 1, 1, 1, 1, 1]",24,12,12,22,11,11,1.543199464743451,2.0,1.3157894736842106,9,1.8415733472670794,9.0,2.8452838633964577
Bundesliga,2007,Bielefeld,"[1, 1, 0, 1, 0, 0, 0, 0, 0, 1, 0, 0, 0, 1, 0, 0, 0, 0, 0, 1, 0, 1, 1, 0]",24,12,12,8,4,4,1.583479333524026,2.0,1.485884101040119,10,1.7880632267441845,1.0,4.254407077613549
Bundesliga,2007,Bochum,"[1, 1, 0, 0, 0, 0, 0, 0, 1, 1, 1, 0, 0, 1, 0, 1, 1, 0, 1, 0, 0, 1, 0]",23,12,11,10,5,5,1.4888918213567126,1.7463541946265306,1.3850415512465375,4,2.403285784216899,1.0,5.407716892188215
Bundesliga,2007,Cottbus,"[0, 0, 0, 0, 0, 0, 1, 0, 0, 1, 1, 0, 0, 0, 0, 1, 0, 1, 1, 1, 0, 1, 0, 1, 0]",25,13,12,9,3,6,1.1074455194233837,1.0876527314740123,1.038421599169263,1,1.5625,1.0,4.504561562050849
Bundesliga,2007,Dortmund,"[0, 0, 1, 1, 1, 0, 0, 0, 1, 0, 0, 1, 1, 0, 0, 1, 1, 0, 0, 1, 0, 0, 1, 0]",24,12,12,10,5,5,1.612302051746704,2.0,1.4947683109118086,7,2.6031225869388552,1.0,5.155235444322927
Bundesliga,2007,Duisburg,"[1, 0, 0, 1, 0, 0, 0, 0, 0, 1, 0, 0, 0, 0, 1, 0, 0, 0, 1, 0, 0, 1, 0, 1, 0, 1, 0, 0, 0]",29,15,14,8,4,4,1.510027862632342,1.8326720868116892,1.402524544179523,3,2.633516898823021,3.0,7.725524781301057
Bundesliga,2007,Ein Frankfurt,"[1, 1, 0, 1, 0, 1, 0, 0, 1, 1, 1, 0, 1, 0, 1, 1, 1, 0, 0, 0, 0, 0, 0, 1]",24,12,12,12,7,5,2.5825977301387137,4.828396632130076,2.9940119760479043,7,16.0,7.0,80.84181782874599
Bundesliga,2007,Hamburg,"[1, 1, 0, 0, 1, 1, 1, 1, 1, 1, 1, 0, 1, 1, 1, 0, 0, 0, 1, 0, 0, 1]",22,11,11,14,9,5,5.788814622485842,26.226031060683805,10.856584518510475,7,15.334762634719985,7.0,102.50488842565024
Bundesliga,2007,Hannover,"[0, 1, 0, 1, 0, 1, 1, 1, 1, 0, 0, 1, 1, 0, 0, 0, 1, 0, 0, 1, 1, 1, 0, 1]",24,12,12,13,7,6,2.0133858647001284,2.932355002629789,1.984126984126984,11,2.5739914412983063,11.0,4.64330944876648
Bundesliga,2007,Hansa Rostock,"[0, 0, 0, 0, 0, 1, 1, 1, 0, 0, 1, 0, 0, 0, 1, 0, 1, 0, 0, 0, 0, 1, 0, 0, 0, 0, 0, 1]",28,14,14,8,4,4,1.5855812118384875,2.0,1.547987616099071,11,2.851806457509859,11.0,6.10466327055736
Bundesliga,2007,Hertha,"[0, 1, 0, 1, 1, 1, 0, 0, 0, 1, 0, 1, 0, 0, 0, 0, 1, 1, 1, 0, 0, 0, 1, 1, 1, 0]",26,13,13,12,6,6,1.63540341789661,2.0,1.5748031496062993,1,1.8571428571428572,1.0,5.795581628721517
Bundesliga,2007,Karlsruhe,"[1, 0, 0, 1, 1, 0, 1, 1, 1, 1, 0, 1, 0, 1, 0, 1, 0, 0, 0, 0, 1, 0, 0, 0]",24,12,12,11,8,3,8.177398142856338,49.35331331151717,19.782393669634025,8,17.368611210396878,8.0,97.66298739717806
Bundesliga,2007,Leverkusen,"[0, 1, 1, 1, 1, 0, 0, 0, 1, 1, 1, 1, 1, 0, 1, 1, 0, 1, 1, 0, 0, 0, 1, 0, 0, 0, 1, 0]",28,14,14,15,9,6,3.386710647677716,7.824018803295667,4.366812227074236,9,16.818132044681892,9.0,90.63886709333084
Bundesliga,2007,Nurnberg,"[0, 1, 0, 0, 0, 0, 1, 0, 0, 0, 1, 0, 1, 0, 0, 0, 0, 0, 1, 0, 1, 1, 0, 0]",24,12,12,7,3,4,1.3416496587301463,1.4851863748254122,1.256281407035176,2,1.9930795847750868,2.0,5.827297974429022
Bundesliga,2007,Schalke 04,"[1, 1, 1, 1, 0, 0, 1, 1, 1, 1, 1, 0, 0, 0, 1, 1, 1, 1, 0, 1, 1, 1, 1, 1]",24,12,12,18,9,9,1.6411603226794442,2.0,1.4814814814814814,12,1.6411603226794442,12.0,2.0
Bundesliga,2007,Stuttgart,"[0, 1, 0, 1, 0, 1, 0, 0, 0, 1, 1, 1, 1, 0, 1, 0, 0, 0, 1, 1, 1, 1, 1, 1, 0, 1, 0, 1, 0, 0]",30,15,15,16,8,8,1.6683818641526431,2.0,1.5625,2,4.591836734693877,2.0,17.006615446635898
Bundesliga,2007,Werder Bremen,"[0, 1, 1, 0, 1, 1, 1, 1, 1, 1, 1, 1, 0, 1, 0, 1, 0, 1, 0, 0, 0, 1, 1, 1, 1, 1, 1, 1]",28,14,14,20,11,9,2.707705062565797,4.965444303155276,2.9585798816568047,14,2.7077050625657972,14.0,4.965444303155276
Bundesliga,2007,Wolfsburg,"[0, 1, 0, 0, 1, 1, 1, 0, 0, 0, 0, 1, 1, 1, 1, 0, 1, 1, 1, 1, 0, 0, 1, 1, 1]",25,13,12,15,6,9,1.0910400032676597,1.0760359284489371,1.0319917440660475,5,1.508204633204633,5.0,2.0
Bundesliga,2008,Bayern Munich,"[1, 1, 0, 0, 1, 1, 1, 1, 1, 1, 1, 1, 0, 1, 0, 0, 1, 1, 1, 0, 1, 1, 0, 1, 1, 1, 1]",27,14,13,20,11,9,2.238201664125662,3.4482962377163235,2.178649237472767,13,2.238201664125662,13.0,3.4482962377163235
Bundesliga,2008,Bielefeld,"[0, 0, 1, 0, 0, 0, 0, 1, 0, 1, 0, 1, 0, 0, 0, 0, 0, 0]",18,9,9,4,2,2,1.474706592777851,2.0,1.440922190201729,6,4.51717396662955,6.0,18.380759822514825
Bundesliga,2008,Bochum,"[0, 0, 1, 0, 0, 0, 0, 0, 0, 1, 0, 1, 1, 0, 1, 0, 1, 0, 0, 0, 0, 0, 1]",23,12,11,7,3,4,1.2820079862218985,1.3832121067883727,1.1614401858304295,6,2.4341038835459745,6.0,5.077155559213426
Bundesliga,2008,Cottbus,"[0, 0, 0, 1, 0, 0, 0, 0, 0, 1, 0, 1, 0, 0, 1, 1, 0, 0, 0, 0, 0, 1, 0, 1, 0, 0, 0, 1]",28,14,14,8,3,5,1.2267334582687894,1.252178551393171,1.1185682326621924,12,1.862480695640473,12.0,2.7888576746199587
Bundesliga,2008,Dortmund,"[1, 1, 0, 1, 1, 0, 1, 1, 1, 0, 0, 1, 1, 1, 1, 1, 1, 1, 0, 1]",20,10,10,15,7,8,1.3227954691389017,1.4342846107068594,1.1778563015312131,2,2.2857142857142856,2.0,5.13579430811229
Bundesliga,2008,Ein Frankfurt,"[0, 0, 0, 0, 1, 1, 0, 1, 0, 1, 0, 1, 0, 0, 0, 1, 0, 1, 0, 1, 0, 0, 0, 0, 0]",25,13,12,8,5,3,2.315101232328993,4.246384611822067,2.444987775061125,5,6.877893337145927,5.0,23.162136313531445
Bundesliga,2008,FC Koln,"[0, 1, 0, 0, 1, 1, 1, 0, 0, 1, 1, 0, 0, 0, 0, 1, 1, 0, 0, 1, 0, 0, 0, 0, 1, 0, 0, 1]",28,14,14,11,6,5,1.9683259886695428,2.862086060341679,2.044989775051125,11,3.190559339719875,11.0,6.777180538772592
Bundesliga,2008,Hamburg,"[1, 1, 1, 0, 1, 1, 0, 1, 0, 1, 0, 1, 1, 1, 1, 0, 1, 1, 0, 0, 1, 1, 1, 0, 1, 0, 0, 1, 0, 1]",30,15,15,19,11,8,3.438684206026544,7.821532955724354,4.291845493562231,7,4.382041853096132,7.0,10.041938305277558
Bundesliga,2008,Hannover,"[0, 0, 1, 0, 1, 0, 0, 1, 0, 0, 1, 0, 1, 0, 0, 1, 0, 0, 1, 0, 1, 1, 1, 0]",24,12,12,10,4,6,1.233447599421348,1.2559863036669832,1.124859392575928,1,1.7142857142857144,1.0,5.155235444322927
Bundesliga,2008,Hertha,"[1, 0, 1, 0, 1, 1, 1, 0, 1, 1, 1, 1, 0, 1, 1, 1, 0, 1, 1, 1, 0, 0, 0, 1, 1, 1, 1, 0]",28,14,14,19,10,9,2.057873193112623,2.916583536972888,1.941747572815534,8,4.260507724650045,1.0,14.391344269164177
Bundesliga,2008,Hoffenheim,"[1, 1, 0, 1, 0, 1, 1, 1, 1, 1, 0, 1, 1, 1, 0, 1, 0, 0, 0, 0, 0, 1, 1, 1]",24,12,12,15,9,6,3.691133500977665,9.71330166678411,5.208333333333333,10,7.842650809425428,10.0,36.81927277075455
Bundesliga,2008,Karlsruhe,"[1, 0, 0, 0, 1, 1, 0, 0, 0, 0, 0, 0, 0, 0, 1, 0, 0, 1, 0, 0, 0, 0, 0, 0, 1, 0, 0, 1, 1]",29,15,14,8,4,4,1.510027862632342,1.8326720868116892,1.3888888888888888,11,1.5623155833633586,11.0,2.048247083908929
Bundesliga,2008,Leverkusen,"[0, 1, 1, 0, 1, 1, 0, 1, 1, 1, 1, 1, 0, 0, 1, 0, 1, 0, 0, 0, 1, 0, 0, 1, 0, 1, 0]",27,14,13,14,9,5,4.068661615511714,11.133362611814682,5.865102639296188,10,6.984316897701801,10.0,24.585067301426854
Bundesliga,2008,MGladbach,"[0, 0, 1, 0, 0, 0, 0, 1, 0, 0, 1, 0, 0, 0, 0, 0, 1, 0, 1, 1, 0, 0, 0, 0, 1, 1, 0]",27,14,13,8,3,5,1.1874522040770383,1.1996231660868324,1.072961373390558,7,1.5256516694732698,1.0,3.9334907247893365
Bundesliga,2008,Schalke 04,"[1, 1, 1, 0, 1, 1, 0, 0, 1, 0, 1, 0, 1, 0, 1, 1, 0, 0, 1, 1, 1, 1, 0, 0, 0, 0]",26,13,13,14,8,6,2.5738033064258965,4.636053386548998,2.967359050445104,4,22.037808641975303,4.0,106.08706251320595
Bundesliga,2008,Stuttgart,"[1, 0, 1, 1, 0, 1, 0, 1, 0, 0, 0, 1, 1, 1, 1, 1, 1, 0, 1, 1, 1, 1, 1, 1, 1, 1, 0]",27,14,13,19,8,11,1.072014517551029,1.0628555002656164,1.016260162601626,1,3.375,1.0,17.195718889526713
Bundesliga,2008,Werder Bremen,"[0, 1, 1, 1, 0, 0, 1, 1, 0, 1, 0, 1, 0, 0, 0, 1, 0, 1, 0, 1, 0, 1, 1, 0, 0]",25,13,12,12,7,5,2.261000651366145,3.686354390433831,2.392344497607656,2,3.6982248520710055,2.0,12.77083875968392
Bundesliga,2008,Wolfsburg,"[1, 1, 0, 1, 0, 1, 0, 1, 0, 1, 1, 0, 1, 1, 1, 1, 1, 1, 1, 1, 1, 1, 0, 1, 0, 1, 1, 1]",28,14,14,21,9,12,1.1123079199226675,1.1052351064558052,1.0309278350515465,6,2.145625982189628,6.0,3.36217279756582
Bundesliga,2009,Bayern Munich,"[0, 1, 1, 1, 0, 1, 1, 1, 1, 1, 1, 1, 1, 1, 1, 1, 1, 1, 0, 0, 1, 1, 1, 1]",24,12,12,20,10,10,1.6163774630092107,2.0,1.4164305949008498,6,3.7990391661916796,6.0,9.71330166678411
Bundesliga,2009,Bochum,"[0, 1, 0, 0, 0, 1, 0, 0, 0, 0, 1, 0, 1, 1, 1, 0, 0, 0, 0, 0, 0, 0, 0, 0]",24,12,12,6,3,3,1.5413578271663737,2.0,1.5037593984962403,9,13.318294975359446,9.0,70.27471848672573
Bundesliga,2009,Dortmund,"[1, 0, 0, 0, 1, 1, 1, 1, 1, 1, 1, 1, 1, 0, 0, 0, 1, 0, 1, 1, 1, 1, 0, 1, 0]",25,13,12,16,10,6,4.250982277285033,12.408657587544567,6.119576525304449,12,4.250982277285033,12.0,12.408657587544567
Bundesliga,2009,Ein Frankfurt,"[1, 1, 0, 0, 1, 0, 1, 0, 0, 1, 1, 1, 0, 1, 1, 0, 0, 0, 1, 1, 1, 0, 0, 0]",24,12,12,12,7,5,2.5825977301387137,4.828396632130076,3.067484662576687,3,8.0,3.0,31.212200829436775
Bundesliga,2009,FC Koln,"[0, 0, 0, 0, 1, 0, 1, 0, 1, 0, 1, 0, 1, 1, 0, 0, 0, 1, 0, 1, 1, 0, 0]",23,12,11,9,4,5,1.294771086918406,1.3810708078069205,1.2019230769230769,2,2.6989795918367343,2.0,8.497565026520688
Bundesliga,2009,Freiburg,"[0, 0, 1, 0, 1, 1, 0, 0, 0, 0, 1, 0, 1, 0, 0, 0, 0, 0, 0, 0, 0, 1, 0, 1, 1, 1]",26,13,13,9,5,4,1.951768436933352,2.940441787201652,1.9455252918287935,13,1.9517684369333521,13.0,2.9404417872016517
Bundesliga,2009,Hamburg,"[1, 1, 1, 1, 1, 1, 0, 0, 1, 1, 1, 0, 1, 0, 1, 0, 0, 1, 0, 0, 1]",21,11,10,13,9,4,7.343772987529967,41.033577655238034,16.07200257152041,10,7.343772987529967,10.0,41.033577655238034
Bundesliga,2009,Hannover,"[0, 1, 0, 0, 1, 0, 1, 1, 0, 0, 0, 0, 0, 0, 0, 0, 0, 0, 0, 1, 1, 0, 0, 1, 0, 0, 1, 1]",28,14,14,9,4,5,1.3819950543360615,1.5217617602932303,1.2642225031605565,14,1.3819950543360615,14.0,1.5217617602932303
Bundesliga,2009,Hertha,"[1, 0, 0, 0, 0, 0, 0, 0, 0, 0, 0, 0, 0, 0, 1, 0, 1, 0, 0, 0, 1, 1, 0, 0, 0]",25,13,12,5,1,4,1.0782316348659655,1.057817432150855,1.017293997965412,3,1.9531249999999996,3.0,5.619395188302815
Bundesliga,2009,Hoffenheim,"[0, 1, 1, 1, 1, 0, 0, 1, 1, 0, 1, 0, 0, 0, 0, 0, 1, 0, 1, 0, 0, 0, 0, 1, 1]",25,13,12,11,7,4,3.033829299860689,6.623806683184078,3.389830508474576,12,3.033829299860689,12.0,6.623806683184078
Bundesliga,2009,Leverkusen,"[1, 1, 1, 1, 1, 1, 1, 1, 1, 1, 1, 1, 1, 0, 1, 0, 0, 0, 0, 1]",20,10,10,15,10,5,12.799687507629208,203.59809740317195,62.5,7,77.64928909952607,7.0,4611.101344089833
Bundesliga,2009,MGladbach,"[1, 0, 1, 0, 0, 0, 0, 0, 1, 1, 1, 0, 1, 0, 0, 1, 0, 1, 0, 0, 1, 0, 1, 0, 0]",25,13,12,10,6,4,2.2821764058767533,3.896418200653083,2.5188916876574305,2,2.7777777777777777,2.0,8.747212720416
Bundesliga,2009,Mainz,"[1, 0, 1, 1, 0, 1, 0, 1, 1, 0, 0, 0, 1, 0, 1, 0, 1, 1, 0, 0, 0, 1, 1]",23,12,11,12,6,6,1.4825489081507597,1.7056624863795589,1.342281879194631,5,2.17727139107576,5.0,3.7182206594186065
Bundesliga,2009,Nurnberg,"[0, 0, 1, 0, 0, 0, 1, 0, 0, 1, 0, 0, 0, 0, 0, 1, 0, 0, 1, 1, 0, 1, 0, 0, 0, 0, 1]",27,14,13,8,3,5,1.1874522040770383,1.1996231660868324,1.079913606911447,5,1.8661751640896098,5.0,3.3256368915039283
Bundesliga,2009,Schalke 04,"[1, 1, 0, 1, 0, 1, 1, 1, 1, 0, 1, 1, 1, 1, 1, 1, 0, 1, 1, 1, 1, 0, 0, 1, 1, 0]",26,13,13,19,10,9,2.0832218290208626,3.0377264526688816,2.053388090349076,5,8.011003740732447,5.0,31.475794125623224
Bundesliga,2009,Stuttgart,"[0, 1, 0, 0, 1, 0, 0, 0, 0, 1, 1, 1, 1, 1, 0, 1, 1, 0, 1, 1, 1, 1, 1, 1]",24,12,12,15,5,10,1.0300064063629293,1.0178194646175127,1.0030090270812435,10,1.0679934039707908,1.0,1.272907795550189
Bundesliga,2009,Werder Bremen,"[0, 1, 1, 1, 1, 1, 1, 1, 0, 0, 0, 0, 0, 1, 1, 1, 1, 1, 1, 0, 1, 1, 1, 1]",24,12,12,17,7,10,1.1047059340293766,1.097631304329303,1.0395010395010396,5,1.2170117016240989,5.0,1.4412061992103817
Bundesliga,2009,Wolfsburg,"[1, 1, 0, 0, 0, 1, 1, 1, 1, 0, 0, 0, 0, 0, 0, 1, 1, 1, 1, 0, 1, 1, 1, 0, 0, 1]",26,13,13,14,6,8,1.255166117708699,1.275023464644205,1.146788990825688,3,2.260288065843621,3.0,4.458324033935814
Bundesliga,2010,Bayern Munich,"[1, 0, 1, 0, 0, 1, 1, 1, 1, 0, 1, 1, 1, 1, 0, 1, 1, 0, 0, 1, 1, 1, 1, 1, 1, 1]",26,13,13,19,9,10,1.3842146906710031,1.4907430036501048,1.2135922330097086,12,1.500394151949621,12.0,1.7209167833302856
Bundesliga,2010,Dortmund,"[0, 1, 1, 1, 1, 1, 1, 1, 1, 1, 1, 1, 1, 1, 1, 0, 1, 1, 1, 1, 1, 0, 1, 1, 0, 1, 0, 1]",28,14,14,23,13,10,4.337309916143041,14.410079610760048,6.17093489663684,7,8.831798052958828,7.0,43.354976291004746
Bundesliga,2010,Ein Frankfurt,"[0, 0, 1, 0, 0, 1, 1, 1, 1, 1, 0, 0, 1, 0, 1, 0, 0, 0, 0, 0, 0, 0, 1, 0, 0, 0, 0]",27,14,13,9,7,2,7.208129882812492,35.34213399780986,15.137753557372086,12,18.53519112723212,12.0,145.8700887256789
Bundesliga,2010,FC Koln,"[0, 0, 1, 0, 0, 0, 0, 1, 0, 0, 1, 0, 1, 0, 1, 0, 1, 1, 1, 0, 1, 0, 1, 0, 0, 0, 1, 1, 1]",29,15,14,13,5,8,1.1315443717727154,1.1096503965983031,1.037344398340249,10,1.3475393743415802,6.0,1.632420559934214
Bundesliga,2010,Freiburg,"[0, 1, 1, 1, 0, 0, 1, 0, 1, 0, 1, 1, 0, 0, 1, 1, 1, 0, 1, 0, 0, 0, 0, 1, 0, 0, 1, 0, 0]",29,15,14,13,8,5,2.922830080056166,5.875355368060922,3.676470588235294,10,9.853489178063022,10.0,39.116885205876066
Bundesliga,2010,Hamburg,"[1, 1, 0, 0, 1, 1, 0, 1, 0, 0, 1, 0, 0, 1, 1, 1, 0, 1, 0, 1, 0, 0, 1, 0, 0]",25,13,12,12,6,6,1.502153325177417,1.7353597143161648,1.3550135501355014,5,4.683858580984799,2.0,12.77083875968392
Bundesliga,2010,Hannover,"[1, 1, 0, 1, 1, 0, 0, 1, 0, 0, 1, 1, 1, 1, 1, 0, 1, 0, 0, 1, 1, 1, 1, 0, 1, 0, 1, 1, 0, 0, 1]",31,16,15,19,10,9,1.7978820450629376,2.2562155527070686,1.6501650165016502,3,2.9982890499194843,3.0,6.767185104477745
Bundesliga,2010,Hoffenheim,"[1, 1, 1, 0, 0, 1, 1, 0, 0, 1, 0, 1, 1, 0, 0, 0, 1, 0, 0, 1, 0, 0, 1, 0]",24,12,12,11,7,4,3.5190661753505195,9.129735089970106,4.672897196261682,11,5.673835405032645,11.0,21.455515614723822
Bundesliga,2010,Kaiserslautern,"[1, 1, 0, 0, 0, 0, 0, 0, 1, 0, 1, 1, 0, 1, 0, 0, 0, 0, 1, 1, 0, 1, 0, 1, 1, 1, 1]",27,14,13,13,6,7,1.3258749661237057,1.3966438877911838,1.1933174224343674,13,1.3258749661237057,13.0,1.3966438877911838
Bundesliga,2010,Leverkusen,"[1, 0, 1, 1, 1, 0, 1, 1, 1, 1, 1, 0, 1, 1, 0, 1, 1, 1, 1, 1, 1, 1, 0, 1, 0, 1]",26,13,13,20,10,10,1.6489719930562854,2.0,1.492537313432836,4,4.353147386069198,4.0,12.141426074537112
Bundesliga,2010,MGladbach,"[1, 0, 0, 0, 0, 0, 0, 1, 0, 0, 0, 0, 0, 1, 0, 1, 0, 0, 1, 0, 1, 0, 0, 1, 0, 1, 1, 1]",28,14,14,10,3,7,1.0916966315859582,1.0608124763740796,1.0256410256410255,12,1.1029802876708354,7.0,1.0940065251662014
Bundesliga,2010,Mainz,"[1, 1, 1, 1, 1, 1, 1, 0, 1, 0, 0, 0, 1, 1, 0, 0, 1, 0, 0, 1, 0, 0, 1, 1, 0, 0, 1, 1, 1, 1]",30,15,15,18,10,8,2.562874721767961,4.385421156119199,2.793296089385475,15,2.562874721767961,15.0,4.3854211561191985
Bundesliga,2010,Nurnberg,"[0, 1, 0, 1, 0, 1, 1, 1, 0, 0, 0, 0, 1, 0, 1, 1, 1, 1, 1, 1, 0, 0, 1, 0, 0, 0]",26,13,13,13,6,7,1.40949759119064,1.5324338893736429,1.2919896640826871,6,9.142857142857142,6.0,31.940017049256898
Bundesliga,2010,Schalke 04,"[0, 0, 0, 0, 1, 0, 0, 1, 1, 0, 1, 1, 1, 0, 1, 0, 1, 0, 0, 1, 0, 1, 1, 0, 0, 0, 0]",27,14,13,11,6,5,1.8100308448907696,2.4499781008658434,1.7825311942959,4,8.109146118164064,4.0,27.632891737886307
Bundesliga,2010,St Pauli,"[1, 0, 0, 1, 0, 1, 1, 0, 0, 0, 0, 0, 1, 0, 0, 1, 1, 1, 0, 0, 0, 0, 0, 0, 0, 0, 0, 0, 0]",29,15,14,8,5,3,2.312646433765005,4.22367554689059,2.557544757033248,11,34.83098328273936,11.0,213.49682124471164
Bundesliga,2010,Stuttgart,"[0, 0, 0, 1, 0, 0, 0, 1, 0, 1, 0, 0, 0, 0, 1, 0, 1, 0, 0, 1, 1, 1, 0, 1, 1, 1, 1, 0]",28,14,14,12,3,9,1.0305826158969216,1.011095136713979,1.0040160642570282,1,1.75,1.0,5.293503080847413
Bundesliga,2010,Werder Bremen,"[0, 1, 0, 0, 1, 1, 1, 0, 0, 0, 1, 0, 0, 1, 0, 0, 0, 1, 1, 1, 0, 1, 0]",23,12,11,10,5,5,1.4888918213567126,1.7463541946265306,1.394700139470014,1,1.769230769230769,1.0,5.407716892188215
Bundesliga,2010,Wolfsburg,"[0, 0, 0, 1, 1, 1, 0, 0, 1, 0, 1, 0, 0, 0, 0, 1, 0, 0, 0, 1, 1, 0, 1]",23,12,11,9,5,4,1.796127693917587,2.5169099126555867,1.7605633802816902,11,1.796127693917587,11.0,2.5169099126555867
Bundesliga,2011,Augsburg,"[0, 0, 0, 0, 1, 0, 0, 0, 1, 0, 1, 0, 0, 1, 1, 1, 0, 0, 1, 1]",20,10,10,8,2,6,1.0579344828927288,1.0351372981693368,1.0070493454179257,4,1.2183235867446394,4.0,1.4793740508360862
Bundesliga,2011,Bayern Munich,"[0, 1, 1, 1, 1, 1, 1, 1, 0, 1, 1, 0, 0, 1, 1, 1, 0, 1, 1, 1, 0, 1, 1, 1, 1, 1, 0, 1, 1, 1]",30,15,15,23,11,12,1.3969282162711942,1.499232722321164,1.2453300124533002,4,1.5278435337323333,4.0,2.1446930683620735
Bundesliga,2011,Dortmund,"[1, 0, 1, 0, 0, 1, 1, 1, 1, 1, 1, 1, 1, 1, 1, 1, 1, 1, 1, 1, 1, 1, 1, 1, 1, 1, 1, 1]",28,14,14,25,11,14,1.0,1.0345530735231832,1.0,1,1.0,1.0,1.5677215468082562
Bundesliga,2011,FC Koln,"[0, 0, 1, 0, 1, 1, 0, 1, 0, 1, 0, 0, 1, 0, 0, 0, 1, 0, 0, 0, 1, 0, 0, 0, 0, 0, 0, 0]",28,14,14,8,6,2,5.251420995065224,21.21693848944363,9.582215408202376,7,10.541350399999999,7.0,37.49752551780348
Bundesliga,2011,Freiburg,"[0, 0, 1, 0, 0, 0, 1, 0, 0, 0, 1, 0, 0, 1, 0, 0, 0, 1, 1, 1, 1, 1, 1, 0]",24,12,12,10,3,7,1.07831695472985,1.0513533321374784,1.0298661174047374,1,1.7142857142857144,1.0,5.155235444322927
Bundesliga,2011,Hamburg,"[0, 0, 0, 0, 0, 1, 0, 1, 1, 1, 0, 1, 1, 0, 0, 0, 0, 0, 1, 0, 1, 0]",22,11,11,8,4,4,1.5818429472822768,2.0,1.5197568389057752,9,3.2647376896551283,9.0,7.959625826405297
Bundesliga,2011,Hannover,"[1, 1, 0, 1, 1, 0, 1, 0, 0, 1, 1, 1, 0, 0, 1, 0, 1, 0, 1, 0, 0, 1]",22,11,11,12,7,5,2.641091910859272,5.104581978565195,2.857142857142857,10,3.685724823126879,10.0,9.47796986933883
Bundesliga,2011,Hertha,"[0, 1, 1, 0, 1, 0, 1, 0, 0, 0, 0, 0, 0, 0, 0, 1, 0, 0, 1, 0, 0, 0, 0, 1]",24,12,12,7,4,3,1.92924887851144,3.061063648705792,1.9455252918287935,12,1.9292488785114401,5.0,3.266513937904048
Bundesliga,2011,Hoffenheim,"[0, 1, 1, 0, 1, 1, 0, 0, 1, 0, 0, 0, 1, 0, 1, 0, 0, 1, 1, 1, 0, 0, 0]",23,12,11,10,5,5,1.4888918213567126,1.7463541946265306,1.3736263736263736,3,5.5380063723258965,3.0,19.361142387370563
Bundesliga,2011,Kaiserslautern,"[0, 0, 0, 1, 0, 0, 1, 1, 0, 0, 0, 0, 0, 0, 0, 0, 0, 0, 0, 0, 1, 0, 0]",23,12,11,4,3,1,2.466775561606247,6.356310677628795,3.003003003003003,11,2.466775561606247,11.0,6.356310677628795
Bundesliga,2011,Leverkusen,"[0, 1, 1, 1, 0, 0, 1, 0, 1, 1, 1, 0, 1, 0, 1, 1, 1, 0, 0, 0, 0, 1, 1, 1, 1]",25,13,12,15,8,7,1.7799238820934309,2.298375589859719,1.6835016835016836,8,2.463578456104944,8.0,4.133599153189942
Bundesliga,2011,MGladbach,"[1, 1, 0, 1, 1, 1, 0, 0, 1, 1, 1, 1, 0, 1, 1, 1, 1, 1, 0, 1, 0, 0, 1, 0, 1]",25,13,12,17,9,8,1.7603977362480616,2.2452062810280946,1.5873015873015872,7,6.51744535781821,7.0,21.542918479982585
Bundesliga,2011,Mainz,"[1, 1, 0, 0, 0, 0, 0, 0, 1, 1, 0, 0, 1, 1, 0, 1, 0, 0, 1, 0, 1, 0]",22,11,11,9,4,5,1.364144444450398,1.497631278940987,1.2091898428053205,6,1.9030419928777367,1.0,5.070747896507975
Bundesliga,2011,Nurnberg,"[1, 0, 0, 1, 1, 0, 0, 0, 0, 0, 1, 0, 0, 1, 1, 0, 0, 1, 1, 1, 0, 0, 0, 0, 1, 1, 1, 0]",28,14,14,12,5,7,1.2628830120791827,1.2861808449421503,1.1261261261261262,8,1.8967953088148592,1.0,5.293503080847413
Bundesliga,2011,Schalke 04,"[0, 1, 1, 1, 0, 0, 1, 1, 0, 1, 1, 1, 0, 1, 1, 1, 1, 1, 0, 1, 0, 0, 1, 1, 1, 1, 0, 0, 1, 1]",30,15,15,20,10,10,1.6780347465021417,2.0,1.5015015015015014,12,2.7138567598621206,12.0,4.659883269802869
Bundesliga,2011,Stuttgart,"[1, 0, 0, 1, 1, 0, 1, 1, 0, 1, 0, 0, 0, 0, 0, 1, 0, 1, 1, 1, 1, 1, 1, 1, 0, 1]",26,13,13,15,6,9,1.14894499498751,1.1323123378609816,1.0764262648008611,2,1.498891352549889,2.0,2.442819703203681
Bundesliga,2011,Werder Bremen,"[1, 0, 1, 1, 1, 1, 0, 0, 1, 1, 0, 1, 0, 1, 0, 1, 0, 0, 1, 0, 0, 0, 0, 0, 0]",25,13,12,11,8,3,6.6588500596727815,30.32496174021604,13.528138528138529,6,32.424391755348516,6.0,156.82163037600938
Bundesliga,2011,Wolfsburg,"[1, 0, 0, 0, 1, 0, 1, 0, 1, 0, 0, 1, 0, 0, 1, 1, 0, 1, 0, 0, 1, 1, 1, 1, 0, 0, 0, 1, 0]",29,15,14,13,6,7,1.34114775695508,1.4168712447854608,1.2300123001230012,5,3.8638925434630598,5.0,9.099768916990353
Bundesliga,2012,Augsburg,"[0, 0, 0, 0, 1, 0, 0, 0, 0, 0, 0, 1, 0, 1, 1, 0, 1, 0, 0, 1, 0, 1, 0, 0, 1]",25,13,12,8,2,6,1.0570945176071416,1.032944012405063,1.0131712259371837,3,1.3186766815765045,3.0,1.9192221430464473
Bundesliga,2012,Bayern Munich,"[1, 1, 1, 1, 1, 1, 1, 1, 0, 1, 1, 1, 1, 1, 1, 1, 1, 1, 1, 1, 1, 1, 1, 1, 1, 1, 1, 1, 1, 1]",30,15,15,29,14,15,1.0,1.1828077361313036,1.0,1,1.0,1.0,1.739425118343469
Bundesliga,2012,Dortmund,"[1, 1, 0, 1, 0, 1, 1, 1, 1, 0, 1, 1, 1, 1, 0, 1, 1, 0, 1, 1, 1, 1, 1, 1, 0]",25,13,12,19,10,9,1.7308507224448817,2.1967338249334194,1.550387596899225,1,4.166666666666667,1.0,28.844009506756215
Bundesliga,2012,Ein Frankfurt,"[1, 1, 1, 1, 1, 0, 1, 0, 0, 1, 0, 0, 1, 1, 0, 1, 1, 0, 0, 0, 1, 0, 0, 1, 1]",25,13,12,14,8,6,2.248194346315489,3.562068713935695,2.3255813953488373,8,4.138875780515943,8.0,9.943609715346275
Bundesliga,2012,Fortuna Dusseldorf,"[1, 1, 0, 0, 0, 0, 0, 1, 1, 0, 1, 0, 0, 1, 0, 1, 0, 0, 0, 0, 0, 0, 0, 0, 0]",25,13,12,7,5,2,3.292661561131529,8.877048632583316,4.048582995951417,9,19.231250820407258,9.0,103.30862756603915
Bundesliga,2012,Freiburg,"[0, 1, 0, 0, 1, 1, 0, 1, 1, 0, 1, 1, 0, 1, 1, 0, 0, 1, 1, 1, 0, 0, 1, 1, 0]",25,13,12,14,7,7,1.491683348287143,1.6968541310991798,1.3333333333333333,5,2.5735035435126172,1.0,8.014061341972463
Bundesliga,2012,Greuther Furth,"[0, 1, 0, 0, 0, 0, 0, 0, 0, 0, 0, 0, 0, 1, 0, 0, 0, 0, 0, 0, 1, 0, 1, 0, 0]",25,13,12,4,1,3,1.1253258519008256,1.1352481271084158,1.0416666666666667,2,1.4172335600907031,2.0,3.846845117891945
Bundesliga,2012,Hamburg,"[0, 0, 0, 1, 1, 1, 0, 1, 0, 1, 0, 1, 1, 0, 1, 0, 1, 1, 0, 1, 0, 0, 0, 1, 1, 0, 1, 0]",28,14,14,14,7,7,1.653613241824788,2.0,1.497005988023952,8,2.752688172043011,1.0,6.482738804557699
Bundesliga,2012,Hannover,"[1, 1, 0, 1, 0, 0, 0, 1, 1, 0, 0, 1, 0, 1, 0, 0, 1, 0, 1, 1, 0, 0, 1, 0, 0, 1, 0, 1]",28,14,14,13,7,6,1.989561902152212,2.837933762005624,1.976284584980237,8,2.253380112260964,8.0,3.6424803362888416
Bundesliga,2012,Hoffenheim,"[0, 0, 0, 1, 1, 0, 0, 1, 0, 0, 0, 0, 0, 0, 0, 1, 0, 0, 0, 0, 1, 0, 1, 0, 1, 0, 1]",27,14,13,8,3,5,1.1874522040770383,1.1996231660868324,1.098901098901099,11,1.2534847888719531,11.0,1.356098069325115
Bundesliga,2012,Leverkusen,"[0, 1, 0, 1, 1, 1, 1, 0, 1, 1, 1, 1, 0, 1, 1, 0, 1, 1, 0, 0, 1, 1, 1, 1, 1, 1]",26,13,13,19,9,10,1.3842146906710031,1.4907430036501048,1.2658227848101269,11,1.6591986465508541,11.0,2.0564670297091387
Bundesliga,2012,MGladbach,"[1, 0, 0, 1, 0, 1, 1, 0, 1, 1, 1, 0, 0, 1, 1, 0, 1, 0, 1, 0, 0, 1, 0]",23,12,11,12,7,5,2.265844858742432,3.725717207885436,2.262443438914027,4,3.5635370372728543,4.0,8.647177199310866
Bundesliga,2012,Mainz,"[0, 0, 1, 0, 1, 1, 1, 0, 1, 0, 0, 1, 1, 0, 1, 1, 0, 1, 0, 0, 0, 0]",22,11,11,10,5,5,1.6093503924934975,2.0,1.550387596899225,4,11.29706790123457,4.0,45.92831039328983
Bundesliga,2012,Nurnberg,"[1, 1, 0, 0, 0, 0, 0, 1, 0, 1, 0, 1, 0, 1, 1, 1, 1, 0, 0, 0, 0, 1, 1]",23,12,11,11,5,6,1.294649921034118,1.3668759169539026,1.1961722488038278,6,2.5950841283584873,6.0,4.8965427965539225
Bundesliga,2012,Schalke 04,"[1, 1, 0, 1, 1, 1, 1, 0, 1, 0, 0, 0, 0, 1, 0, 0, 1, 1, 1, 0, 1, 1, 0, 1, 1, 0, 1]",27,14,13,16,8,8,1.4988137311976597,1.6896655883305112,1.3869625520110958,2,1.5412262156448204,2.0,2.5581532066133312
Bundesliga,2012,Stuttgart,"[0, 0, 0, 1, 1, 1, 0, 1, 0, 1, 1, 1, 0, 0, 0, 0, 0, 1, 0, 0, 1, 0, 1, 1, 0, 0, 1]",27,14,13,12,7,5,2.2576231382650804,3.659049460573796,2.336448598130841,13,2.2576231382650804,13.0,3.659049460573796
Bundesliga,2012,Werder Bremen,"[0, 1, 0, 1, 0, 0, 1, 1, 0, 1, 0, 1, 0, 0, 0, 1, 1, 0, 0, 0, 0, 0, 0, 0]",24,12,12,8,6,2,5.521120761303185,24.019835581121114,10.150223304912709,7,17.085937499999986,7.0,76.26548845904182
Bundesliga,2012,Wolfsburg,"[1, 0, 0, 0, 0, 0, 1, 0, 1, 1, 0, 1, 0, 1, 0, 1, 0, 0, 1, 1, 1]",21,11,10,10,4,6,1.156864447978527,1.1619394826693832,1.0604453870625663,9,1.2647448276284698,7.0,1.366710012733838
Bundesliga,2013,Augsburg,"[0, 0, 1, 1, 1, 0, 0, 0, 0, 1, 0, 1, 1, 1, 1, 1, 0, 1, 1, 0, 0, 0, 1, 0, 1, 1, 1]",27,14,13,15,7,8,1.316508931008271,1.3760742381167328,1.207729468599034,8,1.9605817445870162,8.0,2.832070932357379
Bundesliga,2013,Bayern Munich,"[1, 1, 1, 1, 1, 1, 1, 1, 1, 1, 1, 1, 1, 1, 1, 1, 1, 1, 1, 1, 1, 1, 1, 1, 1, 0, 0, 1, 1, 1, 1]",31,16,15,29,16,13,3.970886179513508,15.26565711663159,4.62962962962963,6,19.06700413942403,6.0,704.4314659083938
Bundesliga,2013,Braunschweig,"[0, 0, 0, 0, 0, 0, 1, 0, 0, 1, 0, 0, 0, 0, 1, 0, 0, 1, 0, 0, 1, 1, 0, 0, 0, 0, 0]",27,14,13,6,2,4,1.1651185618719728,1.1787545769411427,1.079913606911447,5,3.5133575296007615,5.0,10.783467996229499
Bundesliga,2013,Dortmund,"[1, 1, 1, 1, 1, 1, 0, 1, 1, 1, 0, 0, 1, 0, 0, 1, 1, 1, 0, 1, 1, 0, 1, 1, 1, 1, 1, 1, 1]",29,15,14,22,10,12,1.1287348262605967,1.130575774296129,1.053740779768177,11,1.274726892688272,1.0,1.3946290110146835
Bundesliga,2013,Ein Frankfurt,"[0, 0, 1, 0, 1, 0, 0, 0, 0, 0, 1, 1, 0, 1, 0, 1, 0, 1, 1, 0, 1, 0, 0, 0, 0]",25,13,12,9,4,5,1.307599339125011,1.399220074579398,1.1961722488038278,4,5.9604644775390625,4.0,19.664343416801294
Bundesliga,2013,Freiburg,"[0, 0, 0, 0, 0, 1, 0, 1, 0, 0, 0, 1, 1, 0, 0, 0, 0, 1, 1, 1, 0, 1, 1, 0, 0]",25,13,12,9,4,5,1.307599339125011,1.399220074579398,1.20627261761158,2,2.44140625,2.0,7.440289531446804
Bundesliga,2013,Hamburg,"[0, 0, 1, 0, 0, 1, 1, 0, 0, 1, 0, 0, 0, 0, 0, 0, 0, 1, 0, 1, 0, 0, 1, 0, 0, 0, 0, 0]",28,14,14,7,4,3,1.918134184918154,3.01877413274221,1.893939393939394,5,4.2139917695473255,5.0,12.95978140951449
Bundesliga,2013,Hannover,"[1, 0, 1, 1, 0, 1, 0, 0, 0, 0, 0, 1, 0, 0, 1, 1, 0, 0, 0, 1, 0, 0, 0, 0, 1, 1, 1, 1]",28,14,14,12,5,7,1.2628830120791827,1.2861808449421503,1.160092807424594,12,1.70278298318625,12.0,2.1924551916266153
Bundesliga,2013,Hertha,"[1, 1, 0, 0, 1, 1, 0, 0, 1, 0, 1, 1, 1, 0, 0, 1, 0, 1, 0, 0, 0, 0, 0, 1, 0, 0]",26,13,13,11,8,3,7.713887902603629,42.40183698751707,17.68346595932803,8,11.866174910760416,8.0,49.66256414568797
Bundesliga,2013,Hoffenheim,"[1, 0, 1, 0, 0, 1, 0, 0, 0, 1, 0, 0, 1, 1, 1, 0, 0, 1, 1, 1, 0, 0, 1]",23,12,11,11,4,7,1.096055742023588,1.0788332563223442,1.0298661174047374,3,1.8776234567901235,3.0,3.390050413650834
Bundesliga,2013,Leverkusen,"[1, 1, 1, 0, 1, 1, 1, 1, 1, 0, 1, 1, 1, 1, 0, 0, 0, 1, 1, 0, 0, 0, 0, 0, 1, 0, 1, 1, 1, 1]",30,15,15,19,12,7,7.023270225458648,34.37598556466439,15.743073047858942,15,7.023270225458648,15.0,34.37598556466439
Bundesliga,2013,MGladbach,"[0, 1, 0, 1, 0, 1, 1, 0, 1, 1, 1, 1, 1, 1, 0, 0, 0, 0, 1, 1, 0, 1, 1, 0, 1, 1, 0]",27,14,13,16,10,6,4.062430395933416,11.006613112651944,5.747126436781609,13,4.062430395933416,13.0,11.006613112651943
Bundesliga,2013,Mainz,"[1, 1, 1, 0, 0, 0, 0, 0, 1, 0, 1, 1, 0, 1, 1, 1, 0, 1, 1, 1, 0, 0, 1, 0, 1, 0, 1, 0, 1]",29,15,14,16,8,8,1.5200667549213656,1.7192277091237715,1.3623978201634876,9,2.6701628738326915,9.0,4.5890561651291515
Bundesliga,2013,Nurnberg,"[0, 0, 0, 0, 0, 0, 1, 1, 0, 1, 1, 0, 0, 0, 0, 1, 0, 0, 0, 0, 0, 0, 0]",23,12,11,5,4,1,3.655596770990566,12.56848491651499,5.2631578947368425,7,5.561440771346729,7.0,21.152700866287393
Bundesliga,2013,Schalke 04,"[0, 0, 1, 1, 0, 1, 1, 0, 1, 1, 1, 0, 1, 1, 1, 1, 1, 0, 1, 1, 1, 1, 1, 0, 0, 1, 1]",27,14,13,19,9,10,1.2668993463503269,1.3092630452820977,1.1574074074074074,4,2.925921643763213,4.0,5.993457286631866
Bundesliga,2013,Stuttgart,"[0, 0, 0, 1, 1, 1, 0, 1, 0, 0, 1, 0, 0, 0, 0, 0, 0, 0, 0, 1, 0, 0, 1, 1, 0, 0]",26,13,13,8,5,3,2.5194689863238007,5.0579649609928685,2.949852507374631,13,2.5194689863238007,2.0,6.126672218998145
Bundesliga,2013,Werder Bremen,"[1, 1, 0, 0, 0, 1, 0, 1, 0, 0, 0, 0, 1, 0, 0, 1, 1, 0, 0, 1, 0, 1, 0, 1, 0]",25,13,12,10,5,5,1.503287936727688,1.770193161216196,1.394700139470014,8,1.6832568461422448,1.0,4.942460347071589
Bundesliga,2013,Wolfsburg,"[0, 1, 0, 1, 0, 1, 0, 0, 1, 1, 1, 1, 1, 1, 0, 0, 1, 1, 1, 0, 0, 1, 1, 0, 1, 1, 1, 1]",28,14,14,18,9,9,1.668616179586344,2.0,1.5822784810126582,14,1.668616179586344,14.0,2.0
Bundesliga,2014,Augsburg,"[0, 0, 1, 1, 0, 1, 0, 0, 1, 0, 1, 1, 1, 1, 0, 0, 1, 1, 1, 0, 0, 1, 0, 0, 0, 1, 0, 1, 0, 1]",30,15,15,15,8,7,2.0,2.7972002359528982,2.0366598778004072,11,3.6441281138790034,11.0,7.821532955724364
Bundesliga,2014,Bayern Munich,"[1, 1, 1, 1, 1, 1, 1, 1, 1, 1, 1, 1, 1, 1, 0, 1, 1, 1, 1, 1, 1, 0, 1, 1, 1, 1, 0, 0, 0, 1]",30,15,15,25,14,11,4.319295875403551,14.119837431482388,6.05070490712168,4,61.71428571428576,4.0,2591.1218229981187
Bundesliga,2014,Dortmund,"[0, 1, 1, 0, 0, 0, 0, 0, 0, 1, 0, 1, 0, 0, 0, 1, 1, 1, 1, 1, 0, 0, 1, 1, 1, 0, 1]",27,14,13,13,4,9,1.0358168749616563,1.0176173103265147,1.0050251256281406,2,1.3017857142857139,2.0,1.9167375510983955
Bundesliga,2014,Ein Frankfurt,"[1, 0, 1, 1, 0, 0, 0, 0, 1, 1, 1, 0, 0, 1, 0, 1, 0, 1, 0, 0, 0, 0, 1, 1]",24,12,12,11,6,5,1.9867909498578888,2.932355002629788,1.984126984126984,6,2.354344261763917,6.0,4.184382254903462
Bundesliga,2014,FC Koln,"[1, 0, 0, 0, 1, 1, 0, 1, 0, 0, 0, 1, 0, 1, 0, 0, 1, 0, 1, 1, 0]",21,11,10,9,4,5,1.2786443652153645,1.358940601265883,1.172332942555686,1,1.75,1.0,5.335365856132284
Bundesliga,2014,Freiburg,"[0, 0, 0, 0, 1, 1, 0, 0, 1, 0, 0, 1, 0, 0, 0, 1, 1, 0, 0, 1, 0]",21,11,10,7,3,4,1.2708548553719,1.366710012733838,1.182033096926714,4,1.6874999999999996,1.0,4.2669708623537606
Bundesliga,2014,Hamburg,"[0, 0, 0, 0, 1, 0, 1, 0, 1, 0, 1, 0, 0, 1, 1, 0, 0, 0, 0, 0, 0, 0, 1, 1, 0, 1]",26,13,13,9,4,5,1.3773750381549292,1.5153465600439986,1.2239902080783354,11,2.2921841826519724,11.0,3.9971830004180053
Bundesliga,2014,Hannover,"[1, 1, 0, 1, 0, 0, 0, 1, 1, 1, 0, 0, 0, 1, 0, 0, 0, 0, 0, 0, 0, 0, 1, 1]",24,12,12,9,6,3,3.541456677285556,9.71330166678411,5.05050505050505,10,4.739274257655173,10.0,14.871991547512389
Bundesliga,2014,Hertha,"[0, 0, 1, 0, 1, 0, 1, 0, 0, 1, 0, 0, 1, 0, 0, 0, 1, 0, 0, 1, 1, 1, 0, 0, 0, 0]",26,13,13,9,5,4,1.951768436933352,2.940441787201652,1.99203187250996,4,5.471390428754445,4.0,17.59739388871419
Bundesliga,2014,Hoffenheim,"[1, 1, 1, 1, 0, 0, 0, 1, 0, 1, 0, 1, 0, 0, 0, 1, 1, 0, 1, 0, 0, 0, 1, 0, 0, 1]",26,13,13,12,7,5,2.539518674235522,4.636053386548997,2.865329512893983,7,3.3971566507369197,7.0,7.2722760091181575
Bundesliga,2014,Leverkusen,"[1, 1, 0, 1, 1, 0, 1, 1, 0, 1, 1, 0, 0, 1, 1, 1, 1, 1, 1, 1, 1, 0, 1, 0]",24,12,12,17,8,9,1.3760927318813545,1.485186374825412,1.2269938650306749,3,4.86418015482055,1.0,17.952345646185933
Bundesliga,2014,MGladbach,"[1, 1, 1, 1, 1, 0, 0, 0, 1, 1, 0, 1, 1, 0, 1, 1, 1, 1, 1, 1, 1, 1, 1, 1, 0]",25,13,12,19,9,10,1.2163212555531946,1.2574294753184234,1.0940919037199124,1,4.166666666666667,1.0,28.844009506756215
Bundesliga,2014,Mainz,"[1, 1, 1, 0, 0, 0, 0, 0, 1, 0, 0, 1, 0, 1, 0, 1, 1, 0, 0, 1, 0]",21,11,10,9,4,5,1.2786443652153645,1.358940601265883,1.183431952662722,4,2.3447265625000004,1.0,5.335365856132284
Bundesliga,2014,Paderborn,"[1, 1, 0, 0, 1, 0, 1, 0, 0, 0, 0, 0, 1, 0, 0, 0, 0, 0, 1, 0, 1, 0, 0, 0]",24,12,12,7,4,3,1.92924887851144,3.061063648705792,1.99203187250996,11,2.988976344535151,3.0,8.519205978942836
Bundesliga,2014,Schalke 04,"[0, 0, 1, 1, 0, 1, 0, 1, 0, 1, 1, 1, 0, 1, 1, 1, 0, 0, 1, 0, 0, 1, 0, 1, 0]",25,13,12,13,7,6,1.793021001945255,2.3598786832236693,1.818181818181818,9,4.626535120543821,9.0,12.408657587544567
Bundesliga,2014,Stuttgart,"[0, 0, 0, 1, 0, 1, 0, 0, 0, 1, 0, 1, 0, 0, 0, 0, 0, 1, 0, 1, 0, 0, 1, 1, 1]",25,13,12,9,4,5,1.307599339125011,1.399220074579398,1.221001221001221,12,1.307599339125011,12.0,1.399220074579398
Bundesliga,2014,Werder Bremen,"[0, 0, 0, 0, 0, 1, 1, 0, 1, 0, 0, 1, 1, 1, 1, 1, 0, 1, 0, 0, 1, 1, 0, 0]",24,12,12,11,4,7,1.1407915843460017,1.123005238046899,1.0526315789473684,2,3.4082840236686383,2.0,11.478987914352862
Bundesliga,2014,Wolfsburg,"[0, 1, 0, 1, 1, 1, 1, 1, 1, 0, 1, 1, 1, 1, 1, 1, 1, 1, 0, 1, 1, 1, 0, 1, 1]",25,13,12,20,10,10,1.3790781022621137,1.5254605728542812,1.2422360248447204,7,2.362484502101667,7.0,3.967971593125626
Bundesliga,2015,Augsburg,"[0, 0, 0, 1, 0, 0, 0, 0, 0, 1, 1, 1, 1, 0, 0, 1, 0, 0, 0, 1, 1, 1, 0]",23,12,11,9,4,5,1.294771086918406,1.3810708078069205,1.1750881316098707,1,1.6428571428571428,1.0,4.850506356147393
Bundesliga,2015,Bayern Munich,"[1, 1, 1, 1, 1, 1, 1, 1, 1, 1, 1, 1, 1, 0, 1, 1, 1, 1, 1, 1, 1, 0, 1, 1, 1, 1, 1, 1, 1, 1]",30,15,15,28,14,14,1.551023315653171,2.0,1.2936610608020698,9,2.161887503566718,9.0,3.824799442795449
Bundesliga,2015,Darmstadt,"[1, 0, 1, 0, 1, 0, 0, 0, 1, 0, 0, 1, 0, 1, 0, 0, 0, 1, 1, 0, 0, 1, 0]",23,12,11,9,5,4,1.796127693917587,2.5169099126555867,1.8050541516245489,4,2.039657434402332,1.0,4.850506356147393
Bundesliga,2015,Dortmund,"[1, 1, 1, 1, 1, 0, 1, 1, 1, 1, 0, 1, 1, 1, 0, 1, 1, 1, 1, 1, 1, 1, 1, 1, 1, 1, 1, 0]",28,14,14,24,12,12,1.6263983744239263,2.0,1.443001443001443,1,6.999999999999997,1.0,158.53303395188237
Bundesliga,2015,Ein Frankfurt,"[0, 1, 1, 0, 0, 0, 1, 0, 0, 0, 0, 1, 1, 0, 0, 0, 0, 1, 0, 0, 0, 1, 1, 1, 0]",25,13,12,9,5,4,1.8045939709170185,2.5330520271144654,1.8018018018018016,12,1.8045939709170182,1.0,4.504561562050849
Bundesliga,2015,FC Koln,"[1, 1, 0, 1, 0, 1, 0, 0, 1, 0, 1, 0, 1, 0, 0, 0, 1, 0, 0, 1, 1]",21,11,10,10,6,4,2.289592941803353,3.959960951529355,2.331002331002331,8,2.4010612176864026,8.0,4.288221788948065
Bundesliga,2015,Hamburg,"[0, 1, 0, 1, 1, 0, 0, 1, 0, 1, 1, 0, 0, 0, 0, 1, 0, 1, 0, 0, 1, 0, 0, 1, 0, 1]",26,13,13,11,6,5,1.9765389138057148,2.8926884770650925,2.0120724346076457,13,1.9765389138057148,13.0,2.8926884770650925
Bundesliga,2015,Hannover,"[0, 0, 0, 0, 0, 1, 1, 0, 1, 0, 0, 1, 0, 0, 0, 0, 0, 0, 0, 0, 1, 0, 0, 0, 0, 0, 1, 0, 1, 0]",30,15,15,7,4,3,1.913887829371405,3.003073827674068,1.8796992481203008,15,1.913887829371405,1.0,3.4799331906820696
Bundesliga,2015,Hertha,"[1, 0, 1, 0, 1, 1, 0, 1, 0, 1, 1, 0, 1, 1, 1, 0, 1, 1, 0, 1, 1, 0, 0, 0, 0, 0]",26,13,13,14,8,6,2.5738033064258965,4.636053386548998,2.8735632183908044,5,47.748585390946495,5.0,277.7526625755982
Bundesliga,2015,Hoffenheim,"[0, 0, 0, 0, 1, 0, 0, 0, 1, 0, 0, 0, 1, 0, 1, 0, 1, 1, 1, 1, 0, 1, 0, 0]",24,12,12,9,2,7,1.0405767921708569,1.0178194646175127,1.002004008016032,2,2.56,2.0,7.918931767358503
Bundesliga,2015,Ingolstadt,"[1, 0, 1, 1, 0, 1, 0, 0, 1, 0, 0, 0, 1, 0, 1, 0, 1, 0, 1, 1, 0, 0, 0, 0]",24,12,12,10,5,5,1.612302051746704,2.0,1.6313213703099512,4,8.636401499375264,4.0,31.212200829436775
Bundesliga,2015,Leverkusen,"[1, 1, 0, 0, 0, 1, 1, 1, 0, 0, 1, 0, 1, 1, 1, 1, 0, 0, 0, 1, 1, 1, 1, 1, 1, 1, 0, 1]",28,14,14,18,8,10,1.2568957638688394,1.2740660657418257,1.1235955056179776,2,1.7043478260869567,2.0,3.022471866085753
Bundesliga,2015,MGladbach,"[0, 0, 0, 0, 0, 1, 1, 1, 1, 1, 1, 1, 1, 0, 1, 0, 0, 1, 0, 1, 1, 0, 1, 0, 1, 0, 0, 1, 1, 1]",30,15,15,17,9,8,2.0191974896040747,2.8068338874262357,1.9342359767891684,15,2.0191974896040747,15.0,2.8068338874262353
Bundesliga,2015,Mainz,"[0, 1, 1, 0, 1, 0, 0, 1, 0, 0, 1, 1, 1, 0, 0, 1, 1, 1, 0, 1, 1, 0, 1, 0, 0, 1]",26,13,13,14,7,7,1.649553666828088,2.0,1.4792899408284024,5,2.3355286332528182,3.0,4.458324033935814
Bundesliga,2015,Schalke 04,"[1, 0, 1, 1, 1, 1, 0, 1, 0, 0, 0, 1, 0, 1, 0, 1, 1, 0, 1, 1, 0, 1, 0, 0, 0, 1, 1]",27,14,13,15,8,7,1.795150764623751,2.316851763863742,1.7761989342806397,7,2.6318457045006336,7.0,4.6284403364297475
Bundesliga,2015,Stuttgart,"[0, 0, 0, 0, 0, 1, 0, 1, 0, 1, 0, 0, 0, 1, 1, 1, 1, 1, 0, 0, 1, 0, 0, 0, 0, 0, 0, 0]",28,14,14,9,4,5,1.3819950543360615,1.5217617602932303,1.2804097311139564,7,15.094926848336119,7.0,56.34099389439841
Bundesliga,2015,Werder Bremen,"[0, 1, 1, 0, 0, 0, 0, 0, 1, 0, 1, 0, 0, 0, 1, 0, 0, 1, 1, 0, 0, 0, 1, 0, 1, 1]",26,13,13,10,4,6,1.2421188280651394,1.2659130648831014,1.1286681715575622,7,1.3524730430125467,7.0,1.639018993913938
Bundesliga,2015,Wolfsburg,"[1, 1, 1, 0, 0, 1, 1, 1, 0, 1, 0, 0, 0, 0, 1, 0, 1, 1, 0, 0, 0, 0, 0, 1, 1]",25,13,12,12,7,5,2.261000651366145,3.686354390433831,2.262443438914027,7,3.836299214746098,7.0,8.877048632583316
Bundesliga,2016,Augsburg,"[0, 1, 0, 1, 0, 0, 0, 1, 0, 1, 0, 1, 1, 0, 0, 1, 0, 0, 0, 0, 1, 0, 1]",23,12,11,9,5,4,1.796127693917587,2.5169099126555867,1.8416206261510129,10,2.473287555470515,10.0,4.636785729268329
Bundesliga,2016,Bayern Munich,"[1, 1, 1, 1, 1, 1, 1, 0, 1, 1, 1, 1, 1, 1, 1, 1, 1, 1, 1, 1, 1, 0, 1, 1, 1, 1, 1]",27,14,13,25,13,12,1.5815225649569464,2.0908247390999124,1.3227513227513228,6,2.7039423278626233,6.0,6.132910247183944
Bundesliga,2016,Darmstadt,"[0, 1, 0, 0, 0, 1, 0, 0, 0, 0, 0, 0, 0, 0, 0, 0, 1, 0, 0, 0, 1, 0, 0, 0, 0, 1, 1, 1, 0, 0]",30,15,15,7,2,5,1.1288737667110216,1.108230375501664,1.0395010395010396,2,1.7013232514177694,2.0,4.769439117740496
Bundesliga,2016,Dortmund,"[1, 0, 1, 1, 1, 0, 1, 1, 0, 1, 1, 1, 0, 1, 1, 1, 0, 1, 1, 0, 1, 1, 1, 1]",24,12,12,18,9,9,1.6411603226794442,2.0,1.4684287812041117,12,1.6411603226794442,8.0,2.0
Bundesliga,2016,Ein Frankfurt,"[1, 0, 1, 1, 0, 1, 1, 1, 1, 0, 1, 0, 1, 1, 0, 0, 0, 0, 0, 0, 0, 1, 0, 0, 0]",25,13,12,11,9,2,20.54465318225777,244.98184479953184,90.00900090009002,11,61.055665605346775,11.0,1094.247410519998
Bundesliga,2016,FC Koln,"[1, 1, 1, 1, 0, 1, 0, 1, 0, 1, 1, 0, 0, 0, 1, 0, 1, 0, 0, 1, 1]",21,11,10,12,8,4,4.588803955275043,15.368811318149108,7.110858280594468,10,4.588803955275043,10.0,15.368811318149108
Bundesliga,2016,Freiburg,"[0, 1, 0, 1, 0, 1, 0, 1, 1, 0, 0, 0, 1, 1, 0, 1, 0, 1, 0, 1, 0, 1, 1, 0, 1, 0, 1, 0]",28,14,14,14,7,7,1.653613241824788,2.0,1.51285930408472,1,2.0,1.0,6.482738804557699
Bundesliga,2016,Hamburg,"[0, 0, 0, 0, 0, 0, 0, 0, 1, 1, 0, 1, 0, 0, 1, 1, 0, 1, 1, 1, 0, 1, 0, 0, 0, 1]",26,13,13,10,3,7,1.0856472264657993,1.0564479778026157,1.019367991845056,4,1.9922572544642854,4.0,3.653399733019961
Bundesliga,2016,Hertha,"[1, 1, 1, 0, 1, 1, 0, 1, 1, 1, 0, 0, 1, 0, 0, 1, 0, 1, 0, 1, 0, 0, 0, 1, 0, 1, 0, 0, 1, 0]",30,15,15,15,9,6,3.293597346466981,7.317385186919355,4.444444444444445,10,5.818181818181818,10.0,16.483256053711067
Bundesliga,2016,Hoffenheim,"[1, 1, 1, 1, 1, 1, 1, 0, 1, 0, 1, 1, 1, 1, 1, 0, 1, 1, 0, 1]",20,10,10,16,8,8,1.6020753627734323,2.0,1.4204545454545454,5,3.806333739342267,5.0,10.167478582199548
Bundesliga,2016,Ingolstadt,"[0, 0, 0, 0, 0, 0, 0, 0, 1, 0, 1, 1, 0, 0, 1, 0, 0, 1, 0, 0, 0, 1, 1, 1, 0, 0]",26,13,13,8,3,5,1.221969926728363,1.2464289390402543,1.1148272017837235,2,2.08641975308642,2.0,6.126672218998145
Bundesliga,2016,Leverkusen,"[0, 1, 0, 1, 1, 0, 0, 1, 1, 0, 0, 1, 0, 1, 0, 0, 1, 1, 0, 0, 0, 1, 0, 0, 0, 1]",26,13,13,11,6,5,1.9765389138057148,2.8926884770650925,2.127659574468085,8,3.716448456745356,8.0,8.557874164771277
Bundesliga,2016,MGladbach,"[1, 0, 1, 1, 0, 0, 0, 0, 0, 1, 0, 0, 1, 1, 1, 0, 1, 1, 0, 0, 1, 1, 0, 0, 1]",25,13,12,12,5,7,1.1869577653597851,1.190775755267861,1.0834236186348862,3,1.8868494143219419,3.0,3.402555743875902
Bundesliga,2016,Mainz,"[0, 1, 1, 0, 1, 0, 1, 0, 1, 0, 0, 0, 1, 0, 0, 1, 0, 1, 0, 0, 0, 0, 0, 1, 0, 1, 0]",27,14,13,10,6,4,2.2799905565484173,3.8777810582059935,2.4271844660194173,9,3.4293536736344676,9.0,7.702488119130086
Bundesliga,2016,RB Leipzig,"[1, 1, 1, 1, 1, 1, 1, 1, 1, 1, 0, 1, 0, 1, 1, 0, 0, 1, 1, 0, 0, 1, 1, 1, 1, 1, 0]",27,14,13,20,12,8,4.3497661809901365,13.15294709683512,6.0606060606060606,12,5.638779692224567,1.0,23.535619866373917
Bundesliga,2016,Schalke 04,"[0, 0, 0, 0, 0, 1, 1, 1, 1, 1, 0, 0, 0, 1, 0, 1, 0, 1, 1, 0, 1, 0, 1, 0]",24,12,12,11,5,6,1.3895210785133645,1.5175032530974255,1.2594458438287153,1,1.8461538461538458,1.0,5.757104735685745
Bundesliga,2016,Werder Bremen,"[0, 0, 0, 0, 1, 1, 0, 0, 0, 0, 1, 1, 0, 0, 0, 0, 1, 1, 1, 1, 1, 1, 1, 1, 1, 0, 0, 0]",28,14,14,13,4,9,1.056475851765413,1.0299388881489515,1.0111223458038423,3,6.504296296296296,3.0,22.747233402369055
Bundesliga,2016,Wolfsburg,"[1, 0, 0, 0, 0, 0, 1, 0, 0, 0, 1, 1, 1, 0, 0, 1, 0, 0, 1, 1, 0, 0, 1, 0, 0, 1, 0]",27,14,13,10,5,5,1.5148471428733077,1.7898317226824547,1.3717421124828533,7,2.058448679672682,1.0,4.603370271892037
Bundesliga,2017,Augsburg,"[0, 1, 1, 1, 0, 0, 1, 0, 1, 1, 0, 1, 0, 1, 0, 0, 0, 1, 0, 0, 1, 0, 0]",23,12,11,10,7,3,4.539850323938444,14.998348354855354,7.066139061616733,9,5.811764821497872,9.0,20.16228655804315
Bundesliga,2017,Bayern Munich,"[1, 1, 0, 1, 1, 1, 1, 1, 1, 1, 0, 1, 1, 1, 1, 1, 1, 1, 1, 1, 1, 1, 1, 0, 1, 1, 1, 1, 1, 1, 0]",31,16,15,27,14,13,1.6826030253653537,2.1167215292859627,1.5267175572519085,1,7.75,1.0,241.96605340051963
Bundesliga,2017,Dortmund,"[1, 1, 1, 1, 1, 1, 0, 0, 0, 0, 0, 1, 1, 1, 1, 1, 1, 1, 0, 1, 0, 1, 0, 0]",24,12,12,15,7,8,1.3934751313833396,1.5074884257582135,1.2484394506866416,2,7.111111111111111,2.0,35.37927107764499
Bundesliga,2017,Ein Frankfurt,"[0, 1, 0, 1, 0, 1, 1, 1, 0, 1, 0, 1, 1, 1, 0, 1, 1, 0, 1, 0, 1, 0, 0, 0, 0, 1, 0]",27,14,13,14,9,5,4.068661615511714,11.133362611814682,5.916109566349169,6,10.757072338540759,6.0,39.61752726877225
Bundesliga,2017,FC Koln,"[0, 0, 0, 0, 0, 0, 0, 0, 0, 0, 0, 0, 0, 1, 1, 1, 0, 0, 1, 0, 0, 1, 0, 0, 0, 0, 0]",27,14,13,5,1,4,1.08159811127344,1.0606174107887676,1.017293997965412,5,2.78423197465399,5.0,8.416620112278483
Bundesliga,2017,Freiburg,"[0, 0, 1, 0, 0, 0, 0, 1, 1, 1, 1, 0, 1, 0, 0, 0, 0, 0, 0, 1, 0, 1]",22,11,11,8,5,3,2.57516125718696,5.327662064543003,2.898550724637681,9,3.2647376896551283,9.0,7.959625826405297
Bundesliga,2017,Hamburg,"[1, 1, 0, 0, 0, 0, 0, 0, 0, 1, 0, 1, 0, 0, 0, 0, 0, 0, 0, 0, 0, 1, 0, 1, 1, 0, 1]",27,14,13,8,4,4,1.5028513556869714,1.819094957669333,1.447178002894356,13,1.5028513556869714,13.0,1.819094957669333
Bundesliga,2017,Hannover,"[1, 1, 1, 0, 0, 1, 1, 0, 0, 0, 1, 0, 1, 0, 1, 0, 0, 0, 0, 0, 1, 0, 0, 1, 0]",25,13,12,10,7,3,4.437792045059089,14.1516773767228,6.172839506172839,10,5.977652417320556,10.0,20.92472544021913
Bundesliga,2017,Hertha,"[1, 0, 1, 0, 0, 1, 0, 1, 0, 1, 1, 0, 1, 0, 0, 1, 0, 1, 1, 0, 0]",21,11,10,10,6,4,2.289592941803353,3.959960951529355,2.380952380952381,2,3.644628099173554,2.0,12.79511286406579
Bundesliga,2017,Hoffenheim,"[1, 1, 1, 1, 0, 0, 1, 0, 1, 0, 1, 0, 0, 0, 1, 0, 1, 1, 1, 1, 1, 1, 0, 1]",24,12,12,15,7,8,1.3934751313833396,1.5074884257582135,1.2755102040816326,2,1.641025641025641,2.0,2.8452838633964563
Bundesliga,2017,Leverkusen,"[0, 0, 1, 0, 1, 1, 1, 1, 1, 1, 0, 1, 1, 0, 1, 0, 1, 1, 0, 1, 1, 0, 0, 1]",24,12,12,15,8,7,2.041997230671358,2.9704882894736944,2.066115702479338,3,3.1604938271604937,3.0,7.558115757388473
Bundesliga,2017,MGladbach,"[1, 0, 1, 0, 1, 1, 0, 1, 1, 1, 0, 0, 1, 0, 1, 0, 0, 0, 0, 1, 0, 1, 0, 1, 1, 0]",26,13,13,13,8,5,3.4420168067226893,8.35713231434736,4.62962962962963,11,3.6441281138790034,11.0,8.557874164771262
Bundesliga,2017,Mainz,"[0, 0, 1, 0, 0, 1, 1, 0, 1, 0, 0, 0, 0, 1, 0, 0, 0, 1, 0, 0, 1, 0, 1, 1, 0]",25,13,12,9,4,5,1.307599339125011,1.399220074579398,1.2004801920768309,1,1.5625,1.0,4.504561562050849
Bundesliga,2017,RB Leipzig,"[0, 1, 1, 0, 1, 1, 1, 1, 0, 1, 1, 0, 0, 1, 0, 1, 1, 0, 0, 1, 1, 0, 0, 0, 1, 1]",26,13,13,15,8,7,2.0240247325146057,2.892688477065093,2.004008016032064,9,3.1591051001776354,9.0,6.253795342540093
Bundesliga,2017,Schalke 04,"[1, 0, 1, 1, 0, 0, 1, 1, 1, 1, 1, 0, 1, 0, 0, 1, 1, 1, 1, 1, 1, 0, 1, 1, 1]",25,13,12,18,9,9,1.436174277509349,1.597741235674202,1.297016861219196,12,1.4361742775093487,4.0,1.792238254495905
Bundesliga,2017,Stuttgart,"[0, 1, 0, 1, 0, 0, 1, 0, 1, 0, 1, 0, 0, 0, 0, 1, 0, 0, 1, 1, 1, 1, 1, 0, 1, 1, 1, 1]",28,14,14,15,5,10,1.0538080750492778,1.0299388881489515,1.0060362173038229,14,1.0538080750492778,1.0,1.2070828920065126
Bundesliga,2017,Werder Bremen,"[0, 0, 0, 0, 0, 0, 1, 0, 1, 1, 0, 0, 1, 1, 0, 1, 1, 1, 1, 0, 0, 1]",22,11,11,10,3,7,1.069266851226219,1.0453516251747186,1.016260162601626,3,1.7605820105820111,3.0,3.0767271845591595
Bundesliga,2017,Wolfsburg,"[0, 1, 0, 1, 0, 1, 0, 0, 1, 0, 0, 0, 0, 0, 1, 0, 0, 0, 1]",19,10,9,6,4,2,2.3731218122472084,4.935988133173971,2.610966057441253,9,2.3731218122472084,9.0,4.935988133173971
Bundesliga,2018,Augsburg,"[1, 0, 0, 1, 0, 1, 0, 0, 0, 0, 0, 0, 0, 1, 0, 0, 0, 1, 1, 0, 0, 1, 1, 0, 0, 0]",26,13,13,8,3,5,1.221969926728363,1.2464289390402543,1.095290251916758,3,3.013717421124829,3.0,9.109137878938466
Bundesliga,2018,Bayern Munich,"[1, 1, 1, 1, 0, 0, 1, 1, 0, 1, 1, 1, 1, 1, 1, 1, 0, 1, 1, 1, 1, 1, 1, 1, 1, 1, 1, 1]",28,14,14,24,11,13,1.1306376598772283,1.1628496587572033,1.0395010395010396,12,1.1866159225096262,1.0,1.5124022433416167
Bundesliga,2018,Dortmund,"[1, 1, 1, 1, 1, 1, 1, 1, 1, 1, 1, 1, 0, 1, 1, 1, 1, 0, 1, 1, 1, 0, 1, 1, 0, 1, 1]",27,14,13,23,13,10,3.322170236780853,8.189681645445557,4.048582995951417,10,5.713705810829916,10.0,22.606353198502333
Bundesliga,2018,Ein Frankfurt,"[1, 0, 0, 0, 1, 1, 1, 1, 1, 1, 0, 0, 1, 0, 1, 1, 1, 1, 1, 1, 1, 0, 0, 0, 0]",25,13,12,15,8,7,1.7799238820934309,2.298375589859719,1.718213058419244,4,39.06249999999999,4.0,265.73428773130433
Bundesliga,2018,Fortuna Dusseldorf,"[0, 1, 0, 0, 0, 0, 0, 0, 1, 0, 0, 1, 1, 1, 1, 0, 1, 0, 1, 1, 0, 0, 1, 1, 0, 0, 1, 0, 1]",29,15,14,13,6,7,1.34114775695508,1.4168712447854608,1.1961722488038278,5,1.677027708080417,5.0,2.4648332103038153
Bundesliga,2018,Freiburg,"[0, 0, 1, 1, 0, 1, 0, 0, 1, 0, 1, 0, 0, 1, 0, 1, 0, 0, 0, 0, 0, 1]",22,11,11,8,5,3,2.57516125718696,5.327662064543003,3.048780487804878,6,3.400198074151132,6.0,8.348658302725285
Bundesliga,2018,Hannover,"[0, 0, 0, 0, 1, 0, 0, 1, 0, 0, 0, 0, 0, 0, 0, 1, 0, 0, 0, 0, 0, 0, 0, 0, 1, 0, 1, 0]",28,14,14,5,2,3,1.2996425339950777,1.4510683163945035,1.172332942555686,12,1.575034343285906,1.0,3.1499848814070925
Bundesliga,2018,Hertha,"[1, 1, 1, 0, 1, 0, 0, 1, 1, 0, 0, 1, 0, 1, 0, 1, 0, 0, 0, 0, 0, 1, 1, 0]",24,12,12,11,7,4,3.5190661753505195,9.129735089970106,4.975124378109452,8,4.851092643958967,8.0,13.559193345420592
Bundesliga,2018,Hoffenheim,"[0, 1, 0, 1, 0, 0, 1, 1, 1, 1, 0, 1, 1, 0, 1, 1, 1, 1, 1, 0, 0, 0]",22,11,11,13,6,7,1.379687590591288,1.497631278940987,1.25,3,14.606310013717424,3.0,79.70751669148252
Bundesliga,2018,Leverkusen,"[0, 0, 0, 1, 1, 0, 1, 0, 0, 1, 1, 0, 1, 1, 0, 1, 1, 1, 1, 0, 1, 1, 0, 0, 0, 1, 1, 1, 1, 1]",30,15,15,18,7,11,1.099507522490159,1.0729827456147285,1.026694045174538,8,1.4606953751346174,8.0,1.7639027447463966
Bundesliga,2018,MGladbach,"[1, 1, 0, 1, 1, 1, 0, 1, 1, 1, 0, 1, 1, 0, 1, 1, 1, 0, 0, 0, 1, 0, 1, 0, 0, 1, 0]",27,14,13,16,10,6,4.062430395933416,11.006613112651944,5.291005291005291,10,16.536168366549738,10.0,113.40234437661944
Bundesliga,2018,Mainz,"[1, 1, 0, 0, 0, 0, 1, 1, 0, 1, 0, 1, 1, 0, 0, 0, 1, 0, 0, 0, 0, 1, 0, 1, 0, 1, 1]",27,14,13,12,7,5,2.2576231382650804,3.659049460573796,2.197802197802198,13,2.2576231382650804,13.0,3.659049460573796
Bundesliga,2018,Nurnberg,"[0, 1, 0, 1, 0, 0, 0, 0, 0, 0, 0, 0, 0, 0, 0, 0, 0, 0, 0, 1, 0, 0, 0, 0]",24,12,12,3,2,1,1.8291436040384508,3.7237431069311233,2.1141649048625792,12,1.8291436040384508,4.0,4.906459000638235
Bundesliga,2018,RB Leipzig,"[0, 1, 1, 1, 1, 1, 1, 0, 1, 0, 1, 0, 1, 0, 1, 1, 1, 1, 1, 1, 1, 1, 1, 1, 0]",25,13,12,19,9,10,1.2163212555531946,1.2574294753184234,1.088139281828074,1,4.166666666666667,1.0,28.844009506756215
Bundesliga,2018,Schalke 04,"[0, 0, 0, 0, 0, 1, 1, 0, 1, 0, 1, 0, 0, 1, 1, 0, 0, 0, 0, 0, 0, 1, 0, 0, 1]",25,13,12,8,4,4,1.4942436441850095,1.8030797910643035,1.447178002894356,10,3.018605750235853,10.0,6.811489283920723
Bundesliga,2018,Stuttgart,"[0, 0, 0, 1, 0, 0, 0, 0, 1, 0, 1, 0, 1, 0, 0, 0, 0, 0, 0, 1, 0, 0, 0, 0, 1, 0, 1]",27,14,13,7,4,3,1.8076228848441556,2.685338722840389,1.890359168241966,13,1.8076228848441553,13.0,2.685338722840389
Bundesliga,2018,Werder Bremen,"[1, 1, 1, 0, 1, 1, 0, 0, 0, 0, 1, 0, 0, 1, 1, 1, 1, 1, 1, 0, 0, 1, 1]",23,12,11,14,6,8,1.1506266149142663,1.1524644288201953,1.0660980810234542,4,1.9618552870493056,4.0,3.2047512286401254
Bundesliga,2018,Wolfsburg,"[1, 1, 0, 0, 0, 1, 0, 0, 1, 1, 1, 1, 1, 0, 0, 1, 1, 1, 0, 1, 0, 1, 0, 1, 1, 0, 1]",27,14,13,16,8,8,1.4988137311976597,1.6896655883305112,1.3831258644536653,9,1.865995191055988,2.0,2.5581532066133312
Bundesliga,2019,Augsburg,"[0, 0, 1, 0, 0, 0, 1, 1, 1, 1, 1, 0, 0, 0, 1, 0, 0, 0, 0, 0, 1, 0, 1, 0, 0]",25,13,12,9,6,3,3.123826759304197,7.381478532763724,4.484304932735426,10,4.157360137147187,10.0,11.522850299600433
Bundesliga,2019,Bayern Munich,"[1, 1, 1, 1, 0, 1, 0, 1, 1, 0, 0, 1, 1, 1, 1, 1, 1, 1, 1, 1, 1, 1, 1, 1, 1, 1, 1, 1, 1, 1]",30,15,15,26,11,15,1.0,1.0160982418428164,1.0,1,1.0,1.0,1.5266466989633094
Bundesliga,2019,Dortmund,"[1, 1, 0, 1, 1, 1, 0, 1, 1, 1, 0, 1, 1, 1, 0, 1, 1, 1, 1, 1, 1, 0, 1, 1, 1, 0, 1, 0]",28,14,14,21,11,10,2.0891654144095986,3.0187741327422097,2.061855670103093,3,6.4,1.0,25.720198863182127
Bundesliga,2019,Ein Frankfurt,"[1, 0, 1, 0, 1, 1, 0, 1, 0, 0, 0, 0, 0, 0, 1, 1, 1, 0, 0, 0, 0, 0, 1, 1, 0, 1, 1, 1]",28,14,14,13,5,8,1.1655130865903642,1.1465412140302207,1.0604453870625663,11,1.6782392554794787,11.0,2.1419066601491514
Bundesliga,2019,FC Koln,"[0, 0, 1, 0, 0, 0, 1, 0, 0, 0, 0, 0, 1, 1, 1, 1, 0, 1, 0, 1, 1, 1, 0, 0, 0, 0, 0, 0]",28,14,14,10,4,6,1.2490699517070094,1.2740660657418257,1.152073732718894,6,14.168150368526337,6.0,50.72816137575775
Bundesliga,2019,Fortuna Dusseldorf,"[1, 0, 0, 0, 0, 0, 1, 0, 1, 0, 0, 0, 0, 1, 0, 0, 0, 1, 1, 0, 0, 0]",22,11,11,6,3,3,1.540529103817548,2.0,1.422475106685633,3,2.599609375,3.0,7.882298541762865
Bundesliga,2019,Freiburg,"[1, 1, 0, 1, 1, 0, 1, 1, 0, 1, 0, 0, 1, 0, 0, 1, 0, 0, 1, 0, 0, 1, 1, 0, 1]",25,13,12,13,8,5,2.991423634697006,6.241756210562176,3.703703703703704,12,2.991423634697006,12.0,6.241756210562176
Bundesliga,2019,Hertha,"[0, 0, 0, 1, 1, 1, 0, 0, 0, 0, 0, 1, 1, 0, 1, 0, 1, 0, 1, 1, 1, 0, 0, 0, 1, 0]",26,13,13,11,5,6,1.398057804285396,1.5283489660964469,1.2738853503184713,5,3.352769241622576,5.0,7.655423803786432
Bundesliga,2019,Hoffenheim,"[0, 1, 0, 0, 1, 1, 1, 1, 1, 0, 0, 0, 1, 1, 0, 1, 1, 0, 0, 0, 0, 1, 1, 0, 1, 1, 1]",27,14,13,15,8,7,1.795150764623751,2.316851763863742,1.6722408026755853,10,2.0783818656148374,10.0,3.0491965448899645
Bundesliga,2019,Leverkusen,"[1, 1, 0, 1, 1, 0, 0, 1, 1, 1, 0, 0, 1, 1, 1, 0, 1, 1, 1, 1, 1, 1, 0, 1, 0, 1, 0, 1]",28,14,14,19,9,10,1.4142084474522654,1.5217617602932303,1.277139208173691,6,3.374698657296707,6.0,6.880204767400004
Bundesliga,2019,MGladbach,"[1, 0, 1, 1, 1, 1, 0, 1, 1, 1, 0, 1, 1, 0, 1, 0, 1, 1, 1, 0, 1, 1, 0, 1, 0, 0, 1, 1, 1]",29,15,14,20,11,9,2.223744144141939,3.340558766918102,2.2831050228310503,7,2.6560024685288757,7.0,4.570501810522834
Bundesliga,2019,Mainz,"[0, 0, 0, 1, 0, 0, 1, 0, 1, 0, 0, 1, 1, 0, 0, 1, 0, 0, 0, 0, 1, 0, 1, 0, 0, 1, 0, 1, 1, 0]",30,15,15,11,5,6,1.4100571929439547,1.5441465800036185,1.2987012987012987,14,1.696204743475391,1.0,4.555872959522993
Bundesliga,2019,Paderborn,"[0, 0, 0, 0, 0, 0, 0, 1, 0, 0, 0, 1, 0, 1, 0, 1, 0, 0, 0, 0, 0, 0, 0, 0, 0, 0]",26,13,13,4,2,2,1.4764377908951485,2.0,1.4265335235378032,10,5.315041642325776,10.0,23.35455933344449
Bundesliga,2019,RB Leipzig,"[1, 1, 1, 1, 0, 0, 1, 1, 1, 1, 1, 1, 1, 1, 0, 1, 1, 1, 1, 1, 0, 1]",22,11,11,18,9,9,1.6099169986096316,2.0,1.4684287812041117,2,3.0250000000000004,2.0,9.045710816935596
Bundesliga,2019,Schalke 04,"[0, 1, 1, 1, 1, 0, 1, 1, 1, 0, 1, 1, 0, 0, 0, 0, 0, 0, 0, 0, 0, 0]",22,11,11,9,8,1,37.84407925256454,832.5910295065453,259.0673575129534,10,192.66076710396493,10.0,5447.17399016054
Bundesliga,2019,Union Berlin,"[0, 1, 0, 0, 0, 0, 1, 0, 1, 1, 1, 0, 1, 0, 0, 0, 1, 0, 1, 0, 1, 0, 0, 0, 0, 1, 1, 0, 1]",29,15,14,12,6,6,1.5298926367629486,1.7792767844805109,1.3831258644536653,8,1.7796810944798747,8.0,2.5205594354791065
Bundesliga,2019,Werder Bremen,"[0, 0, 1, 1, 0, 0, 0, 1, 0, 0, 0, 0, 1, 0, 0, 0, 0, 0, 0, 1, 1, 0, 0, 1, 0, 0, 1]",27,14,13,8,4,4,1.5028513556869714,1.819094957669333,1.455604075691412,13,1.5028513556869714,13.0,1.819094957669333
Bundesliga,2019,Wolfsburg,"[1, 1, 1, 1, 0, 0, 1, 0, 0, 1, 0, 0, 0, 1, 1, 1, 1, 0, 1, 0, 1, 0, 1, 0]",24,12,12,13,6,7,1.396972501074074,1.5175032530974255,1.277139208173691,7,2.442094932208204,1.0,7.496664664632576
Bundesliga,2020,Augsburg,"[1, 1, 0, 0, 1, 0, 0, 1, 0, 1, 0, 0, 0, 1, 0, 0, 0, 1, 0, 1, 0, 1, 0, 0, 0, 0, 1, 0]",28,14,14,10,6,4,2.4956263855575216,4.648755263783786,3.0120481927710845,6,3.269573161967616,6.0,7.353484322393773
Bundesliga,2020,Bayern Munich,"[1, 0, 1, 1, 1, 1, 1, 1, 1, 1, 1, 0, 1, 1, 1, 1, 1, 0, 1, 1, 1, 1, 1, 1, 1, 0, 1, 1]",28,14,14,24,12,12,1.6263983744239263,2.0,1.440922190201729,3,2.7007874015748023,3.0,6.281637300110928
Bundesliga,2020,Bielefeld,"[1, 0, 0, 0, 0, 0, 0, 0, 1, 0, 0, 1, 0, 1, 1, 0, 0, 0, 0, 0, 1, 0, 1, 1, 0, 1]",26,13,13,9,3,6,1.1404595918962377,1.1212023997753855,1.058201058201058,11,1.4742234853976948,11.0,1.7738643768289712
Bundesliga,2020,Dortmund,"[1, 0, 1, 1, 1, 1, 0, 1, 0, 0, 1, 0, 1, 1, 0, 0, 1, 0, 1, 1, 0, 1, 0, 1, 1, 1, 1, 1, 1, 1]",30,15,15,20,9,11,1.2646065024762174,1.2808837286823989,1.135073779795687,15,1.2646065024762174,1.0,1.3089183491170198
Bundesliga,2020,Ein Frankfurt,"[1, 1, 0, 0, 1, 1, 1, 1, 1, 1, 1, 1, 1, 0, 1, 1, 1, 0, 1, 0, 0, 1]",22,11,11,16,9,7,2.850039143012628,5.911008789214102,3.048780487804878,5,7.756634397726727,5.0,32.474270135599966
Bundesliga,2020,FC Koln,"[0, 0, 0, 0, 0, 1, 1, 0, 0, 0, 1, 0, 1, 1, 0, 0, 0, 0, 0, 0, 0, 1, 1, 0, 1]",25,13,12,8,4,4,1.4942436441850095,1.8030797910643035,1.394700139470014,11,1.9567837636072163,11.0,3.0612433011877207
Bundesliga,2020,Freiburg,"[1, 0, 0, 0, 0, 1, 1, 1, 1, 1, 0, 1, 0, 1, 0, 1, 0, 0, 1, 0, 0, 1, 0, 1, 0]",25,13,12,12,7,5,2.261000651366145,3.686354390433831,2.3529411764705883,9,3.392009741623765,9.0,7.381478532763718
Bundesliga,2020,Hertha,"[1, 0, 0, 0, 0, 1, 0, 1, 0, 1, 0, 0, 0, 0, 0, 0, 0, 1, 0, 1, 1, 1, 0]",23,12,11,8,4,4,1.4837210236050076,1.7838897422229418,1.366120218579235,1,1.5333333333333332,1.0,4.393299998342071
Bundesliga,2020,Hoffenheim,"[1, 1, 0, 0, 0, 0, 1, 0, 0, 1, 0, 0, 1, 1, 0, 0, 1, 1, 0, 0, 0, 1, 1, 1]",24,12,12,11,4,7,1.1407915843460017,1.123005238046899,1.0362694300518134,10,1.3880620583800158,6.0,1.6849559403488044
Bundesliga,2020,Leverkusen,"[1, 1, 1, 1, 1, 1, 1, 1, 0, 0, 0, 1, 0, 0, 1, 0, 1, 0, 0, 1, 1, 0, 1, 0]",24,12,12,14,9,5,5.283616548119264,20.472933077115467,9.324878776575904,12,5.283616548119264,12.0,20.472933077115467
Bundesliga,2020,MGladbach,"[0, 1, 1, 1, 0, 1, 0, 1, 1, 1, 1, 0, 0, 0, 0, 0, 1, 1, 1, 0, 1, 0, 0, 1]",24,12,12,13,8,5,3.567255163229085,9.129735089970096,4.201680672268908,12,3.567255163229085,12.0,9.129735089970096
Bundesliga,2020,Mainz,"[0, 0, 0, 0, 0, 0, 1, 0, 0, 0, 0, 0, 0, 1, 0, 1, 1, 0, 1, 1, 1, 1, 1, 0, 1]",25,13,12,10,1,9,1.0028181030672485,1.0002996277799925,1.0,2,1.1904761904761905,2.0,1.6173920939084285
Bundesliga,2020,RB Leipzig,"[1, 1, 1, 1, 0, 1, 1, 1, 1, 1, 0, 1, 0, 1, 1, 1, 1, 1, 1, 1, 0, 1, 0, 1, 0, 0]",26,13,13,19,10,9,2.0832218290208626,3.0377264526688816,1.9120458891013383,6,20.54635863822842,6.0,162.14807249399868
Bundesliga,2020,Schalke 04,"[0, 0, 0, 0, 0, 0, 0, 0, 0, 0, 1, 0, 0, 0, 0, 0, 0, 0, 0, 0, 1, 0, 0, 0, 0, 1, 0]",27,14,13,3,1,2,1.2028948310805243,1.3297402047654594,1.1185682326621924,13,1.2028948310805243,1.0,2.7830674866696117
Bundesliga,2020,Stuttgart,"[0, 1, 1, 0, 1, 1, 0, 0, 1, 0, 0, 1, 0, 1, 1, 1, 0, 1, 0, 0, 0, 0, 1, 1, 0]",25,13,12,12,6,6,1.502153325177417,1.7353597143161648,1.45985401459854,7,3.836299214746098,7.0,8.877048632583316
Bundesliga,2020,Union Berlin,"[0, 1, 1, 1, 1, 0, 1, 1, 1, 0, 0, 0, 1, 1, 0, 1, 0, 1, 0, 1]",20,10,10,12,7,5,2.725562493301657,5.535406238226222,2.949852507374631,10,2.725562493301657,10.0,5.535406238226222
Bundesliga,2020,Werder Bremen,"[0, 1, 1, 0, 0, 0, 0, 1, 0, 1, 0, 1, 0, 1, 1, 0, 0, 0, 0, 0, 0, 0, 0, 0]",24,12,12,7,5,2,3.658918706026657,11.242616411505429,4.926108374384237,9,22.27721431786355,9.0,134.3164267638972
Bundesliga,2020,Wolfsburg,"[1, 1, 1, 1, 1, 0, 1, 0, 1, 1, 1, 1, 1, 1, 0, 1, 1, 1, 0, 0, 1, 0, 1, 0]",24,12,12,17,10,7,3.926974971135148,11.242616411505429,5.780346820809249,6,15.612608124410048,6.0,101.93593047878701
Bundesliga,2021,Augsburg,"[0, 0, 1, 0, 0, 0, 1, 0, 1, 0, 1, 0, 0, 1, 0, 0, 1, 0, 1, 1, 0, 0, 1, 0, 0, 1]",26,13,13,10,4,6,1.2421188280651394,1.2659130648831014,1.122334455667789,6,1.7355230721879598,6.0,2.602613376778135
Bundesliga,2021,Bayern Munich,"[1, 1, 1, 1, 1, 0, 1, 1, 1, 1, 0, 1, 1, 1, 1, 1, 0, 1, 1, 1, 0, 1, 1, 1, 1, 1, 1, 1, 0]",29,15,14,24,13,11,2.2527862547980755,3.5451928949507465,2.237136465324385,1,5.8,1.0,77.61156609243126
Bundesliga,2021,Bielefeld,"[0, 0, 0, 0, 0, 1, 0, 0, 1, 1, 1, 0, 1, 0, 0, 0, 0, 0, 0, 0, 0]",21,11,10,5,4,1,3.6776396062731793,12.772883833285094,5.58659217877095,8,8.806320689851422,8.0,44.96974272160619
Bundesliga,2021,Bochum,"[0, 1, 0, 0, 0, 0, 1, 1, 0, 1, 0, 1, 1, 0, 0, 1, 0, 1, 0, 1, 0, 0, 1, 0, 0, 1, 1, 0]",28,14,14,12,6,6,1.6379481654980252,2.0,1.524390243902439,8,1.8967953088148592,1.0,5.293503080847413
Bundesliga,2021,Dortmund,"[1, 0, 1, 1, 1, 0, 1, 1, 1, 1, 0, 1, 1, 0, 1, 0, 1, 1, 1, 0, 1, 1, 1, 1, 0, 1, 1, 0, 0, 1, 1]",31,16,15,22,11,11,1.4833409599852136,1.6376604709033058,1.3297872340425532,7,3.0203789122190052,4.0,6.207276466863244
Bundesliga,2021,Ein Frankfurt,"[0, 1, 0, 0, 1, 1, 1, 0, 1, 1, 1, 0, 0, 1, 0, 0, 0, 1, 1, 0, 0, 0]",22,11,11,10,7,3,5.467065821916066,23.049926461234183,10.063399416322834,3,6.162037037037039,11.0,23.049926461234183
Bundesliga,2021,FC Koln,"[1, 0, 1, 1, 0, 0, 1, 0, 1, 1, 1, 0, 1, 0, 1, 0, 1, 0, 1, 1, 1, 1, 0, 0]",24,12,12,14,7,7,1.643725067944255,2.0,1.51285930408472,2,5.760000000000002,2.0,24.841165605592753
Bundesliga,2021,Freiburg,"[1, 1, 1, 1, 1, 1, 0, 0, 0, 1, 0, 1, 0, 1, 0, 1, 1, 1, 0, 1, 1, 1, 0, 0]",24,12,12,15,8,7,2.041997230671358,2.9704882894736944,1.996007984031936,2,7.111111111111111,2.0,35.37927107764499
Bundesliga,2021,Greuther Furth,"[0, 0, 0, 0, 0, 0, 0, 0, 0, 0, 0, 0, 0, 1, 0, 1, 0, 1, 0, 0, 0, 0, 0, 0, 0]",25,13,12,3,0,3,1.048671638251262,1.0280848614195104,1.0,7,2.4469285880599343,7.0,8.014061341972463
Bundesliga,2021,Hertha,"[0, 0, 0, 1, 1, 0, 0, 1, 1, 0, 0, 1, 0, 1, 0, 0, 0, 0, 0, 0, 0, 1, 0, 0, 1, 1, 0, 0]",28,14,14,9,6,3,3.414243374684537,8.898170404005489,4.901960784313726,14,3.414243374684537,14.0,8.898170404005489
Bundesliga,2021,Hoffenheim,"[1, 0, 0, 1, 0, 1, 0, 1, 0, 1, 1, 1, 1, 1, 0, 0, 0, 1, 1, 1, 1, 0, 0, 0, 0, 0, 0]",27,14,13,13,9,4,6.071891208297265,24.51456861068925,11.307100859339664,6,51.45343471363967,6.0,268.775241991446
Bundesliga,2021,Leverkusen,"[1, 1, 0, 1, 1, 1, 0, 0, 1, 1, 1, 0, 0, 1, 1, 1, 1, 0, 1, 0, 1, 1, 0, 1, 1, 1, 1]",27,14,13,19,9,10,1.2668993463503269,1.3092630452820977,1.150747986191024,10,1.6467023835697274,10.0,2.0529390468186723
Bundesliga,2021,MGladbach,"[0, 0, 1, 0, 1, 1, 0, 1, 1, 0, 0, 0, 0, 1, 0, 0, 1, 0, 0, 1, 1, 1, 0, 1, 1]",25,13,12,12,5,7,1.1869577653597851,1.190775755267861,1.106194690265487,11,1.300674164618629,11.0,1.3903095941809698
Bundesliga,2021,Mainz,"[1, 0, 1, 1, 0, 0, 0, 1, 1, 0, 1, 0, 1, 0, 0, 1, 0, 1, 1, 0, 0, 1, 0, 0, 0, 1, 1]",27,14,13,13,7,6,1.8045361146662608,2.376436250286031,1.706484641638225,8,2.4722880244030665,8.0,4.233493348963952
Bundesliga,2021,RB Leipzig,"[0, 1, 0, 0, 1, 1, 1, 1, 0, 0, 0, 1, 0, 1, 1, 1, 0, 1, 1, 1, 1, 1, 1, 1, 0, 0, 1]",27,14,13,17,7,10,1.0954068871666387,1.0797723095043374,1.020408163265306,3,3.2267213114754107,3.0,7.702488119130086
Bundesliga,2021,Stuttgart,"[1, 0, 0, 0, 1, 0, 0, 0, 1, 1, 0, 0, 0, 0, 0, 0, 0, 1, 1, 0, 0, 1]",22,11,11,7,4,3,1.9367303716156412,3.0905171041813846,2.0120724346076457,11,1.9367303716156414,11.0,3.0905171041813846
Bundesliga,2021,Union Berlin,"[1, 0, 1, 1, 1, 0, 1, 0, 1, 0, 1, 1, 1, 0, 0, 0, 1, 0, 0, 1, 1, 1, 1, 1, 1]",25,13,12,16,9,7,2.2428629049510174,3.5048840568790505,2.155172413793104,12,2.2428629049510174,12.0,3.5048840568790505
Bundesliga,2021,Wolfsburg,"[1, 1, 1, 1, 0, 0, 0, 0, 1, 1, 0, 0, 0, 0, 0, 0, 0, 1, 1, 0, 1, 0, 0, 0, 1, 0, 1, 1]",28,14,14,12,6,6,1.6379481654980252,2.0,1.5360983102918586,14,1.6379481654980252,7.0,2.0
Bundesliga,2022,Augsburg,"[0, 1, 0, 0, 0, 1, 1, 1, 0, 0, 0, 0, 0, 1, 0, 1, 0, 1, 0, 1, 0, 0, 0, 1, 0, 0, 0]",27,14,13,9,5,4,1.8114671956806268,2.5466317660905053,1.8148820326678765,7,3.7968749999999973,3.0,10.31295421260518
Bundesliga,2022,Bayern Munich,"[1, 1, 1, 0, 1, 1, 1, 1, 1, 1, 1, 1, 1, 0, 1, 1, 1, 0, 1, 1, 0, 1, 1, 1, 0, 1]",26,13,13,21,12,9,4.358980661132917,14.76242900266488,6.024096385542169,13,4.358980661132917,13.0,14.76242900266488
Bundesliga,2022,Bochum,"[0, 0, 0, 0, 0, 0, 0, 1, 0, 1, 0, 0, 1, 1, 1, 0, 0, 1, 0, 0, 0, 0, 1, 1, 0, 0, 0, 1, 1]",29,15,14,10,5,5,1.5243442158298035,1.8063123857418013,1.4771048744460855,14,1.5243442158298037,14.0,1.8063123857418013
Bundesliga,2022,Dortmund,"[1, 1, 0, 1, 1, 0, 1, 0, 0, 1, 1, 1, 0, 0, 1, 1, 1, 1, 1, 1, 1, 1, 1, 0, 1, 1, 1, 1, 1]",29,15,14,22,9,13,1.0213561402897722,1.0197874604144903,1.0060362173038229,6,1.2354999569970233,6.0,1.4609942663094473
Bundesliga,2022,Ein Frankfurt,"[0, 1, 1, 0, 1, 1, 0, 1, 1, 0, 1, 1, 1, 1, 0, 1, 0, 0, 0, 0, 0, 1, 1]",23,12,11,13,8,5,3.045442276422052,6.550520181328769,3.703703703703704,7,7.468360269796005,9.0,27.74962338581592
Bundesliga,2022,FC Koln,"[1, 1, 0, 1, 0, 1, 0, 0, 0, 0, 1, 1, 0, 0, 0, 0, 1, 1, 0, 1, 1, 0]",22,11,11,10,5,5,1.6093503924934975,2.0,1.531393568147014,10,2.0300790416043877,1.0,5.712298839569254
Bundesliga,2022,Freiburg,"[1, 0, 1, 1, 1, 1, 0, 1, 1, 1, 0, 1, 0, 1, 0, 1, 1, 1, 0, 1, 1, 1, 0, 0, 1, 0]",26,13,13,17,9,8,2.050675732872643,2.940441787201651,1.876172607879925,4,8.14095095576577,4.0,30.796089889861694
Bundesliga,2022,Hertha,"[0, 0, 0, 1, 0, 1, 0, 0, 0, 1, 0, 0, 0, 0, 1, 0, 1, 0, 0, 0, 0, 0, 0, 1, 0, 1]",26,13,13,7,3,4,1.345455675609176,1.490743003650105,1.2422360248447204,9,1.828459296667493,9.0,2.881115501523021
Bundesliga,2022,Hoffenheim,"[0, 1, 1, 1, 0, 1, 0, 1, 0, 0, 0, 0, 0, 0, 0, 0, 0, 0, 0, 0, 1, 1, 1, 0, 0, 1, 0, 1]",28,14,14,10,5,5,1.6159647757861433,2.0,1.5015015015015014,14,1.6159647757861433,14.0,2.0
Bundesliga,2022,Leverkusen,"[0, 0, 0, 1, 0, 0, 1, 0, 0, 1, 1, 1, 1, 1, 0, 0, 1, 0, 1, 1, 1, 1, 1, 1, 0, 0]",26,13,13,14,6,8,1.255166117708699,1.275023464644205,1.1534025374855823,2,4.694444444444444,2.0,17.87986821233503
Bundesliga,2022,MGladbach,"[1, 1, 0, 1, 0, 1, 0, 0, 1, 0, 1, 0, 0, 1, 0, 1, 0, 0, 1, 0, 0, 1, 0, 1]",24,12,12,11,6,5,1.9867909498578888,2.932355002629788,1.919385796545105,8,2.1855290105364906,8.0,3.5565507247363226
Bundesliga,2022,Mainz,"[1, 1, 0, 1, 0, 0, 1, 1, 0, 0, 0, 0, 1, 0, 1, 1, 1, 1, 1, 1, 0, 0, 0, 0]",24,12,12,12,5,7,1.2404603270745005,1.261205955414189,1.1337868480725624,4,16.0,4.0,70.27471848672573
Bundesliga,2022,RB Leipzig,"[0, 1, 0, 1, 0, 1, 1, 1, 1, 1, 1, 1, 1, 0, 1, 1, 0, 1, 0, 0, 1, 1, 0, 1, 1, 1, 1, 1]",28,14,14,20,10,10,1.6668659918797977,2.0,1.485884101040119,12,2.159446240425597,12.0,3.179331032551912
Bundesliga,2022,Schalke 04,"[0, 0, 1, 0, 0, 0, 0, 0, 0, 0, 1, 0, 0, 0, 1, 1, 0, 0, 1, 0, 1, 1, 0, 0]",24,12,12,7,2,5,1.117426261154859,1.097631304329303,1.027749229188078,2,1.9930795847750868,2.0,5.827297974429022
Bundesliga,2022,Stuttgart,"[0, 0, 0, 0, 1, 0, 1, 0, 1, 0, 0, 0, 0, 1, 0, 0, 0, 0, 1, 1, 0, 1]",22,11,11,7,3,4,1.3368665744895294,1.4783505468574414,1.2048192771084338,11,1.3368665744895294,8.0,1.4985341839846156
Bundesliga,2022,Union Berlin,"[1, 1, 1, 1, 1, 0, 1, 1, 0, 1, 0, 0, 1, 1, 1, 1, 1, 0, 1, 1, 0, 1, 0, 1, 0, 1]",26,13,13,18,9,9,1.6581246534155312,2.0,1.51285930408472,6,3.702812776168499,6.0,8.178252762870715
Bundesliga,2022,Werder Bremen,"[1, 0, 1, 0, 1, 1, 0, 0, 1, 1, 0, 0, 0, 0, 1, 1, 0, 0, 1, 0, 0, 0, 0, 1, 0, 0, 0, 0]",28,14,14,10,6,4,2.4956263855575216,4.648755263783786,2.9239766081871346,9,8.888295521544643,9.0,32.527236513122524
Bundesliga,2022,Wolfsburg,"[0, 0, 0, 1, 0, 1, 1, 1, 1, 1, 1, 1, 0, 0, 0, 1, 1, 0, 1, 1, 0, 1, 0, 0]",24,12,12,13,8,5,3.567255163229085,9.129735089970096,5.025125628140704,2,4.760330578512396,2.0,18.463227856673292
Bundesliga,2023,Augsburg,"[0, 0, 1, 0, 0, 1, 1, 1, 0, 0, 0, 1, 0, 0, 1, 1, 1, 1, 0, 1, 0, 0, 0, 0, 0]",25,13,12,10,5,5,1.503287936727688,1.770193161216196,1.392757660167131,5,12.860082304526752,5.0,48.51209365617496
Bundesliga,2023,Bayern Munich,"[1, 1, 1, 1, 1, 1, 1, 1, 1, 1, 0, 1, 1, 1, 0, 1, 1, 1, 0, 0, 1, 1, 1, 0, 0, 1, 1, 1, 0, 1, 0]",31,16,15,23,14,9,5.9990911038878485,24.892212448695425,10.969723562966212,13,10.928476871611215,13.0,71.97592664880798
Bundesliga,2023,Bochum,"[0, 0, 0, 0, 1, 1, 0, 1, 0, 1, 0, 1, 0, 0, 0, 0, 0, 0, 1, 1, 0, 0]",22,11,11,7,4,3,1.9367303716156412,3.0905171041813846,2.1367521367521367,10,2.977950618424677,10.0,7.212629638059255
Bundesliga,2023,Darmstadt,"[0, 0, 0, 0, 1, 1, 0, 0, 0, 0, 0, 0, 0, 0, 0, 0, 0, 0, 0, 0, 0, 1, 0, 0, 0, 0]",26,13,13,3,2,1,1.8261136463109904,3.7084108024514855,1.9880715705765408,13,1.8261136463109904,4.0,4.626274880347803
Bundesliga,2023,Dortmund,"[1, 1, 1, 1, 1, 1, 0, 0, 1, 0, 1, 1, 1, 1, 0, 1, 1, 1, 1, 0, 1, 0, 1, 0, 1]",25,13,12,18,10,8,2.246334201691869,3.519507458123208,2.320185614849188,6,4.554082010386838,6.0,11.862521398838219
Bundesliga,2023,Ein Frankfurt,"[1, 0, 1, 1, 1, 0, 0, 1, 0, 1, 1, 1, 0, 1, 1, 0, 0, 1, 0, 0]",20,10,10,11,6,5,2.0177749493992296,3.062341080606125,1.968503937007874,5,7.620789513793632,5.0,28.86249216271717
Bundesliga,2023,FC Koln,"[0, 0, 0, 0, 0, 0, 1, 0, 0, 1, 0, 0, 0, 1, 0, 0, 0, 1, 0, 0, 1, 0]",22,11,11,5,2,3,1.2924968664422043,1.4398117926016154,1.2019230769230769,8,1.362170847927383,1.0,3.455221307625478
Bundesliga,2023,Freiburg,"[1, 1, 0, 0, 1, 0, 1, 0, 0, 1, 1, 1, 0, 1, 0, 0, 0, 0, 1, 0, 1, 0, 1, 0, 0]",25,13,12,11,7,4,3.033829299860689,6.623806683184078,3.703703703703704,11,4.76214214481415,11.0,14.781457360412947
Bundesliga,2023,Heidenheim,"[0, 0, 1, 0, 1, 0, 0, 0, 1, 0, 0, 1, 1, 1, 1, 0, 0, 0, 1, 0, 1, 1]",22,11,11,10,3,7,1.069266851226219,1.0453516251747186,1.0131712259371837,7,1.6705252057041682,7.0,2.3061183493792594
Bundesliga,2023,Hoffenheim,"[0, 1, 1, 1, 1, 0, 1, 0, 1, 0, 0, 1, 0, 0, 0, 0, 1, 1, 0, 0, 0, 1, 0, 1, 0, 1, 1]",27,14,13,13,7,6,1.8045361146662608,2.376436250286031,1.7793594306049825,9,1.8332152931194916,9.0,2.546631766090506
Bundesliga,2023,Leverkusen,"[1, 1, 1, 1, 1, 1, 1, 1, 1, 1, 1, 1, 1, 1, 1, 1, 1, 1, 1, 1, 1, 1, 1, 1, 1, 1, 1, 1]",28,14,14,28,14,14,1.0,,1.0,1,1.0,,-inf
Bundesliga,2023,MGladbach,"[0, 0, 0, 1, 0, 1, 1, 0, 1, 0, 0, 1, 0, 0, 0, 1, 0, 1, 0, 0, 0]",21,11,10,7,4,3,1.7880632267441845,2.6407726868231305,1.7825311942959,3,3.374999999999999,3.0,10.759819018462423
Bundesliga,2023,Mainz,"[0, 0, 0, 0, 0, 0, 1, 0, 0, 0, 0, 0, 1, 0, 0, 1, 1, 1, 1, 1]",20,10,10,7,1,6,1.0267196399000071,1.0096300136722172,1.002004008016032,10,1.0267196399000071,1.0,1.0881755021026782
Bundesliga,2023,RB Leipzig,"[0, 1, 1, 1, 1, 1, 1, 0, 1, 0, 1, 1, 1, 0, 0, 0, 1, 1, 0, 1, 1, 1, 1, 1, 1, 1]",26,13,13,19,10,9,2.0832218290208626,3.0377264526688816,1.949317738791423,13,2.0832218290208626,13.0,3.0377264526688816
Bundesliga,2023,Stuttgart,"[1, 0, 1, 1, 1, 1, 1, 1, 0, 0, 1, 1, 1, 0, 1, 0, 0, 1, 1, 1, 1, 1, 1, 1, 1, 1, 0, 1, 1, 1]",30,15,15,23,11,12,1.3969282162711942,1.499232722321164,1.2468827930174564,4,1.5278435337323333,4.0,2.1446930683620735
Bundesliga,2023,Union Berlin,"[1, 1, 0, 0, 0, 0, 0, 0, 0, 0, 0, 1, 0, 1, 0, 1, 0, 1, 1, 0, 0, 1, 0, 0, 0, 0, 0, 1]",28,14,14,9,4,5,1.3819950543360615,1.5217617602932303,1.2936610608020698,6,2.665982677225704,6.0,5.558510274090181
Bundesliga,2023,Werder Bremen,"[0, 0, 1, 0, 1, 0, 0, 0, 1, 0, 0, 1, 1, 1, 1, 0, 1, 0, 0, 0, 0, 0, 1, 1, 1]",25,13,12,11,5,6,1.312366537696454,1.3903095941809698,1.207729468599034,8,1.9985448567152688,8.0,3.06124330118772
Bundesliga,2023,Wolfsburg,"[1, 1, 0, 1, 0, 1, 0, 0, 0, 0, 1, 0, 0, 1, 0, 0, 0, 0, 0, 1, 0, 0, 1, 1, 1, 0, 0]",27,14,13,10,6,4,2.2799905565484173,3.8777810582059935,2.4752475247524752,2,2.5224913494809686,2.0,7.702488119130086
Bundesliga,2024,Augsburg,"[0, 1, 0, 0, 1, 0, 1, 0, 1, 0, 0, 0, 1, 1, 1, 1, 1, 1, 0, 1, 0, 0, 0, 0]",24,12,12,11,4,7,1.1407915843460017,1.123005238046899,1.0548523206751057,4,11.616399985994882,4.0,45.588707385137575
Bundesliga,2024,Bayern Munich,"[1, 1, 1, 1, 1, 1, 1, 1, 1, 1, 0, 1, 1, 1, 1, 1, 1, 1, 1, 1, 0, 1, 1, 1, 1, 1, 1]",27,14,13,25,13,12,1.5815225649569464,2.0908247390999124,1.3623978201634876,7,2.4009050178551323,7.0,4.768154630858249
Bundesliga,2024,Bochum,"[0, 0, 0, 0, 0, 0, 0, 0, 0, 0, 0, 1, 0, 1, 0, 0, 1, 0, 1, 0, 0, 0, 0, 0, 0, 1]",26,13,13,5,1,4,1.0945174921125358,1.0726615919185754,1.020408163265306,7,1.6722824821969702,7.0,2.8662875519374675
Bundesliga,2024,Dortmund,"[1, 1, 0, 1, 0, 1, 0, 1, 0, 1, 1, 0, 0, 0, 1, 0, 0, 1, 1, 0, 0, 1, 1, 1, 1, 1, 1, 1]",28,14,14,17,7,10,1.1570622831436264,1.14005537587158,1.0695187165775402,13,1.2226579676181626,1.0,1.2599971591258554
Bundesliga,2024,Ein Frankfurt,"[0, 1, 1, 1, 1, 0, 1, 1, 1, 1, 0, 0, 1, 1, 1, 1, 0, 0, 0, 1, 1, 0, 1, 1, 1]",25,13,12,17,9,8,1.7603977362480616,2.2452062810280946,1.5923566878980893,9,3.151793251135868,9.0,6.306902051182038
Bundesliga,2024,Freiburg,"[1, 0, 1, 1, 0, 1, 1, 0, 0, 1, 1, 0, 1, 0, 0, 0, 1, 1, 1, 1, 0, 0, 1, 1, 1, 1, 0]",27,14,13,16,8,8,1.4988137311976597,1.6896655883305112,1.4005602240896358,1,2.454545454545454,1.0,9.129735089970106
Bundesliga,2024,Heidenheim,"[1, 1, 0, 0, 1, 0, 0, 0, 0, 0, 0, 0, 0, 0, 1, 0, 0, 0, 0, 0, 0, 1, 1, 0, 0, 0, 1, 1, 0]",29,15,14,8,4,4,1.510027862632342,1.8326720868116892,1.4144271570014144,14,1.510027862632342,1.0,3.774202355807512
Bundesliga,2024,Hoffenheim,"[1, 0, 0, 0, 0, 1, 0, 1, 0, 0, 0, 0, 1, 0, 0, 1, 1, 0, 0, 1, 0, 0, 0]",23,12,11,7,3,4,1.2820079862218985,1.3832121067883727,1.1750881316098707,3,2.9704589843750004,3.0,9.122652579775078
Bundesliga,2024,Holstein Kiel,"[0, 0, 0, 0, 0, 0, 1, 0, 0, 0, 0, 0, 1, 0, 1, 0, 0, 0, 0, 1, 0, 0, 0, 1, 1, 0, 0]",27,14,13,6,2,4,1.1651185618719728,1.1787545769411427,1.072961373390558,2,1.6530612244897958,2.0,4.6284403364297475
Bundesliga,2024,Leverkusen,"[1, 0, 1, 1, 1, 1, 1, 1, 1, 1, 1, 1, 1, 1, 1, 1, 0, 1, 1, 1, 1, 0]",22,11,11,19,10,9,2.200798553364097,3.7423183447116575,2.2123893805309733,1,7.333333333333334,1.0,200.00269836432855
Bundesliga,2024,M'gladbach,"[0, 0, 0, 1, 1, 1, 0, 1, 0, 1, 1, 0, 0, 0, 0, 0]",16,8,8,6,4,2,2.704639355163728,6.629110930717097,3.3783783783783785,5,10.48576,5.0,54.475345227740966
Bundesliga,2024,MGladbach,"[0, 1, 0, 0, 1, 0, 1, 1, 1, 0, 1, 1]",12,6,6,7,2,5,1.041016478200768,1.0411149729363274,1.0040160642570282,3,1.2476534296028883,3.0,1.5814235747350107
Bundesliga,2024,Mainz,"[0, 1, 0, 1, 0, 1, 1, 1, 0, 1, 1, 1, 0, 0, 1, 0, 1, 1, 1, 1, 0, 0, 0, 1]",24,12,12,14,8,6,2.6331808739613374,4.906459000638235,2.840909090909091,4,5.0269090909090925,4.0,14.437992855666637
Bundesliga,2024,RB Leipzig,"[1, 1, 1, 1, 1, 1, 0, 0, 0, 1, 1, 0, 1, 0, 1, 0, 1, 0, 1, 1, 0, 0]",22,11,11,13,8,5,3.746162999985622,10.346769726499527,5.555555555555555,2,5.975308641975309,2.0,26.79306394503013
Bundesliga,2024,St Pauli,"[0, 0, 0, 1, 0, 0, 1, 0, 0, 1, 0, 0, 1, 0, 0, 1, 1, 0, 0, 0, 0, 1, 0, 1, 0, 0]",26,13,13,8,4,4,1.584677267025257,2.0,1.497005988023952,9,2.2600788820452666,2.0,6.126672218998145
Bundesliga,2024,Stuttgart,"[0, 1, 1, 0, 1, 0, 1, 1, 1, 0, 1, 1, 1, 0, 0, 1, 0, 0, 0, 0, 1, 0, 0, 1, 1, 1]",26,13,13,14,9,5,4.952093938005713,17.303747393331143,8.415383320710259,13,4.952093938005713,13.0,17.303747393331143
Bundesliga,2024,Union Berlin,"[1, 1, 0, 1, 1, 0, 0, 0, 0, 0, 0, 0, 1, 0, 1, 0, 0, 0, 1, 1, 1, 0, 1]",23,12,11,10,4,6,1.174158679023041,1.1801632941294171,1.0905125408942202,8,1.3022360133000948,2.0,1.7325314097162479
Bundesliga,2024,Werder Bremen,"[1, 0, 1, 0, 1, 0, 1, 0, 1, 1, 1, 0, 0, 1, 0, 0, 0, 0, 1, 0, 1, 1, 1, 1, 1]",25,13,12,14,7,7,1.491683348287143,1.6968541310991798,1.3458950201884252,11,1.7349334128347507,11.0,2.230477026824394
Bundesliga,2024,Wolfsburg,"[0, 1, 0, 0, 1, 0, 1, 1, 1, 1, 0, 0, 1, 1, 0, 1, 1, 0, 0, 0, 0, 0, 0, 1]",24,12,12,11,6,5,1.9867909498578888,2.932355002629788,1.98019801980198,7,10.55786412928292,7.0,42.96725175319294
Premier_League,2000,Arsenal,"[0, 1, 1, 1, 1, 1, 1, 1, 1, 0, 0, 1, 1, 0, 1, 0, 1, 1, 1, 0, 1, 1, 1, 0, 1, 1, 1, 0]",28,14,14,20,10,10,1.6668659918797977,2.0,1.5552099533437014,1,3.5,1.0,18.628137309221955
Premier_League,2000,Aston Villa,"[0, 1, 1, 1, 0, 1, 1, 1, 0, 1, 0, 0, 0, 0, 0, 1, 0, 1, 1, 1, 1, 1, 0]",23,12,11,13,7,6,1.7780854752345217,2.339846425731408,1.6891891891891893,1,2.3,1.0,8.206976766054964
Premier_League,2000,Bradford,"[0, 1, 0, 0, 0, 0, 0, 0, 0, 0, 1, 0, 0, 0, 1, 0, 0, 0, 0, 0, 0, 0, 1, 1, 0, 0, 0]",27,14,13,5,2,3,1.26353190974014,1.3858205225840643,1.1933174224343674,3,1.8485161532682188,3.0,5.24751726439984
Premier_League,2000,Charlton,"[1, 0, 0, 1, 1, 0, 1, 0, 1, 0, 1, 0, 0, 0, 1, 0, 1, 1, 1, 1, 0, 1, 0, 0, 1, 1, 0, 0]",28,14,14,14,6,8,1.2689954302532724,1.2900660638831267,1.1286681715575622,2,4.0,2.0,14.063387999371665
Premier_League,2000,Chelsea,"[1, 0, 0, 1, 0, 1, 1, 0, 0, 0, 1, 1, 0, 1, 1, 1, 1, 0, 1, 0, 1, 1, 1, 1, 0, 0, 1, 1]",28,14,14,17,7,10,1.1570622831436264,1.14005537587158,1.0672358591248663,4,1.9515181148261853,4.0,3.1468416059652644
Premier_League,2000,Coventry,"[0, 1, 1, 0, 0, 0, 1, 0, 0, 0, 0, 0, 0, 1, 0, 1, 0, 0, 0, 0, 0, 1, 1, 0, 1, 0, 0, 0]",28,14,14,8,4,4,1.5855812118384875,2.0,1.4749262536873156,3,2.7439999999999998,3.0,8.11919662223906
Premier_League,2000,Derby,"[0, 0, 0, 0, 0, 0, 1, 0, 1, 0, 1, 1, 0, 1, 0, 0, 1, 1, 1, 0, 0, 0, 1, 0, 0, 1]",26,13,13,10,4,6,1.2421188280651394,1.2659130648831014,1.1415525114155252,7,2.20360502851023,7.0,3.779056101730422
Premier_League,2000,Everton,"[0, 1, 0, 1, 0, 0, 1, 0, 0, 1, 1, 1, 0, 0, 0, 0, 0, 1, 0, 1, 0, 0, 1, 1, 0, 0, 0, 1, 0]",29,15,14,11,6,5,1.8172633910426896,2.462670581832049,1.7889087656529516,5,2.6765607742304565,5.0,5.499070120599597
Premier_League,2000,Ipswich,"[0, 1, 0, 0, 1, 1, 1, 1, 0, 1, 1, 1, 0, 1, 1, 0, 1, 0, 1, 0, 0, 0, 1, 1, 0, 1, 1, 1, 1, 1, 0, 1]",32,16,16,20,10,10,1.6855781975741024,2.0,1.597444089456869,15,1.9330561319282995,2.0,2.832533236960783
Premier_League,2000,Leeds,"[1, 1, 0, 0, 1, 1, 0, 1, 0, 1, 0, 0, 1, 0, 0, 1, 0, 1, 1, 1, 1, 1, 1, 1, 1, 1, 1, 0, 1, 1]",30,15,15,20,7,13,1.019795344531942,1.0101707790000722,1.0030090270812435,3,1.4210526315789473,3.0,2.0
Premier_League,2000,Leicester,"[1, 1, 1, 1, 0, 0, 1, 1, 1, 0, 1, 0, 1, 1, 0, 0, 0, 0, 1, 0, 1, 1, 0, 0, 0, 0, 0, 0, 0, 0, 1, 0]",32,16,16,14,10,4,9.802523807247915,61.52058338109255,27.367268746579093,10,35.924451858366524,10.0,211.25225881966085
Premier_League,2000,Liverpool,"[1, 0, 1, 1, 0, 1, 1, 1, 0, 1, 0, 0, 1, 0, 1, 1, 0, 1, 1, 1, 0, 1, 0, 1, 1, 1, 1, 1, 1]",29,15,14,20,9,11,1.1650387502133732,1.1628164841583333,1.072961373390558,13,1.2206968408885825,1.0,1.3287271400922964
Premier_League,2000,Man City,"[0, 1, 0, 1, 0, 0, 1, 1, 0, 0, 0, 0, 0, 0, 1, 0, 0, 0, 0, 1, 0, 0, 0, 0, 1, 1, 0, 0]",28,14,14,8,4,4,1.5855812118384875,2.0,1.4903129657228018,13,2.146103107436037,2.0,5.660774863369565
Premier_League,2000,Man United,"[1, 1, 1, 1, 0, 1, 1, 1, 1, 1, 1, 1, 1, 0, 1, 1, 1, 1, 1, 1, 1, 1, 1, 0, 1, 1, 1, 0, 0, 0]",30,15,15,24,13,11,2.8422180015290257,5.535406238226226,3.278688524590164,3,125.00000000000009,3.0,7670.781330443701
Premier_League,2000,Middlesbrough,"[1, 0, 0, 1, 0, 0, 0, 0, 0, 0, 0, 0, 1, 1, 1, 0, 1, 0, 1, 0, 1, 0, 1]",23,12,11,9,2,7,1.0260986643835954,1.0106794299506638,1.002004008016032,4,1.2038450287366207,2.0,1.5894222236481563
Premier_League,2000,Newcastle,"[0, 1, 1, 1, 0, 0, 1, 1, 0, 0, 1, 0, 1, 0, 1, 0, 1, 0, 1, 1, 0, 0, 0, 0, 0, 1, 1, 0, 1]",29,15,14,14,8,6,2.2392671791806773,3.492564201602757,2.4630541871921183,9,3.460306949908531,9.0,7.141884251888991
Premier_League,2000,Southampton,"[0, 0, 1, 1, 0, 0, 0, 1, 1, 0, 0, 1, 0, 1, 1, 0, 1, 1, 1, 1, 1, 0, 0, 0, 0, 0, 1, 1]",28,14,14,14,6,8,1.2689954302532724,1.2900660638831267,1.146788990825688,7,4.413793103448276,7.0,10.50253231719744
Premier_League,2000,Sunderland,"[1, 0, 0, 0, 1, 1, 1, 0, 1, 1, 1, 1, 0, 1, 1, 1, 1, 0, 0, 0, 1, 0, 0, 0, 1, 1]",26,13,13,15,8,7,2.0240247325146057,2.892688477065093,2.066115702479338,9,7.85313934576167,9.0,29.69047343101989
Premier_League,2000,Tottenham,"[1, 0, 1, 1, 0, 0, 0, 1, 0, 1, 0, 1, 1, 0, 0, 0, 1, 1, 0, 0, 1, 0, 1, 1, 0, 0, 0, 1]",28,14,14,13,7,6,1.989561902152212,2.837933762005624,2.1052631578947367,4,2.718213377556661,4.0,5.660774863369563
Premier_League,2000,West Ham,"[0, 0, 0, 1, 0, 1, 1, 1, 1, 1, 0, 1, 0, 0, 0, 1, 0, 0, 0, 0, 1, 0, 0, 0, 1, 0]",26,13,13,10,7,3,5.035065225419199,18.71542646747687,8.789663355893468,10,5.171180891082898,13.0,18.71542646747687
Premier_League,2001,Arsenal,"[1, 0, 1, 1, 1, 1, 0, 1, 1, 1, 0, 1, 1, 1, 1, 1, 1, 1, 1, 1, 1, 1, 1, 1, 1, 1, 1, 1, 1]",29,15,14,26,12,14,1.0,1.0401448584420148,1.0,1,1.0,1.0,1.5742719141702368
Premier_League,2001,Aston Villa,"[1, 1, 1, 1, 0, 1, 1, 0, 0, 0, 1, 0, 0, 1, 1, 0, 1, 0, 0, 0, 0, 0, 1, 1]",24,12,12,12,7,5,2.5825977301387137,4.828396632130076,3.0395136778115504,7,4.413793103448276,7.0,11.242616411505427
Premier_League,2001,Blackburn,"[0, 1, 0, 1, 0, 1, 1, 0, 0, 0, 1, 0, 0, 0, 1, 0, 0, 0, 0, 1, 1, 0, 0, 1, 1, 1, 0, 1]",28,14,14,12,5,7,1.2628830120791827,1.2861808449421503,1.124859392575928,13,1.4261684229424012,2.0,1.7126806095202878
Premier_League,2001,Bolton,"[1, 1, 1, 0, 0, 0, 1, 0, 1, 0, 0, 0, 0, 0, 0, 1, 0, 0, 1, 1, 0, 1, 0, 0, 0]",25,13,12,9,5,4,1.8045939709170185,2.5330520271144654,1.7889087656529516,3,3.8146972656249996,3.0,12.039491667300418
Premier_League,2001,Charlton,"[0, 1, 0, 1, 0, 0, 1, 0, 1, 1, 0, 1, 1, 0, 0, 1, 0, 1, 1, 0, 0, 0, 0, 0]",24,12,12,10,6,4,2.5534582227681693,4.906459000638238,2.898550724637681,5,14.805259713214742,5.0,59.39640978202265
Premier_League,2001,Chelsea,"[1, 1, 1, 0, 1, 1, 0, 1, 1, 0, 1, 0, 1, 1, 1, 0, 1, 1, 1, 0, 1, 1, 0, 1, 0]",25,13,12,17,9,8,1.7603977362480616,2.2452062810280946,1.550387596899225,3,4.137976694915256,1.0,14.619425474325395
Premier_League,2001,Derby,"[1, 0, 0, 0, 0, 0, 0, 1, 0, 0, 1, 0, 0, 1, 0, 1, 0, 0, 0, 0, 1, 0, 1, 0, 1, 0, 0, 0, 0, 0, 0, 0]",32,16,16,8,5,3,2.4692143901991512,4.828396632130076,3.134796238244514,7,7.491540923639689,7.0,23.82290482514652
Premier_League,2001,Everton,"[1, 1, 0, 0, 0, 1, 1, 0, 1, 0, 1, 0, 0, 0, 0, 0, 1, 0, 0, 0, 1, 1, 0, 1, 0, 1, 0, 0]",28,14,14,11,6,5,1.9683259886695428,2.862086060341679,1.9646365422396856,2,2.7128027681660893,2.0,8.410884632440283
Premier_League,2001,Fulham,"[0, 1, 0, 0, 1, 1, 1, 1, 0, 0, 1, 1, 0, 1, 0, 0, 0, 0, 0, 0, 0, 1, 1, 0]",24,12,12,10,7,3,5.219315448873108,20.47293307711548,9.298000929800091,10,7.047631262212093,10.0,29.062692386921764
Premier_League,2001,Ipswich,"[0, 1, 0, 0, 0, 0, 0, 0, 0, 0, 0, 1, 1, 1, 0, 1, 1, 1, 1, 0, 0, 0, 0, 0, 0, 0, 1, 0, 0]",29,15,14,9,4,5,1.3267542937818892,1.4272484050108831,1.2165450121654502,10,7.469943773085951,10.0,26.425719207697217
Premier_League,2001,Leeds,"[1, 1, 1, 1, 1, 1, 0, 1, 1, 0, 1, 1, 1, 0, 0, 0, 1, 1, 1, 0, 0, 1, 1, 0, 1, 1]",26,13,13,18,11,7,5.505114790724586,22.423430531569775,9.994003597841296,13,5.505114790724586,13.0,22.423430531569778
Premier_League,2001,Leicester,"[0, 0, 1, 0, 0, 0, 0, 0, 1, 0, 1, 0, 0, 0, 0, 0, 0, 0, 0, 0, 0, 1, 0, 0, 1]",25,13,12,5,3,2,1.7910049511836112,2.9030923568024134,1.7730496453900708,12,1.7910049511836112,12.0,2.9030923568024134
Premier_League,2001,Liverpool,"[1, 0, 0, 1, 1, 1, 1, 1, 1, 1, 1, 1, 0, 0, 1, 0, 1, 1, 1, 1, 1, 1, 1, 1, 1, 1, 1, 0, 1, 1]",30,15,15,24,11,13,1.2006614695049904,1.2204874155641443,1.1013215859030836,3,2.0491803278688523,3.0,3.6845817224215756
Premier_League,2001,Man United,"[1, 1, 0, 1, 1, 1, 0, 0, 1, 0, 0, 0, 1, 1, 1, 1, 1, 1, 1, 1, 0, 1, 1, 1, 1, 1, 1, 0, 1, 1, 1, 1, 0]",33,17,16,24,11,13,1.1713050774181653,1.1669977778685074,1.0893246187363834,1,3.666666666666667,1.0,20.56461625554022
Premier_League,2001,Middlesbrough,"[0, 0, 0, 0, 1, 1, 0, 1, 0, 1, 1, 0, 0, 0, 0, 1, 0, 1, 1, 0, 1, 0, 1, 1, 1, 0, 0, 0, 0]",29,15,14,12,5,7,1.214734340436965,1.2213665586351092,1.1198208286674132,4,8.468301385280345,4.0,28.43723766215484
Premier_League,2001,Newcastle,"[1, 1, 0, 1, 0, 1, 0, 1, 1, 0, 1, 1, 1, 1, 1, 1, 0, 0, 1, 1, 1, 1, 1, 0, 0, 1, 1, 1, 1, 0]",30,15,15,21,11,10,2.063945400892388,2.897172134819273,1.9342359767891684,1,3.333333333333333,1.0,16.629163628584
Premier_League,2001,Southampton,"[0, 0, 0, 1, 0, 1, 0, 0, 0, 0, 0, 1, 0, 1, 1, 0, 1, 0, 1, 1, 0, 1, 0, 1, 0, 1, 0, 0, 1]",29,15,14,12,5,7,1.214734340436965,1.2213665586351092,1.1273957158962795,3,1.5922830841548599,3.0,2.6141594679097095
Premier_League,2001,Sunderland,"[1, 0, 1, 0, 1, 0, 0, 0, 1, 0, 1, 0, 1, 1, 0, 0, 0, 0, 1, 0, 0, 1, 0, 0, 1, 0, 0, 0]",28,14,14,10,7,3,4.892629387655304,17.443994055572396,8.552856654122477,14,4.892629387655304,14.0,17.443994055572396
Premier_League,2001,Tottenham,"[0, 1, 0, 1, 0, 0, 1, 1, 1, 0, 1, 1, 0, 1, 0, 0, 1, 0, 0, 0, 1, 1, 0, 0, 0, 1, 1, 0, 1, 0]",30,15,15,14,8,6,2.4961507090976705,4.308354880446086,2.824858757062147,13,2.636117428310826,1.0,5.858255309188114
Premier_League,2001,West Ham,"[0, 0, 1, 0, 0, 1, 1, 1, 0, 0, 0, 1, 1, 0, 1, 0, 0, 1, 0, 1, 0, 1, 0, 1, 1, 1, 1, 0, 0, 1]",30,15,15,15,7,8,1.4359963188570928,1.5564210264360374,1.2987012987012987,3,2.0,3.0,3.6845817224215756
Premier_League,2002,Arsenal,"[1, 1, 1, 1, 1, 1, 1, 0, 0, 1, 1, 1, 0, 1, 0, 1, 1, 1, 1, 1, 1, 1, 1, 0, 1, 1, 0, 1, 1]",29,15,14,23,11,12,1.2213713439024632,1.25849968994697,1.088139281828074,6,2.76560281891474,6.0,5.120145130953283
Premier_League,2002,Aston Villa,"[0, 0, 1, 0, 1, 0, 1, 0, 0, 1, 1, 0, 0, 1, 0, 0, 1, 1, 0, 1, 1, 0, 0, 0, 0, 1, 0, 1, 0]",29,15,14,12,6,6,1.5298926367629486,1.7792767844805109,1.4184397163120568,8,3.481405189603722,8.0,7.435122022655825
Premier_League,2002,Birmingham,"[0, 0, 1, 1, 0, 0, 1, 0, 1, 0, 1, 0, 1, 0, 0, 0, 0, 0, 0, 1, 1, 0, 1, 0, 1, 1, 1, 1, 0]",29,15,14,13,6,7,1.34114775695508,1.4168712447854608,1.2004801920768309,1,1.8125,1.0,5.571604508379959
Premier_League,2002,Blackburn,"[1, 0, 0, 1, 1, 0, 1, 1, 0, 0, 1, 0, 1, 1, 0, 0, 1, 1, 1, 1, 0, 1, 1, 0, 1, 1]",26,13,13,16,7,9,1.2478274684880988,1.2659130648831014,1.1415525114155252,12,1.3505112231267613,3.0,1.73322958003588
Premier_League,2002,Bolton,"[0, 0, 1, 1, 0, 0, 0, 0, 0, 1, 0, 0, 1, 0, 0, 0, 1, 0, 1, 1, 1, 0, 1, 1]",24,12,12,10,3,7,1.07831695472985,1.0513533321374784,1.017293997965412,11,1.1379502671676163,3.0,1.210474159230984
Premier_League,2002,Charlton,"[0, 1, 0, 1, 0, 0, 0, 0, 1, 0, 0, 1, 1, 1, 1, 1, 0, 1, 1, 1, 1, 1, 0, 0, 0, 0, 0, 0, 1, 0, 0]",31,16,15,14,8,6,2.236566916934633,3.4717038192097363,2.320185614849188,9,26.505001675564294,9.0,134.89571757951134
Premier_League,2002,Chelsea,"[1, 1, 1, 0, 0, 1, 1, 1, 1, 1, 1, 1, 0, 0, 1, 0, 1, 1, 0, 0, 1, 1, 1, 1, 0, 1, 0, 1]",28,14,14,19,10,9,2.057873193112623,2.916583536972888,1.9723865877712032,4,2.5889954551389787,4.0,4.892258154088608
Premier_League,2002,Everton,"[1, 0, 0, 1, 0, 1, 0, 1, 1, 1, 1, 1, 1, 0, 0, 1, 0, 1, 1, 1, 0, 1, 0, 1, 1, 0, 0, 1, 0, 0]",30,15,15,17,9,8,2.0191974896040747,2.8068338874262357,2.032520325203252,5,8.681740263767704,5.0,28.607090302056687
Premier_League,2002,Fulham,"[1, 0, 1, 1, 0, 1, 0, 0, 0, 0, 1, 0, 1, 0, 0, 0, 1, 0, 0, 1, 1, 1, 0, 0, 0, 1, 0, 1, 1]",29,15,14,13,6,7,1.34114775695508,1.4168712447854608,1.2091898428053205,7,1.6341378892118823,7.0,2.2118968008471724
Premier_League,2002,Leeds,"[1, 1, 0, 0, 1, 1, 0, 0, 0, 0, 1, 0, 0, 0, 0, 1, 1, 1, 1, 0, 0, 0, 1, 0, 0, 0, 0, 1, 0, 1, 0, 1, 1]",33,17,16,14,7,7,1.5521739641567665,1.7875692400458891,1.4903129657228018,14,2.4279832545912967,14.0,3.9746425356486834
Premier_League,2002,Liverpool,"[1, 1, 1, 1, 1, 1, 1, 1, 1, 0, 0, 0, 0, 0, 0, 1, 1, 0, 1, 1, 1, 0, 1, 1, 1, 1, 0, 0]",28,14,14,18,9,9,1.668616179586344,2.0,1.550387596899225,2,7.840000000000002,2.0,40.854515542678534
Premier_League,2002,Man City,"[0, 1, 0, 1, 0, 0, 0, 0, 1, 1, 1, 0, 0, 1, 1, 0, 1, 1, 1, 0, 1, 0, 0, 0, 1, 0, 0, 1, 1, 0, 1, 0]",32,16,16,15,7,8,1.4441161147724728,1.5663603036350555,1.2903225806451613,11,2.865276855569005,1.0,5.884117853164347
Premier_League,2002,Man United,"[1, 1, 0, 0, 1, 1, 1, 1, 0, 1, 1, 1, 1, 0, 0, 1, 1, 1, 1, 1, 1, 1, 1, 1, 1, 1, 1, 1, 1, 1]",30,15,15,25,10,15,1.0,1.007204472370678,1.0,12,1.0000000000000002,1.0,1.4806159309668243
Premier_League,2002,Middlesbrough,"[1, 0, 1, 0, 1, 1, 1, 0, 0, 1, 0, 1, 0, 0, 1, 0, 0, 0, 0, 1, 1, 1, 1, 0, 0, 0, 1, 0]",28,14,14,13,7,6,1.989561902152212,2.837933762005624,1.984126984126984,5,4.249473580246914,5.0,10.467327869223189
Premier_League,2002,Newcastle,"[1, 0, 0, 0, 1, 1, 1, 0, 1, 1, 0, 1, 0, 1, 1, 1, 0, 1, 1, 1, 1, 1, 1, 1, 0, 1, 1, 0, 0, 0, 1, 1]",32,16,16,21,10,11,1.443909821485044,1.5500855683384027,1.30718954248366,5,4.433686492691792,5.0,10.57868348245169
Premier_League,2002,Southampton,"[0, 0, 1, 0, 1, 1, 1, 0, 0, 1, 1, 1, 1, 1, 0, 1, 0, 0, 0, 1, 1, 0, 0, 0, 1]",25,13,12,13,8,5,2.991423634697006,6.241756210562176,3.4246575342465757,9,4.626535120543821,9.0,12.408657587544567
Premier_League,2002,Sunderland,"[0, 1, 0, 0, 0, 1, 0, 0, 1, 0, 0, 0, 1, 0, 0, 0, 0, 0, 0, 0, 0, 0, 0, 0, 0, 0, 0, 0, 0, 0, 0]",31,16,15,4,4,0,7.942714371370804,52.64808596108152,17.63979537837361,15,7.942714371370804,15.0,52.64808596108152
Premier_League,2002,Tottenham,"[1, 1, 1, 0, 1, 0, 0, 1, 1, 0, 0, 0, 1, 1, 1, 0, 0, 1, 1, 0, 1, 0, 0, 0, 1, 0, 1, 0, 0, 0]",30,15,15,14,9,5,4.542665438796399,13.963076700807273,7.261109497531223,9,7.860729946893852,9.0,25.337926711120176
Premier_League,2002,West Brom,"[0, 0, 0, 1, 1, 1, 0, 0, 0, 0, 0, 0, 1, 0, 0, 0, 0, 0, 0, 1, 0, 0, 0, 0, 0, 0, 0, 1, 0, 0]",30,15,15,6,4,2,2.512416303240131,5.535406238226222,3.0211480362537766,10,2.6609216417585086,10.0,6.0074202200961295
Premier_League,2002,West Ham,"[0, 0, 0, 0, 1, 0, 1, 1, 0, 0, 0, 0, 0, 0, 0, 0, 1, 0, 0, 1, 1, 1, 0, 1, 1, 1]",26,13,13,10,3,7,1.0856472264657993,1.0564479778026157,1.017293997965412,13,1.0856472264657993,1.0,1.1093017882359504
Premier_League,2003,Arsenal,"[1, 1, 1, 1, 1, 1, 1, 1, 1, 1, 1, 1, 1, 1, 1, 1, 1, 1, 1, 1, 1, 1]",22,11,11,22,11,11,1.0,,1.0,1,1.0,,-inf
Premier_League,2003,Aston Villa,"[0, 0, 1, 0, 1, 0, 0, 0, 1, 0, 1, 1, 1, 1, 0, 0, 1, 1, 1, 0, 1, 0, 1, 1, 1]",25,13,12,14,6,8,1.1767143482253395,1.1778155004847752,1.0706638115631693,11,1.2658060119760306,6.0,1.3755076119441634
Premier_League,2003,Birmingham,"[1, 1, 1, 1, 0, 1, 0, 0, 0, 0, 1, 1, 0, 0, 1, 1, 1, 1, 0, 0, 1, 0]",22,11,11,12,6,6,1.6267501106170124,2.0,1.4992503748125936,4,4.038896551724137,4.0,10.55262689512718
Premier_League,2003,Blackburn,"[1, 0, 0, 1, 0, 0, 0, 0, 0, 1, 0, 1, 1, 0, 0, 1, 0, 0, 1, 0, 0, 1, 0, 1, 1, 0]",26,13,13,10,5,5,1.6144076428525194,2.0,1.5527950310559009,1,1.625,1.0,4.760627558633163
Premier_League,2003,Bolton,"[0, 0, 1, 0, 0, 1, 1, 1, 0, 1, 0, 0, 1, 1, 1, 0, 0, 0, 0, 1, 0, 1, 1, 1]",24,12,12,12,5,7,1.2404603270745005,1.261205955414189,1.11358574610245,9,2.0,9.0,2.970488289473696
Premier_League,2003,Charlton,"[0, 1, 0, 0, 1, 1, 1, 1, 1, 0, 0, 1, 1, 1, 1, 0, 0, 0, 1, 0, 1, 0, 0, 0, 0]",25,13,12,12,8,4,4.258720629846728,12.621164397817209,5.780346820809249,10,14.241738677100429,10.0,90.34948007244363
Premier_League,2003,Chelsea,"[1, 1, 1, 1, 1, 1, 0, 1, 1, 1, 1, 1, 0, 1, 0, 1, 0, 1, 1, 1, 1, 0, 1, 1, 1, 1, 0, 1]",28,14,14,22,12,10,2.843482019820793,5.602534042157461,3.1847133757961785,14,2.843482019820793,2.0,6.518351412172864
Premier_League,2003,Everton,"[0, 1, 0, 0, 1, 0, 0, 0, 1, 0, 1, 1, 0, 1, 0, 0, 0, 0, 1, 1, 0, 0, 0, 0]",24,12,12,8,5,3,2.5440458409926445,5.174962496422871,3.076923076923077,4,5.062499999999997,4.0,16.48325605371109
Premier_League,2003,Fulham,"[1, 0, 1, 1, 1, 0, 1, 0, 0, 1, 1, 0, 0, 1, 0, 0, 1, 0, 1, 0, 0, 1, 0, 1]",24,12,12,12,7,5,2.5825977301387137,4.828396632130076,2.985074626865672,10,2.6528497409326426,10.0,4.906459000638235
Premier_League,2003,Leeds,"[0, 1, 0, 0, 0, 1, 0, 0, 0, 0, 0, 1, 1, 0, 0, 0, 0, 0, 0, 1, 0, 1, 0, 0, 0]",25,13,12,6,4,2,2.368268470276317,4.884559057439188,2.8328611898016995,12,2.368268470276317,3.0,6.678476419012859
Premier_League,2003,Leicester,"[0, 0, 1, 0, 0, 0, 0, 0, 1, 1, 1, 0, 0, 0, 0, 0, 1, 1]",18,9,9,6,2,4,1.1693797528517105,1.1885734173450602,1.064962726304579,7,1.7524038461538451,7.0,2.7305994666080946
Premier_League,2003,Liverpool,"[0, 1, 1, 1, 0, 0, 0, 1, 1, 0, 1, 0, 1, 1, 1, 0, 1, 0, 1, 1, 1, 1, 1]",23,12,11,15,6,9,1.066480869113727,1.0579234755360898,1.0121457489878545,8,1.2082586967439373,8.0,1.3088234875164568
Premier_League,2003,Man City,"[1, 1, 0, 1, 0, 1, 0, 1, 0, 0, 0, 0, 0, 0, 0, 0, 1, 0, 1, 0, 1, 0]",22,11,11,8,5,3,2.57516125718696,5.327662064543003,2.898550724637681,11,2.57516125718696,11.0,5.327662064543003
Premier_League,2003,Man United,"[1, 1, 1, 0, 1, 1, 1, 1, 0, 1, 1, 1, 0, 1, 1, 1, 1, 1, 1, 0, 1, 1, 0, 0, 1, 1, 0, 0]",28,14,14,20,11,9,2.707705062565797,4.965444303155276,2.9585798816568047,6,16.749572892938502,6.0,101.05989198404403
Premier_League,2003,Middlesbrough,"[0, 0, 0, 0, 1, 1, 0, 0, 1, 1, 1, 0, 1, 0, 1, 0, 1, 0, 0, 1, 0, 1, 1, 0, 0, 0, 1]",27,14,13,12,6,6,1.5175105332061891,1.759386916159739,1.4144271570014144,4,2.499428571428571,4.0,5.044581692263948
Premier_League,2003,Newcastle,"[0, 0, 0, 1, 1, 1, 1, 0, 1, 1, 0, 1, 1, 1, 1, 0, 1, 0, 1, 1, 0]",21,11,10,13,6,7,1.2499575403450318,1.304115739200156,1.124859392575928,1,2.625,1.0,10.445356710803422
Premier_League,2003,Portsmouth,"[1, 1, 0, 0, 0, 1, 0, 0, 1, 0, 0, 0, 0, 1, 0, 0, 1, 0, 0, 0, 0, 0, 1, 1, 1, 0]",26,13,13,9,4,5,1.3773750381549292,1.5153465600439986,1.2150668286755772,12,1.6819899681959904,1.0,4.366073987851767
Premier_League,2003,Southampton,"[1, 1, 1, 0, 0, 1, 0, 0, 0, 1, 1, 1, 0, 0, 0, 1, 0, 0, 1, 0, 1, 0, 0]",23,12,11,10,7,3,4.539850323938444,14.998348354855354,7.009673349221926,11,4.539850323938444,11.0,14.998348354855354
Premier_League,2003,Tottenham,"[0, 1, 0, 0, 0, 1, 1, 0, 0, 1, 0, 1, 0, 0, 0, 0, 1, 1, 1, 0, 1, 1, 0, 1, 0, 0, 0, 1]",28,14,14,12,5,7,1.2628830120791827,1.2861808449421503,1.1534025374855823,4,2.3447265625000004,4.0,4.590544146007148
Premier_League,2003,Wolves,"[0, 0, 0, 0, 0, 1, 1, 0, 0, 0, 0, 0, 1, 0, 1, 0, 0, 1, 0, 0, 0, 1, 1]",23,12,11,7,2,5,1.0908090999033375,1.0717645456222658,1.0298661174047374,8,1.253241632349268,5.0,1.4278316660948873
Premier_League,2004,Arsenal,"[1, 1, 1, 1, 1, 1, 1, 1, 0, 1, 0, 1, 1, 1, 1, 1, 0, 1, 0, 1, 1, 1, 1, 1, 1]",25,13,12,21,11,10,1.6820603468634376,2.149641506029287,1.3717421124828533,9,2.299680742156437,9.0,3.813367101684189
Premier_League,2004,Aston Villa,"[1, 0, 1, 0, 1, 1, 1, 1, 0, 0, 0, 0, 0, 1, 0, 1, 0, 0, 1, 0, 1, 0, 1, 1]",24,12,12,12,6,6,1.6318725099601594,2.0,1.492537313432836,12,1.6318725099601594,8.0,2.0
Premier_League,2004,Birmingham,"[0, 1, 0, 0, 0, 1, 0, 0, 1, 1, 1, 1, 0, 0, 0, 0, 1, 0, 1, 0, 0, 1, 0]",23,12,11,9,6,3,3.1524310523127923,7.558906938085354,4.329004329004329,11,3.1524310523127923,11.0,7.558906938085354
Premier_League,2004,Blackburn,"[0, 0, 0, 1, 0, 0, 0, 1, 0, 1, 0, 1, 1, 0, 0, 0, 1, 1, 0, 1, 1]",21,11,10,9,3,6,1.0859888208318986,1.069595179298994,1.0235414534288638,8,1.283705045391062,8.0,1.4325090337539843
Premier_League,2004,Bolton,"[1, 0, 1, 1, 0, 1, 1, 1, 0, 0, 0, 0, 0, 0, 0, 1, 1, 1, 1, 1, 0, 1, 1, 0, 1, 1]",26,13,13,15,6,9,1.14894499498751,1.1323123378609816,1.0593220338983051,6,1.248616748602232,3.0,1.5847728219505512
Premier_League,2004,Charlton,"[0, 1, 1, 0, 1, 0, 0, 0, 1, 1, 0, 0, 1, 1, 1, 1, 0, 0, 1, 1, 0, 1, 0, 0, 0]",25,13,12,12,6,6,1.502153325177417,1.7353597143161648,1.3679890560875514,3,7.111970869367319,3.0,26.29034988840415
Premier_League,2004,Chelsea,"[1, 1, 1, 1, 1, 1, 0, 1, 1, 1, 1, 1, 1, 1, 1, 1, 1, 1, 1, 1, 1, 1, 1, 1, 1, 1]",26,13,13,25,12,13,1.0,1.1819083901602732,1.0,1,1.0,1.0,1.7217395881937163
Premier_League,2004,Crystal Palace,"[0, 0, 0, 0, 0, 1, 0, 1, 1, 0, 0, 0, 0, 0, 0, 1, 0, 1, 0, 0, 1, 0, 0, 0, 0]",25,13,12,6,3,3,1.471641631193095,1.8356077008650071,1.366120218579235,4,2.9974064041865853,4.0,9.087033804099269
Premier_League,2004,Everton,"[0, 1, 1, 1, 1, 1, 0, 1, 1, 0, 1, 1, 1, 1, 1, 0, 0, 1, 0, 1, 0, 1, 0, 0, 0, 1, 1]",27,14,13,17,11,6,6.019926172244229,24.58506730142684,11.014428901861438,12,9.002496487920176,12.0,49.501333850741915
Premier_League,2004,Fulham,"[1, 0, 0, 0, 1, 0, 0, 0, 1, 1, 0, 0, 0, 1, 0, 0, 0, 1, 1, 1, 0, 0, 0, 1, 0]",25,13,12,9,4,5,1.307599339125011,1.399220074579398,1.2315270935960592,5,2.442813310466829,5.0,4.942460347071589
Premier_League,2004,Liverpool,"[1, 0, 1, 0, 1, 0, 1, 1, 0, 1, 0, 1, 0, 1, 1, 1, 0, 1, 0, 0, 1, 1, 0, 0, 1, 1, 0, 1]",28,14,14,16,8,8,1.6638410088511535,2.0,1.5151515151515151,12,2.4229143617937927,12.0,3.93443985000636
Premier_League,2004,Man City,"[0, 0, 1, 0, 1, 0, 1, 0, 1, 1, 0, 0, 1, 0, 1, 1, 0, 0, 1, 0, 0, 1, 1]",23,12,11,11,5,6,1.294649921034118,1.3668759169539026,1.1737089201877935,7,1.8266022721861161,7.0,2.6583380892469943
Premier_League,2004,Man United,"[0, 1, 1, 1, 1, 0, 1, 1, 1, 1, 1, 1, 1, 1, 1, 1, 1, 1, 1, 1, 1, 0, 0]",23,12,11,19,10,9,1.6817675629289277,2.165185505280741,1.5220700152207,2,33.0625,2.0,1591.2067647088634
Premier_League,2004,Middlesbrough,"[0, 1, 1, 1, 0, 0, 1, 1, 1, 1, 0, 1, 1, 0, 1, 0, 0, 0, 1, 0, 0, 1, 0]",23,12,11,12,8,4,4.393858028165594,13.685001820945512,6.540650140623978,8,8.486179617575269,8.0,35.245337398173334
Premier_League,2004,Newcastle,"[0, 0, 1, 1, 1, 1, 0, 0, 0, 1, 0, 0, 0, 1, 1, 0, 1, 1, 0, 0, 0]",21,11,10,9,5,4,1.7854213182284129,2.4973834298606308,1.7301038062283738,3,5.359375000000001,3.0,19.012761391295715
Premier_League,2004,Norwich,"[0, 0, 0, 0, 0, 1, 0, 1, 0, 0, 0, 0, 0, 0, 1, 0, 0, 0, 0, 0, 1, 1]",22,11,11,5,2,3,1.2924968664422043,1.4398117926016154,1.1990407673860912,11,1.2924968664422045,7.0,1.4869803358143634
Premier_League,2004,Portsmouth,"[0, 1, 1, 0, 0, 1, 1, 0, 0, 0, 1, 1, 0, 1, 0, 0, 0, 0, 1, 0, 0, 0, 0, 0, 1, 0]",26,13,13,9,6,3,3.470513486154155,9.25066171835886,4.854368932038835,12,6.335957062389463,12.0,26.70032095948359
Premier_League,2004,Southampton,"[0, 1, 0, 0, 0, 0, 0, 1, 0, 0, 0, 0, 0, 0, 1, 0, 1, 1, 0, 0, 0]",21,11,10,5,2,3,1.2453382793729286,1.3562928722382623,1.1389521640091116,3,2.2609863281250004,3.0,6.76494276695984
Premier_League,2004,Tottenham,"[1, 1, 0, 1, 0, 0, 0, 0, 0, 0, 1, 1, 1, 1, 1, 1, 0, 0, 0, 1, 1, 0, 0, 1, 1]",25,13,12,13,6,7,1.3068688953698475,1.3722517042282367,1.20627261761158,9,2.21785502459714,9.0,3.504884056879052
Premier_League,2004,West Brom,"[0, 0, 0, 1, 0, 0, 0, 0, 0, 0, 0, 0, 0, 1, 0, 1, 0, 1, 1]",19,10,9,5,1,4,1.0637209345752767,1.0463948218286554,1.0111223458038423,9,1.0637209345752767,9.0,1.0463948218286554
Premier_League,2005,Arsenal,"[1, 0, 1, 0, 1, 1, 0, 1, 1, 1, 1, 0, 0, 0, 1, 1, 1, 0, 0, 1, 0, 0, 1, 1, 1, 1, 0, 1, 1, 1, 1]",31,16,15,20,10,10,1.5092252912631492,1.6786172846719811,1.375515818431912,14,1.6885037714276312,14.0,2.0395933104914996
Premier_League,2005,Aston Villa,"[0, 1, 0, 0, 0, 1, 0, 0, 0, 1, 1, 0, 1, 1, 0, 1, 0, 1, 0, 0, 0, 1, 0, 0, 0, 1]",26,13,13,10,5,5,1.6144076428525194,2.0,1.5037593984962403,8,2.8706326115175353,8.0,5.765158219030746
Premier_League,2005,Birmingham,"[0, 0, 1, 0, 0, 0, 0, 0, 0, 1, 0, 1, 0, 0, 0, 1, 0, 1, 0, 0, 1, 0, 0, 0, 1, 0, 1, 0]",28,14,14,8,3,5,1.2267334582687894,1.252178551393171,1.122334455667789,7,1.4722556424581006,1.0,3.8495906680718748
Premier_League,2005,Blackburn,"[0, 1, 0, 0, 1, 1, 0, 1, 0, 1, 0, 0, 1, 0, 1, 1, 1, 1, 1, 0, 0, 1, 1, 0, 1, 1, 1, 0, 0, 1, 1, 1]",32,16,16,19,8,11,1.1823387403855967,1.1629437259903608,1.084598698481562,13,1.5058713287329226,5.0,1.9517654905225539
Premier_League,2005,Bolton,"[0, 1, 1, 1, 1, 0, 0, 1, 1, 1, 0, 1, 1, 0, 1, 1, 0, 1, 1, 0, 0, 0, 0, 0, 1, 0, 1]",27,14,13,15,9,6,2.932327819116243,5.823339342313051,3.4246575342465757,8,11.997092887146835,8.0,52.435811358642916
Premier_League,2005,Charlton,"[1, 1, 1, 1, 0, 1, 0, 1, 0, 0, 0, 0, 0, 1, 0, 0, 1, 0, 1, 0, 1, 0, 1, 0, 1, 0, 1, 0, 0, 0]",30,15,15,13,7,6,1.981164112156975,2.8068338874262357,2.1141649048625792,3,5.495623855078365,3.0,18.122061624738016
Premier_League,2005,Chelsea,"[1, 1, 1, 1, 1, 1, 1, 1, 1, 1, 0, 1, 1, 1, 1, 1, 1, 1, 1, 1, 1, 1, 0, 1, 1, 1, 0, 1, 1, 1, 1, 1, 0, 0]",34,17,17,29,16,13,4.291078820116208,13.66994699527393,5.681818181818182,2,46.23999999999998,2.0,4474.954320732981
Premier_League,2005,Everton,"[0, 1, 0, 0, 0, 0, 0, 0, 1, 1, 0, 1, 1, 0, 0, 0, 0, 1, 1, 1, 1, 1, 1, 0, 1, 1, 0, 0, 0, 1]",30,15,15,14,5,9,1.108365775694394,1.0771421802925631,1.033057851239669,4,2.74658203125,4.0,5.701139814628453
Premier_League,2005,Fulham,"[0, 0, 1, 0, 0, 0, 1, 0, 1, 0, 1, 0, 1, 0, 0, 1, 1, 0, 1, 0, 1, 0, 0, 0, 0, 1, 0, 1, 1, 1, 0, 1]",32,16,16,14,6,8,1.2886834708583226,1.3123647998416588,1.183431952662722,11,1.5040643426796878,11.0,1.7987648286713533
Premier_League,2005,Liverpool,"[1, 0, 1, 0, 1, 1, 1, 1, 1, 1, 1, 1, 1, 1, 1, 0, 0, 0, 1, 1, 1, 0, 1, 1, 1, 1, 1, 1, 1, 1, 1]",31,16,15,25,13,12,1.7319403675500633,2.150885509061355,1.5822784810126582,15,1.7319403675500633,15.0,2.150885509061355
Premier_League,2005,Man City,"[1, 1, 1, 0, 0, 1, 1, 0, 1, 0, 0, 1, 0, 1, 0, 0, 0, 1, 0, 1, 0, 1, 0, 1, 0, 0, 0, 0, 0, 0, 1, 0, 0, 0]",34,17,17,13,8,5,3.174219616525553,6.902996856596594,4.3478260869565215,10,17.2122866658294,10.0,69.5610349854644
Premier_League,2005,Man United,"[1, 1, 1, 0, 1, 1, 0, 1, 1, 1, 1, 1, 1, 1, 1, 0, 1, 0, 1, 1, 1, 1, 1, 1, 1, 1, 1, 1, 0, 1]",30,15,15,25,13,12,2.1377793052424194,3.2040698620013544,2.061855670103093,2,3.272727272727273,2.0,10.50253231719742
Premier_League,2005,Middlesbrough,"[0, 1, 0, 1, 0, 1, 0, 1, 0, 1, 0, 0, 0, 0, 0, 1, 0, 1, 1, 1, 0, 0, 1, 1, 0, 0, 1, 0, 0]",29,15,14,12,5,7,1.214734340436965,1.2213665586351092,1.1049723756906078,5,3.189360261988701,2.0,9.166985844481728
Premier_League,2005,Newcastle,"[0, 0, 0, 1, 1, 0, 1, 1, 1, 0, 0, 1, 1, 0, 0, 0, 0, 0, 1, 1, 1, 1, 0, 0, 0, 1, 1, 1, 1, 1, 1]",31,16,15,17,7,10,1.1336617836420049,1.1111665162585505,1.0482180293501049,9,1.1726583592160662,9.0,1.2479188992132213
Premier_League,2005,Portsmouth,"[0, 0, 0, 1, 0, 0, 1, 0, 0, 0, 0, 0, 1, 0, 1, 0, 0, 0, 0, 0, 0, 0, 1, 1, 1, 1, 0, 1, 1, 0]",30,15,15,10,4,6,1.2547664644895893,1.2808837286823986,1.1494252873563218,1,1.4999999999999998,1.0,4.237101333923014
Premier_League,2005,Sunderland,"[0, 0, 0, 0, 0, 1, 0, 0, 0, 0, 0, 0, 0, 0, 0, 0, 0, 0, 1, 0, 0, 0, 0, 0, 0, 0, 0, 0, 0, 0, 1, 0]",32,16,16,3,1,2,1.2263268769880782,1.3738123461770075,1.1273957158962795,13,1.5334330899636324,1.0,2.6887715400667025
Premier_League,2005,Tottenham,"[1, 1, 0, 1, 1, 1, 0, 1, 1, 1, 1, 0, 1, 1, 0, 0, 1, 1, 0, 1, 1, 0, 1, 1, 0, 1, 0]",27,14,13,18,11,7,4.144080286335882,11.542477622405748,6.134969325153374,13,4.144080286335882,1.0,13.374226852200529
Premier_League,2005,West Brom,"[1, 0, 0, 0, 0, 0, 1, 0, 0, 0, 1, 1, 0, 0, 1, 0, 0, 1, 0, 1, 0, 0, 0, 0, 0, 0, 0, 0, 0]",29,15,14,7,5,2,3.2606382925418447,8.658388436833057,4.424778761061947,9,12.016496206539111,9.0,48.101573729257446
Premier_League,2005,West Ham,"[1, 0, 1, 1, 0, 1, 0, 1, 0, 1, 0, 1, 0, 0, 0, 0, 1, 1, 1, 1, 1, 0, 0, 1, 0, 0, 1, 0, 0, 1, 1]",31,16,15,16,7,9,1.223024685568934,1.2236843928116912,1.1312217194570136,10,2.958978419526114,10.0,5.377081505400968
Premier_League,2005,Wigan,"[0, 0, 1, 1, 1, 1, 1, 1, 1, 1, 0, 0, 0, 0, 0, 1, 1, 1, 0, 0, 0, 1, 0, 0, 1, 1, 0, 0, 1, 0, 0, 0]",32,16,16,15,9,6,3.2216357774467346,6.946836150742856,4.219409282700422,14,7.451239872130709,14.0,29.73071974998275
Premier_League,2006,Arsenal,"[0, 1, 1, 1, 1, 1, 0, 1, 0, 0, 1, 1, 1, 1, 0, 1, 1, 1, 1, 1, 1, 0, 0, 0, 1, 1, 1]",27,14,13,19,10,9,1.7612042304154774,2.22085967034325,1.6778523489932886,6,4.018313839975599,6.0,9.288196165384495
Premier_League,2006,Aston Villa,"[1, 1, 1, 0, 1, 1, 0, 0, 0, 0, 0, 0, 1, 0, 1, 0, 0, 1, 1, 1, 1]",21,11,10,11,5,6,1.271809969845994,1.337842294670583,1.1494252873563218,10,1.271809969845994,10.0,1.337842294670583
Premier_League,2006,Blackburn,"[0, 0, 1, 1, 1, 0, 0, 0, 0, 1, 0, 0, 1, 0, 1, 1, 1, 0, 1, 0, 0, 1, 0, 1, 1, 0, 0, 0, 1, 1, 1]",31,16,15,15,7,8,1.3527739369351135,1.4221048488770875,1.2121212121212122,14,1.5356789144407583,6.0,1.8688961605013035
Premier_League,2006,Bolton,"[1, 0, 1, 1, 1, 1, 1, 0, 0, 0, 1, 0, 0, 1, 1, 1, 1, 1, 0, 0, 1, 1, 0, 0, 0, 1, 1, 0, 0, 0]",30,15,15,16,9,7,2.523078708371905,4.308354880446086,2.849002849002849,3,9.839650145772595,3.0,39.2449761331703
Premier_League,2006,Charlton,"[0, 0, 1, 0, 0, 0, 0, 0, 1, 0, 0, 0, 1, 0, 0, 0, 1, 0, 0, 1, 0, 0, 1, 1, 1, 0, 0, 0]",28,14,14,8,3,5,1.2267334582687894,1.252178551393171,1.1086474501108647,3,2.7439999999999998,3.0,8.11919662223906
Premier_League,2006,Chelsea,"[1, 0, 1, 1, 1, 1, 1, 1, 1, 0, 1, 1, 1, 1, 1, 1, 1, 0, 1, 1, 1, 1, 1, 1, 1, 1, 1]",27,14,13,24,12,12,1.2759665931614046,1.414383722412259,1.135073779795687,10,1.444974255421105,10.0,1.7984779785979679
Premier_League,2006,Everton,"[1, 1, 1, 0, 1, 0, 0, 1, 0, 1, 0, 0, 1, 1, 0, 1, 1, 0, 1, 1, 1, 1, 0, 0, 1]",25,13,12,15,7,8,1.2908843777904582,1.345254010548104,1.1764705882352942,3,2.840909090909091,3.0,6.3516534227647945
Premier_League,2006,Fulham,"[0, 1, 1, 0, 1, 0, 1, 0, 0, 1, 0, 0, 1, 0, 1, 0, 0, 0, 0, 0, 0, 1, 0]",23,12,11,8,5,3,2.3169831150268667,4.263807401259858,2.638522427440633,8,5.8017202433065345,8.0,19.74301662685825
Premier_League,2006,Liverpool,"[1, 0, 0, 1, 1, 0, 0, 1, 1, 0, 1, 1, 1, 1, 1, 0, 1, 1, 1, 1, 1, 0, 1, 0, 1, 1, 1, 1, 0, 0]",30,15,15,20,10,10,1.6780347465021417,2.0,1.5151515151515151,2,8.999999999999998,2.0,52.03735313246672
Premier_League,2006,Man City,"[0, 1, 0, 0, 1, 0, 1, 0, 1, 0, 1, 0, 0, 0, 1, 1, 1, 0, 0, 0, 0, 0, 1, 1, 1, 0, 0, 0, 0]",29,15,14,11,6,5,1.8172633910426896,2.462670581832049,1.8484288354898335,4,6.737549535131838,4.0,21.692230334690997
Premier_League,2006,Man United,"[1, 1, 1, 1, 0, 1, 1, 1, 1, 1, 1, 1, 1, 1, 1, 0, 1, 1, 1, 1, 0, 1, 1, 1, 1, 1, 1, 1, 0, 1, 1, 1, 0]",33,17,16,28,15,13,2.2444940360427394,3.472573045118508,2.123142250530785,1,6.600000000000001,1.0,123.03361412136091
Premier_League,2006,Middlesbrough,"[0, 1, 0, 0, 0, 1, 1, 0, 0, 1, 0, 0, 0, 1, 0, 1, 1, 1, 0, 1, 0, 0, 1, 0, 0, 0, 1, 1]",28,14,14,12,5,7,1.2628830120791827,1.2861808449421503,1.148105625717566,8,1.8967953088148592,8.0,2.7888576746199587
Premier_League,2006,Newcastle,"[1, 0, 0, 1, 0, 0, 0, 0, 0, 1, 1, 1, 0, 1, 1, 0, 0, 1, 1, 0, 1, 0, 0, 0, 1, 0, 0, 0]",28,14,14,11,6,5,1.9683259886695428,2.862086060341679,1.9083969465648856,7,5.94682060487744,7.0,16.9703870786266
Premier_League,2006,Portsmouth,"[1, 1, 1, 1, 0, 0, 1, 0, 1, 0, 1, 0, 1, 1, 1, 0, 0, 0, 1, 0, 0, 1, 0, 1, 1, 0]",26,13,13,14,8,6,2.5738033064258965,4.636053386548998,2.9239766081871346,11,5.134576274250684,11.0,15.911474319631798
Premier_League,2006,Reading,"[1, 0, 0, 1, 1, 1, 0, 0, 0, 0, 1, 1, 1, 1, 0, 0, 0, 0, 1, 1, 1, 1, 1, 0, 0, 0, 0, 1, 1, 1, 0]",31,16,15,16,8,8,1.536836202224237,1.7433214000368964,1.3888888888888888,8,3.043177847298566,1.0,6.80784002404047
Premier_League,2006,Sheffield United,"[0, 0, 0, 0, 1, 0, 0, 1, 0, 0, 1, 1, 1, 0, 0, 1, 0, 0, 1, 0, 1, 0, 0, 0, 0, 1, 0, 1, 0, 0]",30,15,15,10,5,5,1.6171499702466807,2.0,1.5600624024960998,9,2.651266163793101,2.0,6.652851174142439
Premier_League,2006,Tottenham,"[0, 1, 0, 0, 0, 1, 1, 1, 0, 1, 0, 1, 1, 1, 0, 1, 0, 0, 0, 0, 1, 1, 1, 1, 1, 0, 1, 1, 1]",29,15,14,17,8,9,1.324311514137618,1.378895151920869,1.1976047904191616,13,1.4615529672960035,13.0,1.6308893371267914
Premier_League,2006,Watford,"[0, 0, 0, 0, 1, 0, 0, 0, 0, 0, 0, 0, 0, 1, 0, 0, 1, 0, 0, 0, 0, 1, 0, 0, 1]",25,13,12,5,1,4,1.0782316348659655,1.057817432150855,1.0111223458038423,8,1.2548346268503283,8.0,1.5016229658517233
Premier_League,2006,West Ham,"[1, 0, 0, 0, 0, 0, 0, 1, 1, 0, 0, 1, 0, 0, 0, 1, 0, 0, 0, 0, 0, 0, 0, 0, 1, 1, 1, 0, 0, 1, 1, 1, 1]",33,17,16,12,5,7,1.2340814844032837,1.243894837106657,1.1402508551881414,16,1.2340814844032837,16.0,1.243894837106657
Premier_League,2006,Wigan,"[0, 1, 0, 0, 0, 1, 1, 1, 1, 0, 0, 1, 0, 0, 0, 0, 0, 0, 0, 0, 1, 0, 1, 1, 0, 0, 0, 0, 0, 1]",30,15,15,10,6,4,2.4748506697611243,4.5601919865237965,2.824858757062147,6,2.8476562499999982,6.0,6.007420220096131
Premier_League,2007,Arsenal,"[1, 1, 1, 1, 1, 1, 1, 1, 1, 1, 1, 0, 1, 1, 1, 1, 1, 1, 1, 1, 0, 1, 0, 1, 1, 1, 1]",27,14,13,24,13,11,2.3134016456553192,4.032690541061831,2.1141649048625792,7,5.621671844091913,7.0,22.817343128097008
Premier_League,2007,Aston Villa,"[0, 1, 1, 0, 1, 1, 0, 1, 1, 1, 1, 0, 0, 1, 1, 1, 0, 1, 1, 0, 0, 0, 1, 1, 1, 0]",26,13,13,16,8,8,1.6573792268189893,2.0,1.5432098765432098,7,3.837096395948787,1.0,10.148981147877418
Premier_League,2007,Birmingham,"[0, 0, 1, 0, 1, 0, 0, 0, 1, 0, 0, 0, 1, 0, 0, 1, 0, 0, 0, 1, 0, 0, 1, 0, 0, 0, 1]",27,14,13,8,4,4,1.5028513556869714,1.819094957669333,1.402524544179523,11,1.722854942293099,11.0,2.427138335586646
Premier_League,2007,Blackburn,"[1, 1, 0, 1, 1, 1, 1, 0, 0, 1, 0, 0, 0, 1, 1, 1, 0, 1, 1, 0, 1, 0, 1, 1, 0]",25,13,12,15,7,8,1.2908843777904582,1.345254010548104,1.183431952662722,1,2.5,1.0,9.465235610946907
Premier_League,2007,Bolton,"[0, 0, 0, 1, 0, 0, 0, 0, 1, 0, 1, 0, 1, 0, 0, 1, 0, 1, 0, 0, 0, 0, 0, 0, 0, 1, 1, 1]",28,14,14,9,4,5,1.3819950543360615,1.5217617602932303,1.2547051442910917,10,1.6899075609161096,10.0,2.3353720355925414
Premier_League,2007,Chelsea,"[1, 1, 1, 0, 0, 1, 1, 1, 1, 1, 1, 1, 0, 1, 1, 1, 1, 1, 1, 1, 1, 1, 1, 1, 1, 1, 1, 1]",28,14,14,25,11,14,1.0,1.0345530735231832,1.0,1,1.0,1.0,1.5677215468082562
Premier_League,2007,Derby,"[0, 0, 0, 0, 1, 0, 0, 0, 0, 0, 0, 0, 0, 0, 0, 0, 0, 0, 0, 0, 0, 0, 0, 0, 0, 0, 0, 0, 0, 0]",30,15,15,1,1,0,1.6628338329015944,6.470228017493412,2.0408163265306123,15,1.6628338329015944,15.0,6.470228017493412
Premier_League,2007,Everton,"[1, 1, 0, 1, 0, 0, 1, 0, 0, 1, 1, 1, 1, 1, 0, 1, 0, 1, 1, 1, 1, 1, 1, 1, 0, 0, 1, 0, 0, 1]",30,15,15,19,9,10,1.4350114868619974,1.544146580003619,1.2987012987012987,6,7.333089969972553,6.0,22.67258023580894
Premier_League,2007,Fulham,"[0, 1, 0, 0, 0, 1, 0, 0, 0, 0, 0, 0, 0, 0, 1, 0, 0, 0, 1, 0, 0, 1, 0, 1, 1, 1]",26,13,13,8,2,6,1.0760234925245085,1.0466778650845106,1.016260162601626,11,1.095595501128363,11.0,1.0897551169221886
Premier_League,2007,Liverpool,"[1, 1, 1, 1, 1, 1, 1, 1, 0, 0, 1, 1, 0, 1, 1, 1, 1, 1, 1, 0, 1, 1, 1, 1, 1]",25,13,12,21,10,11,1.1407845745908265,1.1870045283655593,1.064962726304579,6,1.5415399501424798,6.0,2.0849625055016032
Premier_League,2007,Man City,"[1, 1, 1, 0, 0, 1, 1, 1, 1, 0, 1, 1, 0, 1, 1, 0, 0, 1, 0, 0, 1, 0, 0, 1, 1, 0, 0, 0]",28,14,14,15,10,5,7.041818327483349,34.40137399307591,15.730690577316343,13,11.753294678525458,13.0,82.28913519438039
Premier_League,2007,Man United,"[0, 1, 1, 1, 1, 1, 1, 1, 1, 1, 0, 1, 1, 1, 1, 1, 0, 1, 1, 1, 1, 0, 1, 1, 1, 1, 1, 1, 1, 0, 1, 1]",32,16,16,27,14,13,2.1413692131566213,3.193080665548612,2.044989775051125,3,2.5042414978983567,3.0,5.334929491301355
Premier_League,2007,Middlesbrough,"[0, 0, 1, 1, 0, 0, 0, 0, 0, 0, 1, 1, 0, 0, 1, 0, 1, 1, 0, 0, 1, 0, 0, 0, 1, 1]",26,13,13,10,4,6,1.2421188280651394,1.2659130648831014,1.1415525114155252,8,1.5884460188284883,8.0,2.113195329513554
Premier_League,2007,Newcastle,"[1, 1, 0, 1, 0, 1, 1, 0, 0, 0, 0, 1, 1, 0, 0, 0, 0, 0, 0, 0, 0, 0, 1, 1, 1, 1, 0, 0]",28,14,14,11,7,4,3.355383909897206,8.140032960369352,4.926108374384237,14,3.355383909897206,2.0,8.410884632440283
Premier_League,2007,Portsmouth,"[1, 0, 0, 1, 1, 1, 1, 1, 1, 1, 0, 0, 0, 1, 0, 1, 0, 1, 1, 0, 1, 1, 0, 1, 1, 0, 0, 0, 0]",29,15,14,16,9,7,2.228929924585753,3.398822208316722,2.34192037470726,4,24.763873813942087,4.0,118.61587507701105
Premier_League,2007,Reading,"[0, 1, 0, 0, 0, 1, 0, 1, 0, 1, 0, 0, 0, 1, 1, 0, 0, 0, 0, 0, 0, 0, 0, 1, 1, 0, 1, 0, 0, 0, 0, 1]",32,16,16,10,6,4,2.4576223190462674,4.488324973478568,2.808988764044944,16,2.4576223190462674,16.0,4.4883249734785675
Premier_League,2007,Sunderland,"[1, 0, 0, 0, 1, 0, 0, 0, 0, 0, 1, 0, 0, 0, 1, 0, 1, 0, 1, 0, 1, 0, 0, 0, 1, 1, 1, 0, 0, 1, 0, 0]",32,16,16,11,4,7,1.1716889607796015,1.1521888830777374,1.0559662090813091,2,2.3219954648526078,2.0,6.885488140860802
Premier_League,2007,Tottenham,"[0, 0, 1, 0, 0, 0, 0, 1, 0, 1, 1, 0, 1, 1, 0, 0, 1, 1, 0, 1, 0, 1, 0, 1, 0]",25,13,12,11,5,6,1.312366537696454,1.3903095941809698,1.1933174224343674,1,1.7857142857142856,1.0,5.4699651550104935
Premier_League,2007,West Ham,"[0, 1, 1, 1, 0, 0, 0, 1, 1, 0, 1, 0, 1, 1, 0, 1, 1, 0, 1, 0, 0, 0, 1, 0, 0, 0, 1, 0]",28,14,14,13,8,5,3.349243706634644,7.824018803295653,4.854368932038835,9,7.677732019224711,9.0,25.933162134746176
Premier_League,2007,Wigan,"[0, 1, 1, 0, 0, 0, 0, 0, 0, 0, 0, 0, 0, 1, 1, 0, 1, 0, 0, 1, 0, 1, 1, 0, 0, 1, 1, 0]",28,14,14,10,3,7,1.0916966315859582,1.0608124763740796,1.019367991845056,1,1.5555555555555558,1.0,4.465954634209698
Premier_League,2008,Arsenal,"[1, 0, 1, 1, 1, 0, 1, 1, 0, 1, 0, 0, 1, 1, 1, 1, 1, 1, 1, 1, 1, 1, 1, 1, 0, 1]",26,13,13,20,8,12,1.0341442470695272,1.0323206027458869,1.0050251256281406,2,2.449275362318841,2.0,5.765158219030748
Premier_League,2008,Aston Villa,"[1, 0, 1, 1, 1, 0, 1, 1, 0, 0, 1, 1, 1, 1, 1, 1, 1, 1, 1, 0, 0, 0, 0, 0, 1, 0, 1]",27,14,13,17,10,7,2.942324073936016,5.805456874013267,3.215434083601286,8,29.56758128988694,8.0,248.93808120577566
Premier_League,2008,Blackburn,"[1, 0, 0, 1, 1, 0, 0, 0, 0, 0, 0, 0, 0, 1, 1, 0, 0, 1, 1, 0, 1, 0, 0, 1, 0, 1, 0]",27,14,13,10,4,6,1.199206116920428,1.2080967587926457,1.084598698481562,6,1.6513349025925264,1.0,4.603370271892037
Premier_League,2008,Bolton,"[1, 0, 0, 0, 0, 1, 0, 0, 1, 1, 0, 1, 1, 0, 0, 1, 0, 0, 0, 0, 1, 0, 1, 1, 0, 0, 1, 0, 0, 0]",30,15,15,11,6,5,1.961585401075573,2.837740117733259,2.066115702479338,3,3.9364338824901592,3.0,12.137569148206065
Premier_League,2008,Chelsea,"[1, 1, 1, 1, 1, 1, 0, 1, 1, 1, 1, 0, 1, 1, 0, 1, 1, 0, 1, 1, 1, 1, 0, 1, 1, 1, 1, 1, 1, 1]",30,15,15,25,12,13,1.350661211065961,1.4537061266705826,1.1848341232227488,13,1.5070907815441787,13.0,1.7685414570410167
Premier_League,2008,Everton,"[0, 1, 0, 1, 0, 0, 1, 1, 1, 0, 1, 0, 1, 1, 1, 1, 0, 1, 1, 1, 0, 1, 0, 1, 1, 1]",26,13,13,17,7,10,1.1347332546742004,1.1212023997753855,1.0604453870625663,6,1.484416025455959,6.0,1.8868024641569314
Premier_League,2008,Fulham,"[0, 1, 1, 0, 0, 0, 1, 0, 1, 1, 1, 0, 0, 1, 0, 1, 0, 0, 1, 1, 0, 1, 1, 0, 1, 1, 0]",27,14,13,14,7,7,1.5121956885368906,1.7265138503815158,1.404494382022472,1,2.0769230769230766,1.0,6.890006533370028
Premier_League,2008,Hull,"[1, 0, 1, 1, 1, 1, 1, 0, 0, 0, 1, 0, 0, 0, 0, 0, 0, 0, 0, 1, 0, 0, 0, 0, 0, 0, 0]",27,14,13,8,7,1,14.88608899992152,123.85463043407196,46.90431519699813,13,14.886088999921519,13.0,123.85463043407195
Premier_League,2008,Liverpool,"[1, 1, 1, 1, 1, 1, 1, 1, 0, 1, 1, 1, 1, 1, 1, 1, 0, 1, 1, 1, 1, 1, 1, 1, 1, 1, 1]",27,14,13,25,13,12,1.5815225649569464,2.0908247390999124,1.3386880856760377,11,1.7509542768061415,11.0,2.5581532066133317
Premier_League,2008,Man City,"[0, 1, 1, 0, 1, 0, 0, 1, 0, 0, 0, 1, 0, 0, 0, 1, 1, 1, 0, 1, 0, 0, 1, 0, 1, 0, 0, 1, 1, 1, 0, 0, 1]",33,17,16,15,7,8,1.3661355505795445,1.4398117926016152,1.2422360248447204,3,1.7605820105820111,3.0,3.037978774161067
Premier_League,2008,Man United,"[1, 0, 1, 1, 1, 1, 1, 0, 1, 1, 1, 1, 1, 1, 1, 1, 1, 1, 1, 1, 1, 1, 0, 0, 1, 1, 1, 1, 1, 1, 1, 1]",32,16,16,28,14,14,1.6338126400690434,2.0,1.443001443001443,10,2.7692993204132854,10.0,5.166707735521011
Premier_League,2008,Middlesbrough,"[1, 0, 1, 0, 0, 0, 1, 0, 1, 1, 0, 0, 0, 0, 0, 0, 0, 0, 1, 0, 0, 0, 1, 0, 0, 0, 0]",27,14,13,7,5,2,3.275052459136128,8.755765206813042,4.504504504504505,4,3.321506250000001,4.0,10.00756050358347
Premier_League,2008,Newcastle,"[1, 0, 0, 0, 0, 0, 1, 1, 0, 1, 1, 0, 0, 0, 0, 1, 0, 0, 0, 0, 0, 0, 1, 0, 0]",25,13,12,7,5,2,3.292661561131529,8.877048632583316,4.237288135593221,9,4.273611293423834,9.0,12.627961666829334
Premier_League,2008,Portsmouth,"[0, 0, 1, 1, 0, 1, 1, 0, 0, 1, 1, 0, 0, 0, 0, 0, 0, 0, 1, 0, 1, 1, 0, 0, 0, 1, 0]",27,14,13,10,6,4,2.2799905565484173,3.8777810582059935,2.4390243902439024,5,2.5641789615159793,5.0,5.233643832826032
Premier_League,2008,Stoke,"[0, 1, 0, 0, 0, 0, 1, 0, 1, 1, 0, 1, 0, 0, 0, 0, 0, 1, 0, 1, 0, 1, 1, 1, 0, 0, 1, 1, 0]",29,15,14,12,5,7,1.214734340436965,1.2213665586351092,1.1074197120708749,1,1.7058823529411762,1.0,5.09516083889427
Premier_League,2008,Sunderland,"[0, 1, 0, 1, 0, 1, 0, 0, 0, 1, 0, 0, 0, 1, 1, 0, 0, 1, 1, 0, 0, 0, 0, 0, 1, 0, 0, 0, 0]",29,15,14,9,6,3,3.0836058245481537,7.141884251888991,4.291845493562231,10,7.469943773085951,10.0,26.425719207697217
Premier_League,2008,Tottenham,"[0, 0, 0, 0, 0, 0, 1, 1, 1, 0, 1, 0, 1, 0, 0, 0, 1, 0, 1, 1, 1, 1, 0, 1, 1, 0, 1, 1, 0]",29,15,14,14,5,9,1.0758230970182174,1.050170242609728,1.0214504596527068,1,1.9333333333333336,1.0,6.144149515792365
Premier_League,2008,West Brom,"[0, 0, 1, 0, 1, 1, 0, 0, 0, 0, 0, 0, 0, 0, 1, 0, 1, 0, 1, 0, 0, 0, 0, 0, 0, 0, 1, 0, 1, 0]",30,15,15,8,4,4,1.5862804490834466,2.0,1.4619883040935673,11,2.47026320502652,11.0,4.717814634594661
Premier_League,2008,West Ham,"[1, 0, 1, 0, 1, 1, 0, 0, 0, 0, 0, 1, 0, 0, 1, 1, 1, 1, 0, 0, 1, 1, 1, 0, 0, 1, 0, 0, 1]",29,15,14,14,6,8,1.2136503743554463,1.2164843668925804,1.109877913429523,6,2.6552760371067885,6.0,4.868476593550827
Premier_League,2008,Wigan,"[0, 0, 1, 1, 0, 0, 0, 0, 1, 1, 1, 0, 1, 1, 1, 1, 0, 0, 0, 0, 1, 1, 0, 0, 0, 0, 0, 0, 1]",29,15,14,12,8,4,4.083455123877158,11.358749492184556,5.405405405405405,7,7.075727242646281,13.0,28.068510104065005
Premier_League,2009,Arsenal,"[1, 1, 0, 0, 1, 1, 1, 1, 1, 1, 0, 0, 1, 1, 1, 1, 1, 1, 1, 0, 0, 1, 1, 1, 1, 1, 1, 1, 0, 0, 0, 1]",32,16,16,23,12,11,2.0691409914532803,2.881065531983058,2.1186440677966103,4,14.241345122166537,4.0,77.50016365084295
Premier_League,2009,Aston Villa,"[0, 1, 1, 1, 1, 0, 1, 0, 1, 1, 1, 1, 1, 0, 0, 1, 1, 1, 0, 1, 1, 1, 1, 0, 0]",25,13,12,17,10,7,3.023293595710204,6.259805731294259,4.11522633744856,2,9.765625000000004,2.0,63.27261918918709
Premier_League,2009,Birmingham,"[0, 1, 0, 0, 1, 0, 0, 0, 1, 1, 1, 1, 1, 1, 1, 0, 1, 0, 0, 1, 1, 0, 0, 0, 0, 1, 0]",27,14,13,13,8,5,2.9523787926769582,6.029675402422016,3.436426116838488,6,7.82987049990169,6.0,24.961574419987745
Premier_League,2009,Blackburn,"[0, 0, 1, 0, 1, 0, 1, 0, 0, 1, 1, 0, 0, 0, 0, 1, 1, 0, 1, 1, 0, 0, 1, 1, 0, 1, 1]",27,14,13,13,5,8,1.1191361179045518,1.0986839253964995,1.027749229188078,7,1.245823646238193,7.0,1.4084473049440953
Premier_League,2009,Bolton,"[0, 0, 0, 1, 1, 0, 1, 0, 0, 0, 0, 1, 0, 0, 1, 0, 0, 0, 1, 1, 0, 1, 0, 0, 0, 0, 1, 0, 1]",29,15,14,10,5,5,1.5243442158298035,1.8063123857418013,1.447178002894356,7,1.8376559119696103,7.0,2.834501794042289
Premier_League,2009,Burnley,"[0, 1, 1, 0, 0, 1, 0, 1, 0, 0, 1, 0, 0, 0, 0, 0, 0, 0, 1, 0, 0, 0, 0, 0, 0, 0, 0, 1, 0, 0, 0, 1]",32,16,16,8,5,3,2.4692143901991512,4.828396632130076,2.8328611898016995,13,3.006599218423297,13.0,6.693841365328835
Premier_League,2009,Chelsea,"[1, 1, 1, 1, 1, 1, 0, 1, 0, 1, 1, 1, 1, 1, 0, 1, 1, 1, 1, 1, 1, 0, 1, 0, 1, 1, 1, 1, 1, 0, 1, 1, 1]",33,17,16,27,14,13,1.7321654515180742,2.14002566924764,1.550387596899225,12,2.654415986837664,12.0,4.517778413525622
Premier_League,2009,Everton,"[0, 0, 1, 0, 1, 1, 0, 1, 0, 0, 0, 1, 1, 1, 1, 0, 1, 1, 0, 1, 1, 1, 1, 1, 1]",25,13,12,16,6,10,1.0379886622278,1.027223895953547,1.0070493454179257,10,1.082697577451997,1.0,1.2853423979845302
Premier_League,2009,Fulham,"[1, 0, 0, 1, 0, 0, 1, 1, 0, 1, 1, 1, 0, 0, 0, 0, 0, 1, 1, 1, 0, 0, 0, 1, 0, 1, 0, 0]",28,14,14,12,7,5,2.5063847919407776,4.494293967166614,2.7777777777777777,8,3.866544283353367,2.0,9.816599423376216
Premier_League,2009,Hull,"[0, 0, 1, 0, 0, 0, 1, 0, 0, 1, 1, 0, 0, 0, 0, 1, 0, 0, 0, 0, 0, 1, 0, 0, 0, 0]",26,13,13,6,4,2,2.5408985452370243,5.683759506913711,3.225806451612903,10,3.446462296225002,10.0,9.484342229023648
Premier_League,2009,Liverpool,"[0, 1, 0, 1, 1, 1, 1, 0, 0, 1, 0, 1, 0, 1, 0, 1, 1, 1, 1, 1, 0, 1, 0, 1, 0, 1, 1, 1, 0]",29,15,14,18,8,10,1.1897484842078312,1.1873622442485658,1.0976948408342482,1,2.6363636363636367,1.0,10.364372574775404
Premier_League,2009,Man City,"[1, 1, 1, 1, 0, 1, 1, 0, 1, 1, 1, 1, 0, 1, 0, 1, 1, 1, 0, 1, 1, 1, 0, 1, 0]",25,13,12,18,10,8,2.246334201691869,3.519507458123208,2.202643171806167,3,5.227500836400133,1.0,19.664343416801284
Premier_League,2009,Man United,"[1, 0, 1, 1, 1, 1, 1, 1, 0, 1, 0, 1, 1, 1, 0, 1, 0, 1, 1, 1, 1, 1, 1, 0, 1, 1, 1, 1, 1, 0, 1, 1, 1, 1]",34,17,17,27,12,15,1.1203310993216036,1.1131051986617722,1.0471204188481675,5,1.4615797581954904,5.0,1.945339912776672
Premier_League,2009,Portsmouth,"[0, 0, 0, 0, 0, 0, 0, 1, 0, 1, 0, 0, 0, 1, 0, 1, 0, 0, 0, 0, 0, 0, 1, 0, 0, 1, 0, 0, 0, 1, 0]",31,16,15,7,4,3,1.8158189092996893,2.7051432076543205,1.9267822736030829,15,1.8158189092996895,1.0,3.43045512363755
Premier_League,2009,Stoke,"[1, 0, 1, 0, 0, 1, 1, 0, 1, 0, 0, 0, 0, 1, 1, 1, 0, 0, 1, 1, 0, 0, 1, 0]",24,12,12,11,5,6,1.3895210785133645,1.5175032530974255,1.2422360248447204,4,2.649354382770763,1.0,5.757104735685745
Premier_League,2009,Sunderland,"[1, 0, 1, 0, 1, 0, 1, 1, 0, 0, 1, 0, 0, 0, 0, 0, 0, 0, 1, 1, 0, 1, 0, 1, 1, 0, 0]",27,14,13,11,6,5,1.8100308448907696,2.4499781008658434,1.7123287671232876,2,2.84765625,2.0,8.968856748962668
Premier_League,2009,Tottenham,"[1, 1, 1, 1, 0, 0, 1, 1, 0, 0, 1, 1, 0, 1, 1, 1, 0, 1, 0, 1, 1, 1, 1, 1, 0, 1, 1, 0, 1, 1, 0]",31,16,15,21,11,10,1.7830201103701138,2.2189871038353384,1.663893510815308,1,3.0999999999999996,1.0,14.211991206308864
Premier_League,2009,West Ham,"[1, 0, 0, 0, 0, 0, 1, 0, 1, 0, 0, 0, 1, 0, 0, 1, 1, 0, 0, 0, 0, 0, 0, 1, 0, 1, 0]",27,14,13,8,4,4,1.5028513556869714,1.819094957669333,1.3966480446927374,10,2.5463063464836906,10.0,4.9917725993701545
Premier_League,2009,Wigan,"[1, 0, 0, 0, 1, 0, 1, 0, 1, 0, 0, 1, 0, 0, 0, 1, 0, 0, 0, 0, 1, 0, 0, 1, 0, 0, 1, 0, 0]",29,15,14,9,5,4,1.8171642779963415,2.558221385615472,1.855287569573284,13,2.5715494329581188,2.0,6.144149515792365
Premier_League,2009,Wolves,"[0, 1, 0, 0, 1, 0, 0, 0, 0, 0, 1, 1, 0, 1, 0, 0, 0, 0, 1, 0, 0, 0, 1, 1, 0, 0, 1]",27,14,13,9,5,4,1.8114671956806268,2.5466317660905053,1.858736059479554,13,1.8114671956806268,13.0,2.5466317660905053
Premier_League,2010,Arsenal,"[1, 1, 1, 0, 0, 1, 1, 1, 0, 1, 1, 0, 1, 1, 0, 1, 1, 1, 1, 1, 1, 1, 1, 0, 1, 0, 0]",27,14,13,19,10,9,1.7612042304154774,2.22085967034325,1.6611295681063123,4,12.35679408482143,2.0,85.0494624969084
Premier_League,2010,Aston Villa,"[1, 0, 1, 0, 1, 0, 0, 1, 0, 0, 0, 1, 0, 0, 0, 1, 1, 0, 1, 0, 0, 1, 1, 0, 1, 1]",26,13,13,12,5,7,1.2530304227800353,1.275023464644205,1.1235955056179776,13,1.2530304227800353,7.0,1.328981511838617
Premier_League,2010,Birmingham,"[1, 0, 0, 0, 1, 0, 1, 0, 0, 1, 0, 1, 1, 0, 0, 0, 1, 1, 0, 0, 0, 0, 0]",23,12,11,8,5,3,2.3169831150268667,4.263807401259858,2.538071065989848,5,8.475842633744856,5.0,30.814578933877407
Premier_League,2010,Blackburn,"[1, 0, 0, 1, 0, 0, 0, 1, 1, 0, 1, 0, 1, 0, 0, 1, 0, 1, 0, 1, 0, 0, 0, 0, 0, 0, 1, 1]",28,14,14,11,6,5,1.9683259886695428,2.862086060341679,1.976284584980237,8,3.0257165729822972,8.0,6.10466327055736
Premier_League,2010,Blackpool,"[1, 0, 1, 0, 0, 1, 0, 0, 1, 0, 1, 1, 1, 0, 0, 1, 0, 0, 0, 0, 0, 1, 0, 0, 0, 0, 0, 1, 0]",29,15,14,10,7,3,4.298108362791285,13.067995015264994,6.664889362836577,13,8.285338265445228,13.0,39.116885205876066
Premier_League,2010,Bolton,"[1, 0, 1, 0, 1, 1, 1, 0, 1, 0, 1, 0, 0, 0, 0, 1, 0, 1, 1, 0, 0, 1, 1, 0, 0, 0, 0, 0]",28,14,14,12,7,5,2.5063847919407776,4.494293967166614,3.134796238244514,5,16.413085937500004,5.0,61.29792269616904
Premier_League,2010,Chelsea,"[1, 1, 1, 1, 1, 0, 1, 1, 1, 0, 1, 0, 0, 0, 1, 0, 1, 1, 1, 0, 1, 1, 1, 1, 1, 1, 1, 1, 0, 0]",30,15,15,21,10,11,1.4222079174897295,1.5271002992542166,1.2453300124533002,2,11.111111111111109,2.0,78.90380933182651
Premier_League,2010,Everton,"[0, 0, 0, 1, 1, 1, 0, 0, 1, 0, 1, 0, 1, 0, 1, 1, 1, 1, 1, 0, 1, 0, 1]",23,12,11,13,5,8,1.085787923903219,1.0714369991837749,1.020408163265306,4,1.7126132190942471,4.0,2.5899863732248165
Premier_League,2010,Fulham,"[1, 0, 0, 1, 0, 0, 0, 0, 1, 0, 1, 1, 0, 1, 1, 0, 1, 0, 1, 1, 0, 1]",22,11,11,11,4,7,1.1277533039647578,1.1116206796951165,1.0515247108307044,2,1.3333333333333333,2.0,2.0
Premier_League,2010,Liverpool,"[0, 1, 0, 0, 0, 1, 1, 1, 0, 1, 0, 1, 0, 0, 1, 0, 0, 1, 1, 1, 1, 0, 1, 1, 0, 1, 1, 1, 1, 0, 0]",31,16,15,17,7,10,1.1336617836420049,1.1111665162585505,1.037344398340249,2,4.903061224489795,2.0,18.6689410652219
Premier_League,2010,Man City,"[1, 0, 1, 1, 1, 1, 0, 0, 1, 1, 1, 1, 0, 1, 1, 1, 1, 0, 1, 0, 1, 0, 1, 0, 1, 1, 0, 1, 1, 1]",30,15,15,21,11,10,2.063945400892388,2.897172134819273,1.968503937007874,13,2.8927949908283797,13.0,5.312343939268442
Premier_League,2010,Man United,"[1, 1, 1, 1, 1, 1, 1, 1, 1, 1, 1, 1, 1, 1, 1, 0, 1, 1, 0, 0, 1, 1, 1, 1, 0, 1, 1]",27,14,13,23,14,9,8.779729220955149,81.53715640163713,24.826216484607745,12,11.252722726442107,12.0,129.8291907334062
Premier_League,2010,Newcastle,"[0, 1, 0, 1, 0, 0, 1, 1, 1, 0, 0, 0, 1, 0, 0, 1, 1, 0, 1, 0, 0, 1, 0, 0, 1]",25,13,12,11,6,5,1.8011572900901784,2.4350205521816366,1.7421602787456445,6,2.165308614667227,6.0,3.663061861309743
Premier_League,2010,Stoke,"[0, 0, 0, 1, 1, 1, 0, 0, 0, 0, 1, 1, 1, 0, 1, 0, 1, 0, 1, 0, 0, 1, 0, 0, 0, 1, 0, 1, 1, 0, 0]",31,16,15,13,7,6,1.8212226163167815,2.4023004238720205,1.7985611510791366,2,2.9660493827160503,2.0,9.345169955707295
Premier_League,2010,Sunderland,"[0, 1, 1, 0, 1, 1, 0, 1, 1, 0, 0, 1, 1, 1, 0, 0, 0, 0, 0, 0, 0, 0, 1, 0, 1, 0, 1]",27,14,13,12,9,3,10.022991290418943,63.88124363639353,26.253609871357312,13,10.022991290418943,13.0,63.88124363639353
Premier_League,2010,Tottenham,"[1, 0, 1, 0, 1, 1, 0, 0, 1, 1, 1, 1, 1, 1, 0, 1, 1, 1, 0, 1, 0, 0, 1, 1]",24,12,12,16,8,8,1.6476491652327578,2.0,1.485884101040119,6,3.128755364806867,6.0,6.302974375068753
Premier_League,2010,West Brom,"[0, 1, 0, 1, 1, 1, 0, 0, 0, 0, 1, 1, 0, 0, 0, 0, 0, 1, 0, 0, 1, 1, 1, 0, 1, 0, 1]",27,14,13,12,6,6,1.5175105332061891,1.759386916159739,1.3966480446927374,13,1.5175105332061893,2.0,1.7691001962304351
Premier_League,2010,West Ham,"[0, 0, 0, 0, 1, 0, 0, 0, 1, 0, 0, 1, 1, 0, 0, 1, 0, 1, 1, 0, 0, 0, 0, 0, 0, 0]",26,13,13,7,4,3,1.9231719424486764,3.0377264526688803,1.9455252918287935,7,8.98541683954055,7.0,33.1669317588171
Premier_League,2010,Wigan,"[0, 0, 1, 0, 1, 0, 0, 1, 0, 0, 1, 0, 0, 0, 1, 0, 0, 1, 0, 1, 0, 1, 1]",23,12,11,9,4,5,1.294771086918406,1.3810708078069205,1.1778563015312131,11,1.294771086918406,11.0,1.3810708078069203
Premier_League,2010,Wolves,"[1, 0, 0, 0, 0, 0, 1, 0, 0, 0, 0, 1, 0, 1, 0, 1, 0, 1, 0, 0, 0, 1, 0, 1, 1, 0, 0, 0, 1, 1, 0]",31,16,15,11,5,6,1.3478391270096877,1.4397425854163357,1.2391573729863692,6,1.5691366354314003,1.0,4.435357221530362
Premier_League,2011,Arsenal,"[0, 0, 1, 0, 1, 0, 1, 1, 1, 1, 1, 1, 1, 0, 1, 1, 0, 0, 0, 1, 1, 1, 1, 1, 1, 1, 0, 1, 1, 0, 1]",31,16,15,21,11,10,1.7830201103701138,2.2189871038353384,1.6501650165016502,5,1.931661223939005,2.0,3.454635197816704
Premier_League,2011,Aston Villa,"[1, 1, 0, 0, 1, 0, 0, 1, 0, 0, 1, 0, 1, 0, 0, 1, 0, 0, 0, 0, 0]",21,11,10,7,5,2,3.342900815217388,9.236927206164427,4.366812227074236,5,7.5937499999999964,5.0,28.540629728246465
Premier_League,2011,Blackburn,"[0, 0, 0, 1, 0, 0, 0, 0, 0, 1, 0, 0, 0, 1, 0, 1, 0, 0, 1, 0, 1, 1, 0, 0, 0, 0, 0, 1, 0, 0, 0]",31,16,15,8,4,4,1.5161054609588012,1.8443340688822447,1.485884101040119,9,3.5539306678231024,9.0,8.631660129162945
Premier_League,2011,Bolton,"[1, 0, 0, 0, 0, 0, 0, 1, 0, 0, 1, 0, 0, 0, 0, 0, 1, 0, 1, 0, 1, 0, 0, 0, 0, 1, 1, 1, 0, 0, 1, 0]",32,16,16,10,3,7,1.1010830961100733,1.0678766015783263,1.026694045174538,4,1.588327961028574,1.0,4.053903505464522
Premier_League,2011,Chelsea,"[1, 1, 1, 0, 1, 1, 1, 0, 0, 1, 0, 1, 1, 1, 0, 1, 1, 0, 1, 0, 1, 0, 1, 1, 1, 0, 0, 1]",28,14,14,18,10,8,2.623469456875555,4.648755263783788,2.7777777777777777,3,3.4300000000000006,3.0,8.461073990807343
Premier_League,2011,Everton,"[0, 1, 1, 0, 0, 0, 1, 0, 0, 1, 1, 0, 0, 1, 1, 0, 0, 1, 1, 1, 0, 0, 1, 1, 1, 1, 1]",27,14,13,15,6,9,1.1108279912740078,1.0918230694676767,1.034126163391934,12,1.166923659058141,1.0,1.2210386365176369
Premier_League,2011,Fulham,"[0, 0, 1, 0, 0, 1, 0, 1, 0, 1, 0, 1, 0, 1, 0, 1, 1, 1, 0, 0, 0, 1, 1, 1, 0, 1, 1, 0]",28,14,14,14,6,8,1.2689954302532724,1.2900660638831267,1.1261261261261262,1,2.0,1.0,6.482738804557699
Premier_League,2011,Liverpool,"[1, 1, 0, 0, 1, 1, 1, 1, 0, 1, 1, 1, 0, 0, 1, 0, 0, 0, 1, 0, 0, 0, 1, 0, 1, 0, 1, 0]",28,14,14,14,9,5,4.71753527209905,15.317452113908852,7.835148476063622,13,7.494967978042086,13.0,34.40137399307589
Premier_League,2011,Man City,"[1, 1, 1, 1, 1, 1, 1, 1, 1, 1, 1, 1, 0, 1, 1, 0, 1, 1, 1, 0, 1, 1, 1, 1, 0, 1, 0, 1, 1, 1, 1, 1, 1]",33,17,16,28,15,13,2.2444940360427394,3.472573045118508,2.2831050228310503,14,2.7908004844080887,14.0,5.1548354181813565
Premier_League,2011,Man United,"[1, 1, 1, 1, 1, 1, 0, 1, 1, 1, 1, 1, 1, 1, 1, 0, 0, 1, 1, 1, 1, 1, 1, 1, 1, 1, 1, 1, 0, 1, 0, 1, 1]",33,17,16,28,14,14,1.3856886359912752,1.5154299599902783,1.2150668286755772,5,5.967011835560047,5.0,21.62076506731853
Premier_League,2011,Newcastle,"[1, 1, 1, 1, 1, 1, 1, 0, 0, 0, 0, 1, 0, 1, 1, 0, 1, 1, 0, 0, 1, 1, 1, 1, 1, 1, 0, 1, 0, 0]",30,15,15,19,10,9,2.039949232674976,2.837740117733257,2.066115702479338,2,7.438016528925618,2.0,36.78490141769855
Premier_League,2011,Norwich,"[0, 0, 1, 1, 0, 1, 0, 0, 1, 0, 1, 0, 1, 1, 0, 1, 1, 0, 0, 0, 1, 0, 1, 0, 0, 0, 1]",27,14,13,12,7,5,2.2576231382650804,3.659049460573796,2.3980815347721824,10,3.597810587085852,10.0,8.107958549340413
Premier_League,2011,QPR,"[0, 1, 0, 1, 0, 1, 0, 0, 1, 0, 0, 0, 0, 0, 0, 0, 1, 0, 0, 0, 0, 1, 0, 1, 0, 1, 0, 1, 0, 1, 0]",31,16,15,10,4,6,1.216497445211547,1.2284627322488924,1.0905125408942202,1,1.476190476190476,1.0,4.140715859536046
Premier_League,2011,Stoke,"[1, 1, 0, 0, 1, 0, 0, 0, 0, 1, 1, 1, 1, 0, 1, 0, 0, 0, 0, 1, 1, 0, 0, 1, 0, 0]",26,13,13,11,7,4,3.426605806796671,8.557874164771274,4.878048780487805,11,4.091278843150703,11.0,10.875340725947853
Premier_League,2011,Sunderland,"[0, 0, 1, 0, 0, 1, 0, 0, 0, 1, 0, 1, 1, 1, 0, 1, 1, 1, 0, 0, 1, 0, 1, 0, 0, 0]",26,13,13,11,5,6,1.398057804285396,1.5283489660964469,1.2755102040816326,3,5.2077037037037055,3.0,17.422586635829248
Premier_League,2011,Swansea,"[0, 0, 1, 0, 1, 0, 1, 0, 0, 1, 0, 1, 1, 0, 1, 0, 0, 1, 1, 1, 0, 0, 0, 0, 1, 0, 1]",27,14,13,12,6,6,1.5175105332061891,1.759386916159739,1.408450704225352,7,3.054990179640718,7.0,6.132910247183952
Premier_League,2011,Tottenham,"[0, 0, 1, 1, 1, 1, 1, 1, 1, 1, 1, 1, 0, 1, 1, 1, 1, 0, 1, 1, 0, 0, 0, 1, 0, 0, 1, 1, 1]",29,15,14,20,12,8,4.060403547956142,10.88867867560566,5.813953488372093,9,8.929855141293878,9.0,36.018156878201
Premier_League,2011,West Brom,"[0, 0, 0, 1, 0, 1, 1, 0, 0, 1, 0, 0, 1, 1, 0, 0, 0, 1, 0, 1, 1, 1, 0, 0, 0, 1, 0, 1, 1, 0]",30,15,15,13,6,7,1.426420240978409,1.553454308643979,1.3003901170351104,8,1.9379260953869761,1.0,5.35080905235746
Premier_League,2011,Wigan,"[1, 0, 0, 0, 0, 0, 0, 0, 0, 1, 0, 1, 0, 0, 0, 0, 0, 1, 0, 1, 1, 0, 1, 1, 0, 1, 1, 1]",28,14,14,11,3,8,1.0548851444488196,1.0272314659787647,1.0101010101010102,14,1.0548851444488196,1.0,1.1145301834117032
Premier_League,2011,Wolves,"[1, 1, 0, 0, 0, 0, 0, 0, 1, 0, 0, 1, 0, 0, 0, 0, 0, 1, 0, 0, 0, 0, 0, 0, 0, 0, 0, 0]",28,14,14,5,4,1,3.883896266703749,14.41007961076004,6.0606060606060606,10,7.149932688462423,10.0,30.336895535130914
Premier_League,2012,Arsenal,"[1, 1, 0, 1, 0, 1, 0, 1, 0, 1, 1, 1, 1, 0, 0, 1, 1, 1, 1, 0, 1, 1, 1, 1, 1, 1, 1, 1]",28,14,14,21,9,12,1.1123079199226675,1.1052351064558052,1.037344398340249,14,1.1123079199226675,1.0,1.385587906292801
Premier_League,2012,Aston Villa,"[0, 0, 1, 0, 0, 0, 1, 0, 0, 1, 1, 0, 0, 0, 0, 0, 1, 0, 0, 1, 1, 0, 1, 0, 1, 1, 0]",27,14,13,10,4,6,1.199206116920428,1.2080967587926457,1.0940919037199124,1,1.588235294117647,1.0,4.603370271892037
Premier_League,2012,Chelsea,"[1, 1, 1, 1, 1, 1, 1, 0, 0, 0, 1, 1, 1, 1, 0, 1, 1, 0, 1, 0, 1, 1, 0, 1, 1, 1, 1, 1, 1]",29,15,14,22,11,11,1.4423529422195214,1.589641220628388,1.2755102040816326,12,1.7176954720176638,12.0,2.156623993465693
Premier_League,2012,Everton,"[1, 1, 0, 1, 1, 1, 0, 1, 1, 1, 0, 1, 1, 0, 0, 1, 1, 1, 1, 0, 1, 1, 0]",23,12,11,16,9,7,2.256332501255216,3.609520895309934,2.331002331002331,1,3.2857142857142856,1.0,16.374106824887203
Premier_League,2012,Fulham,"[1, 0, 0, 1, 1, 0, 1, 0, 0, 0, 1, 0, 0, 0, 1, 0, 1, 0, 1, 1, 1, 0, 0, 0, 0, 0, 0, 1]",28,14,14,11,5,6,1.4047185470557153,1.5370321067848536,1.321003963011889,7,5.94682060487744,7.0,16.9703870786266
Premier_League,2012,Liverpool,"[0, 0, 0, 1, 1, 1, 0, 1, 1, 0, 1, 0, 1, 1, 0, 1, 0, 1, 1, 1, 0, 1, 1, 1, 1]",25,13,12,16,7,9,1.1563562930015143,1.1567034966686496,1.0615711252653928,11,1.2216590699227545,1.0,1.2853423979845302
Premier_League,2012,Man City,"[1, 1, 1, 1, 1, 1, 1, 1, 1, 0, 1, 1, 0, 1, 1, 1, 1, 0, 1, 1, 0, 1, 1, 1, 0, 1, 1, 1, 0]",29,15,14,23,13,10,3.070132652406014,6.422501078608916,3.571428571428572,1,4.833333333333334,1.0,43.18607546667916
Premier_League,2012,Man United,"[0, 1, 1, 1, 1, 0, 1, 1, 1, 1, 1, 0, 1, 1, 1, 1, 1, 1, 1, 1, 1, 1, 1, 1, 1, 1, 1, 1, 0, 1, 1, 0, 1]",33,17,16,28,14,14,1.3856886359912752,1.5154299599902783,1.182033096926714,5,5.967011835560047,5.0,21.62076506731853
Premier_League,2012,Newcastle,"[1, 0, 1, 0, 1, 0, 0, 0, 0, 1, 0, 0, 1, 0, 0, 0, 0, 1, 1, 0, 1, 0, 1, 0, 0, 1, 0, 0, 1, 0]",30,15,15,11,5,6,1.4100571929439547,1.5441465800036185,1.2987012987012987,7,2.023468883251646,1.0,4.555872959522993
Premier_League,2012,Norwich,"[0, 0, 0, 0, 1, 1, 1, 1, 1, 1, 0, 0, 0, 0, 0, 1, 0, 0, 0, 1, 0, 0, 1, 1]",24,12,12,10,6,4,2.5534582227681693,4.906459000638238,2.9069767441860463,12,2.5534582227681693,12.0,4.906459000638238
Premier_League,2012,QPR,"[0, 0, 0, 0, 0, 0, 0, 0, 0, 1, 0, 0, 0, 1, 0, 0, 1, 1, 0, 0, 0, 0, 0, 0, 0]",25,13,12,4,1,3,1.1253258519008256,1.1352481271084158,1.0526315789473684,7,3.3887926584726418,7.0,11.522850299600433
Premier_League,2012,Reading,"[0, 0, 0, 0, 1, 0, 0, 0, 0, 0, 0, 0, 1, 0, 1, 1, 1, 0, 0, 0, 0, 0, 0, 0, 0, 1, 0, 0]",28,14,14,6,2,4,1.19392127873262,1.2172716140370454,1.0787486515641855,11,3.548369718798906,11.0,9.969976437586565
Premier_League,2012,Southampton,"[0, 0, 0, 0, 1, 0, 0, 0, 0, 1, 1, 0, 1, 0, 1, 0, 1, 0, 0, 1, 1, 1, 0, 0]",24,12,12,9,3,6,1.133480333139697,1.1147670582566984,1.0593220338983051,2,2.56,2.0,7.918931767358503
Premier_League,2012,Stoke,"[0, 1, 0, 0, 1, 1, 1, 1, 1, 0, 0, 0, 0, 1, 0, 0, 0, 0, 0, 0, 1, 1, 0]",23,12,11,9,6,3,3.1524310523127923,7.558906938085354,3.891050583657588,9,4.024151148282087,9.0,10.94076638189925
Premier_League,2012,Sunderland,"[1, 0, 0, 0, 1, 0, 0, 0, 1, 0, 1, 1, 0, 0, 1, 1, 0, 0, 0, 0, 0, 0, 1, 1, 0, 0]",26,13,13,9,5,4,1.951768436933352,2.940441787201652,1.9083969465648856,10,3.70366261700828,10.0,9.27798900669684
Premier_League,2012,Swansea,"[1, 1, 0, 0, 0, 1, 0, 1, 1, 1, 0, 0, 1, 1, 0, 1, 0, 1, 0, 0, 0, 0, 1, 0, 0]",25,13,12,11,7,4,3.033829299860689,6.623806683184078,3.8461538461538463,7,8.907799932788055,7.0,32.27284140292041
Premier_League,2012,Tottenham,"[0, 1, 1, 1, 1, 0, 1, 0, 0, 0, 1, 1, 1, 0, 1, 1, 1, 1, 1, 1, 1, 1, 0, 0, 1, 1, 1, 1, 1]",29,15,14,21,9,12,1.0741654582844626,1.0647206094192052,1.026694045174538,7,1.6203327691368699,7.0,2.1127942123007233
Premier_League,2012,West Brom,"[1, 1, 0, 1, 1, 0, 0, 1, 1, 1, 1, 0, 0, 0, 1, 1, 0, 0, 0, 0, 0, 1, 1, 0, 1, 0, 0, 1, 0, 0, 0]",31,16,15,14,10,4,8.481570070008695,44.32064260608884,20.70822116380203,15,8.481570070008695,15.0,44.32064260608884
Premier_League,2012,West Ham,"[1, 0, 1, 1, 0, 1, 0, 1, 0, 0, 1, 0, 0, 0, 1, 0, 0, 0, 1, 0, 0, 1, 0, 1, 1, 0, 0, 1]",28,14,14,12,6,6,1.6379481654980252,2.0,1.615508885298869,13,2.0423144601931806,13.0,3.0224718660857524
Premier_League,2012,Wigan,"[0, 1, 0, 0, 0, 0, 1, 1, 0, 0, 1, 0, 0, 0, 0, 0, 1, 0, 0, 0, 1, 0, 1, 1, 0, 0, 1, 0, 0]",29,15,14,9,4,5,1.3267542937818892,1.4272484050108831,1.1933174224343674,2,2.1024999999999996,2.0,6.144149515792365
Premier_League,2013,Arsenal,"[0, 1, 1, 1, 1, 1, 1, 1, 1, 0, 1, 1, 1, 0, 1, 1, 1, 1, 1, 1, 0, 1, 0, 1, 0, 0, 1, 1, 1, 1, 1]",31,16,15,24,13,11,2.225762223210068,3.3427568975870385,2.123142250530785,11,4.492819948123708,11.0,11.530060935422208
Premier_League,2013,Aston Villa,"[1, 0, 0, 0, 1, 1, 0, 0, 1, 1, 0, 0, 0, 0, 1, 0, 1, 0, 0, 0, 1, 1, 0, 0, 0, 0, 0, 1, 0, 0]",30,15,15,10,6,4,2.4748506697611243,4.5601919865237965,3.058103975535168,8,5.125781249999996,8.0,13.852667703132047
Premier_League,2013,Cardiff,"[0, 1, 0, 1, 0, 0, 1, 0, 0, 0, 1, 0, 0, 0, 0, 0, 0, 1, 0, 0, 0, 1, 0, 0, 0, 1, 0, 0, 0]",29,15,14,7,4,3,1.8120484192171664,2.695946560408866,1.7543859649122806,3,2.2904770848985727,3.0,6.61925075328831
Premier_League,2013,Chelsea,"[1, 1, 0, 1, 1, 1, 1, 0, 1, 1, 1, 0, 1, 1, 1, 1, 1, 1, 1, 1, 1, 1, 1, 0, 1, 0, 1, 1, 0, 1, 1]",31,16,15,25,13,12,1.7319403675500633,2.150885509061355,1.567398119122257,8,5.289553560364202,8.0,15.206671314438868
Premier_League,2013,Crystal Palace,"[0, 0, 1, 0, 0, 0, 0, 0, 0, 0, 1, 0, 1, 1, 0, 0, 1, 0, 0, 1, 1, 0, 1, 0, 0, 0, 1, 1, 1, 1, 1, 0]",32,16,16,13,4,9,1.0691559560908022,1.037296180137538,1.0131712259371837,1,1.6842105263157894,1.0,4.991502923470072
Premier_League,2013,Everton,"[1, 1, 1, 0, 1, 1, 1, 1, 1, 1, 0, 1, 1, 0, 1, 0, 0, 1, 1, 1, 1, 1, 1, 1, 0, 1, 0, 0, 1]",29,15,14,21,12,9,2.960677196808087,5.812522545340308,3.7735849056603774,5,7.53873501893583,5.0,26.79062372040708
Premier_League,2013,Fulham,"[1, 0, 0, 0, 0, 1, 1, 0, 0, 0, 0, 0, 0, 1, 0, 0, 1, 0, 1, 0, 0, 0, 0, 0, 0, 0, 1, 0, 0, 1, 1, 0, 0]",33,17,16,9,5,4,1.826072375116226,2.576970183461996,1.9083969465648856,14,2.2578498003226732,2.0,5.382478389924695
Premier_League,2013,Hull,"[0, 1, 0, 1, 1, 0, 0, 1, 0, 0, 1, 0, 0, 1, 0, 0, 0, 0, 1, 0, 1, 0, 0, 1, 0, 0, 1, 0, 0, 0, 0]",31,16,15,10,6,4,2.277106407302008,3.8532421201033102,2.6455026455026456,4,4.748643826389209,4.0,14.369386200601236
Premier_League,2013,Liverpool,"[1, 1, 1, 0, 1, 1, 1, 0, 1, 0, 1, 1, 1, 1, 0, 0, 1, 1, 1, 1, 1, 1, 1, 1, 1, 1, 1, 1, 1, 1, 0, 1]",32,16,16,26,11,15,1.0374222121779535,1.0362916254181271,1.0050251256281406,2,2.942528735632184,2.0,8.256335984434584
Premier_League,2013,Man City,"[1, 0, 1, 1, 0, 1, 1, 0, 1, 0, 1, 1, 1, 1, 1, 1, 1, 1, 1, 1, 1, 0, 1, 1, 1, 1, 1, 0, 1, 1, 1, 1, 1]",33,17,16,27,13,14,1.2250584642966895,1.259171243948532,1.1049723756906078,12,1.4924617961278464,6.0,1.8437941880893527
Premier_League,2013,Man United,"[1, 0, 1, 0, 0, 1, 1, 1, 1, 0, 0, 1, 1, 1, 1, 0, 1, 0, 1, 0, 1, 1, 0, 1, 0, 1, 1, 0, 1, 0, 1]",31,16,15,19,10,9,1.7978820450629376,2.2562155527070686,1.6920473773265652,14,2.109691010322911,4.0,3.2290769365869405
Premier_League,2013,Newcastle,"[0, 1, 1, 0, 0, 1, 0, 1, 1, 1, 1, 0, 1, 1, 1, 0, 0, 0, 1, 0, 0, 0, 1, 1, 0, 1, 0, 0, 0, 0, 0, 0, 1, 0]",34,17,17,15,10,5,6.076255277324689,23.76102529945391,11.971746677840295,8,14.372798248540917,8.0,50.714600861126435
Premier_League,2013,Norwich,"[0, 1, 0, 0, 1, 0, 0, 0, 1, 0, 1, 0, 1, 0, 0, 0, 1, 0, 0, 1, 0, 0, 1, 0, 0, 0, 0, 0, 0]",29,15,14,8,5,3,2.312646433765005,4.22367554689059,2.506265664160401,6,6.935411256386423,6.0,22.32756011649597
Premier_League,2013,Southampton,"[1, 0, 1, 1, 1, 1, 1, 0, 0, 0, 0, 1, 0, 0, 1, 1, 1, 0, 0, 1, 1, 0, 1, 0, 0, 1, 1]",27,14,13,15,7,8,1.316508931008271,1.3760742381167328,1.183431952662722,10,2.0783818656148374,10.0,3.0491965448899645
Premier_League,2013,Stoke,"[0, 1, 1, 0, 0, 0, 0, 1, 0, 1, 1, 0, 0, 0, 0, 0, 1, 0, 1, 1, 1, 1, 0, 1, 0, 1, 1]",27,14,13,13,5,8,1.1191361179045518,1.0986839253964995,1.034126163391934,5,1.1979040675405546,5.0,1.3858205225840647
Premier_League,2013,Sunderland,"[0, 0, 0, 0, 0, 0, 0, 1, 0, 1, 0, 0, 0, 1, 0, 1, 1, 1, 0, 0, 0, 0, 0, 0, 0, 1, 1, 1, 1, 0]",30,15,15,10,3,7,1.0967697479454055,1.0645858982458871,1.0298661174047374,12,1.583479333524026,1.0,4.237101333923014
Premier_League,2013,Swansea,"[0, 0, 1, 1, 0, 0, 1, 0, 1, 0, 1, 0, 0, 0, 0, 0, 1, 0, 1, 0, 0, 0, 1, 0, 0, 1, 1, 0, 1]",29,15,14,11,5,6,1.3381468479420802,1.4258931511871338,1.2195121951219512,10,1.4620490976884117,10.0,1.766308703242731
Premier_League,2013,Tottenham,"[1, 1, 0, 1, 1, 0, 1, 1, 0, 0, 1, 1, 0, 1, 1, 1, 1, 1, 0, 1, 1, 0, 1, 0, 0, 1, 0, 1, 1, 1, 0, 1]",32,16,16,21,11,10,2.046084089127887,2.8178989916434563,2.0,11,3.169919529249682,11.0,5.890135956917596
Premier_League,2013,West Brom,"[0, 0, 1, 1, 0, 1, 0, 0, 0, 0, 1, 0, 0, 0, 0, 1, 0, 1, 0, 1, 0, 0, 0]",23,12,11,7,4,3,1.7959676272013094,2.6583380892469943,1.8691588785046729,3,2.9704589843750004,3.0,9.122652579775078
Premier_League,2013,West Ham,"[1, 0, 0, 0, 1, 0, 0, 0, 1, 0, 0, 0, 0, 0, 1, 0, 1, 1, 1, 1, 0, 0, 0, 1, 1, 0, 0, 0, 0, 1, 0]",31,16,15,11,4,7,1.13799765185277,1.1158677033977469,1.0559662090813091,6,3.2249407013081397,6.0,7.0573966406618664
Premier_League,2014,Arsenal,"[1, 1, 0, 1, 1, 0, 0, 1, 1, 0, 1, 1, 1, 0, 1, 1, 1, 0, 1, 1, 1, 1, 1, 1, 1, 1, 1, 0, 1]",29,15,14,22,10,12,1.1287348262605967,1.130575774296129,1.0482180293501049,2,2.355742296918767,2.0,5.322996329509512
Premier_League,2014,Aston Villa,"[1, 1, 1, 0, 0, 0, 0, 0, 0, 1, 1, 0, 0, 0, 0, 0, 0, 0, 0, 0, 1, 1, 0, 0, 1, 0, 1, 1, 0, 0]",30,15,15,10,5,5,1.6171499702466807,2.0,1.5105740181268883,2,2.2499999999999996,2.0,6.652851174142439
Premier_League,2014,Burnley,"[0, 0, 0, 0, 0, 0, 1, 1, 0, 1, 0, 0, 1, 0, 0, 0, 0, 0, 1, 0, 0, 0, 0, 0, 1, 1]",26,13,13,7,4,3,1.9231719424486764,3.0377264526688803,2.0202020202020203,13,1.9231719424486764,13.0,3.0377264526688803
Premier_League,2014,Chelsea,"[1, 1, 1, 1, 1, 1, 1, 1, 1, 1, 1, 0, 1, 1, 1, 0, 1, 1, 1, 1, 1, 1, 1, 1, 1, 1, 1, 0, 1]",29,15,14,26,14,12,2.30952040080343,3.993591197600572,2.0242914979757085,2,5.096969696969698,2.0,35.5037863231454
Premier_League,2014,Crystal Palace,"[0, 0, 1, 1, 0, 0, 0, 0, 1, 0, 0, 0, 1, 1, 0, 1, 0, 1, 0, 1, 1, 1, 1, 0, 0, 0, 0, 1, 1]",29,15,14,13,5,8,1.1315443717727154,1.1096503965983031,1.0593220338983051,6,2.247161075660987,6.0,3.809765755679822
Premier_League,2014,Everton,"[0, 1, 0, 0, 1, 1, 1, 0, 0, 1, 0, 0, 0, 0, 1, 0, 0, 0, 1, 1, 1, 1, 1, 0, 0, 1, 0]",27,14,13,12,5,7,1.2022146177738968,1.207325242747786,1.1273957158962795,4,2.499428571428571,1.0,5.524095948810327
Premier_League,2014,Hull,"[1, 0, 0, 1, 0, 0, 0, 0, 0, 0, 1, 0, 1, 0, 0, 0, 1, 1, 0, 0, 0, 0, 1, 1, 0, 0, 0]",27,14,13,8,4,4,1.5028513556869714,1.819094957669333,1.394700139470014,3,2.8696603003353256,3.0,8.575217980509368
Premier_League,2014,Leicester,"[0, 1, 1, 0, 0, 0, 0, 0, 0, 0, 0, 0, 0, 0, 1, 1, 0, 0, 0, 0, 0, 0, 1, 1, 1, 1, 0, 1, 1, 1]",30,15,15,11,3,8,1.059831174898504,1.0299616620477785,1.0060362173038229,14,1.1068733982462642,1.0,1.0996940885795925
Premier_League,2014,Liverpool,"[1, 0, 1, 0, 0, 1, 1, 0, 0, 0, 1, 1, 0, 1, 1, 1, 1, 1, 1, 1, 1, 1, 1, 0, 0, 1, 0, 1, 0, 0]",30,15,15,18,8,10,1.2775923302793617,1.2953842236711035,1.1547344110854505,7,10.388962765957443,7.0,38.04970503439379
Premier_League,2014,Man City,"[1, 1, 0, 1, 1, 1, 0, 1, 1, 1, 1, 1, 1, 1, 1, 1, 0, 1, 1, 0, 1, 0, 1, 0, 0, 1, 1, 1, 1, 1, 1]",31,16,15,24,14,10,4.223812925879863,12.075631429254784,5.681818181818182,15,4.223812925879863,15.0,12.075631429254784
Premier_League,2014,Man United,"[0, 1, 0, 1, 1, 0, 1, 1, 1, 1, 1, 1, 1, 0, 1, 1, 1, 0, 1, 1, 1, 1, 1, 1, 0, 0, 0, 1]",28,14,14,20,10,10,1.6668659918797977,2.0,1.663893510815308,4,13.642045454545457,4.0,75.7373532189417
Premier_League,2014,Newcastle,"[0, 0, 0, 1, 1, 1, 1, 1, 0, 1, 0, 0, 0, 1, 0, 0, 1, 0, 1, 0, 0, 0, 0, 0, 0, 0, 0, 0, 1]",29,15,14,10,7,3,4.298108362791285,13.067995015264994,6.692544505420961,10,10.95596431477109,10.0,45.26633666803524
Premier_League,2014,QPR,"[0, 0, 1, 0, 0, 0, 0, 1, 0, 0, 1, 0, 1, 0, 1, 0, 0, 0, 0, 0, 1, 0, 0, 0, 0, 0, 1, 0, 0, 0, 1, 0]",32,16,16,8,5,3,2.4692143901991512,4.828396632130076,2.865329512893983,16,2.4692143901991512,16.0,4.828396632130076
Premier_League,2014,Southampton,"[0, 1, 1, 1, 1, 0, 1, 1, 1, 1, 0, 0, 0, 0, 1, 1, 1, 1, 1, 0, 1, 0, 0, 1, 1, 0, 1, 0, 0, 0, 1, 0]",32,16,16,18,10,8,2.517949205927246,4.2013850488496525,2.5510204081632653,5,8.398551885432353,5.0,26.57217308318732
Premier_League,2014,Stoke,"[0, 1, 0, 1, 0, 1, 0, 1, 0, 0, 0, 1, 0, 1, 1, 0, 1, 1, 0, 1, 1, 1, 0, 0, 0, 1, 0, 1, 1]",29,15,14,15,7,8,1.33658175102202,1.401193276930233,1.2150668286755772,7,2.1629604848746875,7.0,3.390543373121946
Premier_League,2014,Sunderland,"[0, 1, 0, 0, 1, 0, 1, 0, 0, 0, 0, 1, 0, 0, 0, 0, 1, 0, 1, 1, 0]",21,11,10,7,3,4,1.2708548553719,1.366710012733838,1.1737089201877935,9,1.537734374999999,1.0,4.2669708623537606
Premier_League,2014,Swansea,"[1, 1, 1, 0, 0, 0, 1, 1, 0, 1, 0, 0, 1, 1, 0, 0, 1, 0, 1, 1, 0, 0, 1, 1, 0, 1, 1, 1, 0, 0]",30,15,15,16,8,8,1.6683818641526431,2.0,1.5220700152207,2,4.591836734693877,2.0,17.006615446635898
Premier_League,2014,Tottenham,"[1, 1, 0, 0, 1, 0, 0, 1, 0, 1, 1, 0, 1, 1, 1, 1, 0, 1, 1, 1, 0, 1, 1, 0, 1, 0, 1, 0, 0, 1, 1]",31,16,15,19,10,9,1.7978820450629376,2.2562155527070686,1.6501650165016502,8,2.6586408208366747,8.0,4.478525554041387
Premier_League,2014,West Brom,"[0, 0, 1, 1, 0, 1, 0, 0, 0, 0, 1, 0, 0, 0, 1, 0, 1, 1, 0, 1, 0, 0, 0, 1, 1, 1, 0]",27,14,13,11,4,7,1.1207238255659844,1.0999339125778371,1.042752867570386,1,1.6875,1.0,5.023381836604571
Premier_League,2014,West Ham,"[0, 1, 0, 1, 0, 1, 1, 1, 0, 1, 1, 1, 1, 0, 0, 1, 0, 0, 0, 0, 1, 0, 0, 1, 0, 0, 0]",27,14,13,12,9,3,10.022991290418943,63.88124363639353,26.102845210127903,11,14.281868906495994,11.0,87.79749651122054
Premier_League,2015,Arsenal,"[0, 1, 1, 1, 0, 1, 1, 1, 1, 1, 0, 1, 1, 1, 0, 1, 1, 0, 1, 1, 0, 0, 1, 1, 1, 1, 1]",27,14,13,20,11,9,2.238201664125662,3.4482962377163235,2.145922746781116,13,2.238201664125662,13.0,3.4482962377163235
Premier_League,2015,Aston Villa,"[1, 0, 0, 0, 0, 0, 0, 0, 0, 0, 0, 0, 0, 0, 0, 1, 0, 1, 0, 0, 0, 0, 0, 0, 0, 0, 0, 0, 0, 0]",30,15,15,3,1,2,1.2255819181281231,1.3724975073949208,1.1210762331838564,12,3.5407061614721482,12.0,14.701868730438614
Premier_League,2015,Bournemouth,"[0, 0, 1, 0, 1, 0, 0, 0, 0, 0, 1, 1, 1, 0, 0, 1, 1, 0, 0, 1, 1, 1, 0, 0, 1, 0, 0, 0, 0]",29,15,14,11,5,6,1.3381468479420802,1.4258931511871338,1.2121212121212122,4,6.737549535131838,4.0,21.692230334690997
Premier_League,2015,Chelsea,"[0, 1, 0, 0, 1, 0, 1, 0, 0, 0, 1, 0, 0, 1, 1, 1, 1, 1, 1, 1, 0, 0, 1, 0]",24,12,12,12,4,8,1.0787463787200422,1.0540020228102087,1.019367991845056,4,3.2,4.0,7.317385186919355
Premier_League,2015,Crystal Palace,"[1, 0, 1, 1, 0, 0, 1, 1, 0, 0, 1, 0, 1, 1, 1, 0, 0, 0, 0, 0, 0, 0, 0, 0, 1, 0, 0, 1, 0]",29,15,14,11,9,2,18.233382512753504,178.0093914426987,70.47216349541931,14,18.233382512753504,14.0,178.0093914426987
Premier_League,2015,Everton,"[1, 0, 1, 1, 0, 0, 1, 1, 0, 1, 0, 0, 1, 1, 0, 1, 0, 0, 0, 0, 1, 0, 0, 1]",24,12,12,11,6,5,1.9867909498578888,2.932355002629788,1.99203187250996,8,4.851092643958967,8.0,13.559193345420592
Premier_League,2015,Leicester,"[1, 1, 1, 0, 1, 1, 1, 1, 1, 1, 1, 1, 0, 1, 1, 1, 1, 0, 1, 1, 1, 1, 1, 1, 1, 1]",26,13,13,23,11,12,1.2549350830181452,1.3692202080625515,1.1312217194570136,9,1.4964108083174303,9.0,1.923853450988581
Premier_League,2015,Liverpool,"[1, 1, 0, 0, 1, 1, 0, 1, 1, 0, 0, 1, 1, 0, 0, 1, 0, 1, 1, 1, 0, 1, 1, 1, 0, 1]",26,13,13,16,8,8,1.6573792268189893,2.0,1.492537313432836,13,1.6573792268189893,2.0,2.7509948126749837
Premier_League,2015,Man City,"[1, 1, 1, 1, 1, 0, 0, 1, 1, 1, 0, 1, 0, 1, 0, 1, 1, 1, 1, 0, 0, 0, 1, 0, 1, 1, 1, 1, 0]",29,15,14,19,10,9,1.7822531048924324,2.2402141126481725,1.7006802721088434,10,4.214641627061413,1.0,12.447448585933154
Premier_League,2015,Man United,"[1, 1, 0, 1, 1, 1, 0, 1, 1, 1, 0, 0, 0, 1, 1, 0, 1, 0, 1, 1, 0, 1, 1, 0, 1, 1, 1, 0, 1]",29,15,14,19,10,9,1.7822531048924324,2.2402141126481725,1.680672268907563,14,1.7822531048924324,2.0,3.1630283000291386
Premier_League,2015,Newcastle,"[0, 0, 0, 0, 0, 1, 0, 1, 0, 0, 1, 1, 0, 0, 0, 1, 0, 0, 1, 0, 0, 0, 0, 0, 0, 1, 1, 1]",28,14,14,9,4,5,1.3819950543360615,1.5217617602932303,1.2578616352201255,12,1.5032154228981258,9.0,1.8622596982186466
Premier_League,2015,Norwich,"[0, 1, 0, 1, 0, 0, 0, 0, 1, 0, 0, 1, 0, 1, 1, 0, 0, 0, 0, 0, 0, 0, 0, 1, 1, 0, 0, 0, 0, 1, 0]",31,16,15,9,6,3,3.068932870970817,7.057396640661866,3.861003861003861,15,3.068932870970817,15.0,7.0573966406618664
Premier_League,2015,Southampton,"[0, 1, 0, 1, 1, 1, 1, 0, 0, 0, 0, 1, 0, 0, 1, 1, 1, 1, 1, 0, 0, 1, 1, 0, 1, 1, 1, 1, 1]",29,15,14,18,7,11,1.0580269137100595,1.0399460889896046,1.016260162601626,10,1.2546681226069312,10.0,1.3541824716287296
Premier_League,2015,Stoke,"[0, 0, 0, 1, 1, 1, 0, 1, 1, 0, 1, 0, 1, 1, 0, 1, 0, 0, 0, 1, 1, 1, 0, 1, 0, 0, 0, 0, 1]",29,15,14,14,8,6,2.2392671791806773,3.492564201602757,2.2988505747126435,5,4.76657057371097,5.0,12.175174512200078
Premier_League,2015,Sunderland,"[0, 0, 0, 0, 0, 0, 1, 0, 0, 1, 1, 0, 0, 0, 0, 0, 1, 1, 0, 0, 1, 0, 0, 1, 1, 1]",26,13,13,9,3,6,1.1404595918962377,1.1212023997753855,1.0493179433368311,13,1.1404595918962377,8.0,1.1571693087841528
Premier_League,2015,Swansea,"[1, 1, 0, 0, 0, 1, 0, 0, 0, 0, 0, 1, 0, 0, 1, 1, 0, 0, 1, 1, 0, 1, 1, 0, 0, 1, 1]",27,14,13,12,4,8,1.0689553436212915,1.044374195426154,1.0121457489878545,4,1.3056716417910446,4.0,1.6786543852326954
Premier_League,2015,Tottenham,"[0, 1, 1, 1, 1, 1, 1, 0, 1, 1, 1, 0, 1, 1, 1, 1, 1, 1, 0, 1, 1, 1, 1, 0, 0]",25,13,12,19,10,9,1.7308507224448817,2.1967338249334194,1.6051364365971108,2,17.36111111111111,2.0,229.96993339030564
Premier_League,2015,Watford,"[0, 1, 1, 0, 0, 1, 1, 0, 0, 1, 1, 1, 1, 0, 0, 0, 0, 1, 0, 1, 0, 0, 0, 0, 1, 0, 1, 0, 0]",29,15,14,12,8,4,4.083455123877158,11.358749492184556,6.023007890140336,9,4.837061058627298,9.0,12.5014448471005
Premier_League,2015,West Brom,"[0, 0, 1, 1, 0, 0, 1, 1, 0, 0, 1, 0, 0, 1, 1, 0, 0, 1, 1, 1, 0, 0, 0, 0, 0]",25,13,12,10,5,5,1.503287936727688,1.770193161216196,1.394700139470014,5,12.860082304526752,5.0,48.51209365617496
Premier_League,2015,West Ham,"[1, 0, 0, 1, 1, 1, 1, 1, 0, 0, 1, 1, 1, 0, 1, 0, 1, 1, 1, 1, 1, 0, 1, 0]",24,12,12,16,8,8,1.6476491652327578,2.0,1.4792899408284024,3,3.8571428571428563,1.0,13.462413204579098
Premier_League,2016,Arsenal,"[0, 1, 1, 1, 1, 1, 1, 1, 1, 1, 1, 0, 0, 1, 1, 1, 1, 0, 0, 1, 0, 0, 1, 0, 1, 1, 0, 1, 1, 1, 1, 1]",32,16,16,23,13,10,3.571313322894905,8.396836156385978,4.784688995215311,15,4.438104727438191,15.0,12.462226399303296
Premier_League,2016,Bournemouth,"[0, 0, 1, 0, 1, 1, 0, 0, 1, 0, 1, 0, 1, 0, 0, 1, 0, 0, 0, 0, 0, 1, 1, 0, 0, 1, 1, 1]",28,14,14,12,6,6,1.6379481654980252,2.0,1.572327044025157,12,1.70278298318625,12.0,2.1924551916266153
Premier_League,2016,Burnley,"[0, 1, 0, 0, 1, 0, 0, 1, 1, 0, 0, 0, 1, 0, 0, 1, 1, 0, 1, 0, 1, 0, 0, 0, 0, 1, 0, 0, 1, 0, 0]",31,16,15,11,6,5,1.823279495300805,2.473584629491664,1.838235294117647,10,3.979705402136425,10.0,9.357567034996244
Premier_League,2016,Chelsea,"[1, 1, 1, 0, 0, 1, 1, 1, 1, 1, 1, 1, 1, 1, 1, 1, 1, 1, 0, 1, 1, 1, 1, 1, 1, 0, 1, 1, 0, 1, 1, 1, 1, 1, 1]",35,18,17,30,16,14,2.24114546229291,3.443775437325638,2.1141649048625792,10,2.3300365060864676,10.0,3.6955399907297224
Premier_League,2016,Crystal Palace,"[0, 0, 1, 1, 1, 0, 0, 0, 0, 0, 0, 1, 0, 0, 0, 0, 0, 0, 1, 0, 0, 1, 1, 1, 1, 0, 1, 1, 0, 0, 0, 1, 0]",33,17,16,12,4,8,1.091539404984888,1.060530004704593,1.0235414534288638,5,2.4843198050195134,5.0,4.890723634004548
Premier_League,2016,Everton,"[1, 1, 1, 1, 0, 0, 1, 0, 0, 0, 1, 0, 1, 1, 1, 1, 1, 1, 0, 1, 1, 0, 1, 1, 0, 0, 1, 0]",28,14,14,17,8,9,1.4245592388561574,1.537032106784853,1.277139208173691,4,5.84557152231595,4.0,17.517898681205654
Premier_League,2016,Hull,"[1, 1, 0, 0, 0, 0, 0, 0, 0, 1, 0, 0, 0, 0, 0, 0, 1, 0, 1, 0, 0, 1, 0, 1, 1, 0, 0, 1, 0, 0, 0]",31,16,15,9,3,6,1.1281393102293154,1.1066290067162186,1.0395010395010396,3,2.7978024042073626,3.0,8.205080455341603
Premier_League,2016,Leicester,"[0, 1, 0, 1, 0, 0, 1, 0, 0, 0, 1, 0, 0, 1, 0, 0, 0, 0, 0, 1, 1, 1, 1, 1, 0, 0, 1, 1, 0, 0]",30,15,15,12,5,7,1.2708146454542482,1.2953842236711035,1.1325028312570782,2,2.7777777777777777,2.0,8.620774241736095
Premier_League,2016,Liverpool,"[1, 0, 1, 1, 1, 1, 1, 1, 1, 1, 0, 1, 1, 1, 1, 0, 0, 1, 0, 1, 1, 1, 1, 1, 0, 1, 1, 1]",28,14,14,22,12,10,2.843482019820793,5.602534042157461,2.849002849002849,13,3.360126112734324,13.0,7.629941548117953
Premier_League,2016,Man City,"[1, 1, 1, 1, 1, 1, 0, 1, 1, 1, 0, 0, 1, 1, 1, 0, 1, 0, 1, 1, 1, 1, 0, 1, 1, 1, 1, 1, 1]",29,15,14,23,12,11,1.731660653462399,2.1635809693258823,1.6103059581320451,14,1.731660653462399,14.0,2.1635809693258823
Premier_League,2016,Man United,"[1, 1, 1, 0, 0, 1, 0, 1, 1, 1, 1, 1, 1, 1, 1, 1, 1, 1, 1, 1, 0, 0, 1]",23,12,11,18,9,9,1.3765631932241689,1.529172399526806,1.236093943139679,3,8.248813559322036,3.0,46.449651704130886
Premier_League,2016,Middlesbrough,"[1, 0, 0, 0, 0, 1, 0, 1, 0, 0, 1, 0, 0, 0, 0, 0, 0, 0, 0, 0, 0, 1, 0, 0, 0]",25,13,12,5,4,1,3.637978807091711,12.408657587544567,5.235602094240837,12,3.6379788070917107,12.0,12.408657587544567
Premier_League,2016,Southampton,"[0, 0, 1, 1, 1, 0, 0, 1, 0, 1, 1, 0, 0, 0, 0, 1, 0, 0, 1, 1, 0, 1, 1, 0, 0, 0, 1, 0]",28,14,14,12,6,6,1.6379481654980252,2.0,1.5408320493066257,5,3.455386513157896,5.0,7.859221840131032
Premier_League,2016,Stoke,"[0, 0, 0, 0, 1, 1, 1, 0, 1, 1, 0, 0, 0, 1, 1, 0, 1, 0, 1, 0, 0, 0, 0, 1, 0, 0, 1]",27,14,13,11,6,5,1.8100308448907696,2.4499781008658434,1.845018450184502,8,3.3321678931172287,8.0,7.140894966680282
Premier_League,2016,Sunderland,"[0, 0, 0, 0, 0, 0, 0, 0, 1, 1, 0, 1, 0, 0, 1, 0, 0, 0, 0, 1, 0, 0, 0, 0, 0, 0, 0, 0, 1, 0, 0, 0]",32,16,16,6,4,2,2.501353158717468,5.478997645669047,2.915451895043732,12,3.2052863677394217,12.0,8.256335984434584
Premier_League,2016,Swansea,"[1, 0, 0, 0, 0, 0, 0, 0, 0, 1, 0, 1, 0, 0, 0, 0, 1, 0, 1, 1, 0, 1, 0, 1, 0, 0, 0, 0, 0, 1, 1, 1, 1]",33,17,16,12,4,8,1.091539404984888,1.060530004704593,1.034126163391934,9,1.243082842944417,9.0,1.3836643459394173
Premier_League,2016,Tottenham,"[1, 1, 1, 1, 1, 1, 0, 1, 0, 1, 1, 1, 1, 1, 1, 1, 0, 1, 1, 1, 1, 1, 1, 1, 1, 1, 0, 1, 1, 1]",30,15,15,26,13,13,1.630363234410403,2.0,1.4104372355430184,4,2.2944615663524295,4.0,4.339067910176157
Premier_League,2016,Watford,"[0, 0, 1, 1, 0, 1, 1, 0, 1, 0, 0, 1, 0, 0, 0, 0, 1, 1, 0, 0, 0, 1, 1, 0, 1, 0, 0, 0, 0, 0, 0]",31,16,15,11,6,5,1.823279495300805,2.473584629491664,1.9157088122605364,6,13.867245015625002,6.0,46.41811193571364
Premier_League,2016,West Brom,"[1, 0, 0, 1, 0, 0, 1, 1, 1, 0, 1, 0, 0, 1, 1, 0, 1, 1, 1, 0, 0, 1, 0, 0, 0, 0, 0, 0, 0]",29,15,14,12,8,4,4.083455123877158,11.358749492184556,5.847953216374269,7,42.03814420631025,7.0,186.79983734461047
Premier_League,2016,West Ham,"[0, 1, 0, 0, 0, 0, 1, 1, 0, 0, 0, 1, 1, 1, 0, 0, 1, 1, 0, 1, 0, 0, 0, 0, 0, 1, 1, 0, 1]",29,15,14,12,6,6,1.5298926367629486,1.7792767844805109,1.443001443001443,9,2.230913857269233,9.0,3.603045625712696
Premier_League,2017,Arsenal,"[1, 0, 0, 1, 1, 1, 0, 1, 1, 0, 1, 1, 1, 0, 1, 1, 0, 1, 0, 1, 0, 0, 0, 1, 1, 1, 0, 1, 0, 1, 0, 1]",32,16,16,19,11,8,3.312685596589562,7.1370880892901445,4.504504504504505,16,3.312685596589562,16.0,7.1370880892901445
Premier_League,2017,Bournemouth,"[0, 0, 0, 0, 1, 0, 0, 1, 0, 1, 1, 0, 0, 0, 0, 1, 1, 1, 1, 0, 0, 1, 0, 0, 0, 1, 1]",27,14,13,11,4,7,1.1207238255659844,1.0999339125778371,1.0395010395010396,8,1.7335989079891083,8.0,2.4271383355866454
Premier_League,2017,Brighton,"[0, 0, 1, 0, 1, 0, 1, 1, 0, 0, 0, 0, 1, 0, 0, 0, 1, 1, 1, 0, 0, 0, 1, 0, 0]",25,13,12,9,5,4,1.8045939709170185,2.5330520271144654,1.6920473773265652,6,3.326152052198137,6.0,7.75923775003163
Premier_League,2017,Burnley,"[1, 0, 1, 1, 0, 1, 1, 1, 0, 1, 0, 1, 1, 0, 0, 0, 0, 0, 1, 1, 1, 1, 1, 0, 0, 0]",26,13,13,14,9,5,4.952093938005713,17.303747393331143,8.43810648890389,3,10.171296296296296,3.0,42.8356469271377
Premier_League,2017,Chelsea,"[0, 1, 1, 1, 1, 0, 0, 1, 1, 1, 1, 1, 1, 0, 1, 1, 1, 1, 1, 0, 0, 1, 0, 0, 1, 0, 1, 1, 1, 1, 0]",31,16,15,21,12,9,2.8786667255329395,5.3770815054009695,3.278688524590164,12,6.373941480704009,12.0,21.487132735301053
Premier_League,2017,Crystal Palace,"[0, 0, 0, 0, 0, 0, 0, 1, 0, 0, 1, 1, 1, 0, 1, 1, 0, 0, 0, 0, 0, 1, 0, 1, 1, 1, 1]",27,14,13,11,4,7,1.1207238255659844,1.0999339125778371,1.0493179433368311,11,1.3570359460202925,11.0,1.514422559965116
Premier_League,2017,Everton,"[1, 0, 0, 0, 1, 0, 0, 0, 1, 0, 1, 1, 1, 1, 0, 0, 0, 1, 0, 1, 0, 0, 1, 1, 0, 1, 1, 0]",28,14,14,13,7,6,1.989561902152212,2.837933762005624,2.05761316872428,14,1.9895619021522117,1.0,5.828984134375285
Premier_League,2017,Huddersfield,"[1, 1, 0, 0, 0, 1, 0, 1, 0, 0, 0, 0, 1, 0, 1, 0, 0, 0, 0, 0, 1, 1, 0, 0, 0, 1, 0, 0]",28,14,14,9,5,4,1.945292882465108,2.916583536972889,1.941747572815534,13,2.8083395049824667,2.0,6.400790708313101
Premier_League,2017,Leicester,"[0, 1, 0, 0, 0, 1, 1, 0, 1, 1, 1, 1, 0, 0, 0, 1, 1, 0, 0, 1, 1, 0, 0, 0, 0, 1, 0]",27,14,13,12,7,5,2.2576231382650804,3.659049460573796,2.487562189054726,6,5.864176551724136,6.0,16.596495427278338
Premier_League,2017,Liverpool,"[1, 1, 0, 1, 0, 1, 1, 1, 1, 1, 1, 1, 1, 1, 1, 0, 1, 1, 1, 1, 0, 1, 1, 1, 0, 1]",26,13,13,21,11,10,2.1288119673002748,3.232288800021739,1.9455252918287935,6,3.0699208683586474,2.0,7.984728915963079
Premier_League,2017,Man City,"[1, 1, 1, 1, 1, 1, 1, 1, 1, 1, 1, 1, 1, 1, 1, 1, 1, 1, 1, 1, 0, 1, 1, 1, 1, 1, 1, 1, 0, 1, 1, 1, 1, 1]",34,17,17,32,17,15,3.7860363457625343,13.801405160360831,4.219409282700422,14,5.0609752859009625,14.0,24.554732480187262
Premier_League,2017,Man United,"[1, 1, 1, 1, 1, 1, 0, 1, 0, 1, 1, 1, 1, 0, 1, 1, 1, 1, 1, 0, 1, 0, 1, 1, 1, 1, 1, 0, 1, 1, 0, 1]",32,16,16,25,13,12,2.098588891053849,2.9898527317005703,1.953125,5,3.3166608216799323,5.0,6.997025222606136
Premier_League,2017,Newcastle,"[0, 0, 1, 1, 1, 0, 1, 0, 0, 0, 0, 0, 0, 0, 0, 1, 0, 1, 0, 1, 0, 1, 1, 1, 1, 0, 0, 0, 0, 1]",30,15,15,12,4,8,1.1050302623732664,1.0729827456147285,1.0309278350515465,5,2.9677113010446345,5.0,6.302974375068753
Premier_League,2017,Southampton,"[1, 0, 1, 0, 0, 1, 0, 0, 1, 0, 0, 0, 0, 0, 1, 0, 0, 0, 0, 0, 1, 1, 0]",23,12,11,7,4,3,1.7959676272013094,2.6583380892469943,1.718213058419244,8,1.8493258556596073,1.0,4.009237287244581
Premier_League,2017,Stoke,"[0, 1, 0, 0, 1, 0, 0, 1, 0, 0, 1, 0, 0, 0, 1, 0, 0, 0, 1, 0, 0, 0, 0, 0, 0, 1]",26,13,13,7,4,3,1.9231719424486764,3.0377264526688803,2.044989775051125,11,2.5169934059062915,7.0,5.292504741825898
Premier_League,2017,Swansea,"[0, 1, 0, 0, 0, 1, 0, 0, 0, 0, 0, 0, 1, 0, 0, 0, 1, 0, 1, 1, 1, 0, 1, 0, 0, 0, 0, 0, 0]",29,15,14,8,3,5,1.194241822627874,1.207791234343046,1.098901098901099,6,6.935411256386423,6.0,22.32756011649597
Premier_League,2017,Tottenham,"[1, 0, 1, 1, 1, 1, 1, 0, 1, 0, 0, 1, 1, 0, 1, 1, 1, 1, 1, 1, 1, 1, 1, 1, 1, 0, 1, 0, 1, 1]",30,15,15,23,10,13,1.1153424241769885,1.108230375501664,1.02880658436214,5,3.011442738841491,5.0,5.980368871031851
Premier_League,2017,Watford,"[1, 1, 0, 1, 1, 0, 0, 0, 1, 1, 0, 0, 0, 0, 0, 1, 0, 0, 0, 1, 0, 1, 1, 0, 0, 0, 0, 0, 1, 0]",30,15,15,11,6,5,1.961585401075573,2.837740117733259,1.941747572815534,7,4.842347409755172,7.0,12.460568049363992
Premier_League,2017,West Brom,"[1, 1, 0, 0, 0, 0, 0, 0, 0, 0, 0, 0, 1, 0, 0, 0, 0, 0, 0, 0, 0, 1, 1, 1, 0]",25,13,12,6,3,3,1.471641631193095,1.8356077008650071,1.392757660167131,12,1.4716416311930953,1.0,3.5318243702710452
Premier_League,2017,West Ham,"[0, 0, 0, 1, 0, 1, 0, 0, 0, 0, 0, 1, 1, 0, 1, 1, 0, 1, 0, 0, 0, 1, 0, 0, 1, 1]",26,13,13,10,4,6,1.2421188280651394,1.2659130648831014,1.1198208286674132,8,1.5884460188284883,8.0,2.113195329513554
Premier_League,2018,Arsenal,"[0, 0, 1, 1, 1, 1, 1, 1, 1, 1, 1, 1, 0, 1, 0, 1, 0, 1, 1, 0, 1, 1, 1, 1, 1, 0, 1, 0, 0, 0, 1]",31,16,15,21,12,9,2.8786667255329395,5.3770815054009695,3.154574132492113,6,11.128572802507833,6.0,44.770898851243864
Premier_League,2018,Bournemouth,"[1, 1, 0, 1, 0, 1, 1, 1, 0, 0, 0, 0, 1, 0, 0, 1, 0, 0, 0, 1, 1, 0, 0, 0, 0, 1, 0, 0, 1, 0, 1, 0]",32,16,16,13,8,5,3.22067788407627,7.1370880892901445,4.184100418410042,11,3.549900488319662,11.0,7.527771556986692
Premier_League,2018,Brighton,"[0, 1, 0, 0, 0, 1, 1, 1, 0, 0, 1, 1, 0, 0, 0, 1, 0, 0, 0, 0, 0, 1, 1, 0, 0, 0, 0, 0, 0]",29,15,14,9,6,3,3.0836058245481537,7.141884251888991,4.201680672268908,6,9.294114390624996,6.0,30.757489226017988
Premier_League,2018,Burnley,"[0, 0, 0, 0, 1, 1, 0, 0, 0, 0, 0, 0, 1, 0, 0, 0, 1, 1, 1, 1, 1, 0, 0, 0, 0, 1, 1, 1, 0, 0, 0]",31,16,15,11,3,8,1.0482390088928275,1.0226573993471653,1.0050251256281406,3,3.7238750000000005,3.0,11.330952159090348
Premier_League,2018,Cardiff,"[0, 0, 0, 0, 0, 0, 1, 0, 0, 1, 0, 1, 0, 1, 0, 0, 1, 0, 0, 0, 1, 1, 0, 0, 0, 1, 0, 0, 0, 1, 0, 0, 0, 1]",34,17,17,10,5,5,1.6188078226262497,2.0,1.51285930408472,12,1.9580372621567304,12.0,2.955516579052463
Premier_League,2018,Chelsea,"[1, 1, 1, 1, 1, 1, 1, 1, 0, 1, 0, 1, 1, 0, 1, 1, 1, 0, 0, 1, 0, 1, 1, 0, 1, 1, 1, 0, 1]",29,15,14,21,12,9,2.960677196808087,5.812522545340308,3.597122302158273,12,4.641886865157668,12.0,12.982594035497607
Premier_League,2018,Crystal Palace,"[1, 0, 0, 0, 1, 0, 0, 0, 0, 0, 1, 0, 0, 1, 1, 0, 1, 0, 0, 1, 1, 0, 1, 0, 1, 0, 1, 0, 1, 1, 1]",31,16,15,14,5,9,1.0855282664839687,1.0570584371191878,1.020408163265306,14,1.1380941340565178,1.0,1.1511751558989136
Premier_League,2018,Everton,"[1, 0, 0, 1, 1, 1, 0, 1, 1, 0, 0, 0, 1, 0, 0, 1, 0, 1, 0, 0, 0, 1, 0, 1, 1, 1, 0, 1, 1]",29,15,14,15,7,8,1.33658175102202,1.401193276930233,1.2269938650306749,13,1.5044106690529202,13.0,1.7192277091237715
Premier_League,2018,Fulham,"[0, 0, 1, 0, 0, 0, 0, 0, 0, 0, 1, 0, 0, 0, 1, 0, 0, 0, 1, 0, 0, 0, 0, 0, 0, 0, 0, 0, 1, 1, 1, 0, 0]",33,17,16,7,3,4,1.3148283296226588,1.43429959597547,1.2269938650306749,2,1.6109467455621302,2.0,4.454444934687714
Premier_League,2018,Huddersfield,"[0, 0, 0, 0, 0, 0, 0, 1, 1, 0, 0, 0, 0, 0, 0, 0, 0, 0, 0, 0, 0, 0, 1, 0, 0, 0, 0, 0, 0, 0, 0]",31,16,15,3,2,1,1.7655910090854825,3.43045512363755,1.818181818181818,8,2.257508010009194,8.0,7.080982364636158
Premier_League,2018,Leicester,"[0, 1, 1, 0, 0, 1, 1, 0, 0, 1, 1, 0, 0, 1, 1, 0, 1, 0, 0, 0, 0, 0, 1, 0, 1, 1, 1, 1, 0, 1, 0]",31,16,15,15,8,7,1.816345496148979,2.3453130771566144,1.7482517482517483,14,2.256184349100937,1.0,6.153995303260137
Premier_League,2018,Liverpool,"[1, 1, 1, 1, 1, 1, 1, 1, 1, 1, 1, 1, 1, 1, 1, 1, 1, 0, 1, 1, 1, 1, 1, 1, 1, 1, 1, 1, 1, 1, 1]",31,16,15,30,16,14,2.573974139097947,6.807840024040478,2.123142250530785,14,2.7164973588217225,14.0,7.6148435174670555
Premier_League,2018,Man City,"[1, 1, 1, 1, 1, 1, 1, 1, 1, 1, 1, 1, 1, 0, 1, 0, 0, 1, 1, 1, 1, 0, 1, 1, 1, 1, 1, 1, 1, 1, 1, 1, 1, 1, 1, 1]",36,18,18,32,15,17,1.136389810827357,1.1688007570239354,1.0626992561105206,15,1.2061100104508633,1.0,1.5623997295728262
Premier_League,2018,Man United,"[1, 0, 0, 1, 1, 0, 1, 1, 1, 0, 1, 0, 1, 1, 1, 1, 1, 1, 1, 1, 1, 1, 0, 1, 0, 1, 0, 0, 0]",29,15,14,19,10,9,1.7822531048924324,2.2402141126481725,1.663893510815308,3,24.388999999999996,3.0,171.12525549248338
Premier_League,2018,Newcastle,"[0, 0, 0, 0, 0, 0, 0, 1, 1, 1, 0, 0, 1, 0, 0, 0, 1, 1, 0, 1, 1, 0, 1, 0, 0, 1, 1, 0, 1]",29,15,14,12,4,8,1.0776225398822463,1.0503551609893629,1.015228426395939,6,1.2481449150560622,2.0,1.663247319929258
Premier_League,2018,Southampton,"[0, 0, 1, 0, 0, 0, 0, 0, 0, 0, 1, 1, 0, 0, 1, 1, 0, 0, 1, 0, 1, 1, 0, 1, 0, 0]",26,13,13,9,3,6,1.1404595918962377,1.1212023997753855,1.0548523206751057,2,2.339100346020761,2.0,7.038147400342609
Premier_League,2018,Tottenham,"[1, 1, 1, 0, 0, 1, 1, 1, 1, 0, 1, 1, 1, 0, 1, 1, 1, 1, 1, 0, 1, 0, 1, 1, 1, 1, 0, 0, 0, 0, 1, 1, 0, 1, 0, 0]",36,18,18,23,14,9,6.1398387066215685,24.169013817947803,12.26692836113837,10,32.18145989004847,10.0,231.06034453954857
Premier_League,2018,Watford,"[1, 1, 1, 1, 0, 0, 0, 1, 1, 0, 0, 0, 0, 1, 1, 0, 1, 0, 1, 1, 0, 1, 0, 0, 1, 0, 1, 0, 0, 0]",30,15,15,14,8,6,2.4961507090976705,4.308354880446086,2.717391304347826,3,6.591796875,3.0,22.813134331730065
Premier_League,2018,West Ham,"[0, 0, 0, 0, 1, 1, 0, 0, 1, 0, 1, 1, 1, 1, 0, 1, 0, 1, 0, 0, 1, 0, 1, 0, 1, 0, 0, 0, 1, 1, 1]",31,16,15,15,8,7,1.816345496148979,2.3453130771566144,1.828153564899452,13,1.827478730743771,13.0,2.4023004238720205
Premier_League,2018,Wolves,"[0, 1, 1, 1, 1, 0, 0, 0, 0, 0, 1, 1, 1, 0, 1, 0, 0, 1, 1, 1, 0, 1, 0, 1, 0, 1, 1, 1, 0]",29,15,14,16,8,8,1.5200667549213656,1.7192277091237715,1.375515818431912,1,2.230769230769231,1.0,7.725524781301053
Premier_League,2019,Arsenal,"[1, 1, 0, 1, 1, 0, 0, 0, 1, 0, 0, 1, 1, 1, 1, 0, 0, 1]",18,9,9,10,5,5,1.59823727381972,2.0,1.3986013986013983,3,2.398026315789474,3.0,5.048670328620976
Premier_League,2019,Aston Villa,"[0, 0, 1, 0, 0, 1, 1, 0, 0, 0, 1, 0, 0, 0, 0, 1, 0, 1, 0, 1, 0, 0, 0, 0, 0, 0]",26,13,13,7,4,3,1.9231719424486764,3.0377264526688803,2.092050209205021,6,6.5662661519719405,6.0,22.212710213475265
Premier_League,2019,Bournemouth,"[1, 0, 0, 1, 1, 0, 1, 0, 0, 0, 0, 0, 1, 0, 0, 0, 0, 0, 1, 1, 0, 0, 0, 0, 0]",25,13,12,7,5,2,3.292661561131529,8.877048632583316,4.587155963302752,5,5.1681786524750635,5.0,16.808033307037295
Premier_League,2019,Brighton,"[1, 0, 0, 0, 1, 0, 1, 1, 0, 0, 0, 1, 0, 0, 1, 0, 0, 0, 1, 0]",20,10,10,7,4,3,1.946180267227197,3.128874764752972,1.99203187250996,8,2.337466285784436,5.0,4.798547247333933
Premier_League,2019,Burnley,"[1, 0, 0, 1, 1, 0, 0, 0, 1, 1, 0, 0, 0, 1, 1, 0, 0, 0, 0, 1, 1, 1, 1, 0, 1, 1]",26,13,13,13,5,8,1.1539653472320046,1.1359225248742462,1.0471204188481675,11,1.3781965006729475,11.0,1.528348966096447
Premier_League,2019,Chelsea,"[0, 1, 1, 0, 1, 1, 1, 1, 1, 1, 0, 0, 1, 0, 0, 1, 0, 1, 1, 0, 0, 1, 1, 1, 1]",25,13,12,16,9,7,2.2428629049510174,3.5048840568790505,2.34192037470726,12,2.2428629049510174,12.0,3.5048840568790505
Premier_League,2019,Crystal Palace,"[0, 1, 1, 0, 1, 1, 0, 0, 0, 0, 1, 1, 0, 1, 0, 0, 0, 1, 1, 1, 1, 0, 0]",23,12,11,11,6,5,1.7899862238990818,2.417108064126459,1.721170395869191,2,3.673611111111111,2.0,12.781347298412449
Premier_League,2019,Everton,"[1, 0, 1, 0, 0, 0, 0, 1, 0, 1, 0, 0, 0, 1, 1, 1, 0, 1, 1, 1, 0, 0, 1]",23,12,11,11,4,7,1.096055742023588,1.0788332563223442,1.0319917440660475,3,1.8776234567901235,3.0,3.390050413650834
Premier_League,2019,Leicester,"[1, 1, 0, 1, 1, 0, 1, 1, 1, 1, 1, 1, 1, 1, 0, 0, 1, 1, 0, 0, 1, 0, 0, 1]",24,12,12,16,10,6,5.626750944954417,24.019835581121114,10.305028854080792,10,13.061048440610476,10.0,104.31616066118633
Premier_League,2019,Liverpool,"[1, 1, 1, 1, 1, 1, 1, 1, 1, 1, 1, 1, 1, 1, 1, 1, 1, 1, 1, 1, 1, 1, 1, 1, 1, 1, 0, 1, 1]",29,15,14,28,15,13,2.576281543157095,6.8458334831090655,2.1052631578947367,3,10.007796471071,3.0,731.2071157164019
Premier_League,2019,Man City,"[1, 1, 1, 0, 1, 1, 0, 1, 1, 1, 0, 1, 1, 0, 1, 1, 0, 1, 1, 1, 1, 0, 1, 1, 0, 1, 1, 0]",28,14,14,20,10,10,1.6668659918797977,2.0,1.485884101040119,1,3.5,1.0,18.628137309221955
Premier_League,2019,Man United,"[1, 0, 1, 0, 0, 1, 0, 1, 1, 1, 0, 1, 1, 0, 1, 0, 0, 1, 1, 1, 1, 1]",22,11,11,14,6,8,1.2120587482619556,1.2310716467889455,1.1049723756906078,9,1.4415522400531424,9.0,1.674764910613388
Premier_League,2019,Newcastle,"[0, 0, 1, 0, 0, 1, 0, 1, 1, 0, 1, 1, 0, 1, 0, 0, 0, 1, 0, 0, 1, 1]",22,11,11,10,5,5,1.6093503924934975,2.0,1.488095238095238,8,2.1442694869059244,8.0,3.501969065896337
Premier_League,2019,Norwich,"[0, 1, 0, 0, 1, 0, 0, 0, 0, 0, 0, 1, 0, 0, 0, 0, 0, 1, 0, 0, 0, 1, 0, 0, 0]",25,13,12,5,3,2,1.7910049511836112,2.9030923568024134,1.7921146953405018,3,1.9531249999999996,3.0,5.619395188302815
Premier_League,2019,Sheffield United,"[1, 0, 0, 1, 0, 1, 1, 0, 1, 1, 1, 0, 0, 1, 0, 1, 1, 1, 0, 0]",20,10,10,11,6,5,2.0177749493992296,3.062341080606125,2.109704641350211,2,4.938271604938272,2.0,20.132143310229715
Premier_League,2019,Southampton,"[0, 0, 1, 1, 0, 0, 0, 0, 0, 0, 1, 1, 0, 0, 1, 1, 1, 1, 0, 1, 0, 0, 1, 0, 0, 1, 0, 1]",28,14,14,12,4,8,1.0979001863046656,1.0675950233550218,1.0183299389002036,8,1.8967953088148592,8.0,2.7888576746199587
Premier_League,2019,Tottenham,"[1, 0, 1, 0, 1, 0, 0, 1, 1, 0, 1, 1, 0, 1, 0, 0, 1, 1, 1, 0, 0, 1]",22,11,11,12,6,6,1.6267501106170124,2.0,1.4992503748125936,3,2.3147826086956518,3.0,4.681590966098683
Premier_League,2019,Watford,"[0, 0, 0, 0, 0, 0, 1, 0, 0, 0, 0, 1, 1, 1, 1, 0, 0, 0, 1, 0, 0, 0]",22,11,11,6,1,5,1.0540146636658485,1.028547912021287,1.0030090270812435,3,2.599609375,3.0,7.882298541762865
Premier_League,2019,West Ham,"[0, 1, 1, 1, 0, 0, 0, 0, 0, 1, 0, 0, 1, 0, 0, 1, 0, 0, 0, 0, 0, 1, 0, 0, 0]",25,13,12,7,5,2,3.292661561131529,8.877048632583316,4.608294930875576,9,4.273611293423834,9.0,12.627961666829334
Premier_League,2019,Wolves,"[0, 0, 1, 1, 1, 1, 1, 0, 1, 1, 0, 0, 1, 0, 1, 1, 1, 1, 1]",19,10,9,13,7,6,1.7282675077190934,2.283170200098046,1.6339869281045751,9,1.7282675077190934,9.0,2.283170200098046
Premier_League,2020,Arsenal,"[1, 1, 0, 1, 0, 1, 1, 1, 0, 1, 0, 0, 1, 0, 0, 0, 0, 0, 1, 1, 1, 1, 1, 0, 0, 1, 0, 1, 1, 0, 1, 0, 1, 1, 1, 1, 1]",37,19,18,22,9,13,1.0948913653220165,1.065981399637439,1.038421599169263,14,1.361448084209577,14.0,1.4715126149149838
Premier_League,2020,Aston Villa,"[0, 0, 1, 1, 1, 1, 1, 1, 0, 0, 1, 0, 0, 1, 1, 1, 0, 0, 1, 0, 1, 0, 1, 0, 1, 0, 0, 1, 0, 0, 1, 0, 0, 1, 1]",35,18,17,18,10,8,2.2103784869010226,3.251007621520635,2.2573363431151243,10,2.921102268795137,10.0,5.0990851185531945
Premier_League,2020,Bournemouth,"[0, 0, 1, 0, 0, 1]",6,3,3,2,1,1,1.3499999999999996,2.0,1.2531328320802004,3,1.3499999999999996,3.0,2.0
Premier_League,2020,Brighton,"[1, 0, 0, 1, 0, 1, 0, 0, 0, 1, 0, 0, 0, 0, 1, 1, 1, 0, 0, 0, 1, 1, 0, 0, 1, 0, 1, 0]",28,14,14,11,4,7,1.159251560095326,1.14005537587158,1.0672358591248663,11,1.810037675408506,1.0,4.8461958713784865
Premier_League,2020,Burnley,"[1, 1, 0, 0, 0, 0, 0, 0, 1, 0, 1, 1, 0, 1, 0, 0, 1, 1, 0, 0, 1, 0, 1, 0, 0, 0, 1, 0, 1, 0, 0, 0]",32,16,16,12,6,6,1.6413023879555435,2.0,1.5384615384615383,3,4.096,3.0,12.59937383107577
Premier_League,2020,Chelsea,"[0, 1, 1, 0, 1, 0, 1, 1, 0, 1, 1, 1, 1, 1, 0, 0, 1, 0, 0, 1, 0, 1, 1, 1, 1, 1, 1, 0, 1, 1, 1, 1, 0, 1, 0]",35,18,17,23,11,12,1.3407893436385574,1.384034642895357,1.1990407673860912,3,3.6758401920438954,1.0,12.49019242212429
Premier_League,2020,Crystal Palace,"[0, 0, 0, 0, 0, 1, 1, 0, 0, 1, 0, 1, 0, 0, 1, 0, 0, 1, 0, 0, 1, 1, 0, 0, 1, 0, 1, 0, 0, 0, 1, 0, 1, 0, 0]",35,18,17,12,6,6,1.5559791230120128,1.8227975524882851,1.4619883040935673,2,2.3156899810964084,2.0,6.830689775357752
Premier_League,2020,Everton,"[1, 0, 0, 1, 0, 1, 1, 1, 1, 0, 0, 0, 1, 0, 1, 1, 1, 1, 0, 1, 0, 1, 0, 0, 1, 1, 1, 0, 0, 1, 0, 1, 0, 1, 0]",35,18,17,19,11,8,2.780225581366192,4.947569809703217,3.003003003003003,8,3.6470955162461,1.0,7.438124621467486
Premier_League,2020,Fulham,"[0, 0, 0, 0, 0, 1, 0, 0, 1, 0, 0, 0, 0, 1, 1, 0, 1, 0, 0, 0, 0, 0, 0, 0, 0]",25,13,12,5,2,3,1.2585440197506457,1.3775869376594967,1.1441647597254003,8,5.96046447753906,8.0,23.16213631353143
Premier_League,2020,Leeds,"[0, 1, 1, 0, 1, 0, 0, 1, 0, 0, 1, 0, 1, 1, 0, 0, 1, 1, 0, 1, 0, 0, 1, 0, 0, 1, 1, 1, 0, 1, 1, 1, 1]",33,17,16,18,8,10,1.2308507405565043,1.229483691212686,1.109877913429523,15,1.3320887131497783,15.0,1.394368649301441
Premier_League,2020,Leicester,"[0, 1, 0, 1, 0, 0, 1, 1, 1, 0, 0, 1, 1, 1, 0, 0, 1, 1, 0, 1, 1, 1, 1, 0, 1, 1, 1, 0, 1, 1, 0, 0, 1, 1, 0, 1, 0, 0]",38,19,19,22,10,12,1.3254594966853253,1.3432718797202217,1.182033096926714,2,5.640625000000001,2.0,22.61751343194015
Premier_League,2020,Liverpool,"[0, 1, 1, 0, 1, 1, 1, 1, 1, 0, 1, 1, 1, 1, 1, 1, 0, 0, 1, 1, 0, 0, 0, 0, 1, 0, 0, 1, 1, 1, 1, 1, 1, 1, 1]",35,18,17,24,13,11,2.2008717426657083,3.163936066966417,2.0876826722338206,15,3.110386806654254,15.0,5.811308400850499
Premier_League,2020,Man City,"[1, 0, 1, 1, 1, 1, 1, 1, 0, 1, 1, 0, 1, 1, 1, 1, 1, 1, 1, 1, 1, 1, 1, 1, 1, 1, 1, 1, 1, 0, 1, 1, 1, 0, 1, 1, 0, 1, 0, 1]",40,20,20,33,17,16,2.1113352992207504,2.9528210131181134,2.044989775051125,7,9.272576375263405,7.0,38.531048877799456
Premier_League,2020,Man United,"[1, 1, 1, 1, 0, 1, 0, 1, 0, 1, 1, 1, 1, 1, 1, 1, 1, 1, 1, 0, 1, 1, 1, 1, 1, 1, 1, 1, 0, 0, 1]",31,16,15,25,13,12,1.7319403675500633,2.150885509061355,1.5873015873015872,3,10.216392318244166,3.0,68.7879144421758
Premier_League,2020,Newcastle,"[1, 0, 0, 0, 0, 1, 0, 1, 0, 1, 0, 0, 1, 1, 0, 0, 0, 0, 0, 0, 0, 1, 0, 1, 0, 0, 0, 1, 1, 0, 1, 0, 1, 1]",34,17,17,13,6,7,1.4373065071050646,1.5675940256185863,1.3003901170351104,17,1.4373065071050646,17.0,1.5675940256185863
Premier_League,2020,Norwich,"[0, 0, 0, 0, 0, 0, 0]",7,4,3,0,0,0,1.0,,1.0,1,1.0,,-inf
Premier_League,2020,Sheffield United,"[1, 1, 1, 0, 0, 0, 0, 0, 0, 0, 0, 0, 0, 0, 0, 0, 0, 0, 0, 0, 0, 1, 0, 1, 0, 1, 0, 0, 0, 0, 1, 0, 0, 0, 0, 0, 1, 0, 0, 1, 0, 1]",42,21,21,10,3,7,1.115580566566669,1.0795050845462293,1.0319917440660475,16,1.4866402925210582,16.0,1.7969472960978428
Premier_League,2020,Southampton,"[1, 1, 1, 0, 0, 1, 1, 1, 1, 1, 0, 1, 1, 0, 1, 0, 0, 0, 0, 0, 0, 0, 0, 1, 0, 0, 1, 0, 0, 0, 1, 1, 0, 0]",34,17,17,15,11,4,14.56552706036885,128.07439527589318,53.50454788657036,17,14.56552706036885,17.0,128.07439527589318
Premier_League,2020,Tottenham,"[0, 1, 1, 1, 1, 0, 1, 1, 1, 1, 1, 1, 1, 0, 0, 1, 1, 0, 0, 0, 1, 0, 0, 1, 1, 1, 0, 1, 0, 1, 1, 0, 1, 0, 1]",35,18,17,22,13,9,3.679648828455869,8.401839102981153,4.926108374384237,17,3.679648828455869,17.0,8.401839102981153
Premier_League,2020,Watford,"[0, 1, 1, 0, 0, 0]",6,3,3,2,2,0,3.374999999999999,24.019835581121114,5.076142131979696,3,3.374999999999999,3.0,24.019835581121114
Premier_League,2020,West Brom,"[0, 0, 0, 0, 0, 0, 1, 0, 0, 0, 0, 0, 1, 0, 0, 0, 0, 1, 0, 0, 1, 1, 0, 0, 0, 0, 0]",27,14,13,5,2,3,1.26353190974014,1.3858205225840643,1.182033096926714,5,2.78423197465399,5.0,8.416620112278483
Premier_League,2020,West Ham,"[1, 0, 1, 1, 0, 0, 1, 1, 0, 1, 1, 1, 0, 1, 0, 1, 1, 1, 1, 0, 1, 1, 1, 0, 1, 0, 1, 1, 0, 0, 1, 0, 1, 1]",34,17,17,22,11,11,1.6940559768780732,2.0,1.547987616099071,11,2.946357525870259,11.0,5.1118398815032196
Premier_League,2020,Wolves,"[0, 0, 1, 1, 0, 1, 0, 0, 1, 1, 1, 0, 1, 0, 0, 1, 0, 0, 0, 0, 0, 1, 1, 1, 0, 0, 0, 1, 1, 0, 1, 0, 0, 0]",34,17,17,14,8,6,2.447268735492138,4.116536534324099,2.8328611898016995,3,4.912999999999999,3.0,15.491192048278444
Premier_League,2021,Arsenal,"[0, 0, 0, 1, 1, 1, 1, 1, 1, 0, 1, 0, 0, 1, 1, 1, 1, 0, 1, 1, 1, 1, 1, 0, 1, 0, 0, 0, 1, 1, 1, 1, 0, 0, 1]",35,18,17,22,11,11,1.5359735729599868,1.703413291180666,1.402524544179523,12,3.8134952135834346,12.0,7.827613545798688
Premier_League,2021,Aston Villa,"[0, 1, 0, 1, 1, 0, 0, 0, 0, 0, 1, 1, 0, 1, 0, 1, 0, 0, 1, 0, 0, 1, 1, 1, 0, 0, 0, 0, 1, 1, 0, 0]",32,16,16,13,7,6,1.9742450452383309,2.782050410339397,1.8832391713747645,8,3.3061323809383105,2.0,8.811117764478764
Premier_League,2021,Brentford,"[1, 0, 1, 1, 0, 0, 0, 0, 1, 0, 1, 0, 0, 1, 0, 0, 0, 0, 0, 0, 0, 1, 1, 0, 1, 1, 1, 0, 1, 1, 0]",31,16,15,13,6,7,1.3537084097988803,1.4339381695395683,1.2422360248447204,1,1.7222222222222225,1.0,5.159274747841313
Premier_League,2021,Brighton,"[1, 1, 0, 1, 1, 0, 0, 0, 1, 1, 1, 0, 0, 0, 0, 0, 0, 1, 1, 0, 1, 1, 1]",23,12,11,12,7,5,2.265844858742432,3.725717207885436,2.183406113537118,11,2.2658448587424314,11.0,3.7257172078854355
Premier_League,2021,Burnley,"[0, 0, 0, 0, 0, 1, 0, 0, 0, 0, 1, 1, 0, 0, 0, 0, 1, 0, 1, 1, 1, 0, 0, 0]",24,12,12,7,3,4,1.3416496587301463,1.4851863748254122,1.1947431302270013,3,2.813759413800123,3.0,8.519205978942836
Premier_League,2021,Chelsea,"[1, 1, 1, 1, 0, 1, 1, 1, 1, 1, 1, 0, 1, 1, 0, 1, 1, 1, 1, 1, 0, 1, 0, 1, 0, 1, 1]",27,14,13,21,12,9,3.092768129149961,6.594262351834846,3.4246575342465757,7,5.311152493137543,7.0,15.740589893354004
Premier_League,2021,Crystal Palace,"[0, 1, 0, 1, 1, 0, 0, 0, 1, 0, 1, 0, 0, 0, 1, 1, 1, 0, 0, 1, 1, 0, 1]",23,12,11,11,5,6,1.294649921034118,1.3668759169539026,1.1933174224343674,6,1.436626597219117,2.0,1.9023050051103447
Premier_League,2021,Everton,"[1, 1, 1, 0, 1, 0, 0, 0, 0, 0, 0, 1, 0, 0, 0, 0, 0, 1, 0, 0, 0, 0, 1, 0, 0, 1, 0, 1, 1, 0, 1, 0]",32,16,16,11,5,6,1.4144296022213771,1.5500855683384027,1.3106159895150722,1,1.5238095238095237,1.0,4.327692590338489
Premier_League,2021,Leeds,"[0, 0, 0, 1, 0, 1, 0, 1, 0, 0, 0, 1, 1, 0, 0, 0, 0, 0, 0, 0, 1, 1, 1, 0, 0, 0, 1]",27,14,13,9,5,4,1.8114671956806268,2.5466317660905053,1.7421602787456445,13,1.8114671956806268,4.0,2.8503376983300504
Premier_League,2021,Leicester,"[1, 0, 1, 0, 0, 1, 1, 0, 0, 1, 0, 1, 0, 1, 0, 0, 0, 1, 1, 0, 1, 1, 0, 0, 0, 1, 1, 1]",28,14,14,14,7,7,1.653613241824788,2.0,1.567398119122257,14,1.653613241824788,6.0,2.0
Premier_League,2021,Liverpool,"[1, 1, 1, 1, 1, 1, 0, 1, 1, 1, 1, 1, 1, 0, 1, 1, 1, 1, 1, 1, 1, 1, 1, 1, 1, 1, 1, 1, 1, 1]",30,15,15,28,13,15,1.0,1.0771421802925631,1.0,1,1.0,1.0,1.647110833107214
Premier_League,2021,Man City,"[0, 1, 1, 1, 1, 1, 1, 0, 1, 1, 1, 1, 1, 1, 1, 1, 1, 1, 1, 1, 1, 1, 0, 1, 1, 1, 1, 1, 1, 1, 1, 1]",32,16,16,29,14,15,1.261032507627949,1.3738123461770075,1.1210762331838564,10,1.5965848045284494,10.0,2.1394410202304917
Premier_League,2021,Man United,"[1, 1, 1, 1, 0, 0, 0, 1, 0, 0, 1, 1, 1, 1, 0, 1, 1, 1, 1, 0, 1, 0, 1, 0, 0, 1, 0, 0]",28,14,14,16,9,7,2.567525473201,4.494293967166615,2.7548209366391183,5,9.021470746108426,5.0,31.220027933701637
Premier_League,2021,Newcastle,"[0, 0, 0, 0, 0, 0, 0, 1, 0, 0, 0, 1, 1, 1, 1, 1, 1, 0, 0, 0, 1, 1, 1, 1, 0, 0, 1, 1]",28,14,14,13,4,9,1.056475851765413,1.0299388881489515,1.0090817356205852,4,1.3530482637169117,4.0,1.781037500062463
Premier_League,2021,Norwich,"[0, 0, 0, 0, 0, 0, 0, 0, 1, 1, 0, 0, 0, 0, 0, 0, 1, 1, 0, 0, 0, 0, 0, 0, 1, 0, 0, 0, 0, 0, 0]",31,16,15,5,2,3,1.2714126160128068,1.3990457979096294,1.1737089201877935,6,2.8729632798034883,6.0,8.634126863158778
Premier_League,2021,Southampton,"[0, 0, 0, 1, 1, 1, 0, 0, 0, 1, 1, 0, 1, 1, 1, 0, 0, 0, 0, 1, 0, 0, 0, 0, 0]",25,13,12,9,6,3,3.123826759304197,7.381478532763724,4.310344827586207,10,13.092252648881558,10.0,74.0412714663581
Premier_League,2021,Tottenham,"[1, 1, 1, 0, 0, 0, 1, 1, 0, 0, 1, 1, 1, 1, 1, 1, 0, 0, 0, 1, 0, 1, 1, 0, 1, 1, 1, 1, 0, 1, 1, 1, 1]",33,17,16,22,11,11,1.513141448164525,1.6742749000819772,1.3831258644536653,16,1.513141448164525,16.0,1.6742749000819772
Premier_League,2021,Watford,"[1, 0, 0, 0, 1, 0, 0, 1, 0, 0, 1, 0, 0, 0, 0, 0, 0, 0, 0, 0, 1, 0, 0, 0, 1, 0, 0, 0, 0, 0, 0, 0, 0]",33,17,16,6,4,2,2.365811508760211,4.85845275411259,3.076923076923077,8,4.979679660153444,8.0,15.929753942299323
Premier_League,2021,West Ham,"[1, 1, 0, 1, 0, 1, 1, 1, 1, 0, 0, 1, 0, 0, 1, 1, 1, 0, 0, 1, 1, 0, 1, 0, 1, 0, 0, 0, 1, 0]",30,15,15,16,9,7,2.523078708371905,4.308354880446086,2.6525198938992043,5,6.729244020665149,5.0,19.664343416801284
Premier_League,2021,Wolves,"[0, 0, 0, 1, 0, 1, 1, 1, 1, 0, 1, 0, 0, 1, 1, 1, 1, 0, 1, 1, 0, 0, 0, 1, 1, 0, 1, 0, 0, 0, 0, 0]",32,16,16,15,9,6,3.2216357774467346,6.946836150742856,4.237288135593221,5,23.632261558734434,5.0,90.02363191450482
Premier_League,2022,Arsenal,"[1, 1, 1, 1, 1, 0, 1, 1, 1, 1, 1, 1, 1, 1, 1, 1, 1, 0, 0, 1, 1, 1, 1, 1, 1, 1, 0, 1, 1, 0, 0, 1]",32,16,16,26,15,11,6.032363826362286,28.554566335309747,11.49029070435482,6,11.886948968327857,3.0,78.40817910726082
Premier_League,2022,Aston Villa,"[0, 1, 0, 0, 0, 1, 0, 0, 1, 0, 1, 1, 0, 1, 1, 1, 0, 0, 0, 1, 1, 1, 1, 1, 1, 1, 1, 0, 0, 1, 1]",31,16,15,18,8,10,1.2124268534482845,1.2101623693714945,1.1210762331838564,4,1.792266743776697,4.0,2.754208499103352
Premier_League,2022,Bournemouth,"[1, 0, 0, 0, 1, 1, 0, 0, 0, 0, 1, 0, 0, 0, 0, 0, 1, 0, 0, 1, 0, 1, 0, 1, 1, 0, 1, 1, 0, 0, 0, 0]",32,16,16,11,4,7,1.1716889607796015,1.1521888830777374,1.079913606911447,4,5.3916629387960775,4.0,16.426002014511514
Premier_League,2022,Brentford,"[1, 0, 1, 0, 0, 1, 0, 1, 1, 1, 1, 1, 1, 0, 1, 0, 0, 0, 1, 1, 0, 1, 1, 1]",24,12,12,15,8,7,2.041997230671358,2.9704882894736944,2.0161290322580645,11,2.5090882078054664,11.0,4.356986082268802
Premier_League,2022,Brighton,"[1, 1, 1, 0, 1, 0, 0, 0, 1, 1, 0, 1, 0, 1, 1, 1, 0, 1, 1, 1, 0, 1, 0, 1, 1, 0, 1, 0, 1, 0]",30,15,15,18,9,9,1.6756468783580716,2.0,1.5748031496062993,5,3.150201612903225,1.0,9.394916114100695
Premier_League,2022,Chelsea,"[1, 0, 1, 0, 1, 1, 1, 1, 0, 0, 0, 1, 0, 0, 1, 0, 0, 1, 1, 0, 0, 0, 0, 0, 1, 0, 0]",27,14,13,11,7,4,3.004756359851972,6.460827370308542,3.937007874015748,8,10.116653963959278,8.0,37.99809927814678
Premier_League,2022,Crystal Palace,"[0, 1, 0, 0, 1, 1, 0, 1, 1, 0, 0, 1, 0, 0, 0, 0, 0, 0, 0, 1, 1, 1, 0, 1, 0, 1]",26,13,13,11,6,5,1.9765389138057148,2.8926884770650925,2.1321961620469083,13,1.9765389138057148,13.0,2.8926884770650925
Premier_League,2022,Everton,"[0, 0, 1, 1, 0, 0, 0, 1, 0, 0, 0, 0, 0, 0, 1, 0, 1, 0, 0, 1, 0, 0, 0, 1, 0, 1]",26,13,13,8,3,5,1.221969926728363,1.2464289390402543,1.1049723756906078,9,1.4047332945848405,6.0,1.7804628468033483
Premier_League,2022,Fulham,"[1, 0, 1, 0, 1, 0, 0, 1, 1, 0, 0, 1, 1, 1, 1, 0, 0, 1, 1, 0, 0, 0, 0, 1, 1, 0, 0, 0, 1, 1, 0]",31,16,15,15,9,6,2.862765580742819,5.47058459211256,3.3222591362126246,12,4.414427006232696,12.0,10.954919898689786
Premier_League,2022,Leeds,"[1, 1, 0, 0, 0, 0, 0, 0, 1, 1, 0, 0, 0, 0, 0, 0, 1, 0, 1, 0, 1, 0, 0, 0, 0, 0, 0, 0]",28,14,14,7,4,3,1.918134184918154,3.01877413274221,1.976284584980237,7,7.491540923639689,7.0,25.72019886318212
Premier_League,2022,Leicester,"[0, 0, 0, 0, 0, 0, 1, 0, 1, 1, 0, 1, 1, 0, 0, 0, 0, 1, 1, 0, 0, 0, 0, 0, 0, 0, 0, 1, 0, 0, 1]",31,16,15,9,5,4,1.8219668311652024,2.568232696913777,1.9083969465648856,12,3.6139488805716113,12.0,8.770355838021107
Premier_League,2022,Liverpool,"[0, 1, 1, 0, 1, 1, 0, 0, 1, 1, 1, 1, 0, 0, 0, 1, 1, 1, 1, 0, 0, 1, 1, 1, 1, 1, 1, 1]",28,14,14,19,8,11,1.1403848103651506,1.126611601022543,1.0395010395010396,9,1.191254194341428,1.0,1.318721895917021
Premier_League,2022,Man City,"[1, 1, 1, 1, 1, 1, 1, 0, 1, 1, 1, 0, 1, 1, 0, 1, 1, 0, 1, 1, 1, 1, 1, 1, 1, 1, 1, 1, 1, 1, 1, 1, 0]",33,17,16,28,14,14,1.3856886359912752,1.5154299599902783,1.256281407035176,1,6.600000000000001,1.0,123.03361412136091
Premier_League,2022,Man United,"[0, 0, 1, 1, 1, 1, 0, 1, 1, 1, 0, 1, 1, 1, 1, 1, 0, 1, 1, 1, 0, 0, 1, 1, 1, 1, 0, 0, 1, 1, 1, 1]",32,16,16,23,12,11,2.0691409914532803,2.881065531983058,1.996007984031936,12,2.2267126189101614,12.0,3.269362931709322
Premier_League,2022,Newcastle,"[1, 0, 1, 1, 1, 1, 1, 1, 1, 1, 1, 0, 0, 1, 1, 1, 1, 1, 0, 1, 1, 1, 0, 1]",24,12,12,19,10,9,2.123108429156708,3.2508264527152875,2.0,6,2.7388802940918278,2.0,6.925987799293931
Premier_League,2022,Nottm Forest,"[0, 1, 0, 0, 0, 0, 0, 0, 1, 0, 1, 0, 1, 1, 1, 0, 0, 0, 0, 0, 0, 0, 0, 1, 0, 1, 1]",27,14,13,9,5,4,1.8114671956806268,2.5466317660905053,1.893939393939394,12,2.5440458409926445,12.0,4.862467634170492
Premier_League,2022,Southampton,"[0, 1, 0, 1, 0, 0, 0, 0, 1, 0, 0, 0, 0, 0, 0, 1, 0, 0, 0, 1, 0, 1, 0, 0, 0, 0, 0, 0, 0, 0, 0]",31,16,15,6,4,2,2.366231518760444,4.86292276415419,2.710027100271003,9,6.930988311686942,9.0,24.674859006957952
Premier_League,2022,Tottenham,"[1, 1, 1, 1, 1, 0, 1, 1, 0, 0, 1, 0, 1, 0, 1, 0, 0, 1, 1, 0, 1, 1, 0, 1, 1, 0, 0, 0, 1, 0, 0, 1]",32,16,16,18,10,8,2.517949205927246,4.2013850488496525,2.710027100271003,7,7.289660474595779,7.0,21.075737980959886
Premier_League,2022,West Ham,"[0, 0, 0, 1, 0, 0, 1, 1, 0, 1, 0, 0, 0, 0, 0, 0, 1, 0, 1, 0, 1, 0, 1, 1, 0, 0, 0, 1, 0, 1, 0]",31,16,15,11,4,7,1.13799765185277,1.1158677033977469,1.0548523206751057,7,1.9186993773013836,1.0,4.435357221530362
Premier_League,2022,Wolves,"[0, 0, 1, 0, 0, 0, 1, 0, 0, 0, 0, 1, 0, 1, 0, 1, 1, 0, 0, 1, 0, 0, 1, 1, 0, 1, 0, 1, 0, 0]",30,15,15,11,4,7,1.1660227687898326,1.1465946153878563,1.0660980810234542,2,2.4930747922437675,2.0,7.537068408391438
Premier_League,2023,Arsenal,"[1, 1, 1, 1, 1, 1, 1, 0, 1, 1, 1, 1, 0, 1, 0, 0, 1, 1, 1, 1, 1, 1, 1, 1, 1, 1, 0, 1, 1, 1, 1, 1, 1]",33,17,16,28,13,15,1.0777737549222652,1.0908010400347226,1.0183299389002036,7,1.4632683322457494,7.0,1.8914694990383003
Premier_League,2023,Aston Villa,"[0, 1, 1, 0, 1, 1, 1, 1, 1, 0, 1, 1, 1, 1, 1, 0, 1, 0, 1, 0, 1, 1, 1, 0, 1, 0, 1, 1, 0, 0]",30,15,15,20,12,8,4.925163392299065,16.48325605371109,8.177283506419167,2,8.999999999999998,2.0,52.03735313246672
Premier_League,2023,Bournemouth,"[0, 0, 0, 0, 0, 0, 1, 0, 1, 1, 1, 1, 1, 1, 0, 0, 0, 0, 1, 1, 1, 1, 0, 0, 1, 1, 0, 0, 0]",29,15,14,13,7,6,1.8137160467771007,2.3903802471936064,1.7825311942959,3,5.954345703125001,3.0,20.166239473390675
Premier_League,2023,Brentford,"[1, 0, 0, 0, 1, 1, 1, 0, 0, 1, 0, 0, 0, 0, 0, 1, 0, 0, 1, 0, 0, 0, 0, 0, 1, 1, 0, 1, 0]",29,15,14,10,5,5,1.5243442158298035,1.8063123857418013,1.4164305949008498,13,1.9362928578911582,1.0,4.344789329080041
Premier_League,2023,Brighton,"[1, 1, 0, 1, 1, 1, 0, 0, 1, 0, 1, 0, 1, 0, 1, 0, 1, 0, 1, 0, 0, 0, 0, 1, 0, 0]",26,13,13,12,8,4,4.919015616099991,17.303747393331143,8.471704506946798,7,10.884767227871356,7.0,41.77695992078092
Premier_League,2023,Burnley,"[0, 0, 0, 0, 0, 1, 0, 0, 0, 0, 0, 0, 1, 0, 0, 1, 0, 0, 0, 0, 0, 0, 0, 1, 0, 1, 0, 0, 0]",29,15,14,5,2,3,1.2677687212207636,1.3928975292929031,1.1764705882352942,3,1.7642505787037037,3.0,4.953503105098655
Premier_League,2023,Chelsea,"[0, 1, 0, 0, 1, 1, 0, 1, 0, 1, 0, 0, 1, 0, 1, 1, 1, 0, 0, 1, 1, 1, 1, 0, 1, 1, 1, 1, 1]",29,15,14,18,7,11,1.0580269137100595,1.0399460889896046,1.015228426395939,12,1.1208703024222024,1.0,1.2708742889646467
Premier_League,2023,Crystal Palace,"[1, 0, 1, 0, 1, 0, 0, 1, 0, 0, 0, 0, 0, 1, 0, 1, 0, 0, 1, 0, 0, 0, 1, 1, 1, 1, 1, 1]",28,14,14,13,5,8,1.1655130865903642,1.1465412140302207,1.0626992561105206,14,1.1655130865903642,1.0,1.1587526194047395
Premier_League,2023,Everton,"[0, 0, 0, 0, 1, 0, 1, 0, 1, 1, 0, 1, 1, 1, 1, 0, 0, 0, 0, 0, 0, 0, 1, 0, 1, 1, 1, 1, 0]",29,15,14,13,8,5,2.922830080056166,5.875355368060922,3.225806451612903,14,2.922830080056166,14.0,5.875355368060922
Premier_League,2023,Fulham,"[1, 0, 0, 1, 0, 1, 0, 0, 0, 1, 0, 1, 1, 0, 0, 0, 1, 0, 1, 0, 1, 1, 0, 1, 0, 0, 1, 0, 0, 1]",30,15,15,13,6,7,1.426420240978409,1.553454308643979,1.2642225031605565,6,2.103215366224179,6.0,3.4453162273561295
Premier_League,2023,Liverpool,"[1, 1, 1, 1, 1, 0, 1, 1, 1, 1, 1, 1, 1, 1, 1, 1, 0, 1, 1, 1, 1, 1, 1, 0, 1, 0, 1, 1]",28,14,14,24,13,11,3.0980124107883453,7.140633069983435,3.4246575342465757,5,6.588396707173654,5.0,28.640020562706084
Premier_League,2023,Luton,"[0, 0, 0, 0, 1, 0, 0, 0, 0, 1, 0, 0, 0, 1, 1, 0, 1, 0, 0, 0, 0, 0, 0, 0, 1, 0, 0, 0, 0, 0]",30,15,15,6,4,2,2.512416303240131,5.535406238226222,3.2467532467532467,13,4.279975067166719,13.0,14.229982717267191
Premier_League,2023,Man City,"[1, 1, 1, 1, 1, 1, 0, 0, 1, 1, 1, 0, 1, 1, 1, 1, 1, 1, 1, 1, 1, 1, 1, 1, 1, 1, 1, 1, 1, 1, 1]",31,16,15,28,13,15,1.0,1.0403823203713451,1.0,1,1.0,1.0,1.5864610054516475
Premier_League,2023,Man United,"[1, 0, 1, 0, 0, 1, 0, 1, 1, 0, 1, 1, 1, 0, 1, 0, 0, 1, 0, 1, 1, 1, 1, 0, 0, 1, 0, 1, 0, 0, 1, 1]",32,16,16,18,9,9,1.6806258940555632,2.0,1.5360983102918586,9,2.8624504528536523,9.0,5.003417626186795
Premier_League,2023,Newcastle,"[1, 0, 0, 0, 1, 1, 1, 1, 1, 0, 1, 1, 0, 0, 1, 0, 0, 0, 0, 1, 1, 0, 1, 0, 1, 1, 1, 0, 1, 1, 0, 1]",32,16,16,18,9,9,1.6806258940555632,2.0,1.550387596899225,16,1.6806258940555632,2.0,2.3419210874965892
Premier_League,2023,Nottm Forest,"[0, 1, 0, 1, 0, 0, 1, 0, 0, 0, 0, 0, 0, 1, 1, 0, 0, 0, 1, 0, 0, 0, 1, 0, 0, 0, 1, 0, 1]",29,15,14,9,5,4,1.8171642779963415,2.558221385615472,1.8315018315018317,14,1.8171642779963417,14.0,2.5582213856154716
Premier_League,2023,Sheffield United,"[0, 0, 0, 0, 0, 0, 0, 0, 0, 1, 0, 0, 0, 1, 0, 0, 0, 0, 0, 1, 0, 0, 0, 0, 0, 0, 0, 0, 0, 0, 0]",31,16,15,3,2,1,1.7655910090854825,3.43045512363755,1.8832391713747645,11,3.0636580323516722,11.0,11.330952159090334
Premier_League,2023,Tottenham,"[1, 1, 1, 1, 1, 1, 1, 1, 0, 0, 0, 0, 1, 1, 1, 0, 1, 1, 1, 0, 1, 1, 0, 1, 1, 0, 0, 0, 0, 1, 0, 1]",32,16,16,20,11,9,2.559326799309099,4.299144643591379,2.9069767441860463,7,13.505876594730706,7.0,55.674825946671376
Premier_League,2023,West Ham,"[1, 1, 1, 0, 0, 1, 0, 0, 0, 1, 1, 1, 0, 1, 1, 1, 0, 0, 0, 1, 1, 0, 1, 0, 0, 0, 1, 0]",28,14,14,14,8,6,2.529956763434219,4.447490501346341,2.840909090909091,5,5.333333333333333,12.0,15.793988527051958
Premier_League,2023,Wolves,"[0, 0, 1, 0, 0, 1, 1, 0, 1, 0, 0, 1, 0, 1, 1, 1, 0, 1, 0, 1, 1, 0, 1, 0, 0, 0, 0, 1, 0, 0, 0]",31,16,15,13,8,5,2.89968574795982,5.758225761303373,3.610108303249097,8,11.418950340649785,8.0,39.88996782077836
Premier_League,2024,Arsenal,"[1, 1, 1, 1, 1, 0, 0, 1, 1, 1, 1, 1, 1, 1, 1, 1, 1, 0, 1, 1, 1, 0, 1, 1]",24,12,12,20,10,10,1.6163774630092107,2.0,1.4104372355430184,7,3.0284304816305343,7.0,6.3434539789077755
Premier_League,2024,Aston Villa,"[1, 0, 1, 1, 1, 1, 0, 0, 0, 1, 1, 0, 1, 0, 1, 1, 0, 1, 0, 1, 1, 1, 1, 1, 0, 1, 1, 1, 0]",29,15,14,19,9,10,1.3032041067182132,1.3491754685362924,1.1737089201877935,1,2.9,1.0,12.447448585933154
Premier_League,2024,Bournemouth,"[1, 0, 0, 1, 0, 1, 1, 0, 0, 1, 1, 1, 1, 1, 1, 1, 0, 1, 0, 0, 0, 0, 1, 1, 0, 0, 1]",27,14,13,15,9,6,2.932327819116243,5.823339342313051,3.389830508474576,9,6.354815931353509,11.0,20.810758495125526
Premier_League,2024,Brentford,"[1, 0, 1, 0, 0, 1, 0, 1, 0, 1, 1, 0, 1, 0, 0, 0, 1, 0, 1, 0, 1, 1, 0, 1, 0, 1, 1, 1, 1, 0]",30,15,15,16,7,9,1.282273338331306,1.302265033872413,1.145475372279496,1,2.142857142857143,1.0,7.222950287772313
Premier_League,2024,Brighton,"[1, 1, 0, 1, 1, 0, 1, 1, 0, 0, 1, 1, 0, 0, 1, 1, 1, 1, 0, 0, 0, 1, 1, 1, 1]",25,13,12,16,8,8,1.4708481968310905,1.6522935832009673,1.3458950201884252,7,2.0382502996251164,7.0,3.04875663597417
Premier_League,2024,Chelsea,"[0, 1, 1, 1, 1, 0, 1, 1, 1, 1, 1, 1, 0, 0, 1, 0, 1, 0, 0, 1, 1, 0, 1, 1, 1, 1, 0, 1, 1]",29,15,14,20,11,9,2.223744144141939,3.340558766918102,2.237136465324385,14,2.223744144141939,14.0,3.340558766918102
Premier_League,2024,Crystal Palace,"[0, 0, 0, 0, 0, 1, 0, 1, 1, 0, 1, 1, 1, 0, 1, 0, 1, 1, 1, 1, 0, 0, 1, 1]",24,12,12,13,5,8,1.1393262544582814,1.1230052380468991,1.042752867570386,4,1.6062978402010193,4.0,2.340188211846793
Premier_League,2024,Everton,"[0, 0, 0, 0, 1, 1, 0, 0, 1, 0, 0, 0, 1, 1, 1, 1, 0, 1, 0, 0, 1, 1, 1]",23,12,11,11,3,8,1.0240578006127397,1.011165299765466,1.0040160642570282,7,1.238339476670359,7.0,1.3832121067883727
Premier_League,2024,Fulham,"[0, 1, 1, 1, 0, 0, 1, 1, 0, 1, 1, 0, 1, 0, 1, 1, 0, 1, 0, 1, 0, 1, 0, 0, 1, 0, 0, 1, 0]",29,15,14,15,9,6,2.892765218362916,5.619271194285363,3.236245954692557,7,5.01853537004605,7.0,12.554937483849468
Premier_League,2024,Ipswich,"[0, 0, 0, 0, 0, 1, 0, 0, 0, 1, 0, 0, 1, 0, 0, 0, 0, 0, 0, 0, 0, 1, 0, 0, 0, 0, 0, 0]",28,14,14,4,3,1,2.596428153121657,7.140633069983433,3.5587188612099645,14,2.5964281531216575,6.0,7.714392566089898
Premier_League,2024,Leicester,"[0, 0, 0, 1, 1, 0, 0, 0, 0, 1, 0, 0, 0, 0, 0, 0, 0, 1, 0, 0, 0, 0, 0, 0, 0, 0, 0, 0, 1, 1, 0]",31,16,15,6,3,3,1.4875281741654942,1.8688961605013037,1.4005602240896358,13,1.9025564203150476,1.0,3.2336983819273732
Premier_League,2024,Liverpool,"[1, 1, 1, 0, 1, 1, 1, 1, 1, 1, 1, 1, 1, 1, 1, 1, 1, 1, 1, 1, 1, 1, 1, 0, 1, 1, 1, 0, 0]",29,15,14,25,14,11,3.303469360342437,8.021734535248276,3.703703703703704,2,52.56249999999996,2.0,8058.975754996479
Premier_League,2024,Man City,"[1, 1, 1, 1, 1, 1, 1, 0, 0, 0, 0, 1, 0, 0, 1, 1, 1, 1, 0, 1, 0, 1, 0, 1, 1, 1, 1, 1, 1, 1]",30,15,15,21,9,12,1.1452493588570205,1.131220262965327,1.0515247108307044,12,1.3383572549693354,12.0,1.455164806049155
Premier_League,2024,Man United,"[1, 0, 0, 1, 0, 1, 0, 1, 1, 0, 0, 1, 0, 0, 0, 1, 0, 1, 0, 0, 1, 1, 0, 0, 0, 0, 0, 0, 1]",29,15,14,11,6,5,1.8172633910426896,2.462670581832049,1.757469244288225,7,5.338599597541599,7.0,14.409695461993273
Premier_League,2024,Newcastle,"[1, 1, 1, 0, 0, 0, 1, 1, 0, 0, 1, 1, 1, 1, 1, 1, 0, 1, 0, 0, 1, 0, 1, 1, 1, 1, 1, 0, 1, 1, 0, 0]",32,16,16,20,11,9,2.559326799309099,4.299144643591379,2.73224043715847,2,7.111111111111111,2.0,33.700421469473305
Premier_League,2024,Nott'm Forest,"[1, 1, 1, 1, 0, 1, 0, 0, 1, 1, 1, 0, 0, 1, 0, 1, 0]",17,9,8,10,6,4,2.3075936651931186,4.116536534324099,2.320185614849188,6,5.105704221345051,6.0,17.4280057661288
Premier_League,2024,Nottm Forest,"[1, 1, 0, 1, 1, 1, 0, 0, 1, 0, 1, 1, 1]",13,7,6,9,5,4,1.6770281482263862,2.345005540791239,1.488095238095238,6,1.6770281482263862,6.0,2.345005540791239
Premier_League,2024,Southampton,"[0, 0, 0, 0, 0, 0, 0, 0, 1, 0, 0, 0, 0, 0, 0, 0, 0, 0, 0, 0, 1, 0, 0, 0, 0, 0, 0, 0, 0, 0, 0, 0]",32,16,16,2,1,1,1.3589051446337646,2.0,1.3054830287206267,11,2.033836137160887,11.0,6.885488140860802
Premier_League,2024,Tottenham,"[1, 0, 0, 1, 1, 0, 1, 0, 1, 0, 1, 0, 0, 1, 0, 0, 0, 0, 0, 0, 1, 1, 1, 0, 0, 0, 1, 0, 0, 0, 0, 0, 0]",33,17,16,11,7,4,2.9487804066051098,6.162691635194097,3.6496350364963503,6,11.390624999999991,6.0,36.0288315045366
Premier_League,2024,West Ham,"[0, 1, 0, 0, 1, 0, 1, 0, 1, 0, 0, 1, 1, 0, 0, 1, 0, 0, 0, 1, 1, 0, 0, 0, 0, 1, 0, 1]",28,14,14,11,6,5,1.9683259886695428,2.862086060341679,1.984126984126984,7,2.2959698783750064,7.0,3.978388409794387
Premier_League,2024,Wolves,"[0, 0, 0, 0, 0, 0, 0, 1, 1, 0, 0, 0, 0, 1, 1, 0, 0, 0, 0, 1, 0, 1, 0, 1, 1, 1, 1, 1, 1, 0, 0, 0]",32,16,16,12,4,8,1.1110339342837554,1.07765996785331,1.0362694300518134,3,4.096,3.0,12.59937383107577
La_Liga,2000,Alaves,"[1, 0, 1, 1, 1, 0, 1, 0, 0, 1, 0, 1, 0, 0, 0, 0, 1, 0, 1, 1, 1, 1, 1, 0, 0, 1, 0, 0, 0, 0, 0]",31,16,15,14,7,7,1.5413791281547766,1.7706325310026498,1.4204545454545454,5,20.16340448369097,5.0,74.88018220789633
La_Liga,2000,Ath Bilbao,"[0, 1, 0, 1, 0, 0, 1, 0, 1, 0, 1, 0, 1, 1, 0, 1, 0, 1, 0, 0, 0, 1, 1, 0, 0, 0, 0, 0]",28,14,14,11,7,4,3.355383909897206,8.140032960369352,4.484304932735426,5,12.121198120655807,5.0,42.38230614807083
La_Liga,2000,Barcelona,"[1, 0, 1, 0, 1, 1, 0, 1, 0, 0, 1, 1, 1, 1, 1, 1, 1, 0, 0, 1, 1, 0, 1, 1, 0, 1]",26,13,13,17,8,9,1.4047741514484495,1.5153465600439988,1.267427122940431,9,2.621373655101414,9.0,4.510931683427875
La_Liga,2000,Celta,"[1, 1, 1, 0, 0, 1, 0, 1, 0, 0, 0, 0, 0, 0, 1, 1, 1, 1, 1, 1, 1, 0, 1, 1, 0, 1, 1]",27,14,13,16,5,11,1.011166853196928,1.0049081273606963,1.001001001001001,6,1.285244209212002,3.0,1.6417854134982754
La_Liga,2000,Espanol,"[1, 0, 0, 0, 0, 1, 1, 1, 1, 0, 0, 0, 0, 1, 0, 1, 1, 1, 0, 0, 1, 1, 0, 1, 1, 0, 0, 0, 1, 0]",30,15,15,14,6,8,1.2798844210338414,1.302265033872413,1.1389521640091116,5,4.311495049055232,5.0,10.50253231719742
La_Liga,2000,La Coruna,"[1, 1, 1, 0, 1, 1, 0, 1, 1, 1, 0, 1, 0, 1, 1, 1, 1, 1, 0, 1, 0, 1, 0, 1, 0, 1, 1, 1, 0, 1, 1]",31,16,15,22,12,10,2.2165941034170693,3.281522447058705,2.2573363431151243,13,3.155555632326642,13.0,6.141743881193814
La_Liga,2000,Las Palmas,"[0, 0, 1, 1, 1, 0, 0, 0, 1, 1, 0, 0, 1, 1, 1, 0, 1, 0, 0, 0, 0, 1, 0, 0, 0, 1, 0, 1, 0, 0, 1]",31,16,15,13,8,5,2.89968574795982,5.758225761303373,3.3112582781456954,14,4.314802799368275,14.0,11.68309414354748
La_Liga,2000,Malaga,"[0, 1, 0, 0, 1, 1, 0, 0, 1, 0, 1, 0, 1, 1, 1, 0, 0, 0, 0, 1, 1, 1, 0, 1, 1, 1, 0, 1, 1, 0]",30,15,15,16,8,8,1.6683818641526431,2.0,1.5822784810126582,1,2.142857142857143,1.0,7.222950287772313
La_Liga,2000,Mallorca,"[0, 0, 0, 1, 1, 1, 1, 1, 0, 1, 1, 1, 0, 1, 1, 0, 1, 1, 1, 1, 1, 0, 1, 1, 1, 1, 1]",27,14,13,20,9,11,1.1263670771923944,1.1289363426218153,1.0362694300518134,6,1.197884803767024,6.0,1.386296716160462
La_Liga,2000,Numancia,"[1, 0, 0, 1, 0, 0, 1, 0, 0, 0, 0, 1, 0, 0, 1, 0, 0, 1, 0, 1, 0, 0, 0, 0, 0, 1, 1, 0, 1]",29,15,14,10,5,5,1.5243442158298035,1.8063123857418013,1.4347202295552368,9,1.6081526386536515,9.0,2.1496448834531034
La_Liga,2000,Osasuna,"[0, 1, 0, 0, 0, 0, 0, 1, 0, 1, 0, 0, 0, 0, 0, 1, 1, 0, 1, 0, 1, 1, 0, 0, 1, 1]",26,13,13,10,3,7,1.0856472264657993,1.0564479778026157,1.0224948875255624,4,1.1932235962566842,4.0,1.434812128692542
La_Liga,2000,Oviedo,"[0, 0, 1, 1, 0, 1, 0, 1, 1, 0, 1, 0, 1, 0, 0, 0, 1, 0, 0, 0, 0, 0, 1, 0, 0, 1, 0, 0, 1, 0]",30,15,15,11,7,4,3.298789871535597,7.821532955724364,4.329004329004329,13,4.204570739040254,13.0,11.313288192984274
La_Liga,2000,Real Madrid,"[1, 1, 1, 0, 1, 0, 0, 1, 1, 1, 1, 1, 1, 1, 1, 1, 1, 1, 0, 1, 1, 0, 1, 1, 1, 1, 0, 1, 1, 1]",30,15,15,24,12,12,1.6611936130664853,2.0,1.4992503748125936,12,2.264214589938609,12.0,3.471317497861871
La_Liga,2000,Santander,"[0, 0, 0, 1, 0, 1, 0, 0, 0, 1, 0, 0, 0, 0, 0, 0, 1, 0, 1, 0, 1, 0, 1, 1, 0, 0, 1, 0, 1]",29,15,14,10,3,7,1.0746697676032568,1.0468039746724085,1.020408163265306,5,1.293984997554436,5.0,1.6331921519057269
La_Liga,2000,Sociedad,"[0, 0, 1, 0, 0, 1, 0, 0, 1, 0, 0, 0, 0, 0, 1, 0, 1, 0, 1, 0, 1, 1, 0, 0, 1, 1, 1, 0]",28,14,14,11,3,8,1.0548851444488196,1.0272314659787647,1.0121457489878545,1,1.6470588235294117,1.0,4.8461958713784865
La_Liga,2000,Valencia,"[0, 1, 1, 1, 1, 1, 1, 0, 1, 1, 1, 1, 0, 0, 0, 1, 1, 1, 1, 0, 0, 1, 0, 1, 1, 0, 1, 0, 0]",29,15,14,18,10,8,2.223595735426457,3.348006764637097,2.481389578163772,10,7.476898453041328,2.0,32.889275251497786
La_Liga,2000,Valladolid,"[1, 0, 0, 1, 0, 1, 0, 1, 0, 1, 1, 0, 1, 0, 0, 0, 0, 0, 1, 0, 0, 1, 0]",23,12,11,9,6,3,3.1524310523127923,7.558906938085354,4.132231404958677,10,5.502990349776403,10.0,20.162286558043135
La_Liga,2000,Vallecano,"[1, 1, 1, 0, 0, 1, 1, 0, 1, 0, 1, 0, 0, 1, 0, 0, 0, 1, 0, 0, 0, 0, 0, 1, 0]",25,13,12,10,7,3,4.437792045059089,14.1516773767228,6.940106877645916,11,8.409239841315358,11.0,41.32383109413042
La_Liga,2000,Villarreal,"[0, 1, 1, 0, 0, 1, 1, 0, 0, 1, 1, 0, 1, 0, 1, 1, 1, 1, 0, 0, 1, 0, 0, 1, 1, 0, 1, 0, 1]",29,15,14,16,8,8,1.5200667549213656,1.7192277091237715,1.4164305949008498,11,2.7590265193781596,11.0,4.869412400770889
La_Liga,2000,Zaragoza,"[0, 0, 0, 1, 1, 0, 1, 1, 1, 0, 0, 1, 0, 1, 0, 0, 0, 1, 0, 0, 1, 0, 0]",23,12,11,9,6,3,3.1524310523127923,7.558906938085354,3.816793893129771,9,4.024151148282087,9.0,10.94076638189925
La_Liga,2001,Alaves,"[1, 1, 0, 1, 0, 1, 1, 0, 1, 1, 0, 1, 1, 0, 0, 1, 1, 0, 0, 1, 0, 0, 0, 0, 1, 0, 0, 1, 0, 1, 0, 1, 0, 0, 1]",35,18,17,17,11,6,5.062767127289619,15.788681065575648,8.571918395336876,15,5.60023801661215,15.0,16.910508445494482
La_Liga,2001,Ath Bilbao,"[1, 0, 1, 1, 0, 0, 1, 1, 1, 1, 1, 0, 1, 0, 0, 1, 1, 0, 1, 0, 1, 0, 0, 0, 0, 0, 1]",27,14,13,14,9,5,4.068661615511714,11.133362611814682,5.649717514124294,6,10.757072338540759,6.0,39.61752726877225
La_Liga,2001,Barcelona,"[1, 1, 1, 1, 0, 1, 0, 1, 0, 0, 1, 0, 1, 1, 0, 0, 1, 1, 1, 0, 1, 0, 1, 1, 1, 0, 1, 1]",28,14,14,18,9,9,1.668616179586344,2.0,1.5698587127158556,14,1.668616179586344,14.0,2.0
La_Liga,2001,Betis,"[0, 1, 1, 1, 1, 1, 0, 0, 0, 1, 1, 1, 1, 0, 0, 1, 1, 1, 1, 0, 1, 1, 0, 0]",24,12,12,15,8,7,2.041997230671358,2.9704882894736944,2.0161290322580645,2,7.111111111111111,2.0,35.37927107764499
La_Liga,2001,Celta,"[1, 1, 1, 1, 0, 0, 0, 1, 1, 1, 1, 1, 1, 0, 0, 0, 1, 1, 1, 1, 0, 0, 1, 1, 0, 0]",26,13,13,16,10,6,5.130203371589748,18.71542646747689,8.84251481121231,2,6.760000000000001,2.0,31.940017049256898
La_Liga,2001,Espanol,"[1, 0, 0, 0, 1, 1, 0, 1, 0, 0, 1, 0, 1, 0, 1, 0, 0, 1, 1, 1, 1, 0, 0, 0, 1, 0, 1, 0, 0, 0]",30,15,15,13,7,6,1.981164112156975,2.8068338874262357,2.05761316872428,9,5.736390126381757,3.0,18.122061624738016
La_Liga,2001,La Coruna,"[1, 1, 0, 1, 1, 1, 1, 0, 1, 0, 1, 0, 0, 1, 1, 0, 0, 1, 0, 1, 0, 1, 1, 1, 1, 1, 1, 0, 1, 1]",30,15,15,20,10,10,1.6780347465021417,2.0,1.5174506828528074,15,1.6780347465021415,3.0,2.0
La_Liga,2001,Las Palmas,"[1, 0, 0, 0, 1, 0, 1, 0, 1, 0, 0, 1, 1, 1, 0, 0, 0, 0, 0, 1, 0, 1, 0, 0, 0]",25,13,12,9,6,3,3.123826759304197,7.381478532763724,3.745318352059925,11,5.511432806915987,11.0,20.015199148454446
La_Liga,2001,Malaga,"[1, 0, 0, 0, 1, 1, 0, 0, 1, 0, 1, 0, 1, 0, 1, 1, 0, 1, 1, 1, 1, 0, 0, 1]",24,12,12,13,5,8,1.1393262544582814,1.1230052380468991,1.064962726304579,3,2.28495867768595,3.0,4.557814343651283
La_Liga,2001,Mallorca,"[0, 1, 0, 0, 0, 0, 1, 0, 1, 1, 0, 1, 0, 0, 0, 1, 1, 0, 0, 0, 0, 1, 1, 0, 1, 0, 0, 1]",28,14,14,11,5,6,1.4047185470557153,1.5370321067848536,1.2936610608020698,11,1.810037675408506,11.0,2.5032008930099514
La_Liga,2001,Osasuna,"[0, 0, 1, 1, 1, 0, 0, 1, 0, 0, 0, 0, 1, 0, 1, 1, 1, 0, 0, 0, 0, 0, 1, 0, 1, 0]",26,13,13,10,5,5,1.6144076428525194,2.0,1.550387596899225,9,3.8191989011995,9.0,9.277989006696846
La_Liga,2001,Real Madrid,"[0, 0, 1, 0, 1, 1, 1, 0, 1, 1, 1, 1, 1, 1, 1, 0, 0, 1, 0, 1, 1, 1, 1, 1, 1, 0, 1, 0, 0]",29,15,14,19,11,8,2.9071441427411284,5.565768219774288,3.401360544217687,2,8.409999999999998,2.0,46.130110648244134
La_Liga,2001,Sevilla,"[0, 1, 1, 0, 1, 0, 1, 0, 1, 0, 1, 0, 1, 0, 1, 1, 0, 0, 1, 0, 0, 0, 0, 1, 1, 1, 1]",27,14,13,14,7,7,1.5121956885368906,1.7265138503815158,1.3908205841446453,11,2.2223001868164385,11.0,3.441122321172727
La_Liga,2001,Sociedad,"[0, 0, 0, 0, 0, 0, 1, 1, 1, 0, 0, 1, 0, 0, 1, 0, 0, 0, 1, 0, 1, 1, 0, 1, 1, 0, 1, 0, 1, 1]",30,15,15,13,5,8,1.1748549394474508,1.1554171690220127,1.0764262648008611,15,1.1748549394474508,5.0,1.2578801013340857
La_Liga,2001,Tenerife,"[0, 0, 1, 0, 0, 1, 1, 0, 0, 0, 1, 1, 0, 0, 0, 1, 0, 0, 0, 0, 1, 1, 0, 0, 0, 1, 0, 0, 1, 0]",30,15,15,10,5,5,1.6171499702466807,2.0,1.4814814814814814,8,2.1357421874999987,1.0,4.237101333923014
La_Liga,2001,Valencia,"[1, 1, 1, 1, 1, 0, 0, 1, 1, 1, 0, 0, 1, 1, 1, 1, 1, 1, 0, 1, 1, 1, 1, 1, 1, 1]",26,13,13,21,9,12,1.06639174482282,1.0726615919185754,1.0309278350515465,8,1.2211808727945965,1.0,1.4479707105954485
La_Liga,2001,Valladolid,"[0, 1, 0, 0, 1, 1, 0, 1, 0, 1, 0, 1, 0, 0, 1, 1, 1, 0, 1, 0, 1, 0, 0, 0, 0, 1, 1, 0, 0]",29,15,14,13,7,6,1.8137160467771007,2.3903802471936064,1.7889087656529516,8,4.482412769799124,8.0,10.804044614930177
La_Liga,2001,Vallecano,"[0, 0, 0, 0, 0, 0, 1, 0, 1, 0, 1, 0, 0, 0, 1, 1, 0, 1, 0, 1, 0, 1, 0, 1, 1, 1, 1, 1]",28,14,14,13,3,10,1.0153153441355702,1.0040106122304924,1.0,12,1.0462575553836437,1.0,1.1587526194047395
La_Liga,2001,Villarreal,"[1, 1, 0, 1, 1, 0, 0, 0, 0, 1, 1, 0, 0, 0, 0, 1, 0, 1, 0, 0, 0, 1, 0, 1, 0, 0, 1, 0]",28,14,14,11,6,5,1.9683259886695428,2.862086060341679,2.0366598778004072,10,2.4978022609360004,1.0,4.8461958713784865
La_Liga,2001,Zaragoza,"[0, 1, 0, 1, 1, 0, 0, 0, 1, 1, 0, 1, 0, 0, 0, 1, 0, 0, 1, 0, 1, 0, 0, 0, 0, 0, 0, 0]",28,14,14,9,6,3,3.414243374684537,8.898170404005489,4.25531914893617,7,15.094926848336119,7.0,56.34099389439841
La_Liga,2002,Alaves,"[0, 1, 0, 0, 0, 1, 0, 1, 0, 1, 0, 1, 1, 0, 1, 0, 0, 0, 0, 0, 0, 0, 1, 0, 0, 0, 0]",27,14,13,8,6,2,4.746730794489916,16.909506658513124,7.841907151819322,12,11.204119160327407,12.0,66.24381825096432
La_Liga,2002,Ath Bilbao,"[0, 0, 0, 1, 0, 1, 1, 1, 0, 0, 0, 1, 1, 0, 0, 1, 1, 0, 0, 1, 0, 1, 1, 1, 1, 1, 1, 0]",28,14,14,15,6,9,1.164977878924662,1.1465412140302205,1.0787486515641855,1,2.1538461538461537,1.0,7.299108661952227
La_Liga,2002,Ath Madrid,"[1, 0, 1, 1, 1, 0, 1, 0, 0, 0, 1, 0, 1, 1, 0, 1, 1, 0, 0, 0, 0, 0, 1, 1, 0, 0, 0]",27,14,13,12,8,4,4.159468507932459,11.89050938720815,6.0606060606060606,10,9.445680493714283,10.0,40.049423910416834
La_Liga,2002,Barcelona,"[1, 1, 0, 0, 1, 1, 0, 0, 0, 0, 1, 1, 0, 0, 0, 1, 1, 1, 0, 0, 1, 1, 0, 1, 1, 1, 1]",27,14,13,15,6,9,1.1108279912740078,1.0918230694676767,1.0405827263267429,9,1.1869323399543459,9.0,1.258901845844143
La_Liga,2002,Betis,"[1, 1, 0, 1, 1, 0, 1, 1, 0, 1, 0, 1, 1, 0, 0, 1, 0, 0, 0, 1, 0, 0, 0, 1, 1, 1]",26,13,13,14,9,5,4.952093938005713,17.303747393331143,8.373806732540613,13,4.952093938005713,13.0,17.303747393331143
La_Liga,2002,Celta,"[1, 1, 1, 1, 0, 0, 1, 0, 1, 1, 0, 1, 0, 0, 0, 1, 0, 1, 1, 0, 1, 1, 1, 1, 0, 1, 1, 0]",28,14,14,17,8,9,1.4245592388561574,1.537032106784853,1.2468827930174564,1,2.545454545454545,1.0,9.731322785062583
La_Liga,2002,Espanol,"[0, 0, 0, 0, 1, 1, 0, 0, 0, 0, 1, 0, 0, 1, 0, 1, 1, 0, 0, 1, 1, 1, 1, 0, 0]",25,13,12,10,3,7,1.0607940218887384,1.037462570338065,1.0090817356205852,2,2.7777777777777777,2.0,8.747212720416
La_Liga,2002,La Coruna,"[0, 1, 1, 1, 0, 0, 1, 1, 1, 1, 1, 0, 1, 0, 1, 1, 1, 1, 1, 1, 0, 1, 1, 1, 0, 1, 1, 0, 0, 1, 0, 1]",32,16,16,22,11,11,1.6860487706131635,2.0,1.6129032258064515,5,5.555369536423841,5.0,15.259807246431455
La_Liga,2002,Malaga,"[1, 1, 1, 0, 0, 1, 0, 0, 0, 1, 1, 0, 0, 0, 1, 0, 1, 1, 1, 0, 0, 0, 0, 1, 0]",25,13,12,11,6,5,1.8011572900901784,2.4350205521816366,1.7699115044247788,6,5.674268557185991,6.0,16.417712865866783
La_Liga,2002,Mallorca,"[0, 0, 0, 1, 1, 1, 1, 1, 1, 1, 0, 0, 0, 0, 1, 0, 0, 0, 0, 0, 1, 1, 1, 1, 0, 1, 0, 1]",28,14,14,14,7,7,1.653613241824788,2.0,1.550387596899225,13,2.0,13.0,2.837933762005623
La_Liga,2002,Osasuna,"[0, 0, 0, 1, 0, 0, 0, 1, 1, 1, 1, 0, 0, 1, 0, 1, 0, 0, 0, 0, 0, 1, 0, 1, 1, 1, 1]",27,14,13,12,6,6,1.5175105332061891,1.759386916159739,1.4245014245014245,11,1.544779426846743,11.0,1.8695250951432993
La_Liga,2002,Real Madrid,"[1, 1, 1, 0, 1, 1, 1, 1, 1, 1, 1, 1, 0, 1, 1, 1, 1, 1, 1, 0, 1, 0, 1, 1, 1, 1]",26,13,13,22,11,11,1.6217929048170818,2.0,1.3869625520110958,7,3.3992548115625283,7.0,7.752527269417639
La_Liga,2002,Recreativo,"[0, 0, 0, 0, 0, 1, 0, 0, 1, 0, 0, 0, 0, 1, 0, 0, 1, 1, 1, 1, 0, 1, 0, 0, 0, 0]",26,13,13,8,2,6,1.0760234925245085,1.0466778650845106,1.0101010101010102,4,4.353147386069198,4.0,13.586784359793143
La_Liga,2002,Santander,"[0, 1, 0, 1, 1, 0, 0, 0, 0, 1, 0, 1, 1, 0, 0, 0, 0, 0, 1, 1, 1, 0, 0, 0, 0, 1, 1, 1, 0, 0, 1, 0, 0]",33,17,16,13,6,7,1.364231773878774,1.4485450053012874,1.2658227848101269,5,2.8776024264705877,2.0,8.352722799049925
La_Liga,2002,Sevilla,"[0, 0, 1, 0, 1, 0, 0, 1, 1, 0, 1, 0, 1, 0, 1, 1, 1, 1, 0, 1, 0, 0, 0, 1, 1, 0, 0]",27,14,13,13,6,7,1.3258749661237057,1.3966438877911838,1.2224938875305624,7,3.875154078851525,2.0,12.762633878108103
La_Liga,2002,Sociedad,"[1, 1, 1, 1, 1, 1, 1, 1, 1, 1, 1, 1, 0, 0, 1, 0, 1, 1, 0, 1, 1, 0, 1, 1, 1, 1, 0, 1]",28,14,14,22,12,10,2.843482019820793,5.602534042157461,3.076923076923077,13,3.360126112734324,13.0,7.629941548117953
La_Liga,2002,Valencia,"[1, 1, 1, 0, 1, 1, 0, 1, 1, 1, 0, 0, 1, 1, 1, 1, 1, 0, 0, 0, 1, 0, 1, 0, 0, 1, 0, 0, 1]",29,15,14,17,11,6,5.656916997835949,20.85893760147531,10.26272577996716,12,14.327275248131105,12.0,99.1154279687496
La_Liga,2002,Valladolid,"[1, 1, 0, 0, 1, 0, 0, 1, 0, 0, 0, 1, 0, 1, 1, 0, 1, 0, 0, 0, 1, 0, 0, 0, 1, 1, 0, 1]",28,14,14,12,6,6,1.6379481654980252,2.0,1.594896331738437,11,2.2007813325852266,11.0,3.4692688366015507
La_Liga,2002,Vallecano,"[0, 1, 0, 1, 0, 0, 0, 0, 0, 1, 1, 0, 1, 0, 0, 0, 1, 0, 0, 0, 1, 0, 0, 0, 0, 0, 0]",27,14,13,7,5,2,3.275052459136128,8.755765206813042,4.901960784313726,6,6.053445140625002,6.0,19.930592416994237
La_Liga,2002,Villarreal,"[0, 0, 1, 0, 0, 1, 1, 0, 0, 1, 1, 0, 1, 1, 0, 0, 1, 0, 0, 1, 0, 0, 1, 1, 0, 0]",26,13,13,11,6,5,1.9765389138057148,2.8926884770650925,1.9880715705765408,2,3.004444444444445,2.0,9.639253239660002
La_Liga,2003,Albacete,"[0, 0, 0, 0, 1, 0, 1, 0, 1, 0, 0, 0, 1, 1, 1, 0, 0, 0, 0, 1, 1, 1, 0, 1, 0, 0, 1, 1, 0, 1]",30,15,15,13,6,7,1.426420240978409,1.553454308643979,1.2706480304955527,15,1.426420240978409,2.0,1.7299178263481856
La_Liga,2003,Ath Bilbao,"[0, 0, 1, 1, 1, 0, 1, 0, 1, 1, 0, 0, 1, 0, 1, 1, 1, 1, 0, 0, 1, 0, 1, 1, 0, 1, 0]",27,14,13,15,7,8,1.316508931008271,1.3760742381167328,1.207729468599034,9,2.735926422696893,1.0,7.856545923016482
La_Liga,2003,Ath Madrid,"[0, 1, 0, 0, 0, 1, 1, 1, 1, 1, 0, 1, 0, 1, 1, 1, 0, 0, 1, 0, 1, 1, 0, 0, 0, 1, 0, 1]",28,14,14,15,8,7,2.010548201001965,2.837933762005623,1.9157088122605364,6,3.5791936861366778,6.0,7.629941548117953
La_Liga,2003,Barcelona,"[1, 1, 0, 0, 1, 1, 1, 0, 0, 0, 1, 0, 1, 1, 1, 1, 1, 1, 1, 1, 1, 1, 1, 1, 1, 1, 0, 1, 0]",29,15,14,21,9,12,1.0741654582844626,1.0647206094192052,1.019367991845056,3,5.367297535211268,1.0,20.166239473390664
La_Liga,2003,Betis,"[0, 1, 1, 1, 0, 0, 0, 0, 1, 0, 0, 1, 1, 1, 1, 1, 0, 0, 0, 1, 1, 0, 0, 1, 1]",25,13,12,13,6,7,1.3068688953698475,1.3722517042282367,1.2106537530266344,9,2.21785502459714,9.0,3.504884056879052
La_Liga,2003,Celta,"[0, 1, 0, 0, 1, 0, 0, 1, 0, 0, 1, 0, 0, 1, 1, 0, 0, 0, 0, 0, 1, 1, 0, 1, 0, 0]",26,13,13,9,4,5,1.3773750381549292,1.5153465600439986,1.2531328320802004,2,2.339100346020761,2.0,7.038147400342609
La_Liga,2003,Espanol,"[0, 0, 0, 0, 0, 0, 1, 0, 0, 1, 0, 0, 0, 0, 0, 1, 1, 0, 0, 1, 1, 0, 0, 1, 1, 0, 1, 0, 1, 1, 0, 1, 0, 1]",34,17,17,13,4,9,1.0741850215126545,1.0403897015854855,1.0256410256410255,4,1.1897292354973659,2.0,1.5675940256185859
La_Liga,2003,La Coruna,"[1, 1, 1, 1, 0, 1, 1, 1, 0, 1, 0, 1, 0, 1, 1, 1, 0, 1, 1, 1, 0, 0, 0, 1, 1, 1, 1, 0, 1, 1]",30,15,15,21,11,10,2.063945400892388,2.897172134819273,1.876172607879925,10,2.853968578700952,10.0,5.024813540419161
La_Liga,2003,Malaga,"[0, 0, 0, 1, 1, 0, 1, 0, 1, 1, 0, 1, 0, 1, 1, 0, 0, 0, 0, 0, 0, 1, 1, 1, 0, 1, 1, 1, 0, 0, 1, 0]",32,16,16,15,8,7,1.991483930241636,2.765660470166652,1.9723865877712032,4,2.77180340522494,1.0,5.884117853164347
La_Liga,2003,Mallorca,"[0, 1, 0, 0, 0, 0, 1, 0, 1, 1, 1, 1, 1, 0, 0, 0, 0, 1, 0, 0, 0, 0, 1, 0, 0, 1, 0, 1, 1, 1, 1, 1]",32,16,16,15,7,8,1.4441161147724728,1.5663603036350555,1.3280212483399734,16,1.4441161147724728,14.0,1.6060705897376393
La_Liga,2003,Murcia,"[0, 0, 1, 0, 0, 0, 0, 0, 0, 0, 0, 1, 0, 0, 0, 0, 0, 0, 1, 0, 0, 0, 0, 1, 0, 1, 0]",27,14,13,5,2,3,1.26353190974014,1.3858205225840643,1.1441647597254003,13,1.26353190974014,1.0,3.18928418730777
La_Liga,2003,Osasuna,"[1, 0, 1, 1, 1, 0, 1, 0, 1, 1, 0, 1, 0, 0, 1, 1, 1, 0, 0, 0, 0, 0, 0]",23,12,11,11,8,3,6.954623973562538,33.981204314202294,14.226774790155073,6,49.57691970218194,6.0,313.7343249019113
La_Liga,2003,Real Madrid,"[1, 1, 1, 0, 1, 1, 1, 1, 0, 1, 1, 1, 1, 1, 1, 0, 1, 1, 1, 1, 1, 0, 1, 1, 0, 1, 0, 0, 0, 0, 0]",31,16,15,21,13,8,5.618992150336281,20.70772049179958,9.865824782951854,5,286.2915099999998,5.0,4965.432101509707
La_Liga,2003,Santander,"[1, 0, 0, 1, 1, 0, 0, 1, 1, 0, 1, 0, 0, 1, 1, 0, 0, 0, 1, 0, 1, 0, 0, 0, 0, 1, 0, 0]",28,14,14,11,7,4,3.355383909897206,8.140032960369352,4.291845493562231,7,5.94682060487744,13.0,19.594654907795565
La_Liga,2003,Sevilla,"[1, 0, 1, 0, 1, 0, 0, 1, 1, 0, 0, 1, 0, 0, 0, 1, 1, 1, 1, 0, 0, 0, 1, 1, 1, 0, 1, 1]",28,14,14,15,6,9,1.164977878924662,1.1465412140302205,1.0660980810234542,9,1.4902321475309046,9.0,1.7933986370415296
La_Liga,2003,Sociedad,"[1, 1, 0, 0, 1, 0, 0, 0, 0, 0, 0, 1, 1, 1, 1, 1, 0, 0, 0, 1, 0, 0, 1, 0, 1]",25,13,12,11,5,6,1.312366537696454,1.3903095941809698,1.20627261761158,9,2.5989613061585373,9.0,4.757997143080997
La_Liga,2003,Valencia,"[1, 1, 1, 1, 1, 1, 0, 1, 0, 1, 1, 1, 1, 1, 1, 0, 1, 1, 0, 0, 1, 1, 1, 1, 1, 1, 1, 1, 0, 0]",30,15,15,23,13,10,3.8479796519292098,10.239550314455164,5.025125628140704,2,18.36734693877552,2.0,251.02698436728863
La_Liga,2003,Valladolid,"[1, 0, 1, 0, 0, 0, 1, 1, 1, 0, 1, 0, 1, 0, 0, 0, 0, 0, 1, 1, 0, 0, 0, 0, 0, 0, 1]",27,14,13,10,7,3,4.359740199597395,13.535678184741862,6.838074398249453,7,4.981195283670404,7.0,13.556558816841415
La_Liga,2003,Villarreal,"[1, 1, 0, 0, 1, 0, 1, 1, 0, 1, 1, 0, 1, 1, 0, 0, 0, 1, 0, 0, 0, 1, 0, 0, 1, 1, 1, 1, 0]",29,15,14,15,9,6,2.892765218362916,5.619271194285363,3.289473684210526,14,2.8927652183629156,1.0,6.8458334831090655
La_Liga,2003,Zaragoza,"[0, 0, 1, 0, 0, 1, 0, 1, 1, 0, 0, 0, 1, 0, 0, 0, 0, 1, 0, 1, 1, 1, 1, 0, 0, 0, 1, 1, 1]",29,15,14,13,5,8,1.1315443717727154,1.1096503965983031,1.0438413361169103,6,1.3376491042474083,6.0,1.632420559934214
La_Liga,2004,Albacete,"[0, 0, 0, 1, 0, 1, 0, 0, 1, 0, 0, 0, 0, 0, 0, 0, 1, 0, 0]",19,10,9,4,3,1,2.4687786902230946,6.3843318405493,3.1446540880503147,9,2.4687786902230946,9.0,6.3843318405493
La_Liga,2004,Ath Bilbao,"[0, 0, 1, 0, 1, 0, 0, 0, 1, 1, 1, 1, 0, 0, 1, 0, 1, 0, 0, 0]",20,10,10,8,4,4,1.5795211728823682,2.0,1.440922190201729,3,4.629629629629631,3.0,15.99400159286804
La_Liga,2004,Ath Madrid,"[1, 1, 0, 1, 0, 1, 0, 1, 0, 1, 0, 0, 0, 1, 0, 1, 1, 0, 0, 0]",20,10,10,9,6,3,3.758862292685365,11.265710937205077,5.154639175257732,3,6.01051840721262,3.0,22.40689554951733
La_Liga,2004,Barcelona,"[1, 1, 1, 1, 1, 1, 1, 1, 1, 1, 1, 0, 1, 1, 1, 1, 1, 1, 1]",19,10,9,18,10,8,2.5954462419217785,7.173123478295103,2.109704641350211,8,2.8478697466297302,8.0,8.760202516702991
La_Liga,2004,Betis,"[0, 0, 1, 1, 0, 1, 0, 1, 0, 1, 1, 0, 0, 1, 0, 1, 1, 1]",18,9,9,10,4,6,1.186932339954346,1.2068416173377785,1.0822510822510822,7,1.4866203303097214,7.0,1.8414620099034646
La_Liga,2004,Espanol,"[1, 1, 0, 1, 0, 0, 1, 1, 1, 0, 1, 0, 1, 0, 1, 0, 1, 1]",18,9,9,11,6,5,2.043273910604228,3.180938916864077,1.953125,9,2.043273910604228,9.0,3.180938916864077
La_Liga,2004,Getafe,"[0, 0, 0, 1, 0, 1, 0, 0, 0, 1, 0, 1, 1, 0, 1, 1, 1, 0, 1, 0]",20,10,10,9,3,6,1.1135794782840645,1.09741166550636,1.033057851239669,1,1.8181818181818181,1.0,5.659456964427205
La_Liga,2004,La Coruna,"[0, 1, 0, 1, 1, 0, 0, 0, 1, 1, 1, 0, 0, 0, 1, 0]",16,8,8,7,3,4,1.3106598031647594,1.4433082914516608,1.17096018735363,5,3.632262266007122,5.0,10.169482142230938
La_Liga,2004,Levante,"[1, 0, 1, 0, 1, 1, 0, 1, 1, 0, 0, 0, 0, 0, 1, 1, 1, 0, 0, 0, 0, 0]",22,11,11,9,6,3,3.63374422757062,10.346769726499527,4.926108374384237,5,13.880229360639719,5.0,58.30736280683724
La_Liga,2004,Malaga,"[0, 1, 1, 0, 1, 0, 0, 1, 0, 0, 0, 1, 1, 1, 1, 0, 0, 1, 0, 1, 1, 1]",22,11,11,12,4,8,1.0655245341205672,1.0453516251747186,1.020408163265306,7,1.4443634409598367,7.0,1.765627403117992
La_Liga,2004,Mallorca,"[0, 1, 0, 0, 0, 0, 0, 0, 1, 0, 0, 0, 0, 0, 1, 0, 0, 0, 1, 1, 1, 1]",22,11,11,7,2,5,1.1118715459877633,1.0927087428924895,1.0214504596527068,11,1.1118715459877633,11.0,1.0927087428924895
La_Liga,2004,Numancia,"[0, 1, 0, 0, 0, 0, 0, 0, 0, 0, 0, 0, 0, 0, 0, 0, 1]",17,9,8,2,1,1,1.3170154320220662,1.8679513884800727,1.2330456226880395,8,1.3170154320220662,8.0,1.8679513884800731
La_Liga,2004,Osasuna,"[1, 1, 0, 1, 0, 1, 0, 0, 1, 0, 1, 1, 0, 0, 0, 0, 1, 1, 0, 0]",20,10,10,9,5,4,1.9825354815328056,3.062341080606125,1.9646365422396856,8,4.542764102287549,8.0,14.072877412326681
La_Liga,2004,Real Madrid,"[1, 1, 0, 1, 0, 0, 1, 1, 1, 1, 0, 1, 1, 1, 1, 1, 0, 1, 0, 1, 1, 1, 1, 1]",24,12,12,18,8,10,1.188187176341435,1.2090279954402503,1.0857763300760044,8,1.5799802309602449,8.0,2.0
La_Liga,2004,Santander,"[0, 0, 1, 0, 0, 1, 1, 0, 0, 0, 1, 0, 1, 1, 1, 0, 1, 0, 1]",19,10,9,9,3,6,1.0713140345158332,1.058192363201616,1.0214504596527068,4,1.3776004228329806,2.0,1.8818095030256827
La_Liga,2004,Sevilla,"[1, 0, 1, 1, 1, 1, 0, 0, 1, 1, 1, 0, 1, 0, 0, 1, 1, 1, 0, 0]",20,10,10,12,7,5,2.725562493301657,5.535406238226222,3.115264797507788,2,6.249999999999999,2.0,29.459786383708686
La_Liga,2004,Sociedad,"[0, 0, 0, 1, 0, 1, 1, 1, 1, 0, 0, 0, 0, 0, 1, 1, 0, 0, 0]",19,10,9,7,5,2,3.380488522454906,9.51947438830441,4.219409282700422,3,3.969328703703704,3.0,13.384764278060459
La_Liga,2004,Valencia,"[1, 1, 1, 1, 0, 0, 0, 1, 1, 1, 1, 1, 0, 1, 0, 1, 0, 1]",18,9,9,12,6,6,1.6055958887348067,2.0,1.4513788098693758,6,3.128755364806867,6.0,6.9241440478741705
La_Liga,2004,Villarreal,"[0, 0, 1, 1, 1, 1, 1, 1, 1, 1, 0, 1, 0, 0, 1, 1, 1, 1]",18,9,9,13,7,6,2.0974144858672803,3.340431362193739,1.876172607879925,8,2.553563240236561,8.0,4.876657248000623
La_Liga,2004,Zaragoza,"[1, 1, 0, 1, 0, 1, 0, 1, 0, 0, 1, 1, 0, 0, 1, 1, 0, 1, 0, 0, 0]",21,11,10,10,6,4,2.289592941803353,3.959960951529355,2.444987775061125,3,6.957926371149511,3.0,26.859398458637706
La_Liga,2005,Alaves,"[0, 0, 0, 1, 0, 0, 1, 0, 0, 0, 0, 0, 1, 0, 1, 1, 0, 0, 1, 1, 0, 0, 0, 1, 0, 1]",26,13,13,9,3,6,1.1404595918962377,1.1212023997753855,1.034126163391934,6,1.5271097976209762,6.0,2.1276468440473764
La_Liga,2005,Ath Bilbao,"[1, 0, 0, 0, 0, 0, 0, 0, 1, 1, 0, 0, 0, 1, 0, 0, 1, 0, 1, 1, 1, 0, 0, 1, 1, 1]",26,13,13,11,3,8,1.0490632742270825,1.0241535176398455,1.0080645161290325,5,1.1185366565464006,5.0,1.229202634598523
La_Liga,2005,Ath Madrid,"[0, 1, 0, 0, 1, 0, 1, 1, 0, 0, 0, 1, 1, 1, 1, 1, 1, 0, 1, 0, 0, 1, 1, 0, 0]",25,13,12,13,6,7,1.3068688953698475,1.3722517042282367,1.2135922330097086,2,4.340277777777778,2.0,16.01587719602901
La_Liga,2005,Barcelona,"[1, 0, 1, 1, 1, 1, 1, 1, 1, 1, 1, 1, 1, 1, 1, 1, 1, 0, 0, 1, 1, 1, 0, 1, 1, 1, 1, 1, 1, 0, 0]",31,16,15,25,15,10,6.75672577867707,35.41820112035011,13.91594767603674,2,26.694444444444432,2.0,704.4314659083951
La_Liga,2005,Betis,"[0, 1, 0, 1, 0, 0, 0, 0, 0, 0, 1, 1, 0, 1, 0, 0, 0, 1, 0, 1, 1, 1, 0, 0, 0, 1]",26,13,13,10,4,6,1.2421188280651394,1.2659130648831014,1.122334455667789,4,1.9922572544642854,4.0,3.653399733019961
La_Liga,2005,Cadiz,"[0, 1, 0, 1, 1, 0, 0, 0, 0, 0, 0, 0, 1, 1, 0, 0, 0, 0, 1, 0, 0, 0, 1, 0, 0, 1]",26,13,13,8,4,4,1.584677267025257,2.0,1.5082956259426847,12,2.132421900405526,12.0,3.602787462850478
La_Liga,2005,Celta,"[1, 1, 0, 1, 1, 0, 1, 0, 1, 1, 0, 1, 0, 0, 0, 1, 1, 0, 1, 1, 0, 1, 1, 0, 0, 0, 1, 1, 0, 1, 1, 1, 0, 1]",34,17,17,20,10,10,1.6909566796245026,2.0,1.572327044025157,11,2.0013842302648364,11.0,2.7550333520369423
La_Liga,2005,Espanol,"[0, 1, 1, 0, 0, 0, 0, 0, 1, 0, 1, 0, 1, 0, 1, 0, 0, 0, 1, 0, 1, 0, 0, 1, 0, 0, 1]",27,14,13,10,5,5,1.5148471428733077,1.7898317226824547,1.422475106685633,12,1.9091117371790014,12.0,2.7719979402375574
La_Liga,2005,Getafe,"[1, 1, 1, 1, 0, 1, 0, 0, 0, 1, 0, 0, 0, 1, 0, 1, 0, 0, 1, 1, 0, 0, 1, 1, 1, 1, 0, 1, 0]",29,15,14,15,7,8,1.33658175102202,1.401193276930233,1.2004801920768309,3,2.109045313040471,1.0,6.8458334831090655
La_Liga,2005,La Coruna,"[1, 1, 0, 0, 1, 1, 1, 0, 1, 1, 1, 0, 1, 0, 0, 0, 1, 1, 0, 0, 1, 1, 0, 1, 0, 1, 0, 0]",28,14,14,15,9,6,3.386710647677716,7.824018803295667,4.366812227074236,2,4.6390532544378695,2.0,17.403226278909138
La_Liga,2005,Malaga,"[0, 0, 1, 1, 0, 0, 1, 0, 1, 0, 0, 0, 0, 0, 0, 0, 1, 0, 0, 0, 0, 0, 0, 0, 0, 0, 0, 0, 0]",29,15,14,5,4,1,3.6115861154694056,12.175174512200078,5.235602094240837,12,9.688154906657527,12.0,51.39804624950657
La_Liga,2005,Mallorca,"[0, 0, 1, 0, 0, 0, 1, 1, 0, 0, 1, 0, 0, 0, 0, 0, 1, 1, 1, 0, 0, 1, 1, 0, 1]",25,13,12,10,4,6,1.1879479721771755,1.1953140588265818,1.0810810810810811,6,1.2183235867446394,2.0,1.6173920939084285
La_Liga,2005,Osasuna,"[1, 0, 1, 0, 1, 1, 1, 0, 1, 1, 1, 1, 1, 1, 1, 0, 0, 0, 1, 1, 0, 0, 1, 1, 1, 0, 0, 1, 1, 0, 1, 0, 1]",33,17,16,21,12,9,2.822573410524107,5.10012779222011,3.1746031746031744,13,3.114570994922971,13.0,5.782108908028653
La_Liga,2005,Real Madrid,"[1, 0, 0, 1, 1, 1, 1, 0, 0, 1, 1, 0, 1, 1, 0, 1, 1, 1, 1, 1, 1, 0, 1, 1, 1, 1, 1, 0]",28,14,14,20,9,11,1.235215472934987,1.252178551393171,1.092896174863388,1,3.5,1.0,18.628137309221955
La_Liga,2005,Santander,"[0, 0, 1, 1, 0, 0, 0, 0, 1, 1, 1, 0, 0, 1, 0, 0, 1, 0, 0, 0, 0, 1, 0, 1, 0]",25,13,12,9,5,4,1.8045939709170185,2.5330520271144654,1.7761989342806397,11,2.5117599706458145,11.0,4.757997143080997
La_Liga,2005,Sevilla,"[1, 0, 0, 1, 1, 1, 1, 1, 0, 0, 1, 0, 1, 0, 1, 1, 0, 1, 1, 0, 1, 0, 1, 1, 0, 1, 1, 1, 1, 1]",30,15,15,20,9,11,1.2646065024762174,1.2808837286823989,1.1494252873563218,14,1.353534224432314,14.0,1.433458348649789
La_Liga,2005,Sociedad,"[0, 1, 0, 1, 0, 1, 1, 1, 0, 0, 0, 0, 0, 1, 0, 0, 0, 1, 0, 0, 0, 0, 1, 0, 0, 0, 1, 1, 1, 0, 0]",31,16,15,11,6,5,1.823279495300805,2.473584629491664,1.8416206261510129,2,2.4025,2.0,7.18907238110974
La_Liga,2005,Valencia,"[1, 1, 0, 1, 1, 0, 0, 1, 1, 1, 1, 1, 1, 1, 1, 1, 1, 0, 0, 1, 1, 1, 1, 1, 0, 0]",26,13,13,19,10,9,2.0832218290208626,3.0377264526688816,2.0202020202020203,2,13.795918367346934,2.0,130.67163348386575
La_Liga,2005,Villarreal,"[0, 0, 1, 1, 1, 1, 1, 1, 0, 1, 1, 0, 1, 0, 0, 1, 1, 0, 1, 0, 0, 1, 1]",23,12,11,14,8,6,2.2560799073314435,3.624184218557821,2.380952380952381,10,2.8964184490536593,10.0,5.7329367776051186
La_Liga,2005,Zaragoza,"[1, 0, 0, 0, 0, 1, 1, 1, 1, 1, 0, 1, 0, 1, 0, 1, 0, 0, 0, 0, 1, 0]",22,11,11,10,6,4,2.595532227374539,5.104581978565192,3.0211480362537766,6,6.3284500743027,6.0,20.663079571115674
La_Liga,2007,Almeria,"[1, 0, 0, 1, 0, 1, 0, 0, 0, 1, 1, 0, 0, 1, 1, 1, 1, 1, 0, 0, 1, 0, 1, 1, 0, 0, 0, 1]",28,14,14,14,6,8,1.2689954302532724,1.2900660638831267,1.148105625717566,4,3.2,4.0,7.14063306998343
La_Liga,2007,Ath Bilbao,"[0, 1, 0, 0, 1, 0, 1, 0, 1, 0, 0, 1, 0, 0, 1, 1, 0, 1, 1, 1, 1, 0, 1, 0, 0, 1, 0]",27,14,13,13,5,8,1.1191361179045518,1.0986839253964995,1.0460251046025104,4,2.9344520275642716,4.0,6.340655950782889
La_Liga,2007,Ath Madrid,"[0, 1, 1, 1, 0, 1, 1, 1, 0, 1, 1, 1, 0, 1, 1, 0, 0, 1, 0, 0, 1, 0, 1, 1, 0, 1, 0, 1, 1, 1, 0]",31,16,15,19,11,8,2.8514998746410845,5.2840089508193175,3.289473684210526,15,2.8514998746410845,1.0,9.957190290326182
La_Liga,2007,Barcelona,"[1, 1, 1, 1, 1, 0, 1, 1, 0, 1, 1, 1, 0, 1, 1, 1, 1, 1, 1, 0, 0, 1, 0, 0, 1, 0, 0, 1]",28,14,14,19,11,8,3.6178349396121874,8.898170404005489,4.566210045662101,9,28.126651350788425,9.0,281.73309328710997
La_Liga,2007,Betis,"[0, 0, 0, 1, 0, 0, 1, 0, 0, 1, 1, 0, 1, 1, 0, 0, 1, 1, 0, 0, 1, 1, 1, 0, 1, 0, 0]",27,14,13,12,6,6,1.5175105332061891,1.759386916159739,1.4164305949008498,2,3.2399999999999998,2.0,10.60071508504845
La_Liga,2007,Espanol,"[0, 1, 0, 1, 1, 1, 1, 1, 1, 1, 1, 1, 0, 0, 0, 1, 0, 0, 0, 1, 0, 1, 0, 0, 0, 0, 0, 0, 0]",29,15,14,13,10,3,15.426214595582366,139.16009040000557,53.676865271068166,7,64.26079686358572,13.0,493.1600723327944
La_Liga,2007,Getafe,"[0, 0, 0, 0, 0, 1, 0, 1, 1, 1, 1, 0, 0, 1, 0, 0, 1, 1, 0, 1, 1, 1, 0, 0, 0, 0, 1]",27,14,13,12,6,6,1.5175105332061891,1.759386916159739,1.4492753623188406,5,3.7791359999999994,5.0,8.968856748962674
La_Liga,2007,La Coruna,"[0, 1, 0, 0, 1, 0, 0, 1, 0, 0, 0, 1, 0, 0, 0, 1, 1, 0, 1, 1, 1, 0, 1, 1, 1, 1, 1, 0, 1, 0, 0]",31,16,15,15,5,10,1.048027936461765,1.0249152459584427,1.0121457489878545,2,3.7539062500000004,2.0,12.750823438994612
La_Liga,2007,Levante,"[0, 0, 0, 0, 0, 0, 0, 0, 0, 1, 0, 1, 0, 0, 0, 0, 0, 1, 0, 1, 0, 1, 0, 0, 0, 0, 0, 1, 1, 0, 0, 0, 0]",33,17,16,7,2,5,1.115100070893856,1.093605686471891,1.0395010395010396,4,2.595149417037219,4.0,7.4545932753627495
La_Liga,2007,Mallorca,"[1, 0, 1, 0, 1, 1, 0, 0, 1, 0, 0, 0, 1, 1, 0, 1, 1, 0, 1, 1, 1, 1, 1, 1]",24,12,12,15,5,10,1.0300064063629293,1.0178194646175127,1.0050251256281406,10,1.0679934039707908,1.0,1.272907795550189
La_Liga,2007,Murcia,"[1, 0, 0, 1, 0, 1, 0, 0, 0, 1, 1, 0, 0, 0, 0, 0, 0, 0, 0, 0, 1, 0, 1, 0, 0, 0, 0, 0, 0]",29,15,14,7,5,2,3.2606382925418447,8.658388436833057,4.291845493562231,6,5.246285276445464,6.0,16.558373391770107
La_Liga,2007,Osasuna,"[0, 1, 0, 1, 0, 1, 0, 0, 0, 1, 0, 1, 0, 0, 1, 0, 0, 1, 0, 1, 1, 0, 1, 0, 1, 0, 0, 0, 0, 1, 0]",31,16,15,12,6,6,1.5401026560662618,1.79604172854337,1.4144271570014144,6,3.938771310556122,6.0,9.214110064357985
La_Liga,2007,Real Madrid,"[1, 1, 1, 1, 1, 1, 0, 1, 1, 0, 1, 1, 1, 1, 1, 1, 1, 1, 1, 0, 1, 0, 0, 1, 1, 0, 0, 1, 1, 1, 1, 1, 1, 1]",34,17,17,27,15,12,3.815756335728955,9.84132658650273,5.780346820809249,15,5.563686001021636,15.0,19.520102126221207
La_Liga,2007,Recreativo,"[0, 1, 1, 0, 0, 0, 0, 0, 1, 0, 1, 1, 0, 0, 0, 1, 1, 0, 0, 1, 0, 1, 0, 1, 0, 0, 1]",27,14,13,11,5,6,1.3265380337551171,1.4096476408931429,1.1976047904191616,10,1.6275636825738637,3.0,2.5581532066133312
La_Liga,2007,Santander,"[1, 0, 0, 1, 1, 1, 1, 1, 0, 1, 0, 0, 1, 1, 0, 0, 1, 1, 1, 0, 1, 1, 0, 1, 0, 0, 1, 0, 1]",29,15,14,17,9,8,1.7967074443835742,2.2832411024109107,1.6528925619834711,7,3.1552819073891323,7.0,6.043553869522052
La_Liga,2007,Sevilla,"[1, 1, 0, 0, 0, 0, 1, 1, 0, 1, 0, 0, 0, 1, 1, 1, 0, 0, 1, 1, 1, 1, 0, 1, 1, 0, 0, 1, 1, 0, 1, 1, 1, 1]",34,17,17,20,8,12,1.1196800087727143,1.0889442269906162,1.038421599169263,9,1.2663167701490694,9.0,1.4056341736290294
La_Liga,2007,Valencia,"[0, 1, 1, 1, 1, 1, 0, 1, 0, 0, 1, 1, 0, 0, 0, 0, 0, 0, 1, 1, 0, 0, 1, 0, 0, 0, 0, 1, 0, 1, 1, 1]",32,16,16,15,8,7,1.991483930241636,2.765660470166652,2.070393374741201,12,2.1102767830714293,12.0,3.089117078104343
La_Liga,2007,Valladolid,"[1, 0, 0, 0, 0, 0, 1, 1, 0, 1, 0, 1, 1, 1, 0, 0, 0, 1, 0, 0, 0, 1, 1, 0, 1, 0]",26,13,13,11,6,5,1.9765389138057148,2.8926884770650925,1.9646365422396856,12,2.6725071112270222,1.0,5.228822659759632
La_Liga,2007,Villarreal,"[1, 0, 1, 1, 1, 1, 0, 1, 0, 1, 1, 1, 0, 0, 1, 0, 1, 1, 0, 1, 1, 1, 1, 1, 1, 0, 0, 1, 1, 1, 1, 1, 1]",33,17,16,24,11,13,1.1713050774181653,1.1669977778685074,1.079913606911447,8,1.4557477504399883,8.0,1.7672368163860823
La_Liga,2007,Zaragoza,"[0, 1, 0, 1, 1, 0, 1, 1, 0, 0, 0, 0, 1, 1, 0, 0, 0, 0, 1, 0, 0, 0, 1, 1, 0, 0]",26,13,13,10,6,4,2.521191968354289,4.760627558633163,3.1055900621118013,12,3.852975693843481,12.0,10.445356710803422
La_Liga,2008,Almeria,"[1, 1, 0, 1, 0, 0, 0, 1, 0, 0, 0, 0, 1, 1, 0, 0, 1, 1, 0, 0, 0, 1, 0, 1, 0, 1, 1, 1, 0, 0, 0]",31,16,15,13,6,7,1.3537084097988803,1.4339381695395683,1.256281407035176,3,5.1081961591220875,3.0,16.470716548063688
La_Liga,2008,Ath Bilbao,"[0, 1, 0, 0, 0, 0, 0, 1, 0, 1, 1, 1, 1, 1, 0, 1, 0, 0, 0, 0, 0, 1, 0, 0, 1, 1, 1, 0, 0, 0]",30,15,15,12,7,5,2.480063080332965,4.385421156119201,2.6595744680851063,3,4.629629629629631,3.0,14.701868730438624
La_Liga,2008,Ath Madrid,"[1, 0, 1, 1, 0, 0, 0, 1, 1, 1, 1, 1, 1, 0, 0, 0, 1, 0, 1, 1, 0, 0, 1, 1, 0, 1, 1, 1, 1, 1, 1]",31,16,15,20,9,11,1.194719891804727,1.1908226487542424,1.0905125408942202,14,1.2650172854845707,11.0,1.3145419509677325
La_Liga,2008,Barcelona,"[0, 1, 1, 1, 1, 1, 1, 1, 1, 1, 1, 1, 1, 1, 1, 1, 1, 1, 1, 1, 0, 0, 1, 1, 1, 1, 1, 1, 1, 1, 0, 0]",32,16,16,27,15,12,4.304087647436723,13.876647102003396,5.780346820809249,2,40.96,2.0,2904.807019503024
La_Liga,2008,Betis,"[0, 0, 0, 0, 1, 1, 0, 1, 1, 1, 0, 0, 0, 0, 0, 1, 0, 1, 0, 1, 1, 0, 0, 0, 0, 1]",26,13,13,10,5,5,1.6144076428525194,2.0,1.5174506828528074,5,2.746900153882575,5.0,5.795581628721513
La_Liga,2008,Espanol,"[1, 1, 0, 0, 0, 1, 0, 0, 0, 0, 0, 0, 0, 0, 1, 0, 0, 0, 1, 1, 1, 1, 1, 0, 1, 1, 1]",27,14,13,12,3,9,1.018766457347914,1.0062905441329062,1.001001001001001,4,1.0406026962727992,1.0,1.1458460296522097
La_Liga,2008,Getafe,"[1, 0, 1, 0, 1, 0, 0, 1, 1, 0, 0, 0, 0, 1, 0, 0, 0, 1, 0, 1, 0, 0, 0, 0, 1, 1]",26,13,13,10,5,5,1.6144076428525194,2.0,1.5060240963855422,12,2.0732946361959064,12.0,3.23228880002174
La_Liga,2008,La Coruna,"[1, 0, 0, 1, 0, 1, 1, 0, 1, 1, 1, 0, 1, 1, 0, 0, 0, 1, 1, 1, 0, 0, 0, 1, 1, 1, 1, 0]",28,14,14,16,9,7,2.567525473201,4.494293967166615,3.0395136778115504,14,2.567525473201,1.0,8.345885315057174
La_Liga,2008,Malaga,"[0, 0, 0, 1, 1, 1, 1, 0, 0, 1, 0, 1, 1, 1, 1, 0, 1, 1, 0, 1, 0, 0, 1, 1, 0, 1, 0, 0]",28,14,14,15,8,7,2.010548201001965,2.837933762005623,2.155172413793104,2,4.6390532544378695,2.0,17.403226278909138
La_Liga,2008,Mallorca,"[0, 1, 1, 0, 0, 1, 0, 0, 0, 0, 0, 0, 0, 0, 1, 0, 1, 1, 1, 1, 0, 1, 1, 1, 1, 0, 1, 1, 0]",29,15,14,14,4,10,1.0216776129067362,1.0080292396947022,1.002004008016032,1,1.9333333333333336,1.0,6.144149515792365
La_Liga,2008,Numancia,"[1, 0, 0, 0, 0, 0, 1, 0, 0, 1, 0, 1, 0, 1, 0, 1, 0, 0, 0, 0, 0, 0, 0, 1, 0, 1, 0, 0, 0, 1, 1, 0, 0]",33,17,16,10,6,4,2.2761236927959594,3.844892226387841,2.577319587628866,16,2.2761236927959594,2.0,5.9525297943532545
La_Liga,2008,Osasuna,"[0, 0, 0, 0, 0, 0, 1, 0, 0, 1, 0, 0, 1, 1, 1, 0, 1, 1, 1, 0, 0, 0, 0, 1, 1]",25,13,12,10,3,7,1.0607940218887384,1.037462570338065,1.0141987829614605,6,1.8371546149323925,6.0,2.848212957944716
La_Liga,2008,Real Madrid,"[0, 1, 1, 1, 1, 1, 1, 1, 0, 1, 0, 0, 0, 1, 1, 1, 1, 1, 1, 1, 1, 1, 1, 1, 1, 1, 1, 1, 1, 1, 0, 0, 0, 0, 0]",35,18,17,25,13,12,1.784105986322909,2.1861982713132693,1.597444089456869,5,525.2187500000001,5.0,14914.763581461346
La_Liga,2008,Recreativo,"[1, 0, 0, 0, 0, 0, 0, 0, 0, 1, 1, 0, 1, 1, 1, 0, 1, 0, 0, 0, 0, 0, 0, 0, 1, 0, 0, 0, 0]",29,15,14,8,6,2,4.694445925179631,16.451028798614196,7.668123610152596,12,8.63332064273027,12.0,38.98667033761408
La_Liga,2008,Santander,"[0, 0, 0, 1, 0, 1, 1, 0, 1, 0, 1, 1, 1, 0, 0, 0, 0, 1, 0, 1, 0, 0, 1, 0, 0, 0, 1, 1]",28,14,14,12,7,5,2.5063847919407776,4.494293967166614,2.8901734104046244,14,2.5063847919407776,14.0,4.494293967166614
La_Liga,2008,Sevilla,"[1, 1, 1, 1, 1, 0, 0, 1, 1, 0, 1, 1, 1, 1, 0, 0, 0, 1, 1, 1, 1, 1, 1, 0, 0, 0, 0, 1, 1, 1, 1]",31,16,15,21,11,10,1.7830201103701138,2.2189871038353384,1.6339869281045751,8,4.219594567559984,8.0,9.40458119956857
La_Liga,2008,Sp Gijon,"[0, 0, 0, 0, 0, 1, 1, 1, 1, 0, 1, 0, 1, 0, 0, 1, 0, 1, 0, 0, 1, 0, 0, 0, 0, 1, 1, 0, 0, 0, 0, 0, 0, 0, 1, 1, 1]",37,19,18,14,8,6,2.2316790500668717,3.434123629907021,2.358490566037736,16,2.5263111309677693,16.0,4.248322679956178
La_Liga,2008,Valencia,"[1, 1, 1, 1, 1, 1, 0, 1, 0, 1, 0, 1, 0, 1, 0, 0, 1, 0, 0, 0, 1, 1, 1, 1, 1, 0, 1, 0, 0, 1]",30,15,15,18,10,8,2.562874721767961,4.385421156119199,2.73972602739726,5,3.150201612903225,5.0,6.302974375068753
La_Liga,2008,Valladolid,"[0, 1, 0, 1, 0, 0, 0, 1, 0, 1, 1, 1, 1, 0, 0, 0, 0, 1, 1, 0, 0, 1, 1, 1, 0, 0, 0, 0, 0, 0, 0]",31,16,15,12,7,5,2.253318089042998,3.624401646345724,2.3255813953488373,7,30.77915198636792,7.0,118.5994629143718
La_Liga,2008,Villarreal,"[1, 1, 1, 1, 1, 1, 1, 0, 1, 0, 0, 0, 1, 0, 1, 1, 1, 0, 1, 0, 0, 1, 1, 0, 1, 1, 1]",27,14,13,18,9,9,1.4758492050635257,1.6465663139247086,1.3531799729364005,10,2.26893371757925,10.0,3.490248389546777
La_Liga,2009,Almeria,"[0, 1, 0, 1, 0, 0, 1, 0, 0, 0, 0, 1, 0, 1, 1, 1, 1, 0, 1, 0, 0, 0, 0, 0, 1, 0]",26,13,13,10,4,6,1.2421188280651394,1.2659130648831014,1.11731843575419,7,5.566665028416831,7.0,16.122396524368703
La_Liga,2009,Ath Bilbao,"[1, 1, 1, 0, 0, 0, 0, 1, 1, 1, 0, 1, 1, 0, 1, 0, 0, 1, 0, 1, 1, 0, 1, 0, 1, 0, 0, 0, 1]",29,15,14,15,9,6,2.892765218362916,5.619271194285363,3.4129692832764507,4,3.4831819793554497,4.0,8.02173453524828
La_Liga,2009,Ath Madrid,"[0, 0, 1, 0, 0, 0, 0, 1, 1, 0, 1, 1, 1, 0, 0, 1, 0, 1, 1, 0, 1, 0, 1, 0, 0, 0, 1, 0, 1, 0]",30,15,15,13,6,7,1.426420240978409,1.553454308643979,1.342281879194631,7,2.860345328471356,7.0,5.434158881850735
La_Liga,2009,Barcelona,"[1, 1, 1, 1, 1, 1, 1, 1, 1, 1, 1, 1, 1, 1, 1, 1, 1, 0, 1, 1, 1, 1, 1, 1, 1, 1, 1, 1, 1, 1, 1, 1]",32,16,16,31,16,15,2.510735297992956,6.459345307760026,1.9723865877712032,15,2.63936029006801,15.0,7.157598331990933
La_Liga,2009,Espanol,"[0, 0, 1, 1, 1, 0, 0, 0, 0, 0, 1, 0, 1, 0, 1, 0, 1, 0, 0, 1, 1, 0, 1, 0, 0, 1, 0]",27,14,13,11,5,6,1.3265380337551171,1.4096476408931429,1.2106537530266344,4,2.1624389648437505,1.0,5.023381836604571
La_Liga,2009,Getafe,"[1, 0, 0, 1, 0, 1, 0, 1, 0, 0, 1, 1, 0, 1, 1, 1, 0, 0, 1, 0, 0, 0, 1, 0, 1, 1, 1, 0, 1, 1, 1]",31,16,15,17,9,8,1.808690566038217,2.297635331717604,1.7513134851138354,15,1.808690566038217,15.0,2.2976353317176037
La_Liga,2009,La Coruna,"[0, 1, 0, 1, 1, 1, 1, 0, 1, 1, 1, 0, 1, 0, 1, 0, 0, 1, 0, 1, 0, 0, 0, 0, 0, 0, 0, 0, 1, 0]",30,15,15,13,10,3,18.074803267020425,201.88208589273813,79.23930269413628,10,33.8730981122832,10.0,217.8480671057858
La_Liga,2009,Malaga,"[1, 0, 0, 0, 0, 0, 0, 0, 1, 1, 0, 1, 1, 1, 0, 0, 0, 1, 0, 0, 0, 0]",22,11,11,7,3,4,1.3368665744895294,1.4783505468574414,1.2048192771084338,4,4.627279012345677,4.0,15.275716215284534
La_Liga,2009,Mallorca,"[1, 1, 0, 1, 0, 1, 1, 0, 1, 1, 1, 0, 1, 0, 1, 0, 1, 0, 0, 1, 1, 0, 1, 0, 1, 1, 1, 0, 0, 1]",30,15,15,18,10,8,2.562874721767961,4.385421156119199,3.215434083601286,3,2.840909090909091,3.0,6.243827284209733
La_Liga,2009,Osasuna,"[0, 0, 1, 1, 0, 1, 0, 0, 1, 0, 0, 0, 1, 1, 1, 1, 0, 0, 0, 0, 0, 1, 0, 1, 0, 0, 1, 0]",28,14,14,11,6,5,1.9683259886695428,2.862086060341679,2.061855670103093,12,4.151859902585579,12.0,11.104887550691165
La_Liga,2009,Real Madrid,"[1, 1, 1, 1, 1, 0, 1, 1, 1, 1, 0, 1, 1, 1, 1, 0, 1, 1, 1, 1, 1, 1, 1, 1, 1, 1, 1, 1, 0, 1, 1, 1, 1, 1, 1]",35,18,17,31,15,16,1.145547650851103,1.1878053847954788,1.064962726304579,7,1.74708369166215,7.0,2.529991109235497
La_Liga,2009,Santander,"[0, 1, 0, 0, 0, 0, 0, 0, 1, 1, 0, 1, 1, 1, 0, 0, 0, 1, 0, 0, 1, 0, 0, 0, 0, 1]",26,13,13,9,5,4,1.951768436933352,2.940441787201652,2.0964360587002098,12,2.800094989066654,12.0,5.882044676611077
La_Liga,2009,Sevilla,"[0, 1, 1, 1, 1, 1, 0, 1, 1, 1, 1, 0, 0, 0, 0, 1, 1, 0, 1, 1, 0, 0, 0, 1, 1, 0, 1, 0, 1, 1, 0, 1]",32,16,16,19,10,9,2.026435807795531,2.782050410339397,1.9047619047619049,12,2.845188694558086,12.0,4.9637674024987986
La_Liga,2009,Sp Gijon,"[0, 1, 0, 1, 1, 1, 1, 0, 0, 0, 1, 0, 0, 0, 0, 1, 1, 0, 0, 1, 0, 0, 0, 0, 0]",25,13,12,9,6,3,3.123826759304197,7.381478532763724,3.690036900369004,5,9.313225746154783,5.0,32.898674115099375
La_Liga,2009,Tenerife,"[0, 1, 0, 1, 0, 0, 0, 1, 0, 0, 1, 0, 0, 0, 0, 0, 1, 0, 0, 0, 1, 0, 0, 1, 1, 0, 1, 0, 0]",29,15,14,9,4,5,1.3267542937818892,1.4272484050108831,1.2330456226880395,2,2.1024999999999996,2.0,6.144149515792365
La_Liga,2009,Valencia,"[1, 1, 0, 1, 1, 1, 1, 1, 1, 0, 1, 1, 1, 0, 1, 1, 0, 0, 1, 1, 0, 1, 0, 1, 0, 1, 1, 1, 0, 1]",30,15,15,21,12,9,3.5922306686769345,8.620774241736092,4.424778761061947,14,4.556137336601106,14.0,13.281637105116763
La_Liga,2009,Valladolid,"[0, 1, 0, 0, 0, 1, 0, 1, 0, 0, 0, 0, 0, 0, 0, 1, 0, 0, 1, 1, 0, 1, 0]",23,12,11,7,3,4,1.2820079862218985,1.3832121067883727,1.1614401858304295,1,1.4375,1.0,4.009237287244581
La_Liga,2009,Villarreal,"[0, 0, 0, 0, 1, 1, 0, 1, 0, 1, 1, 1, 0, 1, 0, 0, 1, 0, 1, 1, 0, 1, 1, 1, 0, 1, 1, 0, 0, 1]",30,15,15,16,7,9,1.282273338331306,1.302265033872413,1.1695906432748535,3,2.221856484529295,3.0,4.308354880446088
La_Liga,2009,Xerez,"[0, 0, 0, 0, 1, 0, 0, 0, 0, 0, 0, 0, 0, 0, 1, 0, 0, 0, 1, 0, 1, 1, 0, 1, 0, 1, 0, 1]",28,14,14,8,1,7,1.0240975333632574,1.0060735641123797,1.001001001001001,2,1.0888888888888888,2.0,1.3212999388172915
La_Liga,2009,Zaragoza,"[1, 0, 0, 1, 0, 0, 1, 0, 0, 0, 0, 0, 0, 0, 1, 1, 0, 1, 0, 0, 1, 1, 0, 0, 1, 1, 0]",27,14,13,10,3,7,1.068270728377306,1.0423997094101785,1.0214504596527068,1,1.588235294117647,1.0,4.603370271892037
La_Liga,2010,Almeria,"[0, 0, 1, 0, 0, 0, 0, 1, 0, 0, 0, 1, 0, 1, 0, 0, 1, 0, 0, 0, 0, 0, 0, 0, 1, 0]",26,13,13,6,3,3,1.5419769198261546,2.0,1.5037593984962403,9,2.8660809116216237,9.0,6.848614737229697
La_Liga,2010,Ath Bilbao,"[1, 0, 1, 0, 0, 1, 0, 1, 0, 1, 0, 1, 0, 1, 1, 0, 1, 1, 1, 1, 0, 0, 0, 0, 1, 0, 1, 0, 1, 1, 0, 1, 0, 1]",34,17,17,18,9,9,1.6842984063523916,2.0,1.5649452269170578,14,3.203950033974419,14.0,6.166669875157054
La_Liga,2010,Ath Madrid,"[1, 1, 0, 1, 0, 1, 0, 0, 1, 1, 0, 0, 1, 1, 0, 1, 0, 0, 0, 0, 1, 1, 0, 1, 1, 1, 1, 0, 0, 1, 1]",31,16,15,17,9,8,1.808690566038217,2.297635331717604,1.7241379310344829,15,1.808690566038217,4.0,2.3953777697367244
La_Liga,2010,Barcelona,"[1, 0, 1, 1, 1, 1, 1, 1, 1, 1, 1, 1, 1, 1, 1, 1, 1, 1, 1, 1, 1, 1, 1, 1, 1, 1, 1, 1, 1, 0, 1, 1]",32,16,16,30,15,15,1.5529737929330627,2.0,1.3386880856760377,3,5.680998613037448,3.0,47.86886090145317
La_Liga,2010,Espanol,"[1, 0, 1, 0, 1, 0, 1, 1, 0, 1, 1, 1, 1, 0, 0, 0, 1, 1, 1, 0, 0, 0, 0, 1, 0, 0, 1, 0, 0, 0, 1, 0, 0, 0]",34,17,17,15,10,5,6.076255277324689,23.76102529945391,11.950286806883366,15,20.44694378828958,15.0,168.74576720522379
La_Liga,2010,Getafe,"[0, 1, 0, 1, 1, 0, 1, 0, 0, 0, 1, 1, 1, 1, 0, 0, 0, 0, 1, 0, 0, 0, 0, 0, 1, 0, 0, 1, 0, 1]",30,15,15,12,8,4,4.602405005187379,14.701868730438616,7.7095058206768945,15,4.602405005187379,15.0,14.701868730438616
La_Liga,2010,Hercules,"[0, 1, 0, 1, 0, 0, 0, 1, 0, 1, 0, 1, 0, 1, 0, 0, 0, 0, 1, 0, 0, 0, 0, 0, 1, 0, 1, 0, 0, 0]",30,15,15,9,6,3,3.368501296578186,8.620774241736095,4.329004329004329,15,3.3685012965781866,3.0,8.620774241736095
La_Liga,2010,La Coruna,"[0, 0, 0, 0, 1, 1, 1, 0, 1, 0, 1, 0, 0, 0, 0, 1, 1, 0, 0, 1, 1, 0, 0, 1, 0]",25,13,12,10,5,5,1.503287936727688,1.770193161216196,1.3623978201634876,4,2.1043771043771047,1.0,4.942460347071589
La_Liga,2010,Levante,"[0, 0, 0, 1, 1, 0, 0, 0, 0, 1, 0, 1, 0, 0, 0, 0, 0, 1, 1, 1, 0, 1, 1, 1, 1, 1, 0, 0, 0]",29,15,14,12,4,8,1.0776225398822463,1.0503551609893629,1.0131712259371837,3,4.964176674129858,3.0,16.08707226461688
La_Liga,2010,Malaga,"[0, 1, 0, 1, 0, 0, 0, 0, 0, 1, 0, 0, 1, 0, 0, 1, 0, 0, 0, 1, 0, 0, 1, 1, 0, 1, 1, 1, 1, 1, 0]",31,16,15,13,5,8,1.1419874080797072,1.1192279825480216,1.0493179433368311,1,1.7222222222222225,1.0,5.159274747841313
La_Liga,2010,Mallorca,"[0, 1, 0, 1, 0, 1, 1, 0, 1, 1, 0, 0, 0, 1, 1, 0, 0, 0, 1, 0, 0, 1, 0, 1, 0, 0, 1, 0, 0, 0]",30,15,15,12,8,4,4.602405005187379,14.701868730438616,7.55629439322956,3,4.629629629629631,3.0,14.701868730438624
La_Liga,2010,Osasuna,"[0, 0, 1, 0, 1, 0, 1, 0, 1, 0, 0, 0, 0, 0, 1, 0, 1, 0, 1, 1, 1, 0, 0, 0, 0, 1, 1, 1, 0, 1]",30,15,15,13,5,8,1.1748549394474508,1.1554171690220127,1.0764262648008611,9,1.514611513909288,9.0,1.8795566993092745
La_Liga,2010,Real Madrid,"[1, 1, 1, 1, 1, 1, 1, 1, 1, 1, 0, 1, 1, 1, 1, 1, 1, 0, 1, 1, 1, 1, 1, 1, 1, 0, 1, 1, 0, 1, 1, 1, 1]",33,17,16,29,16,13,3.2739489461729665,7.761786587217268,3.5211267605633805,8,3.9710417414561188,8.0,10.013262763506532
La_Liga,2010,Santander,"[0, 0, 1, 0, 0, 1, 0, 1, 0, 0, 1, 0, 1, 0, 0, 1, 1, 0, 0, 1, 1, 0, 0, 1, 1, 1, 0, 0]",28,14,14,12,5,7,1.2628830120791827,1.2861808449421503,1.1534025374855823,2,3.0625000000000004,2.0,9.816599423376216
La_Liga,2010,Sevilla,"[1, 1, 0, 1, 0, 1, 0, 1, 1, 0, 0, 0, 0, 0, 1, 1, 0, 1, 0, 1, 1, 0, 1, 1, 0, 1, 1, 0, 0, 1, 1]",31,16,15,17,8,9,1.3452814221737757,1.4045792186863733,1.2224938875305624,4,1.6349208316220307,4.0,2.3953777697367244
La_Liga,2010,Sociedad,"[1, 0, 0, 0, 1, 0, 1, 1, 1, 0, 0, 1, 1, 0, 0, 0, 0, 1, 0, 1, 0, 1, 1, 0, 0, 0, 0, 0, 0, 1, 0, 1, 0, 1, 0]",35,18,17,14,8,6,2.2329371788967878,3.443775437325638,2.4038461538461537,12,4.437792045059089,12.0,10.485932890759397
La_Liga,2010,Sp Gijon,"[0, 1, 0, 0, 1, 0, 0, 0, 0, 0, 0, 1, 1, 1, 0, 0, 1, 1, 1, 1, 0, 1, 0, 1]",24,12,12,11,3,8,1.0421371988387684,1.0206811060403964,1.0030090270812435,4,1.3382219479435145,2.0,1.8209868701721172
La_Liga,2010,Valencia,"[1, 1, 1, 1, 1, 0, 0, 0, 1, 1, 0, 1, 1, 1, 1, 1, 1, 1, 1, 0, 1, 0, 0, 1, 1, 1, 0, 0, 1, 1]",30,15,15,21,11,10,2.063945400892388,2.897172134819273,1.941747572815534,11,4.755007345242912,11.0,12.509649306945162
La_Liga,2010,Villarreal,"[0, 1, 1, 1, 1, 1, 1, 1, 0, 1, 1, 0, 1, 1, 0, 1, 1, 1, 0, 0, 1, 0, 1, 0, 0, 1, 0, 1, 0, 0]",30,15,15,18,11,7,4.692562484287585,14.701868730438614,7.55629439322956,12,17.44898575439117,12.0,134.0509859587137
La_Liga,2010,Zaragoza,"[0, 0, 0, 0, 0, 1, 0, 0, 0, 1, 0, 1, 1, 1, 0, 0, 1, 0, 1, 0, 0, 1, 0, 1, 1, 0, 0, 1, 1]",29,15,14,12,5,7,1.214734340436965,1.2213665586351092,1.1148272017837235,4,1.2429350433448552,4.0,1.5457696336124644
La_Liga,2011,Ath Bilbao,"[0, 0, 0, 1, 1, 1, 1, 0, 1, 1, 0, 1, 0, 1, 1, 0, 0, 0, 0, 1, 1, 1, 0, 0, 0]",25,13,12,12,7,5,2.261000651366145,3.686354390433831,2.4271844660194173,3,7.111970869367319,3.0,26.29034988840415
La_Liga,2011,Ath Madrid,"[0, 1, 1, 0, 0, 1, 0, 1, 0, 1, 0, 0, 1, 1, 1, 0, 1, 0, 1, 0, 1, 0, 0, 1, 1, 1, 1]",27,14,13,15,7,8,1.316508931008271,1.3760742381167328,1.1890606420927468,12,1.466944317574857,12.0,1.6597678030160512
La_Liga,2011,Barcelona,"[1, 1, 1, 1, 1, 1, 1, 1, 0, 1, 1, 1, 1, 1, 1, 0, 1, 1, 1, 1, 1, 1, 1, 1, 1, 1, 1, 0, 1, 1, 1]",31,16,15,28,14,14,1.277535089687671,1.411445572590267,1.1587485515643106,4,2.9900474317258343,4.0,7.498704180275397
La_Liga,2011,Betis,"[1, 1, 1, 1, 0, 0, 0, 0, 0, 0, 0, 0, 0, 1, 1, 1, 0, 0, 0, 1, 1, 0, 0, 0, 1, 1, 1, 0, 1, 0]",30,15,15,13,6,7,1.426420240978409,1.553454308643979,1.326259946949602,1,1.7647058823529411,1.0,5.35080905235746
La_Liga,2011,Espanol,"[0, 1, 0, 1, 0, 0, 1, 1, 1, 0, 0, 0, 1, 1, 1, 1, 0, 0, 0, 1, 1, 0, 0, 1, 0, 0, 0, 0]",28,14,14,12,7,5,2.5063847919407776,4.494293967166614,2.73972602739726,4,9.378906250000002,4.0,32.58983474260046
La_Liga,2011,Getafe,"[0, 0, 0, 1, 0, 0, 1, 0, 1, 0, 1, 1, 1, 1, 0, 0, 0, 1, 1, 1, 0, 1, 0, 1, 0, 0, 0]",27,14,13,12,7,5,2.2576231382650804,3.659049460573796,2.5,3,5.831999999999999,3.0,19.93059241699423
La_Liga,2011,Granada,"[0, 0, 1, 0, 0, 0, 0, 1, 1, 1, 0, 1, 0, 0, 0, 1, 1, 0, 1, 0, 0, 0, 1, 0, 0, 1, 0, 1, 0, 1, 0, 0]",32,16,16,12,6,6,1.6413023879555435,2.0,1.572327044025157,2,2.56,2.0,7.754972785116917
La_Liga,2011,Levante,"[1, 1, 1, 1, 1, 1, 1, 0, 0, 0, 1, 0, 1, 0, 0, 0, 0, 0, 1, 1, 0, 1, 1, 0, 1, 0, 0, 1, 0, 0, 1]",31,16,15,16,9,7,2.224971540502632,3.369079631897783,2.202643171806167,6,3.184548030634328,6.0,6.281104510525613
La_Liga,2011,Malaga,"[0, 1, 1, 1, 1, 0, 0, 0, 1, 1, 1, 0, 0, 0, 0, 1, 0, 1, 0, 1, 1, 1, 1, 1, 0, 1, 0, 1, 0, 0, 1]",31,16,15,17,8,9,1.3452814221737757,1.4045792186863733,1.221001221001221,7,2.5307553267946887,3.0,4.640854635676759
La_Liga,2011,Mallorca,"[1, 0, 0, 0, 1, 0, 0, 1, 1, 0, 0, 1, 0, 1, 0, 1, 0, 1, 1, 0, 0, 1, 0, 1, 1, 1, 1, 0]",28,14,14,14,6,8,1.2689954302532724,1.2900660638831267,1.152073732718894,1,2.0,1.0,6.482738804557699
La_Liga,2011,Osasuna,"[1, 0, 0, 1, 1, 0, 1, 1, 1, 0, 0, 1, 0, 1, 1, 1, 0, 0, 1, 0, 0, 1, 1]",23,12,11,13,7,6,1.7780854752345217,2.339846425731408,1.6920473773265652,7,2.779789726905334,7.0,5.236903065454355
La_Liga,2011,Real Madrid,"[1, 1, 0, 1, 1, 1, 1, 1, 1, 1, 1, 1, 1, 0, 1, 1, 1, 1, 1, 1, 1, 1, 1, 1, 1, 1, 1, 1, 1, 1, 1, 1, 1, 1]",34,17,17,32,15,17,1.0,1.078116424523182,1.0,1,1.0,1.0,1.6662241164109768
La_Liga,2011,Santander,"[0, 0, 0, 0, 1, 0, 0, 1, 1, 1, 0, 0, 0, 0, 0, 0, 0, 0, 0, 0, 0, 0, 0]",23,12,11,4,4,0,8.17930844111545,56.9231012140658,18.328445747800583,11,8.17930844111545,11.0,56.9231012140658
La_Liga,2011,Sevilla,"[1, 1, 1, 1, 0, 0, 1, 1, 0, 0, 0, 0, 0, 0, 1, 1, 0, 0, 1, 1, 1, 0, 1, 0, 0, 0, 1]",27,14,13,13,6,7,1.3258749661237057,1.3966438877911838,1.2106537530266344,4,2.9344520275642716,4.0,6.340655950782889
La_Liga,2011,Sociedad,"[1, 0, 1, 0, 0, 0, 0, 0, 0, 1, 1, 1, 0, 1, 0, 1, 0, 1, 0, 1, 0, 0, 0, 1, 1, 0, 1]",27,14,13,12,6,6,1.5175105332061891,1.759386916159739,1.3679890560875514,7,1.6128030347734457,7.0,2.169726814129069
La_Liga,2011,Sp Gijon,"[0, 0, 0, 0, 0, 0, 1, 1, 1, 0, 0, 1, 0, 0, 1, 0, 0, 0, 0, 1, 0, 0, 0, 0, 1, 0, 1, 1, 0, 1, 0]",31,16,15,10,5,5,1.5322923892827864,1.8203532234702635,1.4749262536873156,15,1.5322923892827864,1.0,4.140715859536046
La_Liga,2011,Valencia,"[1, 1, 1, 0, 1, 1, 1, 1, 0, 1, 1, 0, 1, 0, 1, 0, 0, 1, 1, 0, 0, 1, 0, 1, 0, 1, 1, 0]",28,14,14,17,10,7,3.4708529106829697,8.140032960369362,4.424778761061947,13,4.700484166598794,13.0,14.09153764869211
La_Liga,2011,Vallecano,"[1, 0, 0, 0, 1, 1, 0, 1, 0, 0, 0, 0, 1, 1, 0, 0, 1, 1, 1, 0, 1, 0, 1, 0, 0, 0, 1, 0, 0, 0, 0, 0, 0, 1]",34,17,17,13,7,6,1.968436071320922,2.7618226317836254,2.0120724346076457,11,6.936798786589852,11.0,20.809927296643448
La_Liga,2011,Villarreal,"[0, 0, 1, 0, 0, 1, 1, 0, 0, 0, 0, 1, 1, 1, 0, 0, 0, 0, 1, 0, 1, 1, 0, 0]",24,12,12,9,4,5,1.3715906325853804,1.507488425758213,1.256281407035176,2,2.56,2.0,7.918931767358503
La_Liga,2011,Zaragoza,"[0, 1, 0, 1, 0, 0, 0, 0, 0, 0, 0, 0, 0, 0, 0, 1, 0, 0, 1, 0, 1, 1, 1, 0, 0, 1, 0, 1, 1, 1, 1]",31,16,15,12,3,9,1.027356563510801,1.0093132652249448,1.002004008016032,8,1.0441446096339049,1.0,1.1116421520127808
La_Liga,2012,Ath Bilbao,"[0, 0, 1, 0, 1, 0, 0, 1, 1, 0, 0, 1, 1, 0, 0, 0, 1, 0, 0, 0, 1, 1, 0, 1, 0, 0, 1, 1, 0]",29,15,14,12,6,6,1.5298926367629486,1.7792767844805109,1.447178002894356,1,1.7058823529411762,1.0,5.09516083889427
La_Liga,2012,Ath Madrid,"[1, 1, 1, 1, 1, 1, 1, 1, 0, 1, 1, 1, 0, 1, 0, 1, 1, 1, 0, 1, 0, 1, 1, 0, 1, 1, 1, 0, 1, 0, 1]",31,16,15,23,13,10,2.937588488488841,5.653627646715647,3.4246575342465757,13,4.409992440043767,13.0,11.684557459927078
La_Liga,2012,Barcelona,"[1, 1, 1, 1, 1, 1, 1, 1, 1, 1, 1, 1, 1, 1, 1, 1, 1, 1, 0, 1, 1, 1, 1, 0, 1, 1, 1, 1, 1, 1, 1, 1, 1, 1]",34,17,17,32,17,15,3.7860363457625343,13.801405160360831,4.291845493562231,16,4.135147603933823,16.0,16.38473746427306
La_Liga,2012,Betis,"[1, 0, 1, 1, 0, 0, 1, 1, 1, 0, 0, 1, 1, 0, 1, 0, 1, 1, 0, 0, 0, 1, 1, 0, 1, 0, 0, 1, 0, 1]",30,15,15,16,9,7,2.523078708371905,4.308354880446086,2.9411764705882355,12,3.3265461229787916,12.0,6.76494276695984
La_Liga,2012,Celta,"[0, 0, 1, 0, 1, 0, 1, 0, 0, 0, 1, 0, 0, 0, 1, 0, 0, 0, 0, 1, 0, 0, 0, 0, 0, 1, 1, 0, 0, 1, 1]",31,16,15,10,5,5,1.5322923892827864,1.8203532234702635,1.375515818431912,15,1.5322923892827864,15.0,1.8203532234702633
La_Liga,2012,Espanol,"[0, 0, 0, 0, 0, 1, 1, 0, 0, 0, 1, 0, 1, 1, 1, 1, 1, 0, 0, 1, 1, 1, 0, 0, 0, 0, 0]",27,14,13,11,5,6,1.3265380337551171,1.4096476408931429,1.2091898428053205,5,13.684184074401859,5.0,50.025509325055644
La_Liga,2012,Getafe,"[0, 1, 0, 0, 1, 1, 0, 1, 0, 0, 1, 1, 1, 0, 0, 0, 1, 0, 1, 1, 1, 1, 0, 0, 0, 1, 0, 0, 0, 0]",30,15,15,13,7,6,1.981164112156975,2.8068338874262357,1.9230769230769231,8,13.21424083658519,8.0,50.16782874646999
La_Liga,2012,Granada,"[0, 0, 0, 1, 1, 0, 0, 0, 1, 0, 0, 0, 1, 0, 1, 0, 1, 1, 0, 0, 0, 0, 0, 0, 1, 1, 1, 0, 1]",29,15,14,11,5,6,1.3381468479420802,1.4258931511871338,1.2315270935960592,11,1.6958144004038846,11.0,2.2425799423790864
La_Liga,2012,La Coruna,"[1, 0, 0, 0, 0, 1, 0, 0, 0, 0, 0, 1, 0, 0, 0, 0, 0, 0, 0, 1, 1, 1, 1, 0, 1, 0, 0]",27,14,13,8,3,5,1.1874522040770383,1.1996231660868324,1.0940919037199124,2,2.0193905817174516,2.0,5.877959955314364
La_Liga,2012,Levante,"[0, 1, 0, 1, 0, 1, 1, 1, 0, 1, 0, 1, 1, 0, 1, 0, 0, 1, 0, 0, 0, 1, 0, 0, 0, 0, 0, 1]",28,14,14,12,8,4,4.740539320074002,15.79398852705195,8.029548739360848,13,8.236812334388825,13.0,40.854515542678534
La_Liga,2012,Malaga,"[1, 1, 1, 1, 0, 1, 0, 0, 1, 0, 1, 1, 1, 0, 0, 1, 1, 1, 0, 0, 1, 0, 1, 0, 1, 0, 0, 1, 0]",29,15,14,16,9,7,2.228929924585753,3.398822208316722,2.314814814814815,11,5.855144752367931,11.0,17.961487376453697
La_Liga,2012,Mallorca,"[1, 1, 1, 0, 0, 0, 0, 0, 0, 0, 0, 0, 1, 0, 0, 0, 0, 0, 0, 1, 1, 0, 0, 0, 1, 0, 0, 1, 1]",29,15,14,9,4,5,1.3267542937818892,1.4272484050108831,1.2004801920768309,14,1.3267542937818892,8.0,1.4730568021787493
La_Liga,2012,Osasuna,"[0, 0, 0, 0, 1, 0, 0, 0, 1, 1, 0, 0, 0, 1, 0, 1, 1, 1, 0, 0, 0, 1, 0, 0, 0, 1, 0, 1, 0]",29,15,14,10,4,6,1.208575556758187,1.2190211924619851,1.1086474501108647,11,2.272831641683384,1.0,4.344789329080041
La_Liga,2012,Real Madrid,"[0, 1, 0, 1, 1, 1, 1, 1, 1, 1, 0, 1, 1, 0, 1, 1, 1, 0, 1, 1, 1, 1, 1, 1, 1, 1, 1, 1, 1, 1, 1]",31,16,15,26,12,14,1.0769808673728831,1.0901924194760086,1.0298661174047374,14,1.093164082615308,1.0,1.4878269830958317
La_Liga,2012,Sevilla,"[1, 1, 1, 0, 0, 1, 0, 0, 1, 0, 0, 0, 0, 1, 0, 1, 1, 0, 1, 0, 1, 0, 1, 0, 1, 0, 1, 0, 0, 1]",30,15,15,14,6,8,1.2798844210338414,1.302265033872413,1.146788990825688,3,1.818426724137931,3.0,3.197006417697429
La_Liga,2012,Sociedad,"[0, 1, 0, 1, 0, 1, 0, 0, 0, 1, 1, 1, 1, 0, 1, 1, 1, 1, 1, 1, 1, 1, 1, 0, 1, 1]",26,13,13,18,7,11,1.0603129298158085,1.0466778650845106,1.015228426395939,3,1.4965940054495914,3.0,2.177434889211685
La_Liga,2012,Valencia,"[0, 1, 0, 1, 0, 1, 0, 1, 1, 0, 0, 1, 0, 1, 1, 1, 0, 1, 1, 1, 0, 1, 1, 1, 0, 1, 1, 1, 1, 0]",30,15,15,19,8,11,1.1640026115524602,1.1465946153878566,1.0626992561105206,1,2.727272727272727,1.0,11.030685010993743
La_Liga,2012,Valladolid,"[1, 1, 0, 0, 0, 1, 0, 1, 0, 1, 1, 0, 0, 0, 1, 1, 0, 0, 1, 0, 0, 0, 1, 0, 1, 0, 0, 0]",28,14,14,11,6,5,1.9683259886695428,2.862086060341679,1.99203187250996,3,4.46814573580297,3.0,14.250089852687545
La_Liga,2012,Vallecano,"[1, 1, 0, 0, 0, 1, 0, 0, 1, 1, 0, 1, 0, 0, 1, 1, 1, 1, 0, 1, 0, 1, 0, 0, 1, 0, 0, 1, 0, 0, 0, 1, 1]",33,17,16,16,9,7,2.2220529131355087,3.3472564105288645,2.3094688221709005,11,3.2300135663574427,11.0,6.162691635194097
La_Liga,2012,Zaragoza,"[0, 1, 0, 0, 1, 0, 0, 1, 1, 0, 1, 0, 0, 1, 0, 1, 0, 0, 0, 0, 0, 0, 0, 0, 0, 0, 1, 1, 0, 0, 0]",31,16,15,9,7,2,6.938022292542495,32.12869349126585,14.194464158978,15,6.938022292542495,15.0,32.12869349126585
La_Liga,2013,Almeria,"[0, 0, 0, 0, 0, 0, 0, 1, 1, 1, 0, 0, 1, 1, 0, 0, 1, 0, 1, 0, 0, 0, 0, 1, 0, 0, 0, 0, 1, 1, 1]",31,16,15,11,5,6,1.3478391270096877,1.4397425854163357,1.2547051442910917,12,1.7567609112397886,12.0,2.374292289680859
La_Liga,2013,Ath Bilbao,"[1, 1, 0, 1, 0, 1, 0, 1, 1, 0, 1, 1, 1, 1, 0, 1, 1, 1, 0, 1, 1, 1, 0, 1, 1, 0, 1, 1]",28,14,14,20,10,10,1.6668659918797977,2.0,1.492537313432836,6,1.8233370528795487,6.0,2.5946012859685683
La_Liga,2013,Ath Madrid,"[1, 1, 1, 1, 1, 1, 1, 1, 0, 1, 1, 1, 1, 1, 1, 1, 1, 1, 1, 0, 1, 0, 1, 1, 1, 1, 1, 1, 1, 1, 1, 0]",32,16,16,28,15,13,3.0967288118646974,7.016327513970717,3.401360544217687,1,8.0,1.0,278.307793552386
La_Liga,2013,Barcelona,"[1, 1, 1, 1, 1, 1, 1, 1, 1, 1, 1, 1, 1, 0, 1, 1, 1, 1, 0, 1, 1, 0, 1, 0, 1, 1, 1, 1, 1, 0, 1, 1]",32,16,16,27,15,12,4.304087647436723,13.876647102003396,6.25,14,6.114165221841865,14.0,26.572173083187316
La_Liga,2013,Betis,"[0, 0, 1, 0, 1, 0, 0, 0, 0, 0, 0, 0, 0, 0, 0, 0, 1, 0, 0, 0, 1, 0, 1, 0, 0, 0, 0, 0, 0, 1, 0]",31,16,15,6,2,4,1.173709854949841,1.1893543288164303,1.091703056768559,8,1.9142146243059384,8.0,3.5158321129667183
La_Liga,2013,Celta,"[1, 0, 0, 0, 0, 0, 1, 0, 1, 0, 0, 1, 0, 0, 1, 0, 1, 1, 1, 0, 0, 1, 0, 0, 1, 0, 1, 1, 1, 1, 0]",31,16,15,14,5,9,1.0855282664839687,1.0570584371191878,1.019367991845056,1,1.823529411764706,1.0,5.613638981741689
La_Liga,2013,Elche,"[0, 0, 0, 1, 1, 1, 0, 0, 1, 0, 0, 0, 0, 1, 0, 1, 0, 1, 0, 0, 1, 0, 0, 1, 0]",25,13,12,9,4,5,1.307599339125011,1.399220074579398,1.1862396204033214,7,1.963158884096708,1.0,4.504561562050849
La_Liga,2013,Espanol,"[1, 1, 1, 0, 0, 0, 1, 0, 0, 0, 1, 0, 1, 0, 0, 1, 0, 1, 1, 0, 1, 0, 1, 0, 0, 0, 0, 0, 0]",29,15,14,11,6,5,1.8172633910426896,2.462670581832049,1.7391304347826086,6,17.4885159229811,6.0,63.40640656049671
La_Liga,2013,Getafe,"[0, 0, 1, 0, 1, 1, 1, 1, 0, 1, 0, 0, 1, 0, 0, 0, 0, 0, 0, 0, 0, 0, 0, 1, 0, 0, 1, 1, 1]",29,15,14,11,7,4,2.982025811724335,6.337254600096169,3.6496350364963503,14,2.982025811724335,14.0,6.337254600096169
La_Liga,2013,Granada,"[1, 0, 0, 0, 1, 0, 0, 1, 0, 1, 1, 0, 0, 1, 0, 0, 1, 0, 0, 0, 1, 0, 0, 1, 1, 0, 0, 0, 1, 0, 0, 0, 1]",33,17,16,12,7,5,2.2518913055822507,3.612954165274683,2.277904328018223,8,2.527074098700395,8.0,4.517778413525622
La_Liga,2013,Levante,"[0, 1, 1, 0, 1, 1, 0, 0, 0, 0, 1, 0, 0, 1, 1, 1, 1, 0, 0, 0, 1, 0, 0, 1, 1, 0]",26,13,13,12,5,7,1.2530304227800353,1.275023464644205,1.146788990825688,9,2.9841667741765505,9.0,5.882044676611077
La_Liga,2013,Malaga,"[0, 0, 1, 1, 0, 0, 0, 1, 0, 0, 1, 1, 0, 0, 0, 1, 0, 0, 1, 0, 1, 0, 1, 1, 0, 1, 0, 0, 1]",29,15,14,12,5,7,1.214734340436965,1.2213665586351092,1.1210762331838564,3,1.5922830841548599,3.0,2.6141594679097095
La_Liga,2013,Osasuna,"[0, 0, 0, 0, 1, 0, 0, 1, 0, 1, 0, 0, 1, 0, 1, 1, 0, 0, 1, 1, 0, 0, 0, 0, 0, 1, 0, 0, 1]",29,15,14,10,5,5,1.5243442158298035,1.8063123857418013,1.4492753623188406,9,2.861851713790374,9.0,5.69111093452955
La_Liga,2013,Real Madrid,"[1, 1, 1, 1, 1, 0, 1, 1, 0, 1, 1, 1, 1, 1, 1, 1, 1, 1, 1, 1, 1, 1, 1, 1, 0, 0, 1, 1, 1, 1, 0, 1]",32,16,16,27,14,13,2.1413692131566213,3.193080665548612,2.028397565922921,8,8.625405164054888,8.0,40.72528540674731
La_Liga,2013,Sevilla,"[0, 0, 0, 1, 1, 1, 0, 0, 1, 1, 1, 1, 1, 0, 0, 0, 1, 1, 1, 1, 1, 1, 0, 1, 1, 1, 0, 0, 1]",29,15,14,18,8,10,1.1897484842078312,1.1873622442485658,1.0940919037199124,3,3.1009535918626834,3.0,7.177107069058941
La_Liga,2013,Sociedad,"[1, 0, 0, 0, 1, 1, 1, 0, 1, 1, 1, 1, 1, 0, 1, 0, 1, 1, 0, 0, 1, 0, 1, 0, 1, 1, 0]",27,14,13,16,9,7,2.2345208905407152,3.4411223211727284,2.557544757033248,9,3.5431076808064277,1.0,9.129735089970106
La_Liga,2013,Valencia,"[1, 0, 0, 0, 1, 1, 1, 0, 0, 0, 1, 0, 1, 0, 0, 1, 0, 1, 1, 1, 0, 0, 1, 0, 1, 0, 0, 1]",28,14,14,13,6,7,1.4189866924057202,1.5440892488469016,1.2836970474967908,8,2.253380112260964,8.0,3.6424803362888416
La_Liga,2013,Valladolid,"[0, 0, 1, 0, 0, 1, 0, 0, 0, 1, 0, 0, 0, 1, 0, 1, 0, 0, 1, 0, 1, 0, 0]",23,12,11,7,3,4,1.2820079862218985,1.3832121067883727,1.1402508551881414,2,2.06640625,2.0,6.104872849528978
La_Liga,2013,Vallecano,"[1, 0, 0, 0, 0, 0, 0, 1, 1, 0, 0, 0, 1, 0, 0, 0, 0, 1, 0, 0, 1, 0, 0, 1, 1, 1, 1, 0, 1, 1, 1, 0, 0, 0]",34,17,17,13,4,9,1.0741850215126545,1.0403897015854855,1.020408163265306,3,4.244034121585141,3.0,13.027140427935365
La_Liga,2013,Villarreal,"[1, 1, 1, 1, 0, 1, 0, 1, 0, 1, 1, 0, 0, 1, 1, 1, 0, 1, 0, 0, 1, 0, 0, 1, 0, 1, 0, 0, 1, 1]",30,15,15,17,10,7,3.3451044390048845,7.434295556228816,4.0,14,4.568631341311931,14.0,13.042197215597694
La_Liga,2014,Almeria,"[0, 1, 0, 1, 0, 0, 0, 0, 0, 0, 0, 1, 1, 0, 0, 0, 1, 1, 0, 0, 0, 0, 0, 1, 0, 1, 0, 0, 0, 0]",30,15,15,8,4,4,1.5862804490834466,2.0,1.531393568147014,4,3.457755617785669,4.0,10.248652220363786
La_Liga,2014,Ath Bilbao,"[0, 1, 0, 0, 0, 0, 1, 1, 1, 1, 0, 0, 0, 0, 0, 1, 0, 1, 1, 1, 1, 1, 0, 0, 1, 1, 1, 1]",28,14,14,15,5,10,1.0538080750492778,1.0299388881489515,1.0121457489878545,6,1.1717172289925515,6.0,1.3055544986640306
La_Liga,2014,Ath Madrid,"[1, 1, 1, 1, 0, 1, 1, 1, 0, 1, 1, 1, 0, 1, 1, 0, 1, 1, 1, 1, 0, 1, 1, 1, 1, 1, 1, 1, 0]",29,15,14,23,12,11,1.731660653462399,2.1635809693258823,1.5408320493066257,1,4.833333333333334,1.0,43.18607546667916
La_Liga,2014,Barcelona,"[1, 1, 1, 1, 1, 1, 1, 0, 0, 1, 1, 1, 1, 1, 0, 1, 1, 1, 1, 1, 1, 0, 1, 1, 1, 1, 1, 1, 1, 1, 1, 1, 1, 1]",34,17,17,30,14,16,1.1352054535432303,1.1675869330991548,1.0471204188481675,13,1.244546546331006,1.0,1.5514771892288202
La_Liga,2014,Celta,"[1, 1, 1, 0, 1, 1, 0, 0, 0, 0, 0, 0, 0, 0, 1, 1, 1, 0, 0, 1, 0, 1, 1, 0, 1, 1]",26,13,13,13,5,8,1.1539653472320046,1.1359225248742462,1.0438413361169103,9,1.3403141361256545,9.0,1.5153465600439986
La_Liga,2014,Cordoba,"[0, 0, 0, 0, 0, 0, 1, 0, 1, 1, 0, 0, 0, 0, 0, 0, 0, 0, 0, 0, 0, 0, 0, 0, 0, 0, 0]",27,14,13,3,3,0,4.623627006965765,26.082844168683884,7.972574344255761,13,4.623627006965765,13.0,26.082844168683884
La_Liga,2014,Eibar,"[1, 0, 0, 1, 0, 1, 0, 0, 1, 1, 0, 1, 1, 0, 0, 0, 0, 0, 0, 0, 0, 0, 1, 0, 0, 0, 0, 0, 0, 1]",30,15,15,9,7,2,7.884711973044741,43.13521732824216,18.433179723502302,15,7.884711973044741,15.0,43.135217328242156
La_Liga,2014,Elche,"[0, 1, 0, 0, 0, 0, 0, 1, 0, 0, 0, 0, 1, 1, 0, 0, 1, 1, 0, 1, 0, 0, 0, 1, 1, 0, 1, 1, 0, 0]",30,15,15,11,4,7,1.1660227687898326,1.1465946153878563,1.0695187165775402,2,2.4930747922437675,2.0,7.537068408391438
La_Liga,2014,Espanol,"[0, 0, 1, 1, 0, 0, 0, 1, 0, 1, 1, 0, 0, 1, 1, 0, 0, 1, 0, 1, 0, 1, 1, 0, 1, 1, 0, 0]",28,14,14,13,6,7,1.4189866924057202,1.5440892488469016,1.3175230566534917,2,3.4844444444444447,2.0,11.637559448474699
La_Liga,2014,Getafe,"[0, 1, 0, 0, 0, 1, 1, 0, 1, 0, 0, 0, 0, 0, 1, 0, 1, 0, 1, 0, 1, 0, 0, 1, 1, 0, 0, 0, 0, 0, 0]",31,16,15,10,5,5,1.5322923892827864,1.8203532234702635,1.4792899408284024,6,10.347951739591903,6.0,33.44349325580488
La_Liga,2014,Granada,"[1, 1, 0, 0, 0, 0, 0, 0, 0, 0, 0, 1, 0, 0, 0, 1, 0, 0, 0, 0, 0, 1, 1, 1]",24,12,12,7,3,4,1.3416496587301463,1.4851863748254122,1.2594458438287153,12,1.3416496587301465,12.0,1.4851863748254122
La_Liga,2014,La Coruna,"[0, 1, 0, 0, 0, 0, 1, 0, 0, 0, 1, 0, 1, 0, 1, 1, 0, 0, 0, 0, 0, 0, 0, 1]",24,12,12,7,3,4,1.3416496587301463,1.4851863748254122,1.2315270935960592,8,3.6747231380494085,8.0,9.803529253460454
La_Liga,2014,Levante,"[0, 0, 0, 1, 0, 0, 0, 1, 1, 0, 0, 0, 0, 0, 1, 0, 1, 0, 1, 0, 0, 1, 0, 0, 1, 1, 0, 0]",28,14,14,9,3,6,1.1461734494925633,1.126611601022543,1.0548523206751057,2,2.1717451523545703,2.0,6.400790708313101
La_Liga,2014,Malaga,"[1, 0, 0, 1, 1, 1, 1, 1, 0, 0, 1, 1, 1, 0, 0, 1, 0, 0, 1, 1, 0, 1, 0, 0, 0, 0, 0, 1, 0, 0]",30,15,15,14,9,5,4.542665438796399,13.963076700807273,7.366482504604051,8,19.095023162662983,8.0,84.3991931838795
La_Liga,2014,Real Madrid,"[1, 0, 0, 1, 1, 1, 1, 1, 1, 1, 1, 1, 1, 1, 1, 0, 1, 1, 1, 1, 1, 0, 1, 1, 0, 1, 0, 1, 1, 1, 1, 1, 1, 1, 1, 1]",36,18,18,30,15,15,1.6740725237070104,2.0,1.4727540500736378,15,2.1377793052424194,15.0,3.076225274998089
La_Liga,2014,Sevilla,"[1, 1, 1, 1, 0, 1, 1, 1, 0, 0, 1, 1, 1, 1, 1, 0, 1, 0, 0, 1, 0, 1, 1, 1, 1, 1, 1, 1, 0, 1, 1]",31,16,15,23,12,11,1.7623004797669215,2.1843653322242824,1.680672268907563,14,1.9727750581584453,14.0,2.6683811693801793
La_Liga,2014,Sociedad,"[0, 1, 0, 0, 0, 0, 0, 1, 1, 0, 1, 0, 1, 0, 1, 0, 1, 1, 1, 0, 0, 1, 0, 0, 1]",25,13,12,11,5,6,1.312366537696454,1.3903095941809698,1.2019230769230769,6,2.165308614667227,6.0,3.663061861309743
La_Liga,2014,Valencia,"[1, 1, 1, 1, 1, 0, 1, 1, 0, 0, 1, 1, 1, 1, 1, 0, 1, 1, 1, 1, 1, 1, 1, 0, 1, 1, 1]",27,14,13,22,11,11,1.3811589845934296,1.522347239211495,1.272264631043257,4,1.7882497434258118,4.0,2.7867764294796324
La_Liga,2014,Vallecano,"[0, 0, 1, 1, 0, 1, 0, 0, 0, 1, 1, 0, 0, 0, 1, 0, 1, 0, 0, 0, 1, 0, 1, 0, 1, 1, 1, 0, 0, 1, 0, 1, 1, 0]",34,17,17,15,7,8,1.4506650775786598,1.5745512814486469,1.3477088948787062,1,1.7894736842105263,1.0,5.447842765243646
La_Liga,2014,Villarreal,"[1, 0, 1, 0, 1, 1, 0, 0, 1, 1, 1, 1, 1, 1, 1, 0, 1, 0, 1, 1, 0, 0, 0, 1, 1, 0]",26,13,13,16,9,7,2.627583920273654,4.760627558633165,2.949852507374631,6,6.304403591836737,6.0,18.972871683124186
La_Liga,2015,Ath Bilbao,"[0, 0, 1, 0, 0, 1, 1, 1, 1, 0, 1, 0, 1, 1, 0, 0, 1, 1, 0, 0, 1, 1, 1, 1, 0, 1, 1, 0, 1, 1]",30,15,15,18,8,10,1.2775923302793617,1.2953842236711035,1.1587485515643106,6,1.3042570951585974,3.0,1.671939834288033
La_Liga,2015,Ath Madrid,"[1, 1, 0, 1, 1, 0, 1, 1, 1, 1, 1, 1, 1, 0, 1, 1, 1, 1, 0, 1, 1, 1, 1, 1, 1, 0, 1, 1, 1, 1, 1, 1, 0, 1]",34,17,17,28,14,14,1.6703220384942294,2.0,1.4814814814814814,2,3.107526881720429,2.0,9.257693757786962
La_Liga,2015,Barcelona,"[1, 1, 1, 1, 0, 1, 0, 1, 1, 1, 1, 1, 1, 1, 1, 1, 1, 1, 1, 1, 1, 1, 1, 1, 1, 1, 0, 0, 0, 1, 1, 1, 1, 1]",34,17,17,29,15,14,2.14451232823994,3.183599778905171,1.9880715705765408,8,9.966696209156204,8.0,53.517365686626846
La_Liga,2015,Betis,"[0, 1, 0, 1, 1, 0, 0, 1, 0, 1, 0, 0, 0, 0, 0, 1, 1, 1, 0, 0, 0, 1, 1, 0, 0, 1]",26,13,13,11,5,6,1.398057804285396,1.5283489660964469,1.2531328320802004,8,1.851455948972757,3.0,2.7100657938657764
La_Liga,2015,Celta,"[1, 1, 1, 1, 1, 0, 1, 0, 0, 1, 1, 1, 0, 0, 0, 1, 0, 0, 0, 1, 1, 0, 1, 1, 1, 1, 0, 1, 0]",29,15,14,17,9,8,1.7967074443835742,2.2832411024109107,1.721170395869191,3,2.688381834215167,1.0,8.858251119296751
La_Liga,2015,Eibar,"[1, 1, 0, 1, 0, 1, 1, 0, 0, 0, 1, 1, 1, 1, 0, 0, 0, 1, 0, 0, 0, 0, 0, 0, 1, 0, 0, 0]",28,14,14,11,9,2,22.451664823183823,296.06252697572927,103.30578512396694,14,22.451664823183826,14.0,296.06252697572927
La_Liga,2015,Espanol,"[1, 0, 0, 1, 1, 0, 0, 1, 0, 0, 1, 0, 0, 1, 0, 0, 0, 0, 0, 0, 1, 1, 0, 1, 1, 0, 0, 0, 1, 0, 1]",31,16,15,12,6,6,1.5401026560662618,1.79604172854337,1.4326647564469914,6,1.7511276924534676,6.0,2.6199925396580204
La_Liga,2015,Getafe,"[0, 0, 0, 1, 0, 1, 1, 0, 0, 0, 1, 0, 1, 1, 1, 0, 0, 0, 0, 0, 0, 0, 0, 0, 0, 0, 1, 1, 0]",29,15,14,9,7,2,7.059183062808769,33.53748649477896,14.492753623188406,14,7.059183062808769,14.0,33.53748649477896
La_Liga,2015,Granada,"[0, 1, 0, 0, 0, 0, 0, 1, 0, 1, 0, 0, 1, 0, 0, 1, 0, 0, 0, 0, 1, 1, 0, 0, 1, 0, 1, 1, 0]",29,15,14,10,4,6,1.208575556758187,1.2190211924619851,1.1111111111111112,1,1.5263157894736843,1.0,4.344789329080041
La_Liga,2015,La Coruna,"[1, 0, 1, 1, 0, 1, 1, 1, 0, 0, 0, 0, 0, 0, 1, 0, 0, 0, 1, 0]",20,10,10,8,6,2,5.977652417320556,29.459786383708668,11.717834544176236,10,5.977652417320556,10.0,29.459786383708668
La_Liga,2015,Las Palmas,"[0, 0, 1, 0, 0, 0, 0, 1, 0, 0, 1, 0, 1, 0, 0, 1, 0, 0, 0, 1, 1, 1, 0, 1, 1, 1, 0, 1, 0, 0]",30,15,15,12,4,8,1.1050302623732664,1.0729827456147285,1.027749229188078,2,2.7777777777777777,2.0,8.620774241736095
La_Liga,2015,Levante,"[0, 0, 0, 1, 0, 0, 0, 1, 0, 0, 0, 0, 0, 1, 0, 1, 0, 0, 0, 1, 0, 0, 1, 0, 0, 1, 0, 0, 1, 0]",30,15,15,8,3,5,1.230695202351907,1.2570404810656417,1.1148272017837235,14,1.4469267453738217,1.0,3.706056648012442
La_Liga,2015,Malaga,"[0, 0, 0, 1, 0, 1, 0, 0, 0, 1, 1, 1, 1, 0, 0, 1, 1, 0, 0, 1, 1, 0, 0, 1, 0, 1]",26,13,13,12,6,6,1.63540341789661,2.0,1.5527950310559009,5,1.7487671736130412,5.0,2.635943299304771
La_Liga,2015,Real Madrid,"[1, 1, 1, 1, 1, 1, 1, 0, 0, 1, 1, 0, 1, 1, 1, 1, 1, 1, 1, 0, 1, 1, 1, 1, 1, 1, 1, 1, 1, 1, 1, 1]",32,16,16,28,13,15,1.1338730931613314,1.166214355464836,1.0615711252653928,13,1.2139459321421977,1.0,1.539609541840479
La_Liga,2015,Sevilla,"[0, 0, 0, 1, 1, 1, 0, 1, 0, 1, 1, 1, 0, 1, 1, 1, 1, 0, 1, 1, 0, 0, 0, 0, 1, 0, 0, 0]",28,14,14,14,8,6,2.529956763434219,4.447490501346341,2.881844380403458,8,28.444444444444443,8.0,165.64796970888176
La_Liga,2015,Sociedad,"[0, 0, 1, 0, 0, 1, 0, 0, 1, 0, 1, 0, 0, 1, 0, 1, 1, 1, 1, 0, 0, 0, 1, 1, 0, 0, 0, 1, 1]",29,15,14,13,5,8,1.1315443717727154,1.1096503965983031,1.0362694300518134,10,1.9650663199496237,10.0,2.8388655155543723
La_Liga,2015,Sp Gijon,"[0, 1, 0, 0, 1, 0, 1, 0, 0, 0, 1, 0, 0, 0, 0, 0, 1, 1, 0, 0, 0, 0, 0, 1, 0, 1, 0, 1, 1]",29,15,14,10,4,6,1.208575556758187,1.2190211924619851,1.1235955056179776,11,1.466803297487777,11.0,1.7663087032427314
La_Liga,2015,Valencia,"[1, 0, 1, 0, 1, 0, 1, 1, 0, 0, 0, 0, 0, 1, 1, 0, 1, 0, 0, 0, 0, 1, 1, 1, 0, 0, 0]",27,14,13,11,6,5,1.8100308448907696,2.4499781008658434,1.838235294117647,3,4.805419921875001,3.0,15.662397607542317
La_Liga,2015,Vallecano,"[0, 0, 1, 1, 0, 0, 0, 1, 0, 1, 0, 0, 0, 0, 0, 0, 1, 1, 0, 0, 1, 0, 1, 0, 0, 0, 1]",27,14,13,9,4,5,1.3180580357142848,1.4143837224122595,1.221001221001221,4,1.6874999999999996,4.0,2.8503376983300504
La_Liga,2015,Villarreal,"[1, 1, 1, 1, 1, 0, 0, 1, 0, 0, 1, 1, 1, 1, 1, 1, 1, 1, 1, 0, 0, 1, 1, 0, 0, 1, 0, 0]",28,14,14,18,10,8,2.623469456875555,4.648755263783788,3.0395136778115504,5,17.21036800000001,9.0,107.26701196162533
La_Liga,2016,Alaves,"[1, 0, 1, 0, 0, 0, 1, 0, 1, 1, 0, 1, 0, 1, 1, 0, 1, 1, 0, 0, 0, 1, 1, 1, 1]",25,13,12,14,6,8,1.1767143482253395,1.1778155004847752,1.088139281828074,7,1.506402230729307,7.0,1.891736474381991
La_Liga,2016,Ath Bilbao,"[0, 0, 1, 1, 1, 1, 0, 1, 0, 1, 0, 1, 0, 1, 1, 0, 1, 0, 1, 0, 1, 1, 0, 1, 1, 0, 1, 1, 1, 1, 0, 0]",32,16,16,19,9,10,1.450312945957026,1.5611513536306454,1.314060446780552,2,6.059171597633136,2.0,25.828379180940942
La_Liga,2016,Ath Madrid,"[1, 1, 1, 1, 1, 0, 1, 0, 0, 1, 0, 1, 1, 1, 1, 1, 1, 0, 1, 1, 1, 1, 1, 1, 1, 0, 1, 1, 1]",29,15,14,23,11,12,1.2213713439024632,1.25849968994697,1.095290251916758,4,1.6546907168257536,4.0,2.4428752470662674
La_Liga,2016,Barcelona,"[1, 1, 0, 1, 1, 0, 1, 1, 1, 1, 1, 1, 1, 1, 1, 1, 1, 1, 1, 1, 0, 1, 1, 1, 0, 1, 1, 1, 1, 1, 1, 1]",32,16,16,28,14,14,1.6338126400690434,2.0,1.4513788098693758,12,2.2060636964807676,12.0,3.4428597668007317
La_Liga,2016,Betis,"[0, 1, 0, 1, 0, 0, 1, 0, 0, 1, 0, 1, 0, 1, 0, 0, 0, 1, 0, 0, 1, 0, 0, 0, 1, 1, 0, 0, 0]",29,15,14,10,6,4,2.278358620433357,3.863889620287177,2.481389578163772,3,3.555766146668611,3.0,10.841096561800551
La_Liga,2016,Celta,"[0, 0, 0, 1, 1, 1, 0, 1, 1, 0, 1, 0, 0, 1, 1, 0, 1, 0, 1, 0, 0, 1, 1, 0, 0, 1, 0, 0, 0, 0, 0, 0]",32,16,16,13,8,5,3.22067788407627,7.1370880892901445,4.807692307692308,6,22.823290821145427,6.0,81.33861744887646
La_Liga,2016,Eibar,"[0, 1, 1, 0, 1, 0, 1, 0, 1, 1, 0, 0, 1, 0, 1, 1, 1, 0, 1, 0, 1, 1, 1, 0, 0, 1, 0, 0, 0]",29,15,14,15,8,7,1.8069284951620663,2.332250535873808,1.721170395869191,6,10.634436190306468,6.0,37.2789266458716
La_Liga,2016,Espanol,"[0, 0, 1, 0, 1, 1, 1, 1, 0, 0, 1, 1, 1, 0, 0, 1, 0, 1, 1, 0, 1, 1, 0, 0, 1, 0, 1]",27,14,13,15,8,7,1.795150764623751,2.316851763863742,1.6474464579901154,5,2.5208760245901645,5.0,4.565603283968277
La_Liga,2016,Granada,"[0, 0, 0, 0, 0, 0, 0, 0, 1, 0, 0, 0, 0, 1, 0, 1, 0, 1, 0, 0, 0, 0, 0, 0, 0, 0, 0, 0, 0, 0]",30,15,15,4,2,2,1.4768031636578265,2.0,1.3812154696132597,12,5.568970033740195,12.0,25.18554632759902
La_Liga,2016,La Coruna,"[1, 0, 0, 0, 1, 0, 0, 0, 0, 1, 0, 1, 0, 0, 0, 0, 1, 1, 0, 0, 0, 1, 0, 0, 0, 1]",26,13,13,8,4,4,1.584677267025257,2.0,1.485884101040119,8,1.8787530787663742,8.0,2.98108691590776
La_Liga,2016,Las Palmas,"[1, 1, 0, 1, 0, 0, 1, 0, 1, 0, 1, 0, 1, 0, 0, 0, 0, 1, 0, 1, 0, 0, 1, 0, 0, 0, 0, 0, 0]",29,15,14,10,7,3,4.298108362791285,13.067995015264994,6.622955162593549,6,12.643472889794543,6.0,43.480813682172325
La_Liga,2016,Leganes,"[1, 0, 0, 1, 0, 1, 0, 0, 0, 0, 1, 0, 0, 0, 0, 0, 0, 1, 0, 1, 0, 0, 0, 0, 1, 0, 1]",27,14,13,8,4,4,1.5028513556869714,1.819094957669333,1.4164305949008498,7,1.5256516694732698,7.0,2.1204265164742666
La_Liga,2016,Malaga,"[0, 0, 1, 0, 1, 1, 0, 1, 1, 0, 0, 0, 0, 0, 1, 0, 0, 0, 0, 0, 1, 1, 0, 1, 1, 1, 1, 0]",28,14,14,12,5,7,1.2628830120791827,1.2861808449421503,1.1560693641618498,1,1.75,1.0,5.293503080847413
La_Liga,2016,Osasuna,"[0, 0, 0, 0, 1, 0, 0, 0, 0, 0, 0, 0, 0, 0, 0, 0, 0, 0, 0, 0, 0, 1, 1, 0, 0, 0, 1, 0]",28,14,14,4,1,3,1.146888509354352,1.1628496587572037,1.0548523206751057,5,1.178942199775533,1.0,2.951591767980032
La_Liga,2016,Real Madrid,"[1, 1, 1, 1, 1, 1, 1, 1, 1, 1, 1, 1, 0, 1, 1, 1, 1, 0, 1, 1, 1, 1, 1, 1, 1, 0, 1, 1, 1, 1, 1, 1]",32,16,16,29,15,14,2.220337983330651,3.675139037613488,2.0,15,2.397197744773908,15.0,4.250453385422372
La_Liga,2016,Sevilla,"[1, 1, 1, 0, 1, 1, 1, 0, 1, 1, 0, 1, 1, 1, 1, 1, 0, 1, 1, 1, 1, 0, 0, 1, 1, 1, 0, 0, 1]",29,15,14,21,12,9,2.960677196808087,5.812522545340308,3.355704697986577,8,6.5510159219328035,8.0,20.93213402970673
La_Liga,2016,Sociedad,"[0, 1, 0, 1, 0, 1, 0, 1, 1, 1, 1, 0, 1, 1, 0, 1, 1, 0, 1, 1, 0, 1, 1, 0, 0, 0, 1, 0, 1, 1, 1]",31,16,15,19,10,9,1.7978820450629376,2.2562155527070686,1.7006802721088434,8,2.6586408208366747,8.0,4.478525554041387
La_Liga,2016,Sp Gijon,"[1, 1, 0, 0, 0, 0, 0, 0, 0, 0, 1, 0, 0, 0, 0, 0, 0, 1, 0, 0, 0, 1, 0, 0, 0, 0, 1, 1]",28,14,14,7,3,4,1.3485547369492803,1.4953501155880404,1.1976047904191616,14,1.3485547369492805,14.0,1.4953501155880404
La_Liga,2016,Valencia,"[0, 0, 0, 0, 1, 1, 0, 1, 0, 0, 0, 0, 1, 1, 0, 0, 1, 1, 0, 1, 0, 0, 1, 1, 1, 0, 0, 0, 1, 1, 0]",31,16,15,13,5,8,1.1419874080797072,1.1192279825480216,1.058201058201058,6,1.9831922195689797,1.0,5.159274747841313
La_Liga,2016,Villarreal,"[1, 1, 1, 1, 1, 0, 1, 0, 0, 1, 1, 0, 1, 1, 0, 1, 1, 1, 0, 0, 1, 1, 0, 1, 1, 1, 0, 1]",28,14,14,19,10,9,2.057873193112623,2.916583536972888,1.9267822736030829,10,2.449469547300114,10.0,3.944893810565134
La_Liga,2017,Alaves,"[0, 0, 0, 0, 0, 0, 1, 0, 0, 0, 1, 0, 0, 1, 1, 0, 1, 0, 1, 0, 1, 1, 1, 0, 1, 0, 0, 0, 1, 1, 0, 1, 0, 1, 1, 0]",36,18,18,15,5,10,1.0831299007039488,1.0476518953837235,1.0111223458038423,1,1.7142857142857144,1.0,5.110306759573735
La_Liga,2017,Ath Bilbao,"[1, 1, 0, 0, 0, 1, 0, 0, 0, 1, 1, 1, 0, 0, 1, 0, 1, 0, 1, 0, 0, 0, 1, 0, 0]",25,13,12,10,6,4,2.2821764058767533,3.896418200653083,2.5641025641025643,6,4.286694101508917,6.0,11.06120038681957
La_Liga,2017,Ath Madrid,"[1, 1, 1, 1, 1, 1, 1, 1, 1, 1, 0, 1, 1, 1, 1, 1, 1, 1, 1, 0, 1, 0, 1, 1, 0, 1, 0, 1]",28,14,14,23,13,10,4.337309916143041,14.410079610760048,6.118827632625589,9,16.669769453509495,9.0,174.4321902305435
La_Liga,2017,Barcelona,"[1, 1, 1, 1, 1, 1, 1, 1, 1, 1, 1, 1, 1, 1, 1, 1, 1, 1, 1, 1, 1, 1, 1, 1, 1, 1, 1, 0, 1]",29,15,14,28,15,13,2.576281543157095,6.8458334831090655,2.1413276231263385,2,14.754385964912299,2.0,10836.868980631143
La_Liga,2017,Betis,"[0, 1, 0, 1, 1, 1, 0, 1, 0, 0, 0, 0, 1, 0, 1, 1, 0, 0, 1, 1, 0, 1, 0, 1, 1, 1, 1, 1, 1, 1, 0, 0]",32,16,16,18,8,10,1.2934979838290337,1.3123647998416588,1.1534025374855823,2,5.224489795918367,2.0,20.472933077115467
La_Liga,2017,Celta,"[0, 0, 1, 0, 1, 1, 0, 0, 1, 0, 1, 0, 0, 1, 1, 1, 1, 0, 0, 1, 0, 1, 0, 1, 0, 0, 0, 1]",28,14,14,13,6,7,1.4189866924057202,1.5440892488469016,1.288659793814433,11,2.7757223719329374,4.0,5.660774863369563
La_Liga,2017,Eibar,"[1, 0, 0, 1, 0, 0, 0, 0, 0, 1, 1, 1, 1, 1, 1, 0, 1, 1, 0, 0, 1, 0, 0, 0, 0, 1, 0, 1, 1]",29,15,14,14,8,6,2.2392671791806773,3.492564201602757,2.5316455696202533,11,3.178639993892983,11.0,6.337254600096169
La_Liga,2017,Espanol,"[0, 0, 1, 1, 0, 1, 0, 0, 1, 0, 0, 1, 1, 0, 0, 1, 1, 0, 0, 0, 0, 1, 1, 1, 1]",25,13,12,12,6,6,1.502153325177417,1.7353597143161648,1.3812154696132597,12,1.502153325177417,8.0,1.803079791064303
La_Liga,2017,Getafe,"[0, 1, 0, 1, 0, 0, 1, 1, 0, 1, 0, 1, 0, 1, 1, 0, 1, 0, 0, 1, 0, 0, 1, 1, 1, 1, 0, 1]",28,14,14,15,7,8,1.4256689066254975,1.5440892488469018,1.2804097311139564,13,1.6287285833126741,2.0,2.1826938915145218
La_Liga,2017,Girona,"[1, 0, 0, 0, 0, 1, 1, 1, 0, 1, 1, 0, 0, 1, 1, 0, 1, 0, 1, 1, 1, 0, 0, 0, 1, 0, 0, 0, 1]",29,15,14,14,8,6,2.2392671791806773,3.492564201602757,2.506265664160401,8,5.940400454718506,8.0,16.451028798614196
La_Liga,2017,La Coruna,"[0, 0, 0, 1, 0, 1, 0, 1, 0, 0, 0, 1, 0, 0, 0, 0, 0, 0, 0, 0, 0, 0, 1, 1, 0, 0, 0]",27,14,13,6,4,2,2.367414770943153,4.875498092747678,2.824858757062147,13,2.367414770943153,3.0,6.132910247183949
La_Liga,2017,Las Palmas,"[0, 0, 1, 1, 0, 0, 0, 0, 0, 0, 0, 0, 1, 0, 0, 0, 0, 1, 0, 1, 0, 0, 0, 0, 0, 0, 0, 0, 0, 0, 0]",31,16,15,5,3,2,1.801066986138119,2.932680289350293,1.8214936247723128,11,6.922640909179989,11.0,28.498857821472715
La_Liga,2017,Leganes,"[1, 1, 0, 0, 1, 1, 1, 0, 0, 0, 0, 1, 0, 1, 0, 1, 0, 0, 0, 0, 1, 0, 1, 0, 0, 1, 0, 0, 0, 0, 1]",31,16,15,12,8,4,4.0233600855450815,10.954919898689766,5.58659217877095,15,4.0233600855450815,15.0,10.954919898689766
La_Liga,2017,Levante,"[1, 1, 0, 0, 0, 1, 0, 0, 0, 0, 0, 0, 0, 0, 0, 1, 1, 1, 0, 1, 1, 1, 1, 1, 0]",25,13,12,11,3,8,1.03131855096641,1.0143348886389385,1.001001001001001,1,1.7857142857142856,1.0,5.4699651550104935
La_Liga,2017,Malaga,"[0, 0, 0, 0, 0, 0, 0, 0, 1, 0, 1, 0, 1, 0, 0, 0, 0, 0, 0, 0, 0, 0, 0, 0, 1, 0, 0, 0, 1, 0, 0, 0, 0]",33,17,16,5,3,2,1.8035394072114752,2.940127811000472,1.9230769230769231,4,1.9294060417534358,4.0,5.445267713542793
La_Liga,2017,Real Madrid,"[1, 1, 0, 1, 1, 1, 1, 0, 1, 1, 1, 0, 0, 1, 1, 1, 1, 1, 1, 0, 1, 1, 1, 1, 1, 1, 0, 1]",28,14,14,22,10,12,1.1971174316846342,1.217271614037046,1.0893246187363834,2,2.6133333333333333,2.0,6.518351412172864
La_Liga,2017,Sevilla,"[1, 1, 1, 1, 0, 1, 0, 0, 1, 0, 1, 1, 1, 0, 0, 0, 0, 1, 0, 1, 1, 0, 1, 1, 0, 0, 0, 0, 1, 1, 1]",31,16,15,17,9,8,1.808690566038217,2.297635331717604,1.733102253032929,7,2.5307553267946887,7.0,4.2635389773540515
La_Liga,2017,Sociedad,"[1, 1, 1, 0, 0, 0, 1, 0, 1, 0, 0, 1, 0, 0, 0, 0, 1, 0, 1, 0, 1, 0, 0, 1, 1, 1, 0, 1, 0, 1, 0]",31,16,15,14,6,8,1.2272360718954003,1.2315399586327471,1.1111111111111112,1,1.823529411764706,1.0,5.613638981741689
La_Liga,2017,Valencia,"[1, 1, 1, 1, 1, 1, 1, 1, 1, 0, 1, 0, 0, 1, 1, 0, 0, 0, 1, 1, 1, 1, 1, 1, 1, 1, 0, 0, 0, 1, 1]",31,16,15,22,12,10,2.2165941034170693,3.281522447058705,2.304147465437788,5,6.643852490497479,5.0,20.88617721282887
La_Liga,2017,Villarreal,"[0, 0, 1, 1, 0, 1, 1, 1, 1, 0, 0, 0, 1, 1, 1, 1, 1, 0, 0, 1, 0, 0, 1, 1, 0, 0, 1, 1, 1, 0, 1]",31,16,15,18,10,8,2.217696614938645,3.304475776032916,2.183406113537118,14,2.7591962315028087,14.0,4.890672518870859
La_Liga,2018,Alaves,"[0, 1, 1, 1, 0, 1, 1, 1, 0, 1, 0, 0, 1, 1, 0, 0, 0, 1, 1, 1, 0, 0, 0, 0, 0, 0, 1]",27,14,13,13,9,4,6.071891208297265,24.51456861068925,11.4639458901754,7,13.230883212078774,7.0,53.73545682965582
La_Liga,2018,Ath Bilbao,"[1, 0, 0, 0, 0, 0, 1, 1, 1, 1, 0, 1, 1, 0, 1, 1, 1, 0, 1, 0, 1, 0, 1, 0]",24,12,12,13,6,7,1.396972501074074,1.5175032530974255,1.277139208173691,7,2.442094932208204,1.0,7.496664664632576
La_Liga,2018,Ath Madrid,"[1, 0, 1, 1, 1, 1, 1, 1, 1, 1, 1, 1, 1, 0, 0, 1, 1, 1, 1, 0, 1, 1, 0, 1, 1, 1, 1, 0]",28,14,14,22,12,10,2.843482019820793,5.602534042157461,3.115264797507788,1,4.666666666666666,1.0,39.08000791592283
La_Liga,2018,Barcelona,"[1, 1, 1, 1, 0, 1, 1, 1, 0, 1, 1, 1, 1, 1, 1, 1, 1, 1, 1, 1, 1, 1, 1, 1, 1, 1, 1, 0, 1]",29,15,14,26,13,13,1.2768095126070789,1.412808918063209,1.1235955056179776,2,5.096969696969698,2.0,35.5037863231454
La_Liga,2018,Betis,"[0, 1, 1, 1, 0, 0, 0, 1, 0, 1, 1, 1, 0, 0, 1, 0, 1, 0, 1, 0, 1, 0, 0, 1, 0, 0, 0, 0, 1, 1]",30,15,15,14,8,6,2.4961507090976705,4.308354880446086,2.7548209366391183,9,3.0894450553899833,9.0,5.918840519592428
La_Liga,2018,Celta,"[1, 1, 0, 0, 0, 1, 0, 0, 1, 1, 0, 0, 0, 0, 0, 1, 0, 0, 0, 0, 0, 1, 1, 0, 1, 1, 0]",27,14,13,10,5,5,1.5148471428733077,1.7898317226824547,1.488095238095238,11,1.6286077359069564,1.0,4.603370271892037
La_Liga,2018,Eibar,"[0, 0, 1, 1, 0, 0, 1, 0, 1, 1, 0, 0, 1, 1, 0, 1, 0, 1, 0, 0, 0, 1, 1, 0]",24,12,12,11,5,6,1.3895210785133645,1.5175032530974255,1.2406947890818858,6,2.354344261763917,1.0,5.757104735685745
La_Liga,2018,Espanol,"[1, 0, 1, 0, 1, 1, 1, 1, 0, 0, 0, 0, 0, 0, 1, 0, 0, 0, 1, 1, 0, 0, 1, 1, 1, 1, 1]",27,14,13,14,6,8,1.1971651123675655,1.198819987373033,1.1037527593818983,12,1.30144412000952,12.0,1.3760742381167328
La_Liga,2018,Getafe,"[0, 1, 1, 0, 0, 1, 1, 0, 1, 1, 0, 1, 1, 0, 1, 1, 1, 1, 0, 1, 1, 0, 1, 0]",24,12,12,15,7,8,1.3934751313833396,1.5074884257582135,1.2239902080783354,3,3.1604938271604937,1.0,10.680962401507482
La_Liga,2018,Girona,"[0, 1, 1, 0, 0, 1, 1, 1, 0, 0, 0, 0, 0, 0, 1, 1, 0, 1, 0, 0, 0, 0, 0, 0, 1, 0, 0, 0]",28,14,14,9,5,4,1.945292882465108,2.916583536972889,2.044989775051125,10,8.421150071785165,10.0,32.5272365131225
La_Liga,2018,Huesca,"[1, 0, 0, 0, 0, 0, 0, 0, 0, 0, 0, 0, 1, 0, 0, 1, 1, 0, 1, 0, 0, 0, 1, 0, 0, 1]",26,13,13,7,2,5,1.12195069821821,1.1017460004952635,1.0471204188481675,7,1.3975594481146656,7.0,1.8322281018701596
La_Liga,2018,Leganes,"[0, 0, 0, 0, 1, 0, 1, 0, 1, 1, 0, 1, 0, 1, 1, 0, 1, 0, 0, 1, 1, 0, 0, 1, 0, 0]",26,13,13,11,5,6,1.398057804285396,1.5283489660964469,1.2820512820512822,5,3.352769241622576,2.0,9.639253239660002
La_Liga,2018,Levante,"[1, 0, 0, 0, 0, 1, 1, 1, 1, 0, 1, 0, 0, 0, 1, 0, 0, 1, 0, 0, 0, 0, 0, 1, 0, 1, 1]",27,14,13,11,6,5,1.8100308448907696,2.4499781008658434,1.858736059479554,12,2.3963887462135394,12.0,4.136315932608724
La_Liga,2018,Real Madrid,"[1, 1, 1, 1, 0, 0, 0, 0, 1, 1, 0, 1, 1, 1, 0, 1, 1, 1, 1, 1, 0, 1, 0, 1, 1, 1, 0, 1, 1, 0, 1, 0, 0]",33,17,16,21,11,10,1.7987913931033357,2.233986634888016,1.669449081803005,2,7.5625,2.0,37.32892901464429
La_Liga,2018,Sevilla,"[1, 0, 0, 1, 1, 1, 1, 0, 1, 1, 1, 1, 0, 0, 1, 0, 0, 0, 0, 1, 1, 0, 1, 1, 1, 0, 1, 0, 0, 1]",30,15,15,17,10,7,3.3451044390048845,7.434295556228816,4.366812227074236,15,3.3451044390048845,15.0,7.434295556228816
La_Liga,2018,Sociedad,"[1, 0, 0, 1, 0, 1, 0, 1, 1, 0, 0, 0, 0, 1, 1, 1, 1, 0, 0, 1, 0, 0, 0, 1, 1, 1, 0]",27,14,13,13,6,7,1.3258749661237057,1.3966438877911838,1.2165450121654502,10,2.3624776769915643,1.0,6.132910247183949
La_Liga,2018,Valencia,"[0, 1, 0, 1, 1, 0, 1, 0, 1, 1, 1, 1, 1, 1, 0, 1, 1, 0, 0, 1, 1, 1]",22,11,11,15,7,8,1.3663099167021695,1.4783505468574414,1.218026796589525,8,2.023676461200939,5.0,3.0534710058214753
La_Liga,2018,Valladolid,"[0, 0, 1, 1, 1, 1, 0, 0, 0, 1, 0, 0, 0, 1, 0, 0, 0, 0, 0, 1, 0, 0, 1, 0, 1, 1, 0]",27,14,13,10,6,4,2.2799905565484173,3.8777810582059935,2.538071065989848,13,2.2799905565484173,1.0,4.603370271892037
La_Liga,2018,Vallecano,"[0, 0, 1, 0, 0, 0, 0, 0, 0, 1, 0, 0, 1, 1, 1, 1, 0, 0, 0, 0, 0, 0, 0, 0, 1, 0, 0, 1, 0, 0]",30,15,15,8,5,3,2.483075374391316,4.890437785730043,2.808988764044944,14,4.241571313647133,14.0,13.206064634988218
La_Liga,2018,Villarreal,"[0, 0, 1, 1, 0, 0, 0, 1, 0, 0, 0, 0, 1, 0, 0, 1, 1, 0, 0, 1, 1, 1, 0, 1]",24,12,12,10,3,7,1.07831695472985,1.0513533321374784,1.0224948875255624,2,1.2100840336134455,2.0,1.6706185221303431
La_Liga,2019,Alaves,"[1, 0, 0, 0, 1, 0, 1, 0, 0, 1, 1, 0, 0, 0, 1, 0, 1, 0, 1, 0, 1, 0, 0, 0]",24,12,12,9,5,4,1.959695448859976,2.970488289473696,2.0202020202020203,3,4.096,3.0,13.201843639208805
La_Liga,2019,Ath Bilbao,"[1, 1, 1, 0, 0, 0, 1, 1, 1, 1, 0, 0, 0, 0, 0, 1, 1, 1, 0, 1]",20,10,10,11,7,4,3.8231750823624497,11.26571093720506,5.847953216374269,10,3.8231750823624497,10.0,11.26571093720506
La_Liga,2019,Ath Madrid,"[1, 1, 1, 0, 1, 1, 1, 0, 1, 1, 1, 0, 0, 1, 1, 1, 1, 1, 1]",19,10,9,15,8,7,1.6808377645022266,2.2085655161819835,1.51285930408472,8,1.8969324225957143,8.0,2.7820134186285466
La_Liga,2019,Barcelona,"[0, 1, 1, 0, 1, 1, 1, 1, 1, 0, 1, 1, 1, 1, 1, 1, 0, 1, 1, 1, 1, 0, 1, 1, 1, 1]",26,13,13,21,10,11,1.342214482563256,1.447970710595449,1.1750881316098707,10,1.6652323504858757,10.0,2.1338170246590233
La_Liga,2019,Betis,"[0, 0, 1, 1, 0, 0, 0, 1, 0, 1, 1, 1, 0, 1, 0, 0, 0, 1, 0, 0, 1, 0]",22,11,11,9,5,4,1.969642822255588,3.0095199846121163,1.919385796545105,8,3.3705827323791135,8.0,7.9596258264052935
La_Liga,2019,Celta,"[0, 1, 0, 0, 1, 0, 0, 0, 0, 0, 1, 0, 0, 0, 1, 1, 0, 1, 1, 0]",20,10,10,7,2,5,1.1048918958205982,1.086719653733776,1.038421599169263,1,1.5384615384615383,1.0,4.429358304916707
La_Liga,2019,Eibar,"[0, 0, 0, 1, 1, 0, 0, 1, 1, 0, 0, 0, 0, 1, 0, 1, 0, 0, 1, 0, 0, 0, 1, 1]",24,12,12,9,4,5,1.3715906325853804,1.507488425758213,1.2484394506866416,8,1.5352328052616528,8.0,2.0
La_Liga,2019,Espanol,"[0, 0, 1, 0, 0, 0, 0, 1, 0, 0, 0, 0, 0, 0, 1, 0, 1, 0, 0, 1, 0, 0, 0]",23,12,11,5,2,3,1.2525848555995316,1.3678877196871455,1.1655011655011656,3,2.086248285322359,3.0,6.104872849528978
La_Liga,2019,Getafe,"[0, 1, 0, 1, 1, 0, 1, 1, 1, 1, 1, 0, 0, 1, 1, 1, 1, 0, 0, 1, 0, 1]",22,11,11,14,8,6,2.718676843417778,5.327662064543004,2.857142857142857,5,3.8953898993808043,5.0,9.463173148122381
La_Liga,2019,Granada,"[0, 1, 1, 1, 1, 0, 1, 1, 0, 0, 0, 0, 1, 0, 0, 1, 0, 0, 1, 0, 1, 1, 1, 0, 0]",25,13,12,12,7,5,2.261000651366145,3.686354390433831,2.3094688221709005,2,3.6982248520710055,2.0,12.77083875968392
La_Liga,2019,Leganes,"[0, 0, 0, 0, 0, 0, 0, 1, 0, 0, 0, 0, 1, 1, 0, 1, 0, 0, 1, 0, 0, 0, 0]",23,12,11,5,1,4,1.0742600079617266,1.0545867185466888,1.0141987829614605,4,2.665761697911903,4.0,8.125160122327404
La_Liga,2019,Levante,"[0, 1, 1, 0, 0, 1, 0, 0, 1, 1, 0, 1, 0, 0, 1, 1, 0, 0, 0, 0, 1, 0, 1, 0, 1, 0, 1]",27,14,13,12,6,6,1.5175105332061891,1.759386916159739,1.455604075691412,11,2.4284487348943498,11.0,4.136315932608723
La_Liga,2019,Mallorca,"[1, 0, 0, 0, 0, 0, 1, 1, 0, 0, 1, 0, 0, 0, 0, 0, 1, 0, 0, 0, 1, 0, 1, 0, 0, 0, 0, 1]",28,14,14,8,4,4,1.5855812118384875,2.0,1.5037593984962403,5,1.792746666666667,5.0,3.1264494824263567
La_Liga,2019,Osasuna,"[1, 0, 1, 0, 1, 1, 0, 1, 0, 0, 1, 0, 0, 1, 0, 0, 1, 0, 0, 1, 1]",21,11,10,10,6,4,2.289592941803353,3.959960951529355,2.4038461538461537,10,2.289592941803353,10.0,3.959960951529355
La_Liga,2019,Real Madrid,"[1, 1, 1, 1, 1, 0, 1, 1, 1, 1, 1, 1, 1, 1, 1, 1, 0, 1, 0, 1, 1, 1, 1, 1]",24,12,12,21,11,10,2.206063696480768,3.7237431069311215,1.845018450184502,8,3.792257402740598,8.0,10.50253231719744
La_Liga,2019,Sevilla,"[1, 1, 1, 0, 0, 1, 0, 1, 1, 1, 1, 1, 0, 1, 0, 1, 0, 1, 1, 1, 1]",21,11,10,15,8,7,1.7294266340001494,2.246922950710477,1.6207455429497568,9,2.0057230315749632,9.0,2.9598678239039473
La_Liga,2019,Sociedad,"[1, 0, 1, 1, 1, 0, 0, 1, 1, 0, 1, 0, 1, 1, 0, 0, 1, 0, 1, 1, 1, 0, 1, 0, 0, 0, 0]",27,14,13,14,9,5,4.068661615511714,11.133362611814682,6.172839506172839,4,18.607226637722764,4.0,81.53715640163713
La_Liga,2019,Valencia,"[0, 1, 0, 1, 1, 0, 1, 1, 0, 1, 1, 1, 0, 1, 1, 0, 0, 1, 0, 1, 0, 0]",22,11,11,12,7,5,2.641091910859272,5.104581978565195,2.881844380403458,7,6.292527467204841,7.0,21.133071772115215
La_Liga,2019,Valladolid,"[1, 0, 0, 1, 1, 0, 1, 0, 0, 0, 0, 1, 0, 1, 0, 0, 1, 0]",18,9,9,7,4,3,1.958521045945484,3.180938916864078,1.941747572815534,4,2.022308270242154,1.0,4.857540524924409
La_Liga,2019,Villarreal,"[0, 1, 1, 0, 1, 0, 1, 1, 0, 0, 0, 0, 1, 1, 1, 0, 1, 1, 1, 0, 0, 0, 1, 1, 1, 1]",26,13,13,15,6,9,1.14894499498751,1.1323123378609816,1.053740779768177,7,1.5891041099910186,7.0,2.0564670297091396
La_Liga,2020,Alaves,"[0, 0, 0, 1, 0, 0, 0, 0, 1, 0, 1, 1, 0, 0, 1, 0, 0, 0, 0, 1, 0, 0, 0, 0, 0, 0, 1, 1, 0, 1, 1, 0]",32,16,16,10,5,5,1.6180736294544436,2.0,1.5037593984962403,16,1.6180736294544436,1.0,4.053903505464522
La_Liga,2020,Ath Bilbao,"[1, 0, 0, 1, 0, 0, 0, 1, 0, 0, 1, 0, 1, 0, 1, 0, 0, 1, 0, 1, 0, 1, 0, 1, 1, 0, 1, 1, 0, 0, 0]",31,16,15,13,6,7,1.3537084097988803,1.4339381695395683,1.2300123001230012,3,5.1081961591220875,3.0,16.470716548063688
La_Liga,2020,Ath Madrid,"[1, 1, 1, 1, 1, 1, 1, 1, 1, 1, 1, 0, 1, 1, 1, 1, 1, 1, 1, 1, 1, 0, 1, 1, 1, 0, 1, 1, 0, 1, 1, 1, 1]",33,17,16,29,16,13,3.2739489461729665,7.761786587217268,3.257328990228013,12,5.869059805766693,12.0,23.0918602526811
La_Liga,2020,Barcelona,"[1, 1, 1, 0, 1, 1, 1, 0, 0, 1, 0, 1, 0, 1, 1, 1, 1, 1, 1, 1, 1, 1, 1, 1, 1, 1, 1, 1, 1, 0, 1, 1, 0, 1, 0, 1]",36,18,18,28,13,15,1.2533687948562942,1.2679719765820086,1.122334455667789,7,5.311152493137543,7.0,13.943876929629498
La_Liga,2020,Betis,"[0, 1, 0, 0, 0, 1, 1, 0, 0, 1, 0, 0, 1, 0, 0, 0, 1, 0, 1, 0, 1, 1, 1, 0, 1, 1, 1, 1, 0, 1, 1, 1, 1]",33,17,16,18,6,12,1.0265812831669343,1.0111521753805195,1.0060362173038229,5,1.0507323438264558,1.0,1.2150030908286469
La_Liga,2020,Cadiz,"[0, 1, 0, 1, 1, 1, 0, 0, 1, 0, 0, 0, 1, 0, 0, 0, 0, 0, 1, 0, 1, 1, 0, 1, 1, 0, 0]",27,14,13,11,6,5,1.8100308448907696,2.4499781008658434,1.706484641638225,2,2.84765625,2.0,8.968856748962668
La_Liga,2020,Celta,"[0, 0, 1, 0, 0, 0, 0, 0, 1, 1, 1, 1, 1, 0, 0, 0, 1, 0, 1, 0, 1, 0, 0, 1, 1, 1, 1, 1, 0]",29,15,14,14,6,8,1.2136503743554463,1.2164843668925804,1.1123470522803114,1,1.9333333333333336,1.0,6.144149515792365
La_Liga,2020,Eibar,"[0, 0, 1, 1, 0, 0, 0, 0, 1, 1, 0, 1, 0, 0, 1, 0, 0, 0, 0, 0, 0, 0, 0, 0, 0, 0, 0, 1, 1, 0, 0]",31,16,15,8,6,2,4.651283918436528,16.08204819865525,7.701193685021178,15,4.651283918436528,15.0,16.08204819865525
La_Liga,2020,Elche,"[0, 1, 1, 1, 0, 0, 0, 0, 0, 0, 0, 0, 1, 0, 0, 1, 0, 0, 0, 0, 1, 0, 0, 0, 1, 1]",26,13,13,8,4,4,1.584677267025257,2.0,1.6025641025641026,10,1.5898718066480932,10.0,2.113195329513554
La_Liga,2020,Espanol,"[0, 0, 0, 0, 0]",5,3,2,0,0,0,1.0,,1.0,1,1.0,,-inf
La_Liga,2020,Getafe,"[0, 0, 0, 0, 1, 1, 0, 1, 0, 0, 0, 0, 1, 0, 0, 1, 1, 0, 0, 0, 0, 0, 1, 0, 0, 0, 1, 0, 0, 0, 1]",31,16,15,9,5,4,1.8219668311652024,2.568232696913777,1.8050541516245489,14,2.595273601297276,14.0,5.03357712208925
La_Liga,2020,Granada,"[1, 1, 0, 1, 1, 1, 1, 0, 1, 1, 0, 0, 0, 1, 1, 0, 1, 0, 0, 1, 0, 0, 0, 1, 0, 1, 0, 0, 1, 1, 0, 1, 0, 0, 0, 0]",36,18,18,17,11,6,5.78501860883006,21.037373026578734,11.025358324145534,4,12.888298892734094,4.0,44.64717816455587
La_Liga,2020,Huesca,"[0, 0, 0, 0, 1, 0, 0, 0, 0, 0, 1, 0, 0, 1, 0, 0, 1, 1, 0, 0, 0, 1, 0, 1, 0]",25,13,12,7,2,5,1.0973483252439795,1.0774044319505338,1.0319917440660475,7,1.4452401153453758,1.0,3.813367101684189
La_Liga,2020,Leganes,"[1, 1, 1]",3,2,1,3,2,1,1.0,,1.0,1,1.0,,-inf
La_Liga,2020,Levante,"[0, 0, 1, 1, 0, 1, 0, 0, 0, 1, 0, 1, 1, 0, 1, 1, 0, 1, 0, 1, 0, 0, 1, 0, 0, 0, 0, 0]",28,14,14,11,6,5,1.9683259886695428,2.862086060341679,2.092050209205021,5,12.121198120655807,5.0,42.38230614807083
La_Liga,2020,Mallorca,"[0, 1, 0, 0]",4,2,2,1,1,0,1.7777777777777777,8.05759312981727,2.109704641350211,2,1.7777777777777777,2.0,8.05759312981727
La_Liga,2020,Osasuna,"[1, 0, 1, 1, 1, 0, 0, 1, 1, 0, 0, 0, 0, 0, 0, 0, 1, 0, 1, 1, 0, 1, 0, 1, 1, 1, 0, 0, 1, 0, 0]",31,16,15,14,6,8,1.2272360718954003,1.2315399586327471,1.1025358324145536,5,3.939975588767202,2.0,10.837548807665236
La_Liga,2020,Real Madrid,"[1, 1, 1, 1, 1, 1, 1, 1, 0, 1, 1, 0, 0, 1, 1, 1, 1, 1, 1, 1, 0, 1, 1, 1, 1, 1, 1, 1, 1, 1, 1, 1, 1, 1]",34,17,17,30,14,16,1.1352054535432303,1.1675869330991548,1.0482180293501049,14,1.2097420475452885,1.0,1.5514771892288202
La_Liga,2020,Sevilla,"[1, 1, 1, 1, 1, 1, 0, 0, 0, 1, 1, 1, 0, 1, 1, 1, 1, 0, 1, 1, 1, 1, 1, 1, 0, 0, 1, 1, 1, 1, 1, 1, 1, 0, 1, 0, 1]",37,19,18,28,14,14,1.4908177647485308,1.6283411692698744,1.35685210312076,4,3.994094618238702,4.0,9.754694406257082
La_Liga,2020,Sociedad,"[1, 0, 1, 1, 0, 1, 1, 1, 1, 1, 1, 0, 0, 0, 1, 0, 1, 1, 1, 1, 0, 0, 0, 1, 1, 0, 1, 0, 1, 1]",30,15,15,19,10,9,2.039949232674976,2.837740117733257,2.032520325203252,10,3.4946263181102664,10.0,7.044734428671106
La_Liga,2020,Valencia,"[0, 1, 0, 1, 0, 1, 0, 1, 0, 0, 0, 1, 0, 0, 0, 1, 0, 1, 0, 1, 0, 1, 0, 1, 0, 0, 0, 1, 0, 1]",30,15,15,12,5,7,1.2708146454542482,1.2953842236711035,1.1764705882352942,6,1.8371546149323925,6.0,2.8193311357632367
La_Liga,2020,Valladolid,"[1, 0, 0, 0, 1, 0, 0, 0, 0, 0, 1, 1, 0, 1, 0, 1, 0, 0, 0, 0, 1, 0, 0, 0, 0, 0, 0]",27,14,13,7,5,2,3.275052459136128,8.755765206813042,4.3478260869565215,6,6.053445140625002,11.0,20.4293064012195
La_Liga,2020,Villarreal,"[1, 0, 1, 0, 0, 1, 1, 0, 1, 1, 1, 1, 1, 0, 1, 1, 0, 0, 0, 1, 1, 1, 0, 1, 0, 0, 1, 0, 1, 1, 0]",31,16,15,18,11,7,3.827187514621454,9.387292803492924,5.128205128205129,15,3.827187514621454,15.0,9.387292803492924
La_Liga,2021,Alaves,"[0, 0, 0, 0, 0, 1, 0, 0, 1, 1, 1, 0, 0, 0, 0, 0, 0, 0, 1, 0, 0, 0, 0, 0, 1, 0, 1, 0, 1, 0, 0]",31,16,15,8,4,4,1.5161054609588012,1.8443340688822447,1.4204545454545454,2,1.816635160680529,2.0,5.147990388314545
La_Liga,2021,Ath Bilbao,"[1, 1, 0, 1, 1, 0, 0, 0, 1, 0, 1, 1, 1, 0, 1, 0, 1, 0, 1, 0, 1, 1, 0, 1, 0]",25,13,12,14,8,6,2.248194346315489,3.562068713935695,2.2675736961451247,3,2.4364571963199753,1.0,8.014061341972463
La_Liga,2021,Ath Madrid,"[1, 1, 1, 1, 0, 1, 1, 1, 1, 0, 0, 0, 0, 1, 1, 0, 1, 0, 1, 1, 1, 1, 1, 1, 0, 1, 0, 1, 1, 1]",30,15,15,21,10,11,1.4222079174897295,1.5271002992542166,1.2836970474967908,6,1.7246583020739015,6.0,2.3750075964998163
La_Liga,2021,Barcelona,"[1, 1, 1, 0, 1, 0, 0, 1, 1, 0, 1, 1, 1, 1, 1, 1, 1, 1, 1, 1, 1, 0, 1, 0, 1, 1, 1, 0]",28,14,14,21,10,11,1.3910675019417702,1.4953501155880409,1.2422360248447204,7,4.105236782761213,1.0,25.720198863182127
La_Liga,2021,Betis,"[0, 1, 1, 1, 0, 1, 1, 1, 0, 0, 1, 1, 1, 1, 0, 0, 1, 1, 0, 1, 1, 0, 0, 1, 1, 1, 0, 0, 1, 1]",30,15,15,19,10,9,2.039949232674976,2.837740117733257,1.976284584980237,9,2.308770565844085,4.0,3.6216555716819885
La_Liga,2021,Cadiz,"[0, 0, 1, 0, 0, 0, 1, 0, 0, 0, 0, 0, 1, 0, 1, 0, 1, 0, 1, 0, 1, 0, 1]",23,12,11,8,2,6,1.0509881311248472,1.029201055558978,1.0090817356205852,4,1.1420916233037446,2.0,1.4666004852452272
La_Liga,2021,Celta,"[0, 0, 0, 0, 1, 1, 0, 0, 1, 0, 1, 0, 1, 1, 0, 1, 1, 0, 1, 0, 0, 0, 1, 0, 1, 0, 1, 0]",28,14,14,12,6,6,1.6379481654980252,2.0,1.5105740181268883,9,2.4265898605872858,1.0,5.293503080847413
La_Liga,2021,Elche,"[0, 1, 0, 0, 1, 0, 0, 0, 0, 1, 0, 0, 1, 1, 1, 0, 1, 0, 0, 1, 0, 0, 0, 1, 1, 0, 0, 0, 1]",29,15,14,11,6,5,1.8172633910426896,2.462670581832049,1.858736059479554,12,2.009141338682767,4.0,3.534025558406784
La_Liga,2021,Espanol,"[0, 0, 1, 0, 1, 1, 0, 1, 0, 1, 0, 1, 0, 1, 0, 0, 0, 0, 1, 1, 0, 1, 0, 0, 0, 0]",26,13,13,10,6,4,2.521191968354289,4.760627558633163,2.7624309392265194,4,6.972900390624998,4.0,23.35455933344449
La_Liga,2021,Getafe,"[0, 0, 0, 0, 0, 0, 0, 0, 1, 0, 1, 1, 1, 0, 1, 1, 0, 0, 1, 0, 0, 1, 0]",23,12,11,8,3,5,1.169642261273616,1.178934115694079,1.0695187165775402,7,1.8612373404944078,1.0,4.393299998342071
La_Liga,2021,Granada,"[0, 0, 0, 0, 1, 1, 0, 0, 1, 1, 1, 0, 0, 0, 0, 0, 0, 0, 1, 0, 0, 1, 1, 0]",24,12,12,8,5,3,2.5440458409926445,5.174962496422871,2.932551319648094,12,2.5440458409926445,12.0,5.174962496422871
La_Liga,2021,Levante,"[0, 0, 0, 0, 0, 0, 0, 0, 0, 0, 0, 1, 0, 0, 0, 1, 1, 0, 0, 1, 0, 1, 0, 1, 0, 1, 1]",27,14,13,8,1,7,1.017151842736489,1.0039755030600743,1.0,10,1.0467709002707537,3.0,1.0730754929817123
La_Liga,2021,Mallorca,"[1, 1, 0, 0, 0, 1, 0, 0, 1, 0, 0, 0, 0, 1, 1, 0, 0, 0, 0, 0, 0, 0, 1, 0, 1, 0, 0, 1, 1]",29,15,14,10,6,4,2.278358620433357,3.863889620287177,2.6525198938992043,14,2.2783586204333575,14.0,3.863889620287177
La_Liga,2021,Osasuna,"[1, 0, 1, 0, 1, 1, 1, 0, 0, 0, 0, 0, 1, 0, 1, 1, 0, 0, 1, 0, 1, 0, 1, 1, 0, 0, 0]",27,14,13,12,6,6,1.5175105332061891,1.759386916159739,1.4104372355430184,3,5.831999999999999,3.0,19.93059241699423
La_Liga,2021,Real Madrid,"[1, 1, 1, 1, 1, 0, 1, 1, 1, 1, 1, 1, 1, 1, 1, 0, 1, 1, 1, 1, 1, 1, 0, 1, 1, 1, 1, 1, 0, 1]",30,15,15,26,14,12,3.097301520250902,7.073499961681147,3.278688524590164,2,4.017857142857143,2.0,17.491082025849703
La_Liga,2021,Sevilla,"[1, 1, 1, 1, 0, 1, 1, 1, 1, 0, 1, 1, 1, 1, 1, 1, 1, 0, 1, 0, 1, 1]",22,11,11,18,9,9,1.6099169986096316,2.0,1.4513788098693758,5,4.425450648494176,5.0,13.318807527078794
La_Liga,2021,Sociedad,"[0, 1, 1, 1, 1, 1, 1, 1, 1, 0, 0, 0, 0, 1, 1, 0, 1, 1, 0, 1, 1, 1, 0, 0, 1, 1, 0]",27,14,13,17,9,8,1.7812557638679534,2.266092474234593,1.694915254237288,5,3.7366945312500004,1.0,10.872265428364338
La_Liga,2021,Valencia,"[1, 1, 1, 0, 0, 0, 0, 1, 1, 1, 1, 0, 0, 0, 0, 0, 1, 1, 1, 0, 0, 0, 1]",23,12,11,11,7,4,3.072328800477933,6.848083641913098,3.484320557491289,11,3.0723288004779326,11.0,6.848083641913098
La_Liga,2021,Vallecano,"[0, 0, 1, 1, 1, 1, 0, 1, 0, 1, 0, 1, 1, 0, 1, 0, 0, 0, 0, 0, 0, 0, 0, 0, 1, 1, 0, 0, 0]",29,15,14,11,9,2,18.233382512753504,178.0093914426987,69.97900629811056,14,18.233382512753504,14.0,178.0093914426987
La_Liga,2021,Villarreal,"[1, 1, 0, 0, 0, 1, 0, 0, 1, 1, 1, 1, 0, 1, 1, 1, 1, 0, 1, 0, 0, 1, 1, 0, 1, 0, 1]",27,14,13,16,8,8,1.4988137311976597,1.6896655883305112,1.3966480446927374,10,2.5934637834659937,10.0,4.418410683065428
La_Liga,2022,Almeria,"[0, 1, 0, 0, 0, 0, 1, 0, 1, 0, 1, 0, 1, 0, 1, 0, 0, 0, 1, 0, 0, 1, 0, 0, 1, 0, 1, 0, 1, 0]",30,15,15,11,6,5,1.961585401075573,2.837740117733259,1.976284584980237,15,1.961585401075573,1.0,4.555872959522993
La_Liga,2022,Ath Bilbao,"[1, 1, 0, 1, 1, 1, 0, 0, 1, 0, 1, 0, 0, 0, 1, 1, 0, 0, 0, 1, 1, 1, 1, 0, 0, 0, 1, 0, 0]",29,15,14,14,8,6,2.2392671791806773,3.492564201602757,2.4213075060532687,6,7.912186171176795,6.0,24.42453522361181
La_Liga,2022,Ath Madrid,"[1, 0, 1, 1, 0, 1, 1, 1, 1, 0, 0, 1, 0, 1, 1, 1, 1, 1, 1, 1, 1, 1, 1, 0, 1, 1, 1, 0, 1, 1]",30,15,15,23,10,13,1.1153424241769885,1.108230375501664,1.044932079414838,7,1.9506902621047624,3.0,3.0030738276740685
La_Liga,2022,Barcelona,"[1, 1, 1, 1, 1, 1, 1, 0, 1, 1, 1, 1, 1, 1, 1, 1, 1, 1, 1, 1, 0, 1, 1, 1, 1, 1, 0, 1, 1, 1, 0, 0, 1, 0]",34,17,17,28,16,12,5.984556529349403,27.79930855337909,11.4639458901754,4,52.430006277463875,4.0,1471.745558250655
La_Liga,2022,Betis,"[1, 1, 1, 0, 1, 1, 0, 1, 0, 1, 0, 1, 0, 1, 0, 0, 1, 1, 1, 1, 0, 0, 1, 0, 0, 1, 1, 0, 1]",29,15,14,17,9,8,1.7967074443835742,2.2832411024109107,1.7482517482517483,9,3.3779555617149226,9.0,6.701664917255082
La_Liga,2022,Cadiz,"[0, 0, 0, 0, 0, 1, 0, 1, 0, 1, 0, 1, 0, 1, 0, 1, 0, 1, 0, 0, 1, 0, 0, 1, 0, 1]",26,13,13,10,4,6,1.2421188280651394,1.2659130648831014,1.1261261261261262,8,1.5884460188284883,8.0,2.113195329513554
La_Liga,2022,Celta,"[0, 1, 1, 0, 0, 1, 0, 0, 0, 0, 0, 1, 0, 1, 1, 0, 1, 1, 1, 0, 0, 1, 0, 0, 0, 0, 0, 1]",28,14,14,11,5,6,1.4047185470557153,1.5370321067848536,1.3054830287206267,6,4.089078884076657,6.0,9.969976437586565
La_Liga,2022,Elche,"[0, 0, 0, 0, 0, 0, 0, 0, 0, 0, 0, 0, 0, 1, 0, 0, 0, 1, 0, 0, 0, 0, 0, 0, 1, 0, 1, 1]",28,14,14,5,1,4,1.0967320575642672,1.0745707728086578,1.019367991845056,14,1.0967320575642672,10.0,1.1180232595707948
La_Liga,2022,Espanol,"[0, 0, 1, 0, 0, 1, 0, 0, 1, 1, 0, 0, 1, 1, 0, 0, 0, 0, 0, 0, 0, 1, 0, 0, 1]",25,13,12,8,5,3,2.315101232328993,4.246384611822067,2.6178010471204187,11,3.7897836233348614,11.0,10.569447103035689
La_Liga,2022,Getafe,"[0, 0, 0, 1, 1, 0, 0, 1, 0, 1, 0, 0, 0, 0, 1, 0, 1, 1, 0, 0, 0, 0, 1, 0, 1, 1]",26,13,13,10,4,6,1.2421188280651394,1.2659130648831014,1.11731843575419,8,1.5884460188284883,8.0,2.113195329513554
La_Liga,2022,Girona,"[0, 1, 0, 1, 0, 0, 0, 0, 1, 1, 1, 0, 0, 1, 0, 1, 1, 0, 0, 1, 1, 0, 1, 1, 1, 0, 0, 0]",28,14,14,13,6,7,1.4189866924057202,1.5440892488469016,1.2820512820512822,3,6.504296296296296,3.0,22.747233402369055
La_Liga,2022,Mallorca,"[0, 1, 0, 1, 0, 0, 0, 1, 1, 1, 0, 1, 0, 1, 0, 1, 0, 1, 0, 0, 0, 1, 1, 0, 0, 1, 0, 1, 0, 1]",30,15,15,14,7,7,1.6565648869643448,2.0,1.6339869281045751,12,2.0844139858783284,12.0,3.058098735314862
La_Liga,2022,Osasuna,"[1, 1, 0, 1, 1, 0, 0, 0, 1, 1, 1, 0, 0, 1, 0, 0, 1, 0, 0, 1, 0, 1, 1, 0, 0, 1, 0, 1, 0, 1]",30,15,15,15,8,7,2.0,2.7972002359528982,2.127659574468085,7,2.0,7.0,3.0030738276740676
La_Liga,2022,Real Madrid,"[1, 1, 1, 1, 1, 1, 1, 1, 1, 1, 0, 1, 1, 0, 1, 1, 0, 1, 1, 1, 0, 1, 0, 1, 1, 0, 1, 0, 1, 0, 1, 1]",32,16,16,24,14,10,5.272743947648892,19.51782485101568,9.085127646043428,12,6.343419708396255,12.0,21.81256253337844
La_Liga,2022,Sevilla,"[0, 0, 0, 1, 0, 1, 0, 0, 0, 1, 0, 1, 1, 0, 1, 0, 0, 1, 0, 1, 1, 1, 1, 0, 1, 1, 0, 0]",28,14,14,13,5,8,1.1655130865903642,1.1465412140302207,1.0672358591248663,2,3.4844444444444447,2.0,11.637559448474699
La_Liga,2022,Sociedad,"[1, 0, 1, 0, 1, 1, 1, 1, 1, 0, 0, 1, 1, 1, 1, 1, 0, 1, 0, 1, 0, 1, 0, 1, 1, 1, 1, 1, 0, 1]",30,15,15,21,11,10,2.063945400892388,2.897172134819273,2.083333333333333,14,2.4050092661580766,2.0,3.824799442795449
La_Liga,2022,Valencia,"[1, 0, 0, 1, 0, 1, 1, 0, 0, 1, 0, 0, 0, 0, 0, 0, 0, 1, 0, 1, 0, 0, 0, 1, 1, 0, 1, 1, 0]",29,15,14,11,5,6,1.3381468479420802,1.4258931511871338,1.2224938875305624,1,1.6111111111111112,1.0,4.691749423034074
La_Liga,2022,Valladolid,"[0, 0, 1, 0, 0, 1, 0, 1, 1, 0, 1, 0, 0, 0, 0, 0, 1, 1, 0, 0, 1, 0, 0, 1, 1, 0, 0, 0, 0, 0, 1]",31,16,15,11,5,6,1.3478391270096877,1.4397425854163357,1.2738853503184713,6,3.2249407013081397,6.0,7.0573966406618664
La_Liga,2022,Vallecano,"[1, 0, 0, 1, 0, 1, 0, 1, 1, 1, 0, 1, 0, 1, 1, 0, 0, 0, 1, 0, 1, 0, 1, 0, 0, 0, 1, 0]",28,14,14,13,8,5,3.349243706634644,7.824018803295653,4.329004329004329,13,5.058889514567414,13.0,16.403623072215645
La_Liga,2022,Villarreal,"[1, 1, 1, 0, 0, 1, 0, 1, 0, 0, 1, 1, 1, 1, 0, 0, 0, 0, 1, 1, 1, 1, 1, 0, 0, 1, 1, 1, 1, 1, 0]",31,16,15,19,9,10,1.3307578229867747,1.3810392366551143,1.203369434416366,1,2.5833333333333335,1.0,9.957190290326182
La_Liga,2023,Alaves,"[0, 1, 0, 1, 0, 0, 0, 0, 1, 0, 1, 0, 0, 0, 1, 1, 1, 0, 0, 1, 0, 0, 0, 1, 1, 1, 0, 1]",28,14,14,12,4,8,1.0979001863046656,1.0675950233550218,1.02880658436214,11,1.4557285396607984,2.0,1.7126806095202878
La_Liga,2023,Almeria,"[0, 0, 0, 0, 0, 0, 0, 0, 0, 0, 0, 0, 0, 0, 0, 0, 0, 0, 1, 0, 0, 0, 1, 0, 0, 1]",26,13,13,3,0,3,1.0569455294481322,1.03388083435032,1.0,13,1.0569455294481322,3.0,1.1167035681090502
La_Liga,2023,Ath Bilbao,"[0, 1, 1, 1, 1, 0, 1, 0, 1, 1, 1, 1, 1, 1, 1, 0, 1, 1, 0, 1, 1, 0, 0, 1, 0, 1, 1]",27,14,13,19,11,8,2.9886592502745626,6.009438631811987,3.7313432835820897,6,4.018313839975599,6.0,9.288196165384495
La_Liga,2023,Ath Madrid,"[1, 1, 0, 1, 1, 1, 1, 1, 1, 0, 1, 1, 0, 1, 0, 1, 0, 1, 1, 1, 0, 1, 1, 0, 0, 1, 1, 0, 1, 1, 1, 1, 0, 1]",34,17,17,24,12,12,1.6929540803902496,2.0,1.5600624024960998,14,2.521519876186002,14.0,4.001585825852306
La_Liga,2023,Barcelona,"[1, 1, 1, 1, 1, 1, 1, 0, 1, 1, 1, 0, 1, 1, 1, 0, 1, 1, 1, 1, 1, 1, 1, 1, 0, 1, 0, 1, 1, 1, 1]",31,16,15,26,13,13,1.3844012859914017,1.5174161528475925,1.2376237623762376,7,3.1737688222131624,7.0,6.471549614565811
La_Liga,2023,Betis,"[1, 0, 1, 0, 1, 1, 1, 1, 0, 1, 0, 1, 1, 1, 0, 0, 0, 0, 1, 1, 1, 1, 0]",23,12,11,14,8,6,2.2560799073314435,3.624184218557821,2.237136465324385,9,4.021536996442482,9.0,10.22357427663091
La_Liga,2023,Cadiz,"[1, 0, 1, 0, 0, 0, 0, 0, 0, 0, 0, 0, 0, 0, 1, 0, 1, 0, 0, 0, 1, 1, 0]",23,12,11,6,2,4,1.1531860682641126,1.1645172351714748,1.0626992561105206,1,1.3529411764705883,1.0,3.6794559525993096
La_Liga,2023,Celta,"[0, 0, 1, 0, 0, 0, 0, 0, 0, 1, 0, 1, 0, 0, 1, 0, 0, 1, 0, 1, 0, 1, 0, 1, 0, 1, 1]",27,14,13,10,3,7,1.068270728377306,1.0423997094101785,1.0090817356205852,12,1.1249610045452074,3.0,1.149198324894575
La_Liga,2023,Getafe,"[0, 1, 0, 1, 0, 1, 1, 0, 1, 1, 0, 0, 1, 0, 1, 0, 0, 1, 0, 1, 0, 0, 0, 0, 0]",25,13,12,10,7,3,4.437792045059089,14.1516773767228,6.98909700866648,5,12.860082304526752,5.0,48.51209365617496
La_Liga,2023,Girona,"[1, 1, 1, 1, 1, 1, 0, 1, 1, 1, 1, 1, 1, 1, 1, 1, 1, 1, 0, 0, 1, 0, 1, 0, 1, 0, 1, 1, 1, 0, 1, 1]",32,16,16,25,15,10,8.599905766850794,61.52058338109255,24.64268112370626,14,15.473383346150513,14.0,176.40329026566567
La_Liga,2023,Granada,"[0, 0, 1, 0, 0, 0, 0, 0, 0, 0, 0, 0, 0, 1, 0, 0, 0, 0, 0, 0, 0, 0, 1, 1, 0, 0, 0, 0, 0]",29,15,14,4,2,2,1.4341277627636169,1.8881353538009635,1.3850415512465375,5,2.1003416576000005,5.0,6.144149515792365
La_Liga,2023,Las Palmas,"[0, 0, 0, 1, 0, 1, 1, 0, 1, 1, 0, 1, 1, 0, 0, 1, 1, 0, 1, 0, 0, 0, 0, 0, 0, 0, 0, 0]",28,14,14,10,7,3,4.892629387655304,17.443994055572396,8.425309630128908,9,53.32977312926787,9.0,301.2992344686211
La_Liga,2023,Mallorca,"[0, 0, 1, 0, 0, 0, 0, 1, 1, 0, 0, 0, 1, 0, 1, 0, 1, 0, 0, 0, 1, 1]",22,11,11,8,3,5,1.2088199437298133,1.2310716467889455,1.1074197120708749,5,1.3453766279332036,5.0,1.7353825870390833
La_Liga,2023,Osasuna,"[1, 0, 1, 0, 0, 0, 1, 0, 1, 0, 0, 0, 1, 0, 1, 1, 0, 0, 1, 1, 1, 0, 0, 1, 0, 0, 0, 0, 1]",29,15,14,12,6,6,1.5298926367629486,1.7792767844805109,1.4684287812041117,8,3.481405189603722,8.0,7.435122022655825
La_Liga,2023,Real Madrid,"[1, 1, 1, 1, 1, 0, 1, 1, 1, 1, 1, 1, 1, 1, 1, 1, 1, 1, 1, 1, 1, 1, 1, 1, 1, 1, 1, 1, 1, 1]",30,15,15,29,14,15,1.0,1.1828077361313036,1.0,1,1.0,1.0,1.739425118343469
La_Liga,2023,Sevilla,"[0, 0, 0, 1, 1, 0, 0, 0, 0, 1, 0, 0, 0, 0, 1, 1, 0, 1, 0, 1, 1, 1, 1, 0, 0, 0, 0]",27,14,13,10,3,7,1.068270728377306,1.0423997094101785,1.0131712259371837,4,6.362962608206319,4.0,20.72140642336617
La_Liga,2023,Sociedad,"[1, 0, 1, 1, 1, 0, 1, 0, 1, 1, 1, 0, 1, 0, 1, 0, 0, 1, 1, 1, 0, 1, 0, 1, 1, 0]",26,13,13,16,9,7,2.627583920273654,4.760627558633165,2.8735632183908044,13,2.627583920273654,1.0,10.148981147877418
La_Liga,2023,Valencia,"[1, 1, 0, 0, 1, 0, 0, 1, 1, 0, 0, 0, 1, 1, 1, 1, 0, 1, 0, 1, 0, 1, 1, 0, 0, 0, 0, 0]",28,14,14,13,7,6,1.989561902152212,2.837933762005624,2.0876826722338206,5,22.66385909465021,5.0,92.46722218715203
La_Liga,2023,Vallecano,"[1, 1, 0, 0, 1, 1, 0, 0, 0, 0, 1, 0, 0, 0, 0, 0, 0, 1, 1, 0, 0, 1, 0, 0]",24,12,12,8,5,3,2.5440458409926445,5.174962496422871,2.967359050445104,12,2.5440458409926445,2.0,6.7506020439411305
La_Liga,2023,Villarreal,"[0, 1, 0, 0, 1, 0, 0, 1, 0, 0, 1, 0, 0, 1, 0, 0, 1, 1, 1, 1, 1, 0, 1, 1, 0, 1, 1]",27,14,13,14,5,9,1.0644875519393726,1.0425268273705612,1.015228426395939,3,1.1619930338272626,3.0,1.4143837224122595
La_Liga,2024,Alaves,"[0, 1, 1, 0, 1, 0, 0, 0, 0, 0, 1, 0, 0, 0, 1, 0, 0, 0, 1, 0, 1, 0, 1, 0, 1, 1]",26,13,13,10,4,6,1.2421188280651394,1.2659130648831014,1.1261261261261262,11,1.2717273518637349,11.0,1.360762609446877
La_Liga,2024,Ath Bilbao,"[0, 1, 0, 1, 1, 1, 0, 1, 1, 1, 1, 1, 1, 1, 1, 1, 0, 1, 1, 0, 1, 1, 1, 1, 0]",25,13,12,19,10,9,1.7308507224448817,2.1967338249334194,1.5384615384615383,1,4.166666666666667,1.0,28.844009506756215
La_Liga,2024,Ath Madrid,"[1, 1, 1, 1, 1, 0, 1, 1, 1, 1, 1, 1, 1, 1, 0, 1, 1, 1, 0, 0, 1, 1, 0, 1, 1, 0, 1, 1]",28,14,14,22,13,9,6.156731672437084,30.564012766720825,12.147716229348882,10,6.786029968296458,14.0,30.564012766720825
La_Liga,2024,Barcelona,"[1, 1, 1, 1, 1, 1, 1, 0, 1, 1, 1, 1, 0, 0, 1, 0, 0, 1, 1, 1, 1, 1, 1, 1, 1, 1, 1, 1, 1, 1, 1, 1, 0, 1]",34,17,17,28,12,16,1.0382697059880182,1.0373143955564448,1.0050251256281406,2,3.107526881720429,2.0,9.257693757786962
La_Liga,2024,Betis,"[0, 1, 1, 0, 1, 0, 1, 1, 0, 0, 1, 0, 0, 1, 0, 1, 1, 1, 1, 1, 1, 0, 1, 1, 1, 0]",26,13,13,16,6,10,1.07743243811782,1.0564479778026152,1.0214504596527068,1,2.6,1.0,10.148981147877418
La_Liga,2024,Celta,"[1, 1, 0, 0, 1, 0, 0, 1, 0, 0, 1, 0, 1, 0, 1, 0, 0, 0, 1, 1, 1, 1, 1, 0, 0, 1, 0, 1, 1, 0, 1]",31,16,15,16,7,9,1.223024685568934,1.2236843928116912,1.1299435028248588,8,1.6641565580972486,8.0,2.1843653322242815
La_Liga,2024,Espanol,"[0, 0, 1, 1, 0, 0, 0, 1, 0, 0, 0, 0, 1, 0, 0, 1, 1, 0, 1, 0, 1, 1, 1, 0, 0, 0, 0, 0, 1]",29,15,14,11,4,7,1.1300631209078575,1.1084301384321331,1.0460251046025104,6,3.7475391263530935,6.0,8.76994087024968
La_Liga,2024,Getafe,"[0, 0, 0, 1, 0, 0, 1, 0, 1, 0, 0, 1, 1, 1, 1, 0, 0, 1, 1, 0, 1, 0, 0, 0, 0, 0, 0, 1, 0]",29,15,14,11,7,4,2.982025811724335,6.337254600096169,3.7313432835820897,8,7.7085125216074974,8.0,24.540636495531505
La_Liga,2024,Girona,"[0, 1, 1, 0, 0, 1, 0, 0, 1, 1, 1, 0, 0, 1, 1, 0, 0, 1, 0, 0, 0, 0, 0, 0, 0, 1, 0, 1, 0, 0]",30,15,15,11,8,3,7.097463878982961,34.375985564664354,15.67398119122257,12,7.985262904880168,15.0,34.375985564664354
La_Liga,2024,Las Palmas,"[0, 0, 0, 0, 0, 0, 1, 1, 0, 1, 0, 1, 1, 1, 0, 0, 0, 0, 0, 0, 0, 0, 1, 1, 0, 0, 0, 0, 0, 0]",30,15,15,8,6,2,5.154094357889344,20.274185976693296,9.374707040404989,6,6.4297108595188055,6.0,20.274185976693296
La_Liga,2024,Leganes,"[1, 0, 0, 0, 0, 1, 0, 1, 0, 0, 1, 0, 1, 0, 0, 0, 1, 0, 0, 0, 0, 1, 0, 1, 1]",25,13,12,9,5,4,1.8045939709170185,2.5330520271144654,1.7699115044247788,12,1.8045939709170182,12.0,2.5330520271144654
La_Liga,2024,Mallorca,"[0, 1, 0, 1, 1, 1, 0, 1, 0, 0, 1, 1, 0, 0, 1, 1, 0, 0, 0, 1, 1, 0, 0, 1, 0, 0, 1, 0, 0]",29,15,14,13,8,5,2.922830080056166,5.875355368060922,3.257328990228013,8,4.482412769799124,13.0,11.76422363031107
La_Liga,2024,Osasuna,"[1, 0, 1, 0, 1, 1, 0, 1, 1, 0, 0, 0, 1, 0, 0, 0, 1, 1, 1, 0, 1, 1]",22,11,11,12,6,6,1.6267501106170124,2.0,1.5337423312883436,11,1.6267501106170124,11.0,2.0
La_Liga,2024,Real Madrid,"[1, 1, 1, 1, 1, 1, 1, 0, 1, 1, 1, 0, 1, 1, 1, 1, 1, 0, 1, 0, 1, 1, 1, 0, 1, 1, 1, 1, 0, 1, 1, 1]",32,16,16,26,14,12,2.841209881719213,5.478997645669047,3.0120481927710845,15,3.2742315469140295,15.0,7.113987218505897
La_Liga,2024,Sevilla,"[0, 0, 1, 0, 1, 1, 0, 1, 0, 0, 1, 0, 1, 0, 1, 0, 1, 1, 0, 0, 0, 0, 0, 0, 1, 0, 0]",27,14,13,10,6,4,2.2799905565484173,3.8777810582059935,2.680965147453083,9,10.216419767688388,9.0,41.202783453462345
La_Liga,2024,Sociedad,"[0, 1, 0, 0, 0, 1, 1, 0, 1, 1, 0, 1, 1, 0, 1, 0, 0, 0, 1, 0, 1, 0, 0, 1, 1, 0, 0, 0, 0, 1, 0]",31,16,15,13,8,5,2.89968574795982,5.758225761303373,3.367003367003367,6,4.892562750013057,6.0,12.309017400569175
La_Liga,2024,Valencia,"[0, 0, 0, 0, 1, 0, 0, 1, 0, 0, 0, 0, 1, 0, 1, 1, 0, 1, 1, 1, 1, 1, 1, 0, 0]",25,13,12,11,3,8,1.03131855096641,1.0143348886389385,1.0030090270812435,2,3.1887755102040813,2.0,10.458315790687243
La_Liga,2024,Valladolid,"[1, 0, 0, 0, 0, 0, 0, 1, 0, 0, 0, 0, 0, 1, 0, 1, 0, 0, 0, 0, 0, 0, 0, 0, 0, 0, 0, 0, 0, 0, 0, 0, 0, 0]",34,17,17,4,4,0,8.396151366633012,60.16700399563884,19.87281399046105,17,8.396151366633012,17.0,60.16700399563884
La_Liga,2024,Vallecano,"[1, 0, 0, 1, 1, 0, 1, 0, 0, 0, 1, 1, 1, 1, 1, 0, 0, 0, 1, 0, 0, 0, 1, 1, 1]",25,13,12,13,7,6,1.793021001945255,2.3598786832236693,1.6863406408094437,10,3.041173345465339,10.0,6.119959136622583
La_Liga,2024,Villarreal,"[1, 1, 1, 0, 1, 1, 0, 1, 1, 0, 0, 1, 0, 1, 1, 1, 1, 0, 0, 1, 1, 0, 1, 1, 1, 1, 1, 1]",28,14,14,20,9,11,1.235215472934987,1.252178551393171,1.1402508551881414,11,1.5400132373146107,11.0,1.822505685526828
