,League,Season,Team,Sequence,n,n1,n2,k,k1,k2,c1,c2,c3
0,Bundesliga,2000,Bayern Munich,"[1, 1, 1, 0, 1, 1, 0, 0, 1, 1, 0, 0, 1, 1, 1, 1, 1, 1, 0, 0, 1, 1, 0, 0, 1, 1, 1, 1]",28,14,14,19,9,10,1.4142084474522654,1.5217617602932305,1.2690355329949239
1,Bundesliga,2000,Bochum,"[1, 0, 0, 0, 1, 1, 0, 0, 0, 0, 0, 1, 0, 1, 0, 0, 0, 0, 0, 0, 0, 1, 1, 0, 0, 0, 0, 0]",28,14,14,7,5,2,3.557103300669816,10.50253231719744,5.714285714285714
2,Bundesliga,2000,Cottbus,"[0, 0, 0, 1, 0, 0, 1, 0, 1, 1, 0, 0, 1, 0, 0, 1, 0, 1, 0, 0, 1, 0, 0, 1, 0, 0, 1, 0, 0, 1, 1]",31,16,15,12,6,6,1.5401026560662618,1.79604172854337,1.422475106685633
3,Bundesliga,2000,Dortmund,"[1, 1, 0, 1, 1, 0, 1, 0, 0, 0, 1, 1, 1, 1, 1, 1, 0, 1, 1, 0, 1, 0, 1, 1]",24,12,12,16,7,9,1.221184094120891,1.239523109694232,1.1037527593818985
4,Bundesliga,2000,Ein Frankfurt,"[1, 0, 1, 0, 1, 0, 0, 1, 0, 1, 1, 0, 0, 0, 0, 0, 0, 1, 1, 0, 0, 0, 0, 0, 0, 0, 1, 0, 1]",29,15,14,10,6,4,2.2783586204333575,3.863889620287177,2.4691358024691357
5,Bundesliga,2000,FC Koln,"[0, 1, 0, 0, 0, 1, 0, 1, 1, 1, 1, 1, 0, 1, 0, 0, 0, 1, 1, 1, 0, 1, 0, 0]",24,12,12,12,7,5,2.5825977301387137,4.828396632130076,2.7777777777777777
6,Bundesliga,2000,Freiburg,"[1, 1, 0, 0, 0, 1, 0, 0, 0, 1, 1, 1, 1, 1, 1, 0, 0, 1, 1, 1, 0, 1, 1, 1]",24,12,12,15,6,9,1.12808850362943,1.1147670582566984,1.053740779768177
7,Bundesliga,2000,Hamburg,"[0, 1, 1, 0, 1, 1, 0, 1, 0, 0, 0, 0, 1, 0, 0, 0, 0, 1, 0, 1, 1, 1, 0]",23,12,11,10,5,5,1.4888918213567126,1.7463541946265306,1.3440860215053763
8,Bundesliga,2000,Hansa Rostock,"[0, 0, 0, 1, 1, 1, 0, 1, 0, 0, 1, 0, 0, 1, 0, 0, 0, 1, 1, 1, 0, 1, 0, 1, 0, 1, 0]",27,14,13,12,6,6,1.5175105332061893,1.759386916159739,1.3831258644536653
9,Bundesliga,2000,Hertha,"[0, 1, 1, 0, 1, 0, 1, 1, 1, 1, 1, 0, 0, 1, 0, 0, 0, 1, 1, 0, 1, 0, 1, 1, 0, 1, 0, 1, 0, 1, 0, 1]",32,16,16,18,9,9,1.6806258940555632,2.0,1.5432098765432098
10,Bundesliga,2000,Kaiserslautern,"[0, 0, 1, 1, 0, 1, 1, 1, 1, 0, 0, 0, 1, 1, 1, 0, 1, 1, 0, 1, 1, 1, 0, 0, 1, 0, 0, 0, 0]",29,15,14,15,9,6,2.8927652183629156,5.619271194285363,3.875968992248062
11,Bundesliga,2000,Leverkusen,"[1, 0, 1, 0, 1, 1, 1, 1, 1, 1, 0, 1, 0, 0, 1, 1, 1, 0, 0, 0, 1, 1, 0, 1, 0, 1, 0, 1]",28,14,14,17,9,8,2.0327100704732444,2.8620860603416816,1.937984496124031
12,Bundesliga,2000,Munich 1860,"[1, 1, 0, 1, 0, 0, 0, 0, 0, 1, 1, 1, 0, 1, 0, 1, 1, 0, 0, 0, 0, 1, 1, 0, 1, 0]",26,13,13,12,6,6,1.63540341789661,2.0,1.5060240963855422
13,Bundesliga,2000,Schalke 04,"[1, 1, 1, 1, 0, 1, 0, 0, 1, 1, 1, 0, 1, 1, 1, 0, 1, 0, 0, 1, 1, 1, 1, 1, 0, 1]",26,13,13,18,9,9,1.6581246534155312,2.0,1.5105740181268883
14,Bundesliga,2000,Stuttgart,"[0, 1, 0, 1, 0, 0, 1, 0, 0, 0, 0, 1, 0, 1, 0, 0, 1, 0, 1, 0, 1, 1, 0]",23,12,11,9,4,5,1.294771086918406,1.3810708078069203,1.183431952662722
15,Bundesliga,2000,Unterhaching,"[0, 0, 0, 1, 0, 0, 1, 1, 1, 0, 0, 1, 0, 0, 0, 1, 1, 0, 0, 0, 1, 0, 0]",23,12,11,8,5,3,2.3169831150268667,4.263807401259858,2.4213075060532687
16,Bundesliga,2000,Werder Bremen,"[1, 0, 0, 0, 1, 0, 0, 1, 1, 1, 0, 0, 1, 1, 1, 1, 1, 0, 0, 1, 1, 1, 0, 0, 1, 1]",26,13,13,15,6,9,1.14894499498751,1.1323123378609816,1.0570824524312896
17,Bundesliga,2000,Wolfsburg,"[0, 1, 0, 1, 0, 1, 1, 0, 1, 1, 0, 1, 0, 1, 0, 0, 1, 1, 0, 1, 0, 1, 0]",23,12,11,12,7,5,2.2658448587424314,3.7257172078854355,2.293577981651376
18,Bundesliga,2001,Bayern Munich,"[0, 1, 1, 1, 1, 1, 1, 1, 1, 1, 1, 0, 0, 0, 0, 1, 0, 1, 1, 1, 1, 1, 1, 1, 1, 1]",26,13,13,20,10,10,1.6489719930562854,2.0,1.5151515151515151
19,Bundesliga,2001,Cottbus,"[1, 0, 1, 1, 0, 0, 0, 0, 0, 0, 0, 0, 0, 1, 0, 1, 0, 1, 0, 1, 0, 1, 0, 1, 0, 0]",26,13,13,9,3,6,1.1404595918962377,1.1212023997753857,1.0493179433368311
20,Bundesliga,2001,Dortmund,"[1, 1, 1, 1, 0, 0, 1, 1, 0, 1, 1, 1, 1, 1, 1, 1, 1, 0, 1, 1, 1, 0, 1, 0, 1, 1, 1]",27,14,13,21,11,10,1.7313070044652699,2.1786232127604483,1.4771048744460857
21,Bundesliga,2001,FC Koln,"[1, 0, 0, 1, 0, 0, 0, 0, 0, 0, 0, 1, 0, 0, 0, 0, 0, 0, 0, 1, 0, 0, 1, 0, 1, 1]",26,13,13,7,3,4,1.345455675609176,1.490743003650105,1.203369434416366
22,Bundesliga,2001,Freiburg,"[1, 0, 0, 0, 1, 0, 1, 1, 0, 0, 0, 0, 1, 0, 0, 0, 0, 0, 0, 0, 0, 0, 1, 0, 1]",25,13,12,7,5,2,3.2926615611315295,8.877048632583316,4.149377593360996
23,Bundesliga,2001,Hamburg,"[0, 1, 0, 0, 0, 1, 1, 0, 0, 0, 1, 0, 1, 0, 1, 1, 0, 1, 1, 0, 0, 1, 0, 0]",24,12,12,10,4,6,1.233447599421348,1.2559863036669832,1.1123470522803114
24,Bundesliga,2001,Hansa Rostock,"[0, 1, 0, 0, 0, 0, 1, 1, 0, 0, 0, 1, 1, 0, 0, 1, 0, 1, 0, 0, 1, 0, 0, 1, 0, 0, 0]",27,14,13,9,5,4,1.8114671956806268,2.5466317660905053,1.7271157167530224
25,Bundesliga,2001,Hertha,"[0, 1, 0, 1, 0, 1, 0, 1, 1, 1, 1, 1, 1, 0, 0, 1, 1, 1, 1, 1, 1, 0, 1, 1, 0, 1, 0]",27,14,13,18,9,9,1.4758492050635255,1.6465663139247086,1.3106159895150722
26,Bundesliga,2001,Kaiserslautern,"[1, 1, 1, 1, 1, 1, 1, 0, 1, 0, 0, 1, 0, 1, 1, 0, 1, 1, 0, 1, 0, 1, 0, 0, 0, 1, 0, 1, 0]",29,15,14,17,11,6,5.656916997835949,20.85893760147531,10.131712259371835
27,Bundesliga,2001,Leverkusen,"[1, 1, 1, 1, 1, 1, 1, 1, 1, 1, 1, 0, 1, 0, 0, 1, 0, 0, 1, 1, 1, 1, 1, 1, 1, 0, 0, 1]",28,14,14,21,12,9,3.8689898428937823,10.502532317197415,5.434782608695652
28,Bundesliga,2001,MGladbach,"[1, 0, 1, 0, 0, 0, 1, 0, 0, 0, 0, 0, 1, 0, 1, 1, 0, 1, 1, 1, 0, 0]",22,11,11,9,3,6,1.1247651807459151,1.1069888345665397,1.0319917440660475
29,Bundesliga,2001,Munich 1860,"[0, 0, 1, 1, 0, 1, 0, 0, 0, 1, 0, 1, 1, 1, 1, 1, 0, 1, 0, 0, 1, 1, 0, 0, 0, 1, 0, 1, 1]",29,15,14,15,8,7,1.8069284951620663,2.332250535873808,1.7857142857142858
30,Bundesliga,2001,Nurnberg,"[0, 1, 0, 0, 0, 0, 1, 0, 0, 0, 0, 1, 0, 0, 0, 1, 1, 1, 0, 1, 0, 0, 0, 0, 1, 0, 0, 0, 1, 1]",30,15,15,10,3,7,1.0967697479454057,1.0645858982458871,1.0235414534288638
31,Bundesliga,2001,Schalke 04,"[0, 1, 1, 1, 0, 1, 0, 1, 1, 0, 1, 0, 1, 1, 1, 1, 1, 1, 0, 1, 1, 1, 1, 0, 1, 0, 0]",27,14,13,18,9,9,1.4758492050635255,1.6465663139247086,1.3368983957219251
32,Bundesliga,2001,St Pauli,"[0, 0, 0, 0, 0, 1, 0, 0, 0, 0, 0, 0, 1, 0, 1, 0, 1, 0, 0, 0, 0, 0, 0, 0]",24,12,12,4,1,3,1.1430898010584611,1.158293339793587,1.0405827263267429
33,Bundesliga,2001,Stuttgart,"[0, 1, 1, 1, 0, 1, 0, 1, 0, 1, 0, 1, 1, 0, 0, 1, 0, 0, 0, 1, 1, 1, 1]",23,12,11,13,7,6,1.7780854752345217,2.339846425731408,1.6835016835016836
34,Bundesliga,2001,Werder Bremen,"[0, 1, 0, 0, 1, 1, 1, 0, 1, 1, 1, 1, 1, 1, 1, 0, 0, 0, 1, 0, 0, 1, 0, 0, 1, 1, 1, 1, 0]",29,15,14,17,11,6,5.656916997835949,20.85893760147531,10.057326762546515
35,Bundesliga,2001,Wolfsburg,"[0, 0, 0, 0, 1, 1, 0, 0, 1, 0, 1, 1, 1, 1, 0, 1, 0, 0, 0, 1, 1, 0, 0, 1, 1, 0, 1]",27,14,13,13,7,6,1.8045361146662608,2.376436250286031,1.7699115044247788
36,Bundesliga,2002,Bayern Munich,"[1, 1, 1, 1, 1, 0, 1, 1, 0, 1, 1, 1, 1, 1, 1, 1, 1, 1, 1, 0, 0, 1, 1, 1, 1, 0]",26,13,13,21,11,10,2.1288119673002748,3.232288800021739,1.9342359767891684
37,Bundesliga,2002,Bielefeld,"[1, 0, 1, 0, 0, 1, 0, 1, 0, 0, 0, 1, 1, 0, 1, 0, 1, 0, 0, 0, 0]",21,11,10,8,4,4,1.4705492403979321,1.760448810825132,1.335113484646195
38,Bundesliga,2002,Bochum,"[1, 1, 1, 0, 0, 0, 1, 1, 0, 1, 0, 0, 1, 0, 1, 0, 0, 0, 0, 0, 1, 1, 1, 1]",24,12,12,12,6,6,1.6318725099601594,2.0,1.529051987767584
39,Bundesliga,2002,Cottbus,"[0, 0, 1, 0, 0, 0, 0, 0, 0, 0, 1, 0, 0, 1, 1, 1, 0, 0, 0, 0, 0, 0, 0, 1]",24,12,12,6,2,4,1.187146070227026,1.2090279954402507,1.0741138560687433
40,Bundesliga,2002,Dortmund,"[1, 1, 1, 1, 1, 0, 1, 0, 1, 1, 1, 0, 1, 1, 0, 1, 0, 1, 1]",19,10,9,14,8,6,2.2927280807201136,3.9223879312857126,2.272727272727273
41,Bundesliga,2002,Hamburg,"[1, 0, 0, 0, 1, 0, 1, 0, 1, 0, 1, 1, 1, 1, 0, 1, 1, 0, 1, 1, 1, 1]",22,11,11,14,5,9,1.0531781055261438,1.0396415907676637,1.0090817356205852
42,Bundesliga,2002,Hannover,"[0, 0, 0, 0, 1, 1, 0, 1, 1, 0, 0, 0, 0, 1, 1, 1, 1, 0, 1, 0, 1, 0, 0, 1, 1]",25,13,12,12,4,8,1.0587861151518532,1.037707234546176,1.0256410256410255
43,Bundesliga,2002,Hansa Rostock,"[1, 1, 1, 0, 1, 0, 0, 0, 0, 0, 1, 0, 0, 1, 0, 0, 1, 0, 1, 0, 0, 1, 0, 1, 0]",25,13,12,10,5,5,1.503287936727688,1.770193161216196,1.4204545454545454
44,Bundesliga,2002,Hertha,"[0, 1, 1, 0, 1, 1, 0, 1, 1, 0, 0, 0, 1, 0, 1, 0, 1, 1, 1, 0, 1, 1, 1, 0, 0, 0, 1]",27,14,13,15,7,8,1.316508931008271,1.3760742381167328,1.1750881316098707
45,Bundesliga,2002,Kaiserslautern,"[0, 0, 0, 0, 1, 0, 0, 0, 0, 0, 1, 0, 1, 0, 1, 1, 1, 1, 1, 1, 0, 1, 0, 0]",24,12,12,10,2,8,1.0209910634453736,1.006533901196204,1.001001001001001
46,Bundesliga,2002,Leverkusen,"[0, 1, 0, 0, 1, 0, 1, 0, 1, 0, 1, 0, 0, 0, 0, 1, 0, 0, 1, 0, 0, 1, 0, 1, 1]",25,13,12,10,5,5,1.503287936727688,1.770193161216196,1.3888888888888888
47,Bundesliga,2002,MGladbach,"[0, 1, 1, 0, 0, 1, 0, 0, 0, 1, 0, 1, 0, 0, 0, 0, 1, 0, 1, 0, 1, 1, 1]",23,12,11,10,5,5,1.4888918213567126,1.7463541946265306,1.3623978201634876
48,Bundesliga,2002,Munich 1860,"[0, 1, 1, 0, 1, 0, 1, 1, 1, 0, 0, 1, 0, 1, 0, 0, 0, 1, 0, 1, 1, 0, 0]",23,12,11,11,7,4,3.0723288004779326,6.848083641913098,3.8910505836575875
49,Bundesliga,2002,Nurnberg,"[0, 0, 1, 0, 0, 1, 1, 0, 0, 1, 1, 0, 0, 1, 0, 0, 0, 0, 0, 1, 0, 0, 0, 0, 0, 0]",26,13,13,7,5,2,3.60271151593285,10.82839615446654,4.926108374384237
50,Bundesliga,2002,Schalke 04,"[1, 1, 1, 0, 1, 0, 1, 0, 1, 1, 1, 0, 0, 1, 1, 0, 0, 0, 0, 1]",20,10,10,11,7,4,3.8231750823624497,11.26571093720506,5.181347150259067
51,Bundesliga,2002,Stuttgart,"[0, 1, 0, 1, 1, 1, 1, 1, 0, 0, 1, 1, 1, 1, 1, 1, 0, 1, 1, 0, 1, 0, 0, 1]",24,12,12,16,8,8,1.6476491652327578,2.0,1.5174506828528074
52,Bundesliga,2002,Werder Bremen,"[0, 1, 0, 1, 1, 1, 1, 0, 1, 0, 1, 1, 1, 1, 0, 0, 0, 1, 0, 0, 1, 1, 0, 0, 1, 1, 1, 0]",28,14,14,16,10,6,4.803973456066435,15.793988527051958,7.893282816323309
53,Bundesliga,2002,Wolfsburg,"[0, 1, 0, 1, 0, 1, 1, 0, 1, 0, 1, 0, 1, 0, 0, 0, 1, 1, 0, 1, 1, 0, 1, 0]",24,12,12,12,6,6,1.6318725099601594,2.0,1.5151515151515151
54,Bundesliga,2003,Bayern Munich,"[1, 1, 1, 1, 0, 1, 1, 1, 0, 1, 1, 1, 1, 0, 1]",15,8,7,12,7,5,2.362484502101667,4.570824168435551,2.3255813953488373
55,Bundesliga,2003,Bochum,"[0, 1, 1, 1, 0, 0, 1, 1, 1, 1, 0, 0, 1, 1]",14,7,7,9,4,5,1.285058825967541,1.4054805499345742,1.1507479861910241
56,Bundesliga,2003,Dortmund,"[1, 0, 1, 1, 1, 0, 0, 0, 1, 0, 0, 1, 1, 1, 1, 0, 1]",17,9,8,10,5,5,1.41102340158278,1.6280270076080123,1.297016861219196
57,Bundesliga,2003,Ein Frankfurt,"[0, 0, 0, 0, 1, 0, 0, 1, 1, 0, 1, 0, 0, 0, 0, 0, 1]",17,9,8,5,3,2,1.764476625984921,2.830336698222467,1.7730496453900708
58,Bundesliga,2003,FC Koln,"[0, 0, 0, 0, 1, 0, 0, 1, 1, 0, 0, 0, 0, 0, 0, 1, 0, 0, 0]",19,10,9,4,3,1,2.4687786902230946,6.3843318405493,3.076923076923077
59,Bundesliga,2003,Freiburg,"[0, 1, 0, 1, 0, 0, 0, 1, 0, 0, 1, 0, 0, 1, 0, 1, 0, 0, 0]",19,10,9,6,3,3,1.443446282474708,1.7793198438707436,1.3888888888888888
60,Bundesliga,2003,Hamburg,"[0, 1, 1, 0, 1, 1, 0, 1, 0, 1, 0, 1, 0, 0, 1, 1]",16,8,8,9,5,4,2.025236268514512,3.25576651572519,2.0080321285140563
61,Bundesliga,2003,Hannover,"[1, 1, 0, 0, 0, 1, 0, 1, 0, 0, 0, 0, 1, 1, 0]",15,8,7,6,4,2,2.3814967230605095,5.024813540419161,2.5510204081632653
62,Bundesliga,2003,Hansa Rostock,"[0, 0, 0, 0, 0, 0, 1, 0, 0, 1, 1, 0, 1, 0, 0, 1, 0]",17,9,8,5,1,4,1.0565380539430196,1.0411288969783878,1.0060362173038229
63,Bundesliga,2003,Hertha,"[0, 0, 0, 1, 0, 0, 1, 1, 1, 0, 0, 1, 1]",13,7,6,6,2,4,1.0838088891114326,1.0926474909767443,1.0298661174047374
64,Bundesliga,2003,Kaiserslautern,"[0, 1, 1, 1, 0, 1, 0, 0, 0, 0, 1, 0, 1, 1, 0, 0, 0, 1, 0]",19,10,9,8,4,4,1.4535527617057926,1.7311137178256986,1.358695652173913
65,Bundesliga,2003,Leverkusen,"[1, 1, 1, 1, 1, 0, 1, 0, 0, 0, 0, 1, 1, 1, 1, 1, 1, 1]",18,9,9,13,6,7,1.3132297262630732,1.4272716628881084,1.1918951132300357
66,Bundesliga,2003,MGladbach,"[1, 0, 0, 0, 0, 1, 1, 0, 0, 0, 1, 0, 1, 0, 1, 0, 1]",17,9,8,7,3,4,1.2382635024407562,1.3208690124394369,1.1350737797956867
67,Bundesliga,2003,Munich 1860,"[1, 0, 0, 0, 1, 1, 0, 0, 1, 1, 0, 0, 1, 0, 0, 0, 0, 0]",18,9,9,6,4,2,2.651266163793101,6.302974375068753,3.3333333333333335
68,Bundesliga,2003,Schalke 04,"[0, 1, 0, 1, 1, 1, 1, 1, 1, 0, 1, 1, 0, 0, 0]",15,8,7,9,6,3,3.4507508833922254,9.761149845648184,4.310344827586207
69,Bundesliga,2003,Stuttgart,"[1, 1, 1, 1, 1, 1, 0, 0, 1, 0, 1, 1, 1, 1, 1, 1, 0]",17,9,8,13,7,6,1.6800657081999102,2.24015499177463,1.4705882352941178
70,Bundesliga,2003,Werder Bremen,"[1, 1, 1, 1, 0, 1, 1, 1, 1, 1, 1, 1, 1, 1, 1]",15,8,7,14,7,7,1.0,1.1997036310207658,1.0
71,Bundesliga,2003,Wolfsburg,"[1, 0, 1, 0, 0, 1, 0, 1, 1, 0, 0, 1, 0, 0, 0, 0, 0, 1, 1]",19,10,9,8,5,3,2.323474621408479,4.324072538095866,2.7624309392265194
72,Bundesliga,2004,Bayern Munich,"[1, 0, 1, 1, 1, 0, 1, 1, 0, 1, 1, 1, 1, 1, 1, 0, 1, 1, 1, 0, 1, 1, 1, 1, 1, 1, 1, 1, 1]",29,15,14,24,12,12,1.3829090659031402,1.5196980469249557,1.272264631043257
73,Bundesliga,2004,Bielefeld,"[0, 0, 1, 1, 0, 1, 1, 0, 0, 1, 1, 1, 0, 0, 0, 0, 1, 1, 0, 0, 0, 1, 0, 1, 0, 0, 0]",27,14,13,11,7,4,3.004756359851972,6.460827370308542,3.690036900369004
74,Bundesliga,2004,Bochum,"[1, 0, 0, 0, 0, 1, 0, 0, 0, 1, 0, 0, 0, 0, 1, 0, 0, 0, 1, 1, 1, 0, 0, 0, 1, 1]",26,13,13,9,3,6,1.1404595918962377,1.1212023997753857,1.050420168067227
75,Bundesliga,2004,Dortmund,"[0, 1, 0, 0, 1, 1, 0, 0, 1, 0, 0, 1, 1, 1, 0, 1, 0, 1, 1, 1, 1, 1, 1, 1]",24,12,12,15,5,10,1.0300064063629293,1.0178194646175127,1.0080645161290323
76,Bundesliga,2004,Freiburg,"[1, 0, 0, 0, 1, 0, 0, 0, 0, 0, 0, 0, 1, 0, 0, 0, 0, 0, 0, 0, 0, 0, 0, 0, 0]",25,13,12,3,3,0,4.636688648466324,26.290349888404165,8.159934720522235
77,Bundesliga,2004,Hamburg,"[0, 0, 1, 0, 0, 1, 0, 0, 1, 1, 0, 1, 1, 1, 0, 1, 0, 1, 1, 1, 1, 0, 1, 1, 0, 0, 1, 1, 0, 0, 0]",31,16,15,16,8,8,1.536836202224237,1.7433214000368964,1.3550135501355014
78,Bundesliga,2004,Hannover,"[0, 0, 1, 0, 1, 1, 1, 1, 1, 0, 1, 1, 0, 0, 1, 0, 0, 0, 0, 0, 1, 1, 0, 0, 0, 1, 0, 1]",28,14,14,13,8,5,3.3492437066346437,7.824018803295653,4.385964912280702
79,Bundesliga,2004,Hansa Rostock,"[0, 1, 0, 0, 0, 1, 0, 0, 0, 0, 0, 0, 0, 0, 0, 1, 1, 0, 1, 0, 1, 0, 1, 0, 0]",25,13,12,7,2,5,1.0973483252439795,1.0774044319505338,1.0183299389002036
80,Bundesliga,2004,Hertha,"[0, 1, 1, 0, 0, 1, 1, 1, 1, 1, 1, 1, 0, 1, 1, 0, 1, 1, 1, 0, 1]",21,11,10,15,8,7,1.7294266340001494,2.2469229507104775,1.5313935681470139
81,Bundesliga,2004,Kaiserslautern,"[0, 0, 0, 1, 1, 0, 0, 0, 0, 1, 1, 0, 1, 1, 1, 1, 1, 0, 1, 0, 0, 1, 0, 0, 0, 1, 0, 0]",28,14,14,12,6,6,1.6379481654980252,2.0,1.5313935681470139
82,Bundesliga,2004,Leverkusen,"[1, 1, 0, 0, 1, 0, 1, 0, 1, 0, 1, 1, 1, 1, 0, 1, 1, 0, 1, 0, 0, 1, 1, 1, 1]",25,13,12,16,8,8,1.4708481968310905,1.6522935832009673,1.3054830287206267
83,Bundesliga,2004,MGladbach,"[0, 1, 0, 0, 1, 0, 0, 1, 1, 0, 0, 0, 1, 1, 0, 0, 1, 0, 0, 0, 1, 0]",22,11,11,8,4,4,1.5818429472822768,2.0,1.5313935681470139
84,Bundesliga,2004,Mainz,"[0, 1, 1, 1, 1, 0, 1, 0, 0, 1, 0, 0, 0, 0, 0, 0, 0, 0, 1, 1, 0, 0, 1, 1, 0, 1, 1]",27,14,13,12,6,6,1.5175105332061893,1.759386916159739,1.342281879194631
85,Bundesliga,2004,Nurnberg,"[1, 0, 0, 1, 0, 0, 1, 1, 0, 0, 1, 0, 1, 0, 0, 0, 0, 1, 0, 0, 1, 1, 0, 1, 0, 0]",26,13,13,10,6,4,2.521191968354289,4.760627558633163,2.793296089385475
86,Bundesliga,2004,Schalke 04,"[0, 1, 0, 0, 1, 0, 1, 1, 1, 1, 1, 1, 0, 1, 1, 1, 1, 0, 1, 1, 1, 1, 1, 0, 1, 0, 0, 0, 1, 0, 1]",31,16,15,20,11,9,2.2146543254239877,3.274057671838239,2.320185614849188
87,Bundesliga,2004,Stuttgart,"[1, 1, 1, 1, 1, 1, 0, 0, 0, 1, 0, 1, 1, 1, 0, 0, 1, 1, 1, 1, 1, 1, 0, 0, 1, 0, 0]",27,14,13,17,10,7,2.9423240739360157,5.805456874013267,3.484320557491289
88,Bundesliga,2004,Werder Bremen,"[1, 1, 0, 0, 1, 1, 0, 0, 1, 1, 0, 1, 1, 0, 1, 1, 1, 1, 1, 0, 1, 0, 1, 0, 0, 1, 0, 1, 1]",29,15,14,18,9,9,1.5045342972249258,1.6836809411641154,1.3175230566534915
89,Bundesliga,2004,Wolfsburg,"[1, 0, 1, 1, 1, 1, 1, 0, 1, 0, 1, 0, 1, 0, 0, 0, 1, 0, 0, 0, 0, 1, 0, 1, 0, 0, 1, 0, 1, 0, 1]",31,16,15,15,9,6,2.862765580742819,5.47058459211256,3.076923076923077
90,Bundesliga,2005,Bayern Munich,"[1, 1, 1, 1, 1, 1, 0, 1, 1, 1, 1, 1, 1, 1, 1, 1, 1, 1, 1, 0, 1, 1, 0, 1, 1]",25,13,12,22,12,10,2.3179676404647673,4.079306397635297,2.247191011235955
91,Bundesliga,2005,Bielefeld,"[0, 0, 1, 0, 0, 1, 1, 1, 0, 0, 0, 1, 0, 0, 1, 0, 1, 0, 1, 0, 1, 1, 0, 0, 0, 0, 0]",27,14,13,10,5,5,1.5148471428733075,1.7898317226824547,1.3966480446927374
92,Bundesliga,2005,Dortmund,"[0, 1, 0, 1, 1, 0, 1, 1, 0, 0, 0, 1, 1, 0, 0, 1, 1, 0, 0, 1, 1]",21,11,10,11,5,6,1.271809969845994,1.337842294670583,1.1507479861910241
93,Bundesliga,2005,Duisburg,"[0, 0, 0, 0, 1, 0, 0, 1, 0, 0, 0, 1, 0, 0, 1, 0, 0, 0, 0, 0, 0, 1]",22,11,11,5,2,3,1.2924968664422045,1.4398117926016154,1.1918951132300357
94,Bundesliga,2005,Ein Frankfurt,"[0, 0, 1, 0, 0, 0, 0, 1, 1, 0, 1, 1, 1, 0, 0, 1, 0, 0, 0, 0, 1, 0, 0, 1, 0]",25,13,12,9,6,3,3.123826759304197,7.381478532763724,3.8314176245210727
95,Bundesliga,2005,FC Koln,"[1, 1, 0, 0, 1, 0, 0, 0, 0, 0, 0, 0, 0, 0, 0, 0, 0, 1, 0, 0, 1, 1, 0, 0, 1]",25,13,12,7,3,4,1.2910484283133583,1.3969029727520257,1.187648456057007
96,Bundesliga,2005,Hamburg,"[1, 1, 1, 1, 1, 1, 0, 1, 1, 1, 1, 1, 0, 1, 0, 1, 1, 0, 1, 1, 1, 0, 1, 1, 1, 0, 1, 0, 0]",29,15,14,21,12,9,2.960677196808087,5.812522545340308,3.4129692832764507
97,Bundesliga,2005,Hannover,"[1, 0, 0, 0, 1, 0, 1, 1, 1, 1, 0, 0, 1, 0, 0, 0, 0]",17,9,8,7,5,2,3.4329514965551176,9.932847280100495,4.484304932735426
98,Bundesliga,2005,Hertha,"[1, 0, 1, 1, 1, 0, 0, 1, 1, 0, 1, 0, 0, 0, 0, 1, 1, 1, 1, 0, 1, 0]",22,11,11,12,7,5,2.641091910859272,5.104581978565195,3.0120481927710845
99,Bundesliga,2005,Kaiserslautern,"[0, 1, 1, 0, 0, 0, 0, 0, 0, 0, 0, 0, 0, 1, 0, 1, 1, 1, 0, 0, 1, 0, 0, 0, 1]",25,13,12,8,2,6,1.0570945176071416,1.032944012405063,1.0090817356205852
100,Bundesliga,2005,Leverkusen,"[1, 0, 0, 1, 1, 0, 0, 1, 0, 0, 1, 0, 1, 0, 1, 1, 0, 0, 1, 1, 1, 1, 1, 1]",24,12,12,14,5,9,1.0719642326915546,1.0513533321374784,1.0183299389002036
101,Bundesliga,2005,MGladbach,"[0, 1, 0, 1, 1, 1, 1, 0, 0, 1, 0, 0, 1, 0, 1, 0, 0, 1, 0, 0, 0, 1]",22,11,11,10,6,4,2.595532227374539,5.104581978565192,3.125
102,Bundesliga,2005,Mainz,"[0, 0, 0, 0, 0, 1, 0, 1, 0, 1, 0, 1, 0, 1, 0, 0, 0, 0, 1, 1, 0, 1, 1]",23,12,11,9,4,5,1.294771086918406,1.3810708078069203,1.1778563015312131
103,Bundesliga,2005,Nurnberg,"[0, 0, 0, 0, 1, 0, 0, 0, 0, 1, 0, 1, 1, 0, 0, 1, 0, 1, 1, 1, 1, 0, 1, 0, 1, 1]",26,13,13,12,4,8,1.0893016695204993,1.061335592111114,1.0266940451745379
104,Bundesliga,2005,Schalke 04,"[1, 1, 1, 1, 0, 1, 1, 1, 1, 0, 1, 1, 1, 1, 1, 1, 0, 0, 1, 0, 1]",21,11,10,16,9,7,2.280991489170337,3.806679779244293,2.2222222222222223
105,Bundesliga,2005,Stuttgart,"[0, 1, 0, 1, 1, 1, 1, 0, 0, 1, 1, 0, 0, 1, 0, 0, 1, 0]",18,9,9,9,5,4,2.0,3.137983956620695,2.05761316872428
106,Bundesliga,2005,Werder Bremen,"[1, 1, 1, 1, 0, 1, 1, 1, 1, 0, 1, 0, 1, 1, 1, 1, 0, 1, 1, 0, 0, 1, 1, 1, 1, 1, 1]",27,14,13,21,11,10,1.7313070044652699,2.1786232127604483,1.6528925619834711
107,Bundesliga,2005,Wolfsburg,"[1, 0, 1, 1, 0, 1, 0, 0, 0, 0, 0, 0, 1, 0, 0, 1, 0, 0, 1, 0, 0]",21,11,10,7,4,3,1.7880632267441845,2.6407726868231305,1.6528925619834711
108,Bundesliga,2006,Aachen,"[0, 0, 1, 1, 0, 1, 1, 0, 0, 0, 0, 0, 1, 0, 0, 0, 1, 1, 1, 1, 0, 0, 0, 0, 0, 0, 0]",27,14,13,9,5,4,1.8114671956806268,2.5466317660905053,1.9230769230769231
109,Bundesliga,2006,Bayern Munich,"[1, 1, 0, 1, 0, 1, 0, 1, 0, 1, 1, 1, 1, 1, 0, 0, 1, 0, 1, 1, 0, 1, 1, 1, 0, 0, 1, 1]",28,14,14,18,10,8,2.623469456875555,4.648755263783788,2.824858757062147
110,Bundesliga,2006,Bielefeld,"[0, 0, 1, 0, 1, 1, 1, 1, 0, 0, 0, 0, 0, 0, 0, 1, 0, 0, 1, 0, 1, 1, 1, 1, 0]",25,13,12,11,5,6,1.312366537696454,1.3903095941809698,1.187648456057007
111,Bundesliga,2006,Bochum,"[0, 0, 0, 1, 0, 0, 0, 1, 0, 1, 0, 1, 0, 1, 0, 0, 1, 0, 1, 0, 1, 1, 0, 1, 1, 1, 0, 1]",28,14,14,13,5,8,1.1655130865903642,1.1465412140302207,1.0660980810234542
112,Bundesliga,2006,Cottbus,"[0, 1, 1, 0, 0, 1, 1, 0, 0, 0, 0, 0, 1, 0, 0, 1, 1, 0, 1, 1, 1, 0, 1, 0, 0, 0]",26,13,13,11,5,6,1.398057804285396,1.5283489660964467,1.2547051442910917
113,Bundesliga,2006,Dortmund,"[0, 1, 1, 0, 1, 1, 0, 1, 0, 0, 1, 0, 0, 0, 1, 0, 0, 0, 0, 1, 0, 1, 1, 1, 1, 0]",26,13,13,12,6,6,1.63540341789661,2.0,1.524390243902439
114,Bundesliga,2006,Ein Frankfurt,"[1, 0, 1, 1, 0, 0, 1, 0, 0, 0, 0, 0, 1, 1, 0, 1, 0, 0, 1, 1, 0]",21,11,10,9,4,5,1.2786443652153643,1.3589406012658827,1.1682242990654206
115,Bundesliga,2006,Hamburg,"[0, 0, 1, 0, 0, 0, 0, 0, 1, 1, 1, 1, 1, 0, 1, 1, 0, 1, 1]",19,10,9,10,3,7,1.0290189955296434,1.0189987543833756,1.0040160642570282
116,Bundesliga,2006,Hannover,"[0, 0, 0, 1, 0, 0, 1, 0, 1, 1, 1, 0, 0, 1, 1, 1, 1, 0, 0, 0, 0, 1, 1, 1, 0, 0]",26,13,13,12,5,7,1.2530304227800353,1.275023464644205,1.1402508551881414
117,Bundesliga,2006,Hertha,"[1, 1, 0, 1, 0, 1, 1, 1, 0, 0, 1, 1, 0, 1, 0, 0, 0, 0, 0, 0, 1, 0, 1, 0, 0, 1]",26,13,13,12,8,4,4.919015616099991,17.303747393331143,8.433125316242199
118,Bundesliga,2006,Leverkusen,"[1, 0, 0, 1, 0, 0, 1, 1, 0, 0, 1, 1, 1, 1, 0, 0, 0, 1, 1, 1, 1, 0, 0, 1, 0, 0, 1, 1]",28,14,14,15,8,7,2.010548201001965,2.837933762005623,1.9723865877712032
119,Bundesliga,2006,MGladbach,"[1, 0, 1, 0, 1, 0, 1, 0, 0, 0, 0, 0, 0, 0, 0, 1, 0, 0, 1, 0, 0, 0, 0, 0, 0, 0]",26,13,13,6,4,2,2.5408985452370243,5.683759506913711,3.1847133757961785
120,Bundesliga,2006,Mainz,"[1, 0, 0, 0, 0, 0, 0, 0, 0, 1, 1, 1, 1, 1, 0, 1, 0, 0, 0, 0, 0, 0, 1, 0]",24,12,12,8,4,4,1.583479333524026,2.0,1.5105740181268883
121,Bundesliga,2006,Nurnberg,"[1, 1, 0, 0, 1, 1, 1, 1, 1, 1, 0, 0, 1, 0, 1, 0, 0, 0, 1]",19,10,9,11,8,3,8.01925653660181,50.41222085049323,18.241517694272165
122,Bundesliga,2006,Schalke 04,"[1, 1, 0, 1, 0, 1, 1, 0, 1, 1, 1, 1, 1, 1, 1, 1, 1, 1, 0, 0, 1, 0, 1, 1, 1, 0, 1, 0, 1]",29,15,14,21,12,9,2.960677196808087,5.812522545340308,3.5587188612099645
123,Bundesliga,2006,Stuttgart,"[0, 1, 0, 1, 1, 1, 1, 1, 1, 0, 1, 1, 0, 1, 1, 1, 1, 0, 0, 1, 1, 1, 1, 1, 1, 1, 1]",27,14,13,21,10,11,1.2190598741690837,1.2580313487629697,1.1013215859030836
124,Bundesliga,2006,Werder Bremen,"[1, 1, 0, 0, 1, 1, 1, 1, 1, 0, 1, 1, 1, 1, 1, 1, 0, 0, 0, 1, 1, 1, 1, 1, 0, 1, 0, 1]",28,14,14,20,11,9,2.7077050625657972,4.965444303155276,2.8901734104046244
125,Bundesliga,2006,Wolfsburg,"[0, 0, 1, 0, 1, 1, 1, 0, 0, 0, 0, 1, 0, 1, 1, 0, 1, 0, 0, 0, 0]",21,11,10,8,4,4,1.4705492403979321,1.760448810825132,1.3513513513513513
126,Bundesliga,2007,Bayern Munich,"[1, 1, 1, 1, 1, 1, 1, 1, 0, 1, 1, 1, 1, 1, 1, 0, 1, 1, 1, 1, 1, 1, 1, 1]",24,12,12,22,11,11,1.543199464743451,2.0,1.3157894736842106
127,Bundesliga,2007,Bielefeld,"[1, 1, 0, 1, 0, 0, 0, 0, 0, 1, 0, 0, 0, 1, 0, 0, 0, 0, 0, 1, 0, 1, 1, 0]",24,12,12,8,4,4,1.583479333524026,2.0,1.4450867052023122
128,Bundesliga,2007,Bochum,"[1, 1, 0, 0, 0, 0, 0, 0, 1, 1, 1, 0, 0, 1, 0, 1, 1, 0, 1, 0, 0, 1, 0]",23,12,11,10,5,5,1.4888918213567126,1.7463541946265306,1.404494382022472
129,Bundesliga,2007,Cottbus,"[0, 0, 0, 0, 0, 0, 1, 0, 0, 1, 1, 0, 0, 0, 0, 1, 0, 1, 1, 1, 0, 1, 0, 1, 0]",25,13,12,9,3,6,1.1074455194233837,1.0876527314740125,1.0341261633919339
130,Bundesliga,2007,Dortmund,"[0, 0, 1, 1, 1, 0, 0, 0, 1, 0, 0, 1, 1, 0, 0, 1, 1, 0, 0, 1, 0, 0, 1, 0]",24,12,12,10,5,5,1.612302051746704,2.0,1.5267175572519085
131,Bundesliga,2007,Duisburg,"[1, 0, 0, 1, 0, 0, 0, 0, 0, 1, 0, 0, 0, 0, 1, 0, 0, 0, 1, 0, 0, 1, 0, 1, 0, 1, 0, 0, 0]",29,15,14,8,4,4,1.510027862632342,1.8326720868116895,1.404494382022472
132,Bundesliga,2007,Ein Frankfurt,"[1, 1, 0, 1, 0, 1, 0, 0, 1, 1, 1, 0, 1, 0, 1, 1, 1, 0, 0, 0, 0, 0, 0, 1]",24,12,12,12,7,5,2.5825977301387137,4.828396632130076,3.1545741324921135
133,Bundesliga,2007,Hamburg,"[1, 1, 0, 0, 1, 1, 1, 1, 1, 1, 1, 0, 1, 1, 1, 0, 0, 0, 1, 0, 0, 1]",22,11,11,14,9,5,5.788814622485842,26.226031060683805,11.020498126515319
134,Bundesliga,2007,Hannover,"[0, 1, 0, 1, 0, 1, 1, 1, 1, 0, 0, 1, 1, 0, 0, 0, 1, 0, 0, 1, 1, 1, 0, 1]",24,12,12,13,7,6,2.0133858647001284,2.932355002629789,2.0408163265306123
135,Bundesliga,2007,Hansa Rostock,"[0, 0, 0, 0, 0, 1, 1, 1, 0, 0, 1, 0, 0, 0, 1, 0, 1, 0, 0, 0, 0, 1, 0, 0, 0, 0, 0, 1]",28,14,14,8,4,4,1.5855812118384875,2.0,1.5822784810126582
136,Bundesliga,2007,Hertha,"[0, 1, 0, 1, 1, 1, 0, 0, 0, 1, 0, 1, 0, 0, 0, 0, 1, 1, 1, 0, 0, 0, 1, 1, 1, 0]",26,13,13,12,6,6,1.63540341789661,2.0,1.5015015015015014
137,Bundesliga,2007,Karlsruhe,"[1, 0, 0, 1, 1, 0, 1, 1, 1, 1, 0, 1, 0, 1, 0, 1, 0, 0, 0, 0, 1, 0, 0, 0]",24,12,12,11,8,3,8.177398142856338,49.35331331151717,20.044097013429546
138,Bundesliga,2007,Leverkusen,"[0, 1, 1, 1, 1, 0, 0, 0, 1, 1, 1, 1, 1, 0, 1, 1, 0, 1, 1, 0, 0, 0, 1, 0, 0, 0, 1, 0]",28,14,14,15,9,6,3.3867106476777153,7.824018803295667,4.291845493562231
139,Bundesliga,2007,Nurnberg,"[0, 1, 0, 0, 0, 0, 1, 0, 0, 0, 1, 0, 1, 0, 0, 0, 0, 0, 1, 0, 1, 1, 0, 0]",24,12,12,7,3,4,1.3416496587301465,1.4851863748254122,1.2453300124533002
140,Bundesliga,2007,Schalke 04,"[1, 1, 1, 1, 0, 0, 1, 1, 1, 1, 1, 0, 0, 0, 1, 1, 1, 1, 0, 1, 1, 1, 1, 1]",24,12,12,18,9,9,1.6411603226794442,2.0,1.5151515151515151
141,Bundesliga,2007,Stuttgart,"[0, 1, 0, 1, 0, 1, 0, 0, 0, 1, 1, 1, 1, 0, 1, 0, 0, 0, 1, 1, 1, 1, 1, 1, 0, 1, 0, 1, 0, 0]",30,15,15,16,8,8,1.6683818641526431,2.0,1.5772870662460567
142,Bundesliga,2007,Werder Bremen,"[0, 1, 1, 0, 1, 1, 1, 1, 1, 1, 1, 1, 0, 1, 0, 1, 0, 1, 0, 0, 0, 1, 1, 1, 1, 1, 1, 1]",28,14,14,20,11,9,2.7077050625657972,4.965444303155276,2.857142857142857
143,Bundesliga,2007,Wolfsburg,"[0, 1, 0, 0, 1, 1, 1, 0, 0, 0, 0, 1, 1, 1, 1, 0, 1, 1, 1, 1, 0, 0, 1, 1, 1]",25,13,12,15,6,9,1.0910400032676595,1.0760359284489371,1.0266940451745379
144,Bundesliga,2008,Bayern Munich,"[1, 1, 0, 0, 1, 1, 1, 1, 1, 1, 1, 1, 0, 1, 0, 0, 1, 1, 1, 0, 1, 1, 0, 1, 1, 1, 1]",27,14,13,20,11,9,2.238201664125662,3.4482962377163235,2.1551724137931036
145,Bundesliga,2008,Bielefeld,"[0, 0, 1, 0, 0, 0, 0, 1, 0, 1, 0, 1, 0, 0, 0, 0, 0, 0]",18,9,9,4,2,2,1.4747065927778513,2.0,1.366120218579235
146,Bundesliga,2008,Bochum,"[0, 0, 1, 0, 0, 0, 0, 0, 0, 1, 0, 1, 1, 0, 1, 0, 1, 0, 0, 0, 0, 0, 1]",23,12,11,7,3,4,1.2820079862218985,1.3832121067883727,1.1737089201877935
147,Bundesliga,2008,Cottbus,"[0, 0, 0, 1, 0, 0, 0, 0, 0, 1, 0, 1, 0, 0, 1, 1, 0, 0, 0, 0, 0, 1, 0, 1, 0, 0, 0, 1]",28,14,14,8,3,5,1.2267334582687894,1.252178551393171,1.1037527593818985
148,Bundesliga,2008,Dortmund,"[1, 1, 0, 1, 1, 0, 1, 1, 1, 0, 0, 1, 1, 1, 1, 1, 1, 1, 0, 1]",20,10,10,15,7,8,1.3227954691389017,1.4342846107068594,1.183431952662722
149,Bundesliga,2008,Ein Frankfurt,"[0, 0, 0, 0, 1, 1, 0, 1, 0, 1, 0, 1, 0, 0, 0, 1, 0, 1, 0, 1, 0, 0, 0, 0, 0]",25,13,12,8,5,3,2.315101232328993,4.246384611822067,2.638522427440633
150,Bundesliga,2008,FC Koln,"[0, 1, 0, 0, 1, 1, 1, 0, 0, 1, 1, 0, 0, 0, 0, 1, 1, 0, 0, 1, 0, 0, 0, 0, 1, 0, 0, 1]",28,14,14,11,6,5,1.9683259886695428,2.862086060341679,1.845018450184502
151,Bundesliga,2008,Hamburg,"[1, 1, 1, 0, 1, 1, 0, 1, 0, 1, 0, 1, 1, 1, 1, 0, 1, 1, 0, 0, 1, 1, 1, 0, 1, 0, 0, 1, 0, 1]",30,15,15,19,11,8,3.438684206026544,7.821532955724354,4.784688995215311
152,Bundesliga,2008,Hannover,"[0, 0, 1, 0, 1, 0, 0, 1, 0, 0, 1, 0, 1, 0, 0, 1, 0, 0, 1, 0, 1, 1, 1, 0]",24,12,12,10,4,6,1.233447599421348,1.2559863036669832,1.1261261261261262
153,Bundesliga,2008,Hertha,"[1, 0, 1, 0, 1, 1, 1, 0, 1, 1, 1, 1, 0, 1, 1, 1, 0, 1, 1, 1, 0, 0, 0, 1, 1, 1, 1, 0]",28,14,14,19,10,9,2.057873193112623,2.916583536972888,2.0366598778004072
154,Bundesliga,2008,Hoffenheim,"[1, 1, 0, 1, 0, 1, 1, 1, 1, 1, 0, 1, 1, 1, 0, 1, 0, 0, 0, 0, 0, 1, 1, 1]",24,12,12,15,9,6,3.691133500977665,9.71330166678411,5.128205128205129
155,Bundesliga,2008,Karlsruhe,"[1, 0, 0, 0, 1, 1, 0, 0, 0, 0, 0, 0, 0, 0, 1, 0, 0, 1, 0, 0, 0, 0, 0, 0, 1, 0, 0, 1, 1]",29,15,14,8,4,4,1.510027862632342,1.8326720868116895,1.4005602240896358
156,Bundesliga,2008,Leverkusen,"[0, 1, 1, 0, 1, 1, 0, 1, 1, 1, 1, 1, 0, 0, 1, 0, 1, 0, 0, 0, 1, 0, 0, 1, 0, 1, 0]",27,14,13,14,9,5,4.068661615511714,11.133362611814682,5.892404690354134
157,Bundesliga,2008,MGladbach,"[0, 0, 1, 0, 0, 0, 0, 1, 0, 0, 1, 0, 0, 0, 0, 0, 1, 0, 1, 1, 0, 0, 0, 0, 1, 1, 0]",27,14,13,8,3,5,1.1874522040770383,1.1996231660868324,1.0718113612004287
158,Bundesliga,2008,Schalke 04,"[1, 1, 1, 0, 1, 1, 0, 0, 1, 0, 1, 0, 1, 0, 1, 1, 0, 0, 1, 1, 1, 1, 0, 0, 0, 0]",26,13,13,14,8,6,2.5738033064258965,4.636053386548998,2.9154518950437316
159,Bundesliga,2008,Stuttgart,"[1, 0, 1, 1, 0, 1, 0, 1, 0, 0, 0, 1, 1, 1, 1, 1, 1, 0, 1, 1, 1, 1, 1, 1, 1, 1, 0]",27,14,13,19,8,11,1.072014517551029,1.0628555002656164,1.0309278350515463
160,Bundesliga,2008,Werder Bremen,"[0, 1, 1, 1, 0, 0, 1, 1, 0, 1, 0, 1, 0, 0, 0, 1, 0, 1, 0, 1, 0, 1, 1, 0, 0]",25,13,12,12,7,5,2.261000651366145,3.686354390433831,2.386634844868735
161,Bundesliga,2008,Wolfsburg,"[1, 1, 0, 1, 0, 1, 0, 1, 0, 1, 1, 0, 1, 1, 1, 1, 1, 1, 1, 1, 1, 1, 0, 1, 0, 1, 1, 1]",28,14,14,21,9,12,1.1123079199226675,1.1052351064558052,1.053740779768177
162,Bundesliga,2009,Bayern Munich,"[0, 1, 1, 1, 0, 1, 1, 1, 1, 1, 1, 1, 1, 1, 1, 1, 1, 1, 0, 0, 1, 1, 1, 1]",24,12,12,20,10,10,1.6163774630092107,2.0,1.349527665317139
163,Bundesliga,2009,Bochum,"[0, 1, 0, 0, 0, 1, 0, 0, 0, 0, 1, 0, 1, 1, 1, 0, 0, 0, 0, 0, 0, 0, 0, 0]",24,12,12,6,3,3,1.5413578271663737,2.0,1.550387596899225
164,Bundesliga,2009,Dortmund,"[1, 0, 0, 0, 1, 1, 1, 1, 1, 1, 1, 1, 1, 0, 0, 0, 1, 0, 1, 1, 1, 1, 0, 1, 0]",25,13,12,16,10,6,4.250982277285033,12.408657587544567,5.617977528089888
165,Bundesliga,2009,Ein Frankfurt,"[1, 1, 0, 0, 1, 0, 1, 0, 0, 1, 1, 1, 0, 1, 1, 0, 0, 0, 1, 1, 1, 0, 0, 0]",24,12,12,12,7,5,2.5825977301387137,4.828396632130076,3.0211480362537766
166,Bundesliga,2009,FC Koln,"[0, 0, 0, 0, 1, 0, 1, 0, 1, 0, 1, 0, 1, 1, 0, 0, 0, 1, 0, 1, 1, 0, 0]",23,12,11,9,4,5,1.294771086918406,1.3810708078069203,1.1723329425556859
167,Bundesliga,2009,Freiburg,"[0, 0, 1, 0, 1, 1, 0, 0, 0, 0, 1, 0, 1, 0, 0, 0, 0, 0, 0, 0, 0, 1, 0, 1, 1, 1]",26,13,13,9,5,4,1.9517684369333521,2.9404417872016517,2.1413276231263385
168,Bundesliga,2009,Hamburg,"[1, 1, 1, 1, 1, 1, 0, 0, 1, 1, 1, 0, 1, 0, 1, 0, 0, 1, 0, 0, 1]",21,11,10,13,9,4,7.343772987529967,41.033577655238034,15.554518587649712
169,Bundesliga,2009,Hannover,"[0, 1, 0, 0, 1, 0, 1, 1, 0, 0, 0, 0, 0, 0, 0, 0, 0, 0, 0, 1, 1, 0, 0, 1, 0, 0, 1, 1]",28,14,14,9,4,5,1.3819950543360615,1.5217617602932303,1.3003901170351104
170,Bundesliga,2009,Hertha,"[1, 0, 0, 0, 0, 0, 0, 0, 0, 0, 0, 0, 0, 0, 1, 0, 1, 0, 0, 0, 1, 1, 0, 0, 0]",25,13,12,5,1,4,1.0782316348659655,1.0578174321508553,1.017293997965412
171,Bundesliga,2009,Hoffenheim,"[0, 1, 1, 1, 1, 0, 0, 1, 1, 0, 1, 0, 0, 0, 0, 0, 1, 0, 1, 0, 0, 0, 0, 1, 1]",25,13,12,11,7,4,3.033829299860689,6.623806683184078,4.065040650406504
172,Bundesliga,2009,Leverkusen,"[1, 1, 1, 1, 1, 1, 1, 1, 1, 1, 1, 1, 1, 0, 1, 0, 0, 0, 0, 1]",20,10,10,15,10,5,12.799687507629208,203.59809740317195,61.69031462060457
173,Bundesliga,2009,MGladbach,"[1, 0, 1, 0, 0, 0, 0, 0, 1, 1, 1, 0, 1, 0, 0, 1, 0, 1, 0, 0, 1, 0, 1, 0, 0]",25,13,12,10,6,4,2.2821764058767533,3.896418200653083,2.557544757033248
174,Bundesliga,2009,Mainz,"[1, 0, 1, 1, 0, 1, 0, 1, 1, 0, 0, 0, 1, 0, 1, 0, 1, 1, 0, 0, 0, 1, 1]",23,12,11,12,6,6,1.4825489081507597,1.7056624863795589,1.3315579227696406
175,Bundesliga,2009,Nurnberg,"[0, 0, 1, 0, 0, 0, 1, 0, 0, 1, 0, 0, 0, 0, 0, 1, 0, 0, 1, 1, 0, 1, 0, 0, 0, 0, 1]",27,14,13,8,3,5,1.1874522040770383,1.1996231660868324,1.079913606911447
176,Bundesliga,2009,Schalke 04,"[1, 1, 0, 1, 0, 1, 1, 1, 1, 0, 1, 1, 1, 1, 1, 1, 0, 1, 1, 1, 1, 0, 0, 1, 1, 0]",26,13,13,19,10,9,2.0832218290208626,3.0377264526688816,1.9920318725099602
177,Bundesliga,2009,Stuttgart,"[0, 1, 0, 0, 1, 0, 0, 0, 0, 1, 1, 1, 1, 1, 0, 1, 1, 0, 1, 1, 1, 1, 1, 1]",24,12,12,15,5,10,1.0300064063629293,1.0178194646175127,1.0060362173038229
178,Bundesliga,2009,Werder Bremen,"[0, 1, 1, 1, 1, 1, 1, 1, 0, 0, 0, 0, 0, 1, 1, 1, 1, 1, 1, 0, 1, 1, 1, 1]",24,12,12,17,7,10,1.1047059340293766,1.097631304329303,1.0471204188481675
179,Bundesliga,2009,Wolfsburg,"[1, 1, 0, 0, 0, 1, 1, 1, 1, 0, 0, 0, 0, 0, 0, 1, 1, 1, 1, 0, 1, 1, 1, 0, 0, 1]",26,13,13,14,6,8,1.255166117708699,1.275023464644205,1.1441647597254005
180,Bundesliga,2010,Bayern Munich,"[1, 0, 1, 0, 0, 1, 1, 1, 1, 0, 1, 1, 1, 1, 0, 1, 1, 0, 0, 1, 1, 1, 1, 1, 1, 1]",26,13,13,19,9,10,1.3842146906710033,1.4907430036501048,1.2391573729863692
181,Bundesliga,2010,Dortmund,"[0, 1, 1, 1, 1, 1, 1, 1, 1, 1, 1, 1, 1, 1, 1, 0, 1, 1, 1, 1, 1, 0, 1, 1, 0, 1, 0, 1]",28,14,14,23,13,10,4.337309916143041,14.410079610760047,6.25
182,Bundesliga,2010,Ein Frankfurt,"[0, 0, 1, 0, 0, 1, 1, 1, 1, 1, 0, 0, 1, 0, 1, 0, 0, 0, 0, 0, 0, 0, 1, 0, 0, 0, 0]",27,14,13,9,7,2,7.208129882812492,35.34213399780986,15.062509414068384
183,Bundesliga,2010,FC Koln,"[0, 0, 1, 0, 0, 0, 0, 1, 0, 0, 1, 0, 1, 0, 1, 0, 1, 1, 1, 0, 1, 0, 1, 0, 0, 0, 1, 1, 1]",29,15,14,13,5,8,1.1315443717727154,1.1096503965983031,1.0438413361169103
184,Bundesliga,2010,Freiburg,"[0, 1, 1, 1, 0, 0, 1, 0, 1, 0, 1, 1, 0, 0, 1, 1, 1, 0, 1, 0, 0, 0, 0, 1, 0, 0, 1, 0, 0]",29,15,14,13,8,5,2.922830080056166,5.875355368060922,3.4602076124567476
185,Bundesliga,2010,Hamburg,"[1, 1, 0, 0, 1, 1, 0, 1, 0, 0, 1, 0, 0, 1, 1, 1, 0, 1, 0, 1, 0, 0, 1, 0, 0]",25,13,12,12,6,6,1.502153325177417,1.7353597143161648,1.3605442176870748
186,Bundesliga,2010,Hannover,"[1, 1, 0, 1, 1, 0, 0, 1, 0, 0, 1, 1, 1, 1, 1, 0, 1, 0, 0, 1, 1, 1, 1, 0, 1, 0, 1, 1, 0, 0, 1]",31,16,15,19,10,9,1.7978820450629376,2.2562155527070686,1.7241379310344827
187,Bundesliga,2010,Hoffenheim,"[1, 1, 1, 0, 0, 1, 1, 0, 0, 1, 0, 1, 1, 0, 0, 0, 1, 0, 0, 1, 0, 0, 1, 0]",24,12,12,11,7,4,3.5190661753505195,9.129735089970106,4.385964912280702
188,Bundesliga,2010,Kaiserslautern,"[1, 1, 0, 0, 0, 0, 0, 0, 1, 0, 1, 1, 0, 1, 0, 0, 0, 0, 1, 1, 0, 1, 0, 1, 1, 1, 1]",27,14,13,13,6,7,1.3258749661237057,1.3966438877911838,1.2150668286755772
189,Bundesliga,2010,Leverkusen,"[1, 0, 1, 1, 1, 0, 1, 1, 1, 1, 1, 0, 1, 1, 0, 1, 1, 1, 1, 1, 1, 1, 0, 1, 0, 1]",26,13,13,20,10,10,1.6489719930562854,2.0,1.4792899408284024
190,Bundesliga,2010,MGladbach,"[1, 0, 0, 0, 0, 0, 0, 1, 0, 0, 0, 0, 0, 1, 0, 1, 0, 0, 1, 0, 1, 0, 0, 1, 0, 1, 1, 1]",28,14,14,10,3,7,1.0916966315859582,1.0608124763740796,1.0266940451745379
191,Bundesliga,2010,Mainz,"[1, 1, 1, 1, 1, 1, 1, 0, 1, 0, 0, 0, 1, 1, 0, 0, 1, 0, 0, 1, 0, 0, 1, 1, 0, 0, 1, 1, 1, 1]",30,15,15,18,10,8,2.562874721767961,4.3854211561191985,2.816901408450704
192,Bundesliga,2010,Nurnberg,"[0, 1, 0, 1, 0, 1, 1, 1, 0, 0, 0, 0, 1, 0, 1, 1, 1, 1, 1, 1, 0, 0, 1, 0, 0, 0]",26,13,13,13,6,7,1.40949759119064,1.5324338893736429,1.2836970474967908
193,Bundesliga,2010,Schalke 04,"[0, 0, 0, 0, 1, 0, 0, 1, 1, 0, 1, 1, 1, 0, 1, 0, 1, 0, 0, 1, 0, 1, 1, 0, 0, 0, 0]",27,14,13,11,6,5,1.8100308448907698,2.4499781008658434,1.7605633802816902
194,Bundesliga,2010,St Pauli,"[1, 0, 0, 1, 0, 1, 1, 0, 0, 0, 0, 0, 1, 0, 0, 1, 1, 1, 0, 0, 0, 0, 0, 0, 0, 0, 0, 0, 0]",29,15,14,8,5,3,2.312646433765005,4.22367554689059,2.808988764044944
195,Bundesliga,2010,Stuttgart,"[0, 0, 0, 1, 0, 0, 0, 1, 0, 1, 0, 0, 0, 0, 1, 0, 1, 0, 0, 1, 1, 1, 0, 1, 1, 1, 1, 0]",28,14,14,12,3,9,1.0305826158969216,1.011095136713979,1.0040160642570282
196,Bundesliga,2010,Werder Bremen,"[0, 1, 0, 0, 1, 1, 1, 0, 0, 0, 1, 0, 0, 1, 0, 0, 0, 1, 1, 1, 0, 1, 0]",23,12,11,10,5,5,1.4888918213567126,1.7463541946265306,1.3831258644536653
197,Bundesliga,2010,Wolfsburg,"[0, 0, 0, 1, 1, 1, 0, 0, 1, 0, 1, 0, 0, 0, 0, 1, 0, 0, 0, 1, 1, 0, 1]",23,12,11,9,5,4,1.796127693917587,2.5169099126555867,1.694915254237288
198,Bundesliga,2011,Augsburg,"[0, 0, 0, 0, 1, 0, 0, 0, 1, 0, 1, 0, 0, 1, 1, 1, 0, 0, 1, 1]",20,10,10,8,2,6,1.0579344828927288,1.0351372981693368,1.0050251256281406
199,Bundesliga,2011,Bayern Munich,"[0, 1, 1, 1, 1, 1, 1, 1, 0, 1, 1, 0, 0, 1, 1, 1, 0, 1, 1, 1, 0, 1, 1, 1, 1, 1, 0, 1, 1, 1]",30,15,15,23,11,12,1.3969282162711942,1.4992327223211641,1.2658227848101267
200,Bundesliga,2011,Dortmund,"[1, 0, 1, 0, 0, 1, 1, 1, 1, 1, 1, 1, 1, 1, 1, 1, 1, 1, 1, 1, 1, 1, 1, 1, 1, 1, 1, 1]",28,14,14,25,11,14,1.0,1.0345530735231832,1.0
201,Bundesliga,2011,FC Koln,"[0, 0, 1, 0, 1, 1, 0, 1, 0, 1, 0, 0, 1, 0, 0, 0, 1, 0, 0, 0, 1, 0, 0, 0, 0, 0, 0, 0]",28,14,14,8,6,2,5.2514209950652235,21.21693848944363,9.469696969696969
202,Bundesliga,2011,Freiburg,"[0, 0, 1, 0, 0, 0, 1, 0, 0, 0, 1, 0, 0, 1, 0, 0, 0, 1, 1, 1, 1, 1, 1, 0]",24,12,12,10,3,7,1.07831695472985,1.0513533321374784,1.0204081632653061
203,Bundesliga,2011,Hamburg,"[0, 0, 0, 0, 0, 1, 0, 1, 1, 1, 0, 1, 1, 0, 0, 0, 0, 0, 1, 0, 1, 0]",22,11,11,8,4,4,1.5818429472822768,2.0,1.4684287812041117
204,Bundesliga,2011,Hannover,"[1, 1, 0, 1, 1, 0, 1, 0, 0, 1, 1, 1, 0, 0, 1, 0, 1, 0, 1, 0, 0, 1]",22,11,11,12,7,5,2.641091910859272,5.104581978565195,2.9585798816568047
205,Bundesliga,2011,Hertha,"[0, 1, 1, 0, 1, 0, 1, 0, 0, 0, 0, 0, 0, 0, 0, 1, 0, 0, 1, 0, 0, 0, 0, 1]",24,12,12,7,4,3,1.9292488785114401,3.0610636487057916,2.0202020202020203
206,Bundesliga,2011,Hoffenheim,"[0, 1, 1, 0, 1, 1, 0, 0, 1, 0, 0, 0, 1, 0, 1, 0, 0, 1, 1, 1, 0, 0, 0]",23,12,11,10,5,5,1.4888918213567126,1.7463541946265306,1.3333333333333333
207,Bundesliga,2011,Kaiserslautern,"[0, 0, 0, 1, 0, 0, 1, 1, 0, 0, 0, 0, 0, 0, 0, 0, 0, 0, 0, 0, 1, 0, 0]",23,12,11,4,3,1,2.466775561606247,6.356310677628795,2.9411764705882355
208,Bundesliga,2011,Leverkusen,"[0, 1, 1, 1, 0, 0, 1, 0, 1, 1, 1, 0, 1, 0, 1, 1, 1, 0, 0, 0, 0, 1, 1, 1, 1]",25,13,12,15,8,7,1.7799238820934309,2.298375589859719,1.6666666666666667
209,Bundesliga,2011,MGladbach,"[1, 1, 0, 1, 1, 1, 0, 0, 1, 1, 1, 1, 0, 1, 1, 1, 1, 1, 0, 1, 0, 0, 1, 0, 1]",25,13,12,17,9,8,1.7603977362480616,2.2452062810280946,1.5748031496062993
210,Bundesliga,2011,Mainz,"[1, 1, 0, 0, 0, 0, 0, 0, 1, 1, 0, 0, 1, 1, 0, 1, 0, 0, 1, 0, 1, 0]",22,11,11,9,4,5,1.364144444450398,1.497631278940987,1.2594458438287153
211,Bundesliga,2011,Nurnberg,"[1, 0, 0, 1, 1, 0, 0, 0, 0, 0, 1, 0, 0, 1, 1, 0, 0, 1, 1, 1, 0, 0, 0, 0, 1, 1, 1, 0]",28,14,14,12,5,7,1.2628830120791827,1.2861808449421503,1.1299435028248588
212,Bundesliga,2011,Schalke 04,"[0, 1, 1, 1, 0, 0, 1, 1, 0, 1, 1, 1, 0, 1, 1, 1, 1, 1, 0, 1, 0, 0, 1, 1, 1, 1, 0, 0, 1, 1]",30,15,15,20,10,10,1.6780347465021415,2.0,1.5313935681470139
213,Bundesliga,2011,Stuttgart,"[1, 0, 0, 1, 1, 0, 1, 1, 0, 1, 0, 0, 0, 0, 0, 1, 0, 1, 1, 1, 1, 1, 1, 1, 0, 1]",26,13,13,15,6,9,1.14894499498751,1.1323123378609816,1.0718113612004287
214,Bundesliga,2011,Werder Bremen,"[1, 0, 1, 1, 1, 1, 0, 0, 1, 1, 0, 1, 0, 1, 0, 1, 0, 0, 1, 0, 0, 0, 0, 0, 0]",25,13,12,11,8,3,6.6588500596727815,30.32496174021604,13.259082471492972
215,Bundesliga,2011,Wolfsburg,"[1, 0, 0, 0, 1, 0, 1, 0, 1, 0, 0, 1, 0, 0, 1, 1, 0, 1, 0, 0, 1, 1, 1, 1, 0, 0, 0, 1, 0]",29,15,14,13,6,7,1.34114775695508,1.4168712447854608,1.221001221001221
216,Bundesliga,2012,Augsburg,"[0, 0, 0, 0, 1, 0, 0, 0, 0, 0, 0, 1, 0, 1, 1, 0, 1, 0, 0, 1, 0, 1, 0, 0, 1]",25,13,12,8,2,6,1.0570945176071416,1.032944012405063,1.0090817356205852
217,Bundesliga,2012,Bayern Munich,"[1, 1, 1, 1, 1, 1, 1, 1, 0, 1, 1, 1, 1, 1, 1, 1, 1, 1, 1, 1, 1, 1, 1, 1, 1, 1, 1, 1, 1, 1]",30,15,15,29,14,15,1.0,1.1828077361313036,1.0
218,Bundesliga,2012,Dortmund,"[1, 1, 0, 1, 0, 1, 1, 1, 1, 0, 1, 1, 1, 1, 0, 1, 1, 0, 1, 1, 1, 1, 1, 1, 0]",25,13,12,19,10,9,1.7308507224448817,2.1967338249334194,1.5923566878980893
219,Bundesliga,2012,Ein Frankfurt,"[1, 1, 1, 1, 1, 0, 1, 0, 0, 1, 0, 0, 1, 1, 0, 1, 1, 0, 0, 0, 1, 0, 0, 1, 1]",25,13,12,14,8,6,2.248194346315489,3.562068713935695,2.242152466367713
220,Bundesliga,2012,Fortuna Dusseldorf,"[1, 1, 0, 0, 0, 0, 0, 1, 1, 0, 1, 0, 0, 1, 0, 1, 0, 0, 0, 0, 0, 0, 0, 0, 0]",25,13,12,7,5,2,3.2926615611315295,8.877048632583316,4.310344827586207
221,Bundesliga,2012,Freiburg,"[0, 1, 0, 0, 1, 1, 0, 1, 1, 0, 1, 1, 0, 1, 1, 0, 0, 1, 1, 1, 0, 0, 1, 1, 0]",25,13,12,14,7,7,1.491683348287143,1.6968541310991798,1.3175230566534915
222,Bundesliga,2012,Greuther Furth,"[0, 1, 0, 0, 0, 0, 0, 0, 0, 0, 0, 0, 0, 1, 0, 0, 0, 0, 0, 0, 1, 0, 1, 0, 0]",25,13,12,4,1,3,1.1253258519008256,1.1352481271084158,1.0471204188481675
223,Bundesliga,2012,Hamburg,"[0, 0, 0, 1, 1, 1, 0, 1, 0, 1, 0, 1, 1, 0, 1, 0, 1, 1, 0, 1, 0, 0, 0, 1, 1, 0, 1, 0]",28,14,14,14,7,7,1.653613241824788,2.0,1.5337423312883436
224,Bundesliga,2012,Hannover,"[1, 1, 0, 1, 0, 0, 0, 1, 1, 0, 0, 1, 0, 1, 0, 0, 1, 0, 1, 1, 0, 0, 1, 0, 0, 1, 0, 1]",28,14,14,13,7,6,1.9895619021522117,2.837933762005624,2.05761316872428
225,Bundesliga,2012,Hoffenheim,"[0, 0, 0, 1, 1, 0, 0, 1, 0, 0, 0, 0, 0, 0, 0, 1, 0, 0, 0, 0, 1, 0, 1, 0, 1, 0, 1]",27,14,13,8,3,5,1.1874522040770383,1.1996231660868324,1.1025358324145536
226,Bundesliga,2012,Leverkusen,"[0, 1, 0, 1, 1, 1, 1, 0, 1, 1, 1, 1, 0, 1, 1, 0, 1, 1, 0, 0, 1, 1, 1, 1, 1, 1]",26,13,13,19,9,10,1.3842146906710033,1.4907430036501048,1.2330456226880395
227,Bundesliga,2012,MGladbach,"[1, 0, 0, 1, 0, 1, 1, 0, 1, 1, 1, 0, 0, 1, 1, 0, 1, 0, 1, 0, 0, 1, 0]",23,12,11,12,7,5,2.2658448587424314,3.7257172078854355,2.557544757033248
228,Bundesliga,2012,Mainz,"[0, 0, 1, 0, 1, 1, 1, 0, 1, 0, 0, 1, 1, 0, 1, 1, 0, 1, 0, 0, 0, 0]",22,11,11,10,5,5,1.6093503924934975,2.0,1.550387596899225
229,Bundesliga,2012,Nurnberg,"[1, 1, 0, 0, 0, 0, 0, 1, 0, 1, 0, 1, 0, 1, 1, 1, 1, 0, 0, 0, 0, 1, 1]",23,12,11,11,5,6,1.294649921034118,1.3668759169539026,1.1862396204033214
230,Bundesliga,2012,Schalke 04,"[1, 1, 0, 1, 1, 1, 1, 0, 1, 0, 0, 0, 0, 1, 0, 0, 1, 1, 1, 0, 1, 1, 0, 1, 1, 0, 1]",27,14,13,16,8,8,1.4988137311976597,1.6896655883305112,1.349527665317139
231,Bundesliga,2012,Stuttgart,"[0, 0, 0, 1, 1, 1, 0, 1, 0, 1, 1, 1, 0, 0, 0, 0, 0, 1, 0, 0, 1, 0, 1, 1, 0, 0, 1]",27,14,13,12,7,5,2.2576231382650804,3.659049460573796,2.4390243902439024
232,Bundesliga,2012,Werder Bremen,"[0, 1, 0, 1, 0, 0, 1, 1, 0, 1, 0, 1, 0, 0, 0, 1, 1, 0, 0, 0, 0, 0, 0, 0]",24,12,12,8,6,2,5.521120761303185,24.019835581121114,10.257462303826033
233,Bundesliga,2012,Wolfsburg,"[1, 0, 0, 0, 0, 0, 1, 0, 1, 1, 0, 1, 0, 1, 0, 1, 0, 0, 1, 1, 1]",21,11,10,10,4,6,1.156864447978527,1.1619394826693832,1.0548523206751055
234,Bundesliga,2013,Augsburg,"[0, 0, 1, 1, 1, 0, 0, 0, 0, 1, 0, 1, 1, 1, 1, 1, 0, 1, 1, 0, 0, 0, 1, 0, 1, 1, 1]",27,14,13,15,7,8,1.316508931008271,1.3760742381167328,1.1961722488038278
235,Bundesliga,2013,Bayern Munich,"[1, 1, 1, 1, 1, 1, 1, 1, 1, 1, 1, 1, 1, 1, 1, 1, 1, 1, 1, 1, 1, 1, 1, 1, 1, 0, 0, 1, 1, 1, 1]",31,16,15,29,16,13,3.9708861795135078,15.26565711663159,4.219409282700422
236,Bundesliga,2013,Braunschweig,"[0, 0, 0, 0, 0, 0, 1, 0, 0, 1, 0, 0, 0, 0, 1, 0, 0, 1, 0, 0, 1, 1, 0, 0, 0, 0, 0]",27,14,13,6,2,4,1.1651185618719728,1.1787545769411427,1.0695187165775402
237,Bundesliga,2013,Dortmund,"[1, 1, 1, 1, 1, 1, 0, 1, 1, 1, 0, 0, 1, 0, 0, 1, 1, 1, 0, 1, 1, 0, 1, 1, 1, 1, 1, 1, 1]",29,15,14,22,10,12,1.1287348262605967,1.1305757742961293,1.0526315789473684
238,Bundesliga,2013,Ein Frankfurt,"[0, 0, 1, 0, 1, 0, 0, 0, 0, 0, 1, 1, 0, 1, 0, 1, 0, 1, 1, 0, 1, 0, 0, 0, 0]",25,13,12,9,4,5,1.307599339125011,1.399220074579398,1.1695906432748537
239,Bundesliga,2013,Freiburg,"[0, 0, 0, 0, 0, 1, 0, 1, 0, 0, 0, 1, 1, 0, 0, 0, 0, 1, 1, 1, 0, 1, 1, 0, 0]",25,13,12,9,4,5,1.307599339125011,1.399220074579398,1.2004801920768307
240,Bundesliga,2013,Hamburg,"[0, 0, 1, 0, 0, 1, 1, 0, 0, 1, 0, 0, 0, 0, 0, 0, 0, 1, 0, 1, 0, 0, 1, 0, 0, 0, 0, 0]",28,14,14,7,4,3,1.918134184918154,3.0187741327422106,2.0080321285140563
241,Bundesliga,2013,Hannover,"[1, 0, 1, 1, 0, 1, 0, 0, 0, 0, 0, 1, 0, 0, 1, 1, 0, 0, 0, 1, 0, 0, 0, 0, 1, 1, 1, 1]",28,14,14,12,5,7,1.2628830120791827,1.2861808449421503,1.1627906976744187
242,Bundesliga,2013,Hertha,"[1, 1, 0, 0, 1, 1, 0, 0, 1, 0, 1, 1, 1, 0, 0, 1, 0, 1, 0, 0, 0, 0, 0, 1, 0, 0]",26,13,13,11,8,3,7.713887902603629,42.40183698751707,18.047283883775492
243,Bundesliga,2013,Hoffenheim,"[1, 0, 1, 0, 0, 1, 0, 0, 0, 1, 0, 0, 1, 1, 1, 0, 0, 1, 1, 1, 0, 0, 1]",23,12,11,11,4,7,1.0960557420235881,1.0788332563223442,1.0298661174047374
244,Bundesliga,2013,Leverkusen,"[1, 1, 1, 0, 1, 1, 1, 1, 1, 0, 1, 1, 1, 1, 0, 0, 0, 1, 1, 0, 0, 0, 0, 0, 1, 0, 1, 1, 1, 1]",30,15,15,19,12,7,7.023270225458648,34.37598556466439,15.61524047470331
245,Bundesliga,2013,MGladbach,"[0, 1, 0, 1, 0, 1, 1, 0, 1, 1, 1, 1, 1, 1, 0, 0, 0, 0, 1, 1, 0, 1, 1, 0, 1, 1, 0]",27,14,13,16,10,6,4.062430395933416,11.006613112651943,5.836348780203105
246,Bundesliga,2013,Mainz,"[1, 1, 1, 0, 0, 0, 0, 0, 1, 0, 1, 1, 0, 1, 1, 1, 0, 1, 1, 1, 0, 0, 1, 0, 1, 0, 1, 0, 1]",29,15,14,16,8,8,1.5200667549213656,1.7192277091237715,1.4005602240896358
247,Bundesliga,2013,Nurnberg,"[0, 0, 0, 0, 0, 0, 1, 1, 0, 1, 1, 0, 0, 0, 0, 1, 0, 0, 0, 0, 0, 0, 0]",23,12,11,5,4,1,3.655596770990566,12.56848491651499,5.347593582887701
248,Bundesliga,2013,Schalke 04,"[0, 0, 1, 1, 0, 1, 1, 0, 1, 1, 1, 0, 1, 1, 1, 1, 1, 0, 1, 1, 1, 1, 1, 0, 0, 1, 1]",27,14,13,19,9,10,1.2668993463503269,1.3092630452820975,1.1286681715575622
249,Bundesliga,2013,Stuttgart,"[0, 0, 0, 1, 1, 1, 0, 1, 0, 0, 1, 0, 0, 0, 0, 0, 0, 0, 0, 1, 0, 0, 1, 1, 0, 0]",26,13,13,8,5,3,2.5194689863238007,5.0579649609928685,2.9761904761904763
250,Bundesliga,2013,Werder Bremen,"[1, 1, 0, 0, 0, 1, 0, 1, 0, 0, 0, 0, 1, 0, 0, 1, 1, 0, 0, 1, 0, 1, 0, 1, 0]",25,13,12,10,5,5,1.503287936727688,1.770193161216196,1.4306151645207439
251,Bundesliga,2013,Wolfsburg,"[0, 1, 0, 1, 0, 1, 0, 0, 1, 1, 1, 1, 1, 1, 0, 0, 1, 1, 1, 0, 0, 1, 1, 0, 1, 1, 1, 1]",28,14,14,18,9,9,1.668616179586344,2.0,1.5174506828528074
252,Bundesliga,2014,Augsburg,"[0, 0, 1, 1, 0, 1, 0, 0, 1, 0, 1, 1, 1, 1, 0, 0, 1, 1, 1, 0, 0, 1, 0, 0, 0, 1, 0, 1, 0, 1]",30,15,15,15,8,7,2.0,2.7972002359528982,2.05761316872428
253,Bundesliga,2014,Bayern Munich,"[1, 1, 1, 1, 1, 1, 1, 1, 1, 1, 1, 1, 1, 1, 0, 1, 1, 1, 1, 1, 1, 0, 1, 1, 1, 1, 0, 0, 0, 1]",30,15,15,25,14,11,4.319295875403551,14.119837431482388,6.135722174499938
254,Bundesliga,2014,Dortmund,"[0, 1, 1, 0, 0, 0, 0, 0, 0, 1, 0, 1, 0, 0, 0, 1, 1, 1, 1, 1, 0, 0, 1, 1, 1, 0, 1]",27,14,13,13,4,9,1.0358168749616565,1.0176173103265147,1.0080645161290323
255,Bundesliga,2014,Ein Frankfurt,"[1, 0, 1, 1, 0, 0, 0, 0, 1, 1, 1, 0, 0, 1, 0, 1, 0, 1, 0, 0, 0, 0, 1, 1]",24,12,12,11,6,5,1.9867909498578886,2.932355002629788,1.9569471624266144
256,Bundesliga,2014,FC Koln,"[1, 0, 0, 0, 1, 1, 0, 1, 0, 0, 0, 1, 0, 1, 0, 0, 1, 0, 1, 1, 0]",21,11,10,9,4,5,1.2786443652153643,1.3589406012658827,1.152073732718894
257,Bundesliga,2014,Freiburg,"[0, 0, 0, 0, 1, 1, 0, 0, 1, 0, 0, 1, 0, 0, 0, 1, 1, 0, 0, 1, 0]",21,11,10,7,3,4,1.2708548553719,1.366710012733838,1.148105625717566
258,Bundesliga,2014,Hamburg,"[0, 0, 0, 0, 1, 0, 1, 0, 1, 0, 1, 0, 0, 1, 1, 0, 0, 0, 0, 0, 0, 0, 1, 1, 0, 1]",26,13,13,9,4,5,1.3773750381549292,1.5153465600439986,1.2285012285012284
259,Bundesliga,2014,Hannover,"[1, 1, 0, 1, 0, 0, 0, 1, 1, 1, 0, 0, 0, 1, 0, 0, 0, 0, 0, 0, 0, 0, 1, 1]",24,12,12,9,6,3,3.5414566772855562,9.71330166678411,5.2356020942408374
260,Bundesliga,2014,Hertha,"[0, 0, 1, 0, 1, 0, 1, 0, 0, 1, 0, 0, 1, 0, 0, 0, 1, 0, 0, 1, 1, 1, 0, 0, 0, 0]",26,13,13,9,5,4,1.9517684369333521,2.9404417872016517,1.976284584980237
261,Bundesliga,2014,Hoffenheim,"[1, 1, 1, 1, 0, 0, 0, 1, 0, 1, 0, 1, 0, 0, 0, 1, 1, 0, 1, 0, 0, 0, 1, 0, 0, 1]",26,13,13,12,7,5,2.539518674235522,4.636053386548997,2.9239766081871346
262,Bundesliga,2014,Leverkusen,"[1, 1, 0, 1, 1, 0, 1, 1, 0, 1, 1, 0, 0, 1, 1, 1, 1, 1, 1, 1, 1, 0, 1, 0]",24,12,12,17,8,9,1.3760927318813545,1.485186374825412,1.2330456226880395
263,Bundesliga,2014,MGladbach,"[1, 1, 1, 1, 1, 0, 0, 0, 1, 1, 0, 1, 1, 0, 1, 1, 1, 1, 1, 1, 1, 1, 1, 1, 0]",25,13,12,19,9,10,1.2163212555531946,1.2574294753184234,1.095290251916758
264,Bundesliga,2014,Mainz,"[1, 1, 1, 0, 0, 0, 0, 0, 1, 0, 0, 1, 0, 1, 0, 1, 1, 0, 0, 1, 0]",21,11,10,9,4,5,1.2786443652153643,1.3589406012658827,1.148105625717566
265,Bundesliga,2014,Paderborn,"[1, 1, 0, 0, 1, 0, 1, 0, 0, 0, 0, 0, 1, 0, 0, 0, 0, 0, 1, 0, 1, 0, 0, 0]",24,12,12,7,4,3,1.9292488785114401,3.0610636487057916,2.0242914979757085
266,Bundesliga,2014,Schalke 04,"[0, 0, 1, 1, 0, 1, 0, 1, 0, 1, 1, 1, 0, 1, 1, 1, 0, 0, 1, 0, 0, 1, 0, 1, 0]",25,13,12,13,7,6,1.793021001945255,2.3598786832236693,1.7452006980802792
267,Bundesliga,2014,Stuttgart,"[0, 0, 0, 1, 0, 1, 0, 0, 0, 1, 0, 1, 0, 0, 0, 0, 0, 1, 0, 1, 0, 0, 1, 1, 1]",25,13,12,9,4,5,1.307599339125011,1.399220074579398,1.2150668286755772
268,Bundesliga,2014,Werder Bremen,"[0, 0, 0, 0, 0, 1, 1, 0, 1, 0, 0, 1, 1, 1, 1, 1, 0, 1, 0, 0, 1, 1, 0, 0]",24,12,12,11,4,7,1.1407915843460017,1.123005238046899,1.0493179433368311
269,Bundesliga,2014,Wolfsburg,"[0, 1, 0, 1, 1, 1, 1, 1, 1, 0, 1, 1, 1, 1, 1, 1, 1, 1, 0, 1, 1, 1, 0, 1, 1]",25,13,12,20,10,10,1.3790781022621135,1.5254605728542812,1.2300123001230012
270,Bundesliga,2015,Augsburg,"[0, 0, 0, 1, 0, 0, 0, 0, 0, 1, 1, 1, 1, 0, 0, 1, 0, 0, 0, 1, 1, 1, 0]",23,12,11,9,4,5,1.294771086918406,1.3810708078069203,1.1947431302270013
271,Bundesliga,2015,Bayern Munich,"[1, 1, 1, 1, 1, 1, 1, 1, 1, 1, 1, 1, 1, 0, 1, 1, 1, 1, 1, 1, 1, 0, 1, 1, 1, 1, 1, 1, 1, 1]",30,15,15,28,14,14,1.551023315653171,2.0,1.3262599469496021
272,Bundesliga,2015,Darmstadt,"[1, 0, 1, 0, 1, 0, 0, 0, 1, 0, 0, 1, 0, 1, 0, 0, 0, 1, 1, 0, 0, 1, 0]",23,12,11,9,5,4,1.796127693917587,2.5169099126555867,1.7271157167530224
273,Bundesliga,2015,Dortmund,"[1, 1, 1, 1, 1, 0, 1, 1, 1, 1, 0, 1, 1, 1, 0, 1, 1, 1, 1, 1, 1, 1, 1, 1, 1, 1, 1, 0]",28,14,14,24,12,12,1.6263983744239265,2.0,1.3717421124828533
274,Bundesliga,2015,Ein Frankfurt,"[0, 1, 1, 0, 0, 0, 1, 0, 0, 0, 0, 1, 1, 0, 0, 0, 0, 1, 0, 0, 0, 1, 1, 1, 0]",25,13,12,9,5,4,1.8045939709170182,2.5330520271144654,1.7699115044247788
275,Bundesliga,2015,FC Koln,"[1, 1, 0, 1, 0, 1, 0, 0, 1, 0, 1, 0, 1, 0, 0, 0, 1, 0, 0, 1, 1]",21,11,10,10,6,4,2.289592941803353,3.959960951529355,2.4271844660194173
276,Bundesliga,2015,Hamburg,"[0, 1, 0, 1, 1, 0, 0, 1, 0, 1, 1, 0, 0, 0, 0, 1, 0, 1, 0, 0, 1, 0, 0, 1, 0, 1]",26,13,13,11,6,5,1.9765389138057148,2.8926884770650925,2.1413276231263385
277,Bundesliga,2015,Hannover,"[0, 0, 0, 0, 0, 1, 1, 0, 1, 0, 0, 1, 0, 0, 0, 0, 0, 0, 0, 0, 1, 0, 0, 0, 0, 0, 1, 0, 1, 0]",30,15,15,7,4,3,1.913887829371405,3.0030738276740676,2.032520325203252
278,Bundesliga,2015,Hertha,"[1, 0, 1, 0, 1, 1, 0, 1, 0, 1, 1, 0, 1, 1, 1, 0, 1, 1, 0, 1, 1, 0, 0, 0, 0, 0]",26,13,13,14,8,6,2.5738033064258965,4.636053386548998,2.9940119760479043
279,Bundesliga,2015,Hoffenheim,"[0, 0, 0, 0, 1, 0, 0, 0, 1, 0, 0, 0, 1, 0, 1, 0, 1, 1, 1, 1, 0, 1, 0, 0]",24,12,12,9,2,7,1.0405767921708569,1.0178194646175127,1.0060362173038229
280,Bundesliga,2015,Ingolstadt,"[1, 0, 1, 1, 0, 1, 0, 0, 1, 0, 0, 0, 1, 0, 1, 0, 1, 0, 1, 1, 0, 0, 0, 0]",24,12,12,10,5,5,1.612302051746704,2.0,1.529051987767584
281,Bundesliga,2015,Leverkusen,"[1, 1, 0, 0, 0, 1, 1, 1, 0, 0, 1, 0, 1, 1, 1, 1, 0, 0, 0, 1, 1, 1, 1, 1, 1, 1, 0, 1]",28,14,14,18,8,10,1.2568957638688394,1.2740660657418257,1.1286681715575622
282,Bundesliga,2015,MGladbach,"[0, 0, 0, 0, 0, 1, 1, 1, 1, 1, 1, 1, 1, 0, 1, 0, 0, 1, 0, 1, 1, 0, 1, 0, 1, 0, 0, 1, 1, 1]",30,15,15,17,9,8,2.0191974896040747,2.8068338874262353,1.9920318725099602
283,Bundesliga,2015,Mainz,"[0, 1, 1, 0, 1, 0, 0, 1, 0, 0, 1, 1, 1, 0, 0, 1, 1, 1, 0, 1, 1, 0, 1, 0, 0, 1]",26,13,13,14,7,7,1.6495536668280881,2.0,1.5151515151515151
284,Bundesliga,2015,Schalke 04,"[1, 0, 1, 1, 1, 1, 0, 1, 0, 0, 0, 1, 0, 1, 0, 1, 1, 0, 1, 1, 0, 1, 0, 0, 0, 1, 1]",27,14,13,15,8,7,1.795150764623751,2.316851763863742,1.7271157167530224
285,Bundesliga,2015,Stuttgart,"[0, 0, 0, 0, 0, 1, 0, 1, 0, 1, 0, 0, 0, 1, 1, 1, 1, 1, 0, 0, 1, 0, 0, 0, 0, 0, 0, 0]",28,14,14,9,4,5,1.3819950543360615,1.5217617602932303,1.2642225031605563
286,Bundesliga,2015,Werder Bremen,"[0, 1, 1, 0, 0, 0, 0, 0, 1, 0, 1, 0, 0, 0, 1, 0, 0, 1, 1, 0, 0, 0, 1, 0, 1, 1]",26,13,13,10,4,6,1.2421188280651394,1.2659130648831014,1.1312217194570136
287,Bundesliga,2015,Wolfsburg,"[1, 1, 1, 0, 0, 1, 1, 1, 0, 1, 0, 0, 0, 0, 1, 0, 1, 1, 0, 0, 0, 0, 0, 1, 1]",25,13,12,12,7,5,2.261000651366145,3.686354390433831,2.336448598130841
288,Bundesliga,2016,Augsburg,"[0, 1, 0, 1, 0, 0, 0, 1, 0, 1, 0, 1, 1, 0, 0, 1, 0, 0, 0, 0, 1, 0, 1]",23,12,11,9,5,4,1.796127693917587,2.5169099126555867,1.8050541516245486
289,Bundesliga,2016,Bayern Munich,"[1, 1, 1, 1, 1, 1, 1, 0, 1, 1, 1, 1, 1, 1, 1, 1, 1, 1, 1, 1, 1, 0, 1, 1, 1, 1, 1]",27,14,13,25,13,12,1.5815225649569464,2.0908247390999124,1.342281879194631
290,Bundesliga,2016,Darmstadt,"[0, 1, 0, 0, 0, 1, 0, 0, 0, 0, 0, 0, 0, 0, 0, 0, 1, 0, 0, 0, 1, 0, 0, 0, 0, 1, 1, 1, 0, 0]",30,15,15,7,2,5,1.1288737667110216,1.108230375501664,1.0351966873706004
291,Bundesliga,2016,Dortmund,"[1, 0, 1, 1, 1, 0, 1, 1, 0, 1, 1, 1, 0, 1, 1, 1, 0, 1, 1, 0, 1, 1, 1, 1]",24,12,12,18,9,9,1.6411603226794442,2.0,1.4792899408284024
292,Bundesliga,2016,Ein Frankfurt,"[1, 0, 1, 1, 0, 1, 1, 1, 1, 0, 1, 0, 1, 1, 0, 0, 0, 0, 0, 0, 0, 1, 0, 0, 0]",25,13,12,11,9,2,20.54465318225777,244.98184479953184,87.41258741258741
293,Bundesliga,2016,FC Koln,"[1, 1, 1, 1, 0, 1, 0, 1, 0, 1, 1, 0, 0, 0, 1, 0, 1, 0, 0, 1, 1]",21,11,10,12,8,4,4.588803955275043,15.368811318149108,7.08114997875655
294,Bundesliga,2016,Freiburg,"[0, 1, 0, 1, 0, 1, 0, 1, 1, 0, 0, 0, 1, 1, 0, 1, 0, 1, 0, 1, 0, 1, 1, 0, 1, 0, 1, 0]",28,14,14,14,7,7,1.653613241824788,2.0,1.545595054095827
295,Bundesliga,2016,Hamburg,"[0, 0, 0, 0, 0, 0, 0, 0, 1, 1, 0, 1, 0, 0, 1, 1, 0, 1, 1, 1, 0, 1, 0, 0, 0, 1]",26,13,13,10,3,7,1.0856472264657993,1.0564479778026155,1.0183299389002036
296,Bundesliga,2016,Hertha,"[1, 1, 1, 0, 1, 1, 0, 1, 1, 1, 0, 0, 1, 0, 0, 1, 0, 1, 0, 1, 0, 0, 0, 1, 0, 1, 0, 0, 1, 0]",30,15,15,15,9,6,3.2935973464669814,7.317385186919355,4.784688995215311
297,Bundesliga,2016,Hoffenheim,"[1, 1, 1, 1, 1, 1, 1, 0, 1, 0, 1, 1, 1, 1, 1, 0, 1, 1, 0, 1]",20,10,10,16,8,8,1.6020753627734325,2.0,1.4245014245014245
298,Bundesliga,2016,Ingolstadt,"[0, 0, 0, 0, 0, 0, 0, 0, 1, 0, 1, 1, 0, 0, 1, 0, 0, 1, 0, 0, 0, 1, 1, 1, 0, 0]",26,13,13,8,3,5,1.221969926728363,1.2464289390402543,1.1312217194570136
299,Bundesliga,2016,Leverkusen,"[0, 1, 0, 1, 1, 0, 0, 1, 1, 0, 0, 1, 0, 1, 0, 0, 1, 1, 0, 0, 0, 1, 0, 0, 0, 1]",26,13,13,11,6,5,1.9765389138057148,2.8926884770650925,1.9455252918287937
300,Bundesliga,2016,MGladbach,"[1, 0, 1, 1, 0, 0, 0, 0, 0, 1, 0, 0, 1, 1, 1, 0, 1, 1, 0, 0, 1, 1, 0, 0, 1]",25,13,12,12,5,7,1.1869577653597851,1.190775755267861,1.0810810810810811
301,Bundesliga,2016,Mainz,"[0, 1, 1, 0, 1, 0, 1, 0, 1, 0, 0, 0, 1, 0, 0, 1, 0, 1, 0, 0, 0, 0, 0, 1, 0, 1, 0]",27,14,13,10,6,4,2.2799905565484173,3.8777810582059935,2.4630541871921183
302,Bundesliga,2016,RB Leipzig,"[1, 1, 1, 1, 1, 1, 1, 1, 1, 1, 0, 1, 0, 1, 1, 0, 0, 1, 1, 0, 0, 1, 1, 1, 1, 1, 0]",27,14,13,20,12,8,4.3497661809901365,13.152947096835119,6.195786864931846
303,Bundesliga,2016,Schalke 04,"[0, 0, 0, 0, 0, 1, 1, 1, 1, 1, 0, 0, 0, 1, 0, 1, 0, 1, 1, 0, 1, 0, 1, 0]",24,12,12,11,5,6,1.3895210785133645,1.5175032530974257,1.277139208173691
304,Bundesliga,2016,Werder Bremen,"[0, 0, 0, 0, 1, 1, 0, 0, 0, 0, 1, 1, 0, 0, 0, 0, 1, 1, 1, 1, 1, 1, 1, 1, 1, 0, 0, 0]",28,14,14,13,4,9,1.056475851765413,1.0299388881489515,1.0090817356205852
305,Bundesliga,2016,Wolfsburg,"[1, 0, 0, 0, 0, 0, 1, 0, 0, 0, 1, 1, 1, 0, 0, 1, 0, 0, 1, 1, 0, 0, 1, 0, 0, 1, 0]",27,14,13,10,5,5,1.5148471428733075,1.7898317226824547,1.4492753623188406
306,Bundesliga,2017,Augsburg,"[0, 1, 1, 1, 0, 0, 1, 0, 1, 1, 0, 1, 0, 1, 0, 0, 0, 1, 0, 0, 1, 0, 0]",23,12,11,10,7,3,4.539850323938444,14.998348354855354,7.126060001425212
307,Bundesliga,2017,Bayern Munich,"[1, 1, 0, 1, 1, 1, 1, 1, 1, 1, 0, 1, 1, 1, 1, 1, 1, 1, 1, 1, 1, 1, 1, 0, 1, 1, 1, 1, 1, 1, 0]",31,16,15,27,14,13,1.6826030253653537,2.1167215292859627,1.4814814814814814
308,Bundesliga,2017,Dortmund,"[1, 1, 1, 1, 1, 1, 0, 0, 0, 0, 0, 1, 1, 1, 1, 1, 1, 1, 0, 1, 0, 1, 0, 0]",24,12,12,15,7,8,1.3934751313833396,1.5074884257582135,1.2224938875305624
309,Bundesliga,2017,Ein Frankfurt,"[0, 1, 0, 1, 0, 1, 1, 1, 0, 1, 0, 1, 1, 1, 0, 1, 1, 0, 1, 0, 1, 0, 0, 0, 0, 1, 0]",27,14,13,14,9,5,4.068661615511714,11.133362611814682,5.208333333333333
310,Bundesliga,2017,FC Koln,"[0, 0, 0, 0, 0, 0, 0, 0, 0, 0, 0, 0, 0, 1, 1, 1, 0, 0, 1, 0, 0, 1, 0, 0, 0, 0, 0]",27,14,13,5,1,4,1.08159811127344,1.0606174107887676,1.0131712259371835
311,Bundesliga,2017,Freiburg,"[0, 0, 1, 0, 0, 0, 0, 1, 1, 1, 1, 0, 1, 0, 0, 0, 0, 0, 0, 1, 0, 1]",22,11,11,8,5,3,2.57516125718696,5.327662064543003,3.058103975535168
312,Bundesliga,2017,Hamburg,"[1, 1, 0, 0, 0, 0, 0, 0, 0, 1, 0, 1, 0, 0, 0, 0, 0, 0, 0, 0, 0, 1, 0, 1, 1, 0, 1]",27,14,13,8,4,4,1.5028513556869714,1.819094957669333,1.4347202295552368
313,Bundesliga,2017,Hannover,"[1, 1, 1, 0, 0, 1, 1, 0, 0, 0, 1, 0, 1, 0, 1, 0, 0, 0, 0, 0, 1, 0, 0, 1, 0]",25,13,12,10,7,3,4.437792045059089,14.1516773767228,6.917542888765911
314,Bundesliga,2017,Hertha,"[1, 0, 1, 0, 0, 1, 0, 1, 0, 1, 1, 0, 1, 0, 0, 1, 0, 1, 1, 0, 0]",21,11,10,10,6,4,2.289592941803353,3.959960951529355,2.386634844868735
315,Bundesliga,2017,Hoffenheim,"[1, 1, 1, 1, 0, 0, 1, 0, 1, 0, 1, 0, 0, 0, 1, 0, 1, 1, 1, 1, 1, 1, 0, 1]",24,12,12,15,7,8,1.3934751313833396,1.5074884257582135,1.272264631043257
316,Bundesliga,2017,Leverkusen,"[0, 0, 1, 0, 1, 1, 1, 1, 1, 1, 0, 1, 1, 0, 1, 0, 1, 1, 0, 1, 1, 0, 0, 1]",24,12,12,15,8,7,2.041997230671358,2.9704882894736944,1.9120458891013383
317,Bundesliga,2017,MGladbach,"[1, 0, 1, 0, 1, 1, 0, 1, 1, 1, 0, 0, 1, 0, 1, 0, 0, 0, 0, 1, 0, 1, 0, 1, 1, 0]",26,13,13,13,8,5,3.4420168067226893,8.35713231434736,4.651162790697675
318,Bundesliga,2017,Mainz,"[0, 0, 1, 0, 0, 1, 1, 0, 1, 0, 0, 0, 0, 1, 0, 0, 0, 1, 0, 0, 1, 0, 1, 1, 0]",25,13,12,9,4,5,1.307599339125011,1.399220074579398,1.179245283018868
319,Bundesliga,2017,RB Leipzig,"[0, 1, 1, 0, 1, 1, 1, 1, 0, 1, 1, 0, 0, 1, 0, 1, 1, 0, 0, 1, 1, 0, 0, 0, 1, 1]",26,13,13,15,8,7,2.0240247325146057,2.892688477065093,2.0491803278688523
320,Bundesliga,2017,Schalke 04,"[1, 0, 1, 1, 0, 0, 1, 1, 1, 1, 1, 0, 1, 0, 0, 1, 1, 1, 1, 1, 1, 0, 1, 1, 1]",25,13,12,18,9,9,1.4361742775093487,1.597741235674202,1.3245033112582782
321,Bundesliga,2017,Stuttgart,"[0, 1, 0, 1, 0, 0, 1, 0, 1, 0, 1, 0, 0, 0, 0, 1, 0, 0, 1, 1, 1, 1, 1, 0, 1, 1, 1, 1]",28,14,14,15,5,10,1.0538080750492778,1.0299388881489515,1.0090817356205852
322,Bundesliga,2017,Werder Bremen,"[0, 0, 0, 0, 0, 0, 1, 0, 1, 1, 0, 0, 1, 1, 0, 1, 1, 1, 1, 0, 0, 1]",22,11,11,10,3,7,1.0692668512262187,1.0453516251747186,1.0141987829614605
323,Bundesliga,2017,Wolfsburg,"[0, 1, 0, 1, 0, 1, 0, 0, 1, 0, 0, 0, 0, 0, 1, 0, 0, 0, 1]",19,10,9,6,4,2,2.3731218122472084,4.935988133173971,2.6595744680851063
324,Bundesliga,2018,Augsburg,"[1, 0, 0, 1, 0, 1, 0, 0, 0, 0, 0, 0, 0, 1, 0, 0, 0, 1, 1, 0, 0, 1, 1, 0, 0, 0]",26,13,13,8,3,5,1.221969926728363,1.2464289390402543,1.0940919037199124
325,Bundesliga,2018,Bayern Munich,"[1, 1, 1, 1, 0, 0, 1, 1, 0, 1, 1, 1, 1, 1, 1, 1, 0, 1, 1, 1, 1, 1, 1, 1, 1, 1, 1, 1]",28,14,14,24,11,13,1.1306376598772285,1.1628496587572033,1.0582010582010581
326,Bundesliga,2018,Dortmund,"[1, 1, 1, 1, 1, 1, 1, 1, 1, 1, 1, 1, 0, 1, 1, 1, 1, 0, 1, 1, 1, 0, 1, 1, 0, 1, 1]",27,14,13,23,13,10,3.3221702367808534,8.189681645445557,3.5842293906810037
327,Bundesliga,2018,Ein Frankfurt,"[1, 0, 0, 0, 1, 1, 1, 1, 1, 1, 0, 0, 1, 0, 1, 1, 1, 1, 1, 1, 1, 0, 0, 0, 0]",25,13,12,15,8,7,1.7799238820934309,2.298375589859719,1.7094017094017093
328,Bundesliga,2018,Fortuna Dusseldorf,"[0, 1, 0, 0, 0, 0, 0, 0, 1, 0, 0, 1, 1, 1, 1, 0, 1, 0, 1, 1, 0, 0, 1, 1, 0, 0, 1, 0, 1]",29,15,14,13,6,7,1.34114775695508,1.4168712447854608,1.2121212121212122
329,Bundesliga,2018,Freiburg,"[0, 0, 1, 1, 0, 1, 0, 0, 1, 0, 1, 0, 0, 1, 0, 1, 0, 0, 0, 0, 0, 1]",22,11,11,8,5,3,2.57516125718696,5.327662064543003,2.9673590504451037
330,Bundesliga,2018,Hannover,"[0, 0, 0, 0, 1, 0, 0, 1, 0, 0, 0, 0, 0, 0, 0, 1, 0, 0, 0, 0, 0, 0, 0, 0, 1, 0, 1, 0]",28,14,14,5,2,3,1.2996425339950777,1.4510683163945035,1.1947431302270013
331,Bundesliga,2018,Hertha,"[1, 1, 1, 0, 1, 0, 0, 1, 1, 0, 0, 1, 0, 1, 0, 1, 0, 0, 0, 0, 0, 1, 1, 0]",24,12,12,11,7,4,3.5190661753505195,9.129735089970106,5.05050505050505
332,Bundesliga,2018,Hoffenheim,"[0, 1, 0, 1, 0, 0, 1, 1, 1, 1, 0, 1, 1, 0, 1, 1, 1, 1, 1, 0, 0, 0]",22,11,11,13,6,7,1.379687590591288,1.497631278940987,1.2269938650306749
333,Bundesliga,2018,Leverkusen,"[0, 0, 0, 1, 1, 0, 1, 0, 0, 1, 1, 0, 1, 1, 0, 1, 1, 1, 1, 0, 1, 1, 0, 0, 0, 1, 1, 1, 1, 1]",30,15,15,18,7,11,1.099507522490159,1.0729827456147283,1.0416666666666667
334,Bundesliga,2018,MGladbach,"[1, 1, 0, 1, 1, 1, 0, 1, 1, 1, 0, 1, 1, 0, 1, 1, 1, 0, 0, 0, 1, 0, 1, 0, 0, 1, 0]",27,14,13,16,10,6,4.062430395933416,11.006613112651943,5.555555555555555
335,Bundesliga,2018,Mainz,"[1, 1, 0, 0, 0, 0, 1, 1, 0, 1, 0, 1, 1, 0, 0, 0, 1, 0, 0, 0, 0, 1, 0, 1, 0, 1, 1]",27,14,13,12,7,5,2.2576231382650804,3.659049460573796,2.557544757033248
336,Bundesliga,2018,Nurnberg,"[0, 1, 0, 1, 0, 0, 0, 0, 0, 0, 0, 0, 0, 0, 0, 0, 0, 0, 0, 1, 0, 0, 0, 0]",24,12,12,3,2,1,1.8291436040384508,3.7237431069311233,2.0161290322580645
337,Bundesliga,2018,RB Leipzig,"[0, 1, 1, 1, 1, 1, 1, 0, 1, 0, 1, 0, 1, 0, 1, 1, 1, 1, 1, 1, 1, 1, 1, 1, 0]",25,13,12,19,9,10,1.2163212555531946,1.2574294753184234,1.1135857461024499
338,Bundesliga,2018,Schalke 04,"[0, 0, 0, 0, 0, 1, 1, 0, 1, 0, 1, 0, 0, 1, 1, 0, 0, 0, 0, 0, 0, 1, 0, 0, 1]",25,13,12,8,4,4,1.4942436441850095,1.8030797910643035,1.3717421124828533
339,Bundesliga,2018,Stuttgart,"[0, 0, 0, 1, 0, 0, 0, 0, 1, 0, 1, 0, 1, 0, 0, 0, 0, 0, 0, 1, 0, 0, 0, 0, 1, 0, 1]",27,14,13,7,4,3,1.8076228848441553,2.685338722840389,1.7953321364452424
340,Bundesliga,2018,Werder Bremen,"[1, 1, 1, 0, 1, 1, 0, 0, 0, 0, 1, 0, 0, 1, 1, 1, 1, 1, 1, 0, 0, 1, 1]",23,12,11,14,6,8,1.1506266149142665,1.1524644288201953,1.0649627263045793
341,Bundesliga,2018,Wolfsburg,"[1, 1, 0, 0, 0, 1, 0, 0, 1, 1, 1, 1, 1, 0, 0, 1, 1, 1, 0, 1, 0, 1, 0, 1, 1, 0, 1]",27,14,13,16,8,8,1.4988137311976597,1.6896655883305112,1.3966480446927374
342,Bundesliga,2019,Augsburg,"[0, 0, 1, 0, 0, 0, 1, 1, 1, 1, 1, 0, 0, 0, 1, 0, 0, 0, 0, 0, 1, 0, 1, 0, 0]",25,13,12,9,6,3,3.123826759304197,7.381478532763724,4.201680672268908
343,Bundesliga,2019,Bayern Munich,"[1, 1, 1, 1, 0, 1, 0, 1, 1, 0, 0, 1, 1, 1, 1, 1, 1, 1, 1, 1, 1, 1, 1, 1, 1, 1, 1, 1, 1, 1]",30,15,15,26,11,15,1.0,1.0160982418428164,1.0
344,Bundesliga,2019,Dortmund,"[1, 1, 0, 1, 1, 1, 0, 1, 1, 1, 0, 1, 1, 1, 0, 1, 1, 1, 1, 1, 1, 0, 1, 1, 1, 0, 1, 0]",28,14,14,21,11,10,2.0891654144095986,3.0187741327422097,2.028397565922921
345,Bundesliga,2019,Ein Frankfurt,"[1, 0, 1, 0, 1, 1, 0, 1, 0, 0, 0, 0, 0, 0, 1, 1, 1, 0, 0, 0, 0, 0, 1, 1, 0, 1, 1, 1]",28,14,14,13,5,8,1.1655130865903642,1.1465412140302207,1.0741138560687433
346,Bundesliga,2019,FC Koln,"[0, 0, 1, 0, 0, 0, 1, 0, 0, 0, 0, 0, 1, 1, 1, 1, 0, 1, 0, 1, 1, 1, 0, 0, 0, 0, 0, 0]",28,14,14,10,4,6,1.2490699517070094,1.2740660657418257,1.1723329425556859
347,Bundesliga,2019,Fortuna Dusseldorf,"[1, 0, 0, 0, 0, 0, 1, 0, 1, 0, 0, 0, 0, 1, 0, 0, 0, 1, 1, 0, 0, 0]",22,11,11,6,3,3,1.540529103817548,2.0,1.4534883720930232
348,Bundesliga,2019,Freiburg,"[1, 1, 0, 1, 1, 0, 1, 1, 0, 1, 0, 0, 1, 0, 0, 1, 0, 0, 1, 0, 0, 1, 1, 0, 1]",25,13,12,13,8,5,2.991423634697006,6.241756210562176,3.5714285714285716
349,Bundesliga,2019,Hertha,"[0, 0, 0, 1, 1, 1, 0, 0, 0, 0, 0, 1, 1, 0, 1, 0, 1, 0, 1, 1, 1, 0, 0, 0, 1, 0]",26,13,13,11,5,6,1.398057804285396,1.5283489660964467,1.2706480304955527
350,Bundesliga,2019,Hoffenheim,"[0, 1, 0, 0, 1, 1, 1, 1, 1, 0, 0, 0, 1, 1, 0, 1, 1, 0, 0, 0, 0, 1, 1, 0, 1, 1, 1]",27,14,13,15,8,7,1.795150764623751,2.316851763863742,1.721170395869191
351,Bundesliga,2019,Leverkusen,"[1, 1, 0, 1, 1, 0, 0, 1, 1, 1, 0, 0, 1, 1, 1, 0, 1, 1, 1, 1, 1, 1, 0, 1, 0, 1, 0, 1]",28,14,14,19,9,10,1.4142084474522654,1.5217617602932305,1.2820512820512822
352,Bundesliga,2019,MGladbach,"[1, 0, 1, 1, 1, 1, 0, 1, 1, 1, 0, 1, 1, 0, 1, 0, 1, 1, 1, 0, 1, 1, 0, 1, 0, 0, 1, 1, 1]",29,15,14,20,11,9,2.223744144141939,3.340558766918102,2.493765586034913
353,Bundesliga,2019,Mainz,"[0, 0, 0, 1, 0, 0, 1, 0, 1, 0, 0, 1, 1, 0, 0, 1, 0, 0, 0, 0, 1, 0, 1, 0, 0, 1, 0, 1, 1, 0]",30,15,15,11,5,6,1.4100571929439547,1.5441465800036185,1.278772378516624
354,Bundesliga,2019,Paderborn,"[0, 0, 0, 0, 0, 0, 0, 1, 0, 0, 0, 1, 0, 1, 0, 1, 0, 0, 0, 0, 0, 0, 0, 0, 0, 0]",26,13,13,4,2,2,1.4764377908951483,2.0,1.4204545454545454
355,Bundesliga,2019,RB Leipzig,"[1, 1, 1, 1, 0, 0, 1, 1, 1, 1, 1, 1, 1, 1, 0, 1, 1, 1, 1, 1, 0, 1]",22,11,11,18,9,9,1.6099169986096316,2.0,1.455604075691412
356,Bundesliga,2019,Schalke 04,"[0, 1, 1, 1, 1, 0, 1, 1, 1, 0, 1, 1, 0, 0, 0, 0, 0, 0, 0, 0, 0, 0]",22,11,11,9,8,1,37.84407925256454,832.5910295065453,245.09803921568627
357,Bundesliga,2019,Union Berlin,"[0, 1, 0, 0, 0, 0, 1, 0, 1, 1, 1, 0, 1, 0, 0, 0, 1, 0, 1, 0, 1, 0, 0, 0, 0, 1, 1, 0, 1]",29,15,14,12,6,6,1.5298926367629486,1.7792767844805109,1.4450867052023122
358,Bundesliga,2019,Werder Bremen,"[0, 0, 1, 1, 0, 0, 0, 1, 0, 0, 0, 0, 1, 0, 0, 0, 0, 0, 0, 1, 1, 0, 0, 1, 0, 0, 1]",27,14,13,8,4,4,1.5028513556869714,1.819094957669333,1.4771048744460857
359,Bundesliga,2019,Wolfsburg,"[1, 1, 1, 1, 0, 0, 1, 0, 0, 1, 0, 0, 0, 1, 1, 1, 1, 0, 1, 0, 1, 0, 1, 0]",24,12,12,13,6,7,1.3969725010740741,1.5175032530974255,1.2755102040816326
360,Bundesliga,2020,Augsburg,"[1, 1, 0, 0, 1, 0, 0, 1, 0, 1, 0, 0, 0, 1, 0, 0, 0, 1, 0, 1, 0, 1, 0, 0, 0, 0, 1, 0]",28,14,14,10,6,4,2.4956263855575216,4.648755263783786,2.7472527472527473
361,Bundesliga,2020,Bayern Munich,"[1, 0, 1, 1, 1, 1, 1, 1, 1, 1, 1, 0, 1, 1, 1, 1, 1, 0, 1, 1, 1, 1, 1, 1, 1, 0, 1, 1]",28,14,14,24,12,12,1.6263983744239265,2.0,1.3986013986013985
362,Bundesliga,2020,Bielefeld,"[1, 0, 0, 0, 0, 0, 0, 0, 1, 0, 0, 1, 0, 1, 1, 0, 0, 0, 0, 0, 1, 0, 1, 1, 0, 1]",26,13,13,9,3,6,1.1404595918962377,1.1212023997753857,1.0526315789473684
363,Bundesliga,2020,Dortmund,"[1, 0, 1, 1, 1, 1, 0, 1, 0, 0, 1, 0, 1, 1, 0, 0, 1, 0, 1, 1, 0, 1, 0, 1, 1, 1, 1, 1, 1, 1]",30,15,15,20,9,11,1.2646065024762174,1.2808837286823989,1.1261261261261262
364,Bundesliga,2020,Ein Frankfurt,"[1, 1, 0, 0, 1, 1, 1, 1, 1, 1, 1, 1, 1, 0, 1, 1, 1, 0, 1, 0, 0, 1]",22,11,11,16,9,7,2.850039143012628,5.911008789214102,3.1645569620253164
365,Bundesliga,2020,FC Koln,"[0, 0, 0, 0, 0, 1, 1, 0, 0, 0, 1, 0, 1, 1, 0, 0, 0, 0, 0, 0, 0, 1, 1, 0, 1]",25,13,12,8,4,4,1.4942436441850095,1.8030797910643035,1.3908205841446453
366,Bundesliga,2020,Freiburg,"[1, 0, 0, 0, 0, 1, 1, 1, 1, 1, 0, 1, 0, 1, 0, 1, 0, 0, 1, 0, 0, 1, 0, 1, 0]",25,13,12,12,7,5,2.261000651366145,3.686354390433831,2.3529411764705883
367,Bundesliga,2020,Hertha,"[1, 0, 0, 0, 0, 1, 0, 1, 0, 1, 0, 0, 0, 0, 0, 0, 0, 1, 0, 1, 1, 1, 0]",23,12,11,8,4,4,1.4837210236050076,1.7838897422229418,1.3513513513513513
368,Bundesliga,2020,Hoffenheim,"[1, 1, 0, 0, 0, 0, 1, 0, 0, 1, 0, 0, 1, 1, 0, 0, 1, 1, 0, 0, 0, 1, 1, 1]",24,12,12,11,4,7,1.1407915843460017,1.123005238046899,1.050420168067227
369,Bundesliga,2020,Leverkusen,"[1, 1, 1, 1, 1, 1, 1, 1, 0, 0, 0, 1, 0, 0, 1, 0, 1, 0, 0, 1, 1, 0, 1, 0]",24,12,12,14,9,5,5.283616548119264,20.472933077115467,9.31098696461825
370,Bundesliga,2020,MGladbach,"[0, 1, 1, 1, 0, 1, 0, 1, 1, 1, 1, 0, 0, 0, 0, 0, 1, 1, 1, 0, 1, 0, 0, 1]",24,12,12,13,8,5,3.567255163229085,9.129735089970096,4.310344827586207
371,Bundesliga,2020,Mainz,"[0, 0, 0, 0, 0, 0, 1, 0, 0, 0, 0, 0, 0, 1, 0, 1, 1, 0, 1, 1, 1, 1, 1, 0, 1]",25,13,12,10,1,9,1.0028181030672483,1.0002996277799925,1.0
372,Bundesliga,2020,RB Leipzig,"[1, 1, 1, 1, 0, 1, 1, 1, 1, 1, 0, 1, 0, 1, 1, 1, 1, 1, 1, 1, 0, 1, 0, 1, 0, 0]",26,13,13,19,10,9,2.0832218290208626,3.0377264526688816,1.941747572815534
373,Bundesliga,2020,Schalke 04,"[0, 0, 0, 0, 0, 0, 0, 0, 0, 0, 1, 0, 0, 0, 0, 0, 0, 0, 0, 0, 1, 0, 0, 0, 0, 1, 0]",27,14,13,3,1,2,1.2028948310805243,1.3297402047654594,1.1148272017837235
374,Bundesliga,2020,Stuttgart,"[0, 1, 1, 0, 1, 1, 0, 0, 1, 0, 0, 1, 0, 1, 1, 1, 0, 1, 0, 0, 0, 0, 1, 1, 0]",25,13,12,12,6,6,1.502153325177417,1.7353597143161648,1.3831258644536653
375,Bundesliga,2020,Union Berlin,"[0, 1, 1, 1, 1, 0, 1, 1, 1, 0, 0, 0, 1, 1, 0, 1, 0, 1, 0, 1]",20,10,10,12,7,5,2.725562493301657,5.535406238226222,3.1446540880503147
376,Bundesliga,2020,Werder Bremen,"[0, 1, 1, 0, 0, 0, 0, 1, 0, 1, 0, 1, 0, 1, 1, 0, 0, 0, 0, 0, 0, 0, 0, 0]",24,12,12,7,5,2,3.658918706026657,11.242616411505427,5.714285714285714
377,Bundesliga,2020,Wolfsburg,"[1, 1, 1, 1, 1, 0, 1, 0, 1, 1, 1, 1, 1, 1, 0, 1, 1, 1, 0, 0, 1, 0, 1, 0]",24,12,12,17,10,7,3.9269749711351483,11.242616411505427,5.0
378,Bundesliga,2021,Augsburg,"[0, 0, 1, 0, 0, 0, 1, 0, 1, 0, 1, 0, 0, 1, 0, 0, 1, 0, 1, 1, 0, 0, 1, 0, 0, 1]",26,13,13,10,4,6,1.2421188280651394,1.2659130648831014,1.1160714285714286
379,Bundesliga,2021,Bayern Munich,"[1, 1, 1, 1, 1, 0, 1, 1, 1, 1, 0, 1, 1, 1, 1, 1, 0, 1, 1, 1, 0, 1, 1, 1, 1, 1, 1, 1, 0]",29,15,14,24,13,11,2.2527862547980755,3.5451928949507465,2.1459227467811157
380,Bundesliga,2021,Bielefeld,"[0, 0, 0, 0, 0, 1, 0, 0, 1, 1, 1, 0, 1, 0, 0, 0, 0, 0, 0, 0, 0]",21,11,10,5,4,1,3.6776396062731793,12.772883833285094,5.208333333333333
381,Bundesliga,2021,Bochum,"[0, 1, 0, 0, 0, 0, 1, 1, 0, 1, 0, 1, 1, 0, 0, 1, 0, 1, 0, 1, 0, 0, 1, 0, 0, 1, 1, 0]",28,14,14,12,6,6,1.6379481654980252,2.0,1.4970059880239521
382,Bundesliga,2021,Dortmund,"[1, 0, 1, 1, 1, 0, 1, 1, 1, 1, 0, 1, 1, 0, 1, 0, 1, 1, 1, 0, 1, 1, 1, 1, 0, 1, 1, 0, 0, 1, 1]",31,16,15,22,11,11,1.4833409599852136,1.6376604709033058,1.3123359580052494
383,Bundesliga,2021,Ein Frankfurt,"[0, 1, 0, 0, 1, 1, 1, 0, 1, 1, 1, 0, 0, 1, 0, 0, 0, 1, 1, 0, 0, 0]",22,11,11,10,7,3,5.467065821916066,23.049926461234183,10.108157282927323
384,Bundesliga,2021,FC Koln,"[1, 0, 1, 1, 0, 0, 1, 0, 1, 1, 1, 0, 1, 0, 1, 0, 1, 0, 1, 1, 1, 1, 0, 0]",24,12,12,14,7,7,1.643725067944255,2.0,1.4792899408284024
385,Bundesliga,2021,Freiburg,"[1, 1, 1, 1, 1, 1, 0, 0, 0, 1, 0, 1, 0, 1, 0, 1, 1, 1, 0, 1, 1, 1, 0, 0]",24,12,12,15,8,7,2.041997230671358,2.9704882894736944,1.9193857965451055
386,Bundesliga,2021,Greuther Furth,"[0, 0, 0, 0, 0, 0, 0, 0, 0, 0, 0, 0, 0, 1, 0, 1, 0, 1, 0, 0, 0, 0, 0, 0, 0]",25,13,12,3,0,3,1.048671638251262,1.0280848614195104,1.0
387,Bundesliga,2021,Hertha,"[0, 0, 0, 1, 1, 0, 0, 1, 1, 0, 0, 1, 0, 1, 0, 0, 0, 0, 0, 0, 0, 1, 0, 0, 1, 1, 0, 0]",28,14,14,9,6,3,3.414243374684537,8.898170404005489,5.1020408163265305
388,Bundesliga,2021,Hoffenheim,"[1, 0, 0, 1, 0, 1, 0, 1, 0, 1, 1, 1, 1, 1, 0, 0, 0, 1, 1, 1, 1, 0, 0, 0, 0, 0, 0]",27,14,13,13,9,4,6.071891208297265,24.51456861068925,11.556685542586386
389,Bundesliga,2021,Leverkusen,"[1, 1, 0, 1, 1, 1, 0, 0, 1, 1, 1, 0, 0, 1, 1, 1, 1, 0, 1, 0, 1, 1, 0, 1, 1, 1, 1]",27,14,13,19,9,10,1.2668993463503269,1.3092630452820975,1.17096018735363
390,Bundesliga,2021,MGladbach,"[0, 0, 1, 0, 1, 1, 0, 1, 1, 0, 0, 0, 0, 1, 0, 0, 1, 0, 0, 1, 1, 1, 0, 1, 1]",25,13,12,12,5,7,1.1869577653597851,1.190775755267861,1.091703056768559
391,Bundesliga,2021,Mainz,"[1, 0, 1, 1, 0, 0, 0, 1, 1, 0, 1, 0, 1, 0, 0, 1, 0, 1, 1, 0, 0, 1, 0, 0, 0, 1, 1]",27,14,13,13,7,6,1.8045361146662608,2.376436250286031,1.7452006980802792
392,Bundesliga,2021,RB Leipzig,"[0, 1, 0, 0, 1, 1, 1, 1, 0, 0, 0, 1, 0, 1, 1, 1, 0, 1, 1, 1, 1, 1, 1, 1, 0, 0, 1]",27,14,13,17,7,10,1.0954068871666387,1.0797723095043374,1.0256410256410255
393,Bundesliga,2021,Stuttgart,"[1, 0, 0, 0, 1, 0, 0, 0, 1, 1, 0, 0, 0, 0, 0, 0, 0, 1, 1, 0, 0, 1]",22,11,11,7,4,3,1.9367303716156414,3.0905171041813846,2.0366598778004072
394,Bundesliga,2021,Union Berlin,"[1, 0, 1, 1, 1, 0, 1, 0, 1, 0, 1, 1, 1, 0, 0, 0, 1, 0, 0, 1, 1, 1, 1, 1, 1]",25,13,12,16,9,7,2.2428629049510174,3.5048840568790505,2.277904328018223
395,Bundesliga,2021,Wolfsburg,"[1, 1, 1, 1, 0, 0, 0, 0, 1, 1, 0, 0, 0, 0, 0, 0, 0, 1, 1, 0, 1, 0, 0, 0, 1, 0, 1, 1]",28,14,14,12,6,6,1.6379481654980252,2.0,1.524390243902439
396,Bundesliga,2022,Augsburg,"[0, 1, 0, 0, 0, 1, 1, 1, 0, 0, 0, 0, 0, 1, 0, 1, 0, 1, 0, 1, 0, 0, 0, 1, 0, 0, 0]",27,14,13,9,5,4,1.8114671956806268,2.5466317660905053,1.7793594306049823
397,Bundesliga,2022,Bayern Munich,"[1, 1, 1, 0, 1, 1, 1, 1, 1, 1, 1, 1, 1, 0, 1, 1, 1, 0, 1, 1, 0, 1, 1, 1, 0, 1]",26,13,13,21,12,9,4.358980661132917,14.76242900266488,5.813953488372093
398,Bundesliga,2022,Bochum,"[0, 0, 0, 0, 0, 0, 0, 1, 0, 1, 0, 0, 1, 1, 1, 0, 0, 1, 0, 0, 0, 0, 1, 1, 0, 0, 0, 1, 1]",29,15,14,10,5,5,1.5243442158298037,1.8063123857418013,1.4792899408284024
399,Bundesliga,2022,Dortmund,"[1, 1, 0, 1, 1, 0, 1, 0, 0, 1, 1, 1, 0, 0, 1, 1, 1, 1, 1, 1, 1, 1, 1, 0, 1, 1, 1, 1, 1]",29,15,14,22,9,13,1.0213561402897722,1.0197874604144903,1.001001001001001
400,Bundesliga,2022,Ein Frankfurt,"[0, 1, 1, 0, 1, 1, 0, 1, 1, 0, 1, 1, 1, 1, 0, 1, 0, 0, 0, 0, 0, 1, 1]",23,12,11,13,8,5,3.045442276422052,6.550520181328769,3.6363636363636362
401,Bundesliga,2022,FC Koln,"[1, 1, 0, 1, 0, 1, 0, 0, 0, 0, 1, 1, 0, 0, 0, 0, 1, 1, 0, 1, 1, 0]",22,11,11,10,5,5,1.6093503924934975,2.0,1.5037593984962405
402,Bundesliga,2022,Freiburg,"[1, 0, 1, 1, 1, 1, 0, 1, 1, 1, 0, 1, 0, 1, 0, 1, 1, 1, 0, 1, 1, 1, 0, 0, 1, 0]",26,13,13,17,9,8,2.050675732872643,2.940441787201651,2.0202020202020203
403,Bundesliga,2022,Hertha,"[0, 0, 0, 1, 0, 1, 0, 0, 0, 1, 0, 0, 0, 0, 1, 0, 1, 0, 0, 0, 0, 0, 0, 1, 0, 1]",26,13,13,7,3,4,1.345455675609176,1.490743003650105,1.2610340479192939
404,Bundesliga,2022,Hoffenheim,"[0, 1, 1, 1, 0, 1, 0, 1, 0, 0, 0, 0, 0, 0, 0, 0, 0, 0, 0, 0, 1, 1, 1, 0, 0, 1, 0, 1]",28,14,14,10,5,5,1.6159647757861433,2.0,1.4992503748125936
405,Bundesliga,2022,Leverkusen,"[0, 0, 0, 1, 0, 0, 1, 0, 0, 1, 1, 1, 1, 1, 0, 0, 1, 0, 1, 1, 1, 1, 1, 1, 0, 0]",26,13,13,14,6,8,1.255166117708699,1.275023464644205,1.122334455667789
406,Bundesliga,2022,MGladbach,"[1, 1, 0, 1, 0, 1, 0, 0, 1, 0, 1, 0, 0, 1, 0, 1, 0, 0, 1, 0, 0, 1, 0, 1]",24,12,12,11,6,5,1.9867909498578886,2.932355002629788,1.9607843137254901
407,Bundesliga,2022,Mainz,"[1, 1, 0, 1, 0, 0, 1, 1, 0, 0, 0, 0, 1, 0, 1, 1, 1, 1, 1, 1, 0, 0, 0, 0]",24,12,12,12,5,7,1.2404603270745003,1.261205955414189,1.146788990825688
408,Bundesliga,2022,RB Leipzig,"[0, 1, 0, 1, 0, 1, 1, 1, 1, 1, 1, 1, 1, 0, 1, 1, 0, 1, 0, 0, 1, 1, 0, 1, 1, 1, 1, 1]",28,14,14,20,10,10,1.6668659918797977,2.0,1.5060240963855422
409,Bundesliga,2022,Schalke 04,"[0, 0, 1, 0, 0, 0, 0, 0, 0, 0, 1, 0, 0, 0, 1, 1, 0, 0, 1, 0, 1, 1, 0, 0]",24,12,12,7,2,5,1.1174262611548593,1.097631304329303,1.037344398340249
410,Bundesliga,2022,Stuttgart,"[0, 0, 0, 0, 1, 0, 1, 0, 1, 0, 0, 0, 0, 1, 0, 0, 0, 0, 1, 1, 0, 1]",22,11,11,7,3,4,1.3368665744895294,1.4783505468574414,1.2062726176115801
411,Bundesliga,2022,Union Berlin,"[1, 1, 1, 1, 1, 0, 1, 1, 0, 1, 0, 0, 1, 1, 1, 1, 1, 0, 1, 1, 0, 1, 0, 1, 0, 1]",26,13,13,18,9,9,1.6581246534155312,2.0,1.5552099533437014
412,Bundesliga,2022,Werder Bremen,"[1, 0, 1, 0, 1, 1, 0, 0, 1, 1, 0, 0, 0, 0, 1, 1, 0, 0, 1, 0, 0, 0, 0, 1, 0, 0, 0, 0]",28,14,14,10,6,4,2.4956263855575216,4.648755263783786,2.7548209366391183
413,Bundesliga,2022,Wolfsburg,"[0, 0, 0, 1, 0, 1, 1, 1, 1, 1, 1, 1, 0, 0, 0, 1, 1, 0, 1, 1, 0, 1, 0, 0]",24,12,12,13,8,5,3.567255163229085,9.129735089970096,5.1020408163265305
414,Bundesliga,2023,Augsburg,"[0, 0, 1, 0, 0, 1, 1, 1, 0, 0, 0, 1, 0, 0, 1, 1, 1, 1, 0, 1, 0, 0, 0, 0, 0]",25,13,12,10,5,5,1.503287936727688,1.770193161216196,1.402524544179523
415,Bundesliga,2023,Bayern Munich,"[1, 1, 1, 1, 1, 1, 1, 1, 1, 1, 0, 1, 1, 1, 0, 1, 1, 1, 0, 0, 1, 1, 1, 0, 0, 1, 1, 1, 0, 1, 0]",31,16,15,23,14,9,5.9990911038878485,24.892212448695425,11.20197154699227
416,Bundesliga,2023,Bochum,"[0, 0, 0, 0, 1, 1, 0, 1, 0, 1, 0, 1, 0, 0, 0, 0, 0, 0, 1, 1, 0, 0]",22,11,11,7,4,3,1.9367303716156414,3.0905171041813846,1.937984496124031
417,Bundesliga,2023,Darmstadt,"[0, 0, 0, 0, 1, 1, 0, 0, 0, 0, 0, 0, 0, 0, 0, 0, 0, 0, 0, 0, 0, 1, 0, 0, 0, 0]",26,13,13,3,2,1,1.8261136463109904,3.7084108024514855,1.968503937007874
418,Bundesliga,2023,Dortmund,"[1, 1, 1, 1, 1, 1, 0, 0, 1, 0, 1, 1, 1, 1, 0, 1, 1, 1, 1, 0, 1, 0, 1, 0, 1]",25,13,12,18,10,8,2.2463342016918695,3.5195074581232078,2.192982456140351
419,Bundesliga,2023,Ein Frankfurt,"[1, 0, 1, 1, 1, 0, 0, 1, 0, 1, 1, 1, 0, 1, 1, 0, 0, 1, 0, 0]",20,10,10,11,6,5,2.0177749493992296,3.062341080606125,2.032520325203252
420,Bundesliga,2023,FC Koln,"[0, 0, 0, 0, 0, 0, 1, 0, 0, 1, 0, 0, 0, 1, 0, 0, 0, 1, 0, 0, 1, 0]",22,11,11,5,2,3,1.2924968664422045,1.4398117926016154,1.1820330969267139
421,Bundesliga,2023,Freiburg,"[1, 1, 0, 0, 1, 0, 1, 0, 0, 1, 1, 1, 0, 1, 0, 0, 0, 0, 1, 0, 1, 0, 1, 0, 0]",25,13,12,11,7,4,3.033829299860689,6.623806683184078,4.166666666666667
422,Bundesliga,2023,Heidenheim,"[0, 0, 1, 0, 1, 0, 0, 0, 1, 0, 0, 1, 1, 1, 1, 0, 0, 0, 1, 0, 1, 1]",22,11,11,10,3,7,1.0692668512262187,1.0453516251747186,1.0141987829614605
423,Bundesliga,2023,Hoffenheim,"[0, 1, 1, 1, 1, 0, 1, 0, 1, 0, 0, 1, 0, 0, 0, 0, 1, 1, 0, 0, 0, 1, 0, 1, 0, 1, 1]",27,14,13,13,7,6,1.8045361146662608,2.376436250286031,1.7361111111111112
424,Bundesliga,2023,Leverkusen,"[1, 1, 1, 1, 1, 1, 1, 1, 1, 1, 1, 1, 1, 1, 1, 1, 1, 1, 1, 1, 1, 1, 1, 1, 1, 1, 1, 1]",28,14,14,28,14,14,1.0,,1.0
425,Bundesliga,2023,MGladbach,"[0, 0, 0, 1, 0, 1, 1, 0, 1, 0, 0, 1, 0, 0, 0, 1, 0, 1, 0, 0, 0]",21,11,10,7,4,3,1.7880632267441845,2.6407726868231305,1.694915254237288
426,Bundesliga,2023,Mainz,"[0, 0, 0, 0, 0, 0, 1, 0, 0, 0, 0, 0, 1, 0, 0, 1, 1, 1, 1, 1]",20,10,10,7,1,6,1.0267196399000071,1.0096300136722172,1.002004008016032
427,Bundesliga,2023,RB Leipzig,"[0, 1, 1, 1, 1, 1, 1, 0, 1, 0, 1, 1, 1, 0, 0, 0, 1, 1, 0, 1, 1, 1, 1, 1, 1, 1]",26,13,13,19,10,9,2.0832218290208626,3.0377264526688816,1.9920318725099602
428,Bundesliga,2023,Stuttgart,"[1, 0, 1, 1, 1, 1, 1, 1, 0, 0, 1, 1, 1, 0, 1, 0, 0, 1, 1, 1, 1, 1, 1, 1, 1, 1, 0, 1, 1, 1]",30,15,15,23,11,12,1.3969282162711942,1.4992327223211641,1.2453300124533002
429,Bundesliga,2023,Union Berlin,"[1, 1, 0, 0, 0, 0, 0, 0, 0, 0, 0, 1, 0, 1, 0, 1, 0, 1, 1, 0, 0, 1, 0, 0, 0, 0, 0, 1]",28,14,14,9,4,5,1.3819950543360615,1.5217617602932303,1.2594458438287153
430,Bundesliga,2023,Werder Bremen,"[0, 0, 1, 0, 1, 0, 0, 0, 1, 0, 0, 1, 1, 1, 1, 0, 1, 0, 0, 0, 0, 0, 1, 1, 1]",25,13,12,11,5,6,1.312366537696454,1.3903095941809698,1.1890606420927468
431,Bundesliga,2023,Wolfsburg,"[1, 1, 0, 1, 0, 1, 0, 0, 0, 0, 1, 0, 0, 1, 0, 0, 0, 0, 0, 1, 0, 0, 1, 1, 1, 0, 0]",27,14,13,10,6,4,2.2799905565484173,3.8777810582059935,2.5
432,Bundesliga,2024,Augsburg,"[0, 1, 0, 0, 1, 0, 1, 0, 1, 0, 0, 0, 1, 1, 1, 1, 1, 1, 0, 1, 0, 0, 0, 0]",24,12,12,11,4,7,1.1407915843460017,1.123005238046899,1.0471204188481675
433,Bundesliga,2024,Bayern Munich,"[1, 1, 1, 1, 1, 1, 1, 1, 1, 1, 0, 1, 1, 1, 1, 1, 1, 1, 1, 1, 0, 1, 1, 1, 1, 1, 1]",27,14,13,25,13,12,1.5815225649569464,2.0908247390999124,1.3793103448275863
434,Bundesliga,2024,Bochum,"[0, 0, 0, 0, 0, 0, 0, 0, 0, 0, 0, 1, 0, 1, 0, 0, 1, 0, 1, 0, 0, 0, 0, 0, 0, 1]",26,13,13,5,1,4,1.0945174921125358,1.0726615919185754,1.0214504596527068
435,Bundesliga,2024,Dortmund,"[1, 1, 0, 1, 0, 1, 0, 1, 0, 1, 1, 0, 0, 0, 1, 0, 0, 1, 1, 0, 0, 1, 1, 1, 1, 1, 1, 1]",28,14,14,17,7,10,1.1570622831436264,1.14005537587158,1.0582010582010581
436,Bundesliga,2024,Ein Frankfurt,"[0, 1, 1, 1, 1, 0, 1, 1, 1, 1, 0, 0, 1, 1, 1, 1, 0, 0, 0, 1, 1, 0, 1, 1, 1]",25,13,12,17,9,8,1.7603977362480616,2.2452062810280946,1.6286644951140066
437,Bundesliga,2024,Freiburg,"[1, 0, 1, 1, 0, 1, 1, 0, 0, 1, 1, 0, 1, 0, 0, 0, 1, 1, 1, 1, 0, 0, 1, 1, 1, 1, 0]",27,14,13,16,8,8,1.4988137311976597,1.6896655883305112,1.3531799729364005
438,Bundesliga,2024,Heidenheim,"[1, 1, 0, 0, 1, 0, 0, 0, 0, 0, 0, 0, 0, 0, 1, 0, 0, 0, 0, 0, 0, 1, 1, 0, 0, 0, 1, 1, 0]",29,15,14,8,4,4,1.510027862632342,1.8326720868116895,1.408450704225352
439,Bundesliga,2024,Hoffenheim,"[1, 0, 0, 0, 0, 1, 0, 1, 0, 0, 0, 0, 1, 0, 0, 1, 1, 0, 0, 1, 0, 0, 0]",23,12,11,7,3,4,1.2820079862218985,1.3832121067883727,1.1587485515643106
440,Bundesliga,2024,Holstein Kiel,"[0, 0, 0, 0, 0, 0, 1, 0, 0, 0, 0, 0, 1, 0, 1, 0, 0, 0, 0, 1, 0, 0, 0, 1, 1, 0, 0]",27,14,13,6,2,4,1.1651185618719728,1.1787545769411427,1.0834236186348862
441,Bundesliga,2024,Leverkusen,"[1, 0, 1, 1, 1, 1, 1, 1, 1, 1, 1, 1, 1, 1, 1, 1, 0, 1, 1, 1, 1, 0]",22,11,11,19,10,9,2.2007985533640975,3.7423183447116575,2.0876826722338206
442,Bundesliga,2024,M'gladbach,"[0, 0, 0, 1, 1, 1, 0, 1, 0, 1, 1, 0, 0, 0, 0, 0]",16,8,8,6,4,2,2.704639355163728,6.629110930717097,3.1645569620253164
443,Bundesliga,2024,MGladbach,"[0, 1, 0, 0, 1, 0, 1, 1, 1, 0, 1, 1]",12,6,6,7,2,5,1.041016478200768,1.0411149729363274,1.0090817356205852
444,Bundesliga,2024,Mainz,"[0, 1, 0, 1, 0, 1, 1, 1, 0, 1, 1, 1, 0, 0, 1, 0, 1, 1, 1, 1, 0, 0, 0, 1]",24,12,12,14,8,6,2.6331808739613374,4.906459000638235,3.0303030303030303
445,Bundesliga,2024,RB Leipzig,"[1, 1, 1, 1, 1, 1, 0, 0, 0, 1, 1, 0, 1, 0, 1, 0, 1, 0, 1, 1, 0, 0]",22,11,11,13,8,5,3.746162999985622,10.346769726499527,4.739336492890995
446,Bundesliga,2024,St Pauli,"[0, 0, 0, 1, 0, 0, 1, 0, 0, 1, 0, 0, 1, 0, 0, 1, 1, 0, 0, 0, 0, 1, 0, 1, 0, 0]",26,13,13,8,4,4,1.584677267025257,2.0,1.524390243902439
447,Bundesliga,2024,Stuttgart,"[0, 1, 1, 0, 1, 0, 1, 1, 1, 0, 1, 1, 1, 0, 0, 1, 0, 0, 0, 0, 1, 0, 0, 1, 1, 1]",26,13,13,14,9,5,4.952093938005713,17.303747393331143,8.48824378236143
448,Bundesliga,2024,Union Berlin,"[1, 1, 0, 1, 1, 0, 0, 0, 0, 0, 0, 0, 1, 0, 1, 0, 0, 0, 1, 1, 1, 0, 1]",23,12,11,10,4,6,1.174158679023041,1.1801632941294171,1.079913606911447
449,Bundesliga,2024,Werder Bremen,"[1, 0, 1, 0, 1, 0, 1, 0, 1, 1, 1, 0, 0, 1, 0, 0, 0, 0, 1, 0, 1, 1, 1, 1, 1]",25,13,12,14,7,7,1.491683348287143,1.6968541310991798,1.3831258644536653
450,Bundesliga,2024,Wolfsburg,"[0, 1, 0, 0, 1, 0, 1, 1, 1, 1, 0, 0, 1, 1, 0, 1, 1, 0, 0, 0, 0, 0, 0, 1]",24,12,12,11,6,5,1.9867909498578886,2.932355002629788,1.996007984031936
451,Premier_League,2000,Arsenal,"[0, 1, 1, 1, 1, 1, 1, 1, 1, 0, 0, 1, 1, 0, 1, 0, 1, 1, 1, 0, 1, 1, 1, 0, 1, 1, 1, 0]",28,14,14,20,10,10,1.6668659918797977,2.0,1.550387596899225
452,Premier_League,2000,Aston Villa,"[0, 1, 1, 1, 0, 1, 1, 1, 0, 1, 0, 0, 0, 0, 0, 1, 0, 1, 1, 1, 1, 1, 0]",23,12,11,13,7,6,1.7780854752345217,2.339846425731408,1.7006802721088434
453,Premier_League,2000,Bradford,"[0, 1, 0, 0, 0, 0, 0, 0, 0, 0, 1, 0, 0, 0, 1, 0, 0, 0, 0, 0, 0, 0, 1, 1, 0, 0, 0]",27,14,13,5,2,3,1.26353190974014,1.3858205225840645,1.1507479861910241
454,Premier_League,2000,Charlton,"[1, 0, 0, 1, 1, 0, 1, 0, 1, 0, 1, 0, 0, 0, 1, 0, 1, 1, 1, 1, 0, 1, 0, 0, 1, 1, 0, 0]",28,14,14,14,6,8,1.2689954302532724,1.2900660638831267,1.1273957158962795
455,Premier_League,2000,Chelsea,"[1, 0, 0, 1, 0, 1, 1, 0, 0, 0, 1, 1, 0, 1, 1, 1, 1, 0, 1, 0, 1, 1, 1, 1, 0, 0, 1, 1]",28,14,14,17,7,10,1.1570622831436264,1.14005537587158,1.0672358591248665
456,Premier_League,2000,Coventry,"[0, 1, 1, 0, 0, 0, 1, 0, 0, 0, 0, 0, 0, 1, 0, 1, 0, 0, 0, 0, 0, 1, 1, 0, 1, 0, 0, 0]",28,14,14,8,4,4,1.5855812118384875,2.0,1.5625
457,Premier_League,2000,Derby,"[0, 0, 0, 0, 0, 0, 1, 0, 1, 0, 1, 1, 0, 1, 0, 0, 1, 1, 1, 0, 0, 0, 1, 0, 0, 1]",26,13,13,10,4,6,1.2421188280651394,1.2659130648831014,1.1337868480725624
458,Premier_League,2000,Everton,"[0, 1, 0, 1, 0, 0, 1, 0, 0, 1, 1, 1, 0, 0, 0, 0, 0, 1, 0, 1, 0, 0, 1, 1, 0, 0, 0, 1, 0]",29,15,14,11,6,5,1.8172633910426899,2.462670581832049,1.8484288354898337
459,Premier_League,2000,Ipswich,"[0, 1, 0, 0, 1, 1, 1, 1, 0, 1, 1, 1, 0, 1, 1, 0, 1, 0, 1, 0, 0, 0, 1, 1, 0, 1, 1, 1, 1, 1, 0, 1]",32,16,16,20,10,10,1.6855781975741024,2.0,1.6260162601626016
460,Premier_League,2000,Leeds,"[1, 1, 0, 0, 1, 1, 0, 1, 0, 1, 0, 0, 1, 0, 0, 1, 0, 1, 1, 1, 1, 1, 1, 1, 1, 1, 1, 0, 1, 1]",30,15,15,20,7,13,1.0197953445319419,1.0101707790000722,1.002004008016032
461,Premier_League,2000,Leicester,"[1, 1, 1, 1, 0, 0, 1, 1, 1, 0, 1, 0, 1, 1, 0, 0, 0, 0, 1, 0, 1, 1, 0, 0, 0, 0, 0, 0, 0, 0, 1, 0]",32,16,16,14,10,4,9.802523807247915,61.52058338109255,27.52546105147261
462,Premier_League,2000,Liverpool,"[1, 0, 1, 1, 0, 1, 1, 1, 0, 1, 0, 0, 1, 0, 1, 1, 0, 1, 1, 1, 0, 1, 0, 1, 1, 1, 1, 1, 1]",29,15,14,20,9,11,1.1650387502133732,1.1628164841583333,1.0582010582010581
463,Premier_League,2000,Man City,"[0, 1, 0, 1, 0, 0, 1, 1, 0, 0, 0, 0, 0, 0, 1, 0, 0, 0, 0, 1, 0, 0, 0, 0, 1, 1, 0, 0]",28,14,14,8,4,4,1.5855812118384875,2.0,1.5360983102918586
464,Premier_League,2000,Man United,"[1, 1, 1, 1, 0, 1, 1, 1, 1, 1, 1, 1, 1, 0, 1, 1, 1, 1, 1, 1, 1, 1, 1, 0, 1, 1, 1, 0, 0, 0]",30,15,15,24,13,11,2.8422180015290257,5.535406238226226,3.067484662576687
465,Premier_League,2000,Middlesbrough,"[1, 0, 0, 1, 0, 0, 0, 0, 0, 0, 0, 0, 1, 1, 1, 0, 1, 0, 1, 0, 1, 0, 1]",23,12,11,9,2,7,1.0260986643835954,1.0106794299506638,1.0030090270812437
466,Premier_League,2000,Newcastle,"[0, 1, 1, 1, 0, 0, 1, 1, 0, 0, 1, 0, 1, 0, 1, 0, 1, 0, 1, 1, 0, 0, 0, 0, 0, 1, 1, 0, 1]",29,15,14,14,8,6,2.2392671791806773,3.492564201602757,2.3255813953488373
467,Premier_League,2000,Southampton,"[0, 0, 1, 1, 0, 0, 0, 1, 1, 0, 0, 1, 0, 1, 1, 0, 1, 1, 1, 1, 1, 0, 0, 0, 0, 0, 1, 1]",28,14,14,14,6,8,1.2689954302532724,1.2900660638831267,1.1415525114155252
468,Premier_League,2000,Sunderland,"[1, 0, 0, 0, 1, 1, 1, 0, 1, 1, 1, 1, 0, 1, 1, 1, 1, 0, 0, 0, 1, 0, 0, 0, 1, 1]",26,13,13,15,8,7,2.0240247325146057,2.892688477065093,2.070393374741201
469,Premier_League,2000,Tottenham,"[1, 0, 1, 1, 0, 0, 0, 1, 0, 1, 0, 1, 1, 0, 0, 0, 1, 1, 0, 0, 1, 0, 1, 1, 0, 0, 0, 1]",28,14,14,13,7,6,1.9895619021522117,2.837933762005624,1.937984496124031
470,Premier_League,2000,West Ham,"[0, 0, 0, 1, 0, 1, 1, 1, 1, 1, 0, 1, 0, 0, 0, 1, 0, 0, 0, 0, 1, 0, 0, 0, 1, 0]",26,13,13,10,7,3,5.035065225419199,18.71542646747687,8.774238834781082
471,Premier_League,2001,Arsenal,"[1, 0, 1, 1, 1, 1, 0, 1, 1, 1, 0, 1, 1, 1, 1, 1, 1, 1, 1, 1, 1, 1, 1, 1, 1, 1, 1, 1, 1]",29,15,14,26,12,14,1.0,1.0401448584420148,1.0
472,Premier_League,2001,Aston Villa,"[1, 1, 1, 1, 0, 1, 1, 0, 0, 0, 1, 0, 0, 1, 1, 0, 1, 0, 0, 0, 0, 0, 1, 1]",24,12,12,12,7,5,2.5825977301387137,4.828396632130076,3.058103975535168
473,Premier_League,2001,Blackburn,"[0, 1, 0, 1, 0, 1, 1, 0, 0, 0, 1, 0, 0, 0, 1, 0, 0, 0, 0, 1, 1, 0, 0, 1, 1, 1, 0, 1]",28,14,14,12,5,7,1.2628830120791827,1.2861808449421503,1.1363636363636365
474,Premier_League,2001,Bolton,"[1, 1, 1, 0, 0, 0, 1, 0, 1, 0, 0, 0, 0, 0, 0, 1, 0, 0, 1, 1, 0, 1, 0, 0, 0]",25,13,12,9,5,4,1.8045939709170182,2.5330520271144654,1.7921146953405018
475,Premier_League,2001,Charlton,"[0, 1, 0, 1, 0, 0, 1, 0, 1, 1, 0, 1, 1, 0, 0, 1, 0, 1, 1, 0, 0, 0, 0, 0]",24,12,12,10,6,4,2.5534582227681693,4.906459000638238,3.1446540880503147
476,Premier_League,2001,Chelsea,"[1, 1, 1, 0, 1, 1, 0, 1, 1, 0, 1, 0, 1, 1, 1, 0, 1, 1, 1, 0, 1, 1, 0, 1, 0]",25,13,12,17,9,8,1.7603977362480616,2.2452062810280946,1.7301038062283738
477,Premier_League,2001,Derby,"[1, 0, 0, 0, 0, 0, 0, 1, 0, 0, 1, 0, 0, 1, 0, 1, 0, 0, 0, 0, 1, 0, 1, 0, 1, 0, 0, 0, 0, 0, 0, 0]",32,16,16,8,5,3,2.4692143901991512,4.828396632130076,2.8011204481792715
478,Premier_League,2001,Everton,"[1, 1, 0, 0, 0, 1, 1, 0, 1, 0, 1, 0, 0, 0, 0, 0, 1, 0, 0, 0, 1, 1, 0, 1, 0, 1, 0, 0]",28,14,14,11,6,5,1.9683259886695428,2.862086060341679,2.0120724346076457
479,Premier_League,2001,Fulham,"[0, 1, 0, 0, 1, 1, 1, 1, 0, 0, 1, 1, 0, 1, 0, 0, 0, 0, 0, 0, 0, 1, 1, 0]",24,12,12,10,7,3,5.219315448873108,20.472933077115478,9.301460329271695
480,Premier_League,2001,Ipswich,"[0, 1, 0, 0, 0, 0, 0, 0, 0, 0, 0, 1, 1, 1, 0, 1, 1, 1, 1, 0, 0, 0, 0, 0, 0, 0, 1, 0, 0]",29,15,14,9,4,5,1.3267542937818892,1.4272484050108833,1.1961722488038278
481,Premier_League,2001,Leeds,"[1, 1, 1, 1, 1, 1, 0, 1, 1, 0, 1, 1, 1, 0, 0, 0, 1, 1, 1, 0, 0, 1, 1, 0, 1, 1]",26,13,13,18,11,7,5.505114790724586,22.423430531569778,9.886307464162135
482,Premier_League,2001,Leicester,"[0, 0, 1, 0, 0, 0, 0, 0, 1, 0, 1, 0, 0, 0, 0, 0, 0, 0, 0, 0, 0, 1, 0, 0, 1]",25,13,12,5,3,2,1.7910049511836112,2.9030923568024134,1.845018450184502
483,Premier_League,2001,Liverpool,"[1, 0, 0, 1, 1, 1, 1, 1, 1, 1, 1, 1, 0, 0, 1, 0, 1, 1, 1, 1, 1, 1, 1, 1, 1, 1, 1, 0, 1, 1]",30,15,15,24,11,13,1.2006614695049904,1.2204874155641445,1.0976948408342482
484,Premier_League,2001,Man United,"[1, 1, 0, 1, 1, 1, 0, 0, 1, 0, 0, 0, 1, 1, 1, 1, 1, 1, 1, 1, 0, 1, 1, 1, 1, 1, 1, 0, 1, 1, 1, 1, 0]",33,17,16,24,11,13,1.1713050774181653,1.1669977778685074,1.079913606911447
485,Premier_League,2001,Middlesbrough,"[0, 0, 0, 0, 1, 1, 0, 1, 0, 1, 1, 0, 0, 0, 0, 1, 0, 1, 1, 0, 1, 0, 1, 1, 1, 0, 0, 0, 0]",29,15,14,12,5,7,1.214734340436965,1.2213665586351092,1.0905125408942202
486,Premier_League,2001,Newcastle,"[1, 1, 0, 1, 0, 1, 0, 1, 1, 0, 1, 1, 1, 1, 1, 1, 0, 0, 1, 1, 1, 1, 1, 0, 0, 1, 1, 1, 1, 0]",30,15,15,21,11,10,2.063945400892388,2.897172134819273,1.941747572815534
487,Premier_League,2001,Southampton,"[0, 0, 0, 1, 0, 1, 0, 0, 0, 0, 0, 1, 0, 1, 1, 0, 1, 0, 1, 1, 0, 1, 0, 1, 0, 1, 0, 0, 1]",29,15,14,12,5,7,1.214734340436965,1.2213665586351092,1.1086474501108647
488,Premier_League,2001,Sunderland,"[1, 0, 1, 0, 1, 0, 0, 0, 1, 0, 1, 0, 1, 1, 0, 0, 0, 0, 1, 0, 0, 1, 0, 0, 1, 0, 0, 0]",28,14,14,10,7,3,4.892629387655304,17.443994055572396,8.426729586247577
489,Premier_League,2001,Tottenham,"[0, 1, 0, 1, 0, 0, 1, 1, 1, 0, 1, 1, 0, 1, 0, 0, 1, 0, 0, 0, 1, 1, 0, 0, 0, 1, 1, 0, 1, 0]",30,15,15,14,8,6,2.4961507090976705,4.308354880446086,2.8011204481792715
490,Premier_League,2001,West Ham,"[0, 0, 1, 0, 0, 1, 1, 1, 0, 0, 0, 1, 1, 0, 1, 0, 0, 1, 0, 1, 0, 1, 0, 1, 1, 1, 1, 0, 0, 1]",30,15,15,15,7,8,1.4359963188570928,1.5564210264360374,1.2936610608020698
491,Premier_League,2002,Arsenal,"[1, 1, 1, 1, 1, 1, 1, 0, 0, 1, 1, 1, 0, 1, 0, 1, 1, 1, 1, 1, 1, 1, 1, 0, 1, 1, 0, 1, 1]",29,15,14,23,11,12,1.2213713439024632,1.25849968994697,1.1148272017837235
492,Premier_League,2002,Aston Villa,"[0, 0, 1, 0, 1, 0, 1, 0, 0, 1, 1, 0, 0, 1, 0, 0, 1, 1, 0, 1, 1, 0, 0, 0, 0, 1, 0, 1, 0]",29,15,14,12,6,6,1.5298926367629486,1.7792767844805109,1.4204545454545454
493,Premier_League,2002,Birmingham,"[0, 0, 1, 1, 0, 0, 1, 0, 1, 0, 1, 0, 1, 0, 0, 0, 0, 0, 0, 1, 1, 0, 1, 0, 1, 1, 1, 1, 0]",29,15,14,13,6,7,1.34114775695508,1.4168712447854608,1.1750881316098707
494,Premier_League,2002,Blackburn,"[1, 0, 0, 1, 1, 0, 1, 1, 0, 0, 1, 0, 1, 1, 0, 0, 1, 1, 1, 1, 0, 1, 1, 0, 1, 1]",26,13,13,16,7,9,1.2478274684880988,1.2659130648831014,1.1325028312570782
495,Premier_League,2002,Bolton,"[0, 0, 1, 1, 0, 0, 0, 0, 0, 1, 0, 0, 1, 0, 0, 0, 1, 0, 1, 1, 1, 0, 1, 1]",24,12,12,10,3,7,1.07831695472985,1.0513533321374784,1.0214504596527068
496,Premier_League,2002,Charlton,"[0, 1, 0, 1, 0, 0, 0, 0, 1, 0, 0, 1, 1, 1, 1, 1, 0, 1, 1, 1, 1, 1, 0, 0, 0, 0, 0, 0, 1, 0, 0]",31,16,15,14,8,6,2.236566916934633,3.4717038192097363,2.293577981651376
497,Premier_League,2002,Chelsea,"[1, 1, 1, 0, 0, 1, 1, 1, 1, 1, 1, 1, 0, 0, 1, 0, 1, 1, 0, 0, 1, 1, 1, 1, 0, 1, 0, 1]",28,14,14,19,10,9,2.057873193112623,2.916583536972888,1.9801980198019802
498,Premier_League,2002,Everton,"[1, 0, 0, 1, 0, 1, 0, 1, 1, 1, 1, 1, 1, 0, 0, 1, 0, 1, 1, 1, 0, 1, 0, 1, 1, 0, 0, 1, 0, 0]",30,15,15,17,9,8,2.0191974896040747,2.8068338874262353,2.004008016032064
499,Premier_League,2002,Fulham,"[1, 0, 1, 1, 0, 1, 0, 0, 0, 0, 1, 0, 1, 0, 0, 0, 1, 0, 0, 1, 1, 1, 0, 0, 0, 1, 0, 1, 1]",29,15,14,13,6,7,1.34114775695508,1.4168712447854608,1.25
500,Premier_League,2002,Leeds,"[1, 1, 0, 0, 1, 1, 0, 0, 0, 0, 1, 0, 0, 0, 0, 1, 1, 1, 1, 0, 0, 0, 1, 0, 0, 0, 0, 1, 0, 1, 0, 1, 1]",33,17,16,14,7,7,1.5521739641567665,1.7875692400458891,1.4388489208633093
501,Premier_League,2002,Liverpool,"[1, 1, 1, 1, 1, 1, 1, 1, 1, 0, 0, 0, 0, 0, 0, 1, 1, 0, 1, 1, 1, 0, 1, 1, 1, 1, 0, 0]",28,14,14,18,9,9,1.668616179586344,2.0,1.4992503748125936
502,Premier_League,2002,Man City,"[0, 1, 0, 1, 0, 0, 0, 0, 1, 1, 1, 0, 0, 1, 1, 0, 1, 1, 1, 0, 1, 0, 0, 0, 1, 0, 0, 1, 1, 0, 1, 0]",32,16,16,15,7,8,1.4441161147724728,1.5663603036350555,1.314060446780552
503,Premier_League,2002,Man United,"[1, 1, 0, 0, 1, 1, 1, 1, 0, 1, 1, 1, 1, 0, 0, 1, 1, 1, 1, 1, 1, 1, 1, 1, 1, 1, 1, 1, 1, 1]",30,15,15,25,10,15,1.0,1.007204472370678,1.0
504,Premier_League,2002,Middlesbrough,"[1, 0, 1, 0, 1, 1, 1, 0, 0, 1, 0, 1, 0, 0, 1, 0, 0, 0, 0, 1, 1, 1, 1, 0, 0, 0, 1, 0]",28,14,14,13,7,6,1.9895619021522117,2.837933762005624,2.070393374741201
505,Premier_League,2002,Newcastle,"[1, 0, 0, 0, 1, 1, 1, 0, 1, 1, 0, 1, 0, 1, 1, 1, 0, 1, 1, 1, 1, 1, 1, 1, 0, 1, 1, 0, 0, 0, 1, 1]",32,16,16,21,10,11,1.4439098214850439,1.5500855683384027,1.3175230566534915
506,Premier_League,2002,Southampton,"[0, 0, 1, 0, 1, 1, 1, 0, 0, 1, 1, 1, 1, 1, 0, 1, 0, 0, 0, 1, 1, 0, 0, 0, 1]",25,13,12,13,8,5,2.991423634697006,6.241756210562176,3.745318352059925
507,Premier_League,2002,Sunderland,"[0, 1, 0, 0, 0, 1, 0, 0, 1, 0, 0, 0, 1, 0, 0, 0, 0, 0, 0, 0, 0, 0, 0, 0, 0, 0, 0, 0, 0, 0, 0]",31,16,15,4,4,0,7.942714371370804,52.64808596108152,17.105713308244955
508,Premier_League,2002,Tottenham,"[1, 1, 1, 0, 1, 0, 0, 1, 1, 0, 0, 0, 1, 1, 1, 0, 0, 1, 1, 0, 1, 0, 0, 0, 1, 0, 1, 0, 0, 0]",30,15,15,14,9,5,4.542665438796399,13.963076700807273,7.2987373184439095
509,Premier_League,2002,West Brom,"[0, 0, 0, 1, 1, 1, 0, 0, 0, 0, 0, 0, 1, 0, 0, 0, 0, 0, 0, 1, 0, 0, 0, 0, 0, 0, 0, 1, 0, 0]",30,15,15,6,4,2,2.512416303240131,5.535406238226222,2.949852507374631
510,Premier_League,2002,West Ham,"[0, 0, 0, 0, 1, 0, 1, 1, 0, 0, 0, 0, 0, 0, 0, 0, 1, 0, 0, 1, 1, 1, 0, 1, 1, 1]",26,13,13,10,3,7,1.0856472264657993,1.0564479778026155,1.0224948875255624
511,Premier_League,2003,Arsenal,"[1, 1, 1, 1, 1, 1, 1, 1, 1, 1, 1, 1, 1, 1, 1, 1, 1, 1, 1, 1, 1, 1]",22,11,11,22,11,11,1.0,,1.0
512,Premier_League,2003,Aston Villa,"[0, 0, 1, 0, 1, 0, 0, 0, 1, 0, 1, 1, 1, 1, 0, 0, 1, 1, 1, 0, 1, 0, 1, 1, 1]",25,13,12,14,6,8,1.1767143482253397,1.1778155004847752,1.0729613733905579
513,Premier_League,2003,Birmingham,"[1, 1, 1, 1, 0, 1, 0, 0, 0, 0, 1, 1, 0, 0, 1, 1, 1, 1, 0, 0, 1, 0]",22,11,11,12,6,6,1.6267501106170124,2.0,1.5197568389057752
514,Premier_League,2003,Blackburn,"[1, 0, 0, 1, 0, 0, 0, 0, 0, 1, 0, 1, 1, 0, 0, 1, 0, 0, 1, 0, 0, 1, 0, 1, 1, 0]",26,13,13,10,5,5,1.6144076428525194,2.0,1.5060240963855422
515,Premier_League,2003,Bolton,"[0, 0, 1, 0, 0, 1, 1, 1, 0, 1, 0, 0, 1, 1, 1, 0, 0, 0, 0, 1, 0, 1, 1, 1]",24,12,12,12,5,7,1.2404603270745003,1.261205955414189,1.1001100110011002
516,Premier_League,2003,Charlton,"[0, 1, 0, 0, 1, 1, 1, 1, 1, 0, 0, 1, 1, 1, 1, 0, 0, 0, 1, 0, 1, 0, 0, 0, 0]",25,13,12,12,8,4,4.258720629846728,12.621164397817209,6.377144314775843
517,Premier_League,2003,Chelsea,"[1, 1, 1, 1, 1, 1, 0, 1, 1, 1, 1, 1, 0, 1, 0, 1, 0, 1, 1, 1, 1, 0, 1, 1, 1, 1, 0, 1]",28,14,14,22,12,10,2.843482019820793,5.602534042157461,3.125
518,Premier_League,2003,Everton,"[0, 1, 0, 0, 1, 0, 0, 0, 1, 0, 1, 1, 0, 1, 0, 0, 0, 0, 1, 1, 0, 0, 0, 0]",24,12,12,8,5,3,2.5440458409926445,5.174962496422871,3.076923076923077
519,Premier_League,2003,Fulham,"[1, 0, 1, 1, 1, 0, 1, 0, 0, 1, 1, 0, 0, 1, 0, 0, 1, 0, 1, 0, 0, 1, 0, 1]",24,12,12,12,7,5,2.5825977301387137,4.828396632130076,3.0303030303030303
520,Premier_League,2003,Leeds,"[0, 1, 0, 0, 0, 1, 0, 0, 0, 0, 0, 1, 1, 0, 0, 0, 0, 0, 0, 1, 0, 1, 0, 0, 0]",25,13,12,6,4,2,2.368268470276317,4.884559057439188,2.9069767441860463
521,Premier_League,2003,Leicester,"[0, 0, 1, 0, 0, 0, 0, 0, 1, 1, 1, 0, 0, 0, 0, 0, 1, 1]",18,9,9,6,2,4,1.1693797528517105,1.1885734173450602,1.0695187165775402
522,Premier_League,2003,Liverpool,"[0, 1, 1, 1, 0, 0, 0, 1, 1, 0, 1, 0, 1, 1, 1, 0, 1, 0, 1, 1, 1, 1, 1]",23,12,11,15,6,9,1.066480869113727,1.0579234755360898,1.019367991845056
523,Premier_League,2003,Man City,"[1, 1, 0, 1, 0, 1, 0, 1, 0, 0, 0, 0, 0, 0, 0, 0, 1, 0, 1, 0, 1, 0]",22,11,11,8,5,3,2.57516125718696,5.327662064543003,2.840909090909091
524,Premier_League,2003,Man United,"[1, 1, 1, 0, 1, 1, 1, 1, 0, 1, 1, 1, 0, 1, 1, 1, 1, 1, 1, 0, 1, 1, 0, 0, 1, 1, 0, 0]",28,14,14,20,11,9,2.7077050625657972,4.965444303155276,2.9069767441860463
525,Premier_League,2003,Middlesbrough,"[0, 0, 0, 0, 1, 1, 0, 0, 1, 1, 1, 0, 1, 0, 1, 0, 1, 0, 0, 1, 0, 1, 1, 0, 0, 0, 1]",27,14,13,12,6,6,1.5175105332061893,1.759386916159739,1.4124293785310735
526,Premier_League,2003,Newcastle,"[0, 0, 0, 1, 1, 1, 1, 0, 1, 1, 0, 1, 1, 1, 1, 0, 1, 0, 1, 1, 0]",21,11,10,13,6,7,1.2499575403450318,1.3041157392001559,1.1337868480725624
527,Premier_League,2003,Portsmouth,"[1, 1, 0, 0, 0, 1, 0, 0, 1, 0, 0, 0, 0, 1, 0, 0, 1, 0, 0, 0, 0, 0, 1, 1, 1, 0]",26,13,13,9,4,5,1.3773750381549292,1.5153465600439986,1.2706480304955527
528,Premier_League,2003,Southampton,"[1, 1, 1, 0, 0, 1, 0, 0, 0, 1, 1, 1, 0, 0, 0, 1, 0, 0, 1, 0, 1, 0, 0]",23,12,11,10,7,3,4.539850323938444,14.998348354855354,7.171029042667623
529,Premier_League,2003,Tottenham,"[0, 1, 0, 0, 0, 1, 1, 0, 0, 1, 0, 1, 0, 0, 0, 0, 1, 1, 1, 0, 1, 1, 0, 1, 0, 0, 0, 1]",28,14,14,12,5,7,1.2628830120791827,1.2861808449421503,1.1494252873563218
530,Premier_League,2003,Wolves,"[0, 0, 0, 0, 0, 1, 1, 0, 0, 0, 0, 0, 1, 0, 1, 0, 0, 1, 0, 0, 0, 1, 1]",23,12,11,7,2,5,1.0908090999033375,1.0717645456222658,1.0183299389002036
531,Premier_League,2004,Arsenal,"[1, 1, 1, 1, 1, 1, 1, 1, 0, 1, 0, 1, 1, 1, 1, 1, 0, 1, 0, 1, 1, 1, 1, 1, 1]",25,13,12,21,11,10,1.6820603468634376,2.149641506029287,1.447178002894356
532,Premier_League,2004,Aston Villa,"[1, 0, 1, 0, 1, 1, 1, 1, 0, 0, 0, 0, 0, 1, 0, 1, 0, 0, 1, 0, 1, 0, 1, 1]",24,12,12,12,6,6,1.6318725099601594,2.0,1.5313935681470139
533,Premier_League,2004,Birmingham,"[0, 1, 0, 0, 0, 1, 0, 0, 1, 1, 1, 1, 0, 0, 0, 0, 1, 0, 1, 0, 0, 1, 0]",23,12,11,9,6,3,3.1524310523127923,7.558906938085354,3.5211267605633805
534,Premier_League,2004,Blackburn,"[0, 0, 0, 1, 0, 0, 0, 1, 0, 1, 0, 1, 1, 0, 0, 0, 1, 1, 0, 1, 1]",21,11,10,9,3,6,1.0859888208318986,1.069595179298994,1.0298661174047374
535,Premier_League,2004,Bolton,"[1, 0, 1, 1, 0, 1, 1, 1, 0, 0, 0, 0, 0, 0, 0, 1, 1, 1, 1, 1, 0, 1, 1, 0, 1, 1]",26,13,13,15,6,9,1.14894499498751,1.1323123378609816,1.0626992561105206
536,Premier_League,2004,Charlton,"[0, 1, 1, 0, 1, 0, 0, 0, 1, 1, 0, 0, 1, 1, 1, 1, 0, 0, 1, 1, 0, 1, 0, 0, 0]",25,13,12,12,6,6,1.502153325177417,1.7353597143161648,1.3908205841446453
537,Premier_League,2004,Chelsea,"[1, 1, 1, 1, 1, 1, 0, 1, 1, 1, 1, 1, 1, 1, 1, 1, 1, 1, 1, 1, 1, 1, 1, 1, 1, 1]",26,13,13,25,12,13,1.0,1.1819083901602732,1.0
538,Premier_League,2004,Crystal Palace,"[0, 0, 0, 0, 0, 1, 0, 1, 1, 0, 0, 0, 0, 0, 0, 1, 0, 1, 0, 0, 1, 0, 0, 0, 0]",25,13,12,6,3,3,1.4716416311930953,1.8356077008650071,1.4164305949008498
539,Premier_League,2004,Everton,"[0, 1, 1, 1, 1, 1, 0, 1, 1, 0, 1, 1, 1, 1, 1, 0, 0, 1, 0, 1, 0, 1, 0, 0, 0, 1, 1]",27,14,13,17,11,6,6.019926172244229,24.585067301426836,11.431184270690444
540,Premier_League,2004,Fulham,"[1, 0, 0, 0, 1, 0, 0, 0, 1, 1, 0, 0, 0, 1, 0, 0, 0, 1, 1, 1, 0, 0, 0, 1, 0]",25,13,12,9,4,5,1.307599339125011,1.399220074579398,1.1933174224343674
541,Premier_League,2004,Liverpool,"[1, 0, 1, 0, 1, 0, 1, 1, 0, 1, 0, 1, 0, 1, 1, 1, 0, 1, 0, 0, 1, 1, 0, 0, 1, 1, 0, 1]",28,14,14,16,8,8,1.6638410088511535,2.0,1.5360983102918586
542,Premier_League,2004,Man City,"[0, 0, 1, 0, 1, 0, 1, 0, 1, 1, 0, 0, 1, 0, 1, 1, 0, 0, 1, 0, 0, 1, 1]",23,12,11,11,5,6,1.294649921034118,1.3668759169539026,1.1507479861910241
543,Premier_League,2004,Man United,"[0, 1, 1, 1, 1, 0, 1, 1, 1, 1, 1, 1, 1, 1, 1, 1, 1, 1, 1, 1, 1, 0, 0]",23,12,11,19,10,9,1.6817675629289275,2.165185505280741,1.466275659824047
544,Premier_League,2004,Middlesbrough,"[0, 1, 1, 1, 0, 0, 1, 1, 1, 1, 0, 1, 1, 0, 1, 0, 0, 0, 1, 0, 0, 1, 0]",23,12,11,12,8,4,4.393858028165594,13.685001820945512,6.601531555320834
545,Premier_League,2004,Newcastle,"[0, 0, 1, 1, 1, 1, 0, 0, 0, 1, 0, 0, 0, 1, 1, 0, 1, 1, 0, 0, 0]",21,11,10,9,5,4,1.7854213182284127,2.4973834298606308,1.7182130584192439
546,Premier_League,2004,Norwich,"[0, 0, 0, 0, 0, 1, 0, 1, 0, 0, 0, 0, 0, 0, 1, 0, 0, 0, 0, 0, 1, 1]",22,11,11,5,2,3,1.2924968664422045,1.4398117926016154,1.1990407673860912
547,Premier_League,2004,Portsmouth,"[0, 1, 1, 0, 0, 1, 1, 0, 0, 0, 1, 1, 0, 1, 0, 0, 0, 0, 1, 0, 0, 0, 0, 0, 1, 0]",26,13,13,9,6,3,3.470513486154155,9.25066171835886,4.926108374384237
548,Premier_League,2004,Southampton,"[0, 1, 0, 0, 0, 0, 0, 1, 0, 0, 0, 0, 0, 0, 1, 0, 1, 1, 0, 0, 0]",21,11,10,5,2,3,1.2453382793729286,1.3562928722382623,1.1402508551881414
549,Premier_League,2004,Tottenham,"[1, 1, 0, 1, 0, 0, 0, 0, 0, 0, 1, 1, 1, 1, 1, 1, 0, 0, 0, 1, 1, 0, 0, 1, 1]",25,13,12,13,6,7,1.3068688953698475,1.3722517042282367,1.1560693641618498
550,Premier_League,2004,West Brom,"[0, 0, 0, 1, 0, 0, 0, 0, 0, 0, 0, 0, 0, 1, 0, 1, 0, 1, 1]",19,10,9,5,1,4,1.0637209345752767,1.0463948218286554,1.0121457489878543
551,Premier_League,2005,Arsenal,"[1, 0, 1, 0, 1, 1, 0, 1, 1, 1, 1, 0, 0, 0, 1, 1, 1, 0, 0, 1, 0, 0, 1, 1, 1, 1, 0, 1, 1, 1, 1]",31,16,15,20,10,10,1.5092252912631492,1.6786172846719813,1.3458950201884252
552,Premier_League,2005,Aston Villa,"[0, 1, 0, 0, 0, 1, 0, 0, 0, 1, 1, 0, 1, 1, 0, 1, 0, 1, 0, 0, 0, 1, 0, 0, 0, 1]",26,13,13,10,5,5,1.6144076428525194,2.0,1.5797788309636651
553,Premier_League,2005,Birmingham,"[0, 0, 1, 0, 0, 0, 0, 0, 0, 1, 0, 1, 0, 0, 0, 1, 0, 1, 0, 0, 1, 0, 0, 0, 1, 0, 1, 0]",28,14,14,8,3,5,1.2267334582687894,1.252178551393171,1.1261261261261262
554,Premier_League,2005,Blackburn,"[0, 1, 0, 0, 1, 1, 0, 1, 0, 1, 0, 0, 1, 0, 1, 1, 1, 1, 1, 0, 0, 1, 1, 0, 1, 1, 1, 0, 0, 1, 1, 1]",32,16,16,19,8,11,1.1823387403855967,1.1629437259903608,1.0940919037199124
555,Premier_League,2005,Bolton,"[0, 1, 1, 1, 1, 0, 0, 1, 1, 1, 0, 1, 1, 0, 1, 1, 0, 1, 1, 0, 0, 0, 0, 0, 1, 0, 1]",27,14,13,15,9,6,2.932327819116243,5.823339342313051,3.7037037037037037
556,Premier_League,2005,Charlton,"[1, 1, 1, 1, 0, 1, 0, 1, 0, 0, 0, 0, 0, 1, 0, 0, 1, 0, 1, 0, 1, 0, 1, 0, 1, 0, 1, 0, 0, 0]",30,15,15,13,7,6,1.981164112156975,2.8068338874262353,2.0876826722338206
557,Premier_League,2005,Chelsea,"[1, 1, 1, 1, 1, 1, 1, 1, 1, 1, 0, 1, 1, 1, 1, 1, 1, 1, 1, 1, 1, 1, 0, 1, 1, 1, 0, 1, 1, 1, 1, 1, 0, 0]",34,17,17,29,16,13,4.291078820116208,13.66994699527393,6.0606060606060606
558,Premier_League,2005,Everton,"[0, 1, 0, 0, 0, 0, 0, 0, 1, 1, 0, 1, 1, 0, 0, 0, 0, 1, 1, 1, 1, 1, 1, 0, 1, 1, 0, 0, 0, 1]",30,15,15,14,5,9,1.1083657756943939,1.0771421802925631,1.044932079414838
559,Premier_League,2005,Fulham,"[0, 0, 1, 0, 0, 0, 1, 0, 1, 0, 1, 0, 1, 0, 0, 1, 1, 0, 1, 0, 1, 0, 0, 0, 0, 1, 0, 1, 1, 1, 0, 1]",32,16,16,14,6,8,1.2886834708583226,1.3123647998416588,1.1534025374855825
560,Premier_League,2005,Liverpool,"[1, 0, 1, 0, 1, 1, 1, 1, 1, 1, 1, 1, 1, 1, 1, 0, 0, 0, 1, 1, 1, 0, 1, 1, 1, 1, 1, 1, 1, 1, 1]",31,16,15,25,13,12,1.7319403675500633,2.150885509061355,1.5772870662460567
561,Premier_League,2005,Man City,"[1, 1, 1, 0, 0, 1, 1, 0, 1, 0, 0, 1, 0, 1, 0, 0, 0, 1, 0, 1, 0, 1, 0, 1, 0, 0, 0, 0, 0, 0, 1, 0, 0, 0]",34,17,17,13,8,5,3.174219616525553,6.902996856596594,4.291845493562231
562,Premier_League,2005,Man United,"[1, 1, 1, 0, 1, 1, 0, 1, 1, 1, 1, 1, 1, 1, 1, 0, 1, 0, 1, 1, 1, 1, 1, 1, 1, 1, 1, 1, 0, 1]",30,15,15,25,13,12,2.1377793052424194,3.2040698620013544,1.8726591760299625
563,Premier_League,2005,Middlesbrough,"[0, 1, 0, 1, 0, 1, 0, 1, 0, 1, 0, 0, 0, 0, 0, 1, 0, 1, 1, 1, 0, 0, 1, 1, 0, 0, 1, 0, 0]",29,15,14,12,5,7,1.214734340436965,1.2213665586351092,1.1160714285714286
564,Premier_League,2005,Newcastle,"[0, 0, 0, 1, 1, 0, 1, 1, 1, 0, 0, 1, 1, 0, 0, 0, 0, 0, 1, 1, 1, 1, 0, 0, 0, 1, 1, 1, 1, 1, 1]",31,16,15,17,7,10,1.1336617836420047,1.1111665162585505,1.050420168067227
565,Premier_League,2005,Portsmouth,"[0, 0, 0, 1, 0, 0, 1, 0, 0, 0, 0, 0, 1, 0, 1, 0, 0, 0, 0, 0, 0, 0, 1, 1, 1, 1, 0, 1, 1, 0]",30,15,15,10,4,6,1.2547664644895893,1.2808837286823986,1.1750881316098707
566,Premier_League,2005,Sunderland,"[0, 0, 0, 0, 0, 1, 0, 0, 0, 0, 0, 0, 0, 0, 0, 0, 0, 0, 1, 0, 0, 0, 0, 0, 0, 0, 0, 0, 0, 0, 1, 0]",32,16,16,3,1,2,1.2263268769880782,1.3738123461770075,1.1235955056179776
567,Premier_League,2005,Tottenham,"[1, 1, 0, 1, 1, 1, 0, 1, 1, 1, 1, 0, 1, 1, 0, 0, 1, 1, 0, 1, 1, 0, 1, 1, 0, 1, 0]",27,14,13,18,11,7,4.144080286335882,11.542477622405748,6.097560975609756
568,Premier_League,2005,West Brom,"[1, 0, 0, 0, 0, 0, 1, 0, 0, 0, 1, 1, 0, 0, 1, 0, 0, 1, 0, 1, 0, 0, 0, 0, 0, 0, 0, 0, 0]",29,15,14,7,5,2,3.2606382925418447,8.658388436833057,4.065040650406504
569,Premier_League,2005,West Ham,"[1, 0, 1, 1, 0, 1, 0, 1, 0, 1, 0, 1, 0, 0, 0, 0, 1, 1, 1, 1, 1, 0, 0, 1, 0, 0, 1, 0, 0, 1, 1]",31,16,15,16,7,9,1.223024685568934,1.2236843928116912,1.1273957158962795
570,Premier_League,2005,Wigan,"[0, 0, 1, 1, 1, 1, 1, 1, 1, 1, 0, 0, 0, 0, 0, 1, 1, 1, 0, 0, 0, 1, 0, 0, 1, 1, 0, 0, 1, 0, 0, 0]",32,16,16,15,9,6,3.2216357774467346,6.946836150742856,4.3478260869565215
571,Premier_League,2006,Arsenal,"[0, 1, 1, 1, 1, 1, 0, 1, 0, 0, 1, 1, 1, 1, 0, 1, 1, 1, 1, 1, 1, 0, 0, 0, 1, 1, 1]",27,14,13,19,10,9,1.7612042304154774,2.22085967034325,1.644736842105263
572,Premier_League,2006,Aston Villa,"[1, 1, 1, 0, 1, 1, 0, 0, 0, 0, 0, 0, 1, 0, 1, 0, 0, 1, 1, 1, 1]",21,11,10,11,5,6,1.271809969845994,1.337842294670583,1.1627906976744187
573,Premier_League,2006,Blackburn,"[0, 0, 1, 1, 1, 0, 0, 0, 0, 1, 0, 0, 1, 0, 1, 1, 1, 0, 1, 0, 0, 1, 0, 1, 1, 0, 0, 0, 1, 1, 1]",31,16,15,15,7,8,1.3527739369351137,1.4221048488770875,1.2254901960784315
574,Premier_League,2006,Bolton,"[1, 0, 1, 1, 1, 1, 1, 0, 0, 0, 1, 0, 0, 1, 1, 1, 1, 1, 0, 0, 1, 1, 0, 0, 0, 1, 1, 0, 0, 0]",30,15,15,16,9,7,2.523078708371905,4.308354880446086,2.7777777777777777
575,Premier_League,2006,Charlton,"[0, 0, 1, 0, 0, 0, 0, 0, 1, 0, 0, 0, 1, 0, 0, 0, 1, 0, 0, 1, 0, 0, 1, 1, 1, 0, 0, 0]",28,14,14,8,3,5,1.2267334582687894,1.252178551393171,1.122334455667789
576,Premier_League,2006,Chelsea,"[1, 0, 1, 1, 1, 1, 1, 1, 1, 0, 1, 1, 1, 1, 1, 1, 1, 0, 1, 1, 1, 1, 1, 1, 1, 1, 1]",27,14,13,24,12,12,1.2759665931614046,1.414383722412259,1.1185682326621924
577,Premier_League,2006,Everton,"[1, 1, 1, 0, 1, 0, 0, 1, 0, 1, 0, 0, 1, 1, 0, 1, 1, 0, 1, 1, 1, 1, 0, 0, 1]",25,13,12,15,7,8,1.2908843777904582,1.3452540105481041,1.1750881316098707
578,Premier_League,2006,Fulham,"[0, 1, 1, 0, 1, 0, 1, 0, 0, 1, 0, 0, 1, 0, 1, 0, 0, 0, 0, 0, 0, 1, 0]",23,12,11,8,5,3,2.3169831150268667,4.263807401259858,2.5906735751295336
579,Premier_League,2006,Liverpool,"[1, 0, 0, 1, 1, 0, 0, 1, 1, 0, 1, 1, 1, 1, 1, 0, 1, 1, 1, 1, 1, 0, 1, 0, 1, 1, 1, 1, 0, 0]",30,15,15,20,10,10,1.6780347465021415,2.0,1.4903129657228018
580,Premier_League,2006,Man City,"[0, 1, 0, 0, 1, 0, 1, 0, 1, 0, 1, 0, 0, 0, 1, 1, 1, 0, 0, 0, 0, 0, 1, 1, 1, 0, 0, 0, 0]",29,15,14,11,6,5,1.8172633910426899,2.462670581832049,1.7452006980802792
581,Premier_League,2006,Man United,"[1, 1, 1, 1, 0, 1, 1, 1, 1, 1, 1, 1, 1, 1, 1, 0, 1, 1, 1, 1, 0, 1, 1, 1, 1, 1, 1, 1, 0, 1, 1, 1, 0]",33,17,16,28,15,13,2.2444940360427394,3.4725730451185077,2.192982456140351
582,Premier_League,2006,Middlesbrough,"[0, 1, 0, 0, 0, 1, 1, 0, 0, 1, 0, 0, 0, 1, 0, 1, 1, 1, 0, 1, 0, 0, 1, 0, 0, 0, 1, 1]",28,14,14,12,5,7,1.2628830120791827,1.2861808449421503,1.1587485515643106
583,Premier_League,2006,Newcastle,"[1, 0, 0, 1, 0, 0, 0, 0, 0, 1, 1, 1, 0, 1, 1, 0, 0, 1, 1, 0, 1, 0, 0, 0, 1, 0, 0, 0]",28,14,14,11,6,5,1.9683259886695428,2.862086060341679,1.9342359767891684
584,Premier_League,2006,Portsmouth,"[1, 1, 1, 1, 0, 0, 1, 0, 1, 0, 1, 0, 1, 1, 1, 0, 0, 0, 1, 0, 0, 1, 0, 1, 1, 0]",26,13,13,14,8,6,2.5738033064258965,4.636053386548998,3.0120481927710845
585,Premier_League,2006,Reading,"[1, 0, 0, 1, 1, 1, 0, 0, 0, 0, 1, 1, 1, 1, 0, 0, 0, 0, 1, 1, 1, 1, 1, 0, 0, 0, 0, 1, 1, 1, 0]",31,16,15,16,8,8,1.536836202224237,1.7433214000368964,1.3986013986013985
586,Premier_League,2006,Sheffield United,"[0, 0, 0, 0, 1, 0, 0, 1, 0, 0, 1, 1, 1, 0, 0, 1, 0, 0, 1, 0, 1, 0, 0, 0, 0, 1, 0, 1, 0, 0]",30,15,15,10,5,5,1.6171499702466807,2.0,1.5060240963855422
587,Premier_League,2006,Tottenham,"[0, 1, 0, 0, 0, 1, 1, 1, 0, 1, 0, 1, 1, 1, 0, 1, 0, 0, 0, 0, 1, 1, 1, 1, 1, 0, 1, 1, 1]",29,15,14,17,8,9,1.324311514137618,1.378895151920869,1.2121212121212122
588,Premier_League,2006,Watford,"[0, 0, 0, 0, 1, 0, 0, 0, 0, 0, 0, 0, 0, 1, 0, 0, 1, 0, 0, 0, 0, 1, 0, 0, 1]",25,13,12,5,1,4,1.0782316348659655,1.0578174321508553,1.0204081632653061
589,Premier_League,2006,West Ham,"[1, 0, 0, 0, 0, 0, 0, 1, 1, 0, 0, 1, 0, 0, 0, 1, 0, 0, 0, 0, 0, 0, 0, 0, 1, 1, 1, 0, 0, 1, 1, 1, 1]",33,17,16,12,5,7,1.2340814844032837,1.243894837106657,1.1098779134295227
590,Premier_League,2006,Wigan,"[0, 1, 0, 0, 0, 1, 1, 1, 1, 0, 0, 1, 0, 0, 0, 0, 0, 0, 0, 0, 1, 0, 1, 1, 0, 0, 0, 0, 0, 1]",30,15,15,10,6,4,2.4748506697611243,4.5601919865237965,2.808988764044944
591,Premier_League,2007,Arsenal,"[1, 1, 1, 1, 1, 1, 1, 1, 1, 1, 1, 0, 1, 1, 1, 1, 1, 1, 1, 1, 0, 1, 0, 1, 1, 1, 1]",27,14,13,24,13,11,2.3134016456553192,4.032690541061831,2.1881838074398248
592,Premier_League,2007,Aston Villa,"[0, 1, 1, 0, 1, 1, 0, 1, 1, 1, 1, 0, 0, 1, 1, 1, 0, 1, 1, 0, 0, 0, 1, 1, 1, 0]",26,13,13,16,8,8,1.6573792268189893,2.0,1.492537313432836
593,Premier_League,2007,Birmingham,"[0, 0, 1, 0, 1, 0, 0, 0, 1, 0, 0, 0, 1, 0, 0, 1, 0, 0, 0, 1, 0, 0, 1, 0, 0, 0, 1]",27,14,13,8,4,4,1.5028513556869714,1.819094957669333,1.422475106685633
594,Premier_League,2007,Blackburn,"[1, 1, 0, 1, 1, 1, 1, 0, 0, 1, 0, 0, 0, 1, 1, 1, 0, 1, 1, 0, 1, 0, 1, 1, 0]",25,13,12,15,7,8,1.2908843777904582,1.3452540105481041,1.1534025374855825
595,Premier_League,2007,Bolton,"[0, 0, 0, 1, 0, 0, 0, 0, 1, 0, 1, 0, 1, 0, 0, 1, 0, 1, 0, 0, 0, 0, 0, 0, 0, 1, 1, 1]",28,14,14,9,4,5,1.3819950543360615,1.5217617602932303,1.288659793814433
596,Premier_League,2007,Chelsea,"[1, 1, 1, 0, 0, 1, 1, 1, 1, 1, 1, 1, 0, 1, 1, 1, 1, 1, 1, 1, 1, 1, 1, 1, 1, 1, 1, 1]",28,14,14,25,11,14,1.0,1.0345530735231832,1.0
597,Premier_League,2007,Derby,"[0, 0, 0, 0, 1, 0, 0, 0, 0, 0, 0, 0, 0, 0, 0, 0, 0, 0, 0, 0, 0, 0, 0, 0, 0, 0, 0, 0, 0, 0]",30,15,15,1,1,0,1.6628338329015944,6.470228017493412,1.858736059479554
598,Premier_League,2007,Everton,"[1, 1, 0, 1, 0, 0, 1, 0, 0, 1, 1, 1, 1, 1, 0, 1, 0, 1, 1, 1, 1, 1, 1, 1, 0, 0, 1, 0, 0, 1]",30,15,15,19,9,10,1.4350114868619974,1.544146580003619,1.2953367875647668
599,Premier_League,2007,Fulham,"[0, 1, 0, 0, 0, 1, 0, 0, 0, 0, 0, 0, 0, 0, 1, 0, 0, 0, 1, 0, 0, 1, 0, 1, 1, 1]",26,13,13,8,2,6,1.0760234925245085,1.0466778650845106,1.0090817356205852
600,Premier_League,2007,Liverpool,"[1, 1, 1, 1, 1, 1, 1, 1, 0, 0, 1, 1, 0, 1, 1, 1, 1, 1, 1, 0, 1, 1, 1, 1, 1]",25,13,12,21,10,11,1.1407845745908265,1.1870045283655593,1.0593220338983051
601,Premier_League,2007,Man City,"[1, 1, 1, 0, 0, 1, 1, 1, 1, 0, 1, 1, 0, 1, 1, 0, 0, 1, 0, 0, 1, 0, 0, 1, 1, 0, 0, 0]",28,14,14,15,10,5,7.041818327483349,34.40137399307591,15.693659761456372
602,Premier_League,2007,Man United,"[0, 1, 1, 1, 1, 1, 1, 1, 1, 1, 0, 1, 1, 1, 1, 1, 0, 1, 1, 1, 1, 0, 1, 1, 1, 1, 1, 1, 1, 0, 1, 1]",32,16,16,27,14,13,2.1413692131566213,3.193080665548612,2.032520325203252
603,Premier_League,2007,Middlesbrough,"[0, 0, 1, 1, 0, 0, 0, 0, 0, 0, 1, 1, 0, 0, 1, 0, 1, 1, 0, 0, 1, 0, 0, 0, 1, 1]",26,13,13,10,4,6,1.2421188280651394,1.2659130648831014,1.1273957158962795
604,Premier_League,2007,Newcastle,"[1, 1, 0, 1, 0, 1, 1, 0, 0, 0, 0, 1, 1, 0, 0, 0, 0, 0, 0, 0, 0, 0, 1, 1, 1, 1, 0, 0]",28,14,14,11,7,4,3.355383909897206,8.140032960369352,4.366812227074236
605,Premier_League,2007,Portsmouth,"[1, 0, 0, 1, 1, 1, 1, 1, 1, 1, 0, 0, 0, 1, 0, 1, 0, 1, 1, 0, 1, 1, 0, 1, 1, 0, 0, 0, 0]",29,15,14,16,9,7,2.228929924585753,3.398822208316722,2.4154589371980677
606,Premier_League,2007,Reading,"[0, 1, 0, 0, 0, 1, 0, 1, 0, 1, 0, 0, 0, 1, 1, 0, 0, 0, 0, 0, 0, 0, 0, 1, 1, 0, 1, 0, 0, 0, 0, 1]",32,16,16,10,6,4,2.4576223190462674,4.4883249734785675,2.785515320334262
607,Premier_League,2007,Sunderland,"[1, 0, 0, 0, 1, 0, 0, 0, 0, 0, 1, 0, 0, 0, 1, 0, 1, 0, 1, 0, 1, 0, 0, 0, 1, 1, 1, 0, 0, 1, 0, 0]",32,16,16,11,4,7,1.1716889607796017,1.1521888830777374,1.0718113612004287
608,Premier_League,2007,Tottenham,"[0, 0, 1, 0, 0, 0, 0, 1, 0, 1, 1, 0, 1, 1, 0, 0, 1, 1, 0, 1, 0, 1, 0, 1, 0]",25,13,12,11,5,6,1.312366537696454,1.3903095941809698,1.187648456057007
609,Premier_League,2007,West Ham,"[0, 1, 1, 1, 0, 0, 0, 1, 1, 0, 1, 0, 1, 1, 0, 1, 1, 0, 1, 0, 0, 0, 1, 0, 0, 0, 1, 0]",28,14,14,13,8,5,3.3492437066346437,7.824018803295653,4.048582995951417
610,Premier_League,2007,Wigan,"[0, 1, 1, 0, 0, 0, 0, 0, 0, 0, 0, 0, 0, 1, 1, 0, 1, 0, 0, 1, 0, 1, 1, 0, 0, 1, 1, 0]",28,14,14,10,3,7,1.0916966315859582,1.0608124763740796,1.0319917440660475
611,Premier_League,2008,Arsenal,"[1, 0, 1, 1, 1, 0, 1, 1, 0, 1, 0, 0, 1, 1, 1, 1, 1, 1, 1, 1, 1, 1, 1, 1, 0, 1]",26,13,13,20,8,12,1.0341442470695272,1.0323206027458869,1.0060362173038229
612,Premier_League,2008,Aston Villa,"[1, 0, 1, 1, 1, 0, 1, 1, 0, 0, 1, 1, 1, 1, 1, 1, 1, 1, 1, 0, 0, 0, 0, 0, 1, 0, 1]",27,14,13,17,10,7,2.9423240739360157,5.805456874013267,3.2467532467532467
613,Premier_League,2008,Blackburn,"[1, 0, 0, 1, 1, 0, 0, 0, 0, 0, 0, 0, 0, 1, 1, 0, 0, 1, 1, 0, 1, 0, 0, 1, 0, 1, 0]",27,14,13,10,4,6,1.199206116920428,1.2080967587926457,1.1235955056179776
614,Premier_League,2008,Bolton,"[1, 0, 0, 0, 0, 1, 0, 0, 1, 1, 0, 1, 1, 0, 0, 1, 0, 0, 0, 0, 1, 0, 1, 1, 0, 0, 1, 0, 0, 0]",30,15,15,11,6,5,1.961585401075573,2.837740117733259,2.0618556701030926
615,Premier_League,2008,Chelsea,"[1, 1, 1, 1, 1, 1, 0, 1, 1, 1, 1, 0, 1, 1, 0, 1, 1, 0, 1, 1, 1, 1, 0, 1, 1, 1, 1, 1, 1, 1]",30,15,15,25,12,13,1.350661211065961,1.4537061266705826,1.2048192771084338
616,Premier_League,2008,Everton,"[0, 1, 0, 1, 0, 0, 1, 1, 1, 0, 1, 0, 1, 1, 1, 1, 0, 1, 1, 1, 0, 1, 0, 1, 1, 1]",26,13,13,17,7,10,1.1347332546742004,1.1212023997753855,1.0493179433368311
617,Premier_League,2008,Fulham,"[0, 1, 1, 0, 0, 0, 1, 0, 1, 1, 1, 0, 0, 1, 0, 1, 0, 0, 1, 1, 0, 1, 1, 0, 1, 1, 0]",27,14,13,14,7,7,1.5121956885368906,1.7265138503815158,1.3812154696132597
618,Premier_League,2008,Hull,"[1, 0, 1, 1, 1, 1, 1, 0, 0, 0, 1, 0, 0, 0, 0, 0, 0, 0, 0, 1, 0, 0, 0, 0, 0, 0, 0]",27,14,13,8,7,1,14.886088999921519,123.85463043407195,45.22840343735866
619,Premier_League,2008,Liverpool,"[1, 1, 1, 1, 1, 1, 1, 1, 0, 1, 1, 1, 1, 1, 1, 1, 0, 1, 1, 1, 1, 1, 1, 1, 1, 1, 1]",27,14,13,25,13,12,1.5815225649569464,2.0908247390999124,1.4144271570014144
620,Premier_League,2008,Man City,"[0, 1, 1, 0, 1, 0, 0, 1, 0, 0, 0, 1, 0, 0, 0, 1, 1, 1, 0, 1, 0, 0, 1, 0, 1, 0, 0, 1, 1, 1, 0, 0, 1]",33,17,16,15,7,8,1.3661355505795445,1.4398117926016152,1.2578616352201257
621,Premier_League,2008,Man United,"[1, 0, 1, 1, 1, 1, 1, 0, 1, 1, 1, 1, 1, 1, 1, 1, 1, 1, 1, 1, 1, 1, 0, 0, 1, 1, 1, 1, 1, 1, 1, 1]",32,16,16,28,14,14,1.6338126400690434,2.0,1.4184397163120568
622,Premier_League,2008,Middlesbrough,"[1, 0, 1, 0, 0, 0, 1, 0, 1, 1, 0, 0, 0, 0, 0, 0, 0, 0, 1, 0, 0, 0, 1, 0, 0, 0, 0]",27,14,13,7,5,2,3.275052459136128,8.755765206813042,4.444444444444445
623,Premier_League,2008,Newcastle,"[1, 0, 0, 0, 0, 0, 1, 1, 0, 1, 1, 0, 0, 0, 0, 1, 0, 0, 0, 0, 0, 0, 1, 0, 0]",25,13,12,7,5,2,3.2926615611315295,8.877048632583316,4.149377593360996
624,Premier_League,2008,Portsmouth,"[0, 0, 1, 1, 0, 1, 1, 0, 0, 1, 1, 0, 0, 0, 0, 0, 0, 0, 1, 0, 1, 1, 0, 0, 0, 1, 0]",27,14,13,10,6,4,2.2799905565484173,3.8777810582059935,2.506265664160401
625,Premier_League,2008,Stoke,"[0, 1, 0, 0, 0, 0, 1, 0, 1, 1, 0, 1, 0, 0, 0, 0, 0, 1, 0, 1, 0, 1, 1, 1, 0, 0, 1, 1, 0]",29,15,14,12,5,7,1.214734340436965,1.2213665586351092,1.1173184357541899
626,Premier_League,2008,Sunderland,"[0, 1, 0, 1, 0, 1, 0, 0, 0, 1, 0, 0, 0, 1, 1, 0, 0, 1, 1, 0, 0, 0, 0, 0, 1, 0, 0, 0, 0]",29,15,14,9,6,3,3.0836058245481537,7.141884251888991,4.0
627,Premier_League,2008,Tottenham,"[0, 0, 0, 0, 0, 0, 1, 1, 1, 0, 1, 0, 1, 0, 0, 0, 1, 0, 1, 1, 1, 1, 0, 1, 1, 0, 1, 1, 0]",29,15,14,14,5,9,1.0758230970182174,1.050170242609728,1.016260162601626
628,Premier_League,2008,West Brom,"[0, 0, 1, 0, 1, 1, 0, 0, 0, 0, 0, 0, 0, 0, 1, 0, 1, 0, 1, 0, 0, 0, 0, 0, 0, 0, 1, 0, 1, 0]",30,15,15,8,4,4,1.5862804490834466,2.0,1.550387596899225
629,Premier_League,2008,West Ham,"[1, 0, 1, 0, 1, 1, 0, 0, 0, 0, 0, 1, 0, 0, 1, 1, 1, 1, 0, 0, 1, 1, 1, 0, 0, 1, 0, 0, 1]",29,15,14,14,6,8,1.2136503743554463,1.2164843668925804,1.1001100110011002
630,Premier_League,2008,Wigan,"[0, 0, 1, 1, 0, 0, 0, 0, 1, 1, 1, 0, 1, 1, 1, 1, 0, 0, 0, 0, 1, 1, 0, 0, 0, 0, 0, 0, 1]",29,15,14,12,8,4,4.083455123877158,11.358749492184556,6.410256410256411
631,Premier_League,2009,Arsenal,"[1, 1, 0, 0, 1, 1, 1, 1, 1, 1, 0, 0, 1, 1, 1, 1, 1, 1, 1, 0, 0, 1, 1, 1, 1, 1, 1, 1, 0, 0, 0, 1]",32,16,16,23,12,11,2.0691409914532803,2.881065531983058,1.9455252918287937
632,Premier_League,2009,Aston Villa,"[0, 1, 1, 1, 1, 0, 1, 0, 1, 1, 1, 1, 1, 0, 0, 1, 1, 1, 0, 1, 1, 1, 1, 0, 0]",25,13,12,17,10,7,3.023293595710204,6.259805731294259,3.4246575342465753
633,Premier_League,2009,Birmingham,"[0, 1, 0, 0, 1, 0, 0, 0, 1, 1, 1, 1, 1, 1, 1, 0, 1, 0, 0, 1, 1, 0, 0, 0, 0, 1, 0]",27,14,13,13,8,5,2.9523787926769582,6.029675402422016,3.7313432835820897
634,Premier_League,2009,Blackburn,"[0, 0, 1, 0, 1, 0, 1, 0, 0, 1, 1, 0, 0, 0, 0, 1, 1, 0, 1, 1, 0, 0, 1, 1, 0, 1, 1]",27,14,13,13,5,8,1.1191361179045518,1.0986839253964997,1.0515247108307044
635,Premier_League,2009,Bolton,"[0, 0, 0, 1, 1, 0, 1, 0, 0, 0, 0, 1, 0, 0, 1, 0, 0, 0, 1, 1, 0, 1, 0, 0, 0, 0, 1, 0, 1]",29,15,14,10,5,5,1.5243442158298037,1.8063123857418013,1.4064697609001406
636,Premier_League,2009,Burnley,"[0, 1, 1, 0, 0, 1, 0, 1, 0, 0, 1, 0, 0, 0, 0, 0, 0, 0, 1, 0, 0, 0, 0, 0, 0, 0, 0, 1, 0, 0, 0, 1]",32,16,16,8,5,3,2.4692143901991512,4.828396632130076,2.7472527472527473
637,Premier_League,2009,Chelsea,"[1, 1, 1, 1, 1, 1, 0, 1, 0, 1, 1, 1, 1, 1, 0, 1, 1, 1, 1, 1, 1, 0, 1, 0, 1, 1, 1, 1, 1, 0, 1, 1, 1]",33,17,16,27,14,13,1.7321654515180742,2.14002566924764,1.5797788309636651
638,Premier_League,2009,Everton,"[0, 0, 1, 0, 1, 1, 0, 1, 0, 0, 0, 1, 1, 1, 1, 0, 1, 1, 0, 1, 1, 1, 1, 1, 1]",25,13,12,16,6,10,1.0379886622278,1.027223895953547,1.0070493454179255
639,Premier_League,2009,Fulham,"[1, 0, 0, 1, 0, 0, 1, 1, 0, 1, 1, 1, 0, 0, 0, 0, 0, 1, 1, 1, 0, 0, 0, 1, 0, 1, 0, 0]",28,14,14,12,7,5,2.5063847919407776,4.494293967166614,2.8901734104046244
640,Premier_League,2009,Hull,"[0, 0, 1, 0, 0, 0, 1, 0, 0, 1, 1, 0, 0, 0, 0, 1, 0, 0, 0, 0, 0, 1, 0, 0, 0, 0]",26,13,13,6,4,2,2.5408985452370243,5.683759506913711,3.1545741324921135
641,Premier_League,2009,Liverpool,"[0, 1, 0, 1, 1, 1, 1, 0, 0, 1, 0, 1, 0, 1, 0, 1, 1, 1, 1, 1, 0, 1, 0, 1, 0, 1, 1, 1, 0]",29,15,14,18,8,10,1.1897484842078312,1.1873622442485658,1.0940919037199124
642,Premier_League,2009,Man City,"[1, 1, 1, 1, 0, 1, 1, 0, 1, 1, 1, 1, 0, 1, 0, 1, 1, 1, 0, 1, 1, 1, 0, 1, 0]",25,13,12,18,10,8,2.2463342016918695,3.5195074581232078,2.2123893805309733
643,Premier_League,2009,Man United,"[1, 0, 1, 1, 1, 1, 1, 1, 0, 1, 0, 1, 1, 1, 0, 1, 0, 1, 1, 1, 1, 1, 1, 0, 1, 1, 1, 1, 1, 0, 1, 1, 1, 1]",34,17,17,27,12,15,1.1203310993216036,1.1131051986617722,1.0548523206751055
644,Premier_League,2009,Portsmouth,"[0, 0, 0, 0, 0, 0, 0, 1, 0, 1, 0, 0, 0, 1, 0, 1, 0, 0, 0, 0, 0, 0, 1, 0, 0, 1, 0, 0, 0, 1, 0]",31,16,15,7,4,3,1.8158189092996895,2.7051432076543205,1.8656716417910448
645,Premier_League,2009,Stoke,"[1, 0, 1, 0, 0, 1, 1, 0, 1, 0, 0, 0, 0, 1, 1, 1, 0, 0, 1, 1, 0, 0, 1, 0]",24,12,12,11,5,6,1.3895210785133645,1.5175032530974257,1.2755102040816326
646,Premier_League,2009,Sunderland,"[1, 0, 1, 0, 1, 0, 1, 1, 0, 0, 1, 0, 0, 0, 0, 0, 0, 0, 1, 1, 0, 1, 0, 1, 1, 0, 0]",27,14,13,11,6,5,1.8100308448907698,2.4499781008658434,1.845018450184502
647,Premier_League,2009,Tottenham,"[1, 1, 1, 1, 0, 0, 1, 1, 0, 0, 1, 1, 0, 1, 1, 1, 0, 1, 0, 1, 1, 1, 1, 1, 0, 1, 1, 0, 1, 1, 0]",31,16,15,21,11,10,1.7830201103701138,2.2189871038353384,1.7006802721088434
648,Premier_League,2009,West Ham,"[1, 0, 0, 0, 0, 0, 1, 0, 1, 0, 0, 0, 1, 0, 0, 1, 1, 0, 0, 0, 0, 0, 0, 1, 0, 1, 0]",27,14,13,8,4,4,1.5028513556869714,1.819094957669333,1.36986301369863
649,Premier_League,2009,Wigan,"[1, 0, 0, 0, 1, 0, 1, 0, 1, 0, 0, 1, 0, 0, 0, 1, 0, 0, 0, 0, 1, 0, 0, 1, 0, 0, 1, 0, 0]",29,15,14,9,5,4,1.8171642779963417,2.5582213856154716,1.876172607879925
650,Premier_League,2009,Wolves,"[0, 1, 0, 0, 1, 0, 0, 0, 0, 0, 1, 1, 0, 1, 0, 0, 0, 0, 1, 0, 0, 0, 1, 1, 0, 0, 1]",27,14,13,9,5,4,1.8114671956806268,2.5466317660905053,1.7985611510791366
651,Premier_League,2010,Arsenal,"[1, 1, 1, 0, 0, 1, 1, 1, 0, 1, 1, 0, 1, 1, 0, 1, 1, 1, 1, 1, 1, 1, 1, 0, 1, 0, 0]",27,14,13,19,10,9,1.7612042304154774,2.22085967034325,1.644736842105263
652,Premier_League,2010,Aston Villa,"[1, 0, 1, 0, 1, 0, 0, 1, 0, 0, 0, 1, 0, 0, 0, 1, 1, 0, 1, 0, 0, 1, 1, 0, 1, 1]",26,13,13,12,5,7,1.2530304227800353,1.275023464644205,1.145475372279496
653,Premier_League,2010,Birmingham,"[1, 0, 0, 0, 1, 0, 1, 0, 0, 1, 0, 1, 1, 0, 0, 0, 1, 1, 0, 0, 0, 0, 0]",23,12,11,8,5,3,2.3169831150268667,4.263807401259858,2.6041666666666665
654,Premier_League,2010,Blackburn,"[1, 0, 0, 1, 0, 0, 0, 1, 1, 0, 1, 0, 1, 0, 0, 1, 0, 1, 0, 1, 0, 0, 0, 0, 0, 0, 1, 1]",28,14,14,11,6,5,1.9683259886695428,2.862086060341679,2.0080321285140563
655,Premier_League,2010,Blackpool,"[1, 0, 1, 0, 0, 1, 0, 0, 1, 0, 1, 1, 1, 0, 0, 1, 0, 0, 0, 0, 0, 1, 0, 0, 0, 0, 0, 1, 0]",29,15,14,10,7,3,4.298108362791285,13.067995015264994,6.682705159048383
656,Premier_League,2010,Bolton,"[1, 0, 1, 0, 1, 1, 1, 0, 1, 0, 1, 0, 0, 0, 0, 1, 0, 1, 1, 0, 0, 1, 1, 0, 0, 0, 0, 0]",28,14,14,12,7,5,2.5063847919407776,4.494293967166614,2.7624309392265194
657,Premier_League,2010,Chelsea,"[1, 1, 1, 1, 1, 0, 1, 1, 1, 0, 1, 0, 0, 0, 1, 0, 1, 1, 1, 0, 1, 1, 1, 1, 1, 1, 1, 1, 0, 0]",30,15,15,21,10,11,1.4222079174897297,1.5271002992542166,1.2853470437017995
658,Premier_League,2010,Everton,"[0, 0, 0, 1, 1, 1, 0, 0, 1, 0, 1, 0, 1, 0, 1, 1, 1, 1, 1, 0, 1, 0, 1]",23,12,11,13,5,8,1.085787923903219,1.0714369991837749,1.0266940451745379
659,Premier_League,2010,Fulham,"[1, 0, 0, 1, 0, 0, 0, 0, 1, 0, 1, 1, 0, 1, 1, 0, 1, 0, 1, 1, 0, 1]",22,11,11,11,4,7,1.1277533039647578,1.1116206796951165,1.0471204188481675
660,Premier_League,2010,Liverpool,"[0, 1, 0, 0, 0, 1, 1, 1, 0, 1, 0, 1, 0, 0, 1, 0, 0, 1, 1, 1, 1, 0, 1, 1, 0, 1, 1, 1, 1, 0, 0]",31,16,15,17,7,10,1.1336617836420047,1.1111665162585505,1.0582010582010581
661,Premier_League,2010,Man City,"[1, 0, 1, 1, 1, 1, 0, 0, 1, 1, 1, 1, 0, 1, 1, 1, 1, 0, 1, 0, 1, 0, 1, 0, 1, 1, 0, 1, 1, 1]",30,15,15,21,11,10,2.063945400892388,2.897172134819273,1.953125
662,Premier_League,2010,Man United,"[1, 1, 1, 1, 1, 1, 1, 1, 1, 1, 1, 1, 1, 1, 1, 0, 1, 1, 0, 0, 1, 1, 1, 1, 0, 1, 1]",27,14,13,23,14,9,8.779729220955149,81.53715640163713,24.295432458697764
663,Premier_League,2010,Newcastle,"[0, 1, 0, 1, 0, 0, 1, 1, 1, 0, 0, 0, 1, 0, 0, 1, 1, 0, 1, 0, 0, 1, 0, 0, 1]",25,13,12,11,6,5,1.8011572900901784,2.4350205521816366,1.7421602787456445
664,Premier_League,2010,Stoke,"[0, 0, 0, 1, 1, 1, 0, 0, 0, 0, 1, 1, 1, 0, 1, 0, 1, 0, 1, 0, 0, 1, 0, 0, 0, 1, 0, 1, 1, 0, 0]",31,16,15,13,7,6,1.8212226163167817,2.4023004238720205,1.8148820326678765
665,Premier_League,2010,Sunderland,"[0, 1, 1, 0, 1, 1, 0, 1, 1, 0, 0, 1, 1, 1, 0, 0, 0, 0, 0, 0, 0, 0, 1, 0, 1, 0, 1]",27,14,13,12,9,3,10.022991290418943,63.88124363639353,26.343519494204426
666,Premier_League,2010,Tottenham,"[1, 0, 1, 0, 1, 1, 0, 0, 1, 1, 1, 1, 1, 1, 0, 1, 1, 1, 0, 1, 0, 0, 1, 1]",24,12,12,16,8,8,1.6476491652327578,2.0,1.5698587127158556
667,Premier_League,2010,West Brom,"[0, 1, 0, 1, 1, 1, 0, 0, 0, 0, 1, 1, 0, 0, 0, 0, 0, 1, 0, 0, 1, 1, 1, 0, 1, 0, 1]",27,14,13,12,6,6,1.5175105332061893,1.759386916159739,1.402524544179523
668,Premier_League,2010,West Ham,"[0, 0, 0, 0, 1, 0, 0, 0, 1, 0, 0, 1, 1, 0, 0, 1, 0, 1, 1, 0, 0, 0, 0, 0, 0, 0]",26,13,13,7,4,3,1.9231719424486764,3.0377264526688803,2.0408163265306123
669,Premier_League,2010,Wigan,"[0, 0, 1, 0, 1, 0, 0, 1, 0, 0, 1, 0, 0, 0, 1, 0, 0, 1, 0, 1, 0, 1, 1]",23,12,11,9,4,5,1.294771086918406,1.3810708078069203,1.160092807424594
670,Premier_League,2010,Wolves,"[1, 0, 0, 0, 0, 0, 1, 0, 0, 0, 0, 1, 0, 1, 0, 1, 0, 1, 0, 0, 0, 1, 0, 1, 1, 0, 0, 0, 1, 1, 0]",31,16,15,11,5,6,1.3478391270096877,1.4397425854163357,1.2578616352201257
671,Premier_League,2011,Arsenal,"[0, 0, 1, 0, 1, 0, 1, 1, 1, 1, 1, 1, 1, 0, 1, 1, 0, 0, 0, 1, 1, 1, 1, 1, 1, 1, 0, 1, 1, 0, 1]",31,16,15,21,11,10,1.7830201103701138,2.2189871038353384,1.6339869281045751
672,Premier_League,2011,Aston Villa,"[1, 1, 0, 0, 1, 0, 0, 1, 0, 0, 1, 0, 1, 0, 0, 1, 0, 0, 0, 0, 0]",21,11,10,7,5,2,3.342900815217388,9.236927206164427,4.3478260869565215
673,Premier_League,2011,Blackburn,"[0, 0, 0, 1, 0, 0, 0, 0, 0, 1, 0, 0, 0, 1, 0, 1, 0, 0, 1, 0, 1, 1, 0, 0, 0, 0, 0, 1, 0, 0, 0]",31,16,15,8,4,4,1.5161054609588012,1.8443340688822452,1.4577259475218658
674,Premier_League,2011,Bolton,"[1, 0, 0, 0, 0, 0, 0, 1, 0, 0, 1, 0, 0, 0, 0, 0, 1, 0, 1, 0, 1, 0, 0, 0, 0, 1, 1, 1, 0, 0, 1, 0]",32,16,16,10,3,7,1.1010830961100733,1.0678766015783263,1.0183299389002036
675,Premier_League,2011,Chelsea,"[1, 1, 1, 0, 1, 1, 1, 0, 0, 1, 0, 1, 1, 1, 0, 1, 1, 0, 1, 0, 1, 0, 1, 1, 1, 0, 0, 1]",28,14,14,18,10,8,2.623469456875555,4.648755263783788,2.6455026455026456
676,Premier_League,2011,Everton,"[0, 1, 1, 0, 0, 0, 1, 0, 0, 1, 1, 0, 0, 1, 1, 0, 0, 1, 1, 1, 0, 0, 1, 1, 1, 1, 1]",27,14,13,15,6,9,1.1108279912740078,1.0918230694676767,1.0362694300518134
677,Premier_League,2011,Fulham,"[0, 0, 1, 0, 0, 1, 0, 1, 0, 1, 0, 1, 0, 1, 0, 1, 1, 1, 0, 0, 0, 1, 1, 1, 0, 1, 1, 0]",28,14,14,14,6,8,1.2689954302532724,1.2900660638831267,1.145475372279496
678,Premier_League,2011,Liverpool,"[1, 1, 0, 0, 1, 1, 1, 1, 0, 1, 1, 1, 0, 0, 1, 0, 0, 0, 1, 0, 0, 0, 1, 0, 1, 0, 1, 0]",28,14,14,14,9,5,4.71753527209905,15.317452113908853,7.768800497203232
679,Premier_League,2011,Man City,"[1, 1, 1, 1, 1, 1, 1, 1, 1, 1, 1, 1, 0, 1, 1, 0, 1, 1, 1, 0, 1, 1, 1, 1, 0, 1, 0, 1, 1, 1, 1, 1, 1]",33,17,16,28,15,13,2.2444940360427394,3.4725730451185077,2.079002079002079
680,Premier_League,2011,Man United,"[1, 1, 1, 1, 1, 1, 0, 1, 1, 1, 1, 1, 1, 1, 1, 0, 0, 1, 1, 1, 1, 1, 1, 1, 1, 1, 1, 1, 0, 1, 0, 1, 1]",33,17,16,28,14,14,1.3856886359912752,1.5154299599902785,1.2165450121654502
681,Premier_League,2011,Newcastle,"[1, 1, 1, 1, 1, 1, 1, 0, 0, 0, 0, 1, 0, 1, 1, 0, 1, 1, 0, 0, 1, 1, 1, 1, 1, 1, 0, 1, 0, 0]",30,15,15,19,10,9,2.0399492326749757,2.837740117733257,2.0964360587002098
682,Premier_League,2011,Norwich,"[0, 0, 1, 1, 0, 1, 0, 0, 1, 0, 1, 0, 1, 1, 0, 1, 1, 0, 0, 0, 1, 0, 1, 0, 0, 0, 1]",27,14,13,12,7,5,2.2576231382650804,3.659049460573796,2.506265664160401
683,Premier_League,2011,QPR,"[0, 1, 0, 1, 0, 1, 0, 0, 1, 0, 0, 0, 0, 0, 0, 0, 1, 0, 0, 0, 0, 1, 0, 1, 0, 1, 0, 1, 0, 1, 0]",31,16,15,10,4,6,1.216497445211547,1.2284627322488924,1.1173184357541899
684,Premier_League,2011,Stoke,"[1, 1, 0, 0, 1, 0, 0, 0, 0, 1, 1, 1, 1, 0, 1, 0, 0, 0, 0, 1, 1, 0, 0, 1, 0, 0]",26,13,13,11,7,4,3.426605806796671,8.557874164771274,4.3478260869565215
685,Premier_League,2011,Sunderland,"[0, 0, 1, 0, 0, 1, 0, 0, 0, 1, 0, 1, 1, 1, 0, 1, 1, 1, 0, 0, 1, 0, 1, 0, 0, 0]",26,13,13,11,5,6,1.398057804285396,1.5283489660964467,1.2453300124533002
686,Premier_League,2011,Swansea,"[0, 0, 1, 0, 1, 0, 1, 0, 0, 1, 0, 1, 1, 0, 1, 0, 0, 1, 1, 1, 0, 0, 0, 0, 1, 0, 1]",27,14,13,12,6,6,1.5175105332061893,1.759386916159739,1.4144271570014144
687,Premier_League,2011,Tottenham,"[0, 0, 1, 1, 1, 1, 1, 1, 1, 1, 1, 1, 0, 1, 1, 1, 1, 0, 1, 1, 0, 0, 0, 1, 0, 0, 1, 1, 1]",29,15,14,20,12,8,4.060403547956142,10.88867867560566,5.609154139555755
688,Premier_League,2011,West Brom,"[0, 0, 0, 1, 0, 1, 1, 0, 0, 1, 0, 0, 1, 1, 0, 0, 0, 1, 0, 1, 1, 1, 0, 0, 0, 1, 0, 1, 1, 0]",30,15,15,13,6,7,1.426420240978409,1.553454308643979,1.3157894736842106
689,Premier_League,2011,Wigan,"[1, 0, 0, 0, 0, 0, 0, 0, 0, 1, 0, 1, 0, 0, 0, 0, 0, 1, 0, 1, 1, 0, 1, 1, 0, 1, 1, 1]",28,14,14,11,3,8,1.0548851444488196,1.0272314659787647,1.0111223458038423
690,Premier_League,2011,Wolves,"[1, 1, 0, 0, 0, 0, 0, 0, 1, 0, 0, 1, 0, 0, 0, 0, 0, 1, 0, 0, 0, 0, 0, 0, 0, 0, 0, 0]",28,14,14,5,4,1,3.8838962667037493,14.410079610760041,6.289308176100629
691,Premier_League,2012,Arsenal,"[1, 1, 0, 1, 0, 1, 0, 1, 0, 1, 1, 1, 1, 0, 0, 1, 1, 1, 1, 0, 1, 1, 1, 1, 1, 1, 1, 1]",28,14,14,21,9,12,1.1123079199226675,1.1052351064558052,1.0395010395010396
692,Premier_League,2012,Aston Villa,"[0, 0, 1, 0, 0, 0, 1, 0, 0, 1, 1, 0, 0, 0, 0, 0, 1, 0, 0, 1, 1, 0, 1, 0, 1, 1, 0]",27,14,13,10,4,6,1.199206116920428,1.2080967587926457,1.0964912280701755
693,Premier_League,2012,Chelsea,"[1, 1, 1, 1, 1, 1, 1, 0, 0, 0, 1, 1, 1, 1, 0, 1, 1, 0, 1, 0, 1, 1, 0, 1, 1, 1, 1, 1, 1]",29,15,14,22,11,11,1.4423529422195214,1.5896412206283879,1.314060446780552
694,Premier_League,2012,Everton,"[1, 1, 0, 1, 1, 1, 0, 1, 1, 1, 0, 1, 1, 0, 0, 1, 1, 1, 1, 0, 1, 1, 0]",23,12,11,16,9,7,2.2563325012552156,3.609520895309934,2.192982456140351
695,Premier_League,2012,Fulham,"[1, 0, 0, 1, 1, 0, 1, 0, 0, 0, 1, 0, 0, 0, 1, 0, 1, 0, 1, 1, 1, 0, 0, 0, 0, 0, 0, 1]",28,14,14,11,5,6,1.4047185470557153,1.5370321067848536,1.288659793814433
696,Premier_League,2012,Liverpool,"[0, 0, 0, 1, 1, 1, 0, 1, 1, 0, 1, 0, 1, 1, 0, 1, 0, 1, 1, 1, 0, 1, 1, 1, 1]",25,13,12,16,7,9,1.1563562930015143,1.1567034966686496,1.0695187165775402
697,Premier_League,2012,Man City,"[1, 1, 1, 1, 1, 1, 1, 1, 1, 0, 1, 1, 0, 1, 1, 1, 1, 0, 1, 1, 0, 1, 1, 1, 0, 1, 1, 1, 0]",29,15,14,23,13,10,3.070132652406014,6.422501078608916,3.0864197530864197
698,Premier_League,2012,Man United,"[0, 1, 1, 1, 1, 0, 1, 1, 1, 1, 1, 0, 1, 1, 1, 1, 1, 1, 1, 1, 1, 1, 1, 1, 1, 1, 1, 1, 0, 1, 1, 0, 1]",33,17,16,28,14,14,1.3856886359912752,1.5154299599902785,1.2406947890818858
699,Premier_League,2012,Newcastle,"[1, 0, 1, 0, 1, 0, 0, 0, 0, 1, 0, 0, 1, 0, 0, 0, 0, 1, 1, 0, 1, 0, 1, 0, 0, 1, 0, 0, 1, 0]",30,15,15,11,5,6,1.4100571929439547,1.5441465800036185,1.2903225806451613
700,Premier_League,2012,Norwich,"[0, 0, 0, 0, 1, 1, 1, 1, 1, 1, 0, 0, 0, 0, 0, 1, 0, 0, 0, 1, 0, 0, 1, 1]",24,12,12,10,6,4,2.5534582227681693,4.906459000638238,2.816901408450704
701,Premier_League,2012,QPR,"[0, 0, 0, 0, 0, 0, 0, 0, 0, 1, 0, 0, 0, 1, 0, 0, 1, 1, 0, 0, 0, 0, 0, 0, 0]",25,13,12,4,1,3,1.1253258519008256,1.1352481271084158,1.0416666666666667
702,Premier_League,2012,Reading,"[0, 0, 0, 0, 1, 0, 0, 0, 0, 0, 0, 0, 1, 0, 1, 1, 1, 0, 0, 0, 0, 0, 0, 0, 0, 1, 0, 0]",28,14,14,6,2,4,1.19392127873262,1.2172716140370454,1.0764262648008611
703,Premier_League,2012,Southampton,"[0, 0, 0, 0, 1, 0, 0, 0, 0, 1, 1, 0, 1, 0, 1, 0, 1, 0, 0, 1, 1, 1, 0, 0]",24,12,12,9,3,6,1.133480333139697,1.1147670582566984,1.0493179433368311
704,Premier_League,2012,Stoke,"[0, 1, 0, 0, 1, 1, 1, 1, 1, 0, 0, 0, 0, 1, 0, 0, 0, 0, 0, 0, 1, 1, 0]",23,12,11,9,6,3,3.1524310523127923,7.558906938085354,4.291845493562231
705,Premier_League,2012,Sunderland,"[1, 0, 0, 0, 1, 0, 0, 0, 1, 0, 1, 1, 0, 0, 1, 1, 0, 0, 0, 0, 0, 0, 1, 1, 0, 0]",26,13,13,9,5,4,1.9517684369333521,2.9404417872016517,1.9801980198019802
706,Premier_League,2012,Swansea,"[1, 1, 0, 0, 0, 1, 0, 1, 1, 1, 0, 0, 1, 1, 0, 1, 0, 1, 0, 0, 0, 0, 1, 0, 0]",25,13,12,11,7,4,3.033829299860689,6.623806683184078,3.8910505836575875
707,Premier_League,2012,Tottenham,"[0, 1, 1, 1, 1, 0, 1, 0, 0, 0, 1, 1, 1, 0, 1, 1, 1, 1, 1, 1, 1, 1, 0, 0, 1, 1, 1, 1, 1]",29,15,14,21,9,12,1.0741654582844626,1.0647206094192052,1.0245901639344261
708,Premier_League,2012,West Brom,"[1, 1, 0, 1, 1, 0, 0, 1, 1, 1, 1, 0, 0, 0, 1, 1, 0, 0, 0, 0, 0, 1, 1, 0, 1, 0, 0, 1, 0, 0, 0]",31,16,15,14,10,4,8.481570070008695,44.32064260608884,20.21018593371059
709,Premier_League,2012,West Ham,"[1, 0, 1, 1, 0, 1, 0, 1, 0, 0, 1, 0, 0, 0, 1, 0, 0, 0, 1, 0, 0, 1, 0, 1, 1, 0, 0, 1]",28,14,14,12,6,6,1.6379481654980252,2.0,1.5151515151515151
710,Premier_League,2012,Wigan,"[0, 1, 0, 0, 0, 0, 1, 1, 0, 0, 1, 0, 0, 0, 0, 0, 1, 0, 0, 0, 1, 0, 1, 1, 0, 0, 1, 0, 0]",29,15,14,9,4,5,1.3267542937818892,1.4272484050108833,1.203369434416366
711,Premier_League,2013,Arsenal,"[0, 1, 1, 1, 1, 1, 1, 1, 1, 0, 1, 1, 1, 0, 1, 1, 1, 1, 1, 1, 0, 1, 0, 1, 0, 0, 1, 1, 1, 1, 1]",31,16,15,24,13,11,2.2257622232100682,3.3427568975870385,2.109704641350211
712,Premier_League,2013,Aston Villa,"[1, 0, 0, 0, 1, 1, 0, 0, 1, 1, 0, 0, 0, 0, 1, 0, 1, 0, 0, 0, 1, 1, 0, 0, 0, 0, 0, 1, 0, 0]",30,15,15,10,6,4,2.4748506697611243,4.5601919865237965,2.808988764044944
713,Premier_League,2013,Cardiff,"[0, 1, 0, 1, 0, 0, 1, 0, 0, 0, 1, 0, 0, 0, 0, 0, 0, 1, 0, 0, 0, 1, 0, 0, 0, 1, 0, 0, 0]",29,15,14,7,4,3,1.8120484192171662,2.695946560408866,1.890359168241966
714,Premier_League,2013,Chelsea,"[1, 1, 0, 1, 1, 1, 1, 0, 1, 1, 1, 0, 1, 1, 1, 1, 1, 1, 1, 1, 1, 1, 1, 0, 1, 0, 1, 1, 0, 1, 1]",31,16,15,25,13,12,1.7319403675500633,2.150885509061355,1.5337423312883436
715,Premier_League,2013,Crystal Palace,"[0, 0, 1, 0, 0, 0, 0, 0, 0, 0, 1, 0, 1, 1, 0, 0, 1, 0, 0, 1, 1, 0, 1, 0, 0, 0, 1, 1, 1, 1, 1, 0]",32,16,16,13,4,9,1.0691559560908022,1.037296180137538,1.0183299389002036
716,Premier_League,2013,Everton,"[1, 1, 1, 0, 1, 1, 1, 1, 1, 1, 0, 1, 1, 0, 1, 0, 0, 1, 1, 1, 1, 1, 1, 1, 0, 1, 0, 0, 1]",29,15,14,21,12,9,2.960677196808087,5.812522545340308,3.4482758620689653
717,Premier_League,2013,Fulham,"[1, 0, 0, 0, 0, 1, 1, 0, 0, 0, 0, 0, 0, 1, 0, 0, 1, 0, 1, 0, 0, 0, 0, 0, 0, 0, 1, 0, 0, 1, 1, 0, 0]",33,17,16,9,5,4,1.826072375116226,2.5769701834619956,1.8552875695732838
718,Premier_League,2013,Hull,"[0, 1, 0, 1, 1, 0, 0, 1, 0, 0, 1, 0, 0, 1, 0, 0, 0, 0, 1, 0, 1, 0, 0, 1, 0, 0, 1, 0, 0, 0, 0]",31,16,15,10,6,4,2.277106407302008,3.8532421201033102,2.304147465437788
719,Premier_League,2013,Liverpool,"[1, 1, 1, 0, 1, 1, 1, 0, 1, 0, 1, 1, 1, 1, 0, 0, 1, 1, 1, 1, 1, 1, 1, 1, 1, 1, 1, 1, 1, 1, 0, 1]",32,16,16,26,11,15,1.0374222121779535,1.0362916254181271,1.0040160642570282
720,Premier_League,2013,Man City,"[1, 0, 1, 1, 0, 1, 1, 0, 1, 0, 1, 1, 1, 1, 1, 1, 1, 1, 1, 1, 1, 0, 1, 1, 1, 1, 1, 0, 1, 1, 1, 1, 1]",33,17,16,27,13,14,1.2250584642966895,1.259171243948532,1.1098779134295227
721,Premier_League,2013,Man United,"[1, 0, 1, 0, 0, 1, 1, 1, 1, 0, 0, 1, 1, 1, 1, 0, 1, 0, 1, 0, 1, 1, 0, 1, 0, 1, 1, 0, 1, 0, 1]",31,16,15,19,10,9,1.7978820450629376,2.2562155527070686,1.6286644951140066
722,Premier_League,2013,Newcastle,"[0, 1, 1, 0, 0, 1, 0, 1, 1, 1, 1, 0, 1, 1, 1, 0, 0, 0, 1, 0, 0, 0, 1, 1, 0, 1, 0, 0, 0, 0, 0, 0, 1, 0]",34,17,17,15,10,5,6.076255277324689,23.76102529945391,12.078753472641623
723,Premier_League,2013,Norwich,"[0, 1, 0, 0, 1, 0, 0, 0, 1, 0, 1, 0, 1, 0, 0, 0, 1, 0, 0, 1, 0, 0, 1, 0, 0, 0, 0, 0, 0]",29,15,14,8,5,3,2.312646433765005,4.22367554689059,2.7472527472527473
724,Premier_League,2013,Southampton,"[1, 0, 1, 1, 1, 1, 1, 0, 0, 0, 0, 1, 0, 0, 1, 1, 1, 0, 0, 1, 1, 0, 1, 0, 0, 1, 1]",27,14,13,15,7,8,1.316508931008271,1.3760742381167328,1.187648456057007
725,Premier_League,2013,Stoke,"[0, 1, 1, 0, 0, 0, 0, 1, 0, 1, 1, 0, 0, 0, 0, 0, 1, 0, 1, 1, 1, 1, 0, 1, 0, 1, 1]",27,14,13,13,5,8,1.1191361179045518,1.0986839253964997,1.0330578512396693
726,Premier_League,2013,Sunderland,"[0, 0, 0, 0, 0, 0, 0, 1, 0, 1, 0, 0, 0, 1, 0, 1, 1, 1, 0, 0, 0, 0, 0, 0, 0, 1, 1, 1, 1, 0]",30,15,15,10,3,7,1.0967697479454057,1.0645858982458871,1.02880658436214
727,Premier_League,2013,Swansea,"[0, 0, 1, 1, 0, 0, 1, 0, 1, 0, 1, 0, 0, 0, 0, 0, 1, 0, 1, 0, 0, 0, 1, 0, 0, 1, 1, 0, 1]",29,15,14,11,5,6,1.3381468479420802,1.4258931511871338,1.2224938875305624
728,Premier_League,2013,Tottenham,"[1, 1, 0, 1, 1, 0, 1, 1, 0, 0, 1, 1, 0, 1, 1, 1, 1, 1, 0, 1, 1, 0, 1, 0, 0, 1, 0, 1, 1, 1, 0, 1]",32,16,16,21,11,10,2.046084089127887,2.8178989916434563,1.9305019305019304
729,Premier_League,2013,West Brom,"[0, 0, 1, 1, 0, 1, 0, 0, 0, 0, 1, 0, 0, 0, 0, 1, 0, 1, 0, 1, 0, 0, 0]",23,12,11,7,4,3,1.7959676272013094,2.6583380892469943,1.8115942028985508
730,Premier_League,2013,West Ham,"[1, 0, 0, 0, 1, 0, 0, 0, 1, 0, 0, 0, 0, 0, 1, 0, 1, 1, 1, 1, 0, 0, 0, 1, 1, 0, 0, 0, 0, 1, 0]",31,16,15,11,4,7,1.13799765185277,1.1158677033977469,1.050420168067227
731,Premier_League,2014,Arsenal,"[1, 1, 0, 1, 1, 0, 0, 1, 1, 0, 1, 1, 1, 0, 1, 1, 1, 0, 1, 1, 1, 1, 1, 1, 1, 1, 1, 0, 1]",29,15,14,22,10,12,1.1287348262605967,1.1305757742961293,1.044932079414838
732,Premier_League,2014,Aston Villa,"[1, 1, 1, 0, 0, 0, 0, 0, 0, 1, 1, 0, 0, 0, 0, 0, 0, 0, 0, 0, 1, 1, 0, 0, 1, 0, 1, 1, 0, 0]",30,15,15,10,5,5,1.6171499702466807,2.0,1.4880952380952381
733,Premier_League,2014,Burnley,"[0, 0, 0, 0, 0, 0, 1, 1, 0, 1, 0, 0, 1, 0, 0, 0, 0, 0, 1, 0, 0, 0, 0, 0, 1, 1]",26,13,13,7,4,3,1.9231719424486764,3.0377264526688803,1.9230769230769231
734,Premier_League,2014,Chelsea,"[1, 1, 1, 1, 1, 1, 1, 1, 1, 1, 1, 0, 1, 1, 1, 0, 1, 1, 1, 1, 1, 1, 1, 1, 1, 1, 1, 0, 1]",29,15,14,26,14,12,2.30952040080343,3.993591197600572,2.178649237472767
735,Premier_League,2014,Crystal Palace,"[0, 0, 1, 1, 0, 0, 0, 0, 1, 0, 0, 0, 1, 1, 0, 1, 0, 1, 0, 1, 1, 1, 1, 0, 0, 0, 0, 1, 1]",29,15,14,13,5,8,1.1315443717727154,1.1096503965983031,1.0526315789473684
736,Premier_League,2014,Everton,"[0, 1, 0, 0, 1, 1, 1, 0, 0, 1, 0, 0, 0, 0, 1, 0, 0, 0, 1, 1, 1, 1, 1, 0, 0, 1, 0]",27,14,13,12,5,7,1.2022146177738968,1.207325242747786,1.092896174863388
737,Premier_League,2014,Hull,"[1, 0, 0, 1, 0, 0, 0, 0, 0, 0, 1, 0, 1, 0, 0, 0, 1, 1, 0, 0, 0, 0, 1, 1, 0, 0, 0]",27,14,13,8,4,4,1.5028513556869714,1.819094957669333,1.3966480446927374
738,Premier_League,2014,Leicester,"[0, 1, 1, 0, 0, 0, 0, 0, 0, 0, 0, 0, 0, 0, 1, 1, 0, 0, 0, 0, 0, 0, 1, 1, 1, 1, 0, 1, 1, 1]",30,15,15,11,3,8,1.059831174898504,1.0299616620477783,1.016260162601626
739,Premier_League,2014,Liverpool,"[1, 0, 1, 0, 0, 1, 1, 0, 0, 0, 1, 1, 0, 1, 1, 1, 1, 1, 1, 1, 1, 1, 1, 0, 0, 1, 0, 1, 0, 0]",30,15,15,18,8,10,1.2775923302793615,1.2953842236711037,1.1641443538998837
740,Premier_League,2014,Man City,"[1, 1, 0, 1, 1, 1, 0, 1, 1, 1, 1, 1, 1, 1, 1, 1, 0, 1, 1, 0, 1, 0, 1, 0, 0, 1, 1, 1, 1, 1, 1]",31,16,15,24,14,10,4.223812925879863,12.075631429254784,5.524861878453039
741,Premier_League,2014,Man United,"[0, 1, 0, 1, 1, 0, 1, 1, 1, 1, 1, 1, 1, 0, 1, 1, 1, 0, 1, 1, 1, 1, 1, 1, 0, 0, 0, 1]",28,14,14,20,10,10,1.6668659918797977,2.0,1.5432098765432098
742,Premier_League,2014,Newcastle,"[0, 0, 0, 1, 1, 1, 1, 1, 0, 1, 0, 0, 0, 1, 0, 0, 1, 0, 1, 0, 0, 0, 0, 0, 0, 0, 0, 0, 1]",29,15,14,10,7,3,4.298108362791285,13.067995015264994,6.677350427350428
743,Premier_League,2014,QPR,"[0, 0, 1, 0, 0, 0, 0, 1, 0, 0, 1, 0, 1, 0, 1, 0, 0, 0, 0, 0, 1, 0, 0, 0, 0, 0, 1, 0, 0, 0, 1, 0]",32,16,16,8,5,3,2.4692143901991512,4.828396632130076,2.881844380403458
744,Premier_League,2014,Southampton,"[0, 1, 1, 1, 1, 0, 1, 1, 1, 1, 0, 0, 0, 0, 1, 1, 1, 1, 1, 0, 1, 0, 0, 1, 1, 0, 1, 0, 0, 0, 1, 0]",32,16,16,18,10,8,2.517949205927246,4.2013850488496525,2.7624309392265194
745,Premier_League,2014,Stoke,"[0, 1, 0, 1, 0, 1, 0, 1, 0, 0, 0, 1, 0, 1, 1, 0, 1, 1, 0, 1, 1, 1, 0, 0, 0, 1, 0, 1, 1]",29,15,14,15,7,8,1.3365817510220201,1.4011932769302333,1.2285012285012284
746,Premier_League,2014,Sunderland,"[0, 1, 0, 0, 1, 0, 1, 0, 0, 0, 0, 1, 0, 0, 0, 0, 1, 0, 1, 1, 0]",21,11,10,7,3,4,1.2708548553719,1.366710012733838,1.1723329425556859
747,Premier_League,2014,Swansea,"[1, 1, 1, 0, 0, 0, 1, 1, 0, 1, 0, 0, 1, 1, 0, 0, 1, 0, 1, 1, 0, 0, 1, 1, 0, 1, 1, 1, 0, 0]",30,15,15,16,8,8,1.6683818641526431,2.0,1.5797788309636651
748,Premier_League,2014,Tottenham,"[1, 1, 0, 0, 1, 0, 0, 1, 0, 1, 1, 0, 1, 1, 1, 1, 0, 1, 1, 1, 0, 1, 1, 0, 1, 0, 1, 0, 0, 1, 1]",31,16,15,19,10,9,1.7978820450629376,2.2562155527070686,1.7361111111111112
749,Premier_League,2014,West Brom,"[0, 0, 1, 1, 0, 1, 0, 0, 0, 0, 1, 0, 0, 0, 1, 0, 1, 1, 0, 1, 0, 0, 0, 1, 1, 1, 0]",27,14,13,11,4,7,1.1207238255659844,1.0999339125778373,1.044932079414838
750,Premier_League,2014,West Ham,"[0, 1, 0, 1, 0, 1, 1, 1, 0, 1, 1, 1, 1, 0, 0, 1, 0, 0, 0, 0, 1, 0, 0, 1, 0, 0, 0]",27,14,13,12,9,3,10.022991290418943,63.88124363639353,26.089225150013046
751,Premier_League,2015,Arsenal,"[0, 1, 1, 1, 0, 1, 1, 1, 1, 1, 0, 1, 1, 1, 0, 1, 1, 0, 1, 1, 0, 0, 1, 1, 1, 1, 1]",27,14,13,20,11,9,2.238201664125662,3.4482962377163235,2.197802197802198
752,Premier_League,2015,Aston Villa,"[1, 0, 0, 0, 0, 0, 0, 0, 0, 0, 0, 0, 0, 0, 0, 1, 0, 1, 0, 0, 0, 0, 0, 0, 0, 0, 0, 0, 0, 0]",30,15,15,3,1,2,1.2255819181281233,1.3724975073949208,1.1402508551881414
753,Premier_League,2015,Bournemouth,"[0, 0, 1, 0, 1, 0, 0, 0, 0, 0, 1, 1, 1, 0, 0, 1, 1, 0, 0, 1, 1, 1, 0, 0, 1, 0, 0, 0, 0]",29,15,14,11,5,6,1.3381468479420802,1.4258931511871338,1.2106537530266344
754,Premier_League,2015,Chelsea,"[0, 1, 0, 0, 1, 0, 1, 0, 0, 0, 1, 0, 0, 1, 1, 1, 1, 1, 1, 1, 0, 0, 1, 0]",24,12,12,12,4,8,1.0787463787200422,1.0540020228102087,1.016260162601626
755,Premier_League,2015,Crystal Palace,"[1, 0, 1, 1, 0, 0, 1, 1, 0, 0, 1, 0, 1, 1, 1, 0, 0, 0, 0, 0, 0, 0, 0, 0, 1, 0, 0, 1, 0]",29,15,14,11,9,2,18.233382512753504,178.0093914426987,70.12622720897616
756,Premier_League,2015,Everton,"[1, 0, 1, 1, 0, 0, 1, 1, 0, 1, 0, 0, 1, 1, 0, 1, 0, 0, 0, 0, 1, 0, 0, 1]",24,12,12,11,6,5,1.9867909498578886,2.932355002629788,2.0618556701030926
757,Premier_League,2015,Leicester,"[1, 1, 1, 0, 1, 1, 1, 1, 1, 1, 1, 1, 0, 1, 1, 1, 1, 0, 1, 1, 1, 1, 1, 1, 1, 1]",26,13,13,23,11,12,1.2549350830181452,1.3692202080625517,1.1185682326621924
758,Premier_League,2015,Liverpool,"[1, 1, 0, 0, 1, 1, 0, 1, 1, 0, 0, 1, 1, 0, 0, 1, 0, 1, 1, 1, 0, 1, 1, 1, 0, 1]",26,13,13,16,8,8,1.6573792268189893,2.0,1.5723270440251573
759,Premier_League,2015,Man City,"[1, 1, 1, 1, 1, 0, 0, 1, 1, 1, 0, 1, 0, 1, 0, 1, 1, 1, 1, 0, 0, 0, 1, 0, 1, 1, 1, 1, 0]",29,15,14,19,10,9,1.7822531048924324,2.2402141126481725,1.680672268907563
760,Premier_League,2015,Man United,"[1, 1, 0, 1, 1, 1, 0, 1, 1, 1, 0, 0, 0, 1, 1, 0, 1, 0, 1, 1, 0, 1, 1, 0, 1, 1, 1, 0, 1]",29,15,14,19,10,9,1.7822531048924324,2.2402141126481725,1.669449081803005
761,Premier_League,2015,Newcastle,"[0, 0, 0, 0, 0, 1, 0, 1, 0, 0, 1, 1, 0, 0, 0, 1, 0, 0, 1, 0, 0, 0, 0, 0, 0, 1, 1, 1]",28,14,14,9,4,5,1.3819950543360615,1.5217617602932303,1.2406947890818858
762,Premier_League,2015,Norwich,"[0, 1, 0, 1, 0, 0, 0, 0, 1, 0, 0, 1, 0, 1, 1, 0, 0, 0, 0, 0, 0, 0, 0, 1, 1, 0, 0, 0, 0, 1, 0]",31,16,15,9,6,3,3.068932870970817,7.0573966406618664,3.5335689045936394
763,Premier_League,2015,Southampton,"[0, 1, 0, 1, 1, 1, 1, 0, 0, 0, 0, 1, 0, 0, 1, 1, 1, 1, 1, 0, 0, 1, 1, 0, 1, 1, 1, 1, 1]",29,15,14,18,7,11,1.0580269137100597,1.0399460889896046,1.0224948875255624
764,Premier_League,2015,Stoke,"[0, 0, 0, 1, 1, 1, 0, 1, 1, 0, 1, 0, 1, 1, 0, 1, 0, 0, 0, 1, 1, 1, 0, 1, 0, 0, 0, 0, 1]",29,15,14,14,8,6,2.2392671791806773,3.492564201602757,2.4390243902439024
765,Premier_League,2015,Sunderland,"[0, 0, 0, 0, 0, 0, 1, 0, 0, 1, 1, 0, 0, 0, 0, 0, 1, 1, 0, 0, 1, 0, 0, 1, 1, 1]",26,13,13,9,3,6,1.1404595918962377,1.1212023997753857,1.0515247108307044
766,Premier_League,2015,Swansea,"[1, 1, 0, 0, 0, 1, 0, 0, 0, 0, 0, 1, 0, 0, 1, 1, 0, 0, 1, 1, 0, 1, 1, 0, 0, 1, 1]",27,14,13,12,4,8,1.0689553436212915,1.044374195426154,1.0204081632653061
767,Premier_League,2015,Tottenham,"[0, 1, 1, 1, 1, 1, 1, 0, 1, 1, 1, 0, 1, 1, 1, 1, 1, 1, 0, 1, 1, 1, 1, 0, 0]",25,13,12,19,10,9,1.7308507224448817,2.1967338249334194,1.5432098765432098
768,Premier_League,2015,Watford,"[0, 1, 1, 0, 0, 1, 1, 0, 0, 1, 1, 1, 1, 0, 0, 0, 0, 1, 0, 1, 0, 0, 0, 0, 1, 0, 1, 0, 0]",29,15,14,12,8,4,4.083455123877158,11.358749492184556,6.211180124223603
769,Premier_League,2015,West Brom,"[0, 0, 1, 1, 0, 0, 1, 1, 0, 0, 1, 0, 0, 1, 1, 0, 0, 1, 1, 1, 0, 0, 0, 0, 0]",25,13,12,10,5,5,1.503287936727688,1.770193161216196,1.349527665317139
770,Premier_League,2015,West Ham,"[1, 0, 0, 1, 1, 1, 1, 1, 0, 0, 1, 1, 1, 0, 1, 0, 1, 1, 1, 1, 1, 0, 1, 0]",24,12,12,16,8,8,1.6476491652327578,2.0,1.5527950310559007
771,Premier_League,2016,Arsenal,"[0, 1, 1, 1, 1, 1, 1, 1, 1, 1, 1, 0, 0, 1, 1, 1, 1, 0, 0, 1, 0, 0, 1, 0, 1, 1, 0, 1, 1, 1, 1, 1]",32,16,16,23,13,10,3.5713133228949046,8.396836156385978,4.830917874396135
772,Premier_League,2016,Bournemouth,"[0, 0, 1, 0, 1, 1, 0, 0, 1, 0, 1, 0, 1, 0, 0, 1, 0, 0, 0, 0, 0, 1, 1, 0, 0, 1, 1, 1]",28,14,14,12,6,6,1.6379481654980252,2.0,1.5220700152207
773,Premier_League,2016,Burnley,"[0, 1, 0, 0, 1, 0, 0, 1, 1, 0, 0, 0, 1, 0, 0, 1, 1, 0, 1, 0, 1, 0, 0, 0, 0, 1, 0, 0, 1, 0, 0]",31,16,15,11,6,5,1.8232794953008047,2.473584629491664,1.8050541516245486
774,Premier_League,2016,Chelsea,"[1, 1, 1, 0, 0, 1, 1, 1, 1, 1, 1, 1, 1, 1, 1, 1, 1, 1, 0, 1, 1, 1, 1, 1, 1, 0, 1, 1, 0, 1, 1, 1, 1, 1, 1]",35,18,17,30,16,14,2.24114546229291,3.443775437325638,2.1141649048625792
775,Premier_League,2016,Crystal Palace,"[0, 0, 1, 1, 1, 0, 0, 0, 0, 0, 0, 1, 0, 0, 0, 0, 0, 0, 1, 0, 0, 1, 1, 1, 1, 0, 1, 1, 0, 0, 0, 1, 0]",33,17,16,12,4,8,1.0915394049848879,1.0605300047045927,1.0245901639344261
776,Premier_League,2016,Everton,"[1, 1, 1, 1, 0, 0, 1, 0, 0, 0, 1, 0, 1, 1, 1, 1, 1, 1, 0, 1, 1, 0, 1, 1, 0, 0, 1, 0]",28,14,14,17,8,9,1.4245592388561574,1.537032106784853,1.277139208173691
777,Premier_League,2016,Hull,"[1, 1, 0, 0, 0, 0, 0, 0, 0, 1, 0, 0, 0, 0, 0, 0, 1, 0, 1, 0, 0, 1, 0, 1, 1, 0, 0, 1, 0, 0, 0]",31,16,15,9,3,6,1.1281393102293154,1.1066290067162186,1.044932079414838
778,Premier_League,2016,Leicester,"[0, 1, 0, 1, 0, 0, 1, 0, 0, 0, 1, 0, 0, 1, 0, 0, 0, 0, 0, 1, 1, 1, 1, 1, 0, 0, 1, 1, 0, 0]",30,15,15,12,5,7,1.2708146454542482,1.2953842236711035,1.1494252873563218
779,Premier_League,2016,Liverpool,"[1, 0, 1, 1, 1, 1, 1, 1, 1, 1, 0, 1, 1, 1, 1, 0, 0, 1, 0, 1, 1, 1, 1, 1, 0, 1, 1, 1]",28,14,14,22,12,10,2.843482019820793,5.602534042157461,3.076923076923077
780,Premier_League,2016,Man City,"[1, 1, 1, 1, 1, 1, 0, 1, 1, 1, 0, 0, 1, 1, 1, 0, 1, 0, 1, 1, 1, 1, 0, 1, 1, 1, 1, 1, 1]",29,15,14,23,12,11,1.731660653462399,2.1635809693258823,1.557632398753894
781,Premier_League,2016,Man United,"[1, 1, 1, 0, 0, 1, 0, 1, 1, 1, 1, 1, 1, 1, 1, 1, 1, 1, 1, 1, 0, 0, 1]",23,12,11,18,9,9,1.3765631932241689,1.529172399526806,1.2019230769230769
782,Premier_League,2016,Middlesbrough,"[1, 0, 0, 0, 0, 1, 0, 1, 0, 0, 1, 0, 0, 0, 0, 0, 0, 0, 0, 0, 0, 1, 0, 0, 0]",25,13,12,5,4,1,3.6379788070917107,12.408657587544567,6.0606060606060606
783,Premier_League,2016,Southampton,"[0, 0, 1, 1, 1, 0, 0, 1, 0, 1, 1, 0, 0, 0, 0, 1, 0, 0, 1, 1, 0, 1, 1, 0, 0, 0, 1, 0]",28,14,14,12,6,6,1.6379481654980252,2.0,1.5267175572519085
784,Premier_League,2016,Stoke,"[0, 0, 0, 0, 1, 1, 1, 0, 1, 1, 0, 0, 0, 1, 1, 0, 1, 0, 1, 0, 0, 0, 0, 1, 0, 0, 1]",27,14,13,11,6,5,1.8100308448907698,2.4499781008658434,1.7241379310344827
785,Premier_League,2016,Sunderland,"[0, 0, 0, 0, 0, 0, 0, 0, 1, 1, 0, 1, 0, 0, 1, 0, 0, 0, 0, 1, 0, 0, 0, 0, 0, 0, 0, 0, 1, 0, 0, 0]",32,16,16,6,4,2,2.501353158717468,5.478997645669047,3.0959752321981426
786,Premier_League,2016,Swansea,"[1, 0, 0, 0, 0, 0, 0, 0, 0, 1, 0, 1, 0, 0, 0, 0, 1, 0, 1, 1, 0, 1, 0, 1, 0, 0, 0, 0, 0, 1, 1, 1, 1]",33,17,16,12,4,8,1.0915394049848879,1.0605300047045927,1.0235414534288638
787,Premier_League,2016,Tottenham,"[1, 1, 1, 1, 1, 1, 0, 1, 0, 1, 1, 1, 1, 1, 1, 1, 0, 1, 1, 1, 1, 1, 1, 1, 1, 1, 0, 1, 1, 1]",30,15,15,26,13,13,1.630363234410403,2.0,1.4005602240896358
788,Premier_League,2016,Watford,"[0, 0, 1, 1, 0, 1, 1, 0, 1, 0, 0, 1, 0, 0, 0, 0, 1, 1, 0, 0, 0, 1, 1, 0, 1, 0, 0, 0, 0, 0, 0]",31,16,15,11,6,5,1.8232794953008047,2.473584629491664,1.845018450184502
789,Premier_League,2016,West Brom,"[1, 0, 0, 1, 0, 0, 1, 1, 1, 0, 1, 0, 0, 1, 1, 0, 1, 1, 1, 0, 0, 1, 0, 0, 0, 0, 0, 0, 0]",29,15,14,12,8,4,4.083455123877158,11.358749492184556,5.649717514124294
790,Premier_League,2016,West Ham,"[0, 1, 0, 0, 0, 0, 1, 1, 0, 0, 0, 1, 1, 1, 0, 0, 1, 1, 0, 1, 0, 0, 0, 0, 0, 1, 1, 0, 1]",29,15,14,12,6,6,1.5298926367629486,1.7792767844805109,1.466275659824047
791,Premier_League,2017,Arsenal,"[1, 0, 0, 1, 1, 1, 0, 1, 1, 0, 1, 1, 1, 0, 1, 1, 0, 1, 0, 1, 0, 0, 0, 1, 1, 1, 0, 1, 0, 1, 0, 1]",32,16,16,19,11,8,3.312685596589562,7.1370880892901445,4.291845493562231
792,Premier_League,2017,Bournemouth,"[0, 0, 0, 0, 1, 0, 0, 1, 0, 1, 1, 0, 0, 0, 0, 1, 1, 1, 1, 0, 0, 1, 0, 0, 0, 1, 1]",27,14,13,11,4,7,1.1207238255659844,1.0999339125778373,1.0471204188481675
793,Premier_League,2017,Brighton,"[0, 0, 1, 0, 1, 0, 1, 1, 0, 0, 0, 0, 1, 0, 0, 0, 1, 1, 1, 0, 0, 0, 1, 0, 0]",25,13,12,9,5,4,1.8045939709170182,2.5330520271144654,1.8518518518518519
794,Premier_League,2017,Burnley,"[1, 0, 1, 1, 0, 1, 1, 1, 0, 1, 0, 1, 1, 0, 0, 0, 0, 0, 1, 1, 1, 1, 1, 0, 0, 0]",26,13,13,14,9,5,4.952093938005713,17.303747393331143,8.269246671628215
795,Premier_League,2017,Chelsea,"[0, 1, 1, 1, 1, 0, 0, 1, 1, 1, 1, 1, 1, 0, 1, 1, 1, 1, 1, 0, 0, 1, 0, 0, 1, 0, 1, 1, 1, 1, 0]",31,16,15,21,12,9,2.8786667255329395,5.3770815054009695,3.4602076124567476
796,Premier_League,2017,Crystal Palace,"[0, 0, 0, 0, 0, 0, 0, 1, 0, 0, 1, 1, 1, 0, 1, 1, 0, 0, 0, 0, 0, 1, 0, 1, 1, 1, 1]",27,14,13,11,4,7,1.1207238255659844,1.0999339125778373,1.0460251046025104
797,Premier_League,2017,Everton,"[1, 0, 0, 0, 1, 0, 0, 0, 1, 0, 1, 1, 1, 1, 0, 0, 0, 1, 0, 1, 0, 0, 1, 1, 0, 1, 1, 0]",28,14,14,13,7,6,1.9895619021522117,2.837933762005624,2.0161290322580645
798,Premier_League,2017,Huddersfield,"[1, 1, 0, 0, 0, 1, 0, 1, 0, 0, 0, 0, 1, 0, 1, 0, 0, 0, 0, 0, 1, 1, 0, 0, 0, 1, 0, 0]",28,14,14,9,5,4,1.945292882465108,2.916583536972889,1.890359168241966
799,Premier_League,2017,Leicester,"[0, 1, 0, 0, 0, 1, 1, 0, 1, 1, 1, 1, 0, 0, 0, 1, 1, 0, 0, 1, 1, 0, 0, 0, 0, 1, 0]",27,14,13,12,7,5,2.2576231382650804,3.659049460573796,2.380952380952381
800,Premier_League,2017,Liverpool,"[1, 1, 0, 1, 0, 1, 1, 1, 1, 1, 1, 1, 1, 1, 1, 0, 1, 1, 1, 1, 0, 1, 1, 1, 0, 1]",26,13,13,21,11,10,2.1288119673002748,3.232288800021739,1.9455252918287937
801,Premier_League,2017,Man City,"[1, 1, 1, 1, 1, 1, 1, 1, 1, 1, 1, 1, 1, 1, 1, 1, 1, 1, 1, 1, 0, 1, 1, 1, 1, 1, 1, 1, 0, 1, 1, 1, 1, 1]",34,17,17,32,17,15,3.7860363457625343,13.801405160360831,3.8910505836575875
802,Premier_League,2017,Man United,"[1, 1, 1, 1, 1, 1, 0, 1, 0, 1, 1, 1, 1, 0, 1, 1, 1, 1, 1, 0, 1, 0, 1, 1, 1, 1, 1, 0, 1, 1, 0, 1]",32,16,16,25,13,12,2.098588891053849,2.9898527317005703,2.070393374741201
803,Premier_League,2017,Newcastle,"[0, 0, 1, 1, 1, 0, 1, 0, 0, 0, 0, 0, 0, 0, 0, 1, 0, 1, 0, 1, 0, 1, 1, 1, 1, 0, 0, 0, 0, 1]",30,15,15,12,4,8,1.1050302623732664,1.0729827456147283,1.0266940451745379
804,Premier_League,2017,Southampton,"[1, 0, 1, 0, 0, 1, 0, 0, 1, 0, 0, 0, 0, 0, 1, 0, 0, 0, 0, 0, 1, 1, 0]",23,12,11,7,4,3,1.7959676272013094,2.6583380892469943,1.7301038062283738
805,Premier_League,2017,Stoke,"[0, 1, 0, 0, 1, 0, 0, 1, 0, 0, 1, 0, 0, 0, 1, 0, 0, 0, 1, 0, 0, 0, 0, 0, 0, 1]",26,13,13,7,4,3,1.9231719424486764,3.0377264526688803,1.9646365422396856
806,Premier_League,2017,Swansea,"[0, 1, 0, 0, 0, 1, 0, 0, 0, 0, 0, 0, 1, 0, 0, 0, 1, 0, 1, 1, 1, 0, 1, 0, 0, 0, 0, 0, 0]",29,15,14,8,3,5,1.194241822627874,1.207791234343046,1.092896174863388
807,Premier_League,2017,Tottenham,"[1, 0, 1, 1, 1, 1, 1, 0, 1, 0, 0, 1, 1, 0, 1, 1, 1, 1, 1, 1, 1, 1, 1, 1, 1, 0, 1, 0, 1, 1]",30,15,15,23,10,13,1.1153424241769883,1.108230375501664,1.0438413361169103
808,Premier_League,2017,Watford,"[1, 1, 0, 1, 1, 0, 0, 0, 1, 1, 0, 0, 0, 0, 0, 1, 0, 0, 0, 1, 0, 1, 1, 0, 0, 0, 0, 0, 1, 0]",30,15,15,11,6,5,1.961585401075573,2.837740117733259,2.0661157024793386
809,Premier_League,2017,West Brom,"[1, 1, 0, 0, 0, 0, 0, 0, 0, 0, 0, 0, 1, 0, 0, 0, 0, 0, 0, 0, 0, 1, 1, 1, 0]",25,13,12,6,3,3,1.4716416311930953,1.8356077008650071,1.3869625520110958
810,Premier_League,2017,West Ham,"[0, 0, 0, 1, 0, 1, 0, 0, 0, 0, 0, 1, 1, 0, 1, 1, 0, 1, 0, 0, 0, 1, 0, 0, 1, 1]",26,13,13,10,4,6,1.2421188280651394,1.2659130648831014,1.1185682326621924
811,Premier_League,2018,Arsenal,"[0, 0, 1, 1, 1, 1, 1, 1, 1, 1, 1, 1, 0, 1, 0, 1, 0, 1, 1, 0, 1, 1, 1, 1, 1, 0, 1, 0, 0, 0, 1]",31,16,15,21,12,9,2.8786667255329395,5.3770815054009695,3.1847133757961785
812,Premier_League,2018,Bournemouth,"[1, 1, 0, 1, 0, 1, 1, 1, 0, 0, 0, 0, 1, 0, 0, 1, 0, 0, 0, 1, 1, 0, 0, 0, 0, 1, 0, 0, 1, 0, 1, 0]",32,16,16,13,8,5,3.2206778840762706,7.1370880892901445,3.8910505836575875
813,Premier_League,2018,Brighton,"[0, 1, 0, 0, 0, 1, 1, 1, 0, 0, 1, 1, 0, 0, 0, 1, 0, 0, 0, 0, 0, 1, 1, 0, 0, 0, 0, 0, 0]",29,15,14,9,6,3,3.0836058245481537,7.141884251888991,4.184100418410042
814,Premier_League,2018,Burnley,"[0, 0, 0, 0, 1, 1, 0, 0, 0, 0, 0, 0, 1, 0, 0, 0, 1, 1, 1, 1, 1, 0, 0, 0, 0, 1, 1, 1, 0, 0, 0]",31,16,15,11,3,8,1.0482390088928275,1.0226573993471653,1.0111223458038423
815,Premier_League,2018,Cardiff,"[0, 0, 0, 0, 0, 0, 1, 0, 0, 1, 0, 1, 0, 1, 0, 0, 1, 0, 0, 0, 1, 1, 0, 0, 0, 1, 0, 0, 0, 1, 0, 0, 0, 1]",34,17,17,10,5,5,1.6188078226262497,2.0,1.4836795252225519
816,Premier_League,2018,Chelsea,"[1, 1, 1, 1, 1, 1, 1, 1, 0, 1, 0, 1, 1, 0, 1, 1, 1, 0, 0, 1, 0, 1, 1, 0, 1, 1, 1, 0, 1]",29,15,14,21,12,9,2.960677196808087,5.812522545340308,3.401360544217687
817,Premier_League,2018,Crystal Palace,"[1, 0, 0, 0, 1, 0, 0, 0, 0, 0, 1, 0, 0, 1, 1, 0, 1, 0, 0, 1, 1, 0, 1, 0, 1, 0, 1, 0, 1, 1, 1]",31,16,15,14,5,9,1.0855282664839687,1.0570584371191878,1.0256410256410255
818,Premier_League,2018,Everton,"[1, 0, 0, 1, 1, 1, 0, 1, 1, 0, 0, 0, 1, 0, 0, 1, 0, 1, 0, 0, 0, 1, 0, 1, 1, 1, 0, 1, 1]",29,15,14,15,7,8,1.3365817510220201,1.4011932769302333,1.1904761904761905
819,Premier_League,2018,Fulham,"[0, 0, 1, 0, 0, 0, 0, 0, 0, 0, 1, 0, 0, 0, 1, 0, 0, 0, 1, 0, 0, 0, 0, 0, 0, 0, 0, 0, 1, 1, 1, 0, 0]",33,17,16,7,3,4,1.3148283296226588,1.4342995959754699,1.2135922330097086
820,Premier_League,2018,Huddersfield,"[0, 0, 0, 0, 0, 0, 0, 1, 1, 0, 0, 0, 0, 0, 0, 0, 0, 0, 0, 0, 0, 0, 1, 0, 0, 0, 0, 0, 0, 0, 0]",31,16,15,3,2,1,1.7655910090854823,3.43045512363755,1.7825311942959001
821,Premier_League,2018,Leicester,"[0, 1, 1, 0, 0, 1, 1, 0, 0, 1, 1, 0, 0, 1, 1, 0, 1, 0, 0, 0, 0, 0, 1, 0, 1, 1, 1, 1, 0, 1, 0]",31,16,15,15,8,7,1.816345496148979,2.3453130771566144,1.7482517482517483
822,Premier_League,2018,Liverpool,"[1, 1, 1, 1, 1, 1, 1, 1, 1, 1, 1, 1, 1, 1, 1, 1, 1, 0, 1, 1, 1, 1, 1, 1, 1, 1, 1, 1, 1, 1, 1]",31,16,15,30,16,14,2.573974139097947,6.807840024040478,2.0242914979757085
823,Premier_League,2018,Man City,"[1, 1, 1, 1, 1, 1, 1, 1, 1, 1, 1, 1, 1, 0, 1, 0, 0, 1, 1, 1, 1, 0, 1, 1, 1, 1, 1, 1, 1, 1, 1, 1, 1, 1, 1, 1]",36,18,18,32,15,17,1.1363898108273567,1.1688007570239354,1.053740779768177
824,Premier_League,2018,Man United,"[1, 0, 0, 1, 1, 0, 1, 1, 1, 0, 1, 0, 1, 1, 1, 1, 1, 1, 1, 1, 1, 1, 0, 1, 0, 1, 0, 0, 0]",29,15,14,19,10,9,1.7822531048924324,2.2402141126481725,1.669449081803005
825,Premier_League,2018,Newcastle,"[0, 0, 0, 0, 0, 0, 0, 1, 1, 1, 0, 0, 1, 0, 0, 0, 1, 1, 0, 1, 1, 0, 1, 0, 0, 1, 1, 0, 1]",29,15,14,12,4,8,1.0776225398822463,1.0503551609893629,1.017293997965412
826,Premier_League,2018,Southampton,"[0, 0, 1, 0, 0, 0, 0, 0, 0, 0, 1, 1, 0, 0, 1, 1, 0, 0, 1, 0, 1, 1, 0, 1, 0, 0]",26,13,13,9,3,6,1.1404595918962377,1.1212023997753857,1.050420168067227
827,Premier_League,2018,Tottenham,"[1, 1, 1, 0, 0, 1, 1, 1, 1, 0, 1, 1, 1, 0, 1, 1, 1, 1, 1, 0, 1, 0, 1, 1, 1, 1, 0, 0, 0, 0, 1, 1, 0, 1, 0, 0]",36,18,18,23,14,9,6.1398387066215685,24.169013817947803,12.171372930866601
828,Premier_League,2018,Watford,"[1, 1, 1, 1, 0, 0, 0, 1, 1, 0, 0, 0, 0, 1, 1, 0, 1, 0, 1, 1, 0, 1, 0, 0, 1, 0, 1, 0, 0, 0]",30,15,15,14,8,6,2.4961507090976705,4.308354880446086,2.9673590504451037
829,Premier_League,2018,West Ham,"[0, 0, 0, 0, 1, 1, 0, 0, 1, 0, 1, 1, 1, 1, 0, 1, 0, 1, 0, 0, 1, 0, 1, 0, 1, 0, 0, 0, 1, 1, 1]",31,16,15,15,8,7,1.816345496148979,2.3453130771566144,1.7921146953405018
830,Premier_League,2018,Wolves,"[0, 1, 1, 1, 1, 0, 0, 0, 0, 0, 1, 1, 1, 0, 1, 0, 0, 1, 1, 1, 0, 1, 0, 1, 0, 1, 1, 1, 0]",29,15,14,16,8,8,1.5200667549213656,1.7192277091237715,1.3986013986013985
831,Premier_League,2019,Arsenal,"[1, 1, 0, 1, 1, 0, 0, 0, 1, 0, 0, 1, 1, 1, 1, 0, 0, 1]",18,9,9,10,5,5,1.5982372738197201,2.0,1.4792899408284024
832,Premier_League,2019,Aston Villa,"[0, 0, 1, 0, 0, 1, 1, 0, 0, 0, 1, 0, 0, 0, 0, 1, 0, 1, 0, 1, 0, 0, 0, 0, 0, 0]",26,13,13,7,4,3,1.9231719424486764,3.0377264526688803,1.9841269841269842
833,Premier_League,2019,Bournemouth,"[1, 0, 0, 1, 1, 0, 1, 0, 0, 0, 0, 0, 1, 0, 0, 0, 0, 0, 1, 1, 0, 0, 0, 0, 0]",25,13,12,7,5,2,3.2926615611315295,8.877048632583316,4.524886877828054
834,Premier_League,2019,Brighton,"[1, 0, 0, 0, 1, 0, 1, 1, 0, 0, 0, 1, 0, 0, 1, 0, 0, 0, 1, 0]",20,10,10,7,4,3,1.946180267227197,3.128874764752972,2.004008016032064
835,Premier_League,2019,Burnley,"[1, 0, 0, 1, 1, 0, 0, 0, 1, 1, 0, 0, 0, 1, 1, 0, 0, 0, 0, 1, 1, 1, 1, 0, 1, 1]",26,13,13,13,5,8,1.1539653472320046,1.1359225248742462,1.0741138560687433
836,Premier_League,2019,Chelsea,"[0, 1, 1, 0, 1, 1, 1, 1, 1, 1, 0, 0, 1, 0, 0, 1, 0, 1, 1, 0, 0, 1, 1, 1, 1]",25,13,12,16,9,7,2.2428629049510174,3.5048840568790505,2.1645021645021645
837,Premier_League,2019,Crystal Palace,"[0, 1, 1, 0, 1, 1, 0, 0, 0, 0, 1, 1, 0, 1, 0, 0, 0, 1, 1, 1, 1, 0, 0]",23,12,11,11,6,5,1.7899862238990818,2.417108064126459,1.7094017094017093
838,Premier_League,2019,Everton,"[1, 0, 1, 0, 0, 0, 0, 1, 0, 1, 0, 0, 0, 1, 1, 1, 0, 1, 1, 1, 0, 0, 1]",23,12,11,11,4,7,1.0960557420235881,1.0788332563223442,1.0298661174047374
839,Premier_League,2019,Leicester,"[1, 1, 0, 1, 1, 0, 1, 1, 1, 1, 1, 1, 1, 1, 0, 0, 1, 1, 0, 0, 1, 0, 0, 1]",24,12,12,16,10,6,5.626750944954417,24.019835581121114,10.326311441553077
840,Premier_League,2019,Liverpool,"[1, 1, 1, 1, 1, 1, 1, 1, 1, 1, 1, 1, 1, 1, 1, 1, 1, 1, 1, 1, 1, 1, 1, 1, 1, 1, 0, 1, 1]",29,15,14,28,15,13,2.576281543157095,6.8458334831090655,2.0408163265306123
841,Premier_League,2019,Man City,"[1, 1, 1, 0, 1, 1, 0, 1, 1, 1, 0, 1, 1, 0, 1, 1, 0, 1, 1, 1, 1, 0, 1, 1, 0, 1, 1, 0]",28,14,14,20,10,10,1.6668659918797977,2.0,1.4970059880239521
842,Premier_League,2019,Man United,"[1, 0, 1, 0, 0, 1, 0, 1, 1, 1, 0, 1, 1, 0, 1, 0, 0, 1, 1, 1, 1, 1]",22,11,11,14,6,8,1.2120587482619556,1.2310716467889455,1.1061946902654867
843,Premier_League,2019,Newcastle,"[0, 0, 1, 0, 0, 1, 0, 1, 1, 0, 1, 1, 0, 1, 0, 0, 0, 1, 0, 0, 1, 1]",22,11,11,10,5,5,1.6093503924934975,2.0,1.545595054095827
844,Premier_League,2019,Norwich,"[0, 1, 0, 0, 1, 0, 0, 0, 0, 0, 0, 1, 0, 0, 0, 0, 0, 1, 0, 0, 0, 1, 0, 0, 0]",25,13,12,5,3,2,1.7910049511836112,2.9030923568024134,1.8691588785046729
845,Premier_League,2019,Sheffield United,"[1, 0, 0, 1, 0, 1, 1, 0, 1, 1, 1, 0, 0, 1, 0, 1, 1, 1, 0, 0]",20,10,10,11,6,5,2.0177749493992296,3.062341080606125,1.9920318725099602
846,Premier_League,2019,Southampton,"[0, 0, 1, 1, 0, 0, 0, 0, 0, 0, 1, 1, 0, 0, 1, 1, 1, 1, 0, 1, 0, 0, 1, 0, 0, 1, 0, 1]",28,14,14,12,4,8,1.0979001863046656,1.0675950233550218,1.0298661174047374
847,Premier_League,2019,Tottenham,"[1, 0, 1, 0, 1, 0, 0, 1, 1, 0, 1, 1, 0, 1, 0, 0, 1, 1, 1, 0, 0, 1]",22,11,11,12,6,6,1.6267501106170124,2.0,1.5873015873015872
848,Premier_League,2019,Watford,"[0, 0, 0, 0, 0, 0, 1, 0, 0, 0, 0, 1, 1, 1, 1, 0, 0, 0, 1, 0, 0, 0]",22,11,11,6,1,5,1.0540146636658485,1.028547912021287,1.0101010101010102
849,Premier_League,2019,West Ham,"[0, 1, 1, 1, 0, 0, 0, 0, 0, 1, 0, 0, 1, 0, 0, 1, 0, 0, 0, 0, 0, 1, 0, 0, 0]",25,13,12,7,5,2,3.2926615611315295,8.877048632583316,4.62962962962963
850,Premier_League,2019,Wolves,"[0, 0, 1, 1, 1, 1, 1, 0, 1, 1, 0, 0, 1, 0, 1, 1, 1, 1, 1]",19,10,9,13,7,6,1.7282675077190934,2.283170200098046,1.615508885298869
851,Premier_League,2020,Arsenal,"[1, 1, 0, 1, 0, 1, 1, 1, 0, 1, 0, 0, 1, 0, 0, 0, 0, 0, 1, 1, 1, 1, 1, 0, 0, 1, 0, 1, 1, 0, 1, 0, 1, 1, 1, 1, 1]",37,19,18,22,9,13,1.0948913653220163,1.065981399637439,1.0256410256410255
852,Premier_League,2020,Aston Villa,"[0, 0, 1, 1, 1, 1, 1, 1, 0, 0, 1, 0, 0, 1, 1, 1, 0, 0, 1, 0, 1, 0, 1, 0, 1, 0, 0, 1, 0, 0, 1, 0, 0, 1, 1]",35,18,17,18,10,8,2.2103784869010226,3.251007621520635,2.192982456140351
853,Premier_League,2020,Bournemouth,"[0, 0, 1, 0, 0, 1]",6,3,3,2,1,1,1.3499999999999996,2.0,1.2836970474967908
854,Premier_League,2020,Brighton,"[1, 0, 0, 1, 0, 1, 0, 0, 0, 1, 0, 0, 0, 0, 1, 1, 1, 0, 0, 0, 1, 1, 0, 0, 1, 0, 1, 0]",28,14,14,11,4,7,1.159251560095326,1.1400553758715801,1.0438413361169103
855,Premier_League,2020,Burnley,"[1, 1, 0, 0, 0, 0, 0, 0, 1, 0, 1, 1, 0, 1, 0, 0, 1, 1, 0, 0, 1, 0, 1, 0, 0, 0, 1, 0, 1, 0, 0, 0]",32,16,16,12,6,6,1.6413023879555437,2.0,1.5313935681470139
856,Premier_League,2020,Chelsea,"[0, 1, 1, 0, 1, 0, 1, 1, 0, 1, 1, 1, 1, 1, 0, 0, 1, 0, 0, 1, 0, 1, 1, 1, 1, 1, 1, 0, 1, 1, 1, 1, 0, 1, 0]",35,18,17,23,11,12,1.3407893436385574,1.384034642895357,1.25
857,Premier_League,2020,Crystal Palace,"[0, 0, 0, 0, 0, 1, 1, 0, 0, 1, 0, 1, 0, 0, 1, 0, 0, 1, 0, 0, 1, 1, 0, 0, 1, 0, 1, 0, 0, 0, 1, 0, 1, 0, 0]",35,18,17,12,6,6,1.5559791230120128,1.8227975524882853,1.4347202295552368
858,Premier_League,2020,Everton,"[1, 0, 0, 1, 0, 1, 1, 1, 1, 0, 0, 0, 1, 0, 1, 1, 1, 1, 0, 1, 0, 1, 0, 0, 1, 1, 1, 0, 0, 1, 0, 1, 0, 1, 0]",35,18,17,19,11,8,2.7802255813661914,4.947569809703217,3.1545741324921135
859,Premier_League,2020,Fulham,"[0, 0, 0, 0, 0, 1, 0, 0, 1, 0, 0, 0, 0, 1, 1, 0, 1, 0, 0, 0, 0, 0, 0, 0, 0]",25,13,12,5,2,3,1.2585440197506457,1.3775869376594967,1.1587485515643106
860,Premier_League,2020,Leeds,"[0, 1, 1, 0, 1, 0, 0, 1, 0, 0, 1, 0, 1, 1, 0, 0, 1, 1, 0, 1, 0, 0, 1, 0, 0, 1, 1, 1, 0, 1, 1, 1, 1]",33,17,16,18,8,10,1.2308507405565043,1.229483691212686,1.091703056768559
861,Premier_League,2020,Leicester,"[0, 1, 0, 1, 0, 0, 1, 1, 1, 0, 0, 1, 1, 1, 0, 0, 1, 1, 0, 1, 1, 1, 1, 0, 1, 1, 1, 0, 1, 1, 0, 0, 1, 1, 0, 1, 0, 0]",38,19,19,22,10,12,1.3254594966853253,1.3432718797202217,1.1933174224343674
862,Premier_League,2020,Liverpool,"[0, 1, 1, 0, 1, 1, 1, 1, 1, 0, 1, 1, 1, 1, 1, 1, 0, 0, 1, 1, 0, 0, 0, 0, 1, 0, 0, 1, 1, 1, 1, 1, 1, 1, 1]",35,18,17,24,13,11,2.2008717426657083,3.163936066966417,2.1413276231263385
863,Premier_League,2020,Man City,"[1, 0, 1, 1, 1, 1, 1, 1, 0, 1, 1, 0, 1, 1, 1, 1, 1, 1, 1, 1, 1, 1, 1, 1, 1, 1, 1, 1, 1, 0, 1, 1, 1, 0, 1, 1, 0, 1, 0, 1]",40,20,20,33,17,16,2.1113352992207504,2.9528210131181134,1.953125
864,Premier_League,2020,Man United,"[1, 1, 1, 1, 0, 1, 0, 1, 0, 1, 1, 1, 1, 1, 1, 1, 1, 1, 1, 0, 1, 1, 1, 1, 1, 1, 1, 1, 0, 0, 1]",31,16,15,25,13,12,1.7319403675500633,2.150885509061355,1.607717041800643
865,Premier_League,2020,Newcastle,"[1, 0, 0, 0, 0, 1, 0, 1, 0, 1, 0, 0, 1, 1, 0, 0, 0, 0, 0, 0, 0, 1, 0, 1, 0, 0, 0, 1, 1, 0, 1, 0, 1, 1]",34,17,17,13,6,7,1.4373065071050646,1.5675940256185863,1.335113484646195
866,Premier_League,2020,Norwich,"[0, 0, 0, 0, 0, 0, 0]",7,4,3,0,0,0,1.0,,1.0
867,Premier_League,2020,Sheffield United,"[1, 1, 1, 0, 0, 0, 0, 0, 0, 0, 0, 0, 0, 0, 0, 0, 0, 0, 0, 0, 0, 1, 0, 1, 0, 1, 0, 0, 0, 0, 1, 0, 0, 0, 0, 0, 1, 0, 0, 1, 0, 1]",42,21,21,10,3,7,1.115580566566669,1.0795050845462293,1.0351966873706004
868,Premier_League,2020,Southampton,"[1, 1, 1, 0, 0, 1, 1, 1, 1, 1, 0, 1, 1, 0, 1, 0, 0, 0, 0, 0, 0, 0, 0, 1, 0, 0, 1, 0, 0, 0, 1, 1, 0, 0]",34,17,17,15,11,4,14.56552706036885,128.07439527589318,53.333333333333336
869,Premier_League,2020,Tottenham,"[0, 1, 1, 1, 1, 0, 1, 1, 1, 1, 1, 1, 1, 0, 0, 1, 1, 0, 0, 0, 1, 0, 0, 1, 1, 1, 0, 1, 0, 1, 1, 0, 1, 0, 1]",35,18,17,22,13,9,3.679648828455869,8.401839102981153,4.830917874396135
870,Premier_League,2020,Watford,"[0, 1, 1, 0, 0, 0]",6,3,3,2,2,0,3.374999999999999,24.019835581121114,5.405405405405405
871,Premier_League,2020,West Brom,"[0, 0, 0, 0, 0, 0, 1, 0, 0, 0, 0, 0, 1, 0, 0, 0, 0, 1, 0, 0, 1, 1, 0, 0, 0, 0, 0]",27,14,13,5,2,3,1.26353190974014,1.3858205225840645,1.145475372279496
872,Premier_League,2020,West Ham,"[1, 0, 1, 1, 0, 0, 1, 1, 0, 1, 1, 1, 0, 1, 0, 1, 1, 1, 1, 0, 1, 1, 1, 0, 1, 0, 1, 1, 0, 0, 1, 0, 1, 1]",34,17,17,22,11,11,1.6940559768780732,2.0,1.5847860538827259
873,Premier_League,2020,Wolves,"[0, 0, 1, 1, 0, 1, 0, 0, 1, 1, 1, 0, 1, 0, 0, 1, 0, 0, 0, 0, 0, 1, 1, 1, 0, 0, 0, 1, 1, 0, 1, 0, 0, 0]",34,17,17,14,8,6,2.447268735492138,4.116536534324099,2.6315789473684212
874,Premier_League,2021,Arsenal,"[0, 0, 0, 1, 1, 1, 1, 1, 1, 0, 1, 0, 0, 1, 1, 1, 1, 0, 1, 1, 1, 1, 1, 0, 1, 0, 0, 0, 1, 1, 1, 1, 0, 0, 1]",35,18,17,22,11,11,1.5359735729599868,1.703413291180666,1.3812154696132597
875,Premier_League,2021,Aston Villa,"[0, 1, 0, 1, 1, 0, 0, 0, 0, 0, 1, 1, 0, 1, 0, 1, 0, 0, 1, 0, 0, 1, 1, 1, 0, 0, 0, 0, 1, 1, 0, 0]",32,16,16,13,7,6,1.9742450452383309,2.7820504103393975,2.0
876,Premier_League,2021,Brentford,"[1, 0, 1, 1, 0, 0, 0, 0, 1, 0, 1, 0, 0, 1, 0, 0, 0, 0, 0, 0, 0, 1, 1, 0, 1, 1, 1, 0, 1, 1, 0]",31,16,15,13,6,7,1.3537084097988805,1.4339381695395683,1.2391573729863692
877,Premier_League,2021,Brighton,"[1, 1, 0, 1, 1, 0, 0, 0, 1, 1, 1, 0, 0, 0, 0, 0, 0, 1, 1, 0, 1, 1, 1]",23,12,11,12,7,5,2.2658448587424314,3.7257172078854355,2.314814814814815
878,Premier_League,2021,Burnley,"[0, 0, 0, 0, 0, 1, 0, 0, 0, 0, 1, 1, 0, 0, 0, 0, 1, 0, 1, 1, 1, 0, 0, 0]",24,12,12,7,3,4,1.3416496587301465,1.4851863748254122,1.2077294685990339
879,Premier_League,2021,Chelsea,"[1, 1, 1, 1, 0, 1, 1, 1, 1, 1, 1, 0, 1, 1, 0, 1, 1, 1, 1, 1, 0, 1, 0, 1, 0, 1, 1]",27,14,13,21,12,9,3.092768129149961,6.594262351834846,3.236245954692557
880,Premier_League,2021,Crystal Palace,"[0, 1, 0, 1, 1, 0, 0, 0, 1, 0, 1, 0, 0, 0, 1, 1, 1, 0, 0, 1, 1, 0, 1]",23,12,11,11,5,6,1.294649921034118,1.3668759169539026,1.1627906976744187
881,Premier_League,2021,Everton,"[1, 1, 1, 0, 1, 0, 0, 0, 0, 0, 0, 1, 0, 0, 0, 0, 0, 1, 0, 0, 0, 0, 1, 0, 0, 1, 0, 1, 1, 0, 1, 0]",32,16,16,11,5,6,1.4144296022213771,1.5500855683384027,1.2953367875647668
882,Premier_League,2021,Leeds,"[0, 0, 0, 1, 0, 1, 0, 1, 0, 0, 0, 1, 1, 0, 0, 0, 0, 0, 0, 0, 1, 1, 1, 0, 0, 0, 1]",27,14,13,9,5,4,1.8114671956806268,2.5466317660905053,1.8832391713747645
883,Premier_League,2021,Leicester,"[1, 0, 1, 0, 0, 1, 1, 0, 0, 1, 0, 1, 0, 1, 0, 0, 0, 1, 1, 0, 1, 1, 0, 0, 0, 1, 1, 1]",28,14,14,14,7,7,1.653613241824788,2.0,1.5723270440251573
884,Premier_League,2021,Liverpool,"[1, 1, 1, 1, 1, 1, 0, 1, 1, 1, 1, 1, 1, 0, 1, 1, 1, 1, 1, 1, 1, 1, 1, 1, 1, 1, 1, 1, 1, 1]",30,15,15,28,13,15,1.0,1.0771421802925631,1.0
885,Premier_League,2021,Man City,"[0, 1, 1, 1, 1, 1, 1, 0, 1, 1, 1, 1, 1, 1, 1, 1, 1, 1, 1, 1, 1, 1, 0, 1, 1, 1, 1, 1, 1, 1, 1, 1]",32,16,16,29,14,15,1.261032507627949,1.3738123461770075,1.1286681715575622
886,Premier_League,2021,Man United,"[1, 1, 1, 1, 0, 0, 0, 1, 0, 0, 1, 1, 1, 1, 0, 1, 1, 1, 1, 0, 1, 0, 1, 0, 0, 1, 0, 0]",28,14,14,16,9,7,2.567525473201,4.494293967166615,2.9239766081871346
887,Premier_League,2021,Newcastle,"[0, 0, 0, 0, 0, 0, 0, 1, 0, 0, 0, 1, 1, 1, 1, 1, 1, 0, 0, 0, 1, 1, 1, 1, 0, 0, 1, 1]",28,14,14,13,4,9,1.056475851765413,1.0299388881489515,1.0121457489878543
888,Premier_League,2021,Norwich,"[0, 0, 0, 0, 0, 0, 0, 0, 1, 1, 0, 0, 0, 0, 0, 0, 1, 1, 0, 0, 0, 0, 0, 0, 1, 0, 0, 0, 0, 0, 0]",31,16,15,5,2,3,1.2714126160128068,1.3990457979096294,1.1655011655011656
889,Premier_League,2021,Southampton,"[0, 0, 0, 1, 1, 1, 0, 0, 0, 1, 1, 0, 1, 1, 1, 0, 0, 0, 0, 1, 0, 0, 0, 0, 0]",25,13,12,9,6,3,3.123826759304197,7.381478532763724,4.0
890,Premier_League,2021,Tottenham,"[1, 1, 1, 0, 0, 0, 1, 1, 0, 0, 1, 1, 1, 1, 1, 1, 0, 0, 0, 1, 0, 1, 1, 0, 1, 1, 1, 1, 0, 1, 1, 1, 1]",33,17,16,22,11,11,1.513141448164525,1.6742749000819772,1.3986013986013985
891,Premier_League,2021,Watford,"[1, 0, 0, 0, 1, 0, 0, 1, 0, 0, 1, 0, 0, 0, 0, 0, 0, 0, 0, 0, 1, 0, 0, 0, 1, 0, 0, 0, 0, 0, 0, 0, 0]",33,17,16,6,4,2,2.365811508760211,4.85845275411259,2.7777777777777777
892,Premier_League,2021,West Ham,"[1, 1, 0, 1, 0, 1, 1, 1, 1, 0, 0, 1, 0, 0, 1, 1, 1, 0, 0, 1, 1, 0, 1, 0, 1, 0, 0, 0, 1, 0]",30,15,15,16,9,7,2.523078708371905,4.308354880446086,2.73972602739726
893,Premier_League,2021,Wolves,"[0, 0, 0, 1, 0, 1, 1, 1, 1, 0, 1, 0, 0, 1, 1, 1, 1, 0, 1, 1, 0, 0, 0, 1, 1, 0, 1, 0, 0, 0, 0, 0]",32,16,16,15,9,6,3.2216357774467346,6.946836150742856,4.310344827586207
894,Premier_League,2022,Arsenal,"[1, 1, 1, 1, 1, 0, 1, 1, 1, 1, 1, 1, 1, 1, 1, 1, 1, 0, 0, 1, 1, 1, 1, 1, 1, 1, 0, 1, 1, 0, 0, 1]",32,16,16,26,15,11,6.032363826362286,28.554566335309747,11.763321962122104
895,Premier_League,2022,Aston Villa,"[0, 1, 0, 0, 0, 1, 0, 0, 1, 0, 1, 1, 0, 1, 1, 1, 0, 0, 0, 1, 1, 1, 1, 1, 1, 1, 1, 0, 0, 1, 1]",31,16,15,18,8,10,1.2124268534482843,1.2101623693714945,1.0834236186348862
896,Premier_League,2022,Bournemouth,"[1, 0, 0, 0, 1, 1, 0, 0, 0, 0, 1, 0, 0, 0, 0, 0, 1, 0, 0, 1, 0, 1, 0, 1, 1, 0, 1, 1, 0, 0, 0, 0]",32,16,16,11,4,7,1.1716889607796017,1.1521888830777374,1.0729613733905579
897,Premier_League,2022,Brentford,"[1, 0, 1, 0, 0, 1, 0, 1, 1, 1, 1, 1, 1, 0, 1, 0, 0, 0, 1, 1, 0, 1, 1, 1]",24,12,12,15,8,7,2.041997230671358,2.9704882894736944,2.0161290322580645
898,Premier_League,2022,Brighton,"[1, 1, 1, 0, 1, 0, 0, 0, 1, 1, 0, 1, 0, 1, 1, 1, 0, 1, 1, 1, 0, 1, 0, 1, 1, 0, 1, 0, 1, 0]",30,15,15,18,9,9,1.6756468783580716,2.0,1.5847860538827259
899,Premier_League,2022,Chelsea,"[1, 0, 1, 0, 1, 1, 1, 1, 0, 0, 0, 1, 0, 0, 1, 0, 0, 1, 1, 0, 0, 0, 0, 0, 1, 0, 0]",27,14,13,11,7,4,3.004756359851972,6.460827370308542,3.9215686274509802
900,Premier_League,2022,Crystal Palace,"[0, 1, 0, 0, 1, 1, 0, 1, 1, 0, 0, 1, 0, 0, 0, 0, 0, 0, 0, 1, 1, 1, 0, 1, 0, 1]",26,13,13,11,6,5,1.9765389138057148,2.8926884770650925,2.100840336134454
901,Premier_League,2022,Everton,"[0, 0, 1, 1, 0, 0, 0, 1, 0, 0, 0, 0, 0, 0, 1, 0, 1, 0, 0, 1, 0, 0, 0, 1, 0, 1]",26,13,13,8,3,5,1.221969926728363,1.2464289390402543,1.122334455667789
902,Premier_League,2022,Fulham,"[1, 0, 1, 0, 1, 0, 0, 1, 1, 0, 0, 1, 1, 1, 1, 0, 0, 1, 1, 0, 0, 0, 0, 1, 1, 0, 0, 0, 1, 1, 0]",31,16,15,15,9,6,2.862765580742819,5.47058459211256,3.4246575342465753
903,Premier_League,2022,Leeds,"[1, 1, 0, 0, 0, 0, 0, 0, 1, 1, 0, 0, 0, 0, 0, 0, 1, 0, 1, 0, 1, 0, 0, 0, 0, 0, 0, 0]",28,14,14,7,4,3,1.918134184918154,3.0187741327422106,2.0491803278688523
904,Premier_League,2022,Leicester,"[0, 0, 0, 0, 0, 0, 1, 0, 1, 1, 0, 1, 1, 0, 0, 0, 0, 1, 1, 0, 0, 0, 0, 0, 0, 0, 0, 1, 0, 0, 1]",31,16,15,9,5,4,1.8219668311652022,2.568232696913777,1.8484288354898337
905,Premier_League,2022,Liverpool,"[0, 1, 1, 0, 1, 1, 0, 0, 1, 1, 1, 1, 0, 0, 0, 1, 1, 1, 1, 0, 0, 1, 1, 1, 1, 1, 1, 1]",28,14,14,19,8,11,1.1403848103651506,1.126611601022543,1.050420168067227
906,Premier_League,2022,Man City,"[1, 1, 1, 1, 1, 1, 1, 0, 1, 1, 1, 0, 1, 1, 0, 1, 1, 0, 1, 1, 1, 1, 1, 1, 1, 1, 1, 1, 1, 1, 1, 1, 0]",33,17,16,28,14,14,1.3856886359912752,1.5154299599902785,1.2254901960784315
907,Premier_League,2022,Man United,"[0, 0, 1, 1, 1, 1, 0, 1, 1, 1, 0, 1, 1, 1, 1, 1, 0, 1, 1, 1, 0, 0, 1, 1, 1, 1, 0, 0, 1, 1, 1, 1]",32,16,16,23,12,11,2.0691409914532803,2.881065531983058,2.044989775051125
908,Premier_League,2022,Newcastle,"[1, 0, 1, 1, 1, 1, 1, 1, 1, 1, 1, 0, 0, 1, 1, 1, 1, 1, 0, 1, 1, 1, 0, 1]",24,12,12,19,10,9,2.123108429156708,3.2508264527152875,2.0120724346076457
909,Premier_League,2022,Nottm Forest,"[0, 1, 0, 0, 0, 0, 0, 0, 1, 0, 1, 0, 1, 1, 1, 0, 0, 0, 0, 0, 0, 0, 0, 1, 0, 1, 1]",27,14,13,9,5,4,1.8114671956806268,2.5466317660905053,1.8726591760299625
910,Premier_League,2022,Southampton,"[0, 1, 0, 1, 0, 0, 0, 0, 1, 0, 0, 0, 0, 0, 0, 1, 0, 0, 0, 1, 0, 1, 0, 0, 0, 0, 0, 0, 0, 0, 0]",31,16,15,6,4,2,2.366231518760444,4.86292276415419,2.9069767441860463
911,Premier_League,2022,Tottenham,"[1, 1, 1, 1, 1, 0, 1, 1, 0, 0, 1, 0, 1, 0, 1, 0, 0, 1, 1, 0, 1, 1, 0, 1, 1, 0, 0, 0, 1, 0, 0, 1]",32,16,16,18,10,8,2.517949205927246,4.2013850488496525,2.7472527472527473
912,Premier_League,2022,West Ham,"[0, 0, 0, 1, 0, 0, 1, 1, 0, 1, 0, 0, 0, 0, 0, 0, 1, 0, 1, 0, 1, 0, 1, 1, 0, 0, 0, 1, 0, 1, 0]",31,16,15,11,4,7,1.13799765185277,1.1158677033977469,1.0638297872340425
913,Premier_League,2022,Wolves,"[0, 0, 1, 0, 0, 0, 1, 0, 0, 0, 0, 1, 0, 1, 0, 1, 1, 0, 0, 1, 0, 0, 1, 1, 0, 1, 0, 1, 0, 0]",30,15,15,11,4,7,1.1660227687898326,1.1465946153878563,1.075268817204301
914,Premier_League,2023,Arsenal,"[1, 1, 1, 1, 1, 1, 1, 0, 1, 1, 1, 1, 0, 1, 0, 0, 1, 1, 1, 1, 1, 1, 1, 1, 1, 1, 0, 1, 1, 1, 1, 1, 1]",33,17,16,28,13,15,1.0777737549222652,1.0908010400347226,1.0330578512396693
915,Premier_League,2023,Aston Villa,"[0, 1, 1, 0, 1, 1, 1, 1, 1, 0, 1, 1, 1, 1, 1, 0, 1, 0, 1, 0, 1, 1, 1, 0, 1, 0, 1, 1, 0, 0]",30,15,15,20,12,8,4.925163392299065,16.48325605371109,8.192020971573687
916,Premier_League,2023,Bournemouth,"[0, 0, 0, 0, 0, 0, 1, 0, 1, 1, 1, 1, 1, 1, 0, 0, 0, 0, 1, 1, 1, 1, 0, 0, 1, 1, 0, 0, 0]",29,15,14,13,7,6,1.8137160467771012,2.3903802471936064,1.7301038062283738
917,Premier_League,2023,Brentford,"[1, 0, 0, 0, 1, 1, 1, 0, 0, 1, 0, 0, 0, 0, 0, 1, 0, 0, 1, 0, 0, 0, 0, 0, 1, 1, 0, 1, 0]",29,15,14,10,5,5,1.5243442158298037,1.8063123857418013,1.4641288433382138
918,Premier_League,2023,Brighton,"[1, 1, 0, 1, 1, 1, 0, 0, 1, 0, 1, 0, 1, 0, 1, 0, 1, 0, 1, 0, 0, 0, 0, 1, 0, 0]",26,13,13,12,8,4,4.919015616099991,17.303747393331143,8.289811821271657
919,Premier_League,2023,Burnley,"[0, 0, 0, 0, 0, 1, 0, 0, 0, 0, 0, 0, 1, 0, 0, 1, 0, 0, 0, 0, 0, 0, 0, 1, 0, 1, 0, 0, 0]",29,15,14,5,2,3,1.2677687212207636,1.3928975292929033,1.1778563015312131
920,Premier_League,2023,Chelsea,"[0, 1, 0, 0, 1, 1, 0, 1, 0, 1, 0, 0, 1, 0, 1, 1, 1, 0, 0, 1, 1, 1, 1, 0, 1, 1, 1, 1, 1]",29,15,14,18,7,11,1.0580269137100597,1.0399460889896046,1.0141987829614605
921,Premier_League,2023,Crystal Palace,"[1, 0, 1, 0, 1, 0, 0, 1, 0, 0, 0, 0, 0, 1, 0, 1, 0, 0, 1, 0, 0, 0, 1, 1, 1, 1, 1, 1]",28,14,14,13,5,8,1.1655130865903642,1.1465412140302207,1.0626992561105206
922,Premier_League,2023,Everton,"[0, 0, 0, 0, 1, 0, 1, 0, 1, 1, 0, 1, 1, 1, 1, 0, 0, 0, 0, 0, 0, 0, 1, 0, 1, 1, 1, 1, 0]",29,15,14,13,8,5,2.922830080056166,5.875355368060922,3.6231884057971016
923,Premier_League,2023,Fulham,"[1, 0, 0, 1, 0, 1, 0, 0, 0, 1, 0, 1, 1, 0, 0, 0, 1, 0, 1, 0, 1, 1, 0, 1, 0, 0, 1, 0, 0, 1]",30,15,15,13,6,7,1.426420240978409,1.553454308643979,1.2836970474967908
924,Premier_League,2023,Liverpool,"[1, 1, 1, 1, 1, 0, 1, 1, 1, 1, 1, 1, 1, 1, 1, 1, 0, 1, 1, 1, 1, 1, 1, 0, 1, 0, 1, 1]",28,14,14,24,13,11,3.0980124107883453,7.140633069983435,3.3222591362126246
925,Premier_League,2023,Luton,"[0, 0, 0, 0, 1, 0, 0, 0, 0, 1, 0, 0, 0, 1, 1, 0, 1, 0, 0, 0, 0, 0, 0, 0, 1, 0, 0, 0, 0, 0]",30,15,15,6,4,2,2.512416303240131,5.535406238226222,3.2051282051282053
926,Premier_League,2023,Man City,"[1, 1, 1, 1, 1, 1, 0, 0, 1, 1, 1, 0, 1, 1, 1, 1, 1, 1, 1, 1, 1, 1, 1, 1, 1, 1, 1, 1, 1, 1, 1]",31,16,15,28,13,15,1.0,1.0403823203713451,1.0
927,Premier_League,2023,Man United,"[1, 0, 1, 0, 0, 1, 0, 1, 1, 0, 1, 1, 1, 0, 1, 0, 0, 1, 0, 1, 1, 1, 1, 0, 0, 1, 0, 1, 0, 0, 1, 1]",32,16,16,18,9,9,1.6806258940555632,2.0,1.5797788309636651
928,Premier_League,2023,Newcastle,"[1, 0, 0, 0, 1, 1, 1, 1, 1, 0, 1, 1, 0, 0, 1, 0, 0, 0, 0, 1, 1, 0, 1, 0, 1, 1, 1, 0, 1, 1, 0, 1]",32,16,16,18,9,9,1.6806258940555632,2.0,1.529051987767584
929,Premier_League,2023,Nottm Forest,"[0, 1, 0, 1, 0, 0, 1, 0, 0, 0, 0, 0, 0, 1, 1, 0, 0, 0, 1, 0, 0, 0, 1, 0, 0, 0, 1, 0, 1]",29,15,14,9,5,4,1.8171642779963417,2.5582213856154716,1.9011406844106464
930,Premier_League,2023,Sheffield United,"[0, 0, 0, 0, 0, 0, 0, 0, 0, 1, 0, 0, 0, 1, 0, 0, 0, 0, 0, 1, 0, 0, 0, 0, 0, 0, 0, 0, 0, 0, 0]",31,16,15,3,2,1,1.7655910090854823,3.43045512363755,2.028397565922921
931,Premier_League,2023,Tottenham,"[1, 1, 1, 1, 1, 1, 1, 1, 0, 0, 0, 0, 1, 1, 1, 0, 1, 1, 1, 0, 1, 1, 0, 1, 1, 0, 0, 0, 0, 1, 0, 1]",32,16,16,20,11,9,2.559326799309099,4.299144643591379,2.816901408450704
932,Premier_League,2023,West Ham,"[1, 1, 1, 0, 0, 1, 0, 0, 0, 1, 1, 1, 0, 1, 1, 1, 0, 0, 0, 1, 1, 0, 1, 0, 0, 0, 1, 0]",28,14,14,14,8,6,2.529956763434219,4.447490501346341,2.793296089385475
933,Premier_League,2023,Wolves,"[0, 0, 1, 0, 0, 1, 1, 0, 1, 0, 0, 1, 0, 1, 1, 1, 0, 1, 0, 1, 1, 0, 1, 0, 0, 0, 0, 1, 0, 0, 0]",31,16,15,13,8,5,2.8996857479598197,5.758225761303373,3.4482758620689653
934,Premier_League,2024,Arsenal,"[1, 1, 1, 1, 1, 0, 0, 1, 1, 1, 1, 1, 1, 1, 1, 1, 1, 0, 1, 1, 1, 0, 1, 1]",24,12,12,20,10,10,1.6163774630092107,2.0,1.3966480446927374
935,Premier_League,2024,Aston Villa,"[1, 0, 1, 1, 1, 1, 0, 0, 0, 1, 1, 0, 1, 0, 1, 1, 0, 1, 0, 1, 1, 1, 1, 1, 0, 1, 1, 1, 0]",29,15,14,19,9,10,1.3032041067182132,1.3491754685362924,1.2048192771084338
936,Premier_League,2024,Bournemouth,"[1, 0, 0, 1, 0, 1, 1, 0, 0, 1, 1, 1, 1, 1, 1, 1, 0, 1, 0, 0, 0, 0, 1, 1, 0, 0, 1]",27,14,13,15,9,6,2.932327819116243,5.823339342313051,3.5714285714285716
937,Premier_League,2024,Brentford,"[1, 0, 1, 0, 0, 1, 0, 1, 0, 1, 1, 0, 1, 0, 0, 0, 1, 0, 1, 0, 1, 1, 0, 1, 0, 1, 1, 1, 1, 0]",30,15,15,16,7,9,1.2822733383313059,1.3022650338724133,1.1587485515643106
938,Premier_League,2024,Brighton,"[1, 1, 0, 1, 1, 0, 1, 1, 0, 0, 1, 1, 0, 0, 1, 1, 1, 1, 0, 0, 0, 1, 1, 1, 1]",25,13,12,16,8,8,1.4708481968310905,1.6522935832009673,1.2836970474967908
939,Premier_League,2024,Chelsea,"[0, 1, 1, 1, 1, 0, 1, 1, 1, 1, 1, 1, 0, 0, 1, 0, 1, 0, 0, 1, 1, 0, 1, 1, 1, 1, 0, 1, 1]",29,15,14,20,11,9,2.223744144141939,3.340558766918102,2.232142857142857
940,Premier_League,2024,Crystal Palace,"[0, 0, 0, 0, 0, 1, 0, 1, 1, 0, 1, 1, 1, 0, 1, 0, 1, 1, 1, 1, 0, 0, 1, 1]",24,12,12,13,5,8,1.1393262544582814,1.1230052380468991,1.0548523206751055
941,Premier_League,2024,Everton,"[0, 0, 0, 0, 1, 1, 0, 0, 1, 0, 0, 0, 1, 1, 1, 1, 0, 1, 0, 0, 1, 1, 1]",23,12,11,11,3,8,1.0240578006127397,1.011165299765466,1.002004008016032
942,Premier_League,2024,Fulham,"[0, 1, 1, 1, 0, 0, 1, 1, 0, 1, 1, 0, 1, 0, 1, 1, 0, 1, 0, 1, 0, 1, 0, 0, 1, 0, 0, 1, 0]",29,15,14,15,9,6,2.8927652183629156,5.619271194285363,3.484320557491289
943,Premier_League,2024,Ipswich,"[0, 0, 0, 0, 0, 1, 0, 0, 0, 1, 0, 0, 1, 0, 0, 0, 0, 0, 0, 0, 0, 1, 0, 0, 0, 0, 0, 0]",28,14,14,4,3,1,2.5964281531216575,7.140633069983433,3.663003663003663
944,Premier_League,2024,Leicester,"[0, 0, 0, 1, 1, 0, 0, 0, 0, 1, 0, 0, 0, 0, 0, 0, 0, 1, 0, 0, 0, 0, 0, 0, 0, 0, 0, 0, 1, 1, 0]",31,16,15,6,3,3,1.4875281741654942,1.8688961605013035,1.422475106685633
945,Premier_League,2024,Liverpool,"[1, 1, 1, 0, 1, 1, 1, 1, 1, 1, 1, 1, 1, 1, 1, 1, 1, 1, 1, 1, 1, 1, 1, 0, 1, 1, 1, 0, 0]",29,15,14,25,14,11,3.3034693603424374,8.021734535248276,3.4965034965034967
946,Premier_League,2024,Man City,"[1, 1, 1, 1, 1, 1, 1, 0, 0, 0, 0, 1, 0, 0, 1, 1, 1, 1, 0, 1, 0, 1, 0, 1, 1, 1, 1, 1, 1, 1]",30,15,15,21,9,12,1.1452493588570205,1.131220262965327,1.0570824524312896
947,Premier_League,2024,Man United,"[1, 0, 0, 1, 0, 1, 0, 1, 1, 0, 0, 1, 0, 0, 0, 1, 0, 1, 0, 0, 1, 1, 0, 0, 0, 0, 0, 0, 1]",29,15,14,11,6,5,1.8172633910426899,2.462670581832049,1.7361111111111112
948,Premier_League,2024,Newcastle,"[1, 1, 1, 0, 0, 0, 1, 1, 0, 0, 1, 1, 1, 1, 1, 1, 0, 1, 0, 0, 1, 0, 1, 1, 1, 1, 1, 0, 1, 1, 0, 0]",32,16,16,20,11,9,2.559326799309099,4.299144643591379,3.0864197530864197
949,Premier_League,2024,Nott'm Forest,"[1, 1, 1, 1, 0, 1, 0, 0, 1, 1, 1, 0, 0, 1, 0, 1, 0]",17,9,8,10,6,4,2.3075936651931186,4.116536534324099,2.4154589371980677
950,Premier_League,2024,Nottm Forest,"[1, 1, 0, 1, 1, 1, 0, 0, 1, 0, 1, 1, 1]",13,7,6,9,5,4,1.6770281482263862,2.345005540791239,1.492537313432836
951,Premier_League,2024,Southampton,"[0, 0, 0, 0, 0, 0, 0, 0, 1, 0, 0, 0, 0, 0, 0, 0, 0, 0, 0, 0, 1, 0, 0, 0, 0, 0, 0, 0, 0, 0, 0, 0]",32,16,16,2,1,1,1.3589051446337646,2.0,1.297016861219196
952,Premier_League,2024,Tottenham,"[1, 0, 0, 1, 1, 0, 1, 0, 1, 0, 1, 0, 0, 1, 0, 0, 0, 0, 0, 0, 1, 1, 1, 0, 0, 0, 1, 0, 0, 0, 0, 0, 0]",33,17,16,11,7,4,2.9487804066051098,6.162691635194097,3.5842293906810037
953,Premier_League,2024,West Ham,"[0, 1, 0, 0, 1, 0, 1, 0, 1, 0, 0, 1, 1, 0, 0, 1, 0, 0, 0, 1, 1, 0, 0, 0, 0, 1, 0, 1]",28,14,14,11,6,5,1.9683259886695428,2.862086060341679,1.937984496124031
954,Premier_League,2024,Wolves,"[0, 0, 0, 0, 0, 0, 0, 1, 1, 0, 0, 0, 0, 1, 1, 0, 0, 0, 0, 1, 0, 1, 0, 1, 1, 1, 1, 1, 1, 0, 0, 0]",32,16,16,12,4,8,1.1110339342837554,1.0776599678533099,1.0330578512396693
955,La_Liga,2000,Alaves,"[1, 0, 1, 1, 1, 0, 1, 0, 0, 1, 0, 1, 0, 0, 0, 0, 1, 0, 1, 1, 1, 1, 1, 0, 0, 1, 0, 0, 0, 0, 0]",31,16,15,14,7,7,1.5413791281547766,1.7706325310026498,1.4367816091954022
956,La_Liga,2000,Ath Bilbao,"[0, 1, 0, 1, 0, 0, 1, 0, 1, 0, 1, 0, 1, 1, 0, 1, 0, 1, 0, 0, 0, 1, 1, 0, 0, 0, 0, 0]",28,14,14,11,7,4,3.355383909897206,8.140032960369352,4.784688995215311
957,La_Liga,2000,Barcelona,"[1, 0, 1, 0, 1, 1, 0, 1, 0, 0, 1, 1, 1, 1, 1, 1, 1, 0, 0, 1, 1, 0, 1, 1, 0, 1]",26,13,13,17,8,9,1.4047741514484497,1.5153465600439988,1.2755102040816326
958,La_Liga,2000,Celta,"[1, 1, 1, 0, 0, 1, 0, 1, 0, 0, 0, 0, 0, 0, 1, 1, 1, 1, 1, 1, 1, 0, 1, 1, 0, 1, 1]",27,14,13,16,5,11,1.011166853196928,1.0049081273606963,1.001001001001001
959,La_Liga,2000,Espanol,"[1, 0, 0, 0, 0, 1, 1, 1, 1, 0, 0, 0, 0, 1, 0, 1, 1, 1, 0, 0, 1, 1, 0, 1, 1, 0, 0, 0, 1, 0]",30,15,15,14,6,8,1.2798844210338414,1.3022650338724133,1.1441647597254005
960,La_Liga,2000,La Coruna,"[1, 1, 1, 0, 1, 1, 0, 1, 1, 1, 0, 1, 0, 1, 1, 1, 1, 1, 0, 1, 0, 1, 0, 1, 0, 1, 1, 1, 0, 1, 1]",31,16,15,22,12,10,2.2165941034170693,3.281522447058705,2.192982456140351
961,La_Liga,2000,Las Palmas,"[0, 0, 1, 1, 1, 0, 0, 0, 1, 1, 0, 0, 1, 1, 1, 0, 1, 0, 0, 0, 0, 1, 0, 0, 0, 1, 0, 1, 0, 0, 1]",31,16,15,13,8,5,2.8996857479598197,5.758225761303373,3.4965034965034967
962,La_Liga,2000,Malaga,"[0, 1, 0, 0, 1, 1, 0, 0, 1, 0, 1, 0, 1, 1, 1, 0, 0, 0, 0, 1, 1, 1, 0, 1, 1, 1, 0, 1, 1, 0]",30,15,15,16,8,8,1.6683818641526431,2.0,1.5384615384615385
963,La_Liga,2000,Mallorca,"[0, 0, 0, 1, 1, 1, 1, 1, 0, 1, 1, 1, 0, 1, 1, 0, 1, 1, 1, 1, 1, 0, 1, 1, 1, 1, 1]",27,14,13,20,9,11,1.1263670771923944,1.1289363426218153,1.0471204188481675
964,La_Liga,2000,Numancia,"[1, 0, 0, 1, 0, 0, 1, 0, 0, 0, 0, 1, 0, 0, 1, 0, 0, 1, 0, 1, 0, 0, 0, 0, 0, 1, 1, 0, 1]",29,15,14,10,5,5,1.5243442158298037,1.8063123857418013,1.4285714285714286
965,La_Liga,2000,Osasuna,"[0, 1, 0, 0, 0, 0, 0, 1, 0, 1, 0, 0, 0, 0, 0, 1, 1, 0, 1, 0, 1, 1, 0, 0, 1, 1]",26,13,13,10,3,7,1.0856472264657993,1.0564479778026155,1.0235414534288638
966,La_Liga,2000,Oviedo,"[0, 0, 1, 1, 0, 1, 0, 1, 1, 0, 1, 0, 1, 0, 0, 0, 1, 0, 0, 0, 0, 0, 1, 0, 0, 1, 0, 0, 1, 0]",30,15,15,11,7,4,3.298789871535597,7.821532955724364,4.166666666666667
967,La_Liga,2000,Real Madrid,"[1, 1, 1, 0, 1, 0, 0, 1, 1, 1, 1, 1, 1, 1, 1, 1, 1, 1, 0, 1, 1, 0, 1, 1, 1, 1, 0, 1, 1, 1]",30,15,15,24,12,12,1.6611936130664853,2.0,1.4749262536873156
968,La_Liga,2000,Santander,"[0, 0, 0, 1, 0, 1, 0, 0, 0, 1, 0, 0, 0, 0, 0, 0, 1, 0, 1, 0, 1, 0, 1, 1, 0, 0, 1, 0, 1]",29,15,14,10,3,7,1.0746697676032568,1.0468039746724085,1.015228426395939
969,La_Liga,2000,Sociedad,"[0, 0, 1, 0, 0, 1, 0, 0, 1, 0, 0, 0, 0, 0, 1, 0, 1, 0, 1, 0, 1, 1, 0, 0, 1, 1, 1, 0]",28,14,14,11,3,8,1.0548851444488196,1.0272314659787647,1.0131712259371835
970,La_Liga,2000,Valencia,"[0, 1, 1, 1, 1, 1, 1, 0, 1, 1, 1, 1, 0, 0, 0, 1, 1, 1, 1, 0, 0, 1, 0, 1, 1, 0, 1, 0, 0]",29,15,14,18,10,8,2.223595735426457,3.3480067646370975,2.380952380952381
971,La_Liga,2000,Valladolid,"[1, 0, 0, 1, 0, 1, 0, 1, 0, 1, 1, 0, 1, 0, 0, 0, 0, 0, 1, 0, 0, 1, 0]",23,12,11,9,6,3,3.1524310523127923,7.558906938085354,4.11522633744856
972,La_Liga,2000,Vallecano,"[1, 1, 1, 0, 0, 1, 1, 0, 1, 0, 1, 0, 0, 1, 0, 0, 0, 1, 0, 0, 0, 0, 0, 1, 0]",25,13,12,10,7,3,4.437792045059089,14.1516773767228,6.8493150684931505
973,La_Liga,2000,Villarreal,"[0, 1, 1, 0, 0, 1, 1, 0, 0, 1, 1, 0, 1, 0, 1, 1, 1, 1, 0, 0, 1, 0, 0, 1, 1, 0, 1, 0, 1]",29,15,14,16,8,8,1.5200667549213656,1.7192277091237715,1.4124293785310735
974,La_Liga,2000,Zaragoza,"[0, 0, 0, 1, 1, 0, 1, 1, 1, 0, 0, 1, 0, 1, 0, 0, 0, 1, 0, 0, 1, 0, 0]",23,12,11,9,6,3,3.1524310523127923,7.558906938085354,3.875968992248062
975,La_Liga,2001,Alaves,"[1, 1, 0, 1, 0, 1, 1, 0, 1, 1, 0, 1, 1, 0, 0, 1, 1, 0, 0, 1, 0, 0, 0, 0, 1, 0, 0, 1, 0, 1, 0, 1, 0, 0, 1]",35,18,17,17,11,6,5.062767127289619,15.788681065575648,8.63036161215155
976,La_Liga,2001,Ath Bilbao,"[1, 0, 1, 1, 0, 0, 1, 1, 1, 1, 1, 0, 1, 0, 0, 1, 1, 0, 1, 0, 1, 0, 0, 0, 0, 0, 1]",27,14,13,14,9,5,4.068661615511714,11.133362611814682,5.714285714285714
977,La_Liga,2001,Barcelona,"[1, 1, 1, 1, 0, 1, 0, 1, 0, 0, 1, 0, 1, 1, 0, 0, 1, 1, 1, 0, 1, 0, 1, 1, 1, 0, 1, 1]",28,14,14,18,9,9,1.668616179586344,2.0,1.5748031496062993
978,La_Liga,2001,Betis,"[0, 1, 1, 1, 1, 1, 0, 0, 0, 1, 1, 1, 1, 0, 0, 1, 1, 1, 1, 0, 1, 1, 0, 0]",24,12,12,15,8,7,2.041997230671358,2.9704882894736944,1.941747572815534
979,La_Liga,2001,Celta,"[1, 1, 1, 1, 0, 0, 0, 1, 1, 1, 1, 1, 1, 0, 0, 0, 1, 1, 1, 1, 0, 0, 1, 1, 0, 0]",26,13,13,16,10,6,5.130203371589748,18.715426467476895,8.824567596187787
980,La_Liga,2001,Espanol,"[1, 0, 0, 0, 1, 1, 0, 1, 0, 0, 1, 0, 1, 0, 1, 0, 0, 1, 1, 1, 1, 0, 0, 0, 1, 0, 1, 0, 0, 0]",30,15,15,13,7,6,1.981164112156975,2.8068338874262353,2.0080321285140563
981,La_Liga,2001,La Coruna,"[1, 1, 0, 1, 1, 1, 1, 0, 1, 0, 1, 0, 0, 1, 1, 0, 0, 1, 0, 1, 0, 1, 1, 1, 1, 1, 1, 0, 1, 1]",30,15,15,20,10,10,1.6780347465021415,2.0,1.4792899408284024
982,La_Liga,2001,Las Palmas,"[1, 0, 0, 0, 1, 0, 1, 0, 1, 0, 0, 1, 1, 1, 0, 0, 0, 0, 0, 1, 0, 1, 0, 0, 0]",25,13,12,9,6,3,3.123826759304197,7.381478532763724,4.3478260869565215
983,La_Liga,2001,Malaga,"[1, 0, 0, 0, 1, 1, 0, 0, 1, 0, 1, 0, 1, 0, 1, 1, 0, 1, 1, 1, 1, 0, 0, 1]",24,12,12,13,5,8,1.1393262544582814,1.1230052380468991,1.0638297872340425
984,La_Liga,2001,Mallorca,"[0, 1, 0, 0, 0, 0, 1, 0, 1, 1, 0, 1, 0, 0, 0, 1, 1, 0, 0, 0, 0, 1, 1, 0, 1, 0, 0, 1]",28,14,14,11,5,6,1.4047185470557153,1.5370321067848536,1.288659793814433
985,La_Liga,2001,Osasuna,"[0, 0, 1, 1, 1, 0, 0, 1, 0, 0, 0, 0, 1, 0, 1, 1, 1, 0, 0, 0, 0, 0, 1, 0, 1, 0]",26,13,13,10,5,5,1.6144076428525194,2.0,1.545595054095827
986,La_Liga,2001,Real Madrid,"[0, 0, 1, 0, 1, 1, 1, 0, 1, 1, 1, 1, 1, 1, 1, 0, 0, 1, 0, 1, 1, 1, 1, 1, 1, 0, 1, 0, 0]",29,15,14,19,11,8,2.9071441427411284,5.565768219774288,3.3112582781456954
987,La_Liga,2001,Sevilla,"[0, 1, 1, 0, 1, 0, 1, 0, 1, 0, 1, 0, 1, 0, 1, 1, 0, 0, 1, 0, 0, 0, 0, 1, 1, 1, 1]",27,14,13,14,7,7,1.5121956885368906,1.7265138503815158,1.4164305949008498
988,La_Liga,2001,Sociedad,"[0, 0, 0, 0, 0, 0, 1, 1, 1, 0, 0, 1, 0, 0, 1, 0, 0, 0, 1, 0, 1, 1, 0, 1, 1, 0, 1, 0, 1, 1]",30,15,15,13,5,8,1.1748549394474508,1.1554171690220127,1.0672358591248665
989,La_Liga,2001,Tenerife,"[0, 0, 1, 0, 0, 1, 1, 0, 0, 0, 1, 1, 0, 0, 0, 1, 0, 0, 0, 0, 1, 1, 0, 0, 0, 1, 0, 0, 1, 0]",30,15,15,10,5,5,1.6171499702466807,2.0,1.6025641025641026
990,La_Liga,2001,Valencia,"[1, 1, 1, 1, 1, 0, 0, 1, 1, 1, 0, 0, 1, 1, 1, 1, 1, 1, 0, 1, 1, 1, 1, 1, 1, 1]",26,13,13,21,9,12,1.06639174482282,1.0726615919185754,1.019367991845056
991,La_Liga,2001,Valladolid,"[0, 1, 0, 0, 1, 1, 0, 1, 0, 1, 0, 1, 0, 0, 1, 1, 1, 0, 1, 0, 1, 0, 0, 0, 0, 1, 1, 0, 0]",29,15,14,13,7,6,1.8137160467771012,2.3903802471936064,1.7825311942959001
992,La_Liga,2001,Vallecano,"[0, 0, 0, 0, 0, 0, 1, 0, 1, 0, 1, 0, 0, 0, 1, 1, 0, 1, 0, 1, 0, 1, 0, 1, 1, 1, 1, 1]",28,14,14,13,3,10,1.0153153441355702,1.0040106122304924,1.0
993,La_Liga,2001,Villarreal,"[1, 1, 0, 1, 1, 0, 0, 0, 0, 1, 1, 0, 0, 0, 0, 1, 0, 1, 0, 0, 0, 1, 0, 1, 0, 0, 1, 0]",28,14,14,11,6,5,1.9683259886695428,2.862086060341679,2.028397565922921
994,La_Liga,2001,Zaragoza,"[0, 1, 0, 1, 1, 0, 0, 0, 1, 1, 0, 1, 0, 0, 0, 1, 0, 0, 1, 0, 1, 0, 0, 0, 0, 0, 0, 0]",28,14,14,9,6,3,3.414243374684537,8.898170404005489,4.62962962962963
995,La_Liga,2002,Alaves,"[0, 1, 0, 0, 0, 1, 0, 1, 0, 1, 0, 1, 1, 0, 1, 0, 0, 0, 0, 0, 0, 0, 1, 0, 0, 0, 0]",27,14,13,8,6,2,4.746730794489916,16.909506658513124,7.9239302694136295
996,La_Liga,2002,Ath Bilbao,"[0, 0, 0, 1, 0, 1, 1, 1, 0, 0, 0, 1, 1, 0, 0, 1, 1, 0, 0, 1, 0, 1, 1, 1, 1, 1, 1, 0]",28,14,14,15,6,9,1.1649778789246619,1.1465412140302205,1.0706638115631693
997,La_Liga,2002,Ath Madrid,"[1, 0, 1, 1, 1, 0, 1, 0, 0, 0, 1, 0, 1, 1, 0, 1, 1, 0, 0, 0, 0, 0, 1, 1, 0, 0, 0]",27,14,13,12,8,4,4.159468507932459,11.89050938720815,6.148170919151553
998,La_Liga,2002,Barcelona,"[1, 1, 0, 0, 1, 1, 0, 0, 0, 0, 1, 1, 0, 0, 0, 1, 1, 1, 0, 0, 1, 1, 0, 1, 1, 1, 1]",27,14,13,15,6,9,1.1108279912740078,1.0918230694676767,1.0384215991692627
999,La_Liga,2002,Betis,"[1, 1, 0, 1, 1, 0, 1, 1, 0, 1, 0, 1, 1, 0, 0, 1, 0, 0, 0, 1, 0, 0, 0, 1, 1, 1]",26,13,13,14,9,5,4.952093938005713,17.303747393331143,8.431703204047217
1000,La_Liga,2002,Celta,"[1, 1, 1, 1, 0, 0, 1, 0, 1, 1, 0, 1, 0, 0, 0, 1, 0, 1, 1, 0, 1, 1, 1, 1, 0, 1, 1, 0]",28,14,14,17,8,9,1.4245592388561574,1.537032106784853,1.288659793814433
1001,La_Liga,2002,Espanol,"[0, 0, 0, 0, 1, 1, 0, 0, 0, 0, 1, 0, 0, 1, 0, 1, 1, 0, 0, 1, 1, 1, 1, 0, 0]",25,13,12,10,3,7,1.0607940218887384,1.0374625703380653,1.0111223458038423
1002,La_Liga,2002,La Coruna,"[0, 1, 1, 1, 0, 0, 1, 1, 1, 1, 1, 0, 1, 0, 1, 1, 1, 1, 1, 1, 0, 1, 1, 1, 0, 1, 1, 0, 0, 1, 0, 1]",32,16,16,22,11,11,1.6860487706131637,2.0,1.5649452269170578
1003,La_Liga,2002,Malaga,"[1, 1, 1, 0, 0, 1, 0, 0, 0, 1, 1, 0, 0, 0, 1, 0, 1, 1, 1, 0, 0, 0, 0, 1, 0]",25,13,12,11,6,5,1.8011572900901784,2.4350205521816366,1.7452006980802792
1004,La_Liga,2002,Mallorca,"[0, 0, 0, 1, 1, 1, 1, 1, 1, 1, 0, 0, 0, 0, 1, 0, 0, 0, 0, 0, 1, 1, 1, 1, 0, 1, 0, 1]",28,14,14,14,7,7,1.653613241824788,2.0,1.5649452269170578
1005,La_Liga,2002,Osasuna,"[0, 0, 0, 1, 0, 0, 0, 1, 1, 1, 1, 0, 0, 1, 0, 1, 0, 0, 0, 0, 0, 1, 0, 1, 1, 1, 1]",27,14,13,12,6,6,1.5175105332061893,1.759386916159739,1.3550135501355014
1006,La_Liga,2002,Real Madrid,"[1, 1, 1, 0, 1, 1, 1, 1, 1, 1, 1, 1, 0, 1, 1, 1, 1, 1, 1, 0, 1, 0, 1, 1, 1, 1]",26,13,13,22,11,11,1.6217929048170818,2.0,1.4598540145985401
1007,La_Liga,2002,Recreativo,"[0, 0, 0, 0, 0, 1, 0, 0, 1, 0, 0, 0, 0, 1, 0, 0, 1, 1, 1, 1, 0, 1, 0, 0, 0, 0]",26,13,13,8,2,6,1.0760234925245085,1.0466778650845106,1.0256410256410255
1008,La_Liga,2002,Santander,"[0, 1, 0, 1, 1, 0, 0, 0, 0, 1, 0, 1, 1, 0, 0, 0, 0, 0, 1, 1, 1, 0, 0, 0, 0, 1, 1, 1, 0, 0, 1, 0, 0]",33,17,16,13,6,7,1.3642317738787741,1.4485450053012874,1.2376237623762376
1009,La_Liga,2002,Sevilla,"[0, 0, 1, 0, 1, 0, 0, 1, 1, 0, 1, 0, 1, 0, 1, 1, 1, 1, 0, 1, 0, 0, 0, 1, 1, 0, 0]",27,14,13,13,6,7,1.3258749661237057,1.3966438877911838,1.179245283018868
1010,La_Liga,2002,Sociedad,"[1, 1, 1, 1, 1, 1, 1, 1, 1, 1, 1, 1, 0, 0, 1, 0, 1, 1, 0, 1, 1, 0, 1, 1, 1, 1, 0, 1]",28,14,14,22,12,10,2.843482019820793,5.602534042157461,3.003003003003003
1011,La_Liga,2002,Valencia,"[1, 1, 1, 0, 1, 1, 0, 1, 1, 1, 0, 0, 1, 1, 1, 1, 1, 0, 0, 0, 1, 0, 1, 0, 0, 1, 0, 0, 1]",29,15,14,17,11,6,5.656916997835949,20.85893760147531,10.26694045174538
1012,La_Liga,2002,Valladolid,"[1, 1, 0, 0, 1, 0, 0, 1, 0, 0, 0, 1, 0, 1, 1, 0, 1, 0, 0, 0, 1, 0, 0, 0, 1, 1, 0, 1]",28,14,14,12,6,6,1.6379481654980252,2.0,1.5337423312883436
1013,La_Liga,2002,Vallecano,"[0, 1, 0, 1, 0, 0, 0, 0, 0, 1, 1, 0, 1, 0, 0, 0, 1, 0, 0, 0, 1, 0, 0, 0, 0, 0, 0]",27,14,13,7,5,2,3.275052459136128,8.755765206813042,4.291845493562231
1014,La_Liga,2002,Villarreal,"[0, 0, 1, 0, 0, 1, 1, 0, 0, 1, 1, 0, 1, 1, 0, 0, 1, 0, 0, 1, 0, 0, 1, 1, 0, 0]",26,13,13,11,6,5,1.9765389138057148,2.8926884770650925,1.9801980198019802
1015,La_Liga,2003,Albacete,"[0, 0, 0, 0, 1, 0, 1, 0, 1, 0, 0, 0, 1, 1, 1, 0, 0, 0, 0, 1, 1, 1, 0, 1, 0, 0, 1, 1, 0, 1]",30,15,15,13,6,7,1.426420240978409,1.553454308643979,1.2953367875647668
1016,La_Liga,2003,Ath Bilbao,"[0, 0, 1, 1, 1, 0, 1, 0, 1, 1, 0, 0, 1, 0, 1, 1, 1, 1, 0, 0, 1, 0, 1, 1, 0, 1, 0]",27,14,13,15,7,8,1.316508931008271,1.3760742381167328,1.2048192771084338
1017,La_Liga,2003,Ath Madrid,"[0, 1, 0, 0, 0, 1, 1, 1, 1, 1, 0, 1, 0, 1, 1, 1, 0, 0, 1, 0, 1, 1, 0, 0, 0, 1, 0, 1]",28,14,14,15,8,7,2.010548201001965,2.837933762005623,2.0408163265306123
1018,La_Liga,2003,Barcelona,"[1, 1, 0, 0, 1, 1, 1, 0, 0, 0, 1, 0, 1, 1, 1, 1, 1, 1, 1, 1, 1, 1, 1, 1, 1, 1, 0, 1, 0]",29,15,14,21,9,12,1.0741654582844626,1.0647206094192052,1.0214504596527068
1019,La_Liga,2003,Betis,"[0, 1, 1, 1, 0, 0, 0, 0, 1, 0, 0, 1, 1, 1, 1, 1, 0, 0, 0, 1, 1, 0, 0, 1, 1]",25,13,12,13,6,7,1.3068688953698475,1.3722517042282367,1.1764705882352942
1020,La_Liga,2003,Celta,"[0, 1, 0, 0, 1, 0, 0, 1, 0, 0, 1, 0, 0, 1, 1, 0, 0, 0, 0, 0, 1, 1, 0, 1, 0, 0]",26,13,13,9,4,5,1.3773750381549292,1.5153465600439986,1.2836970474967908
1021,La_Liga,2003,Espanol,"[0, 0, 0, 0, 0, 0, 1, 0, 0, 1, 0, 0, 0, 0, 0, 1, 1, 0, 0, 1, 1, 0, 0, 1, 1, 0, 1, 0, 1, 1, 0, 1, 0, 1]",34,17,17,13,4,9,1.0741850215126545,1.0403897015854855,1.0141987829614605
1022,La_Liga,2003,La Coruna,"[1, 1, 1, 1, 0, 1, 1, 1, 0, 1, 0, 1, 0, 1, 1, 1, 0, 1, 1, 1, 0, 0, 0, 1, 1, 1, 1, 0, 1, 1]",30,15,15,21,11,10,2.063945400892388,2.897172134819273,2.0
1023,La_Liga,2003,Malaga,"[0, 0, 0, 1, 1, 0, 1, 0, 1, 1, 0, 1, 0, 1, 1, 0, 0, 0, 0, 0, 0, 1, 1, 1, 0, 1, 1, 1, 0, 0, 1, 0]",32,16,16,15,8,7,1.9914839302416356,2.765660470166652,2.0661157024793386
1024,La_Liga,2003,Mallorca,"[0, 1, 0, 0, 0, 0, 1, 0, 1, 1, 1, 1, 1, 0, 0, 0, 0, 1, 0, 0, 0, 0, 1, 0, 0, 1, 0, 1, 1, 1, 1, 1]",32,16,16,15,7,8,1.4441161147724728,1.5663603036350555,1.3245033112582782
1025,La_Liga,2003,Murcia,"[0, 0, 1, 0, 0, 0, 0, 0, 0, 0, 0, 1, 0, 0, 0, 0, 0, 0, 1, 0, 0, 0, 0, 1, 0, 1, 0]",27,14,13,5,2,3,1.26353190974014,1.3858205225840645,1.1312217194570136
1026,La_Liga,2003,Osasuna,"[1, 0, 1, 1, 1, 0, 1, 0, 1, 1, 0, 1, 0, 0, 1, 1, 1, 0, 0, 0, 0, 0, 0]",23,12,11,11,8,3,6.954623973562538,33.981204314202294,14.206563432305725
1027,La_Liga,2003,Real Madrid,"[1, 1, 1, 0, 1, 1, 1, 1, 0, 1, 1, 1, 1, 1, 1, 0, 1, 1, 1, 1, 1, 0, 1, 1, 0, 1, 0, 0, 0, 0, 0]",31,16,15,21,13,8,5.618992150336281,20.70772049179958,10.030090270812437
1028,La_Liga,2003,Santander,"[1, 0, 0, 1, 1, 0, 0, 1, 1, 0, 1, 0, 0, 1, 1, 0, 0, 0, 1, 0, 1, 0, 0, 0, 0, 1, 0, 0]",28,14,14,11,7,4,3.355383909897206,8.140032960369352,4.854368932038835
1029,La_Liga,2003,Sevilla,"[1, 0, 1, 0, 1, 0, 0, 1, 1, 0, 0, 1, 0, 0, 0, 1, 1, 1, 1, 0, 0, 0, 1, 1, 1, 0, 1, 1]",28,14,14,15,6,9,1.1649778789246619,1.1465412140302205,1.0660980810234542
1030,La_Liga,2003,Sociedad,"[1, 1, 0, 0, 1, 0, 0, 0, 0, 0, 0, 1, 1, 1, 1, 1, 0, 0, 0, 1, 0, 0, 1, 0, 1]",25,13,12,11,5,6,1.312366537696454,1.3903095941809698,1.2077294685990339
1031,La_Liga,2003,Valencia,"[1, 1, 1, 1, 1, 1, 0, 1, 0, 1, 1, 1, 1, 1, 1, 0, 1, 1, 0, 0, 1, 1, 1, 1, 1, 1, 1, 1, 0, 0]",30,15,15,23,13,10,3.8479796519292098,10.239550314455164,5.208333333333333
1032,La_Liga,2003,Valladolid,"[1, 0, 1, 0, 0, 0, 1, 1, 1, 0, 1, 0, 1, 0, 0, 0, 0, 0, 1, 1, 0, 0, 0, 0, 0, 0, 1]",27,14,13,10,7,3,4.359740199597395,13.535678184741862,6.864831468387451
1033,La_Liga,2003,Villarreal,"[1, 1, 0, 0, 1, 0, 1, 1, 0, 1, 1, 0, 1, 1, 0, 0, 0, 1, 0, 0, 0, 1, 0, 0, 1, 1, 1, 1, 0]",29,15,14,15,9,6,2.8927652183629156,5.619271194285363,3.389830508474576
1034,La_Liga,2003,Zaragoza,"[0, 0, 1, 0, 0, 1, 0, 1, 1, 0, 0, 0, 1, 0, 0, 0, 0, 1, 0, 1, 1, 1, 1, 0, 0, 0, 1, 1, 1]",29,15,14,13,5,8,1.1315443717727154,1.1096503965983031,1.0460251046025104
1035,La_Liga,2004,Albacete,"[0, 0, 0, 1, 0, 1, 0, 0, 1, 0, 0, 0, 0, 0, 0, 0, 1, 0, 0]",19,10,9,4,3,1,2.4687786902230946,6.3843318405493,3.003003003003003
1036,La_Liga,2004,Ath Bilbao,"[0, 0, 1, 0, 1, 0, 0, 0, 1, 1, 1, 1, 0, 0, 1, 0, 1, 0, 0, 0]",20,10,10,8,4,4,1.5795211728823682,2.0,1.5174506828528074
1037,La_Liga,2004,Ath Madrid,"[1, 1, 0, 1, 0, 1, 0, 1, 0, 1, 0, 0, 0, 1, 0, 1, 1, 0, 0, 0]",20,10,10,9,6,3,3.758862292685365,11.265710937205075,4.854368932038835
1038,La_Liga,2004,Barcelona,"[1, 1, 1, 1, 1, 1, 1, 1, 1, 1, 1, 0, 1, 1, 1, 1, 1, 1, 1]",19,10,9,18,10,8,2.5954462419217785,7.1731234782951026,2.207505518763797
1039,La_Liga,2004,Betis,"[0, 0, 1, 1, 0, 1, 0, 1, 0, 1, 1, 0, 0, 1, 0, 1, 1, 1]",18,9,9,10,4,6,1.1869323399543459,1.2068416173377783,1.0834236186348862
1040,La_Liga,2004,Espanol,"[1, 1, 0, 1, 0, 0, 1, 1, 1, 0, 1, 0, 1, 0, 1, 0, 1, 1]",18,9,9,11,6,5,2.043273910604228,3.180938916864077,2.0120724346076457
1041,La_Liga,2004,Getafe,"[0, 0, 0, 1, 0, 1, 0, 0, 0, 1, 0, 1, 1, 0, 1, 1, 1, 0, 1, 0]",20,10,10,9,3,6,1.1135794782840645,1.09741166550636,1.0330578512396693
1042,La_Liga,2004,La Coruna,"[0, 1, 0, 1, 1, 0, 0, 0, 1, 1, 1, 0, 0, 0, 1, 0]",16,8,8,7,3,4,1.3106598031647594,1.4433082914516608,1.183431952662722
1043,La_Liga,2004,Levante,"[1, 0, 1, 0, 1, 1, 0, 1, 1, 0, 0, 0, 0, 0, 1, 1, 1, 0, 0, 0, 0, 0]",22,11,11,9,6,3,3.63374422757062,10.346769726499527,4.545454545454546
1044,La_Liga,2004,Malaga,"[0, 1, 1, 0, 1, 0, 0, 1, 0, 0, 0, 1, 1, 1, 1, 0, 0, 1, 0, 1, 1, 1]",22,11,11,12,4,8,1.0655245341205672,1.0453516251747186,1.0141987829614605
1045,La_Liga,2004,Mallorca,"[0, 1, 0, 0, 0, 0, 0, 0, 1, 0, 0, 0, 0, 0, 1, 0, 0, 0, 1, 1, 1, 1]",22,11,11,7,2,5,1.1118715459877633,1.0927087428924895,1.027749229188078
1046,La_Liga,2004,Numancia,"[0, 1, 0, 0, 0, 0, 0, 0, 0, 0, 0, 0, 0, 0, 0, 0, 1]",17,9,8,2,1,1,1.3170154320220662,1.8679513884800731,1.2594458438287153
1047,La_Liga,2004,Osasuna,"[1, 1, 0, 1, 0, 1, 0, 0, 1, 0, 1, 1, 0, 0, 0, 0, 1, 1, 0, 0]",20,10,10,9,5,4,1.9825354815328058,3.062341080606125,1.996007984031936
1048,La_Liga,2004,Real Madrid,"[1, 1, 0, 1, 0, 0, 1, 1, 1, 1, 0, 1, 1, 1, 1, 1, 0, 1, 0, 1, 1, 1, 1, 1]",24,12,12,18,8,10,1.188187176341435,1.2090279954402505,1.079913606911447
1049,La_Liga,2004,Santander,"[0, 0, 1, 0, 0, 1, 1, 0, 0, 0, 1, 0, 1, 1, 1, 0, 1, 0, 1]",19,10,9,9,3,6,1.0713140345158332,1.058192363201616,1.0183299389002036
1050,La_Liga,2004,Sevilla,"[1, 0, 1, 1, 1, 1, 0, 0, 1, 1, 1, 0, 1, 0, 0, 1, 1, 1, 0, 0]",20,10,10,12,7,5,2.725562493301657,5.535406238226222,2.9940119760479043
1051,La_Liga,2004,Sociedad,"[0, 0, 0, 1, 0, 1, 1, 1, 1, 0, 0, 0, 0, 0, 1, 1, 0, 0, 0]",19,10,9,7,5,2,3.380488522454906,9.51947438830441,4.716981132075472
1052,La_Liga,2004,Valencia,"[1, 1, 1, 1, 0, 0, 0, 1, 1, 1, 1, 1, 0, 1, 0, 1, 0, 1]",18,9,9,12,6,6,1.6055958887348067,2.0,1.4705882352941178
1053,La_Liga,2004,Villarreal,"[0, 0, 1, 1, 1, 1, 1, 1, 1, 1, 0, 1, 0, 0, 1, 1, 1, 1]",18,9,9,13,7,6,2.0974144858672803,3.340431362193739,1.9920318725099602
1054,La_Liga,2004,Zaragoza,"[1, 1, 0, 1, 0, 1, 0, 1, 0, 0, 1, 1, 0, 0, 1, 1, 0, 1, 0, 0, 0]",21,11,10,10,6,4,2.289592941803353,3.959960951529355,2.4390243902439024
1055,La_Liga,2005,Alaves,"[0, 0, 0, 1, 0, 0, 1, 0, 0, 0, 0, 0, 1, 0, 1, 1, 0, 0, 1, 1, 0, 0, 0, 1, 0, 1]",26,13,13,9,3,6,1.1404595918962377,1.1212023997753857,1.0405827263267429
1056,La_Liga,2005,Ath Bilbao,"[1, 0, 0, 0, 0, 0, 0, 0, 1, 1, 0, 0, 0, 1, 0, 0, 1, 0, 1, 1, 1, 0, 0, 1, 1, 1]",26,13,13,11,3,8,1.0490632742270825,1.0241535176398455,1.0070493454179255
1057,La_Liga,2005,Ath Madrid,"[0, 1, 0, 0, 1, 0, 1, 1, 0, 0, 0, 1, 1, 1, 1, 1, 1, 0, 1, 0, 0, 1, 1, 0, 0]",25,13,12,13,6,7,1.3068688953698475,1.3722517042282367,1.1961722488038278
1058,La_Liga,2005,Barcelona,"[1, 0, 1, 1, 1, 1, 1, 1, 1, 1, 1, 1, 1, 1, 1, 1, 1, 0, 0, 1, 1, 1, 0, 1, 1, 1, 1, 1, 1, 0, 0]",31,16,15,25,15,10,6.75672577867707,35.41820112035011,13.812154696132596
1059,La_Liga,2005,Betis,"[0, 1, 0, 1, 0, 0, 0, 0, 0, 0, 1, 1, 0, 1, 0, 0, 0, 1, 0, 1, 1, 1, 0, 0, 0, 1]",26,13,13,10,4,6,1.2421188280651394,1.2659130648831014,1.1135857461024499
1060,La_Liga,2005,Cadiz,"[0, 1, 0, 1, 1, 0, 0, 0, 0, 0, 0, 0, 1, 1, 0, 0, 0, 0, 1, 0, 0, 0, 1, 0, 0, 1]",26,13,13,8,4,4,1.584677267025257,2.0,1.51285930408472
1061,La_Liga,2005,Celta,"[1, 1, 0, 1, 1, 0, 1, 0, 1, 1, 0, 1, 0, 0, 0, 1, 1, 0, 1, 1, 0, 1, 1, 0, 0, 0, 1, 1, 0, 1, 1, 1, 0, 1]",34,17,17,20,10,10,1.6909566796245026,2.0,1.607717041800643
1062,La_Liga,2005,Espanol,"[0, 1, 1, 0, 0, 0, 0, 0, 1, 0, 1, 0, 1, 0, 1, 0, 0, 0, 1, 0, 1, 0, 0, 1, 0, 0, 1]",27,14,13,10,5,5,1.5148471428733075,1.7898317226824547,1.4204545454545454
1063,La_Liga,2005,Getafe,"[1, 1, 1, 1, 0, 1, 0, 0, 0, 1, 0, 0, 0, 1, 0, 1, 0, 0, 1, 1, 0, 0, 1, 1, 1, 1, 0, 1, 0]",29,15,14,15,7,8,1.3365817510220201,1.4011932769302333,1.2315270935960592
1064,La_Liga,2005,La Coruna,"[1, 1, 0, 0, 1, 1, 1, 0, 1, 1, 1, 0, 1, 0, 0, 0, 1, 1, 0, 0, 1, 1, 0, 1, 0, 1, 0, 0]",28,14,14,15,9,6,3.3867106476777153,7.824018803295667,4.672897196261682
1065,La_Liga,2005,Malaga,"[0, 0, 1, 1, 0, 0, 1, 0, 1, 0, 0, 0, 0, 0, 0, 0, 1, 0, 0, 0, 0, 0, 0, 0, 0, 0, 0, 0, 0]",29,15,14,5,4,1,3.6115861154694056,12.175174512200078,5.405405405405405
1066,La_Liga,2005,Mallorca,"[0, 0, 1, 0, 0, 0, 1, 1, 0, 0, 1, 0, 0, 0, 0, 0, 1, 1, 1, 0, 0, 1, 1, 0, 1]",25,13,12,10,4,6,1.1879479721771757,1.1953140588265818,1.1025358324145536
1067,La_Liga,2005,Osasuna,"[1, 0, 1, 0, 1, 1, 1, 0, 1, 1, 1, 1, 1, 1, 1, 0, 0, 0, 1, 1, 0, 0, 1, 1, 1, 0, 0, 1, 1, 0, 1, 0, 1]",33,17,16,21,12,9,2.822573410524107,5.10012779222011,3.257328990228013
1068,La_Liga,2005,Real Madrid,"[1, 0, 0, 1, 1, 1, 1, 0, 0, 1, 1, 0, 1, 1, 0, 1, 1, 1, 1, 1, 1, 0, 1, 1, 1, 1, 1, 0]",28,14,14,20,9,11,1.235215472934987,1.252178551393171,1.1098779134295227
1069,La_Liga,2005,Santander,"[0, 0, 1, 1, 0, 0, 0, 0, 1, 1, 1, 0, 0, 1, 0, 0, 1, 0, 0, 0, 0, 1, 0, 1, 0]",25,13,12,9,5,4,1.8045939709170182,2.5330520271144654,1.663893510815308
1070,La_Liga,2005,Sevilla,"[1, 0, 0, 1, 1, 1, 1, 1, 0, 0, 1, 0, 1, 0, 1, 1, 0, 1, 1, 0, 1, 0, 1, 1, 0, 1, 1, 1, 1, 1]",30,15,15,20,9,11,1.2646065024762174,1.2808837286823989,1.1494252873563218
1071,La_Liga,2005,Sociedad,"[0, 1, 0, 1, 0, 1, 1, 1, 0, 0, 0, 0, 0, 1, 0, 0, 0, 1, 0, 0, 0, 0, 1, 0, 0, 0, 1, 1, 1, 0, 0]",31,16,15,11,6,5,1.8232794953008047,2.473584629491664,1.8281535648994516
1072,La_Liga,2005,Valencia,"[1, 1, 0, 1, 1, 0, 0, 1, 1, 1, 1, 1, 1, 1, 1, 1, 1, 0, 0, 1, 1, 1, 1, 1, 0, 0]",26,13,13,19,10,9,2.0832218290208626,3.0377264526688816,2.070393374741201
1073,La_Liga,2005,Villarreal,"[0, 0, 1, 1, 1, 1, 1, 1, 0, 1, 1, 0, 1, 0, 0, 1, 1, 0, 1, 0, 0, 1, 1]",23,12,11,14,8,6,2.2560799073314435,3.6241842185578204,2.336448598130841
1074,La_Liga,2005,Zaragoza,"[1, 0, 0, 0, 0, 1, 1, 1, 1, 1, 0, 1, 0, 1, 0, 1, 0, 0, 0, 0, 1, 0]",22,11,11,10,6,4,2.595532227374539,5.104581978565192,2.857142857142857
1075,La_Liga,2007,Almeria,"[1, 0, 0, 1, 0, 1, 0, 0, 0, 1, 1, 0, 0, 1, 1, 1, 1, 1, 0, 0, 1, 0, 1, 1, 0, 0, 0, 1]",28,14,14,14,6,8,1.2689954302532724,1.2900660638831267,1.1363636363636365
1076,La_Liga,2007,Ath Bilbao,"[0, 1, 0, 0, 1, 0, 1, 0, 1, 0, 0, 1, 0, 0, 1, 1, 0, 1, 1, 1, 1, 0, 1, 0, 0, 1, 0]",27,14,13,13,5,8,1.1191361179045518,1.0986839253964997,1.0471204188481675
1077,La_Liga,2007,Ath Madrid,"[0, 1, 1, 1, 0, 1, 1, 1, 0, 1, 1, 1, 0, 1, 1, 0, 0, 1, 0, 0, 1, 0, 1, 1, 0, 1, 0, 1, 1, 1, 0]",31,16,15,19,11,8,2.8514998746410845,5.2840089508193175,3.3222591362126246
1078,La_Liga,2007,Barcelona,"[1, 1, 1, 1, 1, 0, 1, 1, 0, 1, 1, 1, 0, 1, 1, 1, 1, 1, 1, 0, 0, 1, 0, 0, 1, 0, 0, 1]",28,14,14,19,11,8,3.6178349396121874,8.898170404005489,4.694835680751174
1079,La_Liga,2007,Betis,"[0, 0, 0, 1, 0, 0, 1, 0, 0, 1, 1, 0, 1, 1, 0, 0, 1, 1, 0, 0, 1, 1, 1, 0, 1, 0, 0]",27,14,13,12,6,6,1.5175105332061893,1.759386916159739,1.3966480446927374
1080,La_Liga,2007,Espanol,"[0, 1, 0, 1, 1, 1, 1, 1, 1, 1, 1, 1, 0, 0, 0, 1, 0, 0, 0, 1, 0, 1, 0, 0, 0, 0, 0, 0, 0]",29,15,14,13,10,3,15.426214595582366,139.16009040000557,55.248618784530386
1081,La_Liga,2007,Getafe,"[0, 0, 0, 0, 0, 1, 0, 1, 1, 1, 1, 0, 0, 1, 0, 0, 1, 1, 0, 1, 1, 1, 0, 0, 0, 0, 1]",27,14,13,12,6,6,1.5175105332061893,1.759386916159739,1.4184397163120568
1082,La_Liga,2007,La Coruna,"[0, 1, 0, 0, 1, 0, 0, 1, 0, 0, 0, 1, 0, 0, 0, 1, 1, 0, 1, 1, 1, 0, 1, 1, 1, 1, 1, 0, 1, 0, 0]",31,16,15,15,5,10,1.048027936461765,1.0249152459584427,1.0080645161290323
1083,La_Liga,2007,Levante,"[0, 0, 0, 0, 0, 0, 0, 0, 0, 1, 0, 1, 0, 0, 0, 0, 0, 1, 0, 1, 0, 1, 0, 0, 0, 0, 0, 1, 1, 0, 0, 0, 0]",33,17,16,7,2,5,1.1151000708938559,1.093605686471891,1.0330578512396693
1084,La_Liga,2007,Mallorca,"[1, 0, 1, 0, 1, 1, 0, 0, 1, 0, 0, 0, 1, 1, 0, 1, 1, 0, 1, 1, 1, 1, 1, 1]",24,12,12,15,5,10,1.0300064063629293,1.0178194646175127,1.0040160642570282
1085,La_Liga,2007,Murcia,"[1, 0, 0, 1, 0, 1, 0, 0, 0, 1, 1, 0, 0, 0, 0, 0, 0, 0, 0, 0, 1, 0, 1, 0, 0, 0, 0, 0, 0]",29,15,14,7,5,2,3.2606382925418447,8.658388436833057,4.25531914893617
1086,La_Liga,2007,Osasuna,"[0, 1, 0, 1, 0, 1, 0, 0, 0, 1, 0, 1, 0, 0, 1, 0, 0, 1, 0, 1, 1, 0, 1, 0, 1, 0, 0, 0, 0, 1, 0]",31,16,15,12,6,6,1.5401026560662618,1.79604172854337,1.440922190201729
1087,La_Liga,2007,Real Madrid,"[1, 1, 1, 1, 1, 1, 0, 1, 1, 0, 1, 1, 1, 1, 1, 1, 1, 1, 1, 0, 1, 0, 0, 1, 1, 0, 0, 1, 1, 1, 1, 1, 1, 1]",34,17,17,27,15,12,3.815756335728955,9.84132658650273,5.208333333333333
1088,La_Liga,2007,Recreativo,"[0, 1, 1, 0, 0, 0, 0, 0, 1, 0, 1, 1, 0, 0, 0, 1, 1, 0, 0, 1, 0, 1, 0, 1, 0, 0, 1]",27,14,13,11,5,6,1.3265380337551171,1.4096476408931427,1.1918951132300357
1089,La_Liga,2007,Santander,"[1, 0, 0, 1, 1, 1, 1, 1, 0, 1, 0, 0, 1, 1, 0, 0, 1, 1, 1, 0, 1, 1, 0, 1, 0, 0, 1, 0, 1]",29,15,14,17,9,8,1.7967074443835742,2.2832411024109107,1.697792869269949
1090,La_Liga,2007,Sevilla,"[1, 1, 0, 0, 0, 0, 1, 1, 0, 1, 0, 0, 0, 1, 1, 1, 0, 0, 1, 1, 1, 1, 0, 1, 1, 0, 0, 1, 1, 0, 1, 1, 1, 1]",34,17,17,20,8,12,1.1196800087727143,1.0889442269906162,1.0548523206751055
1091,La_Liga,2007,Valencia,"[0, 1, 1, 1, 1, 1, 0, 1, 0, 0, 1, 1, 0, 0, 0, 0, 0, 0, 1, 1, 0, 0, 1, 0, 0, 0, 0, 1, 0, 1, 1, 1]",32,16,16,15,8,7,1.9914839302416356,2.765660470166652,1.9723865877712032
1092,La_Liga,2007,Valladolid,"[1, 0, 0, 0, 0, 0, 1, 1, 0, 1, 0, 1, 1, 1, 0, 0, 0, 1, 0, 0, 0, 1, 1, 0, 1, 0]",26,13,13,11,6,5,1.9765389138057148,2.8926884770650925,2.0080321285140563
1093,La_Liga,2007,Villarreal,"[1, 0, 1, 1, 1, 1, 0, 1, 0, 1, 1, 1, 0, 0, 1, 0, 1, 1, 0, 1, 1, 1, 1, 1, 1, 0, 0, 1, 1, 1, 1, 1, 1]",33,17,16,24,11,13,1.1713050774181653,1.1669977778685074,1.0649627263045793
1094,La_Liga,2007,Zaragoza,"[0, 1, 0, 1, 1, 0, 1, 1, 0, 0, 0, 0, 1, 1, 0, 0, 0, 0, 1, 0, 0, 0, 1, 1, 0, 0]",26,13,13,10,6,4,2.521191968354289,4.760627558633163,2.932551319648094
1095,La_Liga,2008,Almeria,"[1, 1, 0, 1, 0, 0, 0, 1, 0, 0, 0, 0, 1, 1, 0, 0, 1, 1, 0, 0, 0, 1, 0, 1, 0, 1, 1, 1, 0, 0, 0]",31,16,15,13,6,7,1.3537084097988805,1.4339381695395683,1.2269938650306749
1096,La_Liga,2008,Ath Bilbao,"[0, 1, 0, 0, 0, 0, 0, 1, 0, 1, 1, 1, 1, 1, 0, 1, 0, 0, 0, 0, 0, 1, 0, 0, 1, 1, 1, 0, 0, 0]",30,15,15,12,7,5,2.4800630803329655,4.385421156119201,3.003003003003003
1097,La_Liga,2008,Ath Madrid,"[1, 0, 1, 1, 0, 0, 0, 1, 1, 1, 1, 1, 1, 0, 0, 0, 1, 0, 1, 1, 0, 0, 1, 1, 0, 1, 1, 1, 1, 1, 1]",31,16,15,20,9,11,1.194719891804727,1.1908226487542424,1.0869565217391304
1098,La_Liga,2008,Barcelona,"[0, 1, 1, 1, 1, 1, 1, 1, 1, 1, 1, 1, 1, 1, 1, 1, 1, 1, 1, 1, 0, 0, 1, 1, 1, 1, 1, 1, 1, 1, 0, 0]",32,16,16,27,15,12,4.304087647436723,13.876647102003396,5.9523809523809526
1099,La_Liga,2008,Betis,"[0, 0, 0, 0, 1, 1, 0, 1, 1, 1, 0, 0, 0, 0, 0, 1, 0, 1, 0, 1, 1, 0, 0, 0, 0, 1]",26,13,13,10,5,5,1.6144076428525194,2.0,1.5037593984962405
1100,La_Liga,2008,Espanol,"[1, 1, 0, 0, 0, 1, 0, 0, 0, 0, 0, 0, 0, 0, 1, 0, 0, 0, 1, 1, 1, 1, 1, 0, 1, 1, 1]",27,14,13,12,3,9,1.018766457347914,1.0062905441329062,1.0030090270812437
1101,La_Liga,2008,Getafe,"[1, 0, 1, 0, 1, 0, 0, 1, 1, 0, 0, 0, 0, 1, 0, 0, 0, 1, 0, 1, 0, 0, 0, 0, 1, 1]",26,13,13,10,5,5,1.6144076428525194,2.0,1.5082956259426847
1102,La_Liga,2008,La Coruna,"[1, 0, 0, 1, 0, 1, 1, 0, 1, 1, 1, 0, 1, 1, 0, 0, 0, 1, 1, 1, 0, 0, 0, 1, 1, 1, 1, 0]",28,14,14,16,9,7,2.567525473201,4.494293967166615,2.8328611898016995
1103,La_Liga,2008,Malaga,"[0, 0, 0, 1, 1, 1, 1, 0, 0, 1, 0, 1, 1, 1, 1, 0, 1, 1, 0, 1, 0, 0, 1, 1, 0, 1, 0, 0]",28,14,14,15,8,7,2.010548201001965,2.837933762005623,1.9083969465648856
1104,La_Liga,2008,Mallorca,"[0, 1, 1, 0, 0, 1, 0, 0, 0, 0, 0, 0, 0, 0, 1, 0, 1, 1, 1, 1, 0, 1, 1, 1, 1, 0, 1, 1, 0]",29,15,14,14,4,10,1.0216776129067362,1.0080292396947022,1.002004008016032
1105,La_Liga,2008,Numancia,"[1, 0, 0, 0, 0, 0, 1, 0, 0, 1, 0, 1, 0, 1, 0, 1, 0, 0, 0, 0, 0, 0, 0, 1, 0, 1, 0, 0, 0, 1, 1, 0, 0]",33,17,16,10,6,4,2.2761236927959594,3.844892226387841,2.347417840375587
1106,La_Liga,2008,Osasuna,"[0, 0, 0, 0, 0, 0, 1, 0, 0, 1, 0, 0, 1, 1, 1, 0, 1, 1, 1, 0, 0, 0, 0, 1, 1]",25,13,12,10,3,7,1.0607940218887384,1.0374625703380653,1.0224948875255624
1107,La_Liga,2008,Real Madrid,"[0, 1, 1, 1, 1, 1, 1, 1, 0, 1, 0, 0, 0, 1, 1, 1, 1, 1, 1, 1, 1, 1, 1, 1, 1, 1, 1, 1, 1, 1, 0, 0, 0, 0, 0]",35,18,17,25,13,12,1.784105986322909,2.1861982713132693,1.6313213703099512
1108,La_Liga,2008,Recreativo,"[1, 0, 0, 0, 0, 0, 0, 0, 0, 1, 1, 0, 1, 1, 1, 0, 1, 0, 0, 0, 0, 0, 0, 0, 1, 0, 0, 0, 0]",29,15,14,8,6,2,4.694445925179631,16.451028798614196,7.778469197261979
1109,La_Liga,2008,Santander,"[0, 0, 0, 1, 0, 1, 1, 0, 1, 0, 1, 1, 1, 0, 0, 0, 0, 1, 0, 1, 0, 0, 1, 0, 0, 0, 1, 1]",28,14,14,12,7,5,2.5063847919407776,4.494293967166614,2.793296089385475
1110,La_Liga,2008,Sevilla,"[1, 1, 1, 1, 1, 0, 0, 1, 1, 0, 1, 1, 1, 1, 0, 0, 0, 1, 1, 1, 1, 1, 1, 0, 0, 0, 0, 1, 1, 1, 1]",31,16,15,21,11,10,1.7830201103701138,2.2189871038353384,1.697792869269949
1111,La_Liga,2008,Sp Gijon,"[0, 0, 0, 0, 0, 1, 1, 1, 1, 0, 1, 0, 1, 0, 0, 1, 0, 1, 0, 0, 1, 0, 0, 0, 0, 1, 1, 0, 0, 0, 0, 0, 0, 0, 1, 1, 1]",37,19,18,14,8,6,2.2316790500668713,3.434123629907021,2.386634844868735
1112,La_Liga,2008,Valencia,"[1, 1, 1, 1, 1, 1, 0, 1, 0, 1, 0, 1, 0, 1, 0, 0, 1, 0, 0, 0, 1, 1, 1, 1, 1, 0, 1, 0, 0, 1]",30,15,15,18,10,8,2.562874721767961,4.3854211561191985,2.840909090909091
1113,La_Liga,2008,Valladolid,"[0, 1, 0, 1, 0, 0, 0, 1, 0, 1, 1, 1, 1, 0, 0, 0, 0, 1, 1, 0, 0, 1, 1, 1, 0, 0, 0, 0, 0, 0, 0]",31,16,15,12,7,5,2.253318089042998,3.624401646345724,2.3980815347721824
1114,La_Liga,2008,Villarreal,"[1, 1, 1, 1, 1, 1, 1, 0, 1, 0, 0, 0, 1, 0, 1, 1, 1, 0, 1, 0, 0, 1, 1, 0, 1, 1, 1]",27,14,13,18,9,9,1.4758492050635255,1.6465663139247086,1.3368983957219251
1115,La_Liga,2009,Almeria,"[0, 1, 0, 1, 0, 0, 1, 0, 0, 0, 0, 1, 0, 1, 1, 1, 1, 0, 1, 0, 0, 0, 0, 0, 1, 0]",26,13,13,10,4,6,1.2421188280651394,1.2659130648831014,1.1273957158962795
1116,La_Liga,2009,Ath Bilbao,"[1, 1, 1, 0, 0, 0, 0, 1, 1, 1, 0, 1, 1, 0, 1, 0, 0, 1, 0, 1, 1, 0, 1, 0, 1, 0, 0, 0, 1]",29,15,14,15,9,6,2.8927652183629156,5.619271194285363,3.3222591362126246
1117,La_Liga,2009,Ath Madrid,"[0, 0, 1, 0, 0, 0, 0, 1, 1, 0, 1, 1, 1, 0, 0, 1, 0, 1, 1, 0, 1, 0, 1, 0, 0, 0, 1, 0, 1, 0]",30,15,15,13,6,7,1.426420240978409,1.553454308643979,1.314060446780552
1118,La_Liga,2009,Barcelona,"[1, 1, 1, 1, 1, 1, 1, 1, 1, 1, 1, 1, 1, 1, 1, 1, 1, 0, 1, 1, 1, 1, 1, 1, 1, 1, 1, 1, 1, 1, 1, 1]",32,16,16,31,16,15,2.510735297992956,6.459345307760026,1.968503937007874
1119,La_Liga,2009,Espanol,"[0, 0, 1, 1, 1, 0, 0, 0, 0, 0, 1, 0, 1, 0, 1, 0, 1, 0, 0, 1, 1, 0, 1, 0, 0, 1, 0]",27,14,13,11,5,6,1.3265380337551171,1.4096476408931427,1.218026796589525
1120,La_Liga,2009,Getafe,"[1, 0, 0, 1, 0, 1, 0, 1, 0, 0, 1, 1, 0, 1, 1, 1, 0, 0, 1, 0, 0, 0, 1, 0, 1, 1, 1, 0, 1, 1, 1]",31,16,15,17,9,8,1.808690566038217,2.2976353317176037,1.639344262295082
1121,La_Liga,2009,La Coruna,"[0, 1, 0, 1, 1, 1, 1, 0, 1, 1, 1, 0, 1, 0, 1, 0, 0, 1, 0, 1, 0, 0, 0, 0, 0, 0, 0, 0, 1, 0]",30,15,15,13,10,3,18.074803267020425,201.88208589273813,79.36507936507937
1122,La_Liga,2009,Malaga,"[1, 0, 0, 0, 0, 0, 0, 0, 1, 1, 0, 1, 1, 1, 0, 0, 0, 1, 0, 0, 0, 0]",22,11,11,7,3,4,1.3368665744895294,1.4783505468574414,1.2077294685990339
1123,La_Liga,2009,Mallorca,"[1, 1, 0, 1, 0, 1, 1, 0, 1, 1, 1, 0, 1, 0, 1, 0, 1, 0, 0, 1, 1, 0, 1, 0, 1, 1, 1, 0, 0, 1]",30,15,15,18,10,8,2.562874721767961,4.3854211561191985,2.8011204481792715
1124,La_Liga,2009,Osasuna,"[0, 0, 1, 1, 0, 1, 0, 0, 1, 0, 0, 0, 1, 1, 1, 1, 0, 0, 0, 0, 0, 1, 0, 1, 0, 0, 1, 0]",28,14,14,11,6,5,1.9683259886695428,2.862086060341679,2.070393374741201
1125,La_Liga,2009,Real Madrid,"[1, 1, 1, 1, 1, 0, 1, 1, 1, 1, 0, 1, 1, 1, 1, 0, 1, 1, 1, 1, 1, 1, 1, 1, 1, 1, 1, 1, 0, 1, 1, 1, 1, 1, 1]",35,18,17,31,15,16,1.1455476508511033,1.1878053847954788,1.0683760683760684
1126,La_Liga,2009,Santander,"[0, 1, 0, 0, 0, 0, 0, 0, 1, 1, 0, 1, 1, 1, 0, 0, 0, 1, 0, 0, 1, 0, 0, 0, 0, 1]",26,13,13,9,5,4,1.9517684369333521,2.9404417872016517,1.9841269841269842
1127,La_Liga,2009,Sevilla,"[0, 1, 1, 1, 1, 1, 0, 1, 1, 1, 1, 0, 0, 0, 0, 1, 1, 0, 1, 1, 0, 0, 0, 1, 1, 0, 1, 0, 1, 1, 0, 1]",32,16,16,19,10,9,2.026435807795531,2.7820504103393975,2.0661157024793386
1128,La_Liga,2009,Sp Gijon,"[0, 1, 0, 1, 1, 1, 1, 0, 0, 0, 1, 0, 0, 0, 0, 1, 1, 0, 0, 1, 0, 0, 0, 0, 0]",25,13,12,9,6,3,3.123826759304197,7.381478532763724,3.8314176245210727
1129,La_Liga,2009,Tenerife,"[0, 1, 0, 1, 0, 0, 0, 1, 0, 0, 1, 0, 0, 0, 0, 0, 1, 0, 0, 0, 1, 0, 0, 1, 1, 0, 1, 0, 0]",29,15,14,9,4,5,1.3267542937818892,1.4272484050108833,1.218026796589525
1130,La_Liga,2009,Valencia,"[1, 1, 0, 1, 1, 1, 1, 1, 1, 0, 1, 1, 1, 0, 1, 1, 0, 0, 1, 1, 0, 1, 0, 1, 0, 1, 1, 1, 0, 1]",30,15,15,21,12,9,3.5922306686769345,8.620774241736092,4.329004329004329
1131,La_Liga,2009,Valladolid,"[0, 1, 0, 0, 0, 1, 0, 1, 0, 0, 0, 0, 0, 0, 0, 1, 0, 0, 1, 1, 0, 1, 0]",23,12,11,7,3,4,1.2820079862218985,1.3832121067883727,1.1682242990654206
1132,La_Liga,2009,Villarreal,"[0, 0, 0, 0, 1, 1, 0, 1, 0, 1, 1, 1, 0, 1, 0, 0, 1, 0, 1, 1, 0, 1, 1, 1, 0, 1, 1, 0, 0, 1]",30,15,15,16,7,9,1.2822733383313059,1.3022650338724133,1.1587485515643106
1133,La_Liga,2009,Xerez,"[0, 0, 0, 0, 1, 0, 0, 0, 0, 0, 0, 0, 0, 0, 1, 0, 0, 0, 1, 0, 1, 1, 0, 1, 0, 1, 0, 1]",28,14,14,8,1,7,1.0240975333632574,1.0060735641123795,1.002004008016032
1134,La_Liga,2009,Zaragoza,"[1, 0, 0, 1, 0, 0, 1, 0, 0, 0, 0, 0, 0, 0, 1, 1, 0, 1, 0, 0, 1, 1, 0, 0, 1, 1, 0]",27,14,13,10,3,7,1.068270728377306,1.0423997094101785,1.0141987829614605
1135,La_Liga,2010,Almeria,"[0, 0, 1, 0, 0, 0, 0, 1, 0, 0, 0, 1, 0, 1, 0, 0, 1, 0, 0, 0, 0, 0, 0, 0, 1, 0]",26,13,13,6,3,3,1.5419769198261546,2.0,1.4836795252225519
1136,La_Liga,2010,Ath Bilbao,"[1, 0, 1, 0, 0, 1, 0, 1, 0, 1, 0, 1, 0, 1, 1, 0, 1, 1, 1, 1, 0, 0, 0, 0, 1, 0, 1, 0, 1, 1, 0, 1, 0, 1]",34,17,17,18,9,9,1.6842984063523916,2.0,1.6025641025641026
1137,La_Liga,2010,Ath Madrid,"[1, 1, 0, 1, 0, 1, 0, 0, 1, 1, 0, 0, 1, 1, 0, 1, 0, 0, 0, 0, 1, 1, 0, 1, 1, 1, 1, 0, 0, 1, 1]",31,16,15,17,9,8,1.808690566038217,2.2976353317176037,1.7391304347826086
1138,La_Liga,2010,Barcelona,"[1, 0, 1, 1, 1, 1, 1, 1, 1, 1, 1, 1, 1, 1, 1, 1, 1, 1, 1, 1, 1, 1, 1, 1, 1, 1, 1, 1, 1, 0, 1, 1]",32,16,16,30,15,15,1.5529737929330627,2.0,1.3458950201884252
1139,La_Liga,2010,Espanol,"[1, 0, 1, 0, 1, 0, 1, 1, 0, 1, 1, 1, 1, 0, 0, 0, 1, 1, 1, 0, 0, 0, 0, 1, 0, 0, 1, 0, 0, 0, 1, 0, 0, 0]",34,17,17,15,10,5,6.076255277324689,23.76102529945391,12.08313194780087
1140,La_Liga,2010,Getafe,"[0, 1, 0, 1, 1, 0, 1, 0, 0, 0, 1, 1, 1, 1, 0, 0, 0, 0, 1, 0, 0, 0, 0, 0, 1, 0, 0, 1, 0, 1]",30,15,15,12,8,4,4.602405005187379,14.701868730438616,7.484469725319961
1141,La_Liga,2010,Hercules,"[0, 1, 0, 1, 0, 0, 0, 1, 0, 1, 0, 1, 0, 1, 0, 0, 0, 0, 1, 0, 0, 0, 0, 0, 1, 0, 1, 0, 0, 0]",30,15,15,9,6,3,3.3685012965781866,8.620774241736095,4.8076923076923075
1142,La_Liga,2010,La Coruna,"[0, 0, 0, 0, 1, 1, 1, 0, 1, 0, 1, 0, 0, 0, 0, 1, 1, 0, 0, 1, 1, 0, 0, 1, 0]",25,13,12,10,5,5,1.503287936727688,1.770193161216196,1.402524544179523
1143,La_Liga,2010,Levante,"[0, 0, 0, 1, 1, 0, 0, 0, 0, 1, 0, 1, 0, 0, 0, 0, 0, 1, 1, 1, 0, 1, 1, 1, 1, 1, 0, 0, 0]",29,15,14,12,4,8,1.0776225398822463,1.0503551609893629,1.0141987829614605
1144,La_Liga,2010,Malaga,"[0, 1, 0, 1, 0, 0, 0, 0, 0, 1, 0, 0, 1, 0, 0, 1, 0, 0, 0, 1, 0, 0, 1, 1, 0, 1, 1, 1, 1, 1, 0]",31,16,15,13,5,8,1.1419874080797072,1.1192279825480216,1.0460251046025104
1145,La_Liga,2010,Mallorca,"[0, 1, 0, 1, 0, 1, 1, 0, 1, 1, 0, 0, 0, 1, 1, 0, 0, 0, 1, 0, 0, 1, 0, 1, 0, 0, 1, 0, 0, 0]",30,15,15,12,8,4,4.602405005187379,14.701868730438616,7.63708568810142
1146,La_Liga,2010,Osasuna,"[0, 0, 1, 0, 1, 0, 1, 0, 1, 0, 0, 0, 0, 0, 1, 0, 1, 0, 1, 1, 1, 0, 0, 0, 0, 1, 1, 1, 0, 1]",30,15,15,13,5,8,1.1748549394474508,1.1554171690220127,1.0857763300760044
1147,La_Liga,2010,Real Madrid,"[1, 1, 1, 1, 1, 1, 1, 1, 1, 1, 0, 1, 1, 1, 1, 1, 1, 0, 1, 1, 1, 1, 1, 1, 1, 0, 1, 1, 0, 1, 1, 1, 1]",33,17,16,29,16,13,3.2739489461729665,7.761786587217268,3.717472118959108
1148,La_Liga,2010,Santander,"[0, 0, 1, 0, 0, 1, 0, 1, 0, 0, 1, 0, 1, 0, 0, 1, 1, 0, 0, 1, 1, 0, 0, 1, 1, 1, 0, 0]",28,14,14,12,5,7,1.2628830120791827,1.2861808449421503,1.148105625717566
1149,La_Liga,2010,Sevilla,"[1, 1, 0, 1, 0, 1, 0, 1, 1, 0, 0, 0, 0, 0, 1, 1, 0, 1, 0, 1, 1, 0, 1, 1, 0, 1, 1, 0, 0, 1, 1]",31,16,15,17,8,9,1.3452814221737757,1.4045792186863733,1.243781094527363
1150,La_Liga,2010,Sociedad,"[1, 0, 0, 0, 1, 0, 1, 1, 1, 0, 0, 1, 1, 0, 0, 0, 0, 1, 0, 1, 0, 1, 1, 0, 0, 0, 0, 0, 0, 1, 0, 1, 0, 1, 0]",35,18,17,14,8,6,2.2329371788967873,3.443775437325638,2.3923444976076556
1151,La_Liga,2010,Sp Gijon,"[0, 1, 0, 0, 1, 0, 0, 0, 0, 0, 0, 1, 1, 1, 0, 0, 1, 1, 1, 1, 0, 1, 0, 1]",24,12,12,11,3,8,1.0421371988387684,1.0206811060403964,1.0080645161290323
1152,La_Liga,2010,Valencia,"[1, 1, 1, 1, 1, 0, 0, 0, 1, 1, 0, 1, 1, 1, 1, 1, 1, 1, 1, 0, 1, 0, 0, 1, 1, 1, 0, 0, 1, 1]",30,15,15,21,11,10,2.063945400892388,2.897172134819273,1.9230769230769231
1153,La_Liga,2010,Villarreal,"[0, 1, 1, 1, 1, 1, 1, 1, 0, 1, 1, 0, 1, 1, 0, 1, 1, 1, 0, 0, 1, 0, 1, 0, 0, 1, 0, 1, 0, 0]",30,15,15,18,11,7,4.692562484287585,14.701868730438614,7.662835249042145
1154,La_Liga,2010,Zaragoza,"[0, 0, 0, 0, 0, 1, 0, 0, 0, 1, 0, 1, 1, 1, 0, 0, 1, 0, 1, 0, 0, 1, 0, 1, 1, 0, 0, 1, 1]",29,15,14,12,5,7,1.214734340436965,1.2213665586351092,1.088139281828074
1155,La_Liga,2011,Ath Bilbao,"[0, 0, 0, 1, 1, 1, 1, 0, 1, 1, 0, 1, 0, 1, 1, 0, 0, 0, 0, 1, 1, 1, 0, 0, 0]",25,13,12,12,7,5,2.261000651366145,3.686354390433831,2.293577981651376
1156,La_Liga,2011,Ath Madrid,"[0, 1, 1, 0, 0, 1, 0, 1, 0, 1, 0, 0, 1, 1, 1, 0, 1, 0, 1, 0, 1, 0, 0, 1, 1, 1, 1]",27,14,13,15,7,8,1.316508931008271,1.3760742381167328,1.1890606420927468
1157,La_Liga,2011,Barcelona,"[1, 1, 1, 1, 1, 1, 1, 1, 0, 1, 1, 1, 1, 1, 1, 0, 1, 1, 1, 1, 1, 1, 1, 1, 1, 1, 1, 0, 1, 1, 1]",31,16,15,28,14,14,1.277535089687671,1.411445572590267,1.1627906976744187
1158,La_Liga,2011,Betis,"[1, 1, 1, 1, 0, 0, 0, 0, 0, 0, 0, 0, 0, 1, 1, 1, 0, 0, 0, 1, 1, 0, 0, 0, 1, 1, 1, 0, 1, 0]",30,15,15,13,6,7,1.426420240978409,1.553454308643979,1.3157894736842106
1159,La_Liga,2011,Espanol,"[0, 1, 0, 1, 0, 0, 1, 1, 1, 0, 0, 0, 1, 1, 1, 1, 0, 0, 0, 1, 1, 0, 0, 1, 0, 0, 0, 0]",28,14,14,12,7,5,2.5063847919407776,4.494293967166614,2.8735632183908044
1160,La_Liga,2011,Getafe,"[0, 0, 0, 1, 0, 0, 1, 0, 1, 0, 1, 1, 1, 1, 0, 0, 0, 1, 1, 1, 0, 1, 0, 1, 0, 0, 0]",27,14,13,12,7,5,2.2576231382650804,3.659049460573796,2.506265664160401
1161,La_Liga,2011,Granada,"[0, 0, 1, 0, 0, 0, 0, 1, 1, 1, 0, 1, 0, 0, 0, 1, 1, 0, 1, 0, 0, 0, 1, 0, 0, 1, 0, 1, 0, 1, 0, 0]",32,16,16,12,6,6,1.6413023879555437,2.0,1.5220700152207
1162,La_Liga,2011,Levante,"[1, 1, 1, 1, 1, 1, 1, 0, 0, 0, 1, 0, 1, 0, 0, 0, 0, 0, 1, 1, 0, 1, 1, 0, 1, 0, 0, 1, 0, 0, 1]",31,16,15,16,9,7,2.2249715405026316,3.369079631897783,2.3255813953488373
1163,La_Liga,2011,Malaga,"[0, 1, 1, 1, 1, 0, 0, 0, 1, 1, 1, 0, 0, 0, 0, 1, 0, 1, 0, 1, 1, 1, 1, 1, 0, 1, 0, 1, 0, 0, 1]",31,16,15,17,8,9,1.3452814221737757,1.4045792186863733,1.25
1164,La_Liga,2011,Mallorca,"[1, 0, 0, 0, 1, 0, 0, 1, 1, 0, 0, 1, 0, 1, 0, 1, 0, 1, 1, 0, 0, 1, 0, 1, 1, 1, 1, 0]",28,14,14,14,6,8,1.2689954302532724,1.2900660638831267,1.1587485515643106
1165,La_Liga,2011,Osasuna,"[1, 0, 0, 1, 1, 0, 1, 1, 1, 0, 0, 1, 0, 1, 1, 1, 0, 0, 1, 0, 0, 1, 1]",23,12,11,13,7,6,1.7780854752345217,2.339846425731408,1.639344262295082
1166,La_Liga,2011,Real Madrid,"[1, 1, 0, 1, 1, 1, 1, 1, 1, 1, 1, 1, 1, 0, 1, 1, 1, 1, 1, 1, 1, 1, 1, 1, 1, 1, 1, 1, 1, 1, 1, 1, 1, 1]",34,17,17,32,15,17,1.0,1.078116424523182,1.0
1167,La_Liga,2011,Santander,"[0, 0, 0, 0, 1, 0, 0, 1, 1, 1, 0, 0, 0, 0, 0, 0, 0, 0, 0, 0, 0, 0, 0]",23,12,11,4,4,0,8.17930844111545,56.9231012140658,18.112660749864155
1168,La_Liga,2011,Sevilla,"[1, 1, 1, 1, 0, 0, 1, 1, 0, 0, 0, 0, 0, 0, 1, 1, 0, 0, 1, 1, 1, 0, 1, 0, 0, 0, 1]",27,14,13,13,6,7,1.3258749661237057,1.3966438877911838,1.187648456057007
1169,La_Liga,2011,Sociedad,"[1, 0, 1, 0, 0, 0, 0, 0, 0, 1, 1, 1, 0, 1, 0, 1, 0, 1, 0, 1, 0, 0, 0, 1, 1, 0, 1]",27,14,13,12,6,6,1.5175105332061893,1.759386916159739,1.394700139470014
1170,La_Liga,2011,Sp Gijon,"[0, 0, 0, 0, 0, 0, 1, 1, 1, 0, 0, 1, 0, 0, 1, 0, 0, 0, 0, 1, 0, 0, 0, 0, 1, 0, 1, 1, 0, 1, 0]",31,16,15,10,5,5,1.5322923892827864,1.8203532234702633,1.5060240963855422
1171,La_Liga,2011,Valencia,"[1, 1, 1, 0, 1, 1, 1, 1, 0, 1, 1, 0, 1, 0, 1, 0, 0, 1, 1, 0, 0, 1, 0, 1, 0, 1, 1, 0]",28,14,14,17,10,7,3.4708529106829697,8.140032960369362,4.694835680751174
1172,La_Liga,2011,Vallecano,"[1, 0, 0, 0, 1, 1, 0, 1, 0, 0, 0, 0, 1, 1, 0, 0, 1, 1, 1, 0, 1, 0, 1, 0, 0, 0, 1, 0, 0, 0, 0, 0, 0, 1]",34,17,17,13,7,6,1.9684360713209221,2.7618226317836254,1.9230769230769231
1173,La_Liga,2011,Villarreal,"[0, 0, 1, 0, 0, 1, 1, 0, 0, 0, 0, 1, 1, 1, 0, 0, 0, 0, 1, 0, 1, 1, 0, 0]",24,12,12,9,4,5,1.3715906325853804,1.507488425758213,1.2484394506866416
1174,La_Liga,2011,Zaragoza,"[0, 1, 0, 1, 0, 0, 0, 0, 0, 0, 0, 0, 0, 0, 0, 1, 0, 0, 1, 0, 1, 1, 1, 0, 0, 1, 0, 1, 1, 1, 1]",31,16,15,12,3,9,1.027356563510801,1.0093132652249448,1.002004008016032
1175,La_Liga,2012,Ath Bilbao,"[0, 0, 1, 0, 1, 0, 0, 1, 1, 0, 0, 1, 1, 0, 0, 0, 1, 0, 0, 0, 1, 1, 0, 1, 0, 0, 1, 1, 0]",29,15,14,12,6,6,1.5298926367629486,1.7792767844805109,1.4705882352941178
1176,La_Liga,2012,Ath Madrid,"[1, 1, 1, 1, 1, 1, 1, 1, 0, 1, 1, 1, 0, 1, 0, 1, 1, 1, 0, 1, 0, 1, 1, 0, 1, 1, 1, 0, 1, 0, 1]",31,16,15,23,13,10,2.9375884884888412,5.653627646715647,3.2467532467532467
1177,La_Liga,2012,Barcelona,"[1, 1, 1, 1, 1, 1, 1, 1, 1, 1, 1, 1, 1, 1, 1, 1, 1, 1, 0, 1, 1, 1, 1, 0, 1, 1, 1, 1, 1, 1, 1, 1, 1, 1]",34,17,17,32,17,15,3.7860363457625343,13.801405160360831,4.098360655737705
1178,La_Liga,2012,Betis,"[1, 0, 1, 1, 0, 0, 1, 1, 1, 0, 0, 1, 1, 0, 1, 0, 1, 1, 0, 0, 0, 1, 1, 0, 1, 0, 0, 1, 0, 1]",30,15,15,16,9,7,2.523078708371905,4.308354880446086,2.7027027027027026
1179,La_Liga,2012,Celta,"[0, 0, 1, 0, 1, 0, 1, 0, 0, 0, 1, 0, 0, 0, 1, 0, 0, 0, 0, 1, 0, 0, 0, 0, 0, 1, 1, 0, 0, 1, 1]",31,16,15,10,5,5,1.5322923892827864,1.8203532234702633,1.4367816091954022
1180,La_Liga,2012,Espanol,"[0, 0, 0, 0, 0, 1, 1, 0, 0, 0, 1, 0, 1, 1, 1, 1, 1, 0, 0, 1, 1, 1, 0, 0, 0, 0, 0]",27,14,13,11,5,6,1.3265380337551171,1.4096476408931427,1.2004801920768307
1181,La_Liga,2012,Getafe,"[0, 1, 0, 0, 1, 1, 0, 1, 0, 0, 1, 1, 1, 0, 0, 0, 1, 0, 1, 1, 1, 1, 0, 0, 0, 1, 0, 0, 0, 0]",30,15,15,13,7,6,1.981164112156975,2.8068338874262353,1.996007984031936
1182,La_Liga,2012,Granada,"[0, 0, 0, 1, 1, 0, 0, 0, 1, 0, 0, 0, 1, 0, 1, 0, 1, 1, 0, 0, 0, 0, 0, 0, 1, 1, 1, 0, 1]",29,15,14,11,5,6,1.3381468479420802,1.4258931511871338,1.2254901960784315
1183,La_Liga,2012,La Coruna,"[1, 0, 0, 0, 0, 1, 0, 0, 0, 0, 0, 1, 0, 0, 0, 0, 0, 0, 0, 1, 1, 1, 1, 0, 1, 0, 0]",27,14,13,8,3,5,1.1874522040770383,1.1996231660868324,1.0822510822510822
1184,La_Liga,2012,Levante,"[0, 1, 0, 1, 0, 1, 1, 1, 0, 1, 0, 1, 1, 0, 1, 0, 0, 1, 0, 0, 0, 1, 0, 0, 0, 0, 0, 1]",28,14,14,12,8,4,4.740539320074002,15.79398852705195,7.951653944020356
1185,La_Liga,2012,Malaga,"[1, 1, 1, 1, 0, 1, 0, 0, 1, 0, 1, 1, 1, 0, 0, 1, 1, 1, 0, 0, 1, 0, 1, 0, 1, 0, 0, 1, 0]",29,15,14,16,9,7,2.228929924585753,3.398822208316722,2.386634844868735
1186,La_Liga,2012,Mallorca,"[1, 1, 1, 0, 0, 0, 0, 0, 0, 0, 0, 0, 1, 0, 0, 0, 0, 0, 0, 1, 1, 0, 0, 0, 1, 0, 0, 1, 1]",29,15,14,9,4,5,1.3267542937818892,1.4272484050108833,1.2269938650306749
1187,La_Liga,2012,Osasuna,"[0, 0, 0, 0, 1, 0, 0, 0, 1, 1, 0, 0, 0, 1, 0, 1, 1, 1, 0, 0, 0, 1, 0, 0, 0, 1, 0, 1, 0]",29,15,14,10,4,6,1.208575556758187,1.2190211924619851,1.1148272017837235
1188,La_Liga,2012,Real Madrid,"[0, 1, 0, 1, 1, 1, 1, 1, 1, 1, 0, 1, 1, 0, 1, 1, 1, 0, 1, 1, 1, 1, 1, 1, 1, 1, 1, 1, 1, 1, 1]",31,16,15,26,12,14,1.0769808673728831,1.0901924194760086,1.0266940451745379
1189,La_Liga,2012,Sevilla,"[1, 1, 1, 0, 0, 1, 0, 0, 1, 0, 0, 0, 0, 1, 0, 1, 1, 0, 1, 0, 1, 0, 1, 0, 1, 0, 1, 0, 0, 1]",30,15,15,14,6,8,1.2798844210338414,1.3022650338724133,1.148105625717566
1190,La_Liga,2012,Sociedad,"[0, 1, 0, 1, 0, 1, 0, 0, 0, 1, 1, 1, 1, 0, 1, 1, 1, 1, 1, 1, 1, 1, 1, 0, 1, 1]",26,13,13,18,7,11,1.0603129298158085,1.0466778650845106,1.0131712259371835
1191,La_Liga,2012,Valencia,"[0, 1, 0, 1, 0, 1, 0, 1, 1, 0, 0, 1, 0, 1, 1, 1, 0, 1, 1, 1, 0, 1, 1, 1, 0, 1, 1, 1, 1, 0]",30,15,15,19,8,11,1.1640026115524602,1.1465946153878566,1.0660980810234542
1192,La_Liga,2012,Valladolid,"[1, 1, 0, 0, 0, 1, 0, 1, 0, 1, 1, 0, 0, 0, 1, 1, 0, 0, 1, 0, 0, 0, 1, 0, 1, 0, 0, 0]",28,14,14,11,6,5,1.9683259886695428,2.862086060341679,1.976284584980237
1193,La_Liga,2012,Vallecano,"[1, 1, 0, 0, 0, 1, 0, 0, 1, 1, 0, 1, 0, 0, 1, 1, 1, 1, 0, 1, 0, 1, 0, 0, 1, 0, 0, 1, 0, 0, 0, 1, 1]",33,17,16,16,9,7,2.2220529131355087,3.3472564105288645,2.380952380952381
1194,La_Liga,2012,Zaragoza,"[0, 1, 0, 0, 1, 0, 0, 1, 1, 0, 1, 0, 0, 1, 0, 1, 0, 0, 0, 0, 0, 0, 0, 0, 0, 0, 1, 1, 0, 0, 0]",31,16,15,9,7,2,6.938022292542495,32.12869349126585,14.267370523612499
1195,La_Liga,2013,Almeria,"[0, 0, 0, 0, 0, 0, 0, 1, 1, 1, 0, 0, 1, 1, 0, 0, 1, 0, 1, 0, 0, 0, 0, 1, 0, 0, 0, 0, 1, 1, 1]",31,16,15,11,5,6,1.3478391270096877,1.4397425854163357,1.2453300124533002
1196,La_Liga,2013,Ath Bilbao,"[1, 1, 0, 1, 0, 1, 0, 1, 1, 0, 1, 1, 1, 1, 0, 1, 1, 1, 0, 1, 1, 1, 0, 1, 1, 0, 1, 1]",28,14,14,20,10,10,1.6668659918797977,2.0,1.5432098765432098
1197,La_Liga,2013,Ath Madrid,"[1, 1, 1, 1, 1, 1, 1, 1, 0, 1, 1, 1, 1, 1, 1, 1, 1, 1, 1, 0, 1, 0, 1, 1, 1, 1, 1, 1, 1, 1, 1, 0]",32,16,16,28,15,13,3.0967288118646974,7.016327513970717,3.115264797507788
1198,La_Liga,2013,Barcelona,"[1, 1, 1, 1, 1, 1, 1, 1, 1, 1, 1, 1, 1, 0, 1, 1, 1, 1, 0, 1, 1, 0, 1, 0, 1, 1, 1, 1, 1, 0, 1, 1]",32,16,16,27,15,12,4.304087647436723,13.876647102003396,6.097560975609756
1199,La_Liga,2013,Betis,"[0, 0, 1, 0, 1, 0, 0, 0, 0, 0, 0, 0, 0, 0, 0, 0, 1, 0, 0, 0, 1, 0, 1, 0, 0, 0, 0, 0, 0, 1, 0]",31,16,15,6,2,4,1.173709854949841,1.1893543288164303,1.0845986984815619
1200,La_Liga,2013,Celta,"[1, 0, 0, 0, 0, 0, 1, 0, 1, 0, 0, 1, 0, 0, 1, 0, 1, 1, 1, 0, 0, 1, 0, 0, 1, 0, 1, 1, 1, 1, 0]",31,16,15,14,5,9,1.0855282664839687,1.0570584371191878,1.017293997965412
1201,La_Liga,2013,Elche,"[0, 0, 0, 1, 1, 1, 0, 0, 1, 0, 0, 0, 0, 1, 0, 1, 0, 1, 0, 0, 1, 0, 0, 1, 0]",25,13,12,9,4,5,1.307599339125011,1.399220074579398,1.1764705882352942
1202,La_Liga,2013,Espanol,"[1, 1, 1, 0, 0, 0, 1, 0, 0, 0, 1, 0, 1, 0, 0, 1, 0, 1, 1, 0, 1, 0, 1, 0, 0, 0, 0, 0, 0]",29,15,14,11,6,5,1.8172633910426899,2.462670581832049,1.7543859649122806
1203,La_Liga,2013,Getafe,"[0, 0, 1, 0, 1, 1, 1, 1, 0, 1, 0, 0, 1, 0, 0, 0, 0, 0, 0, 0, 0, 0, 0, 1, 0, 0, 1, 1, 1]",29,15,14,11,7,4,2.982025811724335,6.337254600096169,3.6101083032490973
1204,La_Liga,2013,Granada,"[1, 0, 0, 0, 1, 0, 0, 1, 0, 1, 1, 0, 0, 1, 0, 0, 1, 0, 0, 0, 1, 0, 0, 1, 1, 0, 0, 0, 1, 0, 0, 0, 1]",33,17,16,12,7,5,2.2518913055822507,3.612954165274683,2.3255813953488373
1205,La_Liga,2013,Levante,"[0, 1, 1, 0, 1, 1, 0, 0, 0, 0, 1, 0, 0, 1, 1, 1, 1, 0, 0, 0, 1, 0, 0, 1, 1, 0]",26,13,13,12,5,7,1.2530304227800353,1.275023464644205,1.152073732718894
1206,La_Liga,2013,Malaga,"[0, 0, 1, 1, 0, 0, 0, 1, 0, 0, 1, 1, 0, 0, 0, 1, 0, 0, 1, 0, 1, 0, 1, 1, 0, 1, 0, 0, 1]",29,15,14,12,5,7,1.214734340436965,1.2213665586351092,1.1025358324145536
1207,La_Liga,2013,Osasuna,"[0, 0, 0, 0, 1, 0, 0, 1, 0, 1, 0, 0, 1, 0, 1, 1, 0, 0, 1, 1, 0, 0, 0, 0, 0, 1, 0, 0, 1]",29,15,14,10,5,5,1.5243442158298037,1.8063123857418013,1.3550135501355014
1208,La_Liga,2013,Real Madrid,"[1, 1, 1, 1, 1, 0, 1, 1, 0, 1, 1, 1, 1, 1, 1, 1, 1, 1, 1, 1, 1, 1, 1, 1, 0, 0, 1, 1, 1, 1, 0, 1]",32,16,16,27,14,13,2.1413692131566213,3.193080665548612,2.0408163265306123
1209,La_Liga,2013,Sevilla,"[0, 0, 0, 1, 1, 1, 0, 0, 1, 1, 1, 1, 1, 0, 0, 0, 1, 1, 1, 1, 1, 1, 0, 1, 1, 1, 0, 0, 1]",29,15,14,18,8,10,1.1897484842078312,1.1873622442485658,1.1160714285714286
1210,La_Liga,2013,Sociedad,"[1, 0, 0, 0, 1, 1, 1, 0, 1, 1, 1, 1, 1, 0, 1, 0, 1, 1, 0, 0, 1, 0, 1, 0, 1, 1, 0]",27,14,13,16,9,7,2.2345208905407152,3.4411223211727284,2.293577981651376
1211,La_Liga,2013,Valencia,"[1, 0, 0, 0, 1, 1, 1, 0, 0, 0, 1, 0, 1, 0, 0, 1, 0, 1, 1, 1, 0, 0, 1, 0, 1, 0, 0, 1]",28,14,14,13,6,7,1.4189866924057202,1.5440892488469016,1.2820512820512822
1212,La_Liga,2013,Valladolid,"[0, 0, 1, 0, 0, 1, 0, 0, 0, 1, 0, 0, 0, 1, 0, 1, 0, 0, 1, 0, 1, 0, 0]",23,12,11,7,3,4,1.2820079862218985,1.3832121067883727,1.1806375442739079
1213,La_Liga,2013,Vallecano,"[1, 0, 0, 0, 0, 0, 0, 1, 1, 0, 0, 0, 1, 0, 0, 0, 0, 1, 0, 0, 1, 0, 0, 1, 1, 1, 1, 0, 1, 1, 1, 0, 0, 0]",34,17,17,13,4,9,1.0741850215126545,1.0403897015854855,1.0183299389002036
1214,La_Liga,2013,Villarreal,"[1, 1, 1, 1, 0, 1, 0, 1, 0, 1, 1, 0, 0, 1, 1, 1, 0, 1, 0, 0, 1, 0, 0, 1, 0, 1, 0, 0, 1, 1]",30,15,15,17,10,7,3.3451044390048845,7.434295556228816,4.0
1215,La_Liga,2014,Almeria,"[0, 1, 0, 1, 0, 0, 0, 0, 0, 0, 0, 1, 1, 0, 0, 0, 1, 1, 0, 0, 0, 0, 0, 1, 0, 1, 0, 0, 0, 0]",30,15,15,8,4,4,1.5862804490834466,2.0,1.5037593984962405
1216,La_Liga,2014,Ath Bilbao,"[0, 1, 0, 0, 0, 0, 1, 1, 1, 1, 0, 0, 0, 0, 0, 1, 0, 1, 1, 1, 1, 1, 0, 0, 1, 1, 1, 1]",28,14,14,15,5,10,1.0538080750492778,1.0299388881489515,1.0111223458038423
1217,La_Liga,2014,Ath Madrid,"[1, 1, 1, 1, 0, 1, 1, 1, 0, 1, 1, 1, 0, 1, 1, 0, 1, 1, 1, 1, 0, 1, 1, 1, 1, 1, 1, 1, 0]",29,15,14,23,12,11,1.731660653462399,2.1635809693258823,1.5408320493066257
1218,La_Liga,2014,Barcelona,"[1, 1, 1, 1, 1, 1, 1, 0, 0, 1, 1, 1, 1, 1, 0, 1, 1, 1, 1, 1, 1, 0, 1, 1, 1, 1, 1, 1, 1, 1, 1, 1, 1, 1]",34,17,17,30,14,16,1.1352054535432305,1.1675869330991548,1.075268817204301
1219,La_Liga,2014,Celta,"[1, 1, 1, 0, 1, 1, 0, 0, 0, 0, 0, 0, 0, 0, 1, 1, 1, 0, 0, 1, 0, 1, 1, 0, 1, 1]",26,13,13,13,5,8,1.1539653472320046,1.1359225248742462,1.0604453870625663
1220,La_Liga,2014,Cordoba,"[0, 0, 0, 0, 0, 0, 1, 0, 1, 1, 0, 0, 0, 0, 0, 0, 0, 0, 0, 0, 0, 0, 0, 0, 0, 0, 0]",27,14,13,3,3,0,4.623627006965765,26.082844168683884,7.973845785822502
1221,La_Liga,2014,Eibar,"[1, 0, 0, 1, 0, 1, 0, 0, 1, 1, 0, 1, 1, 0, 0, 0, 0, 0, 0, 0, 0, 0, 1, 0, 0, 0, 0, 0, 0, 1]",30,15,15,9,7,2,7.884711973044741,43.135217328242156,18.17190623296384
1222,La_Liga,2014,Elche,"[0, 1, 0, 0, 0, 0, 0, 1, 0, 0, 0, 0, 1, 1, 0, 0, 1, 1, 0, 1, 0, 0, 0, 1, 1, 0, 1, 1, 0, 0]",30,15,15,11,4,7,1.1660227687898326,1.1465946153878563,1.0649627263045793
1223,La_Liga,2014,Espanol,"[0, 0, 1, 1, 0, 0, 0, 1, 0, 1, 1, 0, 0, 1, 1, 0, 0, 1, 0, 1, 0, 1, 1, 0, 1, 1, 0, 0]",28,14,14,13,6,7,1.4189866924057202,1.5440892488469016,1.2531328320802004
1224,La_Liga,2014,Getafe,"[0, 1, 0, 0, 0, 1, 1, 0, 1, 0, 0, 0, 0, 0, 1, 0, 1, 0, 1, 0, 1, 0, 0, 1, 1, 0, 0, 0, 0, 0, 0]",31,16,15,10,5,5,1.5322923892827864,1.8203532234702633,1.4347202295552368
1225,La_Liga,2014,Granada,"[1, 1, 0, 0, 0, 0, 0, 0, 0, 0, 0, 1, 0, 0, 0, 1, 0, 0, 0, 0, 0, 1, 1, 1]",24,12,12,7,3,4,1.3416496587301465,1.4851863748254122,1.2121212121212122
1226,La_Liga,2014,La Coruna,"[0, 1, 0, 0, 0, 0, 1, 0, 0, 0, 1, 0, 1, 0, 1, 1, 0, 0, 0, 0, 0, 0, 0, 1]",24,12,12,7,3,4,1.3416496587301465,1.4851863748254122,1.2165450121654502
1227,La_Liga,2014,Levante,"[0, 0, 0, 1, 0, 0, 0, 1, 1, 0, 0, 0, 0, 0, 1, 0, 1, 0, 1, 0, 0, 1, 0, 0, 1, 1, 0, 0]",28,14,14,9,3,6,1.1461734494925633,1.126611601022543,1.0570824524312896
1228,La_Liga,2014,Malaga,"[1, 0, 0, 1, 1, 1, 1, 1, 0, 0, 1, 1, 1, 0, 0, 1, 0, 0, 1, 1, 0, 1, 0, 0, 0, 0, 0, 1, 0, 0]",30,15,15,14,9,5,4.542665438796399,13.963076700807273,7.345379756133392
1229,La_Liga,2014,Real Madrid,"[1, 0, 0, 1, 1, 1, 1, 1, 1, 1, 1, 1, 1, 1, 1, 0, 1, 1, 1, 1, 1, 0, 1, 1, 0, 1, 0, 1, 1, 1, 1, 1, 1, 1, 1, 1]",36,18,18,30,15,15,1.6740725237070104,2.0,1.4705882352941178
1230,La_Liga,2014,Sevilla,"[1, 1, 1, 1, 0, 1, 1, 1, 0, 0, 1, 1, 1, 1, 1, 0, 1, 0, 0, 1, 0, 1, 1, 1, 1, 1, 1, 1, 0, 1, 1]",31,16,15,23,12,11,1.7623004797669217,2.1843653322242824,1.6556291390728477
1231,La_Liga,2014,Sociedad,"[0, 1, 0, 0, 0, 0, 0, 1, 1, 0, 1, 0, 1, 0, 1, 0, 1, 1, 1, 0, 0, 1, 0, 0, 1]",25,13,12,11,5,6,1.312366537696454,1.3903095941809698,1.1904761904761905
1232,La_Liga,2014,Valencia,"[1, 1, 1, 1, 1, 0, 1, 1, 0, 0, 1, 1, 1, 1, 1, 0, 1, 1, 1, 1, 1, 1, 1, 0, 1, 1, 1]",27,14,13,22,11,11,1.3811589845934296,1.522347239211495,1.25
1233,La_Liga,2014,Vallecano,"[0, 0, 1, 1, 0, 1, 0, 0, 0, 1, 1, 0, 0, 0, 1, 0, 1, 0, 0, 0, 1, 0, 1, 0, 1, 1, 1, 0, 0, 1, 0, 1, 1, 0]",34,17,17,15,7,8,1.4506650775786598,1.5745512814486469,1.2987012987012987
1234,La_Liga,2014,Villarreal,"[1, 0, 1, 0, 1, 1, 0, 0, 1, 1, 1, 1, 1, 1, 1, 0, 1, 0, 1, 1, 0, 0, 0, 1, 1, 0]",26,13,13,16,9,7,2.627583920273654,4.760627558633165,2.8735632183908044
1235,La_Liga,2015,Ath Bilbao,"[0, 0, 1, 0, 0, 1, 1, 1, 1, 0, 1, 0, 1, 1, 0, 0, 1, 1, 0, 0, 1, 1, 1, 1, 0, 1, 1, 0, 1, 1]",30,15,15,18,8,10,1.2775923302793615,1.2953842236711037,1.1862396204033214
1236,La_Liga,2015,Ath Madrid,"[1, 1, 0, 1, 1, 0, 1, 1, 1, 1, 1, 1, 1, 0, 1, 1, 1, 1, 0, 1, 1, 1, 1, 1, 1, 0, 1, 1, 1, 1, 1, 1, 0, 1]",34,17,17,28,14,14,1.6703220384942294,2.0,1.4492753623188406
1237,La_Liga,2015,Barcelona,"[1, 1, 1, 1, 0, 1, 0, 1, 1, 1, 1, 1, 1, 1, 1, 1, 1, 1, 1, 1, 1, 1, 1, 1, 1, 1, 0, 0, 0, 1, 1, 1, 1, 1]",34,17,17,29,15,14,2.14451232823994,3.183599778905171,1.953125
1238,La_Liga,2015,Betis,"[0, 1, 0, 1, 1, 0, 0, 1, 0, 1, 0, 0, 0, 0, 0, 1, 1, 1, 0, 0, 0, 1, 1, 0, 0, 1]",26,13,13,11,5,6,1.398057804285396,1.5283489660964467,1.272264631043257
1239,La_Liga,2015,Celta,"[1, 1, 1, 1, 1, 0, 1, 0, 0, 1, 1, 1, 0, 0, 0, 1, 0, 0, 0, 1, 1, 0, 1, 1, 1, 1, 0, 1, 0]",29,15,14,17,9,8,1.7967074443835742,2.2832411024109107,1.6556291390728477
1240,La_Liga,2015,Eibar,"[1, 1, 0, 1, 0, 1, 1, 0, 0, 0, 1, 1, 1, 1, 0, 0, 0, 1, 0, 0, 0, 0, 0, 0, 1, 0, 0, 0]",28,14,14,11,9,2,22.451664823183826,296.06252697572927,114.15525114155251
1241,La_Liga,2015,Espanol,"[1, 0, 0, 1, 1, 0, 0, 1, 0, 0, 1, 0, 0, 1, 0, 0, 0, 0, 0, 0, 1, 1, 0, 1, 1, 0, 0, 0, 1, 0, 1]",31,16,15,12,6,6,1.5401026560662618,1.79604172854337,1.440922190201729
1242,La_Liga,2015,Getafe,"[0, 0, 0, 1, 0, 1, 1, 0, 0, 0, 1, 0, 1, 1, 1, 0, 0, 0, 0, 0, 0, 0, 0, 0, 0, 0, 1, 1, 0]",29,15,14,9,7,2,7.059183062808769,33.53748649477896,14.647722279185587
1243,La_Liga,2015,Granada,"[0, 1, 0, 0, 0, 0, 0, 1, 0, 1, 0, 0, 1, 0, 0, 1, 0, 0, 0, 0, 1, 1, 0, 0, 1, 0, 1, 1, 0]",29,15,14,10,4,6,1.208575556758187,1.2190211924619851,1.0976948408342482
1244,La_Liga,2015,La Coruna,"[1, 0, 1, 1, 0, 1, 1, 1, 0, 0, 0, 0, 0, 0, 1, 0, 0, 0, 1, 0]",20,10,10,8,6,2,5.977652417320556,29.459786383708668,12.039489525644113
1245,La_Liga,2015,Las Palmas,"[0, 0, 1, 0, 0, 0, 0, 1, 0, 0, 1, 0, 1, 0, 0, 1, 0, 0, 0, 1, 1, 1, 0, 1, 1, 1, 0, 1, 0, 0]",30,15,15,12,4,8,1.1050302623732664,1.0729827456147283,1.0351966873706004
1246,La_Liga,2015,Levante,"[0, 0, 0, 1, 0, 0, 0, 1, 0, 0, 0, 0, 0, 1, 0, 1, 0, 0, 0, 1, 0, 0, 1, 0, 0, 1, 0, 0, 1, 0]",30,15,15,8,3,5,1.230695202351907,1.2570404810656415,1.1001100110011002
1247,La_Liga,2015,Malaga,"[0, 0, 0, 1, 0, 1, 0, 0, 0, 1, 1, 1, 1, 0, 0, 1, 1, 0, 0, 1, 1, 0, 0, 1, 0, 1]",26,13,13,12,6,6,1.63540341789661,2.0,1.6
1248,La_Liga,2015,Real Madrid,"[1, 1, 1, 1, 1, 1, 1, 0, 0, 1, 1, 0, 1, 1, 1, 1, 1, 1, 1, 0, 1, 1, 1, 1, 1, 1, 1, 1, 1, 1, 1, 1]",32,16,16,28,13,15,1.1338730931613314,1.1662143554648359,1.0615711252653928
1249,La_Liga,2015,Sevilla,"[0, 0, 0, 1, 1, 1, 0, 1, 0, 1, 1, 1, 0, 1, 1, 1, 1, 0, 1, 1, 0, 0, 0, 0, 1, 0, 0, 0]",28,14,14,14,8,6,2.529956763434219,4.447490501346341,2.8328611898016995
1250,La_Liga,2015,Sociedad,"[0, 0, 1, 0, 0, 1, 0, 0, 1, 0, 1, 0, 0, 1, 0, 1, 1, 1, 1, 0, 0, 0, 1, 1, 0, 0, 0, 1, 1]",29,15,14,13,5,8,1.1315443717727154,1.1096503965983031,1.0604453870625663
1251,La_Liga,2015,Sp Gijon,"[0, 1, 0, 0, 1, 0, 1, 0, 0, 0, 1, 0, 0, 0, 0, 0, 1, 1, 0, 0, 0, 0, 0, 1, 0, 1, 0, 1, 1]",29,15,14,10,4,6,1.208575556758187,1.2190211924619851,1.1086474501108647
1252,La_Liga,2015,Valencia,"[1, 0, 1, 0, 1, 0, 1, 1, 0, 0, 0, 0, 0, 1, 1, 0, 1, 0, 0, 0, 0, 1, 1, 1, 0, 0, 0]",27,14,13,11,6,5,1.8100308448907698,2.4499781008658434,1.838235294117647
1253,La_Liga,2015,Vallecano,"[0, 0, 1, 1, 0, 0, 0, 1, 0, 1, 0, 0, 0, 0, 0, 0, 1, 1, 0, 0, 1, 0, 1, 0, 0, 0, 1]",27,14,13,9,4,5,1.3180580357142848,1.4143837224122595,1.2048192771084338
1254,La_Liga,2015,Villarreal,"[1, 1, 1, 1, 1, 0, 0, 1, 0, 0, 1, 1, 1, 1, 1, 1, 1, 1, 1, 0, 0, 1, 1, 0, 0, 1, 0, 0]",28,14,14,18,10,8,2.623469456875555,4.648755263783788,3.003003003003003
1255,La_Liga,2016,Alaves,"[1, 0, 1, 0, 0, 0, 1, 0, 1, 1, 0, 1, 0, 1, 1, 0, 1, 1, 0, 0, 0, 1, 1, 1, 1]",25,13,12,14,6,8,1.1767143482253397,1.1778155004847752,1.079913606911447
1256,La_Liga,2016,Ath Bilbao,"[0, 0, 1, 1, 1, 1, 0, 1, 0, 1, 0, 1, 0, 1, 1, 0, 1, 0, 1, 0, 1, 1, 0, 1, 1, 0, 1, 1, 1, 1, 0, 0]",32,16,16,19,9,10,1.4503129459570259,1.5611513536306454,1.2987012987012987
1257,La_Liga,2016,Ath Madrid,"[1, 1, 1, 1, 1, 0, 1, 0, 0, 1, 0, 1, 1, 1, 1, 1, 1, 0, 1, 1, 1, 1, 1, 1, 1, 0, 1, 1, 1]",29,15,14,23,11,12,1.2213713439024632,1.25849968994697,1.1086474501108647
1258,La_Liga,2016,Barcelona,"[1, 1, 0, 1, 1, 0, 1, 1, 1, 1, 1, 1, 1, 1, 1, 1, 1, 1, 1, 1, 0, 1, 1, 1, 0, 1, 1, 1, 1, 1, 1, 1]",32,16,16,28,14,14,1.6338126400690434,2.0,1.3888888888888888
1259,La_Liga,2016,Betis,"[0, 1, 0, 1, 0, 0, 1, 0, 0, 1, 0, 1, 0, 1, 0, 0, 0, 1, 0, 0, 1, 0, 0, 0, 1, 1, 0, 0, 0]",29,15,14,10,6,4,2.2783586204333575,3.863889620287177,2.4096385542168677
1260,La_Liga,2016,Celta,"[0, 0, 0, 1, 1, 1, 0, 1, 1, 0, 1, 0, 0, 1, 1, 0, 1, 0, 1, 0, 0, 1, 1, 0, 0, 1, 0, 0, 0, 0, 0, 0]",32,16,16,13,8,5,3.2206778840762706,7.1370880892901445,4.405286343612334
1261,La_Liga,2016,Eibar,"[0, 1, 1, 0, 1, 0, 1, 0, 1, 1, 0, 0, 1, 0, 1, 1, 1, 0, 1, 0, 1, 1, 1, 0, 0, 1, 0, 0, 0]",29,15,14,15,8,7,1.8069284951620663,2.332250535873808,1.7421602787456445
1262,La_Liga,2016,Espanol,"[0, 0, 1, 0, 1, 1, 1, 1, 0, 0, 1, 1, 1, 0, 0, 1, 0, 1, 1, 0, 1, 1, 0, 0, 1, 0, 1]",27,14,13,15,8,7,1.795150764623751,2.316851763863742,1.6528925619834711
1263,La_Liga,2016,Granada,"[0, 0, 0, 0, 0, 0, 0, 0, 1, 0, 0, 0, 0, 1, 0, 1, 0, 1, 0, 0, 0, 0, 0, 0, 0, 0, 0, 0, 0, 0]",30,15,15,4,2,2,1.4768031636578263,2.0,1.422475106685633
1264,La_Liga,2016,La Coruna,"[1, 0, 0, 0, 1, 0, 0, 0, 0, 1, 0, 1, 0, 0, 0, 0, 1, 1, 0, 0, 0, 1, 0, 0, 0, 1]",26,13,13,8,4,4,1.584677267025257,2.0,1.5174506828528074
1265,La_Liga,2016,Las Palmas,"[1, 1, 0, 1, 0, 0, 1, 0, 1, 0, 1, 0, 1, 0, 0, 0, 0, 1, 0, 1, 0, 0, 1, 0, 0, 0, 0, 0, 0]",29,15,14,10,7,3,4.298108362791285,13.067995015264994,6.25
1266,La_Liga,2016,Leganes,"[1, 0, 0, 1, 0, 1, 0, 0, 0, 0, 1, 0, 0, 0, 0, 0, 0, 1, 0, 1, 0, 0, 0, 0, 1, 0, 1]",27,14,13,8,4,4,1.5028513556869714,1.819094957669333,1.3908205841446453
1267,La_Liga,2016,Malaga,"[0, 0, 1, 0, 1, 1, 0, 1, 1, 0, 0, 0, 0, 0, 1, 0, 0, 0, 0, 0, 1, 1, 0, 1, 1, 1, 1, 0]",28,14,14,12,5,7,1.2628830120791827,1.2861808449421503,1.124859392575928
1268,La_Liga,2016,Osasuna,"[0, 0, 0, 0, 1, 0, 0, 0, 0, 0, 0, 0, 0, 0, 0, 0, 0, 0, 0, 0, 0, 1, 1, 0, 0, 0, 1, 0]",28,14,14,4,1,3,1.146888509354352,1.1628496587572035,1.0482180293501049
1269,La_Liga,2016,Real Madrid,"[1, 1, 1, 1, 1, 1, 1, 1, 1, 1, 1, 1, 0, 1, 1, 1, 1, 0, 1, 1, 1, 1, 1, 1, 1, 0, 1, 1, 1, 1, 1, 1]",32,16,16,29,15,14,2.220337983330651,3.675139037613488,1.9646365422396856
1270,La_Liga,2016,Sevilla,"[1, 1, 1, 0, 1, 1, 1, 0, 1, 1, 0, 1, 1, 1, 1, 1, 0, 1, 1, 1, 1, 0, 0, 1, 1, 1, 0, 0, 1]",29,15,14,21,12,9,2.960677196808087,5.812522545340308,3.3333333333333335
1271,La_Liga,2016,Sociedad,"[0, 1, 0, 1, 0, 1, 0, 1, 1, 1, 1, 0, 1, 1, 0, 1, 1, 0, 1, 1, 0, 1, 1, 0, 0, 0, 1, 0, 1, 1, 1]",31,16,15,19,10,9,1.7978820450629376,2.2562155527070686,1.7182130584192439
1272,La_Liga,2016,Sp Gijon,"[1, 1, 0, 0, 0, 0, 0, 0, 0, 0, 1, 0, 0, 0, 0, 0, 0, 1, 0, 0, 0, 1, 0, 0, 0, 0, 1, 1]",28,14,14,7,3,4,1.3485547369492805,1.4953501155880404,1.2484394506866416
1273,La_Liga,2016,Valencia,"[0, 0, 0, 0, 1, 1, 0, 1, 0, 0, 0, 0, 1, 1, 0, 0, 1, 1, 0, 1, 0, 0, 1, 1, 1, 0, 0, 0, 1, 1, 0]",31,16,15,13,5,8,1.1419874080797072,1.1192279825480216,1.0405827263267429
1274,La_Liga,2016,Villarreal,"[1, 1, 1, 1, 1, 0, 1, 0, 0, 1, 1, 0, 1, 1, 0, 1, 1, 1, 0, 0, 1, 1, 0, 1, 1, 1, 0, 1]",28,14,14,19,10,9,2.057873193112623,2.916583536972888,1.9920318725099602
1275,La_Liga,2017,Alaves,"[0, 0, 0, 0, 0, 0, 1, 0, 0, 0, 1, 0, 0, 1, 1, 0, 1, 0, 1, 0, 1, 1, 1, 0, 1, 0, 0, 0, 1, 1, 0, 1, 0, 1, 1, 0]",36,18,18,15,5,10,1.0831299007039488,1.0476518953837235,1.016260162601626
1276,La_Liga,2017,Ath Bilbao,"[1, 1, 0, 0, 0, 1, 0, 0, 0, 1, 1, 1, 0, 0, 1, 0, 1, 0, 1, 0, 0, 0, 1, 0, 0]",25,13,12,10,6,4,2.2821764058767533,3.896418200653083,2.6109660574412534
1277,La_Liga,2017,Ath Madrid,"[1, 1, 1, 1, 1, 1, 1, 1, 1, 1, 0, 1, 1, 1, 1, 1, 1, 1, 1, 0, 1, 0, 1, 1, 0, 1, 0, 1]",28,14,14,23,13,10,4.337309916143041,14.410079610760047,6.134969325153374
1278,La_Liga,2017,Barcelona,"[1, 1, 1, 1, 1, 1, 1, 1, 1, 1, 1, 1, 1, 1, 1, 1, 1, 1, 1, 1, 1, 1, 1, 1, 1, 1, 1, 0, 1]",29,15,14,28,15,13,2.576281543157095,6.8458334831090655,2.0964360587002098
1279,La_Liga,2017,Betis,"[0, 1, 0, 1, 1, 1, 0, 1, 0, 0, 0, 0, 1, 0, 1, 1, 0, 0, 1, 1, 0, 1, 0, 1, 1, 1, 1, 1, 1, 1, 0, 0]",32,16,16,18,8,10,1.2934979838290337,1.3123647998416588,1.146788990825688
1280,La_Liga,2017,Celta,"[0, 0, 1, 0, 1, 1, 0, 0, 1, 0, 1, 0, 0, 1, 1, 1, 1, 0, 0, 1, 0, 1, 0, 1, 0, 0, 0, 1]",28,14,14,13,6,7,1.4189866924057202,1.5440892488469016,1.2919896640826873
1281,La_Liga,2017,Eibar,"[1, 0, 0, 1, 0, 0, 0, 0, 0, 1, 1, 1, 1, 1, 1, 0, 1, 1, 0, 0, 1, 0, 0, 0, 0, 1, 0, 1, 1]",29,15,14,14,8,6,2.2392671791806773,3.492564201602757,2.347417840375587
1282,La_Liga,2017,Espanol,"[0, 0, 1, 1, 0, 1, 0, 0, 1, 0, 0, 1, 1, 0, 0, 1, 1, 0, 0, 0, 0, 1, 1, 1, 1]",25,13,12,12,6,6,1.502153325177417,1.7353597143161648,1.3440860215053763
1283,La_Liga,2017,Getafe,"[0, 1, 0, 1, 0, 0, 1, 1, 0, 1, 0, 1, 0, 1, 1, 0, 1, 0, 0, 1, 0, 0, 1, 1, 1, 1, 0, 1]",28,14,14,15,7,8,1.4256689066254977,1.5440892488469018,1.335113484646195
1284,La_Liga,2017,Girona,"[1, 0, 0, 0, 0, 1, 1, 1, 0, 1, 1, 0, 0, 1, 1, 0, 1, 0, 1, 1, 1, 0, 0, 0, 1, 0, 0, 0, 1]",29,15,14,14,8,6,2.2392671791806773,3.492564201602757,2.2573363431151243
1285,La_Liga,2017,La Coruna,"[0, 0, 0, 1, 0, 1, 0, 1, 0, 0, 0, 1, 0, 0, 0, 0, 0, 0, 0, 0, 0, 0, 1, 1, 0, 0, 0]",27,14,13,6,4,2,2.367414770943153,4.875498092747678,2.7247956403269753
1286,La_Liga,2017,Las Palmas,"[0, 0, 1, 1, 0, 0, 0, 0, 0, 0, 0, 0, 1, 0, 0, 0, 0, 1, 0, 1, 0, 0, 0, 0, 0, 0, 0, 0, 0, 0, 0]",31,16,15,5,3,2,1.801066986138119,2.9326802893502926,1.9083969465648856
1287,La_Liga,2017,Leganes,"[1, 1, 0, 0, 1, 1, 1, 0, 0, 0, 0, 1, 0, 1, 0, 1, 0, 0, 0, 0, 1, 0, 1, 0, 0, 1, 0, 0, 0, 0, 1]",31,16,15,12,8,4,4.0233600855450815,10.954919898689766,6.097560975609756
1288,La_Liga,2017,Levante,"[1, 1, 0, 0, 0, 1, 0, 0, 0, 0, 0, 0, 0, 0, 0, 1, 1, 1, 0, 1, 1, 1, 1, 1, 0]",25,13,12,11,3,8,1.03131855096641,1.0143348886389385,1.0030090270812437
1289,La_Liga,2017,Malaga,"[0, 0, 0, 0, 0, 0, 0, 0, 1, 0, 1, 0, 1, 0, 0, 0, 0, 0, 0, 0, 0, 0, 0, 0, 1, 0, 0, 0, 1, 0, 0, 0, 0]",33,17,16,5,3,2,1.8035394072114752,2.940127811000472,1.9011406844106464
1290,La_Liga,2017,Real Madrid,"[1, 1, 0, 1, 1, 1, 1, 0, 1, 1, 1, 0, 0, 1, 1, 1, 1, 1, 1, 0, 1, 1, 1, 1, 1, 1, 0, 1]",28,14,14,22,10,12,1.1971174316846342,1.2172716140370459,1.0905125408942202
1291,La_Liga,2017,Sevilla,"[1, 1, 1, 1, 0, 1, 0, 0, 1, 0, 1, 1, 1, 0, 0, 0, 0, 1, 0, 1, 1, 0, 1, 1, 0, 0, 0, 0, 1, 1, 1]",31,16,15,17,9,8,1.808690566038217,2.2976353317176037,1.7035775127768313
1292,La_Liga,2017,Sociedad,"[1, 1, 1, 0, 0, 0, 1, 0, 1, 0, 0, 1, 0, 0, 0, 0, 1, 0, 1, 0, 1, 0, 0, 1, 1, 1, 0, 1, 0, 1, 0]",31,16,15,14,6,8,1.2272360718954003,1.2315399586327471,1.1261261261261262
1293,La_Liga,2017,Valencia,"[1, 1, 1, 1, 1, 1, 1, 1, 1, 0, 1, 0, 0, 1, 1, 0, 0, 0, 1, 1, 1, 1, 1, 1, 1, 1, 0, 0, 0, 1, 1]",31,16,15,22,12,10,2.2165941034170693,3.281522447058705,2.159827213822894
1294,La_Liga,2017,Villarreal,"[0, 0, 1, 1, 0, 1, 1, 1, 1, 0, 0, 0, 1, 1, 1, 1, 1, 0, 0, 1, 0, 0, 1, 1, 0, 0, 1, 1, 1, 0, 1]",31,16,15,18,10,8,2.217696614938645,3.3044757760329158,2.2271714922048997
1295,La_Liga,2018,Alaves,"[0, 1, 1, 1, 0, 1, 1, 1, 0, 1, 0, 0, 1, 1, 0, 0, 0, 1, 1, 1, 0, 0, 0, 0, 0, 0, 1]",27,14,13,13,9,4,6.071891208297265,24.51456861068925,11.560693641618498
1296,La_Liga,2018,Ath Bilbao,"[1, 0, 0, 0, 0, 0, 1, 1, 1, 1, 0, 1, 1, 0, 1, 1, 1, 0, 1, 0, 1, 0, 1, 0]",24,12,12,13,6,7,1.3969725010740741,1.5175032530974255,1.2484394506866416
1297,La_Liga,2018,Ath Madrid,"[1, 0, 1, 1, 1, 1, 1, 1, 1, 1, 1, 1, 1, 0, 0, 1, 1, 1, 1, 0, 1, 1, 0, 1, 1, 1, 1, 0]",28,14,14,22,12,10,2.843482019820793,5.602534042157461,3.125
1298,La_Liga,2018,Barcelona,"[1, 1, 1, 1, 0, 1, 1, 1, 0, 1, 1, 1, 1, 1, 1, 1, 1, 1, 1, 1, 1, 1, 1, 1, 1, 1, 1, 0, 1]",29,15,14,26,13,13,1.2768095126070789,1.412808918063209,1.1350737797956867
1299,La_Liga,2018,Betis,"[0, 1, 1, 1, 0, 0, 0, 1, 0, 1, 1, 1, 0, 0, 1, 0, 1, 0, 1, 0, 1, 0, 0, 1, 0, 0, 0, 0, 1, 1]",30,15,15,14,8,6,2.4961507090976705,4.308354880446086,2.8901734104046244
1300,La_Liga,2018,Celta,"[1, 1, 0, 0, 0, 1, 0, 0, 1, 1, 0, 0, 0, 0, 0, 1, 0, 0, 0, 0, 0, 1, 1, 0, 1, 1, 0]",27,14,13,10,5,5,1.5148471428733075,1.7898317226824547,1.4880952380952381
1301,La_Liga,2018,Eibar,"[0, 0, 1, 1, 0, 0, 1, 0, 1, 1, 0, 0, 1, 1, 0, 1, 0, 1, 0, 0, 0, 1, 1, 0]",24,12,12,11,5,6,1.3895210785133645,1.5175032530974257,1.2515644555694618
1302,La_Liga,2018,Espanol,"[1, 0, 1, 0, 1, 1, 1, 1, 0, 0, 0, 0, 0, 0, 1, 0, 0, 0, 1, 1, 0, 0, 1, 1, 1, 1, 1]",27,14,13,14,6,8,1.1971651123675657,1.198819987373033,1.0893246187363834
1303,La_Liga,2018,Getafe,"[0, 1, 1, 0, 0, 1, 1, 0, 1, 1, 0, 1, 1, 0, 1, 1, 1, 1, 0, 1, 1, 0, 1, 0]",24,12,12,15,7,8,1.3934751313833396,1.5074884257582135,1.2121212121212122
1304,La_Liga,2018,Girona,"[0, 1, 1, 0, 0, 1, 1, 1, 0, 0, 0, 0, 0, 0, 1, 1, 0, 1, 0, 0, 0, 0, 0, 0, 1, 0, 0, 0]",28,14,14,9,5,4,1.945292882465108,2.916583536972889,2.0120724346076457
1305,La_Liga,2018,Huesca,"[1, 0, 0, 0, 0, 0, 0, 0, 0, 0, 0, 0, 1, 0, 0, 1, 1, 0, 1, 0, 0, 0, 1, 0, 0, 1]",26,13,13,7,2,5,1.12195069821821,1.1017460004952637,1.0341261633919339
1306,La_Liga,2018,Leganes,"[0, 0, 0, 0, 1, 0, 1, 0, 1, 1, 0, 1, 0, 1, 1, 0, 1, 0, 0, 1, 1, 0, 0, 1, 0, 0]",26,13,13,11,5,6,1.398057804285396,1.5283489660964467,1.25
1307,La_Liga,2018,Levante,"[1, 0, 0, 0, 0, 1, 1, 1, 1, 0, 1, 0, 0, 0, 1, 0, 0, 1, 0, 0, 0, 0, 0, 1, 0, 1, 1]",27,14,13,11,6,5,1.8100308448907698,2.4499781008658434,1.7921146953405018
1308,La_Liga,2018,Real Madrid,"[1, 1, 1, 1, 0, 0, 0, 0, 1, 1, 0, 1, 1, 1, 0, 1, 1, 1, 1, 1, 0, 1, 0, 1, 1, 1, 0, 1, 1, 0, 1, 0, 0]",33,17,16,21,11,10,1.7987913931033357,2.233986634888016,1.644736842105263
1309,La_Liga,2018,Sevilla,"[1, 0, 0, 1, 1, 1, 1, 0, 1, 1, 1, 1, 0, 0, 1, 0, 0, 0, 0, 1, 1, 0, 1, 1, 1, 0, 1, 0, 0, 1]",30,15,15,17,10,7,3.3451044390048845,7.434295556228816,4.739336492890995
1310,La_Liga,2018,Sociedad,"[1, 0, 0, 1, 0, 1, 0, 1, 1, 0, 0, 0, 0, 1, 1, 1, 1, 0, 0, 1, 0, 0, 0, 1, 1, 1, 0]",27,14,13,13,6,7,1.3258749661237057,1.3966438877911838,1.2004801920768307
1311,La_Liga,2018,Valencia,"[0, 1, 0, 1, 1, 0, 1, 0, 1, 1, 1, 1, 1, 1, 0, 1, 1, 0, 0, 1, 1, 1]",22,11,11,15,7,8,1.3663099167021697,1.4783505468574414,1.2376237623762376
1312,La_Liga,2018,Valladolid,"[0, 0, 1, 1, 1, 1, 0, 0, 0, 1, 0, 0, 0, 1, 0, 0, 0, 0, 0, 1, 0, 0, 1, 0, 1, 1, 0]",27,14,13,10,6,4,2.2799905565484173,3.8777810582059935,2.544529262086514
1313,La_Liga,2018,Vallecano,"[0, 0, 1, 0, 0, 0, 0, 0, 0, 1, 0, 0, 1, 1, 1, 1, 0, 0, 0, 0, 0, 0, 0, 0, 1, 0, 0, 1, 0, 0]",30,15,15,8,5,3,2.483075374391316,4.890437785730043,3.058103975535168
1314,La_Liga,2018,Villarreal,"[0, 0, 1, 1, 0, 0, 0, 1, 0, 0, 0, 0, 1, 0, 0, 1, 1, 0, 0, 1, 1, 1, 0, 1]",24,12,12,10,3,7,1.07831695472985,1.0513533321374784,1.016260162601626
1315,La_Liga,2019,Alaves,"[1, 0, 0, 0, 1, 0, 1, 0, 0, 1, 1, 0, 0, 0, 1, 0, 1, 0, 1, 0, 1, 0, 0, 0]",24,12,12,9,5,4,1.9596954488599756,2.970488289473696,2.070393374741201
1316,La_Liga,2019,Ath Bilbao,"[1, 1, 1, 0, 0, 0, 1, 1, 1, 1, 0, 0, 0, 0, 0, 1, 1, 1, 0, 1]",20,10,10,11,7,4,3.8231750823624497,11.26571093720506,5.58659217877095
1317,La_Liga,2019,Ath Madrid,"[1, 1, 1, 0, 1, 1, 1, 0, 1, 1, 1, 0, 0, 1, 1, 1, 1, 1, 1]",19,10,9,15,8,7,1.6808377645022266,2.2085655161819835,1.5015015015015014
1318,La_Liga,2019,Barcelona,"[0, 1, 1, 0, 1, 1, 1, 1, 1, 0, 1, 1, 1, 1, 1, 1, 0, 1, 1, 1, 1, 0, 1, 1, 1, 1]",26,13,13,21,10,11,1.342214482563256,1.4479707105954487,1.1848341232227488
1319,La_Liga,2019,Betis,"[0, 0, 1, 1, 0, 0, 0, 1, 0, 1, 1, 1, 0, 1, 0, 0, 0, 1, 0, 0, 1, 0]",22,11,11,9,5,4,1.969642822255588,3.0095199846121163,2.028397565922921
1320,La_Liga,2019,Celta,"[0, 1, 0, 0, 1, 0, 0, 0, 0, 0, 1, 0, 0, 0, 1, 1, 0, 1, 1, 0]",20,10,10,7,2,5,1.1048918958205982,1.086719653733776,1.0341261633919339
1321,La_Liga,2019,Eibar,"[0, 0, 0, 1, 1, 0, 0, 1, 1, 0, 0, 0, 0, 1, 0, 1, 0, 0, 1, 0, 0, 0, 1, 1]",24,12,12,9,4,5,1.3715906325853804,1.507488425758213,1.272264631043257
1322,La_Liga,2019,Espanol,"[0, 0, 1, 0, 0, 0, 0, 1, 0, 0, 0, 0, 0, 0, 1, 0, 1, 0, 0, 1, 0, 0, 0]",23,12,11,5,2,3,1.2525848555995316,1.3678877196871455,1.1668611435239207
1323,La_Liga,2019,Getafe,"[0, 1, 0, 1, 1, 0, 1, 1, 1, 1, 1, 0, 0, 1, 1, 1, 1, 0, 0, 1, 0, 1]",22,11,11,14,8,6,2.718676843417778,5.327662064543004,2.857142857142857
1324,La_Liga,2019,Granada,"[0, 1, 1, 1, 1, 0, 1, 1, 0, 0, 0, 0, 1, 0, 0, 1, 0, 0, 1, 0, 1, 1, 1, 0, 0]",25,13,12,12,7,5,2.261000651366145,3.686354390433831,2.4213075060532687
1325,La_Liga,2019,Leganes,"[0, 0, 0, 0, 0, 0, 0, 1, 0, 0, 0, 0, 1, 1, 0, 1, 0, 0, 1, 0, 0, 0, 0]",23,12,11,5,1,4,1.0742600079617266,1.0545867185466888,1.0204081632653061
1326,La_Liga,2019,Levante,"[0, 1, 1, 0, 0, 1, 0, 0, 1, 1, 0, 1, 0, 0, 1, 1, 0, 0, 0, 0, 1, 0, 1, 0, 1, 0, 1]",27,14,13,12,6,6,1.5175105332061893,1.759386916159739,1.3717421124828533
1327,La_Liga,2019,Mallorca,"[1, 0, 0, 0, 0, 0, 1, 1, 0, 0, 1, 0, 0, 0, 0, 0, 1, 0, 0, 0, 1, 0, 1, 0, 0, 0, 0, 1]",28,14,14,8,4,4,1.5855812118384875,2.0,1.4814814814814814
1328,La_Liga,2019,Osasuna,"[1, 0, 1, 0, 1, 1, 0, 1, 0, 0, 1, 0, 0, 1, 0, 0, 1, 0, 0, 1, 1]",21,11,10,10,6,4,2.289592941803353,3.959960951529355,2.5641025641025643
1329,La_Liga,2019,Real Madrid,"[1, 1, 1, 1, 1, 0, 1, 1, 1, 1, 1, 1, 1, 1, 1, 1, 0, 1, 0, 1, 1, 1, 1, 1]",24,12,12,21,11,10,2.2060636964807676,3.7237431069311215,2.0491803278688523
1330,La_Liga,2019,Sevilla,"[1, 1, 1, 0, 0, 1, 0, 1, 1, 1, 1, 1, 0, 1, 0, 1, 0, 1, 1, 1, 1]",21,11,10,15,8,7,1.7294266340001494,2.2469229507104775,1.5552099533437014
1331,La_Liga,2019,Sociedad,"[1, 0, 1, 1, 1, 0, 0, 1, 1, 0, 1, 0, 1, 1, 0, 0, 1, 0, 1, 1, 1, 0, 1, 0, 0, 0, 0]",27,14,13,14,9,5,4.068661615511714,11.133362611814682,5.4945054945054945
1332,La_Liga,2019,Valencia,"[0, 1, 0, 1, 1, 0, 1, 1, 0, 1, 1, 1, 0, 1, 1, 0, 0, 1, 0, 1, 0, 0]",22,11,11,12,7,5,2.641091910859272,5.104581978565195,3.0211480362537766
1333,La_Liga,2019,Valladolid,"[1, 0, 0, 1, 1, 0, 1, 0, 0, 0, 0, 1, 0, 1, 0, 0, 1, 0]",18,9,9,7,4,3,1.9585210459454836,3.180938916864078,1.9646365422396856
1334,La_Liga,2019,Villarreal,"[0, 1, 1, 0, 1, 0, 1, 1, 0, 0, 0, 0, 1, 1, 1, 0, 1, 1, 1, 0, 0, 0, 1, 1, 1, 1]",26,13,13,15,6,9,1.14894499498751,1.1323123378609816,1.0626992561105206
1335,La_Liga,2020,Alaves,"[0, 0, 0, 1, 0, 0, 0, 0, 1, 0, 1, 1, 0, 0, 1, 0, 0, 0, 0, 1, 0, 0, 0, 0, 0, 0, 1, 1, 0, 1, 1, 0]",32,16,16,10,5,5,1.6180736294544436,2.0,1.4903129657228018
1336,La_Liga,2020,Ath Bilbao,"[1, 0, 0, 1, 0, 0, 0, 1, 0, 0, 1, 0, 1, 0, 1, 0, 0, 1, 0, 1, 0, 1, 0, 1, 1, 0, 1, 1, 0, 0, 0]",31,16,15,13,6,7,1.3537084097988805,1.4339381695395683,1.2578616352201257
1337,La_Liga,2020,Ath Madrid,"[1, 1, 1, 1, 1, 1, 1, 1, 1, 1, 1, 0, 1, 1, 1, 1, 1, 1, 1, 1, 1, 0, 1, 1, 1, 0, 1, 1, 0, 1, 1, 1, 1]",33,17,16,29,16,13,3.2739489461729665,7.761786587217268,3.7593984962406015
1338,La_Liga,2020,Barcelona,"[1, 1, 1, 0, 1, 1, 1, 0, 0, 1, 0, 1, 0, 1, 1, 1, 1, 1, 1, 1, 1, 1, 1, 1, 1, 1, 1, 1, 1, 0, 1, 1, 0, 1, 0, 1]",36,18,18,28,13,15,1.2533687948562942,1.2679719765820086,1.1507479861910241
1339,La_Liga,2020,Betis,"[0, 1, 0, 0, 0, 1, 1, 0, 0, 1, 0, 0, 1, 0, 0, 0, 1, 0, 1, 0, 1, 1, 1, 0, 1, 1, 1, 1, 0, 1, 1, 1, 1]",33,17,16,18,6,12,1.0265812831669343,1.0111521753805197,1.002004008016032
1340,La_Liga,2020,Cadiz,"[0, 1, 0, 1, 1, 1, 0, 0, 1, 0, 0, 0, 1, 0, 0, 0, 0, 0, 1, 0, 1, 1, 0, 1, 1, 0, 0]",27,14,13,11,6,5,1.8100308448907698,2.4499781008658434,1.7452006980802792
1341,La_Liga,2020,Celta,"[0, 0, 1, 0, 0, 0, 0, 0, 1, 1, 1, 1, 1, 0, 0, 0, 1, 0, 1, 0, 1, 0, 0, 1, 1, 1, 1, 1, 0]",29,15,14,14,6,8,1.2136503743554463,1.2164843668925804,1.1148272017837235
1342,La_Liga,2020,Eibar,"[0, 0, 1, 1, 0, 0, 0, 0, 1, 1, 0, 1, 0, 0, 1, 0, 0, 0, 0, 0, 0, 0, 0, 0, 0, 0, 0, 1, 1, 0, 0]",31,16,15,8,6,2,4.651283918436528,16.08204819865525,7.742934572202865
1343,La_Liga,2020,Elche,"[0, 1, 1, 1, 0, 0, 0, 0, 0, 0, 0, 0, 1, 0, 0, 1, 0, 0, 0, 0, 1, 0, 0, 0, 1, 1]",26,13,13,8,4,4,1.584677267025257,2.0,1.5151515151515151
1344,La_Liga,2020,Espanol,"[0, 0, 0, 0, 0]",5,3,2,0,0,0,1.0,,1.0
1345,La_Liga,2020,Getafe,"[0, 0, 0, 0, 1, 1, 0, 1, 0, 0, 0, 0, 1, 0, 0, 1, 1, 0, 0, 0, 0, 0, 1, 0, 0, 0, 1, 0, 0, 0, 1]",31,16,15,9,5,4,1.8219668311652022,2.568232696913777,1.8416206261510129
1346,La_Liga,2020,Granada,"[1, 1, 0, 1, 1, 1, 1, 0, 1, 1, 0, 0, 0, 1, 1, 0, 1, 0, 0, 1, 0, 0, 0, 1, 0, 1, 0, 0, 1, 1, 0, 1, 0, 0, 0, 0]",36,18,18,17,11,6,5.78501860883006,21.037373026578738,11.148272017837236
1347,La_Liga,2020,Huesca,"[0, 0, 0, 0, 1, 0, 0, 0, 0, 0, 1, 0, 0, 1, 0, 0, 1, 1, 0, 0, 0, 1, 0, 1, 0]",25,13,12,7,2,5,1.0973483252439795,1.0774044319505338,1.027749229188078
1348,La_Liga,2020,Leganes,"[1, 1, 1]",3,2,1,3,2,1,1.0,,1.0
1349,La_Liga,2020,Levante,"[0, 0, 1, 1, 0, 1, 0, 0, 0, 1, 0, 1, 1, 0, 1, 1, 0, 1, 0, 1, 0, 0, 1, 0, 0, 0, 0, 0]",28,14,14,11,6,5,1.9683259886695428,2.862086060341679,1.968503937007874
1350,La_Liga,2020,Mallorca,"[0, 1, 0, 0]",4,2,2,1,1,0,1.7777777777777777,8.05759312981727,2.004008016032064
1351,La_Liga,2020,Osasuna,"[1, 0, 1, 1, 1, 0, 0, 1, 1, 0, 0, 0, 0, 0, 0, 0, 1, 0, 1, 1, 0, 1, 0, 1, 1, 1, 0, 0, 1, 0, 0]",31,16,15,14,6,8,1.2272360718954003,1.2315399586327471,1.1261261261261262
1352,La_Liga,2020,Real Madrid,"[1, 1, 1, 1, 1, 1, 1, 1, 0, 1, 1, 0, 0, 1, 1, 1, 1, 1, 1, 1, 0, 1, 1, 1, 1, 1, 1, 1, 1, 1, 1, 1, 1, 1]",34,17,17,30,14,16,1.1352054535432305,1.1675869330991548,1.0683760683760684
1353,La_Liga,2020,Sevilla,"[1, 1, 1, 1, 1, 1, 0, 0, 0, 1, 1, 1, 0, 1, 1, 1, 1, 0, 1, 1, 1, 1, 1, 1, 0, 0, 1, 1, 1, 1, 1, 1, 1, 0, 1, 0, 1]",37,19,18,28,14,14,1.4908177647485308,1.6283411692698744,1.3386880856760375
1354,La_Liga,2020,Sociedad,"[1, 0, 1, 1, 0, 1, 1, 1, 1, 1, 1, 0, 0, 0, 1, 0, 1, 1, 1, 1, 0, 0, 0, 1, 1, 0, 1, 0, 1, 1]",30,15,15,19,10,9,2.0399492326749757,2.837740117733257,1.8975332068311195
1355,La_Liga,2020,Valencia,"[0, 1, 0, 1, 0, 1, 0, 1, 0, 0, 0, 1, 0, 0, 0, 1, 0, 1, 0, 1, 0, 1, 0, 1, 0, 0, 0, 1, 0, 1]",30,15,15,12,5,7,1.2708146454542482,1.2953842236711035,1.152073732718894
1356,La_Liga,2020,Valladolid,"[1, 0, 0, 0, 1, 0, 0, 0, 0, 0, 1, 1, 0, 1, 0, 1, 0, 0, 0, 0, 1, 0, 0, 0, 0, 0, 0]",27,14,13,7,5,2,3.275052459136128,8.755765206813042,4.566210045662101
1357,La_Liga,2020,Villarreal,"[1, 0, 1, 0, 0, 1, 1, 0, 1, 1, 1, 1, 1, 0, 1, 1, 0, 0, 0, 1, 1, 1, 0, 1, 0, 0, 1, 0, 1, 1, 0]",31,16,15,18,11,7,3.827187514621454,9.387292803492924,4.761904761904762
1358,La_Liga,2021,Alaves,"[0, 0, 0, 0, 0, 1, 0, 0, 1, 1, 1, 0, 0, 0, 0, 0, 0, 0, 1, 0, 0, 0, 0, 0, 1, 0, 1, 0, 1, 0, 0]",31,16,15,8,4,4,1.5161054609588012,1.8443340688822452,1.404494382022472
1359,La_Liga,2021,Ath Bilbao,"[1, 1, 0, 1, 1, 0, 0, 0, 1, 0, 1, 1, 1, 0, 1, 0, 1, 0, 1, 0, 1, 1, 0, 1, 0]",25,13,12,14,8,6,2.248194346315489,3.562068713935695,2.4213075060532687
1360,La_Liga,2021,Ath Madrid,"[1, 1, 1, 1, 0, 1, 1, 1, 1, 0, 0, 0, 0, 1, 1, 0, 1, 0, 1, 1, 1, 1, 1, 1, 0, 1, 0, 1, 1, 1]",30,15,15,21,10,11,1.4222079174897297,1.5271002992542166,1.2626262626262625
1361,La_Liga,2021,Barcelona,"[1, 1, 1, 0, 1, 0, 0, 1, 1, 0, 1, 1, 1, 1, 1, 1, 1, 1, 1, 1, 1, 0, 1, 0, 1, 1, 1, 0]",28,14,14,21,10,11,1.3910675019417702,1.4953501155880407,1.2239902080783354
1362,La_Liga,2021,Betis,"[0, 1, 1, 1, 0, 1, 1, 1, 0, 0, 1, 1, 1, 1, 0, 0, 1, 1, 0, 1, 1, 0, 0, 1, 1, 1, 0, 0, 1, 1]",30,15,15,19,10,9,2.0399492326749757,2.837740117733257,2.0120724346076457
1363,La_Liga,2021,Cadiz,"[0, 0, 1, 0, 0, 0, 1, 0, 0, 0, 0, 0, 1, 0, 1, 0, 1, 0, 1, 0, 1, 0, 1]",23,12,11,8,2,6,1.0509881311248472,1.029201055558978,1.0101010101010102
1364,La_Liga,2021,Celta,"[0, 0, 0, 0, 1, 1, 0, 0, 1, 0, 1, 0, 1, 1, 0, 1, 1, 0, 1, 0, 0, 0, 1, 0, 1, 0, 1, 0]",28,14,14,12,6,6,1.6379481654980252,2.0,1.567398119122257
1365,La_Liga,2021,Elche,"[0, 1, 0, 0, 1, 0, 0, 0, 0, 1, 0, 0, 1, 1, 1, 0, 1, 0, 0, 1, 0, 0, 0, 1, 1, 0, 0, 0, 1]",29,15,14,11,6,5,1.8172633910426899,2.462670581832049,1.7857142857142858
1366,La_Liga,2021,Espanol,"[0, 0, 1, 0, 1, 1, 0, 1, 0, 1, 0, 1, 0, 1, 0, 0, 0, 0, 1, 1, 0, 1, 0, 0, 0, 0]",26,13,13,10,6,4,2.521191968354289,4.760627558633163,2.8901734104046244
1367,La_Liga,2021,Getafe,"[0, 0, 0, 0, 0, 0, 0, 0, 1, 0, 1, 1, 1, 0, 1, 1, 0, 0, 1, 0, 0, 1, 0]",23,12,11,8,3,5,1.1696422612736161,1.178934115694079,1.0683760683760684
1368,La_Liga,2021,Granada,"[0, 0, 0, 0, 1, 1, 0, 0, 1, 1, 1, 0, 0, 0, 0, 0, 0, 0, 1, 0, 0, 1, 1, 0]",24,12,12,8,5,3,2.5440458409926445,5.174962496422871,2.949852507374631
1369,La_Liga,2021,Levante,"[0, 0, 0, 0, 0, 0, 0, 0, 0, 0, 0, 1, 0, 0, 0, 1, 1, 0, 0, 1, 0, 1, 0, 1, 0, 1, 1]",27,14,13,8,1,7,1.017151842736489,1.0039755030600743,1.0
1370,La_Liga,2021,Mallorca,"[1, 1, 0, 0, 0, 1, 0, 0, 1, 0, 0, 0, 0, 1, 1, 0, 0, 0, 0, 0, 0, 0, 1, 0, 1, 0, 0, 1, 1]",29,15,14,10,6,4,2.2783586204333575,3.863889620287177,2.3696682464454977
1371,La_Liga,2021,Osasuna,"[1, 0, 1, 0, 1, 1, 1, 0, 0, 0, 0, 0, 1, 0, 1, 1, 0, 0, 1, 0, 1, 0, 1, 1, 0, 0, 0]",27,14,13,12,6,6,1.5175105332061893,1.759386916159739,1.3986013986013985
1372,La_Liga,2021,Real Madrid,"[1, 1, 1, 1, 1, 0, 1, 1, 1, 1, 1, 1, 1, 1, 1, 0, 1, 1, 1, 1, 1, 1, 0, 1, 1, 1, 1, 1, 0, 1]",30,15,15,26,14,12,3.097301520250902,7.073499961681147,3.3112582781456954
1373,La_Liga,2021,Sevilla,"[1, 1, 1, 1, 0, 1, 1, 1, 1, 0, 1, 1, 1, 1, 1, 1, 1, 0, 1, 0, 1, 1]",22,11,11,18,9,9,1.6099169986096316,2.0,1.4164305949008498
1374,La_Liga,2021,Sociedad,"[0, 1, 1, 1, 1, 1, 1, 1, 1, 0, 0, 0, 0, 1, 1, 0, 1, 1, 0, 1, 1, 1, 0, 0, 1, 1, 0]",27,14,13,17,9,8,1.7812557638679534,2.266092474234593,1.6611295681063123
1375,La_Liga,2021,Valencia,"[1, 1, 1, 0, 0, 0, 0, 1, 1, 1, 1, 0, 0, 0, 0, 0, 1, 1, 1, 0, 0, 0, 1]",23,12,11,11,7,4,3.0723288004779326,6.848083641913098,3.4722222222222223
1376,La_Liga,2021,Vallecano,"[0, 0, 1, 1, 1, 1, 0, 1, 0, 1, 0, 1, 1, 0, 1, 0, 0, 0, 0, 0, 0, 0, 0, 0, 1, 1, 0, 0, 0]",29,15,14,11,9,2,18.233382512753504,178.0093914426987,69.06077348066299
1377,La_Liga,2021,Villarreal,"[1, 1, 0, 0, 0, 1, 0, 0, 1, 1, 1, 1, 0, 1, 1, 1, 1, 0, 1, 0, 0, 1, 1, 0, 1, 0, 1]",27,14,13,16,8,8,1.4988137311976597,1.6896655883305112,1.3531799729364005
1378,La_Liga,2022,Almeria,"[0, 1, 0, 0, 0, 0, 1, 0, 1, 0, 1, 0, 1, 0, 1, 0, 0, 0, 1, 0, 0, 1, 0, 0, 1, 0, 1, 0, 1, 0]",30,15,15,11,6,5,1.961585401075573,2.837740117733259,1.976284584980237
1379,La_Liga,2022,Ath Bilbao,"[1, 1, 0, 1, 1, 1, 0, 0, 1, 0, 1, 0, 0, 0, 1, 1, 0, 0, 0, 1, 1, 1, 1, 0, 0, 0, 1, 0, 0]",29,15,14,14,8,6,2.2392671791806773,3.492564201602757,2.4691358024691357
1380,La_Liga,2022,Ath Madrid,"[1, 0, 1, 1, 0, 1, 1, 1, 1, 0, 0, 1, 0, 1, 1, 1, 1, 1, 1, 1, 1, 1, 1, 0, 1, 1, 1, 0, 1, 1]",30,15,15,23,10,13,1.1153424241769883,1.108230375501664,1.037344398340249
1381,La_Liga,2022,Barcelona,"[1, 1, 1, 1, 1, 1, 1, 0, 1, 1, 1, 1, 1, 1, 1, 1, 1, 1, 1, 1, 0, 1, 1, 1, 1, 1, 0, 1, 1, 1, 0, 0, 1, 0]",34,17,17,28,16,12,5.984556529349403,27.799308553379092,11.377858686995108
1382,La_Liga,2022,Betis,"[1, 1, 1, 0, 1, 1, 0, 1, 0, 1, 0, 1, 0, 1, 0, 0, 1, 1, 1, 1, 0, 0, 1, 0, 0, 1, 1, 0, 1]",29,15,14,17,9,8,1.7967074443835742,2.2832411024109107,1.680672268907563
1383,La_Liga,2022,Cadiz,"[0, 0, 0, 0, 0, 1, 0, 1, 0, 1, 0, 1, 0, 1, 0, 1, 0, 1, 0, 0, 1, 0, 0, 1, 0, 1]",26,13,13,10,4,6,1.2421188280651394,1.2659130648831014,1.1325028312570782
1384,La_Liga,2022,Celta,"[0, 1, 1, 0, 0, 1, 0, 0, 0, 0, 0, 1, 0, 1, 1, 0, 1, 1, 1, 0, 0, 1, 0, 0, 0, 0, 0, 1]",28,14,14,11,5,6,1.4047185470557153,1.5370321067848536,1.303780964797914
1385,La_Liga,2022,Elche,"[0, 0, 0, 0, 0, 0, 0, 0, 0, 0, 0, 0, 0, 1, 0, 0, 0, 1, 0, 0, 0, 0, 0, 0, 1, 0, 1, 1]",28,14,14,5,1,4,1.0967320575642672,1.0745707728086578,1.0141987829614605
1386,La_Liga,2022,Espanol,"[0, 0, 1, 0, 0, 1, 0, 0, 1, 1, 0, 0, 1, 1, 0, 0, 0, 0, 0, 0, 0, 1, 0, 0, 1]",25,13,12,8,5,3,2.315101232328993,4.246384611822067,2.506265664160401
1387,La_Liga,2022,Getafe,"[0, 0, 0, 1, 1, 0, 0, 1, 0, 1, 0, 0, 0, 0, 1, 0, 1, 1, 0, 0, 0, 0, 1, 0, 1, 1]",26,13,13,10,4,6,1.2421188280651394,1.2659130648831014,1.1337868480725624
1388,La_Liga,2022,Girona,"[0, 1, 0, 1, 0, 0, 0, 0, 1, 1, 1, 0, 0, 1, 0, 1, 1, 0, 0, 1, 1, 0, 1, 1, 1, 0, 0, 0]",28,14,14,13,6,7,1.4189866924057202,1.5440892488469016,1.272264631043257
1389,La_Liga,2022,Mallorca,"[0, 1, 0, 1, 0, 0, 0, 1, 1, 1, 0, 1, 0, 1, 0, 1, 0, 1, 0, 0, 0, 1, 1, 0, 0, 1, 0, 1, 0, 1]",30,15,15,14,7,7,1.6565648869643448,2.0,1.597444089456869
1390,La_Liga,2022,Osasuna,"[1, 1, 0, 1, 1, 0, 0, 0, 1, 1, 1, 0, 0, 1, 0, 0, 1, 0, 0, 1, 0, 1, 1, 0, 0, 1, 0, 1, 0, 1]",30,15,15,15,8,7,2.0,2.7972002359528982,1.953125
1391,La_Liga,2022,Real Madrid,"[1, 1, 1, 1, 1, 1, 1, 1, 1, 1, 0, 1, 1, 0, 1, 1, 0, 1, 1, 1, 0, 1, 0, 1, 1, 0, 1, 0, 1, 0, 1, 1]",32,16,16,24,14,10,5.272743947648892,19.517824851015682,9.041591320072333
1392,La_Liga,2022,Sevilla,"[0, 0, 0, 1, 0, 1, 0, 0, 0, 1, 0, 1, 1, 0, 1, 0, 0, 1, 0, 1, 1, 1, 1, 0, 1, 1, 0, 0]",28,14,14,13,5,8,1.1655130865903642,1.1465412140302207,1.0810810810810811
1393,La_Liga,2022,Sociedad,"[1, 0, 1, 0, 1, 1, 1, 1, 1, 0, 0, 1, 1, 1, 1, 1, 0, 1, 0, 1, 0, 1, 0, 1, 1, 1, 1, 1, 0, 1]",30,15,15,21,11,10,2.063945400892388,2.897172134819273,1.949317738791423
1394,La_Liga,2022,Valencia,"[1, 0, 0, 1, 0, 1, 1, 0, 0, 1, 0, 0, 0, 0, 0, 0, 0, 1, 0, 1, 0, 0, 0, 1, 1, 0, 1, 1, 0]",29,15,14,11,5,6,1.3381468479420802,1.4258931511871338,1.2048192771084338
1395,La_Liga,2022,Valladolid,"[0, 0, 1, 0, 0, 1, 0, 1, 1, 0, 1, 0, 0, 0, 0, 0, 1, 1, 0, 0, 1, 0, 0, 1, 1, 0, 0, 0, 0, 0, 1]",31,16,15,11,5,6,1.3478391270096877,1.4397425854163357,1.2135922330097086
1396,La_Liga,2022,Vallecano,"[1, 0, 0, 1, 0, 1, 0, 1, 1, 1, 0, 1, 0, 1, 1, 0, 0, 0, 1, 0, 1, 0, 1, 0, 0, 0, 1, 0]",28,14,14,13,8,5,3.3492437066346437,7.824018803295653,4.3478260869565215
1397,La_Liga,2022,Villarreal,"[1, 1, 1, 0, 0, 1, 0, 1, 0, 0, 1, 1, 1, 1, 0, 0, 0, 0, 1, 1, 1, 1, 1, 0, 0, 1, 1, 1, 1, 1, 0]",31,16,15,19,9,10,1.3307578229867747,1.3810392366551145,1.2077294685990339
1398,La_Liga,2023,Alaves,"[0, 1, 0, 1, 0, 0, 0, 0, 1, 0, 1, 0, 0, 0, 1, 1, 1, 0, 0, 1, 0, 0, 0, 1, 1, 1, 0, 1]",28,14,14,12,4,8,1.0979001863046656,1.0675950233550218,1.0341261633919339
1399,La_Liga,2023,Almeria,"[0, 0, 0, 0, 0, 0, 0, 0, 0, 0, 0, 0, 0, 0, 0, 0, 0, 0, 1, 0, 0, 0, 1, 0, 0, 1]",26,13,13,3,0,3,1.0569455294481322,1.03388083435032,1.0
1400,La_Liga,2023,Ath Bilbao,"[0, 1, 1, 1, 1, 0, 1, 0, 1, 1, 1, 1, 1, 1, 1, 0, 1, 1, 0, 1, 1, 0, 0, 1, 0, 1, 1]",27,14,13,19,11,8,2.9886592502745626,6.009438631811987,3.1645569620253164
1401,La_Liga,2023,Ath Madrid,"[1, 1, 0, 1, 1, 1, 1, 1, 1, 0, 1, 1, 0, 1, 0, 1, 0, 1, 1, 1, 0, 1, 1, 0, 0, 1, 1, 0, 1, 1, 1, 1, 0, 1]",34,17,17,24,12,12,1.6929540803902496,2.0,1.545595054095827
1402,La_Liga,2023,Barcelona,"[1, 1, 1, 1, 1, 1, 1, 0, 1, 1, 1, 0, 1, 1, 1, 0, 1, 1, 1, 1, 1, 1, 1, 1, 0, 1, 0, 1, 1, 1, 1]",31,16,15,26,13,13,1.3844012859914017,1.5174161528475925,1.2239902080783354
1403,La_Liga,2023,Betis,"[1, 0, 1, 0, 1, 1, 1, 1, 0, 1, 0, 1, 1, 1, 0, 0, 0, 0, 1, 1, 1, 1, 0]",23,12,11,14,8,6,2.2560799073314435,3.6241842185578204,2.320185614849188
1404,La_Liga,2023,Cadiz,"[1, 0, 1, 0, 0, 0, 0, 0, 0, 0, 0, 0, 0, 0, 1, 0, 1, 0, 0, 0, 1, 1, 0]",23,12,11,6,2,4,1.1531860682641126,1.1645172351714748,1.0660980810234542
1405,La_Liga,2023,Celta,"[0, 0, 1, 0, 0, 0, 0, 0, 0, 1, 0, 1, 0, 0, 1, 0, 0, 1, 0, 1, 0, 1, 0, 1, 0, 1, 1]",27,14,13,10,3,7,1.068270728377306,1.0423997094101785,1.0090817356205852
1406,La_Liga,2023,Getafe,"[0, 1, 0, 1, 0, 1, 1, 0, 1, 1, 0, 0, 1, 0, 1, 0, 0, 1, 0, 1, 0, 0, 0, 0, 0]",25,13,12,10,7,3,4.437792045059089,14.1516773767228,6.941070313042271
1407,La_Liga,2023,Girona,"[1, 1, 1, 1, 1, 1, 0, 1, 1, 1, 1, 1, 1, 1, 1, 1, 1, 1, 0, 0, 1, 0, 1, 0, 1, 0, 1, 1, 1, 0, 1, 1]",32,16,16,25,15,10,8.599905766850794,61.52058338109255,23.946360153256705
1408,La_Liga,2023,Granada,"[0, 0, 1, 0, 0, 0, 0, 0, 0, 0, 0, 0, 0, 1, 0, 0, 0, 0, 0, 0, 0, 0, 1, 1, 0, 0, 0, 0, 0]",29,15,14,4,2,2,1.4341277627636169,1.8881353538009633,1.3605442176870748
1409,La_Liga,2023,Las Palmas,"[0, 0, 0, 1, 0, 1, 1, 0, 1, 1, 0, 1, 1, 0, 0, 1, 1, 0, 1, 0, 0, 0, 0, 0, 0, 0, 0, 0]",28,14,14,10,7,3,4.892629387655304,17.443994055572396,8.483922965979469
1410,La_Liga,2023,Mallorca,"[0, 0, 1, 0, 0, 0, 0, 1, 1, 0, 0, 0, 1, 0, 1, 0, 1, 0, 0, 0, 1, 1]",22,11,11,8,3,5,1.2088199437298133,1.2310716467889455,1.1098779134295227
1411,La_Liga,2023,Osasuna,"[1, 0, 1, 0, 0, 0, 1, 0, 1, 0, 0, 0, 1, 0, 1, 1, 0, 0, 1, 1, 1, 0, 0, 1, 0, 0, 0, 0, 1]",29,15,14,12,6,6,1.5298926367629486,1.7792767844805109,1.392757660167131
1412,La_Liga,2023,Real Madrid,"[1, 1, 1, 1, 1, 0, 1, 1, 1, 1, 1, 1, 1, 1, 1, 1, 1, 1, 1, 1, 1, 1, 1, 1, 1, 1, 1, 1, 1, 1]",30,15,15,29,14,15,1.0,1.1828077361313036,1.0
1413,La_Liga,2023,Sevilla,"[0, 0, 0, 1, 1, 0, 0, 0, 0, 1, 0, 0, 0, 0, 1, 1, 0, 1, 0, 1, 1, 1, 1, 0, 0, 0, 0]",27,14,13,10,3,7,1.068270728377306,1.0423997094101785,1.019367991845056
1414,La_Liga,2023,Sociedad,"[1, 0, 1, 1, 1, 0, 1, 0, 1, 1, 1, 0, 1, 0, 1, 0, 0, 1, 1, 1, 0, 1, 0, 1, 1, 0]",26,13,13,16,9,7,2.627583920273654,4.760627558633165,2.8901734104046244
1415,La_Liga,2023,Valencia,"[1, 1, 0, 0, 1, 0, 0, 1, 1, 0, 0, 0, 1, 1, 1, 1, 0, 1, 0, 1, 0, 1, 1, 0, 0, 0, 0, 0]",28,14,14,13,7,6,1.9895619021522117,2.837933762005624,1.9157088122605364
1416,La_Liga,2023,Vallecano,"[1, 1, 0, 0, 1, 1, 0, 0, 0, 0, 1, 0, 0, 0, 0, 0, 0, 1, 1, 0, 0, 1, 0, 0]",24,12,12,8,5,3,2.5440458409926445,5.174962496422871,3.003003003003003
1417,La_Liga,2023,Villarreal,"[0, 1, 0, 0, 1, 0, 0, 1, 0, 0, 1, 0, 0, 1, 0, 0, 1, 1, 1, 1, 1, 0, 1, 1, 0, 1, 1]",27,14,13,14,5,9,1.0644875519393726,1.0425268273705612,1.016260162601626
1418,La_Liga,2024,Alaves,"[0, 1, 1, 0, 1, 0, 0, 0, 0, 0, 1, 0, 0, 0, 1, 0, 0, 0, 1, 0, 1, 0, 1, 0, 1, 1]",26,13,13,10,4,6,1.2421188280651394,1.2659130648831014,1.1325028312570782
1419,La_Liga,2024,Ath Bilbao,"[0, 1, 0, 1, 1, 1, 0, 1, 1, 1, 1, 1, 1, 1, 1, 1, 0, 1, 1, 0, 1, 1, 1, 1, 0]",25,13,12,19,10,9,1.7308507224448817,2.1967338249334194,1.594896331738437
1420,La_Liga,2024,Ath Madrid,"[1, 1, 1, 1, 1, 0, 1, 1, 1, 1, 1, 1, 1, 1, 0, 1, 1, 1, 0, 0, 1, 1, 0, 1, 1, 0, 1, 1]",28,14,14,22,13,9,6.156731672437084,30.564012766720825,12.187690432663011
1421,La_Liga,2024,Barcelona,"[1, 1, 1, 1, 1, 1, 1, 0, 1, 1, 1, 1, 0, 0, 1, 0, 0, 1, 1, 1, 1, 1, 1, 1, 1, 1, 1, 1, 1, 1, 1, 1, 0, 1]",34,17,17,28,12,16,1.0382697059880182,1.0373143955564448,1.0111223458038423
1422,La_Liga,2024,Betis,"[0, 1, 1, 0, 1, 0, 1, 1, 0, 0, 1, 0, 0, 1, 0, 1, 1, 1, 1, 1, 1, 0, 1, 1, 1, 0]",26,13,13,16,6,10,1.07743243811782,1.0564479778026152,1.0245901639344261
1423,La_Liga,2024,Celta,"[1, 1, 0, 0, 1, 0, 0, 1, 0, 0, 1, 0, 1, 0, 1, 0, 0, 0, 1, 1, 1, 1, 1, 0, 0, 1, 0, 1, 1, 0, 1]",31,16,15,16,7,9,1.223024685568934,1.2236843928116912,1.122334455667789
1424,La_Liga,2024,Espanol,"[0, 0, 1, 1, 0, 0, 0, 1, 0, 0, 0, 0, 1, 0, 0, 1, 1, 0, 1, 0, 1, 1, 1, 0, 0, 0, 0, 0, 1]",29,15,14,11,4,7,1.1300631209078575,1.1084301384321331,1.0582010582010581
1425,La_Liga,2024,Getafe,"[0, 0, 0, 1, 0, 0, 1, 0, 1, 0, 0, 1, 1, 1, 1, 0, 0, 1, 1, 0, 1, 0, 0, 0, 0, 0, 0, 1, 0]",29,15,14,11,7,4,2.982025811724335,6.337254600096169,3.9215686274509802
1426,La_Liga,2024,Girona,"[0, 1, 1, 0, 0, 1, 0, 0, 1, 1, 1, 0, 0, 1, 1, 0, 0, 1, 0, 0, 0, 0, 0, 0, 0, 1, 0, 1, 0, 0]",30,15,15,11,8,3,7.097463878982961,34.375985564664354,15.797788309636651
1427,La_Liga,2024,Las Palmas,"[0, 0, 0, 0, 0, 0, 1, 1, 0, 1, 0, 1, 1, 1, 0, 0, 0, 0, 0, 0, 0, 0, 1, 1, 0, 0, 0, 0, 0, 0]",30,15,15,8,6,2,5.154094357889344,20.274185976693296,9.268699601445917
1428,La_Liga,2024,Leganes,"[1, 0, 0, 0, 0, 1, 0, 1, 0, 0, 1, 0, 1, 0, 0, 0, 1, 0, 0, 0, 0, 1, 0, 1, 1]",25,13,12,9,5,4,1.8045939709170182,2.5330520271144654,1.7825311942959001
1429,La_Liga,2024,Mallorca,"[0, 1, 0, 1, 1, 1, 0, 1, 0, 0, 1, 1, 0, 0, 1, 1, 0, 0, 0, 1, 1, 0, 0, 1, 0, 0, 1, 0, 0]",29,15,14,13,8,5,2.922830080056166,5.875355368060922,3.3112582781456954
1430,La_Liga,2024,Osasuna,"[1, 0, 1, 0, 1, 1, 0, 1, 1, 0, 0, 0, 1, 0, 0, 0, 1, 1, 1, 0, 1, 1]",22,11,11,12,6,6,1.6267501106170124,2.0,1.5384615384615385
1431,La_Liga,2024,Real Madrid,"[1, 1, 1, 1, 1, 1, 1, 0, 1, 1, 1, 0, 1, 1, 1, 1, 1, 0, 1, 0, 1, 1, 1, 0, 1, 1, 1, 1, 0, 1, 1, 1]",32,16,16,26,14,12,2.841209881719213,5.478997645669047,2.9585798816568047
1432,La_Liga,2024,Sevilla,"[0, 0, 1, 0, 1, 1, 0, 1, 0, 0, 1, 0, 1, 0, 1, 0, 1, 1, 0, 0, 0, 0, 0, 0, 1, 0, 0]",27,14,13,10,6,4,2.2799905565484173,3.8777810582059935,2.3696682464454977
1433,La_Liga,2024,Sociedad,"[0, 1, 0, 0, 0, 1, 1, 0, 1, 1, 0, 1, 1, 0, 1, 0, 0, 0, 1, 0, 1, 0, 0, 1, 1, 0, 0, 0, 0, 1, 0]",31,16,15,13,8,5,2.8996857479598197,5.758225761303373,3.7313432835820897
1434,La_Liga,2024,Valencia,"[0, 0, 0, 0, 1, 0, 0, 1, 0, 0, 0, 0, 1, 0, 1, 1, 0, 1, 1, 1, 1, 1, 1, 0, 0]",25,13,12,11,3,8,1.03131855096641,1.0143348886389385,1.0080645161290323
1435,La_Liga,2024,Valladolid,"[1, 0, 0, 0, 0, 0, 0, 1, 0, 0, 0, 0, 0, 1, 0, 1, 0, 0, 0, 0, 0, 0, 0, 0, 0, 0, 0, 0, 0, 0, 0, 0, 0, 0]",34,17,17,4,4,0,8.396151366633012,60.16700399563884,19.290123456790123
1436,La_Liga,2024,Vallecano,"[1, 0, 0, 1, 1, 0, 1, 0, 0, 0, 1, 1, 1, 1, 1, 0, 0, 0, 1, 0, 0, 0, 1, 1, 1]",25,13,12,13,7,6,1.793021001945255,2.3598786832236693,1.7035775127768313
1437,La_Liga,2024,Villarreal,"[1, 1, 1, 0, 1, 1, 0, 1, 1, 0, 0, 1, 0, 1, 1, 1, 1, 0, 0, 1, 1, 0, 1, 1, 1, 1, 1, 1]",28,14,14,20,9,11,1.235215472934987,1.252178551393171,1.1299435028248588
