,League,Season,Team,Sequence,n,n1,n2,k,k1,k2,Team_Name,c2,c3
0,Bundesliga,2000,Bayern Munich,"[3, 3, 3, 0, 3, 3, 0, 0, 3, 1, 3, 0, 0, 1, 3, 1, 3, 3, 3, 3, 3, 0, 1, 0, 3, 3, 0, 1, 0, 3, 3, 3, 3, 1]",34,17,17,63,30,33,2000 Bayern Munich,1.3708340420728449,1.4184397163120568
1,Bundesliga,2000,Bochum,"[3, 0, 0, 0, 3, 1, 3, 0, 0, 0, 1, 0, 1, 0, 3, 0, 3, 0, 0, 0, 0, 1, 1, 0, 0, 0, 3, 3, 0, 0, 1, 0, 0, 0]",34,17,17,27,18,9,2000 Bochum,46.08968346891825,6.896551724137931
2,Bundesliga,2000,Cottbus,"[0, 0, 0, 3, 0, 0, 1, 3, 0, 3, 1, 3, 0, 0, 3, 0, 0, 3, 0, 3, 0, 0, 3, 0, 0, 3, 0, 1, 0, 3, 0, 0, 3, 3]",34,17,17,39,17,22,2000 Cottbus,1.1822579431287847,1.342281879194631
3,Bundesliga,2000,Dortmund,"[3, 3, 0, 3, 3, 0, 1, 3, 0, 0, 0, 3, 1, 3, 3, 3, 1, 3, 3, 0, 1, 3, 1, 3, 1, 0, 3, 1, 0, 3, 1, 1, 3, 1]",34,17,17,58,30,28,2000 Dortmund,2.901612185326976,2.314814814814815
4,Bundesliga,2000,Ein Frankfurt,"[3, 0, 3, 0, 3, 1, 1, 0, 0, 3, 0, 3, 3, 0, 0, 0, 0, 0, 0, 3, 3, 1, 0, 0, 1, 1, 0, 0, 0, 0, 0, 3, 0, 3]",34,17,17,35,20,15,2000 Ein Frankfurt,6.733019412072339,3.3333333333333335
5,Bundesliga,2000,FC Koln,"[0, 3, 1, 1, 0, 0, 0, 3, 0, 3, 1, 3, 3, 3, 3, 0, 1, 1, 3, 0, 0, 0, 1, 3, 3, 1, 3, 1, 1, 0, 3, 0, 0, 1]",34,17,17,46,25,21,2000 FC Koln,4.694178406407567,2.7548209366391183
6,Bundesliga,2000,Freiburg,"[3, 1, 1, 1, 3, 0, 0, 0, 3, 0, 0, 0, 3, 1, 1, 3, 3, 1, 3, 3, 1, 3, 0, 0, 1, 1, 3, 1, 3, 3, 0, 3, 3, 3]",34,17,17,55,23,32,2000 Freiburg,1.0383206100686961,1.1098779134295227
7,Bundesliga,2000,Hamburg,"[1, 0, 3, 3, 0, 1, 3, 1, 3, 0, 3, 0, 0, 0, 0, 3, 0, 0, 0, 0, 3, 0, 3, 3, 1, 1, 1, 1, 1, 1, 3, 1, 0, 1]",34,17,17,41,21,20,2000 Hamburg,2.3810769979942017,1.8691588785046729
8,Bundesliga,2000,Hansa Rostock,"[0, 0, 0, 1, 3, 3, 3, 0, 3, 1, 0, 1, 0, 3, 0, 0, 3, 0, 0, 0, 1, 3, 3, 3, 0, 3, 0, 1, 1, 3, 0, 3, 1, 0]",34,17,17,43,21,22,2000 Hansa Rostock,1.7257451955474763,1.607717041800643
9,Bundesliga,2000,Hertha,"[0, 3, 3, 0, 3, 0, 3, 3, 3, 3, 3, 0, 0, 3, 1, 0, 0, 0, 3, 3, 0, 3, 0, 3, 3, 0, 3, 0, 3, 0, 3, 0, 1, 3]",34,17,17,56,28,28,2000 Hertha,2.0,1.7513134851138354
10,Bundesliga,2000,Kaiserslautern,"[0, 0, 3, 1, 3, 0, 1, 3, 3, 3, 3, 0, 0, 0, 3, 1, 3, 3, 1, 0, 3, 3, 0, 3, 3, 3, 0, 0, 3, 0, 0, 1, 0, 0]",34,17,17,50,27,23,2000 Kaiserslautern,4.6706812835138996,2.7777777777777777
11,Bundesliga,2000,Leverkusen,"[3, 0, 3, 1, 0, 3, 1, 1, 3, 1, 3, 3, 3, 3, 0, 3, 0, 0, 3, 3, 3, 0, 0, 0, 3, 3, 0, 3, 0, 1, 3, 0, 1, 3]",34,17,17,57,31,26,2000 Leverkusen,6.274909606634865,3.5211267605633805
12,Bundesliga,2000,Munich 1860,"[1, 3, 3, 1, 0, 3, 1, 0, 0, 0, 1, 1, 1, 0, 0, 3, 3, 3, 0, 3, 0, 1, 3, 3, 0, 0, 0, 0, 3, 3, 0, 3, 1, 0]",34,17,17,44,21,23,2000 Munich 1860,1.5258695793580288,1.5151515151515151
13,Bundesliga,2000,Schalke 04,"[3, 3, 3, 1, 1, 3, 0, 3, 0, 1, 0, 3, 3, 3, 0, 3, 3, 1, 3, 0, 3, 0, 1, 0, 1, 1, 3, 3, 3, 3, 1, 3, 0, 3]",34,17,17,62,33,29,2000 Schalke 04,4.793357466422961,3.0211480362537766
14,Bundesliga,2000,Stuttgart,"[0, 3, 0, 3, 0, 1, 1, 1, 1, 0, 3, 0, 1, 0, 0, 0, 3, 1, 0, 3, 0, 0, 1, 3, 1, 1, 0, 1, 3, 0, 3, 1, 3, 0]",34,17,17,38,17,21,2000 Stuttgart,1.2599892358929108,1.3717421124828533
15,Bundesliga,2000,Unterhaching,"[0, 1, 0, 1, 0, 3, 0, 0, 1, 3, 1, 1, 3, 3, 0, 0, 3, 1, 0, 0, 0, 3, 3, 0, 0, 1, 1, 1, 1, 0, 3, 1, 0, 0]",34,17,17,35,20,15,2000 Unterhaching,6.733019412072339,3.4364261168384878
16,Bundesliga,2000,Werder Bremen,"[3, 0, 0, 0, 1, 1, 3, 1, 0, 1, 0, 3, 1, 3, 3, 0, 0, 1, 3, 3, 1, 3, 3, 3, 0, 0, 3, 3, 3, 0, 0, 1, 3, 3]",34,17,17,53,20,33,2000 Werder Bremen,1.0050173007118886,1.0330578512396693
17,Bundesliga,2000,Wolfsburg,"[0, 3, 0, 3, 0, 1, 1, 3, 3, 1, 1, 1, 1, 0, 3, 3, 0, 3, 1, 0, 3, 1, 0, 0, 3, 1, 3, 1, 0, 3, 1, 0, 3, 0]",34,17,17,47,24,23,2000 Wolfsburg,2.3737653813593877,1.9607843137254901
18,Bundesliga,2001,Bayern Munich,"[0, 3, 1, 3, 3, 3, 3, 3, 3, 3, 3, 3, 0, 1, 0, 1, 0, 1, 0, 3, 0, 1, 3, 3, 3, 3, 1, 3, 1, 1, 3, 3, 3, 3]",34,17,17,68,33,35,2001 Bayern Munich,1.5087781530346305,1.550387596899225
19,Bundesliga,2001,Cottbus,"[3, 0, 3, 3, 1, 1, 0, 0, 0, 0, 0, 0, 1, 1, 0, 0, 1, 0, 3, 0, 3, 0, 3, 0, 3, 0, 3, 0, 3, 1, 1, 1, 0, 0]",34,17,17,35,14,21,2001 Cottbus,1.0777686834680695,1.1682242990654206
20,Bundesliga,2001,Dortmund,"[3, 3, 3, 3, 0, 0, 1, 3, 3, 0, 3, 3, 3, 3, 3, 3, 1, 1, 3, 1, 3, 1, 1, 0, 1, 3, 3, 3, 0, 3, 0, 3, 3, 3]",34,17,17,70,38,32,2001 Dortmund,9.978869786009891,4.385964912280702
21,Bundesliga,2001,FC Koln,"[1, 3, 0, 0, 3, 1, 0, 0, 0, 0, 0, 0, 0, 3, 0, 1, 1, 1, 0, 0, 0, 0, 1, 0, 1, 0, 3, 0, 1, 0, 3, 0, 3, 3]",34,17,17,29,13,16,2001 FC Koln,1.3424727970683326,1.4265335235378032
22,Bundesliga,2001,Freiburg,"[3, 0, 0, 1, 1, 0, 3, 0, 1, 3, 1, 3, 0, 0, 0, 1, 1, 0, 3, 1, 1, 0, 0, 0, 1, 0, 0, 0, 0, 0, 0, 3, 0, 3]",34,17,17,30,18,12,2001 Freiburg,10.401066307125772,4.273504273504273
23,Bundesliga,2001,Hamburg,"[0, 3, 1, 0, 0, 1, 0, 1, 3, 3, 0, 0, 1, 0, 3, 0, 1, 3, 0, 3, 1, 3, 0, 3, 3, 0, 1, 1, 1, 0, 1, 3, 0, 0]",34,17,17,40,17,23,2001 Hamburg,1.1259192055787017,1.221001221001221
24,Bundesliga,2001,Hansa Rostock,"[0, 3, 0, 0, 1, 1, 0, 1, 0, 3, 3, 0, 0, 1, 0, 3, 3, 0, 0, 3, 0, 3, 0, 1, 0, 3, 0, 1, 0, 3, 0, 0, 1, 0]",34,17,17,34,19,15,2001 Hansa Rostock,4.989843555378944,2.7624309392265194
25,Bundesliga,2001,Hertha,"[1, 0, 3, 0, 1, 3, 0, 3, 0, 3, 3, 3, 3, 1, 3, 1, 3, 1, 0, 1, 0, 3, 3, 3, 1, 3, 3, 3, 0, 3, 3, 0, 3, 0]",34,17,17,61,31,30,2001 Hertha,2.3810769979942004,1.976284584980237
26,Bundesliga,2001,Kaiserslautern,"[3, 3, 3, 3, 3, 3, 3, 0, 3, 0, 1, 0, 3, 0, 3, 3, 1, 0, 3, 3, 1, 0, 3, 0, 3, 0, 1, 0, 0, 1, 3, 0, 3, 0]",34,17,17,56,35,21,2001 Kaiserslautern,374.6002319831954,16.837851490149855
27,Bundesliga,2001,Leverkusen,"[3, 3, 1, 1, 3, 3, 1, 3, 3, 3, 3, 3, 3, 3, 0, 3, 0, 0, 3, 0, 0, 3, 1, 3, 1, 3, 3, 3, 3, 3, 1, 0, 0, 3]",34,17,17,69,39,30,2001 Leverkusen,35.211638037773255,7.042253521126761
28,Bundesliga,2001,MGladbach,"[3, 0, 1, 3, 0, 1, 1, 0, 0, 3, 1, 0, 1, 0, 1, 0, 1, 1, 0, 0, 3, 0, 3, 1, 3, 0, 3, 3, 3, 1, 0, 1, 1, 0]",34,17,17,39,16,23,2001 MGladbach,1.083304077052778,1.1668611435239207
29,Bundesliga,2001,Munich 1860,"[0, 0, 1, 3, 3, 0, 3, 1, 0, 0, 0, 3, 0, 3, 3, 3, 1, 3, 3, 0, 3, 0, 0, 3, 3, 0, 0, 0, 3, 0, 3, 1, 1, 3]",34,17,17,50,24,26,2001 Munich 1860,1.5290581956307034,1.5923566878980893
30,Bundesliga,2001,Nurnberg,"[0, 3, 0, 0, 0, 0, 3, 1, 0, 0, 0, 0, 3, 1, 0, 0, 1, 1, 0, 3, 3, 3, 0, 3, 0, 0, 0, 0, 3, 0, 0, 0, 3, 3]",34,17,17,34,12,22,2001 Nurnberg,1.018170214804351,1.095290251916758
31,Bundesliga,2001,Schalke 04,"[0, 1, 1, 3, 3, 3, 0, 3, 0, 3, 1, 3, 1, 0, 3, 1, 0, 3, 3, 3, 3, 3, 1, 3, 0, 3, 3, 3, 1, 3, 0, 3, 0, 0]",34,17,17,61,26,35,2001 Schalke 04,1.0358043028969164,1.1185682326621924
32,Bundesliga,2001,St Pauli,"[1, 1, 0, 0, 0, 0, 1, 0, 1, 3, 0, 0, 0, 0, 0, 0, 1, 1, 3, 0, 3, 0, 1, 1, 1, 3, 0, 0, 0, 1, 0, 0, 0, 0]",34,17,17,22,8,14,2001 St Pauli,1.0802749374004987,1.1299435028248588
33,Bundesliga,2001,Stuttgart,"[1, 0, 1, 3, 1, 3, 3, 0, 3, 0, 3, 0, 3, 1, 1, 0, 1, 1, 3, 3, 0, 0, 3, 1, 0, 0, 0, 3, 3, 3, 1, 1, 1, 3]",34,17,17,50,24,26,2001 Stuttgart,1.5290581956307034,1.5923566878980893
34,Bundesliga,2001,Werder Bremen,"[0, 3, 1, 0, 0, 1, 3, 3, 3, 0, 3, 3, 3, 3, 3, 3, 1, 3, 0, 0, 0, 3, 1, 0, 0, 3, 0, 0, 3, 1, 3, 3, 3, 0]",34,17,17,56,33,23,2001 Werder Bremen,42.91475289897488,7.042253521126761
35,Bundesliga,2001,Wolfsburg,"[0, 1, 0, 1, 1, 0, 0, 3, 3, 0, 0, 3, 0, 3, 3, 1, 3, 3, 0, 1, 1, 3, 0, 0, 0, 3, 1, 3, 0, 0, 3, 3, 0, 3]",34,17,17,46,22,24,2001 Wolfsburg,1.5274727757587974,1.5625
36,Bundesliga,2002,Bayern Munich,"[1, 3, 3, 3, 3, 3, 0, 3, 3, 1, 0, 3, 3, 3, 3, 3, 1, 3, 1, 3, 3, 3, 3, 1, 0, 0, 3, 3, 3, 3, 0]",31,16,15,68,38,30,2002 Bayern Munich,11.480292059828537,3.952569169960474
37,Bundesliga,2002,Bielefeld,"[3, 0, 3, 1, 0, 0, 3, 0, 1, 3, 0, 0, 0, 1, 3, 3, 1, 1, 1, 1, 0, 1, 3, 1, 0, 3, 1, 1, 0, 0, 0, 0]",32,16,16,35,21,14,2002 Bielefeld,14.522478185839992,5.405405405405405
38,Bundesliga,2002,Bochum,"[3, 3, 3, 1, 0, 1, 0, 0, 3, 3, 0, 3, 0, 1, 0, 1, 1, 3, 0, 3, 1, 0, 0, 0, 0, 1, 0, 3, 3, 1, 3, 1, 3]",33,17,16,45,23,22,2002 Bochum,1.8894000126659611,1.858736059479554
39,Bundesliga,2002,Cottbus,"[1, 0, 0, 3, 0, 0, 0, 0, 0, 1, 0, 0, 3, 1, 0, 1, 0, 3, 3, 1, 3, 0, 0, 0, 0, 0, 0, 1, 1, 1, 0, 3, 1]",33,17,16,27,10,17,2002 Cottbus,1.0403355063280313,1.0905125408942202
40,Bundesliga,2002,Dortmund,"[1, 1, 3, 1, 1, 3, 3, 3, 1, 3, 1, 0, 3, 0, 3, 3, 3, 0, 3, 1, 3, 0, 3, 1, 0, 1, 3, 1, 1, 3, 1, 1]",32,16,16,55,30,25,2002 Dortmund,6.617342166921011,3.5587188612099645
41,Bundesliga,2002,Hamburg,"[3, 0, 0, 0, 3, 0, 3, 0, 3, 0, 1, 3, 3, 1, 3, 1, 1, 1, 3, 0, 3, 1, 3, 0, 3, 1, 1, 3, 1, 3, 1, 3]",32,16,16,52,24,28,2002 Hamburg,1.2599129597138865,1.3089005235602094
42,Bundesliga,2002,Hannover,"[0, 0, 0, 0, 3, 1, 3, 0, 1, 1, 3, 3, 0, 0, 0, 0, 1, 1, 3, 3, 3, 3, 0, 3, 1, 0, 3, 0, 0, 3, 1, 3]",32,16,16,43,15,28,2002 Hannover,1.0038283498461904,1.02880658436214
43,Bundesliga,2002,Hansa Rostock,"[3, 3, 3, 0, 3, 0, 0, 1, 0, 0, 1, 0, 1, 1, 3, 0, 1, 0, 3, 1, 1, 0, 0, 3, 0, 3, 0, 0, 1, 3, 0, 3, 0]",33,17,16,38,20,18,2002 Hansa Rostock,2.3235777728554865,2.0833333333333335
44,Bundesliga,2002,Hertha,"[1, 1, 1, 0, 3, 3, 0, 3, 3, 1, 0, 3, 3, 0, 0, 1, 0, 3, 0, 3, 1, 0, 3, 3, 3, 0, 3, 3, 3, 0, 0, 0, 3]",33,17,16,51,23,28,2002 Hertha,1.103675877681028,1.2165450121654502
45,Bundesliga,2002,Kaiserslautern,"[1, 0, 0, 1, 0, 1, 0, 3, 0, 1, 0, 0, 0, 0, 3, 0, 3, 0, 1, 3, 3, 1, 3, 3, 3, 1, 3, 0, 3, 0, 1, 1, 0]",33,17,16,39,13,26,2002 Kaiserslautern,1.0017624060409616,1.017293997965412
46,Bundesliga,2002,Leverkusen,"[1, 1, 0, 3, 0, 0, 3, 0, 3, 1, 0, 3, 1, 1, 0, 3, 0, 0, 0, 0, 3, 0, 1, 0, 3, 0, 0, 1, 3, 0, 3, 3]",32,16,16,37,20,17,2002 Leverkusen,3.7787624812839113,2.493765586034913
47,Bundesliga,2002,MGladbach,"[1, 0, 3, 3, 1, 0, 0, 3, 0, 0, 0, 3, 1, 1, 0, 3, 0, 0, 0, 0, 1, 3, 0, 3, 0, 3, 1, 1, 1, 3, 1, 3]",32,16,16,39,19,20,2002 MGladbach,1.717294707602567,1.6313213703099512
48,Bundesliga,2002,Munich 1860,"[0, 3, 3, 0, 1, 1, 3, 0, 3, 3, 3, 0, 0, 1, 3, 0, 1, 3, 0, 1, 1, 0, 0, 1, 3, 0, 1, 1, 3, 3, 0, 0]",32,16,16,42,24,18,2002 Munich 1860,9.214725355201908,4.132231404958677
49,Bundesliga,2002,Nurnberg,"[0, 0, 3, 0, 0, 3, 3, 0, 0, 1, 3, 3, 0, 1, 0, 1, 3, 0, 0, 0, 1, 0, 0, 3, 1, 0, 1, 0, 0, 0, 0, 0]",32,16,16,27,18,9,2002 Nurnberg,48.72001965303338,8.19672131147541
50,Bundesliga,2002,Schalke 04,"[3, 3, 1, 1, 1, 3, 0, 3, 0, 1, 3, 0, 3, 1, 3, 1, 1, 3, 1, 0, 1, 1, 1, 0, 1, 1, 3, 3, 0, 0, 0, 0, 3]",33,17,16,46,28,18,2002 Schalke 04,24.17293684532514,7.142857142857143
51,Bundesliga,2002,Stuttgart,"[1, 1, 0, 1, 1, 3, 0, 3, 3, 1, 3, 3, 1, 3, 0, 0, 3, 3, 3, 3, 3, 1, 3, 0, 3, 3, 0, 1, 3, 0, 0, 3]",32,16,16,56,24,32,2002 Stuttgart,1.0513533321374784,1.1363636363636365
52,Bundesliga,2002,Werder Bremen,"[0, 3, 0, 3, 3, 3, 3, 1, 1, 0, 3, 0, 3, 3, 3, 1, 3, 1, 0, 0, 0, 3, 0, 0, 3, 3, 0, 0, 3, 3, 3, 0]",32,16,16,52,30,22,2002 Werder Bremen,19.74777809348758,5.05050505050505
53,Bundesliga,2002,Wolfsburg,"[0, 3, 0, 3, 1, 0, 3, 3, 0, 3, 0, 3, 0, 3, 0, 1, 0, 0, 1, 1, 3, 1, 3, 0, 3, 3, 0, 1, 1, 3, 0]",31,16,15,43,23,20,2002 Wolfsburg,2.71314349582729,2.1231422505307855
54,Bundesliga,2003,Bayern Munich,"[3, 1, 3, 3, 1, 3, 0, 1, 3, 3, 1, 3, 0, 3, 1, 1, 3, 3, 3, 0, 3]",21,11,10,42,22,20,2003 Bayern Munich,2.0,1.86219739292365
55,Bundesliga,2003,Bochum,"[0, 1, 1, 3, 3, 3, 0, 0, 3, 1, 3, 1, 3, 1, 3, 1, 0, 0, 3, 3, 1]",21,11,10,34,18,16,2003 Bochum,2.1663786545957593,1.8115942028985508
56,Bundesliga,2003,Dortmund,"[1, 3, 0, 3, 3, 3, 0, 0, 1, 0, 3, 0, 0, 1, 3, 1, 3, 3, 3, 0, 3]",21,11,10,34,17,17,2003 Dortmund,1.517465964447071,1.5037593984962405
57,Bundesliga,2003,Ein Frankfurt,"[0, 0, 1, 0, 0, 3, 1, 0, 0, 1, 3, 1, 3, 0, 3, 0, 0, 0, 0, 0, 3]",21,11,10,19,9,10,2003 Ein Frankfurt,1.4292244639474831,1.4947683109118086
58,Bundesliga,2003,FC Koln,"[0, 0, 0, 0, 1, 3, 0, 0, 1, 1, 3, 3, 0, 0, 0, 0, 0, 1, 0, 3, 0, 0, 0]",23,12,11,16,12,4,2003 FC Koln,54.02466147458757,9.00900900900901
59,Bundesliga,2003,Freiburg,"[0, 1, 3, 0, 3, 0, 0, 0, 3, 0, 0, 3, 0, 0, 3, 0, 1, 1, 3, 1, 0, 0, 0]",23,12,11,22,13,9,2003 Freiburg,4.637003433988573,2.710027100271003
60,Bundesliga,2003,Hamburg,"[0, 1, 3, 1, 3, 0, 1, 1, 3, 3, 0, 1, 3, 0, 3, 0, 3, 0, 0, 3, 3]",21,11,10,32,16,16,2003 Hamburg,1.5392265575008786,1.5479876160990713
61,Bundesliga,2003,Hannover,"[3, 1, 3, 0, 0, 0, 1, 3, 1, 0, 1, 3, 0, 0, 0, 0, 1, 1, 3, 3, 1, 0]",22,11,11,25,13,12,2003 Hannover,2.5009788050270045,1.968503937007874
62,Bundesliga,2003,Hansa Rostock,"[0, 1, 0, 0, 0, 0, 0, 1, 3, 1, 0, 0, 3, 1, 3, 1, 0, 3, 1, 0, 0, 3, 0]",23,12,11,21,6,15,2003 Hansa Rostock,1.0047375282276827,1.0330578512396693
63,Bundesliga,2003,Hertha,"[0, 1, 0, 0, 3, 1, 0, 0, 3, 3, 3, 1, 0, 1, 0, 1, 3, 1, 3]",19,10,9,24,11,13,2003 Hertha,1.2350930396447604,1.2706480304955527
64,Bundesliga,2003,Kaiserslautern,"[0, 3, 3, 3, 0, 3, 0, 0, 0, 1, 0, 3, 0, 3, 3, 1, 0, 0, 0, 3, 0]",21,11,10,26,13,13,2003 Kaiserslautern,1.6014012271267148,1.5408320493066257
65,Bundesliga,2003,Leverkusen,"[3, 3, 3, 3, 3, 1, 0, 3, 0, 0, 0, 0, 3, 3, 3, 1, 3, 3, 3, 3]",20,10,10,41,19,22,2003 Leverkusen,1.253980831100982,1.267427122940431
66,Bundesliga,2003,MGladbach,"[3, 0, 1, 0, 1, 0, 1, 0, 3, 3, 0, 0, 0, 3, 0, 3, 0, 1, 3, 1, 0, 3]",22,11,11,26,12,14,2003 MGladbach,1.4433969801560946,1.402524544179523
67,Bundesliga,2003,Munich 1860,"[3, 1, 0, 0, 0, 3, 1, 3, 0, 1, 0, 3, 1, 3, 0, 0, 1, 3, 0, 0, 0, 0, 0]",23,12,11,23,15,8,2003 Munich 1860,15.98714608295594,4.464285714285714
68,Bundesliga,2003,Schalke 04,"[1, 1, 0, 1, 3, 0, 1, 3, 3, 3, 1, 3, 1, 3, 1, 3, 0, 1, 3, 3, 0, 0, 0, 1]",24,12,12,36,20,16,2003 Schalke 04,5.784048174474526,3.0211480362537766
69,Bundesliga,2003,Stuttgart,"[3, 3, 3, 1, 3, 3, 3, 1, 0, 0, 3, 0, 1, 3, 3, 1, 1, 3, 3, 3, 3, 0]",22,11,11,44,23,21,2003 Stuttgart,3.324975815763533,2.293577981651376
70,Bundesliga,2003,Werder Bremen,"[3, 3, 3, 3, 0, 3, 1, 3, 3, 3, 3, 3, 3, 3, 3, 1, 1, 3, 1, 1]",20,10,10,47,25,22,2003 Werder Bremen,5.760969288587417,3.257328990228013
71,Bundesliga,2003,Wolfsburg,"[3, 0, 3, 0, 0, 3, 0, 3, 3, 1, 0, 0, 3, 0, 0, 0, 0, 0, 3, 3, 1]",21,11,10,26,16,10,2003 Wolfsburg,8.990035669380951,3.401360544217687
72,Bundesliga,2004,Bayern Munich,"[3, 1, 0, 3, 1, 3, 3, 0, 3, 3, 0, 3, 3, 3, 3, 1, 1, 3, 1, 3, 0, 3, 3, 3, 0, 3, 3, 3, 3, 3, 3, 3, 3, 3]",34,17,17,77,34,43,2004 Bayern Munich,1.0195203826286456,1.075268817204301
73,Bundesliga,2004,Bielefeld,"[1, 0, 0, 1, 3, 3, 0, 3, 3, 0, 0, 3, 3, 3, 0, 1, 0, 0, 0, 1, 3, 1, 3, 0, 0, 0, 3, 0, 1, 3, 0, 0, 1, 0]",34,17,17,40,24,16,2004 Bielefeld,19.09988042945306,5.2631578947368425
74,Bundesliga,2004,Bochum,"[1, 1, 3, 1, 1, 0, 0, 0, 0, 3, 0, 1, 0, 0, 3, 0, 0, 1, 0, 1, 0, 3, 0, 0, 0, 3, 1, 3, 3, 0, 0, 0, 3, 3]",34,17,17,35,14,21,2004 Bochum,1.0777686834680695,1.1778563015312131
75,Bundesliga,2004,Dortmund,"[0, 3, 1, 1, 1, 1, 1, 0, 0, 3, 3, 0, 0, 3, 0, 0, 1, 3, 1, 3, 3, 0, 3, 1, 0, 3, 3, 3, 1, 3, 1, 3, 3, 3]",34,17,17,55,18,37,2004 Dortmund,1.000080271604719,1.0060362173038229
76,Bundesliga,2004,Freiburg,"[1, 3, 1, 1, 1, 0, 0, 0, 3, 0, 0, 0, 0, 0, 0, 0, 1, 1, 3, 0, 1, 0, 0, 0, 0, 0, 1, 0, 0, 0, 1, 0, 0, 0]",34,17,17,18,11,7,2004 Freiburg,6.6925526687404435,3.4722222222222223
77,Bundesliga,2004,Hamburg,"[0, 0, 3, 0, 0, 3, 0, 0, 3, 3, 1, 0, 3, 3, 3, 0, 3, 0, 3, 3, 3, 3, 0, 3, 3, 0, 1, 0, 3, 3, 0, 1, 0, 0]",34,17,17,51,25,26,2004 Hamburg,1.7286413044601803,1.697792869269949
78,Bundesliga,2004,Hannover,"[0, 1, 1, 0, 3, 0, 3, 3, 3, 3, 3, 0, 3, 1, 1, 3, 0, 0, 3, 0, 1, 0, 0, 0, 0, 3, 3, 0, 0, 0, 3, 0, 3, 1]",34,17,17,45,28,17,2004 Hannover,70.75334790081067,9.25925925925926
79,Bundesliga,2004,Hansa Rostock,"[1, 0, 3, 0, 0, 1, 0, 3, 0, 0, 0, 0, 0, 1, 0, 1, 1, 1, 0, 1, 0, 0, 1, 3, 3, 0, 3, 0, 3, 0, 3, 0, 1, 0]",34,17,17,30,11,19,2004 Hansa Rostock,1.0428240129633939,1.091703056768559
80,Bundesliga,2004,Hertha,"[1, 1, 1, 1, 1, 0, 3, 3, 0, 0, 3, 1, 3, 1, 3, 3, 3, 1, 1, 3, 3, 0, 3, 1, 1, 3, 0, 3, 3, 3, 0, 3, 1, 1]",34,17,17,58,28,30,2004 Hertha,1.5258695793580295,1.5313935681470139
81,Bundesliga,2004,Kaiserslautern,"[0, 0, 0, 3, 3, 0, 0, 0, 1, 0, 3, 1, 3, 0, 3, 3, 1, 3, 3, 1, 3, 0, 1, 1, 3, 0, 0, 3, 0, 0, 0, 3, 0, 0]",34,17,17,42,21,21,2004 Kaiserslautern,2.0,1.845018450184502
82,Bundesliga,2004,Leverkusen,"[3, 1, 3, 0, 1, 0, 3, 0, 1, 3, 0, 3, 1, 0, 3, 3, 1, 3, 3, 0, 3, 3, 1, 0, 1, 3, 0, 0, 3, 3, 1, 3, 1, 3]",34,17,17,57,26,31,2004 Leverkusen,1.1895767083367996,1.3404825737265416
83,Bundesliga,2004,MGladbach,"[1, 0, 1, 3, 0, 1, 0, 3, 0, 0, 3, 1, 3, 0, 0, 0, 1, 3, 1, 3, 0, 0, 1, 3, 0, 0, 1, 0, 1, 1, 3, 1, 1, 0]",34,17,17,36,17,19,2004 MGladbach,1.5135350027868082,1.466275659824047
84,Bundesliga,2004,Mainz,"[0, 3, 1, 3, 1, 1, 3, 3, 0, 3, 0, 1, 0, 3, 0, 0, 0, 0, 0, 0, 0, 1, 0, 3, 1, 3, 0, 0, 1, 3, 3, 0, 3, 3]",34,17,17,43,22,21,2004 Mainz,2.3778940682420027,1.9011406844106464
85,Bundesliga,2004,Nurnberg,"[3, 1, 0, 1, 1, 0, 1, 3, 0, 0, 3, 3, 0, 1, 0, 1, 3, 0, 3, 0, 0, 0, 0, 1, 3, 0, 0, 3, 3, 1, 0, 3, 0, 0]",34,17,17,38,21,17,2004 Nurnberg,4.846313085099793,3.0395136778115504
86,Bundesliga,2004,Schalke 04,"[0, 3, 0, 0, 3, 0, 3, 3, 3, 3, 3, 3, 0, 3, 3, 3, 1, 3, 0, 1, 3, 3, 3, 3, 3, 0, 3, 0, 0, 0, 1, 3, 0, 3]",34,17,17,63,34,29,2004 Schalke 04,6.486729317983097,2.9585798816568047
87,Bundesliga,2004,Stuttgart,"[3, 1, 3, 3, 1, 3, 3, 3, 0, 0, 0, 3, 0, 3, 1, 3, 1, 3, 0, 1, 0, 3, 1, 3, 3, 3, 3, 3, 0, 1, 0, 3, 0, 0]",34,17,17,58,31,27,2004 Stuttgart,4.718177586847565,2.8901734104046244
88,Bundesliga,2004,Werder Bremen,"[3, 3, 0, 0, 3, 3, 0, 0, 3, 3, 1, 1, 1, 0, 3, 3, 1, 0, 3, 3, 3, 3, 3, 0, 1, 3, 0, 3, 0, 0, 3, 0, 3, 3]",34,17,17,59,28,31,2004 Werder Bremen,1.3769206922308832,1.4771048744460857
89,Bundesliga,2004,Wolfsburg,"[3, 0, 3, 3, 3, 3, 3, 0, 3, 0, 3, 0, 3, 0, 0, 0, 3, 0, 0, 0, 0, 3, 1, 0, 3, 0, 0, 3, 0, 1, 3, 0, 1, 3]",34,17,17,48,30,18,2004 Wolfsburg,115.6719226882037,9.523809523809524
90,Bundesliga,2005,Bayern Munich,"[3, 3, 3, 3, 3, 3, 0, 3, 1, 3, 3, 3, 3, 3, 1, 3, 3, 3, 3, 1, 3, 1, 3, 0, 1, 3, 3, 1, 0, 3, 1, 3, 1, 1]",34,17,17,75,44,31,2005 Bayern Munich,567.058642148221,32.57328990228013
91,Bundesliga,2005,Bielefeld,"[0, 0, 3, 1, 1, 0, 0, 1, 3, 3, 3, 0, 0, 1, 0, 1, 3, 0, 0, 1, 3, 0, 3, 0, 3, 0, 1, 3, 3, 0, 0, 0, 0, 0]",34,17,17,37,20,17,2005 Bielefeld,3.726530252137671,2.6246719160104988
92,Bundesliga,2005,Dortmund,"[1, 0, 1, 3, 0, 3, 1, 1, 1, 1, 3, 0, 3, 3, 0, 0, 0, 3, 1, 3, 1, 0, 0, 1, 1, 3, 3, 0, 0, 1, 3, 3, 1, 1]",34,17,17,46,21,25,2005 Dortmund,1.2706961846416231,1.2690355329949239
93,Bundesliga,2005,Duisburg,"[1, 0, 1, 0, 0, 0, 3, 1, 0, 0, 3, 0, 0, 0, 1, 1, 1, 3, 1, 0, 1, 0, 3, 0, 1, 0, 0, 1, 1, 0, 0, 0, 3, 1]",34,17,17,27,12,15,2005 Duisburg,1.3340058887392865,1.3869625520110958
94,Bundesliga,2005,Ein Frankfurt,"[0, 0, 3, 0, 1, 0, 0, 0, 3, 3, 0, 3, 1, 1, 3, 3, 0, 0, 1, 3, 0, 0, 0, 1, 0, 3, 1, 0, 0, 1, 3, 1, 1, 0]",34,17,17,36,21,15,2005 Ein Frankfurt,9.354198766690498,4.132231404958677
95,Bundesliga,2005,FC Koln,"[3, 3, 0, 0, 3, 0, 0, 0, 0, 0, 0, 1, 1, 0, 1, 0, 0, 0, 1, 1, 1, 0, 0, 3, 0, 0, 1, 1, 3, 1, 3, 0, 0, 3]",34,17,17,30,12,18,2005 FC Koln,1.1063709123338514,1.1737089201877935
96,Bundesliga,2005,Hamburg,"[3, 3, 1, 3, 1, 3, 3, 3, 0, 1, 3, 1, 3, 3, 3, 3, 1, 0, 3, 0, 3, 3, 0, 3, 3, 3, 0, 3, 3, 3, 0, 3, 0, 0]",34,17,17,68,38,30,2005 Hamburg,21.53039306718621,5.58659217877095
97,Bundesliga,2005,Hannover,"[1, 1, 1, 3, 0, 0, 0, 1, 3, 1, 0, 1, 1, 3, 3, 1, 1, 1, 1, 3, 3, 1, 0, 0, 1, 3, 0, 0, 1, 1, 0, 0, 1, 1]",34,17,17,38,21,17,2005 Hannover,4.846313085099793,2.9585798816568047
98,Bundesliga,2005,Hertha,"[1, 3, 0, 3, 1, 3, 3, 0, 0, 3, 1, 3, 0, 1, 3, 0, 1, 1, 1, 1, 1, 0, 0, 0, 3, 3, 1, 3, 3, 1, 1, 0, 3, 0]",34,17,17,48,26,22,2005 Hertha,4.678458870403016,3.1746031746031744
99,Bundesliga,2005,Kaiserslautern,"[0, 3, 3, 0, 1, 0, 0, 0, 1, 0, 1, 0, 0, 0, 0, 0, 3, 0, 1, 1, 3, 3, 3, 1, 0, 0, 3, 0, 0, 0, 3, 1, 1, 1]",34,17,17,33,12,21,2005 Kaiserslautern,1.0292298193642728,1.092896174863388
100,Bundesliga,2005,Leverkusen,"[3, 0, 0, 1, 3, 3, 0, 1, 0, 1, 1, 3, 1, 0, 0, 1, 1, 3, 0, 3, 0, 3, 3, 1, 0, 0, 3, 3, 3, 3, 3, 3, 1, 1]",34,17,17,52,19,33,2005 Leverkusen,1.0027853013356172,1.019367991845056
101,Bundesliga,2005,MGladbach,"[0, 1, 1, 3, 0, 3, 3, 3, 1, 3, 0, 1, 1, 1, 0, 1, 3, 0, 0, 1, 1, 3, 0, 3, 0, 1, 0, 3, 0, 0, 1, 0, 1, 3]",34,17,17,42,25,17,2005 MGladbach,18.603265127790788,6.289308176100629
102,Bundesliga,2005,Mainz,"[0, 0, 0, 0, 0, 3, 1, 0, 3, 0, 3, 1, 1, 0, 3, 0, 1, 3, 0, 1, 0, 0, 0, 1, 3, 3, 1, 0, 1, 1, 1, 3, 3, 1]",34,17,17,38,16,22,2005 Mainz,1.1230649932170615,1.1976047904191616
103,Bundesliga,2005,Nurnberg,"[0, 1, 0, 0, 1, 1, 0, 3, 0, 0, 0, 0, 3, 0, 3, 1, 1, 3, 1, 0, 0, 3, 0, 3, 3, 3, 1, 3, 0, 3, 0, 3, 1, 3]",34,17,17,44,14,30,2005 Nurnberg,1.0006906105972329,1.0131712259371835
104,Bundesliga,2005,Schalke 04,"[3, 3, 1, 1, 1, 1, 3, 3, 1, 1, 0, 3, 1, 3, 3, 3, 0, 3, 1, 1, 3, 3, 3, 3, 3, 0, 1, 0, 1, 1, 1, 3, 0, 3]",34,17,17,61,31,30,2005 Schalke 04,2.3810769979942004,1.9920318725099602
105,Bundesliga,2005,Stuttgart,"[1, 0, 1, 1, 3, 0, 3, 1, 1, 1, 1, 3, 1, 1, 1, 3, 3, 0, 1, 1, 0, 3, 3, 1, 1, 1, 0, 0, 3, 1, 0, 0, 3, 0]",34,17,17,43,25,18,2005 Stuttgart,12.465466000078017,5.405405405405405
106,Bundesliga,2005,Werder Bremen,"[3, 3, 1, 3, 3, 0, 3, 3, 3, 1, 3, 0, 3, 0, 3, 3, 1, 3, 3, 1, 0, 3, 3, 1, 0, 0, 3, 3, 3, 1, 1, 3, 3, 3]",34,17,17,70,36,34,2005 Werder Bremen,2.9871338147672923,2.262443438914027
107,Bundesliga,2005,Wolfsburg,"[1, 1, 3, 0, 1, 3, 3, 0, 3, 1, 0, 1, 0, 1, 0, 0, 0, 0, 3, 0, 1, 0, 3, 1, 1, 0, 1, 1, 0, 1, 3, 0, 0, 1]",34,17,17,34,18,16,2005 Wolfsburg,2.965493199807137,2.3640661938534278
108,Bundesliga,2006,Aachen,"[0, 0, 3, 3, 0, 3, 3, 0, 0, 0, 1, 1, 1, 0, 0, 3, 1, 0, 0, 0, 1, 3, 1, 3, 3, 3, 0, 0, 0, 0, 0, 0, 1, 0]",34,17,17,34,19,15,2006 Aachen,4.989843555378944,2.8901734104046244
109,Bundesliga,2006,Bayern Munich,"[3, 3, 1, 0, 3, 0, 3, 0, 3, 1, 0, 3, 3, 3, 1, 3, 3, 0, 1, 0, 3, 0, 3, 3, 1, 0, 3, 3, 3, 0, 0, 1, 3, 3]",34,17,17,60,33,27,2006 Bayern Munich,8.795644513850283,3.278688524590164
110,Bundesliga,2006,Bielefeld,"[1, 0, 0, 3, 0, 3, 1, 3, 3, 1, 1, 3, 1, 0, 1, 1, 0, 1, 0, 0, 0, 0, 0, 3, 0, 0, 3, 1, 0, 3, 3, 3, 3, 0]",34,17,17,42,22,20,2006 Bielefeld,2.909476570773736,2.1739130434782608
111,Bundesliga,2006,Bochum,"[0, 0, 0, 1, 3, 0, 0, 1, 0, 3, 0, 1, 3, 0, 3, 0, 3, 0, 1, 1, 0, 3, 1, 0, 3, 0, 3, 3, 0, 3, 3, 3, 0, 3]",34,17,17,45,18,27,2006 Bochum,1.0377194778694767,1.1235955056179776
112,Bundesliga,2006,Cottbus,"[0, 1, 3, 3, 1, 0, 0, 3, 3, 1, 0, 1, 0, 0, 0, 0, 1, 3, 1, 1, 0, 0, 3, 3, 0, 3, 1, 3, 3, 0, 3, 0, 0, 0]",34,17,17,41,17,24,2006 Cottbus,1.0854612300231008,1.17096018735363
113,Bundesliga,2006,Dortmund,"[0, 1, 3, 3, 0, 1, 3, 1, 1, 1, 1, 3, 0, 1, 3, 0, 0, 3, 0, 0, 0, 3, 0, 0, 0, 1, 0, 3, 0, 3, 3, 3, 3, 0]",34,17,17,44,22,22,2006 Dortmund,2.0,1.7543859649122806
114,Bundesliga,2006,Ein Frankfurt,"[1, 1, 1, 3, 1, 1, 1, 1, 0, 3, 3, 0, 0, 1, 3, 0, 0, 0, 1, 1, 1, 0, 0, 3, 1, 3, 1, 0, 3, 0, 0, 3, 3, 0]",34,17,17,40,20,20,2006 Ein Frankfurt,2.0,1.7361111111111112
115,Bundesliga,2006,Hamburg,"[1, 1, 1, 0, 1, 1, 0, 3, 1, 0, 0, 1, 1, 0, 0, 1, 1, 1, 1, 0, 3, 3, 3, 3, 1, 1, 3, 0, 3, 1, 3, 0, 3, 3]",34,17,17,45,13,32,2006 Hamburg,1.0000756719723933,1.001001001001001
116,Bundesliga,2006,Hannover,"[0, 0, 0, 3, 1, 1, 1, 0, 1, 0, 3, 0, 3, 3, 3, 1, 0, 0, 3, 3, 1, 3, 3, 0, 1, 1, 0, 0, 0, 3, 3, 3, 0, 0]",34,17,17,44,20,24,2006 Hannover,1.2689489613237765,1.36986301369863
117,Bundesliga,2006,Hertha,"[1, 3, 1, 3, 1, 1, 0, 3, 0, 3, 1, 1, 3, 3, 0, 0, 3, 3, 0, 3, 0, 0, 1, 0, 0, 0, 0, 1, 3, 0, 3, 0, 0, 3]",34,17,17,44,27,17,2006 Hertha,43.87410814762844,8.264462809917354
118,Bundesliga,2006,Leverkusen,"[3, 0, 1, 0, 1, 3, 0, 0, 3, 1, 3, 0, 0, 3, 1, 3, 3, 3, 0, 0, 1, 0, 3, 3, 1, 3, 3, 0, 0, 3, 0, 0, 3, 3]",34,17,17,51,25,26,2006 Leverkusen,1.7286413044601803,1.6528925619834711
119,Bundesliga,2006,MGladbach,"[3, 0, 3, 0, 3, 0, 3, 0, 0, 0, 0, 1, 0, 0, 1, 1, 0, 0, 1, 3, 1, 0, 1, 0, 3, 0, 1, 0, 0, 0, 0, 1, 0, 0]",34,17,17,26,15,11,2006 MGladbach,5.5027051722642,3.194888178913738
120,Bundesliga,2006,Mainz,"[3, 1, 1, 0, 1, 1, 0, 0, 0, 1, 0, 0, 1, 0, 1, 1, 0, 3, 3, 1, 3, 3, 3, 0, 3, 0, 0, 0, 0, 1, 0, 0, 3, 0]",34,17,17,34,11,23,2006 Mainz,1.0058938770459167,1.0298661174047374
121,Bundesliga,2006,Nurnberg,"[3, 3, 1, 1, 1, 1, 1, 1, 1, 0, 0, 1, 3, 1, 1, 1, 3, 3, 1, 3, 3, 3, 0, 0, 1, 1, 3, 0, 3, 0, 1, 0, 0, 3]",34,17,17,48,23,25,2006 Nurnberg,1.5285316764159818,1.4749262536873156
122,Bundesliga,2006,Schalke 04,"[1, 3, 3, 0, 3, 0, 3, 3, 0, 1, 3, 3, 3, 3, 1, 3, 3, 3, 3, 3, 3, 1, 0, 0, 1, 3, 0, 3, 3, 3, 0, 3, 0, 3]",34,17,17,68,36,32,2006 Schalke 04,4.989843555378949,2.9154518950437316
123,Bundesliga,2006,Stuttgart,"[0, 3, 0, 3, 1, 1, 3, 1, 3, 3, 3, 3, 0, 3, 1, 3, 1, 0, 3, 3, 3, 3, 1, 0, 1, 0, 3, 3, 3, 3, 3, 3, 3, 3]",34,17,17,70,32,38,2006 Stuttgart,1.1113725918553932,1.1890606420927468
124,Bundesliga,2006,Werder Bremen,"[3, 3, 0, 0, 1, 3, 3, 3, 3, 1, 3, 0, 1, 3, 3, 3, 3, 3, 3, 0, 0, 0, 1, 3, 1, 3, 1, 3, 3, 3, 0, 3, 0, 3]",34,17,17,66,36,30,2006 Werder Bremen,9.354198766690507,3.7735849056603774
125,Bundesliga,2006,Wolfsburg,"[1, 1, 1, 0, 0, 3, 0, 1, 3, 3, 3, 1, 1, 1, 0, 0, 0, 0, 1, 3, 1, 1, 0, 3, 1, 3, 0, 3, 0, 0, 1, 0, 1, 0]",34,17,17,37,19,18,2006 Wolfsburg,2.389951404096919,2.0408163265306123
126,Bundesliga,2007,Bayern Munich,"[3, 3, 3, 1, 1, 3, 3, 3, 3, 3, 1, 1, 0, 3, 3, 1, 1, 3, 1, 3, 1, 3, 3, 0, 3, 1, 3, 3, 3, 3, 1, 3, 3, 3]",34,17,17,76,36,40,2007 Bayern Munich,1.2220887137269856,1.2987012987012987
127,Bundesliga,2007,Bielefeld,"[3, 1, 3, 0, 3, 0, 0, 0, 0, 1, 1, 0, 3, 0, 0, 0, 3, 0, 0, 0, 0, 1, 0, 1, 1, 1, 3, 0, 3, 1, 3, 0, 1, 1]",34,17,17,34,18,16,2007 Bielefeld,2.965493199807137,2.232142857142857
128,Bundesliga,2007,Bochum,"[1, 3, 3, 0, 0, 1, 0, 1, 0, 0, 0, 3, 3, 3, 0, 1, 0, 3, 1, 0, 3, 3, 1, 1, 1, 1, 0, 1, 3, 1, 0, 0, 3, 0]",34,17,17,41,19,22,2007 Bochum,1.3742067647189347,1.4705882352941178
129,Bundesliga,2007,Cottbus,"[1, 0, 0, 1, 0, 0, 0, 1, 1, 0, 1, 3, 0, 0, 3, 1, 3, 0, 1, 0, 1, 0, 0, 3, 0, 3, 3, 3, 0, 3, 0, 1, 3, 0]",34,17,17,36,15,21,2007 Cottbus,1.1197002881936633,1.2019230769230769
130,Bundesliga,2007,Dortmund,"[0, 0, 3, 3, 3, 0, 0, 0, 3, 1, 1, 0, 1, 0, 3, 3, 0, 1, 0, 3, 3, 0, 1, 0, 1, 1, 3, 0, 0, 1, 1, 3, 1, 0]",34,17,17,40,21,19,2007 Dortmund,2.919570751633015,2.2123893805309733
131,Bundesliga,2007,Duisburg,"[3, 0, 0, 3, 0, 0, 0, 0, 0, 3, 0, 0, 0, 0, 3, 1, 0, 1, 0, 0, 3, 0, 1, 0, 1, 3, 0, 3, 0, 1, 3, 0, 0, 0]",34,17,17,29,13,16,2007 Duisburg,1.3424727970683326,1.485884101040119
132,Bundesliga,2007,Ein Frankfurt,"[3, 1, 3, 0, 3, 1, 0, 1, 3, 0, 1, 1, 1, 0, 1, 1, 3, 3, 3, 0, 3, 0, 1, 3, 3, 3, 0, 0, 0, 1, 0, 0, 0, 3]",34,17,17,46,23,23,2007 Ein Frankfurt,2.0,1.8796992481203008
133,Bundesliga,2007,Hamburg,"[3, 3, 0, 1, 0, 3, 3, 1, 3, 3, 3, 3, 1, 3, 0, 1, 1, 1, 1, 3, 1, 3, 1, 3, 1, 1, 0, 0, 1, 0, 3, 0, 0, 3]",34,17,17,54,32,22,2007 Hamburg,42.29587594492864,8.064516129032258
134,Bundesliga,2007,Hannover,"[0, 3, 0, 3, 1, 0, 3, 3, 3, 1, 1, 3, 0, 0, 3, 3, 0, 1, 1, 0, 0, 3, 0, 1, 1, 1, 0, 3, 3, 1, 1, 3, 0, 3]",34,17,17,49,27,22,2007 Hannover,6.216399666293435,3.0864197530864197
135,Bundesliga,2007,Hansa Rostock,"[0, 0, 0, 0, 0, 3, 3, 3, 0, 1, 1, 0, 3, 0, 0, 0, 3, 0, 1, 3, 0, 1, 1, 1, 0, 0, 0, 3, 0, 0, 0, 0, 0, 3]",34,17,17,30,17,13,2007 Hansa Rostock,5.198545595005539,2.865329512893983
136,Bundesliga,2007,Hertha,"[0, 3, 0, 3, 3, 3, 0, 0, 1, 0, 3, 0, 3, 0, 0, 0, 1, 0, 3, 3, 1, 3, 1, 1, 0, 0, 0, 1, 1, 1, 3, 3, 3, 0]",34,17,17,44,20,24,2007 Hertha,1.2689489613237765,1.3297872340425532
137,Bundesliga,2007,Karlsruhe,"[3, 0, 0, 3, 3, 0, 3, 3, 3, 1, 1, 3, 0, 3, 0, 1, 1, 3, 1, 1, 0, 3, 0, 0, 1, 1, 0, 0, 3, 1, 0, 1, 0, 0]",34,17,17,43,28,15,2007 Karlsruhe,218.74181521477664,18.49112426035503
138,Bundesliga,2007,Leverkusen,"[1, 0, 3, 1, 3, 3, 3, 0, 0, 1, 0, 3, 3, 3, 3, 3, 0, 3, 1, 1, 3, 0, 3, 3, 0, 0, 0, 3, 0, 1, 0, 0, 3, 0]",34,17,17,51,30,21,2007 Leverkusen,26.771635281548,6.4935064935064934
139,Bundesliga,2007,Nurnberg,"[0, 3, 0, 1, 1, 0, 0, 1, 0, 3, 0, 0, 0, 3, 0, 3, 0, 0, 1, 0, 1, 0, 1, 0, 1, 1, 3, 0, 3, 1, 1, 3, 0, 0]",34,17,17,31,15,16,2007 Nurnberg,1.708750755995502,1.6666666666666667
140,Bundesliga,2007,Schalke 04,"[1, 3, 1, 1, 1, 3, 3, 3, 0, 1, 1, 0, 1, 3, 3, 1, 3, 3, 3, 0, 0, 0, 3, 3, 3, 1, 3, 0, 3, 3, 1, 3, 3, 3]",34,17,17,64,29,35,2007 Schalke 04,1.1230649932170615,1.1848341232227488
141,Bundesliga,2007,Stuttgart,"[1, 0, 3, 0, 3, 0, 3, 0, 0, 0, 3, 3, 3, 3, 0, 3, 0, 0, 0, 3, 3, 3, 3, 1, 3, 1, 3, 0, 3, 0, 3, 0, 0, 1]",34,17,17,52,25,27,2007 Stuttgart,1.5290581956307028,1.6
142,Bundesliga,2007,Werder Bremen,"[1, 0, 3, 3, 0, 3, 1, 3, 3, 3, 1, 3, 3, 3, 3, 0, 3, 0, 1, 3, 0, 3, 0, 0, 1, 0, 3, 3, 3, 1, 3, 3, 3, 3]",34,17,17,66,36,30,2007 Werder Bremen,9.354198766690507,3.7037037037037037
143,Bundesliga,2007,Wolfsburg,"[0, 3, 1, 0, 0, 3, 1, 1, 3, 1, 3, 0, 0, 0, 1, 0, 3, 3, 3, 3, 1, 0, 3, 3, 1, 3, 3, 0, 0, 1, 1, 3, 3, 3]",34,17,17,54,20,34,2007 Wolfsburg,1.0027488197939491,1.0235414534288638
144,Bundesliga,2008,Bayern Munich,"[1, 1, 3, 3, 0, 0, 1, 3, 3, 3, 3, 3, 1, 3, 3, 3, 1, 0, 3, 0, 0, 1, 3, 3, 3, 0, 3, 3, 0, 3, 3, 3, 1, 3]",34,17,17,67,35,32,2008 Bayern Munich,3.7627433726590103,2.6041666666666665
145,Bundesliga,2008,Bielefeld,"[1, 1, 0, 0, 3, 1, 0, 0, 1, 1, 0, 0, 1, 3, 0, 1, 1, 3, 1, 0, 1, 1, 1, 3, 0, 0, 0, 0, 1, 1, 1, 0, 0, 1]",34,17,17,28,14,14,2008 Bielefeld,2.0,1.7123287671232876
146,Bundesliga,2008,Bochum,"[0, 1, 0, 3, 1, 0, 1, 1, 0, 0, 1, 1, 1, 0, 1, 0, 0, 3, 0, 3, 1, 3, 1, 0, 3, 0, 3, 0, 0, 0, 0, 0, 3, 1]",34,17,17,32,11,21,2008 Bochum,1.0166993672021996,1.0438413361169103
147,Bundesliga,2008,Cottbus,"[0, 1, 0, 0, 1, 3, 0, 0, 0, 1, 0, 0, 3, 0, 3, 0, 1, 0, 3, 1, 3, 0, 0, 0, 0, 0, 3, 0, 3, 1, 0, 0, 0, 3]",34,17,17,30,13,17,2008 Cottbus,1.2381777159189526,1.3157894736842106
148,Bundesliga,2008,Dortmund,"[3, 1, 3, 1, 0, 3, 1, 1, 1, 3, 1, 0, 3, 3, 1, 1, 3, 1, 0, 1, 1, 1, 0, 1, 3, 3, 3, 3, 3, 3, 3, 0, 3, 1]",34,17,17,59,29,30,2008 Dortmund,1.7257451955474763,1.658374792703151
149,Bundesliga,2008,Ein Frankfurt,"[0, 1, 1, 0, 1, 0, 0, 3, 3, 0, 3, 1, 0, 3, 0, 3, 0, 0, 1, 0, 3, 0, 1, 1, 1, 3, 0, 3, 0, 0, 1, 0, 0, 0]",34,17,17,33,19,14,2008 Ein Frankfurt,6.8979515131872695,3.3444816053511706
150,Bundesliga,2008,FC Koln,"[0, 1, 3, 0, 0, 3, 3, 3, 0, 0, 3, 3, 0, 0, 0, 0, 3, 1, 1, 1, 3, 1, 0, 0, 3, 0, 0, 0, 0, 3, 0, 0, 3, 1]",34,17,17,39,22,17,2008 FC Koln,6.486729317983099,3.1746031746031744
151,Bundesliga,2008,Hamburg,"[1, 3, 3, 3, 0, 3, 3, 1, 0, 3, 0, 3, 0, 3, 1, 3, 3, 3, 0, 3, 3, 0, 0, 3, 3, 3, 0, 3, 0, 1, 0, 3, 0, 3]",34,17,17,61,33,28,2008 Hamburg,6.397629934476713,3.134796238244514
152,Bundesliga,2008,Hannover,"[0, 1, 0, 3, 0, 3, 1, 0, 1, 0, 3, 0, 1, 0, 3, 0, 1, 3, 0, 1, 0, 3, 0, 1, 1, 0, 3, 0, 3, 3, 1, 3, 0, 1]",34,17,17,40,17,23,2008 Hannover,1.1259192055787017,1.2239902080783354
153,Bundesliga,2008,Hertha,"[3, 1, 0, 1, 3, 0, 3, 3, 1, 3, 0, 3, 3, 3, 3, 0, 3, 3, 1, 3, 0, 3, 3, 3, 0, 0, 0, 3, 3, 1, 3, 3, 1, 0]",34,17,17,63,33,30,2008 Hertha,3.6966240596745563,2.293577981651376
154,Bundesliga,2008,Hoffenheim,"[3, 3, 0, 1, 3, 0, 3, 3, 3, 3, 3, 0, 3, 3, 3, 0, 1, 3, 1, 0, 1, 1, 1, 1, 1, 0, 0, 1, 0, 0, 3, 3, 1, 3]",34,17,17,55,35,20,2008 Hoffenheim,692.9888515641272,32.1853878339234
155,Bundesliga,2008,Karlsruhe,"[3, 0, 0, 0, 3, 3, 0, 0, 0, 0, 0, 1, 0, 0, 0, 3, 0, 0, 3, 1, 0, 0, 0, 0, 0, 1, 0, 1, 3, 1, 0, 0, 3, 3]",34,17,17,29,13,16,2008 Karlsruhe,1.3424727970683326,1.3966480446927374
156,Bundesliga,2008,Leverkusen,"[0, 3, 3, 0, 3, 3, 0, 3, 3, 3, 3, 1, 3, 0, 0, 3, 1, 1, 0, 3, 0, 0, 1, 0, 1, 3, 1, 0, 0, 3, 1, 0, 3, 0]",34,17,17,49,32,17,2008 Leverkusen,677.5880236040621,25.201612903225808
157,Bundesliga,2008,MGladbach,"[0, 0, 3, 0, 0, 0, 0, 1, 3, 0, 0, 3, 1, 0, 0, 0, 0, 0, 1, 1, 3, 0, 3, 3, 0, 1, 0, 0, 1, 0, 3, 3, 0, 1]",34,17,17,31,11,20,2008 MGladbach,1.027057433462326,1.098901098901099
158,Bundesliga,2008,Schalke 04,"[3, 1, 3, 1, 3, 0, 1, 1, 1, 3, 3, 0, 0, 3, 0, 3, 1, 0, 3, 0, 1, 3, 3, 0, 0, 3, 3, 3, 3, 0, 0, 0, 1, 0]",34,17,17,50,27,23,2008 Schalke 04,4.6706812835138996,2.985074626865672
159,Bundesliga,2008,Stuttgart,"[3, 0, 3, 1, 3, 0, 3, 0, 3, 0, 0, 1, 1, 0, 3, 3, 1, 3, 3, 1, 1, 3, 3, 0, 3, 3, 3, 3, 3, 1, 3, 3, 3, 0]",34,17,17,64,25,39,2008 Stuttgart,1.0020754078467629,1.0214504596527068
160,Bundesliga,2008,Werder Bremen,"[1, 1, 0, 3, 3, 3, 0, 1, 1, 0, 3, 1, 3, 0, 3, 0, 3, 0, 0, 1, 0, 1, 1, 3, 0, 3, 1, 0, 3, 0, 3, 3, 0, 0]",34,17,17,45,26,19,2008 Werder Bremen,12.289203217978866,4.3478260869565215
161,Bundesliga,2008,Wolfsburg,"[3, 1, 1, 1, 3, 0, 1, 3, 0, 3, 0, 3, 0, 3, 1, 3, 0, 1, 3, 3, 3, 3, 3, 3, 3, 3, 3, 3, 0, 3, 0, 3, 3, 3]",34,17,17,69,26,43,2008 Wolfsburg,1.0001603301776516,1.0050251256281406
162,Bundesliga,2009,Bayern Munich,"[1, 1, 0, 3, 3, 3, 0, 1, 3, 3, 1, 1, 1, 3, 3, 3, 3, 3, 3, 3, 3, 3, 1, 3, 1, 3, 0, 0, 3, 1, 3, 1, 3, 3]",34,17,17,70,33,37,2009 Bayern Munich,1.2448235850044127,1.3175230566534915
163,Bundesliga,2009,Bochum,"[1, 0, 3, 0, 0, 0, 3, 1, 0, 0, 0, 0, 3, 1, 1, 0, 3, 3, 1, 1, 1, 3, 1, 1, 0, 0, 0, 0, 1, 0, 0, 0, 0, 0]",34,17,17,28,16,12,2009 Bochum,5.335990779026502,2.9585798816568047
164,Bundesliga,2009,Dortmund,"[3, 0, 1, 1, 0, 1, 0, 3, 3, 1, 3, 1, 1, 3, 3, 3, 3, 3, 3, 0, 0, 0, 3, 0, 3, 3, 3, 1, 3, 0, 1, 3, 1, 0]",34,17,17,57,30,27,2009 Dortmund,3.6384952930693673,2.506265664160401
165,Bundesliga,2009,Ein Frankfurt,"[3, 1, 1, 1, 3, 1, 0, 0, 3, 0, 3, 0, 0, 3, 3, 1, 1, 3, 1, 0, 3, 3, 1, 0, 0, 0, 3, 3, 3, 0, 1, 1, 0, 0]",34,17,17,46,24,22,2009 Ein Frankfurt,2.8958324409472076,2.232142857142857
166,Bundesliga,2009,FC Koln,"[0, 0, 1, 0, 0, 3, 0, 1, 3, 1, 0, 3, 0, 1, 1, 1, 3, 0, 3, 3, 1, 0, 0, 1, 1, 0, 1, 3, 0, 3, 3, 0, 1, 0]",34,17,17,38,18,20,2009 FC Koln,1.517574414021597,1.5015015015015014
167,Bundesliga,2009,Freiburg,"[1, 0, 0, 3, 0, 3, 3, 0, 0, 0, 0, 3, 0, 3, 1, 1, 0, 0, 0, 0, 1, 0, 0, 1, 0, 0, 3, 1, 1, 0, 3, 3, 1, 3]",34,17,17,35,18,17,2009 Freiburg,2.3958045941271773,1.9841269841269842
168,Bundesliga,2009,Hamburg,"[1, 3, 3, 3, 3, 1, 3, 3, 1, 1, 0, 1, 0, 1, 1, 3, 3, 3, 0, 1, 1, 3, 1, 0, 3, 0, 1, 0, 1, 3, 0, 0, 3, 1]",34,17,17,52,31,21,2009 Hamburg,41.99242827913952,8.333333333333334
169,Bundesliga,2009,Hannover,"[0, 1, 3, 0, 1, 1, 0, 3, 0, 3, 3, 1, 0, 0, 1, 0, 0, 0, 0, 0, 0, 0, 0, 0, 3, 3, 0, 0, 1, 3, 0, 0, 3, 3]",34,17,17,33,17,16,2009 Hannover,2.4027487870259843,2.0533880903490758
170,Bundesliga,2009,Hertha,"[3, 0, 0, 0, 0, 0, 0, 0, 0, 1, 0, 0, 1, 0, 0, 1, 0, 3, 1, 1, 0, 1, 3, 0, 0, 0, 3, 1, 3, 0, 1, 0, 1, 0]",34,17,17,24,6,18,2009 Hertha,1.0025529480501567,1.0141987829614605
171,Bundesliga,2009,Hoffenheim,"[1, 0, 1, 3, 3, 3, 3, 0, 0, 3, 3, 0, 3, 0, 1, 1, 0, 0, 0, 0, 3, 0, 1, 3, 0, 0, 1, 1, 0, 0, 1, 3, 3, 1]",34,17,17,42,25,17,2009 Hoffenheim,18.603265127790788,6.410256410256411
172,Bundesliga,2009,Leverkusen,"[1, 3, 3, 3, 3, 1, 3, 3, 1, 1, 1, 3, 1, 3, 1, 1, 3, 3, 3, 3, 1, 3, 1, 1, 0, 3, 0, 0, 0, 1, 0, 3, 1, 1]",34,17,17,59,35,24,2009 Leverkusen,72.96617599140234,13.455328310010763
173,Bundesliga,2009,MGladbach,"[1, 3, 0, 3, 0, 0, 0, 0, 0, 1, 3, 1, 3, 3, 0, 3, 0, 0, 1, 3, 0, 3, 1, 1, 0, 0, 1, 3, 0, 3, 0, 1, 0, 1]",34,17,17,39,21,18,2009 MGladbach,3.696624059674554,2.577319587628866
174,Bundesliga,2009,Mainz,"[1, 1, 3, 0, 3, 3, 0, 3, 0, 3, 1, 3, 1, 1, 0, 1, 0, 0, 3, 0, 3, 1, 1, 0, 3, 3, 0, 0, 0, 3, 3, 1, 1, 1]",34,17,17,47,24,23,2009 Mainz,2.3737653813593877,1.937984496124031
175,Bundesliga,2009,Nurnberg,"[0, 1, 0, 1, 3, 0, 0, 0, 3, 0, 1, 0, 3, 0, 0, 0, 0, 0, 1, 3, 0, 0, 1, 1, 3, 3, 1, 0, 3, 0, 0, 0, 0, 3]",34,17,17,31,12,19,2009 Nurnberg,1.070568116877131,1.1668611435239207
176,Bundesliga,2009,Schalke 04,"[3, 3, 1, 0, 3, 0, 3, 3, 3, 1, 1, 1, 3, 0, 3, 3, 3, 3, 1, 3, 1, 3, 0, 3, 3, 3, 1, 3, 0, 0, 3, 3, 0, 1]",34,17,17,65,34,31,2009 Schalke 04,3.726530252137671,2.457002457002457
177,Bundesliga,2009,Stuttgart,"[0, 3, 1, 1, 0, 0, 3, 0, 0, 0, 1, 1, 1, 0, 1, 1, 3, 3, 3, 3, 3, 0, 3, 3, 1, 0, 3, 3, 3, 3, 3, 3, 1, 1]",34,17,17,55,16,39,2009 Stuttgart,1.000002453182722,1.001001001001001
178,Bundesliga,2009,Werder Bremen,"[0, 1, 3, 3, 1, 1, 3, 3, 3, 3, 1, 1, 3, 1, 1, 0, 0, 0, 0, 0, 3, 3, 1, 3, 1, 3, 3, 3, 0, 3, 3, 3, 3, 1]",34,17,17,61,28,33,2009 Werder Bremen,1.1852664988410229,1.2853470437017995
179,Bundesliga,2009,Wolfsburg,"[3, 3, 0, 0, 0, 3, 3, 1, 3, 1, 1, 3, 0, 1, 1, 0, 1, 0, 0, 1, 0, 0, 3, 3, 3, 3, 0, 3, 3, 3, 0, 0, 1, 3]",34,17,17,50,24,26,2009 Wolfsburg,1.5290581956307034,1.5105740181268883
180,Bundesliga,2010,Bayern Munich,"[3, 0, 1, 1, 3, 0, 0, 3, 1, 3, 1, 3, 1, 3, 0, 3, 3, 1, 3, 3, 0, 3, 3, 0, 0, 3, 3, 3, 1, 3, 1, 3, 3, 3]",34,17,17,65,29,36,2010 Bayern Munich,1.0807417705560358,1.1641443538998837
181,Bundesliga,2010,Dortmund,"[0, 3, 3, 3, 3, 3, 3, 3, 1, 3, 3, 3, 3, 3, 3, 3, 0, 3, 1, 3, 1, 1, 3, 3, 3, 0, 1, 3, 1, 3, 0, 3, 0, 3]",34,17,17,75,43,32,2010 Dortmund,147.51532446820883,13.528138528138529
182,Bundesliga,2010,Ein Frankfurt,"[0, 0, 3, 0, 0, 3, 3, 3, 1, 3, 3, 1, 0, 0, 3, 0, 3, 0, 0, 0, 1, 0, 0, 0, 1, 0, 3, 1, 1, 0, 1, 0, 0, 0]",34,17,17,34,26,8,2010 Ein Frankfurt,12791.591393162389,102.24948875255623
183,Bundesliga,2010,FC Koln,"[0, 0, 3, 1, 0, 1, 0, 0, 0, 3, 0, 0, 3, 1, 0, 3, 0, 1, 3, 0, 3, 3, 1, 3, 0, 3, 0, 3, 0, 0, 0, 3, 3, 3]",34,17,17,44,15,29,2010 FC Koln,1.0025704201751224,1.0266940451745379
184,Bundesliga,2010,Freiburg,"[0, 3, 3, 3, 0, 0, 3, 0, 3, 0, 3, 3, 0, 0, 3, 3, 1, 1, 1, 3, 1, 0, 3, 0, 0, 0, 0, 1, 3, 0, 0, 3, 0, 0]",34,17,17,44,28,16,2010 Freiburg,121.67486131419723,11.319900384876613
185,Bundesliga,2010,Hamburg,"[3, 3, 1, 1, 0, 0, 3, 3, 1, 0, 3, 0, 0, 3, 0, 0, 3, 3, 3, 0, 3, 0, 3, 1, 0, 0, 3, 1, 1, 1, 0, 0, 1, 1]",34,17,17,45,24,21,2010 Hamburg,3.6384952930693673,2.487562189054726
186,Bundesliga,2010,Hannover,"[3, 3, 1, 0, 3, 3, 0, 0, 3, 0, 0, 3, 3, 3, 3, 3, 0, 3, 0, 0, 3, 1, 3, 3, 3, 0, 3, 0, 3, 1, 3, 0, 0, 3]",34,17,17,60,31,29,2010 Hannover,2.909476570773734,2.1881838074398248
187,Bundesliga,2010,Hoffenheim,"[3, 3, 3, 1, 0, 1, 0, 3, 1, 3, 0, 0, 3, 1, 1, 1, 1, 0, 1, 3, 3, 0, 1, 0, 0, 3, 0, 1, 0, 3, 0, 0, 3, 0]",34,17,17,43,25,18,2010 Hoffenheim,12.465466000078017,4.854368932038835
188,Bundesliga,2010,Kaiserslautern,"[3, 3, 0, 1, 0, 0, 0, 0, 0, 3, 0, 1, 3, 3, 0, 1, 3, 1, 0, 0, 0, 1, 0, 1, 1, 3, 3, 0, 3, 0, 3, 3, 3, 3]",34,17,17,46,21,25,2010 Kaiserslautern,1.2706961846416231,1.3717421124828533
189,Bundesliga,2010,Leverkusen,"[3, 0, 1, 1, 3, 3, 1, 3, 0, 3, 3, 3, 1, 1, 3, 3, 1, 0, 3, 3, 0, 3, 3, 1, 3, 3, 3, 3, 3, 0, 3, 0, 1, 3]",34,17,17,68,33,35,2010 Leverkusen,1.5087781530346305,1.5408320493066257
190,Bundesliga,2010,MGladbach,"[1, 3, 0, 0, 0, 1, 1, 0, 0, 0, 1, 3, 0, 0, 0, 0, 0, 3, 0, 3, 0, 0, 3, 0, 3, 1, 0, 0, 3, 0, 3, 3, 3, 1]",34,17,17,36,10,26,2010 MGladbach,1.0004582589223618,1.0101010101010102
191,Bundesliga,2010,Mainz,"[3, 3, 3, 3, 3, 3, 3, 0, 3, 0, 0, 0, 3, 3, 0, 0, 3, 0, 0, 3, 1, 0, 0, 3, 3, 0, 1, 1, 0, 3, 1, 3, 3, 3]",34,17,17,58,33,25,2010 Mainz,18.225266197696666,5.617977528089888
192,Bundesliga,2010,Nurnberg,"[1, 0, 1, 1, 3, 0, 3, 0, 3, 3, 3, 0, 0, 0, 0, 1, 3, 0, 1, 3, 3, 3, 3, 1, 3, 3, 0, 0, 1, 3, 1, 0, 0, 0]",34,17,17,47,22,25,2010 Nurnberg,1.380477395339168,1.5015015015015014
193,Bundesliga,2010,Schalke 04,"[0, 0, 0, 0, 3, 1, 0, 1, 1, 0, 3, 1, 3, 0, 3, 3, 3, 0, 3, 0, 1, 3, 0, 1, 0, 3, 0, 3, 3, 1, 0, 0, 0, 0]",34,17,17,40,22,18,2010 Schalke 04,4.7933574664229575,2.9069767441860463
194,Bundesliga,2010,St Pauli,"[3, 0, 0, 1, 3, 0, 3, 3, 0, 0, 0, 0, 1, 0, 3, 0, 0, 1, 1, 3, 3, 3, 0, 0, 0, 0, 0, 0, 0, 1, 0, 0, 0, 0]",34,17,17,29,17,12,2010 St Pauli,7.341679950816761,3.194888178913738
195,Bundesliga,2010,Stuttgart,"[0, 0, 0, 3, 0, 0, 0, 1, 3, 0, 3, 1, 0, 0, 1, 0, 0, 3, 1, 0, 3, 0, 0, 3, 3, 3, 1, 1, 0, 3, 3, 3, 3, 0]",34,17,17,42,12,30,2010 Stuttgart,1.0001465477331875,1.0070493454179255
196,Bundesliga,2010,Werder Bremen,"[0, 3, 1, 0, 0, 3, 1, 3, 3, 0, 0, 1, 0, 3, 1, 0, 0, 3, 0, 0, 1, 1, 0, 1, 3, 1, 3, 1, 1, 1, 3, 0, 3, 0]",34,17,17,41,19,22,2010 Werder Bremen,1.3742067647189347,1.4492753623188406
197,Bundesliga,2010,Wolfsburg,"[0, 0, 0, 3, 3, 3, 1, 0, 0, 3, 0, 1, 1, 1, 1, 1, 1, 1, 3, 0, 0, 0, 0, 3, 0, 0, 1, 1, 0, 1, 3, 3, 0, 3]",34,17,17,38,19,19,2010 Wolfsburg,2.0,1.8518518518518519
198,Bundesliga,2011,Augsburg,"[1, 1, 0, 0, 0, 1, 1, 0, 3, 1, 0, 0, 0, 3, 0, 3, 1, 0, 1, 1, 1, 0, 3, 1, 1, 3, 1, 3, 0, 0, 3, 1, 1, 3]",34,17,17,38,15,23,2011 Augsburg,1.0533786145257904,1.1135857461024499
199,Bundesliga,2011,Bayern Munich,"[0, 3, 3, 3, 3, 3, 3, 1, 3, 0, 3, 3, 0, 0, 3, 3, 3, 0, 3, 1, 3, 1, 3, 0, 3, 3, 3, 3, 3, 0, 1, 3, 3, 3]",34,17,17,73,37,36,2011 Bayern Munich,2.4205498111254773,1.9569471624266144
200,Bundesliga,2011,Dortmund,"[3, 0, 3, 1, 0, 0, 3, 3, 3, 3, 1, 3, 3, 3, 1, 1, 3, 3, 3, 3, 3, 3, 3, 3, 1, 3, 3, 1, 3, 3, 3, 3, 3, 3]",34,17,17,81,34,47,2011 Dortmund,1.0007283106783165,1.0101010101010102
201,Bundesliga,2011,FC Koln,"[0, 0, 1, 3, 0, 3, 3, 0, 3, 0, 3, 0, 0, 1, 3, 1, 0, 0, 0, 3, 0, 0, 0, 1, 3, 0, 0, 0, 1, 0, 0, 1, 0, 0]",34,17,17,30,21,9,2011 FC Koln,219.3995915656847,14.949917775452235
202,Bundesliga,2011,Freiburg,"[1, 0, 0, 3, 0, 0, 0, 3, 0, 0, 0, 3, 1, 1, 1, 0, 0, 3, 0, 1, 0, 1, 0, 3, 1, 3, 3, 3, 1, 3, 1, 1, 3, 0]",34,17,17,40,13,27,2011 Freiburg,1.0022661722920319,1.017293997965412
203,Bundesliga,2011,Hamburg,"[0, 1, 0, 0, 0, 0, 3, 0, 3, 1, 1, 1, 3, 1, 3, 1, 1, 0, 3, 1, 3, 0, 1, 0, 0, 0, 0, 3, 1, 0, 3, 1, 1, 0]",34,17,17,36,19,17,2011 Hamburg,2.947286931900036,2.2675736961451247
204,Bundesliga,2011,Hannover,"[3, 3, 1, 1, 0, 3, 1, 3, 0, 3, 0, 1, 0, 1, 1, 1, 1, 1, 3, 3, 1, 3, 0, 1, 0, 3, 0, 3, 0, 3, 0, 1, 0, 3]",34,17,17,48,23,25,2011 Hannover,1.5285316764159818,1.545595054095827
205,Bundesliga,2011,Hertha,"[0, 1, 1, 3, 3, 1, 0, 3, 0, 1, 3, 0, 1, 1, 1, 0, 1, 0, 0, 0, 0, 0, 0, 3, 0, 0, 3, 0, 1, 0, 1, 0, 0, 3]",34,17,17,31,20,11,2011 Hertha,37.958420368745486,8.695652173913043
206,Bundesliga,2011,Hoffenheim,"[0, 3, 3, 0, 3, 3, 0, 1, 0, 3, 0, 1, 0, 1, 0, 3, 1, 1, 0, 1, 1, 1, 3, 1, 0, 0, 3, 1, 3, 3, 1, 0, 0, 0]",34,17,17,41,22,19,2011 Hoffenheim,3.672319408098077,2.73224043715847
207,Bundesliga,2011,Kaiserslautern,"[0, 1, 1, 0, 0, 3, 0, 0, 3, 3, 1, 1, 0, 0, 1, 1, 1, 1, 1, 0, 0, 0, 0, 1, 1, 0, 0, 0, 0, 0, 0, 3, 0, 0]",34,17,17,23,16,7,2011 Kaiserslautern,60.651262370803174,12.313754463735993
208,Bundesliga,2011,Leverkusen,"[0, 3, 3, 1, 3, 0, 0, 3, 1, 0, 3, 1, 3, 1, 3, 1, 0, 3, 1, 1, 0, 3, 3, 3, 0, 0, 0, 0, 1, 3, 1, 3, 3, 3]",34,17,17,54,26,28,2011 Leverkusen,1.5285316764159806,1.6
209,Bundesliga,2011,MGladbach,"[3, 1, 3, 0, 3, 3, 3, 0, 1, 0, 3, 3, 3, 3, 1, 0, 3, 3, 3, 1, 3, 3, 1, 0, 1, 3, 0, 0, 1, 1, 3, 0, 1, 3]",34,17,17,60,33,27,2011 MGladbach,8.795644513850283,3.875968992248062
210,Bundesliga,2011,Mainz,"[3, 3, 0, 1, 0, 0, 0, 1, 0, 1, 0, 3, 3, 1, 1, 1, 0, 0, 3, 1, 1, 1, 3, 0, 3, 0, 0, 3, 0, 3, 1, 1, 1, 0]",34,17,17,39,18,21,2011 Mainz,1.370834042072845,1.4064697609001406
211,Bundesliga,2011,Nurnberg,"[3, 0, 0, 3, 3, 1, 0, 1, 0, 1, 0, 0, 0, 3, 0, 0, 3, 3, 0, 0, 1, 3, 3, 3, 0, 0, 0, 0, 1, 3, 3, 1, 3, 0]",34,17,17,42,18,24,2011 Nurnberg,1.128276757389762,1.2690355329949239
212,Bundesliga,2011,Schalke 04,"[0, 3, 3, 3, 0, 0, 3, 3, 0, 3, 3, 1, 3, 0, 3, 3, 3, 3, 3, 1, 0, 3, 0, 0, 3, 3, 3, 1, 3, 0, 0, 1, 3, 3]",34,17,17,64,34,30,2011 Schalke 04,4.846313085099791,2.849002849002849
213,Bundesliga,2011,Stuttgart,"[3, 1, 0, 0, 3, 3, 0, 3, 3, 1, 1, 0, 3, 0, 1, 0, 0, 0, 0, 1, 3, 0, 3, 3, 1, 3, 3, 1, 3, 3, 3, 1, 0, 3]",34,17,17,53,22,31,2011 Stuttgart,1.038681847035313,1.1185682326621924
214,Bundesliga,2011,Werder Bremen,"[3, 0, 3, 3, 3, 1, 3, 0, 0, 1, 3, 3, 0, 3, 0, 3, 0, 1, 1, 1, 1, 3, 0, 0, 3, 0, 1, 0, 1, 1, 0, 0, 0, 0]",34,17,17,42,29,13,2011 Werder Bremen,1554.6973133347972,41.13533525298231
215,Bundesliga,2011,Wolfsburg,"[3, 0, 0, 0, 3, 0, 3, 0, 3, 1, 0, 0, 3, 0, 1, 0, 3, 3, 0, 1, 3, 0, 0, 1, 3, 3, 3, 3, 0, 0, 0, 1, 3, 0]",34,17,17,44,20,24,2011 Wolfsburg,1.2689489613237765,1.349527665317139
216,Bundesliga,2012,Augsburg,"[0, 0, 1, 0, 0, 1, 3, 1, 0, 0, 0, 0, 1, 0, 1, 0, 1, 3, 1, 1, 1, 0, 3, 3, 0, 3, 0, 0, 3, 0, 3, 0, 0, 3]",34,17,17,33,9,24,2012 Augsburg,1.0007503852552997,1.0101010101010102
217,Bundesliga,2012,Bayern Munich,"[3, 3, 3, 3, 3, 3, 3, 3, 0, 3, 3, 1, 3, 3, 1, 3, 1, 3, 3, 3, 3, 3, 3, 3, 3, 3, 3, 3, 3, 3, 3, 1, 3, 3]",34,17,17,91,42,49,2012 Bayern Munich,1.0128889851459022,1.0256410256410255
218,Bundesliga,2012,Dortmund,"[3, 1, 3, 0, 1, 3, 1, 0, 3, 1, 3, 3, 3, 1, 1, 0, 3, 3, 3, 3, 0, 3, 1, 3, 0, 3, 3, 3, 3, 3, 3, 1, 1, 0]",34,17,17,66,30,36,2012 Dortmund,1.1197002881936633,1.2091898428053205
219,Bundesliga,2012,Ein Frankfurt,"[3, 3, 3, 3, 1, 3, 0, 3, 0, 1, 0, 3, 1, 0, 0, 3, 3, 0, 3, 3, 1, 0, 1, 0, 1, 0, 3, 0, 0, 3, 1, 3, 1, 1]",34,17,17,51,30,21,2012 Ein Frankfurt,26.771635281548,6.369426751592357
220,Bundesliga,2012,Fortuna Dusseldorf,"[3, 1, 1, 1, 3, 1, 0, 0, 0, 0, 1, 0, 3, 1, 3, 0, 3, 0, 0, 3, 0, 3, 0, 1, 0, 1, 0, 0, 1, 0, 0, 0, 0, 0]",34,17,17,30,21,9,2012 Fortuna Dusseldorf,219.3995915656847,19.18649270913277
221,Bundesliga,2012,Freiburg,"[1, 0, 3, 1, 0, 0, 3, 3, 0, 1, 1, 3, 3, 0, 1, 3, 3, 1, 1, 0, 3, 3, 1, 1, 0, 0, 3, 3, 3, 0, 0, 3, 3, 0]",34,17,17,51,26,25,2012 Freiburg,2.372417393687087,1.9880715705765408
222,Bundesliga,2012,Greuther Furth,"[0, 3, 0, 1, 0, 0, 0, 1, 1, 1, 0, 0, 1, 0, 0, 0, 1, 0, 0, 3, 0, 0, 1, 1, 0, 1, 0, 0, 0, 3, 0, 3, 0, 0]",34,17,17,21,9,12,2012 Greuther Furth,1.3008674305605563,1.2936610608020698
223,Bundesliga,2012,Hamburg,"[0, 0, 0, 3, 1, 3, 3, 0, 3, 0, 1, 3, 0, 3, 1, 3, 0, 1, 3, 0, 3, 3, 0, 1, 3, 0, 0, 0, 3, 3, 0, 1, 3, 0]",34,17,17,48,24,24,2012 Hamburg,2.0,1.7889087656529516
224,Bundesliga,2012,Hannover,"[1, 3, 3, 0, 3, 0, 1, 0, 0, 3, 3, 0, 0, 3, 0, 3, 0, 0, 3, 0, 3, 1, 3, 0, 1, 0, 3, 1, 0, 0, 3, 1, 0, 3]",34,17,17,45,23,22,2012 Hannover,2.37547002684955,2.070393374741201
225,Bundesliga,2012,Hoffenheim,"[0, 0, 0, 3, 3, 1, 0, 1, 0, 3, 1, 0, 0, 0, 0, 0, 0, 1, 0, 3, 0, 0, 0, 0, 3, 1, 0, 3, 1, 0, 3, 1, 0, 3]",34,17,17,31,12,19,2012 Hoffenheim,1.070568116877131,1.179245283018868
226,Bundesliga,2012,Leverkusen,"[0, 3, 0, 1, 3, 3, 1, 1, 3, 3, 0, 3, 3, 3, 3, 0, 3, 3, 1, 0, 1, 3, 1, 3, 0, 0, 3, 1, 1, 3, 3, 3, 3, 3]",34,17,17,65,33,32,2012 Leverkusen,2.38995140409692,2.0242914979757085
227,Bundesliga,2012,MGladbach,"[3, 1, 0, 1, 1, 0, 3, 0, 3, 1, 3, 0, 1, 3, 1, 3, 1, 1, 3, 0, 1, 0, 1, 3, 1, 3, 0, 3, 0, 3, 0, 0, 3, 0]",34,17,17,47,25,22,2012 MGladbach,3.628277033668642,2.3980815347721824
228,Bundesliga,2012,Mainz,"[1, 0, 0, 3, 0, 3, 3, 1, 3, 0, 3, 0, 0, 3, 3, 0, 3, 1, 3, 0, 1, 1, 1, 1, 3, 1, 1, 0, 0, 0, 1, 1, 0, 1]",34,17,17,42,26,16,2012 Mainz,45.21440454475217,9.48856627763545
229,Bundesliga,2012,Nurnberg,"[3, 1, 3, 0, 0, 0, 0, 1, 0, 3, 0, 1, 1, 3, 0, 3, 1, 1, 0, 3, 1, 1, 1, 1, 3, 3, 1, 3, 0, 0, 0, 0, 3, 3]",34,17,17,44,20,24,2012 Nurnberg,1.2689489613237765,1.3245033112582782
230,Bundesliga,2012,Schalke 04,"[1, 3, 3, 0, 3, 1, 3, 3, 3, 0, 3, 0, 1, 0, 1, 0, 0, 3, 1, 0, 0, 1, 3, 3, 3, 0, 3, 3, 1, 0, 3, 3, 0, 3]",34,17,17,55,25,30,2012 Schalke 04,1.1909079214455576,1.303780964797914
231,Bundesliga,2012,Stuttgart,"[0, 0, 1, 1, 0, 3, 1, 3, 3, 1, 0, 3, 0, 3, 3, 3, 0, 0, 0, 0, 0, 3, 1, 0, 0, 3, 0, 1, 3, 3, 0, 0, 3, 1]",34,17,17,43,25,18,2012 Stuttgart,12.465466000078017,4.566210045662101
232,Bundesliga,2012,Werder Bremen,"[0, 3, 0, 1, 3, 0, 0, 3, 1, 3, 0, 3, 1, 0, 3, 0, 1, 0, 0, 3, 3, 0, 0, 0, 1, 1, 1, 0, 1, 0, 0, 1, 1, 0]",34,17,17,34,22,12,2012 Werder Bremen,56.0351226316013,10.012014417300762
233,Bundesliga,2012,Wolfsburg,"[3, 0, 1, 1, 0, 0, 0, 0, 3, 0, 3, 3, 1, 0, 1, 3, 0, 3, 0, 1, 3, 0, 1, 0, 3, 1, 1, 1, 1, 3, 3, 1, 1, 1]",34,17,17,43,19,24,2012 Wolfsburg,1.187700491428748,1.256281407035176
234,Bundesliga,2013,Augsburg,"[0, 0, 3, 3, 3, 0, 1, 0, 0, 0, 3, 0, 3, 1, 3, 3, 1, 1, 3, 3, 0, 3, 1, 3, 0, 1, 0, 0, 3, 0, 1, 3, 3, 3]",34,17,17,52,24,28,2013 Augsburg,1.2724289914494324,1.3793103448275863
235,Bundesliga,2013,Bayern Munich,"[3, 3, 3, 1, 3, 3, 3, 1, 3, 3, 3, 3, 3, 3, 3, 3, 3, 3, 3, 3, 3, 3, 3, 3, 3, 3, 3, 1, 0, 0, 3, 3, 3, 3]",34,17,17,90,47,43,2013 Bayern Munich,9.13368717403549,3.9682539682539684
236,Bundesliga,2013,Braunschweig,"[0, 0, 0, 0, 1, 0, 0, 3, 0, 0, 3, 1, 0, 0, 0, 0, 3, 1, 0, 0, 3, 0, 1, 1, 1, 0, 3, 1, 3, 0, 0, 0, 0, 0]",34,17,17,25,11,14,2013 Braunschweig,1.3243608231509807,1.3477088948787062
237,Bundesliga,2013,Dortmund,"[3, 3, 3, 3, 3, 1, 3, 0, 3, 3, 3, 0, 0, 3, 0, 1, 0, 1, 3, 3, 3, 0, 3, 3, 0, 3, 1, 3, 3, 3, 3, 1, 3, 3]",34,17,17,71,32,39,2013 Dortmund,1.0705681168771313,1.1778563015312131
238,Bundesliga,2013,Ein Frankfurt,"[0, 0, 3, 0, 3, 1, 1, 1, 1, 0, 0, 0, 1, 0, 0, 3, 1, 3, 0, 3, 0, 1, 3, 1, 0, 3, 3, 0, 3, 0, 0, 1, 0, 0]",34,17,17,36,15,21,2013 Ein Frankfurt,1.1197002881936633,1.2048192771084338
239,Bundesliga,2013,Freiburg,"[0, 0, 1, 1, 0, 1, 0, 1, 1, 0, 3, 0, 3, 0, 0, 0, 3, 3, 0, 1, 0, 0, 1, 0, 3, 3, 1, 3, 0, 3, 3, 1, 0, 0]",34,17,17,36,14,22,2013 Freiburg,1.051197613509526,1.1299435028248588
240,Bundesliga,2013,Hamburg,"[1, 0, 0, 3, 0, 0, 1, 3, 1, 3, 0, 0, 3, 1, 0, 0, 0, 0, 0, 0, 0, 3, 0, 1, 3, 0, 1, 0, 3, 0, 0, 0, 0, 0]",34,17,17,27,16,11,2013 Hamburg,7.639671843703413,3.4965034965034967
241,Bundesliga,2013,Hannover,"[3, 0, 3, 3, 0, 3, 0, 1, 0, 0, 0, 1, 0, 3, 0, 1, 0, 3, 3, 0, 0, 0, 1, 1, 3, 0, 0, 0, 0, 3, 3, 1, 3, 3]",34,17,17,42,18,24,2013 Hannover,1.128276757389762,1.2285012285012284
242,Bundesliga,2013,Hertha,"[3, 1, 3, 0, 0, 1, 3, 1, 3, 0, 0, 3, 0, 1, 3, 3, 3, 0, 0, 3, 0, 3, 1, 1, 0, 0, 0, 0, 1, 0, 1, 3, 0, 0]",34,17,17,41,28,13,2013 Hertha,815.776424280831,28.37684449489217
243,Bundesliga,2013,Hoffenheim,"[1, 3, 1, 0, 3, 0, 1, 1, 0, 3, 0, 0, 0, 1, 3, 1, 0, 0, 3, 1, 3, 1, 3, 0, 0, 3, 3, 1, 1, 3, 0, 1, 0, 3]",34,17,17,44,18,26,2013 Hoffenheim,1.058054255215732,1.1325028312570782
244,Bundesliga,2013,Leverkusen,"[3, 3, 3, 0, 3, 3, 3, 1, 3, 3, 0, 3, 3, 3, 3, 0, 0, 0, 3, 3, 0, 0, 0, 1, 0, 0, 3, 1, 0, 3, 3, 1, 3, 3]",34,17,17,61,37,24,2013 Leverkusen,231.0512342420239,13.189132155104193
245,Bundesliga,2013,MGladbach,"[0, 3, 0, 3, 0, 3, 1, 3, 0, 3, 3, 3, 3, 3, 3, 1, 1, 0, 0, 0, 1, 1, 1, 0, 3, 3, 0, 3, 3, 1, 0, 3, 3, 0]",34,17,17,55,33,22,2013 MGladbach,69.24064535796957,9.25925925925926
246,Bundesliga,2013,Mainz,"[3, 3, 3, 0, 0, 0, 0, 1, 0, 3, 0, 3, 3, 0, 1, 1, 3, 3, 3, 0, 3, 1, 3, 1, 3, 0, 0, 3, 0, 3, 0, 3, 0, 3]",34,17,17,53,24,29,2013 Mainz,1.1917031025175568,1.3089005235602094
247,Bundesliga,2013,Nurnberg,"[1, 1, 0, 0, 1, 1, 1, 0, 1, 1, 0, 0, 1, 0, 1, 1, 1, 3, 3, 0, 3, 3, 0, 0, 0, 0, 3, 0, 0, 0, 0, 0, 0, 0]",34,17,17,26,11,15,2013 Nurnberg,1.2220887137269854,1.2610340479192939
248,Bundesliga,2013,Schalke 04,"[1, 0, 0, 3, 3, 0, 1, 3, 3, 0, 3, 3, 1, 3, 0, 3, 1, 3, 3, 3, 3, 1, 0, 3, 3, 3, 1, 3, 1, 3, 0, 0, 3, 3]",34,17,17,64,28,36,2013 Schalke 04,1.0533786145257904,1.1415525114155252
249,Bundesliga,2013,Stuttgart,"[0, 0, 0, 3, 3, 1, 3, 1, 1, 1, 0, 3, 0, 0, 3, 0, 0, 0, 0, 0, 0, 0, 0, 1, 1, 3, 0, 0, 3, 1, 3, 1, 0, 0]",34,17,17,32,19,13,2013 Stuttgart,9.978869786009891,3.787878787878788
250,Bundesliga,2013,Werder Bremen,"[3, 3, 0, 0, 0, 3, 1, 1, 1, 0, 3, 0, 0, 1, 0, 0, 3, 1, 0, 0, 1, 1, 3, 3, 1, 0, 0, 3, 1, 0, 3, 0, 3, 0]",34,17,17,39,19,20,2013 Werder Bremen,1.7219838295632244,1.6666666666666667
251,Bundesliga,2013,Wolfsburg,"[0, 3, 0, 3, 0, 3, 0, 0, 3, 3, 3, 3, 1, 1, 3, 3, 1, 0, 0, 3, 3, 3, 0, 0, 1, 1, 3, 3, 0, 3, 3, 1, 3, 3]",34,17,17,60,30,30,2013 Wolfsburg,2.0,1.941747572815534
252,Bundesliga,2014,Augsburg,"[0, 0, 3, 3, 0, 3, 0, 0, 3, 0, 3, 3, 3, 3, 0, 0, 3, 3, 3, 1, 0, 1, 0, 3, 0, 0, 1, 0, 3, 0, 1, 3, 0, 3]",34,17,17,49,27,22,2014 Augsburg,6.216399666293435,3.236245954692557
253,Bundesliga,2014,Bayern Munich,"[3, 1, 3, 1, 3, 3, 3, 3, 1, 3, 3, 3, 3, 3, 3, 3, 3, 0, 1, 3, 3, 3, 3, 3, 3, 0, 3, 3, 3, 3, 0, 0, 0, 3]",34,17,17,79,45,34,2014 Bayern Munich,218.48169915127679,15.220700152207002
254,Bundesliga,2014,Dortmund,"[0, 3, 3, 0, 1, 0, 0, 0, 0, 0, 3, 1, 0, 3, 0, 1, 0, 1, 0, 3, 3, 3, 3, 1, 1, 3, 0, 0, 3, 3, 1, 3, 0, 3]",34,17,17,46,15,31,2014 Dortmund,1.0007272805313003,1.0111223458038423
255,Bundesliga,2014,Ein Frankfurt,"[3, 1, 0, 1, 1, 3, 3, 0, 0, 0, 0, 3, 3, 3, 0, 1, 1, 0, 1, 1, 3, 0, 3, 0, 3, 0, 1, 0, 1, 0, 0, 3, 1, 3]",34,17,17,43,23,20,2014 Ein Frankfurt,3.6530780098096876,2.4813895781637716
256,Bundesliga,2014,FC Koln,"[1, 3, 1, 1, 0, 0, 0, 3, 3, 0, 3, 0, 0, 0, 3, 1, 0, 3, 1, 1, 0, 1, 0, 3, 1, 1, 0, 3, 1, 1, 1, 3, 0, 1]",34,17,17,40,19,21,2014 FC Koln,1.5209498004432924,1.4947683109118086
257,Bundesliga,2014,Freiburg,"[0, 1, 0, 1, 1, 1, 1, 0, 0, 3, 3, 1, 0, 1, 1, 0, 1, 3, 0, 0, 3, 1, 0, 0, 0, 3, 3, 1, 0, 1, 0, 1, 3, 0]",34,17,17,34,15,19,2014 Freiburg,1.250636393663065,1.288659793814433
258,Bundesliga,2014,Hamburg,"[1, 0, 0, 1, 0, 0, 3, 1, 0, 3, 0, 3, 0, 3, 1, 0, 1, 0, 3, 3, 0, 1, 0, 1, 0, 0, 0, 0, 0, 3, 3, 1, 0, 3]",34,17,17,35,17,18,2014 Hamburg,1.716432661281874,1.6528925619834711
259,Bundesliga,2014,Hannover,"[3, 1, 3, 0, 3, 0, 0, 0, 3, 3, 3, 0, 0, 0, 1, 3, 1, 0, 1, 0, 0, 1, 1, 0, 0, 0, 1, 1, 0, 0, 1, 1, 3, 3]",34,17,17,37,24,13,2014 Hannover,85.13813547411021,12.138868657441126
260,Bundesliga,2014,Hertha,"[1, 0, 0, 1, 3, 0, 3, 0, 3, 0, 0, 3, 0, 0, 3, 1, 0, 0, 0, 3, 0, 0, 3, 1, 1, 3, 3, 1, 1, 0, 0, 0, 1, 0]",34,17,17,35,18,17,2014 Hertha,2.3958045941271773,1.9880715705765408
261,Bundesliga,2014,Hoffenheim,"[3, 1, 1, 3, 1, 1, 3, 1, 3, 0, 0, 0, 3, 0, 3, 0, 3, 0, 0, 0, 3, 1, 3, 0, 3, 1, 0, 0, 0, 3, 1, 0, 0, 3]",34,17,17,44,26,18,2014 Hoffenheim,18.22526619769662,5.555555555555555
262,Bundesliga,2014,Leverkusen,"[3, 3, 1, 0, 3, 1, 1, 1, 3, 0, 1, 3, 3, 0, 1, 3, 1, 1, 3, 0, 0, 1, 3, 3, 3, 3, 3, 3, 3, 1, 3, 0, 3, 0]",34,17,17,61,28,33,2014 Leverkusen,1.1852664988410229,1.2755102040816326
263,Bundesliga,2014,MGladbach,"[1, 1, 3, 1, 3, 3, 1, 3, 1, 3, 0, 0, 0, 3, 1, 3, 0, 3, 3, 0, 3, 1, 3, 1, 3, 3, 3, 3, 1, 3, 3, 3, 3, 0]",34,17,17,66,27,39,2014 MGladbach,1.0064953970115085,1.037344398340249
264,Bundesliga,2014,Mainz,"[1, 1, 3, 3, 1, 1, 1, 3, 0, 0, 1, 1, 0, 0, 1, 1, 0, 3, 1, 0, 0, 3, 0, 1, 3, 1, 1, 0, 3, 3, 0, 0, 3, 0]",34,17,17,40,18,22,2014 Mainz,1.2636187095077478,1.3297872340425532
265,Bundesliga,2014,Paderborn,"[1, 3, 1, 3, 0, 0, 1, 3, 0, 3, 0, 1, 0, 1, 1, 0, 1, 0, 0, 1, 3, 0, 0, 0, 0, 1, 0, 3, 0, 1, 3, 0, 0, 0]",34,17,17,31,19,12,2014 Paderborn,15.170705472290551,4.784688995215311
266,Bundesliga,2014,Schalke 04,"[0, 1, 0, 1, 3, 3, 0, 3, 0, 3, 0, 3, 3, 3, 0, 3, 1, 3, 1, 3, 0, 1, 0, 3, 1, 0, 1, 1, 1, 0, 3, 0, 3, 0]",34,17,17,48,27,21,2014 Schalke 04,8.54873168377942,3.676470588235294
267,Bundesliga,2014,Stuttgart,"[1, 0, 0, 0, 1, 3, 0, 1, 3, 0, 0, 0, 3, 0, 1, 3, 1, 0, 1, 0, 0, 0, 1, 1, 0, 3, 0, 3, 0, 1, 0, 3, 3, 3]",34,17,17,36,17,19,2014 Stuttgart,1.5135350027868082,1.567398119122257
268,Bundesliga,2014,Werder Bremen,"[1, 1, 1, 0, 0, 0, 1, 0, 0, 3, 3, 0, 3, 0, 1, 0, 3, 3, 3, 3, 3, 1, 0, 3, 0, 1, 1, 0, 3, 1, 3, 1, 0, 0]",34,17,17,43,17,26,2014 Werder Bremen,1.0368799436016862,1.1123470522803114
269,Bundesliga,2014,Wolfsburg,"[0, 1, 1, 3, 0, 3, 3, 3, 3, 3, 3, 0, 3, 3, 1, 1, 3, 3, 1, 3, 3, 3, 3, 0, 3, 1, 3, 3, 1, 0, 1, 3, 3, 1]",34,17,17,69,34,35,2014 Wolfsburg,1.712886020112078,1.557632398753894
270,Bundesliga,2015,Augsburg,"[0, 1, 0, 0, 3, 0, 0, 1, 0, 0, 1, 0, 3, 1, 3, 3, 3, 1, 1, 0, 0, 3, 1, 0, 1, 1, 0, 0, 3, 3, 3, 1, 1, 0]",34,17,17,38,19,19,2015 Augsburg,2.0,1.694915254237288
271,Bundesliga,2015,Bayern Munich,"[3, 3, 3, 3, 3, 3, 3, 3, 3, 3, 1, 3, 3, 3, 0, 3, 3, 3, 3, 1, 3, 3, 3, 0, 1, 3, 3, 3, 3, 3, 3, 1, 3, 3]",34,17,17,88,46,42,2015 Bayern Munich,8.007857415952119,3.0959752321981426
272,Bundesliga,2015,Darmstadt,"[1, 1, 1, 3, 0, 3, 1, 0, 3, 0, 0, 1, 0, 1, 3, 0, 0, 3, 0, 3, 0, 0, 1, 0, 1, 1, 1, 1, 3, 3, 0, 0, 3, 0]",34,17,17,38,18,20,2015 Darmstadt,1.517574414021597,1.4705882352941178
273,Bundesliga,2015,Dortmund,"[3, 3, 3, 3, 3, 1, 1, 0, 3, 3, 3, 3, 0, 3, 3, 3, 0, 3, 3, 1, 3, 3, 3, 3, 1, 3, 3, 3, 1, 3, 3, 3, 0, 1]",34,17,17,78,38,40,2015 Dortmund,1.4712452727790646,1.5015015015015014
274,Bundesliga,2015,Ein Frankfurt,"[0, 1, 3, 3, 1, 0, 1, 0, 0, 3, 1, 1, 0, 0, 0, 0, 3, 3, 1, 0, 0, 1, 1, 0, 1, 0, 3, 0, 0, 0, 3, 3, 3, 0]",34,17,17,36,17,19,2015 Ein Frankfurt,1.5135350027868082,1.4880952380952381
275,Bundesliga,2015,FC Koln,"[3, 1, 3, 0, 3, 0, 1, 3, 0, 0, 1, 3, 1, 1, 0, 1, 3, 0, 1, 1, 3, 0, 0, 1, 0, 3, 0, 1, 0, 3, 3, 1, 1, 1]",34,17,17,43,24,19,2015 FC Koln,6.327636557518578,3.4602076124567476
276,Bundesliga,2015,Hamburg,"[0, 3, 0, 3, 1, 3, 0, 0, 1, 3, 0, 1, 3, 3, 0, 1, 0, 0, 0, 1, 3, 1, 1, 0, 3, 0, 0, 3, 0, 0, 3, 1, 0, 3]",34,17,17,41,22,19,2015 Hamburg,3.672319408098077,2.5510204081632653
277,Bundesliga,2015,Hannover,"[1, 0, 0, 0, 0, 0, 1, 3, 3, 0, 3, 0, 0, 3, 0, 0, 0, 0, 0, 0, 0, 0, 3, 0, 0, 0, 0, 0, 1, 3, 1, 0, 3, 0]",34,17,17,25,14,11,2015 Hannover,4.0829863800614685,2.4691358024691357
278,Bundesliga,2015,Hertha,"[3, 1, 0, 3, 0, 3, 1, 3, 0, 3, 0, 3, 3, 0, 3, 3, 3, 1, 1, 1, 0, 1, 3, 3, 0, 3, 3, 0, 1, 0, 0, 0, 0, 1]",34,17,17,50,32,18,2015 Hertha,360.0275806830782,19.948134849391582
279,Bundesliga,2015,Hoffenheim,"[0, 0, 1, 0, 0, 1, 3, 1, 0, 0, 1, 1, 0, 1, 1, 3, 0, 1, 0, 0, 1, 3, 0, 3, 0, 3, 3, 1, 3, 3, 0, 3, 0, 0]",34,17,17,37,13,24,2015 Hoffenheim,1.011885217022758,1.0526315789473684
280,Bundesliga,2015,Ingolstadt,"[3, 0, 3, 1, 3, 0, 1, 3, 0, 0, 1, 1, 3, 0, 1, 0, 0, 3, 0, 3, 0, 3, 1, 1, 1, 1, 0, 3, 3, 0, 1, 0, 0, 0]",34,17,17,40,20,20,2015 Ingolstadt,2.0,1.8115942028985508
281,Bundesliga,2015,Leverkusen,"[3, 3, 0, 0, 0, 3, 3, 1, 1, 3, 0, 0, 3, 1, 0, 3, 3, 1, 3, 1, 3, 0, 0, 0, 1, 3, 3, 3, 3, 3, 3, 3, 0, 3]",34,17,17,60,27,33,2015 Leverkusen,1.1282767573897616,1.1904761904761905
282,Bundesliga,2015,MGladbach,"[0, 0, 0, 0, 0, 3, 3, 3, 3, 3, 3, 1, 3, 1, 3, 0, 3, 0, 0, 3, 0, 3, 1, 3, 0, 3, 0, 3, 0, 0, 3, 1, 3, 3]",34,17,17,55,29,26,2015 MGladbach,3.6282770336686445,2.4213075060532687
283,Bundesliga,2015,Mainz,"[0, 3, 3, 0, 3, 0, 0, 3, 0, 0, 1, 3, 1, 3, 3, 1, 0, 0, 3, 3, 3, 0, 3, 3, 1, 0, 1, 3, 1, 0, 0, 1, 3, 1]",34,17,17,50,24,26,2015 Mainz,1.5290581956307034,1.5197568389057752
284,Bundesliga,2015,Schalke 04,"[3, 1, 0, 3, 3, 3, 3, 0, 3, 0, 1, 0, 0, 1, 3, 0, 3, 0, 3, 3, 0, 1, 1, 3, 3, 0, 3, 0, 1, 0, 0, 3, 1, 3]",34,17,17,52,27,25,2015 Schalke 04,2.890151231487637,2.331002331002331
285,Bundesliga,2015,Stuttgart,"[0, 0, 0, 0, 0, 3, 0, 1, 3, 0, 3, 0, 0, 0, 1, 1, 3, 3, 3, 3, 3, 1, 0, 0, 3, 1, 0, 1, 0, 0, 0, 0, 0, 0]",34,17,17,33,15,18,2015 Stuttgart,1.3563558844471983,1.4265335235378032
286,Bundesliga,2015,Werder Bremen,"[0, 1, 3, 3, 0, 0, 0, 0, 0, 3, 0, 3, 0, 0, 1, 1, 0, 3, 1, 0, 1, 0, 1, 3, 3, 0, 1, 0, 0, 3, 0, 3, 1, 3]",34,17,17,38,15,23,2015 Werder Bremen,1.0533786145257904,1.1507479861910241
287,Bundesliga,2015,Wolfsburg,"[3, 1, 3, 1, 3, 0, 1, 0, 3, 3, 3, 0, 3, 1, 0, 1, 0, 0, 1, 0, 3, 1, 0, 3, 3, 0, 1, 0, 1, 0, 0, 0, 3, 3]",34,17,17,45,26,19,2015 Wolfsburg,12.289203217978866,4.975124378109452
288,Bundesliga,2016,Augsburg,"[0, 3, 0, 1, 3, 0, 1, 0, 0, 3, 1, 1, 1, 0, 3, 1, 0, 3, 3, 0, 0, 3, 1, 0, 1, 0, 0, 0, 3, 0, 3, 1, 1, 1]",34,17,17,38,18,20,2016 Augsburg,1.517574414021597,1.5360983102918586
289,Bundesliga,2016,Bayern Munich,"[3, 3, 3, 3, 3, 1, 1, 3, 3, 1, 0, 3, 3, 3, 3, 3, 3, 3, 1, 3, 1, 3, 3, 3, 3, 3, 0, 3, 1, 1, 3, 3, 3, 3]",34,17,17,82,42,40,2016 Bayern Munich,3.236585925045972,2.247191011235955
290,Bundesliga,2016,Darmstadt,"[0, 3, 0, 1, 0, 1, 0, 3, 0, 0, 0, 0, 0, 0, 0, 0, 1, 0, 0, 3, 0, 0, 0, 3, 0, 0, 0, 0, 3, 3, 3, 0, 0, 1]",34,17,17,25,9,16,2016 Darmstadt,1.0565849956944178,1.1507479861910241
291,Bundesliga,2016,Dortmund,"[3, 0, 3, 3, 3, 0, 1, 1, 1, 3, 3, 0, 3, 1, 1, 1, 3, 1, 3, 0, 3, 3, 3, 0, 3, 1, 3, 0, 3, 3, 1, 3, 1, 3]",34,17,17,64,30,34,2016 Dortmund,1.2599892358929112,1.3280212483399734
292,Bundesliga,2016,Ein Frankfurt,"[3, 0, 3, 3, 1, 0, 1, 3, 1, 3, 3, 3, 1, 1, 0, 3, 0, 3, 3, 0, 0, 0, 0, 0, 1, 1, 0, 1, 0, 3, 0, 0, 0, 1]",34,17,17,42,29,13,2016 Ein Frankfurt,1554.6973133347972,42.84490145672665
293,Bundesliga,2016,FC Koln,"[3, 1, 3, 3, 1, 1, 3, 0, 3, 0, 3, 1, 0, 1, 1, 1, 1, 3, 3, 0, 1, 0, 0, 1, 3, 0, 3, 0, 0, 1, 1, 3, 1, 3]",34,17,17,49,26,23,2016 FC Koln,3.6222233137229227,2.5906735751295336
294,Bundesliga,2016,Freiburg,"[0, 3, 0, 3, 0, 3, 0, 3, 3, 0, 0, 0, 1, 3, 1, 3, 0, 3, 0, 3, 1, 0, 3, 1, 1, 0, 3, 3, 0, 3, 0, 3, 1, 0]",34,17,17,48,23,25,2016 Freiburg,1.5285316764159818,1.5649452269170578
295,Bundesliga,2016,Hamburg,"[1, 0, 0, 0, 0, 0, 1, 0, 0, 0, 1, 1, 3, 3, 0, 3, 0, 0, 3, 3, 1, 0, 3, 3, 1, 3, 0, 3, 0, 0, 0, 1, 1, 3]",34,17,17,38,13,25,2016 Hamburg,1.0070439979566765,1.037344398340249
296,Bundesliga,2016,Hertha,"[3, 3, 3, 0, 1, 3, 1, 3, 0, 3, 1, 3, 3, 0, 0, 3, 0, 0, 3, 0, 1, 3, 0, 3, 0, 0, 0, 3, 0, 3, 0, 0, 3, 0]",34,17,17,49,30,19,2016 Hertha,68.35889346253882,8.547008547008547
297,Bundesliga,2016,Hoffenheim,"[1, 1, 1, 1, 3, 3, 3, 3, 3, 1, 1, 1, 3, 1, 1, 1, 3, 0, 3, 0, 3, 1, 3, 1, 3, 3, 3, 0, 3, 1, 3, 0, 3, 1]",34,17,17,62,31,31,2016 Hoffenheim,2.0,1.7825311942959001
298,Bundesliga,2016,Ingolstadt,"[1, 0, 0, 0, 0, 0, 0, 1, 0, 0, 3, 1, 0, 3, 3, 0, 0, 3, 0, 0, 3, 0, 0, 1, 0, 3, 3, 3, 0, 0, 1, 1, 1, 1]",34,17,17,32,12,20,2016 Ingolstadt,1.045914758316398,1.1123470522803114
299,Bundesliga,2016,Leverkusen,"[0, 3, 0, 1, 3, 3, 0, 0, 3, 3, 0, 0, 1, 3, 0, 1, 3, 0, 0, 3, 3, 0, 0, 1, 0, 1, 3, 0, 1, 0, 0, 1, 1, 3]",34,17,17,41,24,17,2016 Leverkusen,12.701212347747552,4.385964912280702
300,Bundesliga,2016,MGladbach,"[3, 0, 3, 1, 3, 0, 1, 0, 1, 0, 0, 1, 0, 3, 0, 0, 1, 3, 3, 3, 0, 3, 3, 0, 0, 1, 3, 3, 0, 0, 3, 1, 1, 1]",34,17,17,45,17,28,2016 MGladbach,1.0143362294440978,1.0706638115631693
301,Bundesliga,2016,Mainz,"[0, 1, 3, 3, 0, 1, 3, 0, 3, 0, 3, 0, 0, 0, 3, 0, 1, 1, 0, 3, 0, 3, 1, 0, 0, 0, 0, 0, 3, 1, 0, 1, 3, 0]",34,17,17,37,21,16,2016 Mainz,6.597419921806366,3.048780487804878
302,Bundesliga,2016,RB Leipzig,"[1, 3, 3, 1, 1, 3, 3, 3, 3, 3, 3, 3, 3, 0, 3, 0, 3, 3, 0, 0, 3, 3, 1, 0, 0, 3, 3, 3, 3, 1, 1, 3, 0, 1]",34,17,17,67,39,28,2016 RB Leipzig,91.81882959859895,10.619093129446746
303,Bundesliga,2016,Schalke 04,"[0, 0, 0, 0, 0, 3, 1, 3, 1, 3, 3, 3, 0, 0, 1, 0, 3, 0, 1, 3, 1, 1, 0, 3, 3, 1, 0, 3, 0, 1, 3, 0, 1, 1]",34,17,17,43,21,22,2016 Schalke 04,1.7257451955474763,1.680672268907563
304,Bundesliga,2016,Werder Bremen,"[0, 0, 0, 0, 3, 1, 3, 0, 0, 0, 0, 1, 3, 3, 1, 1, 0, 0, 0, 0, 3, 3, 3, 1, 3, 3, 3, 1, 3, 3, 3, 0, 0, 0]",34,17,17,45,16,29,2016 Werder Bremen,1.0047884510797969,1.0427528675703859
305,Bundesliga,2016,Wolfsburg,"[3, 1, 1, 0, 0, 1, 0, 0, 0, 3, 0, 1, 0, 0, 3, 3, 3, 0, 0, 3, 0, 0, 1, 3, 3, 1, 0, 0, 3, 0, 0, 3, 1, 0]",34,17,17,37,19,18,2016 Wolfsburg,2.389951404096919,2.0876826722338206
306,Bundesliga,2017,Augsburg,"[0, 1, 3, 3, 3, 1, 0, 1, 0, 3, 1, 0, 3, 3, 1, 0, 1, 3, 0, 1, 3, 0, 0, 1, 0, 3, 0, 1, 0, 1, 3, 1, 0, 0]",34,17,17,41,24,17,2017 Augsburg,12.701212347747552,5.1020408163265305
307,Bundesliga,2017,Bayern Munich,"[3, 3, 0, 3, 3, 1, 1, 3, 3, 3, 3, 3, 0, 3, 3, 3, 3, 3, 3, 3, 3, 3, 3, 1, 3, 3, 0, 3, 3, 3, 3, 3, 3, 0]",34,17,17,84,41,43,2017 Bayern Munich,1.4320885046320002,1.4285714285714286
308,Bundesliga,2017,Dortmund,"[3, 3, 1, 3, 3, 3, 3, 0, 1, 0, 0, 0, 1, 1, 0, 3, 3, 1, 1, 1, 3, 3, 3, 1, 1, 3, 3, 0, 3, 0, 3, 1, 0, 0]",34,17,17,55,28,27,2017 Dortmund,2.3737653813593886,2.150537634408602
309,Bundesliga,2017,Ein Frankfurt,"[1, 0, 3, 0, 3, 0, 3, 3, 1, 1, 3, 1, 0, 3, 0, 3, 1, 1, 3, 3, 0, 3, 3, 0, 3, 0, 3, 0, 1, 0, 0, 0, 3, 0]",34,17,17,49,26,23,2017 Ein Frankfurt,3.6222233137229227,2.544529262086514
310,Bundesliga,2017,FC Koln,"[0, 0, 0, 0, 0, 1, 0, 0, 1, 0, 0, 0, 0, 1, 0, 0, 3, 3, 3, 1, 0, 0, 1, 3, 0, 0, 3, 0, 1, 0, 1, 0, 0, 0]",34,17,17,22,6,16,2017 FC Koln,1.008098895259432,1.0438413361169103
311,Bundesliga,2017,Freiburg,"[1, 0, 1, 0, 1, 1, 3, 0, 1, 0, 0, 0, 3, 1, 3, 3, 1, 1, 3, 1, 1, 0, 3, 1, 0, 1, 0, 0, 0, 0, 0, 3, 0, 3]",34,17,17,36,19,17,2017 Freiburg,2.947286931900036,2.34192037470726
312,Bundesliga,2017,Hamburg,"[3, 3, 0, 0, 0, 0, 1, 0, 0, 0, 3, 0, 3, 1, 1, 0, 0, 0, 0, 1, 1, 0, 0, 0, 1, 0, 0, 1, 3, 0, 3, 3, 0, 3]",34,17,17,31,15,16,2017 Hamburg,1.708750755995502,1.5625
313,Bundesliga,2017,Hannover,"[3, 3, 1, 3, 1, 1, 0, 0, 3, 3, 0, 0, 1, 0, 3, 0, 1, 3, 1, 0, 1, 3, 1, 0, 0, 0, 0, 0, 3, 1, 0, 0, 3, 0]",34,17,17,39,23,16,2017 Hannover,13.00421438396636,4.784688995215311
314,Bundesliga,2017,Hertha,"[3, 0, 1, 1, 3, 0, 1, 0, 1, 3, 1, 0, 3, 0, 1, 3, 3, 0, 1, 1, 1, 3, 0, 1, 0, 1, 3, 1, 0, 3, 3, 1, 0, 0]",34,17,17,43,24,19,2017 Hertha,6.327636557518578,3.278688524590164
315,Bundesliga,2017,Hoffenheim,"[3, 1, 3, 1, 3, 3, 0, 1, 1, 0, 3, 1, 0, 3, 0, 3, 0, 1, 0, 0, 1, 3, 0, 1, 3, 3, 1, 3, 1, 3, 3, 3, 0, 3]",34,17,17,55,26,29,2017 Hoffenheim,1.3804773953391676,1.4124293785310735
316,Bundesliga,2017,Leverkusen,"[0, 1, 0, 3, 0, 3, 1, 1, 3, 3, 1, 1, 3, 1, 3, 3, 1, 0, 3, 3, 1, 0, 3, 0, 3, 3, 0, 1, 3, 3, 0, 0, 1, 3]",34,17,17,55,28,27,2017 Leverkusen,2.3737653813593886,1.8484288354898337
317,Bundesliga,2017,MGladbach,"[3, 1, 0, 1, 3, 0, 3, 3, 0, 3, 1, 3, 3, 0, 1, 0, 3, 0, 3, 0, 0, 0, 0, 3, 1, 0, 1, 1, 3, 0, 3, 1, 3, 0]",34,17,17,47,28,19,2017 MGladbach,27.095617950949443,6.410256410256411
318,Bundesliga,2017,Mainz,"[0, 0, 3, 0, 0, 3, 1, 3, 0, 1, 1, 3, 0, 0, 1, 0, 1, 0, 3, 0, 0, 0, 3, 1, 1, 0, 0, 1, 1, 3, 0, 3, 3, 0]",34,17,17,36,17,19,2017 Mainz,1.5135350027868082,1.5822784810126582
319,Bundesliga,2017,RB Leipzig,"[0, 3, 3, 1, 0, 3, 3, 3, 3, 0, 3, 1, 3, 0, 1, 1, 0, 3, 0, 1, 3, 3, 0, 0, 1, 1, 3, 3, 0, 1, 0, 0, 3, 3]",34,17,17,53,28,25,2017 RB Leipzig,3.6222233137229276,2.3640661938534278
320,Bundesliga,2017,Schalke 04,"[3, 0, 3, 3, 0, 0, 1, 3, 3, 1, 3, 3, 1, 1, 1, 3, 1, 0, 1, 3, 0, 0, 3, 3, 3, 3, 3, 3, 0, 3, 1, 1, 3, 3]",34,17,17,63,30,33,2017 Schalke 04,1.3708340420728449,1.4450867052023122
321,Bundesliga,2017,Stuttgart,"[0, 3, 0, 3, 0, 1, 0, 3, 0, 3, 0, 3, 1, 0, 0, 0, 0, 3, 0, 0, 1, 3, 3, 3, 3, 1, 3, 1, 0, 1, 3, 3, 3, 3]",34,17,17,51,17,34,2017 Stuttgart,1.0003807855816946,1.0141987829614605
322,Bundesliga,2017,Werder Bremen,"[0, 0, 1, 0, 1, 1, 1, 0, 1, 0, 0, 3, 0, 3, 3, 0, 1, 1, 0, 1, 3, 3, 0, 3, 1, 3, 3, 3, 0, 1, 0, 1, 1, 3]",34,17,17,42,15,27,2017 Werder Bremen,1.0079466122570673,1.0416666666666667
323,Bundesliga,2017,Wolfsburg,"[0, 3, 1, 0, 1, 1, 1, 1, 1, 1, 1, 3, 0, 3, 1, 1, 0, 1, 0, 3, 1, 0, 0, 1, 0, 0, 0, 1, 3, 1, 0, 0, 0, 3]",34,17,17,33,19,14,2017 Wolfsburg,6.8979515131872695,3.9215686274509802
324,Bundesliga,2018,Augsburg,"[3, 1, 0, 0, 1, 3, 0, 1, 3, 1, 0, 0, 0, 0, 1, 1, 0, 0, 0, 3, 0, 0, 0, 3, 1, 3, 0, 0, 3, 3, 0, 1, 0, 0]",34,17,17,32,15,17,2018 Augsburg,1.5032373726261157,1.466275659824047
325,Bundesliga,2018,Bayern Munich,"[3, 3, 3, 3, 1, 0, 0, 3, 3, 1, 0, 1, 3, 3, 3, 3, 3, 3, 3, 0, 3, 3, 3, 3, 3, 3, 1, 3, 3, 3, 1, 3, 1, 3]",34,17,17,78,36,42,2018 Bayern Munich,1.087753938968019,1.1750881316098707
326,Bundesliga,2018,Dortmund,"[3, 1, 3, 1, 3, 3, 3, 3, 1, 3, 3, 3, 3, 3, 3, 0, 3, 3, 3, 1, 1, 1, 3, 0, 3, 3, 3, 0, 3, 3, 0, 1, 3, 3]",34,17,17,76,42,34,2018 Dortmund,28.932511649034325,7.462686567164179
327,Bundesliga,2018,Ein Frankfurt,"[3, 0, 0, 1, 0, 3, 3, 3, 1, 3, 3, 3, 0, 0, 3, 1, 0, 3, 1, 1, 1, 1, 3, 3, 3, 3, 3, 3, 0, 1, 1, 0, 0, 0]",34,17,17,54,27,27,2018 Ein Frankfurt,2.0,1.8518518518518519
328,Bundesliga,2018,Fortuna Dusseldorf,"[0, 1, 3, 1, 0, 0, 0, 0, 0, 0, 3, 1, 0, 0, 3, 3, 3, 3, 0, 1, 3, 0, 3, 3, 0, 0, 3, 3, 0, 0, 3, 1, 0, 3]",34,17,17,44,18,26,2018 Fortuna Dusseldorf,1.058054255215732,1.1614401858304297
329,Bundesliga,2018,Freiburg,"[0, 0, 1, 3, 3, 0, 1, 1, 3, 1, 0, 1, 0, 3, 0, 1, 3, 0, 0, 1, 1, 1, 3, 0, 3, 1, 1, 0, 0, 0, 0, 1, 0, 3]",34,17,17,36,21,15,2018 Freiburg,9.354198766690498,4.464285714285714
330,Bundesliga,2018,Hannover,"[1, 1, 0, 0, 0, 0, 3, 1, 0, 0, 3, 0, 0, 1, 0, 1, 0, 0, 0, 0, 3, 0, 0, 0, 0, 0, 0, 0, 0, 1, 3, 0, 3, 0]",34,17,17,21,11,10,2018 Hannover,2.4796922498005145,2.0120724346076457
331,Bundesliga,2018,Hertha,"[3, 3, 1, 3, 0, 3, 1, 1, 1, 0, 0, 1, 3, 3, 0, 1, 0, 3, 1, 0, 3, 1, 0, 3, 0, 0, 0, 0, 0, 1, 1, 3, 3, 0]",34,17,17,43,24,19,2018 Hertha,6.327636557518578,3.5335689045936394
332,Bundesliga,2018,Hoffenheim,"[0, 3, 0, 1, 3, 0, 0, 3, 3, 3, 3, 1, 1, 1, 1, 1, 1, 0, 3, 1, 1, 3, 1, 0, 3, 1, 3, 3, 3, 3, 0, 1, 0, 0]",34,17,17,51,25,26,2018 Hoffenheim,1.7286413044601803,1.6556291390728477
333,Bundesliga,2018,Leverkusen,"[0, 0, 0, 3, 3, 0, 1, 1, 3, 0, 0, 3, 1, 3, 0, 3, 3, 0, 3, 3, 3, 3, 0, 3, 3, 0, 0, 0, 3, 3, 3, 3, 1, 3]",34,17,17,58,24,34,2018 Leverkusen,1.023324100330127,1.0964912280701755
334,Bundesliga,2018,MGladbach,"[3, 1, 3, 0, 3, 1, 3, 3, 0, 3, 3, 3, 0, 3, 1, 3, 0, 3, 3, 3, 0, 1, 0, 0, 3, 1, 0, 1, 3, 0, 0, 1, 3, 0]",34,17,17,55,33,22,2018 MGladbach,69.24064535796957,9.260116677470137
335,Bundesliga,2018,Mainz,"[3, 1, 3, 0, 1, 0, 1, 0, 0, 3, 3, 0, 3, 1, 0, 1, 1, 3, 3, 0, 0, 0, 3, 0, 0, 0, 0, 3, 0, 3, 0, 1, 3, 3]",34,17,17,43,21,22,2018 Mainz,1.7257451955474763,1.7182130584192439
336,Bundesliga,2018,Nurnberg,"[0, 1, 1, 3, 0, 3, 0, 0, 1, 1, 0, 0, 1, 0, 0, 0, 0, 0, 0, 1, 0, 1, 0, 0, 0, 0, 3, 1, 1, 0, 1, 0, 0, 0]",34,17,17,19,11,8,2018 Nurnberg,4.489505618985123,2.7027027027027026
337,Bundesliga,2018,RB Leipzig,"[0, 1, 3, 1, 3, 3, 3, 1, 1, 3, 3, 0, 3, 0, 3, 0, 3, 0, 3, 3, 1, 3, 1, 3, 1, 3, 3, 3, 3, 3, 3, 1, 1, 0]",34,17,17,66,31,35,2018 RB Leipzig,1.2556752620378242,1.2953367875647668
338,Bundesliga,2018,Schalke 04,"[0, 0, 0, 0, 0, 3, 3, 0, 1, 3, 0, 3, 1, 0, 1, 0, 3, 3, 1, 0, 0, 1, 0, 0, 0, 0, 3, 0, 1, 0, 3, 1, 1, 1]",34,17,17,33,18,15,2018 Schalke 04,3.806183491402879,2.6246719160104988
339,Bundesliga,2018,Stuttgart,"[0, 0, 1, 1, 0, 3, 0, 0, 0, 0, 3, 0, 3, 0, 3, 0, 0, 0, 0, 1, 0, 0, 1, 3, 0, 1, 0, 1, 0, 0, 3, 0, 3, 1]",34,17,17,28,14,14,2018 Stuttgart,2.0,1.8315018315018314
340,Bundesliga,2018,Werder Bremen,"[1, 3, 1, 3, 3, 0, 3, 3, 0, 0, 0, 1, 0, 3, 0, 1, 0, 3, 1, 1, 3, 1, 1, 1, 3, 3, 3, 1, 3, 0, 0, 1, 3, 3]",34,17,17,53,22,31,2018 Werder Bremen,1.038681847035313,1.1210762331838564
341,Bundesliga,2018,Wolfsburg,"[3, 3, 1, 0, 1, 1, 0, 0, 3, 0, 0, 3, 3, 1, 3, 3, 3, 0, 0, 3, 1, 3, 3, 1, 0, 3, 0, 3, 0, 1, 3, 3, 0, 3]",34,17,17,55,28,27,2018 Wolfsburg,2.3737653813593886,2.079002079002079
342,Bundesliga,2019,Augsburg,"[0, 1, 0, 3, 1, 0, 0, 1, 1, 0, 3, 3, 1, 3, 3, 3, 0, 0, 0, 3, 0, 1, 0, 0, 0, 0, 3, 1, 0, 1, 3, 0, 1, 0]",34,17,17,36,23,13,2019 Augsburg,52.25865339539334,8.264462809917354
343,Bundesliga,2019,Bayern Munich,"[1, 3, 3, 1, 3, 3, 0, 1, 3, 0, 3, 3, 0, 0, 3, 3, 3, 3, 3, 3, 1, 3, 3, 3, 3, 3, 3, 3, 3, 3, 3, 3, 3, 3]",34,17,17,82,33,49,2019 Bayern Munich,1.0000330054411783,1.001001001001001
344,Bundesliga,2019,Dortmund,"[3, 3, 0, 3, 1, 1, 1, 3, 1, 3, 0, 1, 3, 3, 3, 1, 0, 3, 3, 3, 0, 3, 3, 3, 3, 3, 3, 0, 3, 3, 3, 0, 3, 0]",34,17,17,69,30,39,2019 Dortmund,1.0292298193642728,1.1074197120708749
345,Bundesliga,2019,Ein Frankfurt,"[3, 0, 3, 0, 1, 3, 1, 3, 0, 3, 0, 0, 0, 1, 0, 0, 0, 3, 3, 1, 3, 0, 0, 0, 0, 0, 1, 3, 3, 0, 3, 3, 1, 3]",34,17,17,45,18,27,2019 Ein Frankfurt,1.0377194778694767,1.1001100110011002
346,Bundesliga,2019,FC Koln,"[0, 0, 3, 0, 0, 0, 1, 3, 0, 0, 0, 0, 1, 0, 3, 3, 3, 3, 0, 3, 0, 3, 3, 3, 0, 1, 1, 0, 0, 1, 0, 0, 1, 0]",34,17,17,36,17,19,2019 FC Koln,1.5135350027868082,1.5552099533437014
347,Bundesliga,2019,Fortuna Dusseldorf,"[3, 0, 0, 1, 0, 0, 0, 3, 0, 3, 1, 0, 1, 0, 0, 0, 3, 0, 0, 1, 1, 0, 3, 1, 1, 1, 1, 3, 0, 1, 0, 1, 1, 0]",34,17,17,30,15,15,2019 Fortuna Dusseldorf,2.0,1.6891891891891893
348,Bundesliga,2019,Freiburg,"[3, 3, 0, 3, 1, 3, 1, 0, 3, 1, 3, 1, 0, 3, 0, 0, 1, 3, 0, 0, 3, 1, 0, 0, 3, 1, 0, 1, 0, 3, 1, 3, 0, 3]",34,17,17,48,26,22,2019 Freiburg,4.678458870403016,2.7624309392265194
349,Bundesliga,2019,Hertha,"[1, 0, 0, 0, 3, 3, 3, 1, 0, 0, 0, 0, 0, 1, 3, 3, 1, 0, 3, 1, 0, 3, 0, 1, 1, 3, 3, 1, 3, 0, 0, 0, 3, 0]",34,17,17,41,19,22,2019 Hertha,1.3742067647189347,1.4577259475218658
350,Bundesliga,2019,Hoffenheim,"[0, 3, 1, 0, 1, 0, 3, 3, 3, 3, 3, 0, 1, 0, 0, 3, 3, 0, 3, 3, 0, 0, 1, 0, 1, 0, 1, 3, 3, 1, 0, 3, 3, 3]",34,17,17,52,27,25,2019 Hoffenheim,2.890151231487637,2.2271714922048997
351,Bundesliga,2019,Leverkusen,"[3, 3, 1, 0, 3, 3, 1, 0, 1, 0, 3, 1, 3, 3, 0, 0, 3, 3, 3, 0, 3, 3, 3, 1, 3, 3, 3, 0, 3, 0, 1, 3, 0, 3]",34,17,17,63,28,35,2019 Leverkusen,1.083304077052778,1.179245283018868
352,Bundesliga,2019,MGladbach,"[1, 3, 0, 3, 3, 3, 3, 0, 3, 3, 3, 0, 3, 3, 0, 3, 1, 0, 3, 1, 3, 1, 3, 0, 3, 3, 0, 1, 3, 0, 0, 3, 3, 3]",34,17,17,65,35,30,2019 MGladbach,6.597419921806366,3.1545741324921135
353,Bundesliga,2019,Mainz,"[0, 0, 0, 3, 0, 0, 3, 0, 3, 0, 0, 3, 3, 0, 0, 3, 0, 0, 0, 0, 3, 1, 0, 3, 1, 1, 0, 1, 0, 3, 0, 3, 3, 0]",34,17,17,37,18,19,2019 Mainz,1.7194496131681103,1.7482517482517483
354,Bundesliga,2019,Paderborn,"[0, 0, 1, 0, 0, 0, 0, 0, 3, 0, 0, 1, 0, 3, 1, 0, 3, 0, 3, 0, 1, 0, 0, 0, 0, 1, 1, 1, 0, 1, 0, 0, 0, 0]",34,17,17,20,12,8,2019 Paderborn,6.27955829707152,3.2467532467532467
355,Bundesliga,2019,RB Leipzig,"[3, 3, 3, 1, 3, 0, 1, 1, 0, 3, 3, 3, 3, 3, 3, 1, 3, 3, 0, 1, 1, 3, 3, 1, 1, 1, 3, 1, 3, 1, 3, 1, 0, 3]",34,17,17,66,37,29,2019 RB Leipzig,20.532160416304052,6.896551724137931
356,Bundesliga,2019,Schalke 04,"[1, 0, 3, 3, 3, 3, 1, 0, 1, 3, 1, 3, 3, 0, 3, 1, 1, 3, 0, 1, 1, 1, 0, 0, 1, 0, 0, 0, 0, 1, 1, 0, 0, 0]",34,17,17,39,30,9,2019 Schalke 04,106413.13287615613,529.1005291005291
357,Bundesliga,2019,Union Berlin,"[0, 1, 3, 0, 0, 0, 0, 3, 0, 3, 3, 3, 0, 3, 1, 0, 0, 0, 3, 0, 3, 0, 3, 1, 0, 0, 0, 1, 0, 1, 3, 3, 0, 3]",34,17,17,41,20,21,2019 Union Berlin,1.7240725907768675,1.7452006980802792
358,Bundesliga,2019,Werder Bremen,"[0, 0, 3, 3, 0, 1, 1, 1, 1, 1, 0, 0, 3, 0, 0, 0, 0, 3, 0, 0, 0, 0, 0, 1, 0, 3, 1, 3, 0, 0, 3, 0, 0, 3]",34,17,17,31,14,17,2019 Werder Bremen,1.3498884541258231,1.4285714285714286
359,Bundesliga,2019,Wolfsburg,"[3, 3, 1, 1, 1, 3, 3, 1, 1, 0, 0, 3, 0, 0, 3, 1, 0, 0, 0, 3, 1, 3, 3, 1, 1, 3, 0, 3, 0, 3, 1, 0, 3, 0]",34,17,17,49,24,25,2019 Wolfsburg,1.728463118387191,1.6129032258064515
360,Bundesliga,2020,Augsburg,"[3, 3, 1, 0, 0, 3, 0, 1, 1, 0, 1, 3, 0, 3, 0, 0, 0, 3, 0, 0, 0, 1, 3, 0, 3, 0, 3, 0, 1, 0, 0, 0, 3, 0]",34,17,17,36,19,17,2020 Augsburg,2.947286931900036,2.375296912114014
361,Bundesliga,2020,Bayern Munich,"[3, 0, 3, 3, 3, 3, 3, 1, 3, 1, 1, 3, 3, 3, 0, 3, 3, 3, 3, 3, 1, 0, 3, 3, 3, 3, 3, 1, 3, 3, 0, 3, 1, 3]",34,17,17,78,39,39,2020 Bayern Munich,2.0,1.7857142857142858
362,Bundesliga,2020,Bielefeld,"[1, 3, 0, 0, 0, 0, 0, 0, 0, 3, 0, 0, 3, 0, 3, 1, 3, 0, 0, 1, 0, 0, 1, 0, 3, 0, 1, 3, 1, 3, 0, 1, 1, 3]",34,17,17,35,17,18,2020 Bielefeld,1.716432661281874,1.6750418760469012
363,Bundesliga,2020,Dortmund,"[3, 0, 3, 3, 3, 3, 0, 3, 0, 1, 0, 3, 0, 3, 3, 1, 0, 0, 3, 0, 1, 3, 3, 0, 3, 1, 0, 3, 3, 3, 3, 3, 3, 3]",34,17,17,64,29,35,2020 Dortmund,1.1230649932170615,1.2547051442910917
364,Bundesliga,2020,Ein Frankfurt,"[1, 3, 3, 1, 0, 1, 1, 1, 1, 1, 0, 1, 3, 3, 3, 3, 1, 3, 3, 3, 3, 3, 0, 1, 1, 3, 3, 3, 0, 3, 0, 1, 0, 3]",34,17,17,60,27,33,2020 Ein Frankfurt,1.1282767573897616,1.203369434416366
365,Bundesliga,2020,FC Koln,"[0, 0, 0, 1, 1, 0, 1, 0, 3, 1, 3, 0, 1, 0, 0, 1, 3, 0, 3, 3, 0, 0, 0, 1, 0, 1, 0, 0, 0, 3, 3, 0, 1, 3]",34,17,17,33,15,18,2020 FC Koln,1.3563558844471983,1.4619883040935673
366,Bundesliga,2020,Freiburg,"[3, 1, 0, 1, 1, 0, 0, 0, 1, 1, 3, 3, 3, 3, 3, 0, 1, 3, 0, 3, 1, 0, 3, 0, 0, 3, 0, 0, 3, 1, 0, 3, 1, 0]",34,17,17,45,24,21,2020 Freiburg,3.6384952930693673,2.570694087403599
367,Bundesliga,2020,Hertha,"[3, 0, 0, 0, 0, 1, 3, 0, 1, 3, 1, 1, 0, 3, 0, 1, 0, 0, 0, 0, 1, 0, 0, 3, 0, 3, 1, 1, 1, 3, 1, 3, 1, 0]",34,17,17,35,17,18,2020 Hertha,1.716432661281874,1.6611295681063123
368,Bundesliga,2020,Hoffenheim,"[3, 3, 0, 0, 1, 0, 0, 1, 1, 3, 0, 0, 3, 0, 0, 1, 3, 3, 0, 0, 1, 3, 1, 3, 0, 0, 0, 1, 1, 3, 1, 3, 1, 3]",34,17,17,43,19,24,2020 Hoffenheim,1.187700491428748,1.2755102040816326
369,Bundesliga,2020,Leverkusen,"[1, 1, 1, 3, 3, 3, 3, 3, 1, 3, 3, 3, 0, 0, 1, 0, 3, 0, 0, 3, 1, 1, 0, 3, 0, 0, 3, 1, 3, 0, 3, 1, 1, 0]",34,17,17,52,32,20,2020 Leverkusen,114.52765604971013,13.22226629644321
370,Bundesliga,2020,MGladbach,"[0, 1, 3, 1, 3, 3, 0, 1, 3, 1, 1, 1, 0, 3, 3, 1, 3, 3, 1, 0, 1, 0, 0, 0, 0, 3, 3, 1, 3, 0, 3, 0, 0, 3]",34,17,17,49,28,21,2020 MGladbach,12.094946192426208,4.366812227074236
371,Bundesliga,2020,Mainz,"[0, 0, 0, 0, 0, 0, 1, 3, 1, 0, 0, 1, 0, 0, 0, 1, 0, 3, 0, 3, 1, 3, 0, 1, 3, 3, 1, 3, 3, 3, 1, 1, 0, 3]",34,17,17,39,7,32,2020 Mainz,1.0000001755260297,1.0
372,Bundesliga,2020,RB Leipzig,"[3, 1, 3, 3, 3, 0, 3, 1, 3, 1, 3, 3, 1, 3, 0, 1, 3, 0, 3, 3, 3, 3, 3, 3, 1, 3, 0, 3, 1, 0, 3, 0, 1, 0]",34,17,17,65,35,30,2020 RB Leipzig,6.597419921806366,3.484320557491289
373,Bundesliga,2020,Schalke 04,"[0, 0, 0, 1, 0, 1, 1, 0, 0, 0, 1, 0, 0, 0, 3, 0, 0, 0, 1, 0, 1, 0, 0, 1, 0, 0, 0, 3, 0, 0, 0, 0, 3, 0]",34,17,17,16,7,9,2020 Schalke 04,1.4145048113982899,1.4347202295552368
374,Bundesliga,2020,Stuttgart,"[0, 3, 1, 3, 1, 1, 1, 1, 0, 3, 3, 1, 0, 0, 3, 1, 0, 0, 3, 0, 1, 3, 3, 1, 3, 0, 3, 0, 0, 0, 0, 3, 3, 0]",34,17,17,45,22,23,2020 Stuttgart,1.727024202984963,1.6666666666666667
375,Bundesliga,2020,Union Berlin,"[0, 1, 3, 1, 1, 3, 3, 3, 1, 0, 1, 1, 3, 3, 1, 3, 0, 0, 1, 0, 1, 3, 1, 1, 3, 0, 1, 1, 3, 0, 3, 0, 1, 3]",34,17,17,50,28,22,2020 Union Berlin,8.522472542384548,4.587155963302752
376,Bundesliga,2020,Werder Bremen,"[0, 3, 3, 1, 1, 1, 1, 1, 0, 0, 0, 0, 3, 0, 1, 3, 0, 3, 1, 1, 0, 3, 1, 3, 0, 0, 0, 0, 0, 0, 0, 1, 0, 0]",34,17,17,31,18,13,2020 Werder Bremen,7.09815163113516,3.7037037037037037
377,Bundesliga,2020,Wolfsburg,"[1, 1, 1, 1, 3, 1, 3, 3, 3, 1, 3, 0, 3, 0, 1, 1, 3, 3, 3, 3, 1, 3, 3, 0, 3, 3, 3, 0, 0, 3, 0, 3, 1, 0]",34,17,17,61,29,32,2020 Wolfsburg,1.3742067647189347,1.402524544179523
378,Bundesliga,2021,Augsburg,"[0, 1, 0, 1, 3, 0, 0, 1, 0, 3, 0, 3, 1, 0, 3, 1, 1, 0, 1, 0, 3, 0, 0, 1, 3, 0, 3, 3, 0, 0, 3, 0, 0, 3]",34,17,17,38,18,20,2021 Augsburg,1.517574414021597,1.5037593984962405
379,Bundesliga,2021,Bayern Munich,"[1, 3, 3, 3, 3, 3, 0, 3, 3, 3, 3, 0, 3, 3, 3, 3, 3, 0, 3, 3, 3, 0, 3, 3, 1, 1, 3, 3, 3, 3, 3, 0, 1, 1]",34,17,17,77,43,34,2021 Bayern Munich,52.22850402186902,7.6923076923076925
380,Bundesliga,2021,Bielefeld,"[1, 1, 1, 0, 1, 0, 0, 1, 0, 0, 3, 1, 0, 1, 0, 3, 3, 1, 1, 3, 1, 0, 3, 0, 0, 0, 0, 1, 0, 0, 0, 1, 0, 1]",34,17,17,28,16,12,2021 Bielefeld,5.335990779026502,3.125
381,Bundesliga,2021,Bochum,"[0, 3, 0, 0, 0, 1, 0, 3, 3, 0, 3, 0, 3, 3, 1, 0, 0, 3, 0, 1, 1, 3, 1, 0, 3, 0, 0, 3, 1, 0, 0, 3, 3, 0]",34,17,17,42,20,22,2021 Bochum,1.5237037287107387,1.5625
382,Bundesliga,2021,Dortmund,"[3, 0, 3, 3, 3, 0, 3, 3, 3, 3, 0, 3, 3, 0, 1, 3, 0, 3, 3, 3, 0, 3, 3, 1, 3, 3, 1, 0, 3, 3, 0, 0, 3, 3]",34,17,17,69,34,35,2021 Dortmund,1.712886020112078,1.5847860538827259
383,Bundesliga,2021,Ein Frankfurt,"[0, 1, 1, 1, 1, 1, 3, 0, 0, 1, 3, 3, 3, 0, 3, 3, 3, 0, 1, 0, 3, 0, 0, 0, 3, 3, 1, 1, 0, 0, 1, 0, 1, 1]",34,17,17,42,27,15,2021 Ein Frankfurt,126.83978778008998,15.743073047858942
384,Bundesliga,2021,FC Koln,"[3, 0, 3, 1, 1, 1, 3, 0, 1, 0, 1, 1, 3, 1, 0, 3, 3, 3, 0, 1, 3, 0, 3, 1, 0, 3, 1, 0, 3, 3, 3, 3, 0, 0]",34,17,17,52,25,27,2021 FC Koln,1.5290581956307028,1.597444089456869
385,Bundesliga,2021,Freiburg,"[1, 3, 3, 1, 1, 3, 3, 1, 3, 3, 0, 0, 0, 3, 0, 1, 3, 1, 0, 3, 0, 1, 3, 3, 1, 3, 1, 0, 3, 3, 1, 3, 0, 0]",34,17,17,55,29,26,2021 Freiburg,3.6282770336686445,2.717391304347826
386,Bundesliga,2021,Greuther Furth,"[0, 1, 0, 0, 0, 0, 0, 0, 0, 0, 0, 0, 0, 0, 3, 0, 1, 1, 1, 3, 0, 3, 0, 1, 0, 0, 1, 1, 0, 1, 0, 1, 0, 0]",34,17,17,18,5,13,2021 Greuther Furth,1.0192241906942976,1.0559662090813093
387,Bundesliga,2021,Hertha,"[0, 0, 0, 3, 3, 0, 0, 3, 3, 0, 1, 0, 1, 1, 3, 0, 3, 0, 1, 0, 1, 0, 0, 0, 0, 0, 3, 0, 0, 3, 3, 1, 0, 0]",34,17,17,33,21,12,2021 Hertha,35.21163803777328,6.410256410256411
388,Bundesliga,2021,Hoffenheim,"[3, 1, 0, 0, 1, 3, 0, 3, 0, 3, 0, 3, 3, 3, 3, 1, 1, 3, 0, 0, 0, 3, 3, 3, 3, 1, 0, 0, 0, 1, 1, 0, 0, 0]",34,17,17,46,28,18,2021 Hoffenheim,42.91475289897481,7.575757575757576
389,Bundesliga,2021,Leverkusen,"[1, 3, 3, 0, 3, 3, 3, 0, 1, 0, 1, 3, 3, 3, 0, 1, 0, 1, 3, 3, 3, 3, 0, 3, 1, 0, 3, 3, 1, 0, 3, 3, 3, 3]",34,17,17,64,28,36,2021 Leverkusen,1.0533786145257904,1.1547344110854503
390,Bundesliga,2021,MGladbach,"[1, 0, 0, 3, 0, 3, 3, 1, 0, 3, 1, 3, 0, 0, 0, 0, 1, 3, 0, 0, 1, 3, 0, 1, 0, 3, 3, 1, 3, 0, 1, 3, 1, 3]",34,17,17,45,19,26,2021 MGladbach,1.0885802107280191,1.1806375442739079
391,Bundesliga,2021,Mainz,"[3, 0, 3, 3, 1, 0, 0, 0, 3, 3, 1, 1, 0, 3, 0, 3, 0, 0, 3, 0, 3, 1, 3, 0, 0, 3, 1, 0, 0, 1, 0, 3, 3, 1]",34,17,17,46,24,22,2021 Mainz,2.8958324409472076,2.109704641350211
392,Bundesliga,2021,RB Leipzig,"[0, 3, 0, 0, 1, 3, 3, 1, 3, 1, 3, 0, 0, 0, 3, 1, 0, 3, 3, 3, 0, 3, 3, 3, 1, 3, 1, 3, 3, 3, 0, 0, 3, 1]",34,17,17,58,22,36,2021 RB Leipzig,1.0025704201751224,1.0256410256410255
393,Bundesliga,2021,Stuttgart,"[3, 0, 0, 1, 0, 1, 3, 1, 1, 0, 0, 0, 3, 1, 3, 0, 0, 1, 0, 0, 0, 0, 1, 0, 3, 1, 3, 1, 0, 1, 0, 1, 1, 3]",34,17,17,33,17,16,2021 Stuttgart,2.4027487870259843,2.0366598778004072
394,Bundesliga,2021,Union Berlin,"[1, 1, 3, 1, 0, 3, 3, 3, 1, 0, 1, 3, 0, 3, 0, 1, 3, 1, 3, 3, 0, 0, 0, 3, 0, 1, 0, 3, 3, 3, 3, 1, 3, 3]",34,17,17,57,27,30,2021 Union Berlin,1.379003897648306,1.4245014245014245
395,Bundesliga,2021,Wolfsburg,"[3, 3, 3, 3, 1, 0, 0, 0, 0, 3, 3, 1, 0, 0, 0, 0, 0, 0, 1, 0, 3, 3, 0, 1, 3, 0, 0, 0, 3, 0, 3, 1, 3, 1]",34,17,17,42,20,22,2021 Wolfsburg,1.5237037287107387,1.4880952380952381
396,Bundesliga,2022,Augsburg,"[0, 3, 0, 0, 0, 3, 3, 3, 1, 0, 1, 0, 0, 1, 0, 0, 3, 0, 3, 0, 3, 0, 3, 0, 1, 1, 0, 0, 1, 1, 3, 0, 0, 0]",34,17,17,34,18,16,2022 Augsburg,2.965493199807137,2.2522522522522523
397,Bundesliga,2022,Bayern Munich,"[3, 3, 3, 1, 1, 1, 0, 3, 1, 3, 3, 3, 3, 3, 3, 1, 1, 1, 3, 3, 0, 3, 3, 3, 0, 3, 3, 1, 0, 3, 3, 3, 0, 3]",34,17,17,71,36,35,2022 Bayern Munich,2.4109332392815777,2.0202020202020203
398,Bundesliga,2022,Bochum,"[0, 0, 0, 0, 0, 0, 1, 0, 3, 0, 3, 0, 0, 3, 3, 3, 0, 0, 3, 0, 0, 0, 0, 3, 3, 1, 0, 1, 0, 1, 0, 3, 1, 3]",34,17,17,35,16,19,2022 Bochum,1.3619590621033857,1.4450867052023122
399,Bundesliga,2022,Dortmund,"[3, 3, 0, 3, 3, 0, 3, 0, 1, 0, 3, 3, 3, 0, 0, 3, 3, 3, 3, 3, 3, 3, 3, 1, 3, 0, 3, 1, 3, 1, 3, 3, 3, 1]",34,17,17,71,31,40,2022 Dortmund,1.0270574334623257,1.1074197120708749
400,Bundesliga,2022,Ein Frankfurt,"[0, 1, 1, 3, 3, 0, 3, 3, 0, 3, 3, 0, 3, 3, 1, 3, 1, 1, 3, 0, 3, 0, 1, 1, 0, 1, 0, 1, 0, 1, 0, 3, 1, 3]",34,17,17,50,31,19,2022 Ein Frankfurt,114.52765604970996,14.156285390713476
401,Bundesliga,2022,FC Koln,"[3, 1, 1, 1, 3, 0, 1, 3, 0, 3, 0, 1, 0, 0, 0, 3, 1, 1, 1, 3, 0, 0, 1, 0, 0, 1, 3, 1, 3, 0, 3, 3, 1, 0]",34,17,17,42,21,21,2022 FC Koln,2.0,1.8115942028985508
402,Bundesliga,2022,Freiburg,"[3, 0, 3, 3, 3, 1, 1, 3, 1, 0, 3, 3, 3, 0, 3, 0, 1, 3, 0, 3, 3, 1, 1, 3, 1, 1, 0, 3, 3, 3, 0, 0, 3, 0]",34,17,17,59,31,28,2022 Freiburg,3.653078009809683,2.487562189054726
403,Bundesliga,2022,Hertha,"[0, 1, 0, 0, 3, 1, 1, 1, 1, 0, 3, 0, 0, 0, 3, 0, 0, 0, 0, 3, 0, 3, 0, 1, 0, 1, 0, 0, 0, 0, 3, 0, 1, 3]",34,17,17,29,14,15,2022 Hertha,1.7039527879756051,1.6920473773265652
404,Bundesliga,2022,Hoffenheim,"[0, 3, 3, 3, 0, 3, 1, 1, 0, 3, 0, 1, 0, 0, 0, 0, 1, 0, 0, 0, 0, 0, 0, 0, 3, 3, 3, 1, 0, 0, 3, 0, 3, 1]",34,17,17,36,19,17,2022 Hoffenheim,2.947286931900036,2.2271714922048997
405,Bundesliga,2022,Leverkusen,"[0, 0, 0, 3, 0, 1, 1, 0, 3, 0, 1, 0, 3, 3, 3, 3, 3, 0, 0, 3, 0, 1, 3, 3, 3, 3, 3, 1, 3, 1, 0, 1, 1, 0]",34,17,17,50,24,26,2022 Leverkusen,1.5290581956307034,1.492537313432836
406,Bundesliga,2022,MGladbach,"[3, 1, 3, 1, 0, 1, 3, 0, 3, 1, 0, 0, 3, 0, 3, 0, 0, 3, 1, 0, 3, 0, 1, 0, 1, 1, 3, 1, 0, 0, 3, 0, 1, 3]",34,17,17,43,22,21,2022 MGladbach,2.3778940682420027,2.0533880903490758
407,Bundesliga,2022,Mainz,"[3, 1, 3, 0, 3, 0, 1, 0, 1, 3, 3, 0, 0, 0, 1, 1, 0, 3, 0, 3, 3, 3, 3, 1, 1, 3, 1, 1, 3, 0, 0, 0, 0, 1]",34,17,17,46,20,26,2022 Mainz,1.1315454667351192,1.2091898428053205
408,Bundesliga,2022,RB Leipzig,"[1, 1, 0, 3, 0, 3, 0, 3, 1, 3, 1, 3, 3, 3, 3, 1, 3, 3, 1, 0, 3, 3, 0, 3, 0, 0, 3, 3, 0, 3, 3, 3, 3, 3]",34,17,17,66,32,34,2022 RB Leipzig,1.5135350027868089,1.589825119236884
409,Bundesliga,2022,Schalke 04,"[0, 1, 1, 0, 1, 3, 0, 0, 0, 0, 0, 0, 0, 3, 0, 0, 0, 1, 1, 1, 1, 3, 3, 1, 1, 0, 0, 3, 0, 3, 3, 0, 1, 0]",34,17,17,31,9,22,2022 Schalke 04,1.0025732177804891,1.015228426395939
410,Bundesliga,2022,Stuttgart,"[1, 1, 0, 1, 1, 1, 0, 0, 0, 3, 0, 3, 0, 3, 0, 1, 1, 0, 0, 0, 3, 0, 0, 1, 0, 0, 3, 1, 1, 3, 0, 1, 3, 1]",34,17,17,33,16,17,2022 Stuttgart,1.7128860201120786,1.6103059581320451
411,Bundesliga,2022,Union Berlin,"[3, 1, 3, 3, 1, 3, 3, 0, 3, 3, 0, 3, 0, 1, 0, 3, 3, 3, 3, 3, 1, 0, 1, 1, 3, 3, 0, 1, 3, 1, 0, 3, 0, 3]",34,17,17,62,33,29,2022 Union Berlin,4.793357466422961,2.8735632183908044
412,Bundesliga,2022,Werder Bremen,"[1, 1, 3, 0, 3, 0, 1, 3, 3, 0, 0, 3, 3, 0, 0, 0, 0, 3, 3, 0, 0, 3, 0, 0, 1, 0, 1, 0, 3, 0, 0, 0, 1, 0]",34,17,17,36,21,15,2022 Werder Bremen,9.354198766690498,3.8314176245210727
413,Bundesliga,2022,Wolfsburg,"[1, 0, 1, 0, 0, 3, 0, 3, 1, 1, 1, 3, 3, 3, 3, 3, 3, 0, 0, 1, 0, 3, 1, 1, 3, 1, 0, 1, 3, 3, 0, 3, 0, 0]",34,17,17,49,29,20,2022 Wolfsburg,26.85191961198479,6.944444444444445
414,Bundesliga,2023,Augsburg,"[1, 0, 1, 0, 3, 0, 0, 3, 3, 1, 1, 1, 3, 0, 1, 0, 0, 3, 0, 1, 1, 0, 3, 3, 3, 3, 1, 0, 3, 0, 0, 0, 0, 0]",34,17,17,39,18,21,2023 Augsburg,1.370834042072845,1.455604075691412
415,Bundesliga,2023,Bayern Munich,"[3, 3, 3, 1, 3, 1, 3, 3, 3, 3, 3, 3, 0, 3, 3, 3, 0, 3, 3, 3, 0, 0, 3, 1, 3, 3, 0, 0, 3, 3, 3, 0, 3, 0]",34,17,17,72,41,31,2023 Bayern Munich,67.16990419806856,7.194244604316546
416,Bundesliga,2023,Bochum,"[0, 1, 1, 1, 0, 0, 1, 0, 1, 3, 1, 1, 3, 0, 3, 0, 1, 3, 0, 1, 1, 3, 0, 0, 0, 0, 1, 0, 1, 0, 3, 3, 0, 0]",34,17,17,33,17,16,2023 Bochum,2.4027487870259843,1.9569471624266144
417,Bundesliga,2023,Darmstadt,"[0, 0, 0, 1, 0, 3, 3, 0, 0, 0, 1, 1, 0, 0, 0, 1, 0, 1, 0, 0, 1, 0, 1, 0, 0, 0, 1, 0, 0, 3, 0, 0, 0, 0]",34,17,17,17,10,7,2023 Darmstadt,4.7012361989769085,2.9411764705882355
418,Bundesliga,2023,Dortmund,"[3, 1, 1, 3, 3, 3, 3, 3, 1, 0, 0, 3, 1, 0, 1, 1, 3, 3, 3, 1, 3, 1, 0, 3, 3, 3, 3, 0, 3, 1, 0, 3, 0, 3]",34,17,17,63,30,33,2023 Dortmund,1.3708340420728449,1.4641288433382138
419,Bundesliga,2023,Ein Frankfurt,"[3, 1, 1, 1, 1, 0, 3, 3, 1, 3, 1, 0, 0, 3, 0, 3, 3, 1, 3, 0, 1, 1, 1, 3, 3, 0, 1, 1, 0, 3, 0, 0, 1, 1]",34,17,17,47,27,20,2023 Ein Frankfurt,12.166919103565846,5.128205128205129
420,Bundesliga,2023,FC Koln,"[0, 0, 1, 0, 0, 0, 0, 3, 0, 1, 1, 0, 3, 1, 0, 0, 1, 0, 1, 3, 1, 0, 1, 0, 1, 0, 1, 3, 0, 0, 1, 1, 3, 0]",34,17,17,27,11,16,2023 FC Koln,1.1506098529475262,1.2091898428053205
421,Bundesliga,2023,Freiburg,"[3, 3, 0, 0, 1, 3, 0, 3, 0, 1, 0, 1, 3, 3, 3, 0, 1, 3, 0, 0, 0, 1, 0, 1, 3, 0, 3, 0, 3, 1, 0, 1, 1, 0]",34,17,17,42,25,17,2023 Freiburg,18.603265127790788,4.784688995215311
422,Bundesliga,2023,Heidenheim,"[0, 0, 1, 3, 0, 3, 0, 0, 0, 3, 0, 1, 0, 3, 3, 3, 1, 1, 1, 1, 3, 0, 1, 0, 0, 1, 1, 3, 1, 0, 3, 1, 1, 3]",34,17,17,42,21,21,2023 Heidenheim,2.0,1.763668430335097
423,Bundesliga,2023,Hoffenheim,"[0, 3, 3, 3, 3, 0, 3, 0, 3, 0, 1, 1, 0, 3, 0, 1, 0, 0, 1, 1, 1, 0, 3, 3, 0, 0, 0, 3, 0, 3, 0, 1, 3, 3]",34,17,17,46,24,22,2023 Hoffenheim,2.8958324409472076,2.2172949002217295
424,Bundesliga,2023,Leverkusen,"[3, 3, 3, 1, 3, 3, 3, 3, 3, 3, 3, 3, 1, 1, 3, 3, 3, 3, 1, 3, 3, 3, 3, 3, 3, 3, 3, 3, 3, 1, 1, 3, 3, 3]",34,17,17,90,45,45,2023 Leverkusen,2.0,1.4450867052023122
425,Bundesliga,2023,MGladbach,"[1, 0, 0, 1, 0, 3, 1, 0, 3, 1, 3, 0, 3, 0, 1, 0, 3, 0, 1, 0, 1, 0, 3, 1, 1, 1, 0, 3, 0, 0, 1, 1, 1, 0]",34,17,17,34,20,14,2023 MGladbach,9.634911879559677,4.149377593360996
426,Bundesliga,2023,Mainz,"[0, 1, 0, 0, 0, 0, 1, 0, 1, 3, 1, 1, 0, 1, 0, 1, 1, 0, 0, 1, 0, 3, 0, 1, 0, 3, 1, 3, 3, 1, 1, 1, 3, 3]",34,17,17,35,11,24,2023 Mainz,1.0033626180471822,1.0121457489878543
427,Bundesliga,2023,RB Leipzig,"[0, 3, 3, 3, 3, 1, 1, 3, 3, 0, 3, 0, 3, 3, 3, 1, 0, 0, 0, 3, 1, 3, 0, 3, 3, 3, 1, 3, 3, 3, 3, 1, 1, 1]",34,17,17,65,33,32,2023 RB Leipzig,2.38995140409692,1.9120458891013383
428,Bundesliga,2023,Stuttgart,"[3, 0, 3, 3, 3, 3, 3, 3, 0, 0, 3, 3, 3, 1, 0, 3, 0, 0, 3, 3, 3, 3, 1, 3, 3, 3, 1, 3, 3, 0, 1, 3, 3, 3]",34,17,17,73,34,39,2023 Stuttgart,1.15768692330038,1.2936610608020698
429,Bundesliga,2023,Union Berlin,"[3, 3, 0, 0, 0, 0, 0, 0, 0, 0, 0, 1, 3, 0, 3, 1, 0, 3, 0, 1, 3, 3, 1, 0, 0, 3, 1, 0, 0, 0, 1, 0, 0, 3]",34,17,17,33,14,19,2023 Union Berlin,1.1695503935161375,1.2919896640826873
430,Bundesliga,2023,Werder Bremen,"[0, 0, 3, 0, 3, 0, 0, 0, 3, 1, 1, 0, 0, 3, 1, 1, 1, 3, 3, 3, 0, 3, 1, 0, 0, 0, 0, 1, 0, 3, 3, 1, 1, 3]",34,17,17,42,17,25,2023 Werder Bremen,1.0568076429424034,1.1061946902654867
431,Bundesliga,2023,Wolfsburg,"[3, 3, 0, 3, 0, 3, 0, 0, 0, 1, 0, 3, 0, 0, 3, 0, 1, 1, 1, 1, 0, 1, 1, 0, 0, 0, 3, 0, 0, 3, 3, 3, 0, 0]",34,17,17,37,20,17,2023 Wolfsburg,3.726530252137671,2.5641025641025643
432,Bundesliga,2024,Augsburg,"[1, 0, 3, 0, 0, 3, 0, 3, 1, 1, 0, 3, 1, 0, 0, 0, 3, 3, 3, 1, 1, 1, 3, 1, 3, 3, 1, 0, 3, 1, 0, 0, 0, 0]",34,17,17,43,19,24,2024 Augsburg,1.187700491428748,1.2755102040816326
433,Bundesliga,2024,Bayern Munich,"[3, 3, 3, 3, 1, 1, 3, 3, 3, 3, 3, 1, 3, 0, 3, 3, 3, 3, 3, 3, 3, 1, 3, 3, 0, 1, 3, 3, 1, 3, 3, 1, 3, 3]",34,17,17,82,42,40,2024 Bayern Munich,3.236585925045972,2.2675736961451247
434,Bundesliga,2024,Bochum,"[0, 0, 0, 1, 0, 0, 0, 0, 0, 1, 0, 0, 0, 1, 3, 0, 3, 1, 0, 0, 1, 3, 1, 0, 3, 0, 0, 0, 0, 0, 1, 1, 0, 3]",34,17,17,23,9,14,2024 Bochum,1.1338852522444078,1.1890606420927468
435,Bundesliga,2024,Dortmund,"[3, 1, 3, 0, 3, 0, 3, 0, 3, 0, 3, 1, 1, 1, 3, 0, 0, 0, 1, 3, 0, 0, 3, 3, 0, 0, 3, 3, 1, 3, 3, 3, 3, 3]",34,17,17,57,25,32,2024 Dortmund,1.0885802107280191,1.2091898428053205
436,Bundesliga,2024,Ein Frankfurt,"[0, 3, 3, 3, 3, 1, 0, 1, 3, 3, 3, 3, 1, 0, 0, 3, 3, 3, 1, 1, 1, 3, 0, 0, 0, 3, 3, 0, 3, 1, 3, 1, 1, 3]",34,17,17,60,33,27,2024 Ein Frankfurt,8.795644513850283,3.4965034965034967
437,Bundesliga,2024,Freiburg,"[3, 0, 3, 3, 0, 3, 3, 0, 1, 1, 0, 3, 1, 3, 0, 3, 0, 0, 0, 3, 3, 3, 3, 1, 1, 1, 0, 0, 3, 3, 3, 1, 3, 0]",34,17,17,55,27,28,2024 Freiburg,1.7279263355802903,1.6778523489932886
438,Bundesliga,2024,Heidenheim,"[3, 3, 0, 0, 3, 0, 0, 1, 0, 0, 0, 0, 0, 0, 0, 3, 1, 0, 0, 0, 0, 0, 1, 0, 1, 3, 3, 0, 0, 0, 3, 1, 3, 0]",34,17,17,29,14,15,2024 Heidenheim,1.7039527879756051,1.644736842105263
439,Bundesliga,2024,Hoffenheim,"[3, 0, 0, 0, 0, 1, 3, 1, 0, 1, 3, 0, 1, 1, 0, 0, 0, 3, 1, 0, 0, 3, 1, 3, 1, 0, 1, 0, 3, 0, 0, 1, 1, 0]",34,17,17,32,14,18,2024 Hoffenheim,1.2448235850044125,1.3106159895150722
440,Bundesliga,2024,Holstein Kiel,"[0, 0, 0, 1, 0, 1, 0, 0, 3, 0, 0, 0, 0, 0, 3, 0, 3, 0, 1, 0, 1, 0, 0, 3, 1, 0, 0, 1, 0, 1, 3, 3, 0, 0]",34,17,17,25,11,14,2024 Holstein Kiel,1.3243608231509807,1.4005602240896358
441,Bundesliga,2024,Leverkusen,"[3, 0, 3, 3, 1, 1, 3, 1, 1, 1, 3, 3, 3, 3, 3, 3, 3, 3, 1, 3, 1, 1, 3, 3, 0, 3, 3, 3, 1, 1, 3, 1, 0, 1]",34,17,17,69,38,31,2024 Leverkusen,14.444625698273747,5.128205128205129
442,Bundesliga,2024,M'gladbach,"[0, 0, 0, 3, 3, 1, 3, 0, 3, 0, 3, 3, 1, 0, 0, 0, 1, 0, 0]",19,10,9,21,13,8,2024 M'gladbach,7.037163090316536,2.985074626865672
443,Bundesliga,2024,MGladbach,"[0, 3, 0, 0, 3, 0, 3, 1, 3, 1, 3, 0, 1, 3, 3]",15,8,7,24,10,14,2024 MGladbach,1.0490606387528916,1.1013215859030836
444,Bundesliga,2024,Mainz,"[1, 1, 0, 3, 0, 3, 0, 1, 1, 3, 3, 3, 0, 3, 3, 3, 0, 0, 3, 0, 1, 3, 3, 3, 3, 1, 0, 1, 0, 1, 0, 1, 3, 1]",34,17,17,52,28,24,2024 Mainz,4.670681283513902,2.857142857142857
445,Bundesliga,2024,RB Leipzig,"[3, 3, 1, 1, 3, 3, 3, 3, 0, 1, 0, 0, 3, 3, 0, 3, 0, 1, 1, 1, 3, 1, 1, 0, 1, 3, 0, 3, 3, 1, 0, 1, 1, 0]",34,17,17,51,30,21,2024 RB Leipzig,26.771635281548,6.8493150684931505
446,Bundesliga,2024,St Pauli,"[0, 0, 0, 1, 3, 0, 0, 1, 3, 0, 0, 3, 0, 0, 3, 0, 0, 3, 3, 1, 0, 0, 0, 0, 1, 3, 0, 1, 3, 1, 1, 0, 1, 0]",34,17,17,32,14,18,2024 St Pauli,1.2448235850044125,1.3333333333333333
447,Bundesliga,2024,Stuttgart,"[0, 1, 3, 3, 1, 1, 0, 3, 1, 0, 3, 1, 3, 3, 0, 3, 3, 3, 0, 0, 3, 0, 1, 0, 1, 0, 0, 3, 0, 1, 0, 3, 3, 3]",34,17,17,50,29,21,2024 Stuttgart,17.68804399972378,6.329113924050633
448,Bundesliga,2024,Union Berlin,"[1, 3, 1, 3, 0, 3, 3, 1, 0, 1, 0, 0, 0, 1, 0, 0, 0, 3, 0, 1, 3, 0, 0, 0, 3, 1, 3, 3, 1, 1, 1, 1, 0, 3]",34,17,17,41,17,24,2024 Union Berlin,1.0854612300231008,1.1627906976744187
449,Bundesliga,2024,Werder Bremen,"[1, 1, 3, 0, 3, 0, 3, 1, 0, 3, 0, 1, 3, 3, 3, 0, 1, 0, 1, 3, 0, 0, 0, 0, 3, 0, 3, 3, 3, 3, 1, 1, 1, 3]",34,17,17,51,26,25,2024 Werder Bremen,2.372417393687087,2.0408163265306123
450,Bundesliga,2024,Wolfsburg,"[0, 3, 0, 0, 1, 3, 0, 1, 1, 3, 3, 3, 3, 0, 0, 3, 3, 0, 1, 1, 1, 3, 1, 3, 1, 0, 0, 0, 0, 1, 0, 0, 1, 3]",34,17,17,43,27,16,2024 Wolfsburg,72.96617599140234,11.04728236853734
451,Premier_League,2000,Arsenal,"[0, 3, 3, 1, 1, 3, 1, 3, 3, 3, 3, 3, 1, 0, 0, 3, 3, 1, 0, 3, 1, 0, 1, 1, 3, 3, 3, 0, 3, 1, 3, 3, 0, 3, 3, 3, 1, 0]",38,19,19,70,35,35,2000 Arsenal,2.0,1.86219739292365
452,Premier_League,2000,Aston Villa,"[1, 1, 0, 3, 3, 1, 3, 0, 1, 3, 3, 3, 0, 1, 1, 1, 1, 3, 0, 0, 0, 0, 0, 3, 1, 0, 1, 3, 1, 3, 3, 1, 3, 1, 1, 1, 3, 0]",38,19,19,54,29,25,2000 Aston Villa,4.41433985138241,2.8901734104046244
453,Premier_League,2000,Bradford,"[0, 3, 1, 0, 1, 0, 0, 1, 0, 0, 1, 0, 0, 0, 1, 3, 1, 0, 0, 0, 3, 0, 1, 0, 0, 0, 0, 0, 1, 1, 0, 3, 3, 0, 0, 1, 0, 1]",38,19,19,26,12,14,2000 Bradford,1.4873049904937221,1.492537313432836
454,Premier_League,2000,Charlton,"[3, 0, 0, 1, 1, 3, 3, 1, 0, 3, 0, 3, 0, 3, 0, 0, 1, 0, 3, 0, 3, 3, 1, 1, 3, 1, 3, 1, 1, 0, 3, 0, 0, 1, 3, 3, 0, 0]",38,19,19,52,25,27,2000 Charlton,1.5466162729447641,1.597444089456869
455,Premier_League,2000,Chelsea,"[3, 0, 1, 1, 1, 0, 1, 3, 0, 3, 3, 0, 1, 0, 0, 3, 3, 0, 3, 1, 3, 1, 3, 3, 0, 1, 1, 3, 0, 3, 3, 3, 3, 0, 0, 3, 1, 3]",38,19,19,61,26,35,2000 Chelsea,1.047682081091179,1.1376564277588168
456,Premier_League,2000,Coventry,"[0, 3, 3, 0, 1, 0, 0, 1, 3, 0, 0, 0, 0, 0, 1, 0, 3, 0, 1, 3, 1, 1, 0, 0, 0, 0, 1, 1, 1, 0, 3, 3, 0, 3, 0, 0, 0, 1]",38,19,19,34,16,18,2000 Coventry,1.5176941854534678,1.5267175572519085
457,Premier_League,2000,Derby,"[1, 0, 1, 1, 1, 0, 1, 0, 0, 0, 0, 1, 1, 3, 0, 3, 0, 3, 3, 1, 0, 3, 0, 1, 0, 3, 1, 3, 3, 1, 0, 0, 0, 3, 0, 0, 3, 1]",38,19,19,42,19,23,2000 Derby,1.2798929626735887,1.3568521031207599
458,Premier_League,2000,Everton,"[0, 3, 1, 0, 3, 0, 1, 0, 1, 3, 0, 0, 3, 3, 3, 0, 0, 1, 0, 0, 0, 1, 3, 1, 0, 1, 3, 0, 1, 0, 3, 3, 0, 0, 0, 3, 0, 1]",38,19,19,42,22,20,2000 Everton,2.866240845743752,2.262443438914027
459,Premier_League,2000,Ipswich,"[0, 1, 3, 0, 0, 3, 1, 3, 1, 3, 3, 0, 3, 3, 3, 0, 3, 3, 0, 1, 3, 0, 3, 0, 0, 0, 3, 3, 0, 3, 3, 1, 3, 3, 3, 0, 3, 1]",38,19,19,66,33,33,2000 Ipswich,2.0,1.7667844522968197
460,Premier_League,2000,Leeds,"[3, 3, 0, 1, 0, 1, 3, 3, 0, 1, 3, 1, 0, 3, 0, 0, 3, 0, 0, 1, 3, 0, 3, 3, 3, 1, 1, 3, 1, 3, 3, 3, 3, 3, 3, 0, 3, 3]",38,19,19,68,25,43,2000 Leeds,1.0002949415637516,1.0141987829614605
461,Premier_League,2000,Leicester,"[1, 3, 1, 3, 3, 3, 1, 1, 0, 0, 3, 3, 1, 3, 0, 3, 0, 3, 3, 0, 0, 0, 1, 0, 3, 0, 3, 3, 0, 0, 0, 0, 0, 0, 0, 0, 3, 0]",38,19,19,48,35,13,2000 Leicester,66626.18302000321,159.23566878980893
462,Premier_League,2000,Liverpool,"[3, 0, 1, 3, 3, 1, 1, 0, 3, 3, 3, 0, 3, 0, 0, 3, 0, 3, 3, 0, 3, 3, 1, 1, 3, 1, 0, 1, 3, 1, 0, 3, 3, 3, 3, 3, 1, 3]",38,19,19,69,33,36,2000 Liverpool,1.3941199215521634,1.4598540145985401
463,Premier_League,2000,Man City,"[0, 3, 0, 3, 0, 1, 1, 0, 3, 3, 0, 0, 0, 0, 0, 0, 3, 1, 0, 1, 0, 1, 0, 1, 1, 1, 0, 3, 0, 1, 0, 0, 0, 3, 1, 3, 0, 0]",38,19,19,34,18,16,2000 Man City,2.931642324945301,2.358490566037736
464,Premier_League,2000,Man United,"[3, 1, 1, 3, 3, 3, 1, 0, 3, 3, 3, 3, 3, 3, 3, 3, 1, 0, 3, 3, 1, 3, 3, 3, 3, 3, 1, 3, 1, 3, 0, 3, 3, 1, 3, 0, 0, 0]",38,19,19,80,43,37,2000 Man United,9.119149723914045,3.816793893129771
465,Premier_League,2000,Middlesbrough,"[3, 1, 0, 1, 0, 1, 1, 3, 0, 0, 0, 0, 0, 0, 1, 0, 0, 3, 1, 3, 1, 1, 3, 1, 1, 1, 1, 0, 1, 3, 0, 1, 3, 0, 3, 0, 1, 3]",38,19,19,42,15,27,2000 Middlesbrough,1.010004028333415,1.0395010395010396
466,Premier_League,2000,Newcastle,"[0, 3, 3, 3, 1, 0, 0, 3, 3, 0, 0, 3, 1, 0, 3, 1, 0, 3, 0, 3, 1, 0, 3, 3, 0, 0, 0, 1, 0, 1, 0, 3, 1, 3, 1, 0, 1, 3]",38,19,19,51,27,24,2000 Newcastle,3.4964305465910903,2.6246719160104988
467,Premier_League,2000,Southampton,"[1, 0, 1, 1, 0, 3, 3, 0, 1, 0, 0, 3, 1, 3, 0, 0, 3, 0, 1, 3, 3, 0, 1, 1, 3, 3, 3, 3, 3, 0, 0, 0, 1, 0, 1, 0, 3, 3]",38,19,19,52,21,31,2000 Southampton,1.0309548481675055,1.0940919037199124
468,Premier_League,2000,Sunderland,"[3, 0, 0, 1, 0, 3, 1, 1, 3, 1, 3, 0, 1, 3, 3, 3, 3, 0, 3, 3, 1, 3, 3, 1, 0, 0, 1, 0, 1, 3, 0, 1, 0, 0, 1, 3, 3, 1]",38,19,19,57,32,25,2000 Sunderland,10.538329417524038,4.424778761061947
469,Premier_League,2000,Tottenham,"[3, 1, 0, 3, 3, 0, 1, 0, 0, 3, 0, 3, 0, 3, 3, 0, 1, 1, 1, 0, 0, 3, 1, 1, 1, 1, 3, 0, 0, 3, 0, 3, 3, 0, 0, 1, 0, 3]",38,19,19,49,26,23,2000 Tottenham,3.506757699596242,2.570694087403599
470,Premier_League,2000,West Ham,"[0, 0, 1, 1, 0, 1, 3, 1, 1, 0, 3, 1, 3, 3, 3, 3, 1, 1, 0, 3, 0, 0, 1, 1, 0, 1, 3, 0, 0, 0, 0, 1, 3, 0, 0, 0, 3, 0]",38,19,19,42,26,16,2000 West Ham,38.32549417801039,9.900990099009901
471,Premier_League,2001,Arsenal,"[3, 0, 3, 1, 3, 1, 3, 3, 1, 1, 0, 1, 3, 3, 3, 1, 0, 3, 3, 3, 1, 1, 3, 3, 1, 3, 3, 3, 3, 3, 3, 3, 3, 3, 3, 3, 3, 3]",38,19,19,87,36,51,2001 Arsenal,1.0004760025807795,1.0070493454179255
472,Premier_League,2001,Aston Villa,"[1, 1, 3, 1, 3, 3, 3, 0, 3, 3, 0, 1, 1, 0, 1, 0, 3, 0, 0, 1, 1, 3, 3, 1, 1, 1, 0, 3, 0, 0, 1, 0, 1, 0, 0, 1, 3, 3]",38,19,19,50,27,23,2001 Aston Villa,4.441888716098904,2.9154518950437316
473,Premier_League,2001,Blackburn,"[0, 1, 3, 0, 1, 1, 3, 0, 3, 1, 1, 3, 1, 1, 0, 0, 0, 3, 0, 0, 0, 3, 0, 0, 0, 0, 1, 3, 3, 0, 0, 3, 1, 3, 1, 3, 0, 3]",38,19,19,46,22,24,2001 Blackburn,1.5415460052059684,1.492537313432836
474,Premier_League,2001,Bolton,"[3, 3, 3, 1, 0, 1, 1, 0, 0, 3, 0, 1, 3, 1, 0, 0, 1, 0, 0, 1, 1, 1, 1, 0, 0, 3, 1, 1, 0, 0, 3, 3, 0, 3, 1, 0, 0, 0]",38,19,19,40,21,19,2001 Bolton,2.878978353816222,2.232142857142857
475,Premier_League,2001,Charlton,"[0, 3, 1, 0, 1, 3, 1, 1, 0, 0, 3, 1, 0, 1, 3, 3, 1, 0, 1, 3, 3, 0, 0, 3, 1, 0, 1, 3, 1, 3, 0, 0, 0, 0, 1, 0, 1, 1]",38,19,19,44,23,21,2001 Charlton,2.8554949064553266,2.1231422505307855
476,Premier_League,2001,Chelsea,"[1, 3, 1, 3, 1, 1, 3, 1, 0, 1, 3, 1, 1, 3, 0, 1, 3, 3, 0, 3, 0, 1, 3, 3, 3, 1, 0, 3, 3, 3, 0, 3, 1, 3, 1, 0, 3, 0]",38,19,19,64,30,34,2001 Chelsea,1.290538155787157,1.3280212483399734
477,Premier_League,2001,Derby,"[3, 0, 1, 1, 0, 0, 0, 0, 1, 1, 0, 3, 0, 0, 3, 0, 0, 3, 0, 3, 0, 0, 0, 0, 3, 0, 3, 1, 0, 3, 0, 0, 0, 0, 0, 0, 0, 1]",38,19,19,30,16,14,2001 Derby,2.9825992752869435,2.331002331002331
478,Premier_League,2001,Everton,"[3, 1, 3, 0, 0, 0, 3, 1, 3, 0, 1, 1, 1, 3, 0, 3, 0, 0, 0, 0, 0, 3, 1, 1, 0, 0, 1, 1, 0, 3, 3, 0, 3, 0, 1, 3, 0, 0]",38,19,19,43,23,20,2001 Everton,3.5580182660871293,2.3529411764705883
479,Premier_League,2001,Fulham,"[0, 3, 1, 1, 0, 1, 1, 0, 1, 3, 3, 3, 1, 1, 3, 1, 0, 1, 0, 3, 3, 1, 0, 1, 3, 0, 0, 0, 0, 0, 0, 1, 0, 1, 3, 3, 1, 0]",38,19,19,44,24,20,2001 Fulham,4.529327598171772,3.0959752321981426
480,Premier_League,2001,Ipswich,"[0, 3, 0, 1, 1, 0, 0, 1, 1, 1, 0, 0, 0, 1, 0, 0, 0, 3, 3, 3, 0, 3, 3, 3, 3, 0, 0, 0, 0, 1, 1, 0, 1, 0, 0, 3, 0, 0]",38,19,19,36,15,21,2001 Ipswich,1.127831522969926,1.2300123001230012
481,Premier_League,2001,Leeds,"[3, 3, 1, 1, 3, 3, 3, 1, 1, 1, 3, 0, 1, 1, 3, 1, 3, 0, 3, 3, 3, 0, 1, 0, 0, 1, 1, 1, 3, 3, 3, 0, 0, 3, 3, 0, 3, 3]",38,19,19,66,35,31,2001 Leeds,4.464484653598132,3.0864197530864197
482,Premier_League,2001,Leicester,"[0, 0, 1, 3, 0, 1, 0, 0, 0, 0, 1, 3, 0, 1, 3, 0, 1, 1, 0, 1, 0, 1, 0, 0, 0, 0, 0, 0, 1, 1, 0, 3, 0, 0, 1, 1, 1, 3]",38,19,19,28,15,13,2001 Leicester,3.0145792402067197,2.150537634408602
483,Premier_League,2001,Liverpool,"[3, 0, 0, 3, 3, 3, 1, 3, 3, 3, 1, 3, 3, 3, 1, 0, 0, 3, 1, 1, 0, 1, 1, 3, 3, 3, 3, 1, 3, 3, 3, 3, 3, 3, 3, 0, 3, 3]",38,19,19,80,37,43,2001 Liverpool,1.123165606498746,1.2121212121212122
484,Premier_League,2001,Man United,"[3, 1, 1, 3, 0, 3, 3, 3, 0, 1, 0, 3, 0, 0, 0, 3, 3, 3, 3, 3, 3, 3, 3, 0, 3, 3, 3, 3, 1, 3, 3, 0, 3, 3, 3, 3, 0, 1]",38,19,19,77,33,44,2001 Man United,1.0140854005782212,1.0660980810234542
485,Premier_League,2001,Middlesbrough,"[0, 0, 0, 0, 3, 3, 1, 0, 1, 3, 0, 3, 1, 1, 3, 0, 0, 0, 0, 3, 0, 1, 3, 1, 1, 3, 0, 3, 1, 0, 3, 1, 3, 3, 0, 0, 0, 0]",38,19,19,45,19,26,2001 Middlesbrough,1.0987980688704893,1.1933174224343674
486,Premier_League,2001,Newcastle,"[1, 1, 3, 3, 0, 3, 0, 3, 0, 3, 3, 0, 3, 1, 3, 3, 3, 3, 3, 0, 0, 3, 1, 3, 3, 3, 3, 0, 0, 1, 3, 1, 1, 3, 3, 1, 3, 0]",38,19,19,71,39,32,2001 Newcastle,11.352938052672288,4.273504273504273
487,Premier_League,2001,Southampton,"[0, 0, 0, 3, 0, 3, 0, 0, 1, 0, 0, 0, 3, 0, 3, 3, 0, 3, 0, 3, 3, 0, 1, 3, 1, 0, 1, 3, 1, 1, 1, 1, 0, 3, 1, 0, 0, 3]",38,19,19,45,19,26,2001 Southampton,1.0987980688704893,1.2121212121212122
488,Premier_League,2001,Sunderland,"[3, 0, 1, 3, 1, 0, 1, 3, 0, 0, 1, 0, 3, 0, 3, 1, 0, 3, 3, 0, 1, 0, 1, 0, 0, 3, 0, 0, 3, 0, 1, 0, 3, 0, 0, 0, 1, 1]",38,19,19,40,26,14,2001 Sunderland,107.97070891771013,12.790995139421847
489,Premier_League,2001,Tottenham,"[1, 1, 0, 3, 0, 3, 0, 0, 3, 3, 3, 0, 1, 3, 3, 0, 3, 0, 0, 1, 3, 0, 1, 0, 0, 3, 3, 0, 0, 0, 3, 1, 3, 0, 1, 1, 3, 0]",38,19,19,50,27,23,2001 Tottenham,4.441888716098904,2.6881720430107525
490,Premier_League,2001,West Ham,"[0, 1, 1, 0, 3, 0, 0, 3, 3, 3, 0, 1, 0, 0, 1, 3, 1, 1, 3, 1, 0, 3, 0, 0, 3, 0, 3, 0, 3, 0, 3, 3, 3, 1, 3, 0, 0, 3]",38,19,19,53,24,29,2001 West Ham,1.2104938859970669,1.278772378516624
491,Premier_League,2002,Arsenal,"[3, 1, 3, 1, 3, 3, 3, 3, 3, 0, 0, 3, 3, 3, 0, 3, 0, 1, 3, 3, 1, 3, 3, 3, 1, 3, 1, 3, 3, 0, 3, 1, 1, 3, 1, 0, 3, 3]",38,19,19,78,39,39,2002 Arsenal,2.0,1.7543859649122806
492,Premier_League,2002,Aston Villa,"[0, 0, 3, 0, 3, 0, 3, 0, 1, 0, 1, 1, 3, 1, 3, 0, 0, 3, 0, 0, 3, 3, 1, 0, 3, 3, 0, 0, 0, 0, 1, 1, 1, 3, 1, 0, 3, 0]",38,19,19,45,22,23,2002 Aston Villa,1.7361812147263311,1.6474464579901154
493,Premier_League,2002,Birmingham,"[0, 0, 1, 3, 1, 3, 0, 0, 3, 1, 0, 3, 0, 1, 3, 1, 0, 3, 1, 1, 0, 0, 0, 1, 0, 0, 0, 3, 3, 0, 3, 0, 3, 3, 3, 3, 0, 1]",38,19,19,48,24,24,2002 Birmingham,2.0,1.8181818181818181
494,Premier_League,2002,Blackburn,"[1, 3, 1, 0, 0, 1, 3, 3, 0, 3, 3, 1, 1, 0, 0, 3, 1, 0, 3, 1, 1, 3, 1, 1, 0, 0, 3, 3, 3, 3, 0, 3, 3, 0, 1, 3, 1, 3]",38,19,19,60,27,33,2002 Blackburn,1.1496849203123594,1.2391573729863692
495,Premier_League,2002,Bolton,"[0, 0, 3, 3, 0, 0, 1, 0, 0, 1, 0, 1, 3, 1, 0, 1, 0, 1, 3, 1, 0, 1, 1, 0, 0, 3, 1, 1, 0, 3, 3, 3, 0, 3, 1, 1, 1, 3]",38,19,19,44,18,26,2002 Bolton,1.0659729019459607,1.1135857461024499
496,Premier_League,2002,Charlton,"[0, 3, 0, 3, 0, 0, 1, 0, 0, 3, 0, 1, 0, 3, 3, 3, 3, 1, 1, 1, 3, 0, 1, 3, 3, 3, 3, 3, 0, 0, 1, 0, 0, 0, 0, 3, 0, 0]",38,19,19,49,25,24,2002 Charlton,2.3530960229229576,1.9342359767891684
497,Premier_League,2002,Chelsea,"[3, 1, 1, 1, 3, 3, 1, 0, 0, 3, 3, 1, 3, 3, 1, 3, 3, 1, 3, 1, 0, 0, 3, 0, 3, 1, 3, 0, 0, 3, 3, 3, 3, 0, 3, 1, 0, 3]",38,19,19,67,37,30,2002 Chelsea,10.934901624162238,4.566210045662101
498,Premier_League,2002,Everton,"[1, 3, 1, 0, 0, 3, 0, 3, 0, 3, 3, 3, 3, 3, 3, 0, 0, 3, 1, 1, 1, 1, 0, 3, 3, 3, 0, 3, 1, 1, 0, 3, 3, 0, 0, 3, 0, 0]",38,19,19,59,33,26,2002 Everton,10.553495183666652,4.032258064516129
499,Premier_League,2002,Fulham,"[3, 1, 0, 3, 3, 1, 0, 3, 1, 0, 0, 0, 0, 1, 3, 0, 3, 0, 0, 1, 0, 1, 3, 0, 0, 3, 3, 1, 3, 1, 0, 0, 0, 3, 0, 1, 3, 3]",38,19,19,48,22,26,2002 Fulham,1.2886432182522223,1.4005602240896358
500,Premier_League,2002,Leeds,"[3, 3, 0, 0, 3, 3, 0, 0, 1, 0, 1, 0, 3, 0, 0, 0, 0, 3, 1, 3, 3, 3, 0, 1, 0, 0, 3, 0, 0, 0, 0, 3, 1, 0, 3, 0, 3, 3]",38,19,19,47,21,26,2002 Leeds,1.2058590961704336,1.3054830287206267
501,Premier_League,2002,Liverpool,"[3, 3, 1, 1, 1, 3, 3, 3, 3, 3, 3, 3, 0, 1, 0, 0, 0, 0, 1, 1, 1, 0, 1, 3, 1, 3, 1, 0, 3, 3, 3, 0, 3, 3, 3, 3, 0, 0]",38,19,19,64,32,32,2002 Liverpool,2.0,1.8416206261510129
502,Premier_League,2002,Man City,"[0, 3, 0, 3, 0, 1, 1, 0, 0, 0, 3, 3, 3, 0, 0, 3, 3, 1, 0, 3, 3, 1, 3, 0, 3, 0, 1, 0, 0, 3, 0, 0, 1, 3, 3, 0, 3, 0]",38,19,19,51,24,27,2002 Man City,1.400571929135186,1.51285930408472
503,Premier_League,2002,Man United,"[3, 1, 1, 3, 0, 0, 3, 3, 3, 1, 1, 3, 0, 1, 3, 3, 3, 3, 0, 0, 3, 3, 3, 3, 3, 3, 1, 1, 3, 3, 3, 3, 3, 1, 3, 3, 3, 3]",38,19,19,83,35,48,2002 Man United,1.0031156706713964,1.019367991845056
504,Premier_League,2002,Middlesbrough,"[1, 1, 3, 0, 3, 0, 3, 3, 3, 0, 1, 0, 3, 0, 3, 0, 1, 1, 0, 3, 0, 0, 1, 0, 0, 1, 3, 1, 3, 3, 1, 3, 1, 0, 0, 0, 3, 0]",38,19,19,49,26,23,2002 Middlesbrough,3.506757699596242,2.6178010471204187
505,Premier_League,2002,Newcastle,"[3, 0, 1, 0, 0, 3, 3, 3, 0, 3, 3, 0, 3, 0, 3, 3, 1, 3, 0, 3, 3, 1, 3, 3, 3, 1, 3, 3, 0, 3, 3, 0, 0, 0, 1, 3, 3, 1]",38,19,19,69,32,37,2002 Newcastle,1.2033938397519761,1.2936610608020698
506,Premier_League,2002,Southampton,"[1, 0, 1, 0, 3, 0, 1, 1, 3, 3, 3, 0, 1, 0, 3, 3, 3, 1, 1, 1, 3, 3, 1, 0, 3, 0, 0, 0, 3, 1, 1, 1, 3, 0, 0, 1, 0, 3]",38,19,19,52,28,24,2002 Southampton,4.425268424340056,2.7472527472527473
507,Premier_League,2002,Sunderland,"[1, 0, 3, 1, 0, 0, 0, 3, 0, 0, 1, 1, 3, 1, 0, 0, 0, 3, 1, 0, 0, 0, 1, 0, 0, 0, 0, 0, 0, 0, 0, 0, 0, 0, 0, 0, 0, 0]",38,19,19,19,18,1,2002 Sunderland,103381.35035929164,1020.4081632653061
508,Premier_League,2002,Tottenham,"[1, 3, 3, 3, 0, 3, 0, 0, 3, 3, 0, 1, 0, 0, 3, 1, 3, 1, 3, 1, 0, 0, 3, 3, 0, 1, 3, 1, 0, 0, 0, 3, 1, 0, 3, 0, 0, 0]",38,19,19,50,31,19,2002 Tottenham,85.04946249690862,10.549636037556704
509,Premier_League,2002,West Brom,"[0, 0, 0, 3, 3, 3, 0, 0, 0, 1, 0, 0, 1, 1, 0, 3, 0, 0, 1, 0, 0, 0, 1, 0, 3, 1, 0, 0, 0, 0, 0, 0, 0, 3, 0, 0, 1, 1]",38,19,19,26,16,10,2002 West Brom,11.081852595563044,4.329004329004329
510,Premier_League,2002,West Ham,"[0, 1, 0, 0, 0, 1, 3, 0, 3, 3, 0, 0, 0, 1, 0, 0, 1, 0, 1, 1, 1, 1, 0, 0, 3, 0, 0, 3, 3, 1, 3, 1, 1, 0, 3, 3, 3, 1]",38,19,19,42,14,28,2002 West Ham,1.0032922039161372,1.0245901639344261
511,Premier_League,2003,Arsenal,"[3, 3, 3, 3, 1, 1, 3, 3, 3, 1, 3, 3, 3, 1, 1, 3, 1, 3, 3, 1, 3, 3, 3, 3, 3, 3, 3, 3, 3, 1, 1, 1, 1]",33,17,16,77,39,38,2003 Arsenal,1.5962853119376605,1.3888888888888888
512,Premier_League,2003,Aston Villa,"[0, 1, 0, 3, 0, 3, 0, 1, 1, 1, 1, 0, 0, 3, 0, 3, 3, 1, 3, 3, 0, 0, 3, 3, 3, 1, 0, 3, 0, 3, 1, 3, 3, 1]",34,17,17,51,20,31,2003 Aston Villa,1.0149099813213336,1.0548523206751055
513,Premier_League,2003,Birmingham,"[3, 1, 3, 1, 3, 3, 0, 1, 1, 3, 0, 1, 0, 0, 0, 3, 3, 0, 0, 3, 1, 1, 1, 3, 1, 3, 3, 0, 0, 3, 1, 1, 1, 0]",34,17,17,48,26,22,2003 Birmingham,4.678458870403016,3.048780487804878
514,Premier_League,2003,Blackburn,"[3, 1, 0, 1, 0, 3, 0, 0, 0, 0, 0, 3, 0, 3, 3, 0, 0, 1, 3, 1, 0, 1, 0, 3, 1, 0, 1, 0, 3, 0, 3, 3, 0]",33,17,16,37,17,20,2003 Blackburn,1.2435503750180938,1.3245033112582782
515,Premier_League,2003,Bolton,"[0, 1, 0, 1, 3, 1, 1, 1, 0, 0, 3, 1, 3, 3, 0, 3, 1, 0, 1, 0, 3, 3, 3, 1, 1, 0, 0, 0, 0, 3, 0, 3, 3, 3]",34,17,17,46,22,24,2003 Bolton,1.5274727757587974,1.5797788309636651
516,Premier_League,2003,Charlton,"[0, 3, 1, 1, 0, 0, 3, 3, 3, 1, 3, 3, 1, 0, 0, 1, 1, 3, 3, 1, 3, 3, 0, 0, 0, 3, 0, 3, 0, 0, 0, 0, 1, 1]",34,17,17,45,24,21,2003 Charlton,3.6384952930693673,2.525252525252525
517,Premier_League,2003,Chelsea,"[3, 3, 1, 3, 3, 3, 3, 1, 0, 3, 3, 3, 3, 3, 1, 0, 3, 0, 3, 0, 3, 1, 3, 3, 3, 0, 3, 3, 3, 3, 0, 3, 1]",33,17,16,71,39,32,2003 Chelsea,7.167308810361626,3.5211267605633805
518,Premier_League,2003,Everton,"[0, 3, 1, 0, 1, 0, 3, 0, 1, 1, 0, 0, 3, 0, 1, 3, 3, 0, 3, 1, 0, 0, 1, 0, 0, 1, 3, 3, 1, 1, 0, 0, 0, 0]",34,17,17,34,20,14,2003 Everton,9.634911879559677,4.0
519,Premier_League,2003,Fulham,"[3, 0, 3, 1, 1, 3, 3, 1, 0, 3, 0, 0, 3, 1, 3, 0, 0, 3, 0, 0, 3, 0, 3, 1, 0, 0, 1, 3, 0, 1, 1, 3, 1]",33,17,16,45,25,20,2003 Fulham,4.321913833305562,2.7027027027027026
520,Premier_League,2003,Leeds,"[1, 0, 1, 3, 0, 0, 0, 3, 0, 0, 0, 0, 0, 3, 1, 3, 1, 1, 0, 0, 0, 0, 0, 0, 3, 1, 1, 0, 3, 0, 0, 0, 1]",33,17,16,26,16,10,2003 Leeds,8.558565562988218,3.3444816053511706
521,Premier_League,2003,Leicester,"[1, 0, 1, 0, 3, 0, 0, 0, 0, 0, 3, 3, 1, 3, 1, 0, 0, 1, 1, 1, 0, 1, 0, 0, 1, 1, 1, 3, 1, 1, 1, 1, 3]",33,17,16,33,16,17,2003 Leicester,1.5033893526767819,1.4836795252225519
522,Premier_League,2003,Liverpool,"[0, 1, 1, 3, 3, 3, 0, 0, 0, 3, 3, 0, 1, 3, 1, 0, 3, 1, 3, 3, 0, 1, 1, 1, 3, 1, 0, 3, 3, 1, 3, 3, 3]",33,17,16,55,25,30,2003 Liverpool,1.0972918074576976,1.179245283018868
523,Premier_League,2003,Man City,"[3, 1, 3, 0, 3, 1, 1, 0, 3, 0, 3, 0, 0, 0, 1, 0, 1, 0, 1, 1, 0, 1, 0, 1, 0, 3, 0, 3, 0, 1, 1, 3, 0]",33,17,16,35,20,15,2003 Man City,4.909722257719127,3.0303030303030303
524,Premier_League,2003,Man United,"[3, 3, 3, 0, 3, 1, 3, 3, 3, 0, 3, 3, 3, 0, 3, 3, 3, 3, 3, 3, 1, 0, 3, 3, 0, 1, 1, 0, 3, 1, 3, 0, 0, 1]",34,17,17,66,40,26,2003 Man United,537.1815898139113,22.197558268590456
525,Premier_League,2003,Middlesbrough,"[0, 0, 1, 0, 0, 3, 3, 0, 0, 1, 3, 3, 1, 3, 1, 1, 1, 0, 3, 0, 1, 3, 0, 3, 0, 0, 3, 0, 3, 1, 3, 0, 0, 0, 3]",35,18,17,44,21,23,2003 Middlesbrough,1.3506727646756191,1.422475106685633
526,Premier_League,2003,Newcastle,"[1, 0, 0, 1, 1, 0, 3, 3, 3, 3, 1, 0, 3, 1, 1, 3, 1, 1, 0, 3, 1, 3, 1, 3, 1, 3, 1, 0, 3, 0, 3, 1, 3, 0]",34,17,17,52,25,27,2003 Newcastle,1.5290581956307028,1.4792899408284024
527,Premier_League,2003,Portsmouth,"[3, 1, 3, 1, 1, 0, 0, 0, 3, 0, 0, 3, 0, 0, 1, 0, 0, 3, 0, 0, 3, 0, 1, 0, 0, 1, 0, 0, 3, 3, 3, 1, 1, 0]",34,17,17,35,16,19,2003 Portsmouth,1.3619590621033857,1.349527665317139
528,Premier_League,2003,Southampton,"[1, 1, 1, 3, 3, 3, 0, 0, 1, 3, 0, 1, 0, 0, 3, 3, 3, 0, 0, 1, 0, 3, 0, 1, 0, 1, 1, 3, 0, 3, 0, 0, 1]",33,17,16,40,26,14,2003 Southampton,73.88759748209056,8.849557522123893
529,Premier_League,2003,Tottenham,"[0, 3, 1, 0, 0, 0, 1, 3, 3, 1, 0, 0, 3, 0, 3, 0, 0, 0, 0, 3, 3, 3, 0, 3, 3, 1, 0, 3, 0, 0, 1, 0, 3]",33,17,16,41,18,23,2003 Tottenham,1.1126964814076252,1.2269938650306749
530,Premier_League,2003,Wolves,"[0, 0, 0, 1, 0, 0, 1, 3, 1, 3, 0, 1, 0, 1, 0, 0, 0, 3, 1, 0, 3, 1, 1, 0, 0, 3, 1, 0, 0, 0, 3, 1, 3]",33,17,16,31,11,20,2003 Wolves,1.0158286432904449,1.0493179433368311
531,Premier_League,2004,Arsenal,"[3, 3, 3, 3, 3, 1, 3, 3, 3, 0, 1, 1, 3, 1, 0, 3, 1, 3, 3, 3, 3, 1, 0, 3, 0, 3, 3, 1, 3, 3, 3, 3, 1]",33,17,16,71,35,36,2004 Arsenal,1.3172448737339517,1.4326647564469914
532,Premier_League,2004,Aston Villa,"[3, 1, 0, 3, 1, 1, 1, 1, 0, 3, 1, 3, 3, 3, 0, 1, 0, 0, 0, 0, 3, 0, 3, 0, 1, 0, 3, 0, 3, 0, 3, 1, 3, 1]",34,17,17,46,25,21,2004 Aston Villa,4.694178406407567,2.9069767441860463
533,Premier_League,2004,Birmingham,"[1, 0, 3, 0, 0, 1, 1, 1, 1, 1, 0, 3, 0, 1, 1, 0, 3, 3, 3, 3, 0, 0, 0, 0, 3, 0, 3, 0, 0, 3, 1, 1, 1, 0]",34,17,17,38,17,21,2004 Birmingham,1.2599892358929108,1.3071895424836601
534,Premier_League,2004,Blackburn,"[1, 0, 0, 1, 0, 3, 0, 1, 0, 0, 1, 1, 1, 1, 3, 0, 1, 1, 1, 3, 0, 3, 3, 0, 0, 0, 3, 3, 1, 0, 1, 3, 3]",33,17,16,39,14,25,2004 Blackburn,1.0061286548761925,1.0256410256410255
535,Premier_League,2004,Bolton,"[3, 0, 3, 3, 1, 1, 1, 0, 3, 3, 3, 1, 0, 1, 0, 0, 0, 0, 0, 0, 1, 3, 3, 3, 3, 3, 1, 0, 3, 3, 0, 3, 3, 1]",34,17,17,53,23,30,2004 Bolton,1.0901311266099367,1.1990407673860912
536,Premier_League,2004,Charlton,"[0, 3, 3, 0, 1, 1, 3, 0, 1, 0, 0, 3, 3, 0, 0, 3, 3, 3, 1, 3, 0, 0, 3, 3, 0, 1, 1, 1, 3, 0, 1, 0, 0, 1]",34,17,17,45,24,21,2004 Charlton,3.6384952930693673,2.4630541871921183
537,Premier_League,2004,Chelsea,"[3, 3, 3, 3, 1, 1, 3, 3, 0, 3, 3, 3, 3, 1, 3, 3, 1, 3, 3, 3, 3, 3, 3, 3, 3, 1, 3, 3, 3, 3, 3, 1, 1]",33,17,16,82,40,42,2004 Chelsea,1.1310947663953612,1.1261261261261262
538,Premier_League,2004,Crystal Palace,"[1, 0, 0, 0, 0, 0, 1, 3, 0, 3, 3, 1, 0, 0, 1, 0, 1, 0, 0, 1, 0, 3, 0, 3, 1, 0, 0, 3, 1, 0, 0, 0, 1, 0]",34,17,17,27,14,13,2004 Crystal Palace,2.4318473251423307,2.127659574468085
539,Premier_League,2004,Everton,"[0, 3, 3, 1, 3, 3, 3, 0, 3, 3, 1, 0, 3, 3, 1, 3, 3, 1, 3, 0, 0, 3, 1, 0, 3, 1, 0, 3, 0, 0, 0, 3, 3]",33,17,16,57,36,21,2004 Everton,288.713314273553,16.44195988161789
540,Premier_League,2004,Fulham,"[1, 3, 0, 0, 0, 1, 3, 0, 0, 0, 3, 3, 0, 0, 0, 3, 1, 0, 0, 0, 3, 1, 3, 3, 1, 0, 0, 1, 0, 3, 0, 1, 1]",33,17,16,35,18,17,2004 Fulham,1.9798640186849163,1.7182130584192439
541,Premier_League,2004,Liverpool,"[1, 3, 0, 3, 0, 3, 0, 3, 3, 1, 0, 3, 0, 3, 1, 0, 1, 3, 3, 3, 0, 3, 0, 0, 3, 3, 0, 0, 1, 3, 3, 0, 1, 3]",34,17,17,54,25,29,2004 Liverpool,1.2718529784432353,1.375515818431912
542,Premier_League,2004,Man City,"[1, 0, 0, 3, 0, 3, 0, 1, 3, 0, 1, 1, 1, 3, 3, 0, 0, 3, 0, 1, 3, 1, 3, 0, 1, 1, 0, 3, 0, 0, 1, 3, 1, 3]",34,17,17,44,20,24,2004 Man City,1.2689489613237765,1.335113484646195
543,Premier_League,2004,Man United,"[0, 3, 1, 1, 1, 3, 3, 1, 1, 3, 0, 1, 3, 3, 3, 3, 1, 3, 3, 3, 3, 1, 3, 3, 3, 3, 3, 3, 1, 3, 1, 0, 0]",33,17,16,67,31,36,2004 Man United,1.069911875728665,1.1614401858304297
544,Premier_League,2004,Middlesbrough,"[1, 0, 3, 3, 3, 0, 0, 1, 3, 1, 3, 1, 3, 3, 0, 3, 1, 3, 0, 3, 0, 0, 1, 1, 0, 3, 1, 1, 0, 0, 3, 0, 1]",33,17,16,46,29,17,2004 Middlesbrough,61.54203912151577,9.174311926605505
545,Premier_League,2004,Newcastle,"[1, 0, 1, 0, 3, 3, 3, 1, 1, 3, 0, 0, 0, 3, 1, 0, 1, 0, 1, 0, 3, 1, 3, 0, 1, 1, 3, 3, 1, 0, 0, 0]",32,16,16,38,20,18,2004 Newcastle,2.956914766756831,2.3923444976076556
546,Premier_League,2004,Norwich,"[1, 0, 1, 0, 1, 1, 0, 1, 1, 0, 1, 1, 0, 3, 1, 0, 3, 0, 0, 0, 1, 0, 0, 1, 0, 3, 0, 0, 0, 0, 0, 3, 1, 3]",34,17,17,27,15,12,2004 Norwich,3.9939591896853206,2.7247956403269753
547,Premier_League,2004,Portsmouth,"[1, 0, 3, 3, 0, 0, 1, 3, 1, 3, 0, 0, 0, 3, 3, 1, 1, 0, 3, 0, 1, 0, 0, 0, 3, 0, 0, 0, 0, 1, 0, 3, 1, 0]",34,17,17,35,23,12,2004 Portsmouth,91.81882959859922,11.401208528103979
548,Premier_League,2004,Southampton,"[0, 3, 0, 0, 1, 0, 0, 1, 0, 1, 1, 1, 3, 0, 1, 0, 1, 0, 1, 0, 0, 1, 0, 3, 0, 1, 1, 1, 3, 3, 0, 0, 0, 1]",34,17,17,28,13,15,2004 Southampton,1.4894535623631504,1.447178002894356
549,Premier_League,2004,Tottenham,"[1, 3, 1, 3, 1, 1, 0, 3, 0, 0, 0, 0, 0, 0, 3, 3, 3, 3, 3, 1, 3, 1, 0, 0, 0, 3, 3, 0, 0, 3, 1, 3, 1, 1]",34,17,17,48,22,26,2004 Tottenham,1.2718529784432357,1.364256480218281
550,Premier_League,2004,West Brom,"[1, 1, 1, 0, 0, 1, 0, 3, 1, 0, 0, 1, 0, 1, 0, 0, 0, 0, 0, 1, 1, 1, 0, 3, 1, 0, 1, 3, 0, 3, 3, 1, 1]",33,17,16,29,10,19,2004 West Brom,1.0147472228816135,1.0395010395010396
551,Premier_League,2005,Arsenal,"[3, 0, 3, 0, 3, 1, 3, 0, 3, 1, 3, 3, 3, 0, 0, 0, 3, 3, 1, 1, 3, 0, 0, 3, 1, 0, 0, 3, 3, 3, 3, 0, 1, 3, 1, 3, 3, 3]",38,19,19,67,33,34,2005 Arsenal,1.737768946299613,1.733102253032929
552,Premier_League,2005,Aston Villa,"[1, 0, 1, 3, 0, 1, 0, 0, 3, 0, 0, 0, 3, 3, 1, 1, 0, 3, 1, 1, 3, 0, 1, 1, 3, 0, 1, 3, 0, 0, 1, 0, 1, 3, 0, 0, 0, 3]",38,19,19,42,21,21,2005 Aston Villa,2.0,1.7094017094017093
553,Premier_League,2005,Birmingham,"[1, 0, 0, 3, 0, 1, 1, 0, 0, 0, 0, 0, 3, 0, 3, 0, 0, 1, 0, 3, 0, 3, 1, 0, 0, 3, 0, 1, 0, 0, 1, 3, 1, 0, 3, 1, 1, 0]",38,19,19,34,13,21,2005 Birmingham,1.05344423275658,1.1273957158962795
554,Premier_League,2005,Blackburn,"[0, 3, 1, 0, 1, 0, 3, 3, 0, 3, 0, 3, 1, 0, 0, 3, 0, 3, 3, 3, 1, 3, 3, 0, 0, 3, 3, 0, 3, 3, 3, 1, 1, 0, 0, 3, 3, 3]",38,19,19,63,27,36,2005 Blackburn,1.0471334110995063,1.1376564277588168
555,Premier_League,2005,Bolton,"[1, 0, 3, 3, 1, 3, 3, 0, 0, 3, 3, 3, 0, 3, 1, 3, 1, 0, 1, 1, 3, 1, 1, 1, 3, 0, 3, 3, 0, 0, 0, 0, 0, 1, 3, 0, 1, 3]",38,19,19,56,32,24,2005 Bolton,14.932746183130543,5.405405405405405
556,Premier_League,2005,Charlton,"[3, 3, 3, 3, 0, 3, 0, 1, 3, 0, 0, 0, 0, 0, 3, 0, 0, 3, 0, 3, 1, 1, 0, 3, 0, 1, 1, 1, 3, 0, 3, 1, 1, 0, 3, 0, 0, 0]",38,19,19,47,25,22,2005 Charlton,3.5203073826589892,2.5906735751295336
557,Premier_League,2005,Chelsea,"[3, 3, 3, 3, 3, 3, 3, 3, 3, 1, 3, 0, 3, 3, 3, 3, 3, 3, 3, 3, 3, 3, 1, 1, 3, 0, 3, 3, 3, 0, 3, 1, 3, 3, 3, 3, 0, 0]",38,19,19,91,52,39,2005 Chelsea,828.640839738646,21.34471718249733
558,Premier_League,2005,Everton,"[0, 3, 0, 0, 0, 0, 0, 0, 1, 3, 3, 0, 3, 3, 1, 0, 0, 0, 0, 3, 3, 3, 3, 1, 3, 3, 0, 1, 3, 3, 0, 1, 1, 0, 0, 1, 3, 1]",38,19,19,50,17,33,2005 Everton,1.0012657499083626,1.027749229188078
559,Premier_League,2005,Fulham,"[1, 0, 0, 3, 1, 0, 0, 0, 1, 3, 0, 3, 0, 3, 1, 0, 3, 0, 1, 0, 3, 3, 0, 3, 0, 3, 0, 0, 0, 0, 3, 1, 0, 3, 3, 3, 0, 3]",38,19,19,48,20,28,2005 Fulham,1.0690167191937805,1.183431952662722
560,Premier_League,2005,Liverpool,"[1, 3, 1, 1, 1, 0, 3, 0, 3, 3, 3, 3, 3, 3, 3, 3, 3, 3, 1, 3, 0, 1, 0, 0, 3, 3, 3, 1, 0, 3, 3, 3, 3, 3, 3, 3, 3, 3]",38,19,19,82,41,41,2005 Liverpool,2.0,1.8050541516245486
561,Premier_League,2005,Man City,"[1, 3, 3, 3, 1, 0, 0, 3, 3, 0, 3, 0, 1, 0, 3, 0, 3, 0, 0, 1, 0, 3, 0, 3, 0, 3, 0, 3, 0, 0, 0, 0, 0, 0, 3, 0, 0, 0]",38,19,19,43,27,16,2005 Man City,59.636495178306326,8.369601606963508
562,Premier_League,2005,Man United,"[3, 3, 3, 1, 1, 0, 3, 3, 1, 0, 3, 3, 3, 3, 1, 3, 3, 3, 1, 3, 1, 0, 3, 0, 3, 3, 3, 3, 3, 3, 3, 3, 3, 1, 3, 0, 1, 3]",38,19,19,83,41,42,2005 Man United,1.7142144809401871,1.7543859649122806
563,Premier_League,2005,Middlesbrough,"[1, 0, 3, 0, 3, 1, 0, 3, 1, 0, 3, 0, 3, 1, 0, 0, 1, 0, 1, 1, 0, 0, 3, 0, 3, 3, 3, 0, 0, 3, 3, 0, 0, 3, 0, 1, 1, 0]",38,19,19,45,21,24,2005 Middlesbrough,1.3941199215521631,1.443001443001443
564,Premier_League,2005,Newcastle,"[0, 1, 0, 0, 1, 3, 3, 1, 0, 3, 3, 3, 0, 0, 1, 3, 3, 0, 0, 1, 0, 0, 0, 3, 3, 1, 3, 3, 0, 0, 0, 3, 3, 3, 3, 3, 1, 3]",38,19,19,58,25,33,2005 Newcastle,1.0717733594552075,1.1507479861910241
565,Premier_League,2005,Portsmouth,"[0, 0, 1, 0, 3, 1, 0, 1, 1, 0, 3, 0, 0, 0, 0, 0, 3, 1, 0, 3, 0, 0, 0, 1, 0, 0, 0, 0, 3, 3, 3, 1, 1, 3, 0, 3, 3, 0]",38,19,19,38,14,24,2005 Portsmouth,1.0240365583232343,1.0893246187363834
566,Premier_League,2005,Sunderland,"[0, 0, 0, 0, 0, 1, 3, 1, 0, 0, 0, 0, 0, 0, 0, 0, 0, 1, 0, 0, 0, 3, 0, 0, 1, 0, 0, 0, 0, 0, 0, 1, 1, 0, 0, 0, 3, 0]",38,19,19,15,6,9,2005 Sunderland,1.2545912844198492,1.314060446780552
567,Premier_League,2005,Tottenham,"[3, 3, 1, 0, 1, 1, 3, 3, 3, 1, 1, 0, 1, 3, 3, 3, 1, 3, 0, 3, 3, 0, 1, 0, 3, 1, 1, 3, 0, 3, 3, 0, 3, 3, 0, 1, 3, 0]",38,19,19,65,34,31,2005 Tottenham,3.506757699596241,2.4213075060532687
568,Premier_League,2005,West Brom,"[1, 3, 0, 0, 0, 1, 0, 0, 3, 0, 0, 0, 3, 1, 1, 3, 0, 0, 3, 0, 0, 3, 0, 1, 3, 0, 0, 0, 1, 0, 0, 0, 1, 0, 1, 0, 0, 1]",38,19,19,30,19,11,2005 West Brom,22.511964067287565,5.882352941176471
569,Premier_League,2005,West Ham,"[3, 1, 0, 3, 3, 1, 1, 0, 3, 0, 3, 1, 0, 3, 0, 3, 0, 1, 0, 0, 0, 3, 3, 3, 3, 3, 1, 0, 0, 3, 0, 1, 0, 3, 0, 0, 3, 3]",38,19,19,55,26,29,2005 West Ham,1.4024391636393398,1.5151515151515151
570,Premier_League,2005,Wigan,"[0, 0, 3, 3, 1, 3, 3, 3, 3, 3, 3, 0, 0, 0, 0, 0, 3, 3, 3, 0, 0, 0, 3, 1, 1, 0, 1, 0, 3, 3, 0, 1, 1, 0, 3, 0, 0, 0]",38,19,19,51,34,17,2005 Wigan,1466.3735669462078,32.40440699935191
571,Premier_League,2006,Arsenal,"[1, 0, 1, 3, 3, 3, 3, 3, 1, 0, 3, 1, 0, 0, 3, 1, 3, 1, 3, 3, 0, 3, 3, 3, 1, 3, 3, 3, 0, 0, 0, 1, 3, 3, 1, 3, 1, 1]",38,19,19,68,33,35,2006 Arsenal,1.5415460052059684,1.5723270440251573
572,Premier_League,2006,Aston Villa,"[1, 3, 3, 1, 1, 3, 1, 1, 1, 0, 3, 3, 1, 1, 0, 1, 1, 0, 0, 0, 0, 1, 0, 3, 0, 3, 0, 1, 0, 1, 1, 3, 1, 3, 1, 3, 3, 1]",38,19,19,50,25,25,2006 Aston Villa,2.0,1.8148820326678765
573,Premier_League,2006,Blackburn,"[0, 1, 0, 1, 3, 3, 3, 1, 0, 0, 0, 0, 1, 3, 0, 0, 3, 0, 3, 3, 3, 0, 3, 0, 0, 3, 0, 3, 3, 0, 0, 0, 3, 1, 3, 3, 1, 1]",38,19,19,52,22,30,2006 Blackburn,1.0709475047695025,1.1560693641618498
574,Premier_League,2006,Bolton,"[3, 1, 0, 3, 1, 3, 3, 3, 3, 0, 0, 1, 0, 3, 0, 0, 3, 3, 3, 3, 3, 0, 1, 0, 1, 3, 3, 0, 0, 0, 3, 3, 1, 0, 0, 1, 0, 1]",38,19,19,56,33,23,2006 Bolton,32.7842533431805,6.756756756756757
575,Premier_League,2006,Charlton,"[0, 0, 3, 0, 0, 0, 0, 0, 1, 1, 3, 0, 0, 1, 0, 3, 0, 0, 0, 1, 3, 0, 0, 3, 1, 0, 0, 3, 1, 3, 3, 1, 1, 0, 1, 0, 0, 1]",38,19,19,34,12,22,2006 Charlton,1.0207388039149388,1.0775862068965518
576,Premier_League,2006,Chelsea,"[3, 0, 3, 3, 3, 3, 1, 3, 3, 3, 0, 3, 3, 1, 3, 1, 3, 3, 3, 1, 1, 1, 3, 0, 3, 3, 3, 3, 3, 3, 3, 3, 3, 1, 1, 1, 1, 1]",38,19,19,83,45,38,2006 Chelsea,14.221296608633846,5.555555555555555
577,Premier_League,2006,Everton,"[3, 1, 3, 3, 1, 1, 1, 0, 3, 1, 0, 0, 3, 1, 0, 3, 0, 0, 3, 1, 3, 0, 1, 3, 1, 3, 0, 3, 1, 3, 1, 3, 1, 3, 0, 0, 3, 1]",38,19,19,58,27,31,2006 Everton,1.293348015135769,1.3531799729364005
578,Premier_League,2006,Fulham,"[0, 1, 3, 3, 1, 0, 1, 3, 1, 0, 3, 1, 0, 0, 3, 0, 0, 3, 1, 1, 1, 1, 1, 1, 0, 3, 0, 0, 1, 1, 1, 0, 0, 0, 1, 0, 3, 0]",38,19,19,39,24,15,2006 Fulham,26.453081092925785,9.345794392523365
579,Premier_League,2006,Liverpool,"[1, 3, 0, 0, 3, 3, 0, 1, 0, 3, 3, 0, 1, 3, 1, 3, 3, 3, 3, 0, 3, 3, 3, 3, 3, 1, 0, 3, 0, 1, 3, 3, 1, 3, 3, 0, 0, 1]",38,19,19,68,34,34,2006 Liverpool,2.0,1.7543859649122806
580,Premier_League,2006,Man City,"[0, 1, 3, 0, 0, 3, 1, 1, 0, 3, 0, 1, 3, 0, 3, 1, 0, 0, 0, 3, 3, 3, 1, 0, 0, 0, 0, 0, 3, 3, 1, 3, 1, 0, 1, 0, 0, 0]",38,19,19,42,20,22,2006 Man City,1.5358365198579023,1.5527950310559007
581,Premier_League,2006,Man United,"[3, 3, 3, 3, 0, 1, 3, 3, 3, 3, 3, 3, 3, 1, 3, 3, 3, 0, 3, 3, 3, 1, 3, 0, 3, 3, 3, 3, 3, 3, 3, 0, 3, 1, 3, 3, 1, 0]",38,19,19,89,47,42,2006 Man United,7.75999962167728,3.194888178913738
582,Premier_League,2006,Middlesbrough,"[0, 3, 0, 1, 1, 0, 0, 3, 3, 0, 0, 3, 1, 1, 0, 0, 1, 0, 3, 1, 0, 3, 3, 3, 1, 1, 0, 3, 1, 0, 0, 3, 0, 0, 1, 0, 3, 3]",38,19,19,46,20,26,2006 Middlesbrough,1.144183850593227,1.2195121951219512
583,Premier_League,2006,Newcastle,"[3, 0, 0, 3, 0, 1, 0, 0, 0, 1, 0, 1, 1, 3, 3, 3, 0, 3, 3, 0, 0, 1, 3, 1, 3, 0, 3, 0, 1, 0, 0, 3, 1, 0, 1, 0, 0, 1]",38,19,19,43,25,18,2006 Newcastle,11.35293805267228,4.219409282700422
584,Premier_League,2006,Portsmouth,"[3, 1, 3, 3, 3, 0, 0, 3, 0, 3, 0, 1, 3, 0, 1, 1, 3, 1, 3, 3, 0, 1, 1, 0, 1, 0, 3, 0, 0, 1, 1, 3, 0, 3, 1, 3, 0, 1]",38,19,19,54,32,22,2006 Portsmouth,32.9561662507858,7.407407407407407
585,Premier_League,2006,Reading,"[3, 0, 0, 3, 3, 1, 3, 0, 0, 0, 0, 3, 3, 3, 3, 0, 1, 0, 0, 1, 0, 3, 1, 3, 3, 3, 3, 0, 0, 1, 0, 0, 1, 3, 3, 3, 0, 1]",38,19,19,55,26,29,2006 Reading,1.4024391636393398,1.4970059880239521
586,Premier_League,2006,Sheffield United,"[1, 0, 0, 1, 0, 0, 3, 1, 0, 0, 3, 1, 0, 0, 3, 3, 1, 3, 0, 0, 3, 0, 1, 0, 3, 0, 3, 0, 1, 0, 0, 0, 3, 0, 1, 3, 0, 0]",38,19,19,38,20,18,2006 Sheffield United,2.8939278893841527,2.2123893805309733
587,Premier_League,2006,Tottenham,"[0, 3, 0, 0, 1, 0, 3, 1, 3, 1, 3, 0, 1, 3, 0, 3, 3, 3, 0, 3, 0, 1, 0, 1, 0, 0, 3, 3, 3, 3, 3, 0, 1, 1, 3, 3, 1, 3]",38,19,19,60,28,32,2006 Tottenham,1.292882385329954,1.349527665317139
588,Premier_League,2006,Watford,"[0, 1, 0, 0, 1, 1, 1, 0, 1, 1, 3, 0, 0, 0, 1, 1, 0, 0, 0, 1, 0, 0, 3, 0, 0, 3, 1, 0, 1, 0, 0, 0, 3, 0, 1, 0, 3, 1]",38,19,19,28,11,17,2006 Watford,1.1060259244053694,1.124859392575928
589,Premier_League,2006,West Ham,"[3, 1, 0, 1, 0, 0, 0, 0, 0, 3, 3, 0, 0, 3, 0, 0, 0, 3, 1, 0, 0, 0, 1, 1, 0, 0, 0, 0, 0, 3, 3, 3, 0, 0, 3, 3, 3, 3]",38,19,19,41,18,23,2006 West Ham,1.1969986850344427,1.3089005235602094
590,Premier_League,2006,Wigan,"[0, 3, 0, 1, 1, 0, 0, 3, 3, 3, 3, 1, 0, 0, 3, 1, 0, 0, 0, 0, 0, 0, 0, 0, 3, 0, 1, 3, 3, 1, 0, 0, 1, 1, 0, 0, 0, 3]",38,19,19,38,22,16,2006 Wigan,8.575217980509368,4.132231404958677
591,Premier_League,2007,Arsenal,"[3, 1, 3, 3, 3, 3, 3, 3, 3, 1, 1, 3, 3, 3, 1, 0, 3, 3, 1, 3, 3, 1, 3, 3, 3, 3, 1, 1, 1, 1, 0, 3, 1, 0, 3, 3, 3, 3]",38,19,19,83,44,39,2007 Arsenal,6.83545790802492,3.194888178913738
592,Premier_League,2007,Aston Villa,"[0, 1, 3, 3, 0, 3, 1, 3, 0, 1, 3, 3, 3, 3, 0, 0, 1, 1, 1, 3, 3, 3, 1, 1, 0, 3, 3, 1, 1, 0, 0, 0, 3, 3, 3, 1, 0, 1]",38,19,19,60,30,30,2007 Aston Villa,2.0,1.845018450184502
593,Premier_League,2007,Birmingham,"[0, 1, 0, 3, 0, 3, 1, 0, 0, 0, 3, 0, 0, 0, 3, 0, 1, 0, 3, 1, 0, 1, 0, 0, 1, 1, 1, 3, 0, 1, 0, 3, 0, 1, 0, 1, 0, 3]",38,19,19,35,18,17,2007 Birmingham,2.383519571708782,1.9723865877712032
594,Premier_League,2007,Blackburn,"[3, 1, 1, 3, 1, 0, 3, 3, 3, 3, 1, 0, 1, 0, 3, 0, 0, 0, 1, 3, 3, 3, 1, 1, 1, 0, 3, 3, 1, 0, 3, 1, 1, 0, 1, 3, 3, 0]",38,19,19,58,27,31,2007 Blackburn,1.293348015135769,1.3458950201884252
595,Premier_League,2007,Bolton,"[0, 0, 0, 3, 0, 0, 1, 1, 0, 0, 1, 1, 1, 3, 0, 3, 0, 3, 0, 0, 3, 0, 1, 1, 3, 0, 0, 0, 0, 0, 1, 0, 0, 3, 3, 1, 3, 1]",38,19,19,37,17,20,2007 Bolton,1.3778242584576794,1.404494382022472
596,Premier_League,2007,Chelsea,"[3, 3, 1, 3, 0, 1, 0, 1, 3, 3, 3, 3, 1, 3, 3, 3, 0, 3, 1, 3, 3, 3, 3, 3, 1, 1, 3, 3, 3, 1, 3, 3, 3, 1, 3, 3, 3, 1]",38,19,19,85,38,47,2007 Chelsea,1.0271858239156497,1.0810810810810811
597,Premier_League,2007,Derby,"[1, 0, 0, 0, 0, 3, 0, 1, 0, 1, 0, 0, 0, 0, 0, 0, 0, 1, 0, 0, 0, 0, 0, 1, 1, 0, 0, 1, 0, 0, 0, 1, 0, 0, 0, 0, 0, 0]",38,19,19,11,7,4,2007 Derby,5.860031217571361,2.9761904761904763
598,Premier_League,2007,Everton,"[3, 3, 0, 1, 3, 0, 0, 3, 0, 0, 3, 3, 1, 3, 1, 3, 3, 0, 3, 0, 3, 3, 3, 1, 1, 3, 3, 3, 3, 0, 1, 0, 3, 1, 0, 1, 0, 3]",38,19,19,65,33,32,2007 Everton,2.353096022922959,2.032520325203252
599,Premier_League,2007,Fulham,"[0, 3, 0, 0, 1, 1, 1, 1, 0, 1, 1, 3, 0, 1, 0, 0, 0, 1, 0, 1, 0, 0, 0, 1, 3, 0, 0, 0, 1, 3, 0, 1, 0, 3, 0, 3, 3, 3]",38,19,19,36,14,22,2007 Fulham,1.0565123405262604,1.1235955056179776
600,Premier_League,2007,Liverpool,"[3, 1, 3, 3, 1, 1, 3, 1, 3, 1, 1, 3, 3, 3, 0, 0, 3, 3, 1, 1, 1, 1, 0, 3, 1, 3, 3, 3, 3, 3, 0, 3, 1, 3, 3, 1, 3, 3]",38,19,19,76,37,39,2007 Liverpool,1.5280032073054108,1.51285930408472
601,Premier_League,2007,Man City,"[3, 3, 3, 0, 0, 3, 1, 3, 3, 3, 0, 3, 1, 3, 1, 0, 3, 1, 1, 1, 3, 0, 1, 1, 0, 3, 0, 1, 0, 3, 1, 0, 0, 3, 3, 0, 0, 0]",38,19,19,55,35,20,2007 Man City,405.57395726255726,23.57934449422306
602,Premier_League,2007,Man United,"[1, 1, 0, 3, 3, 3, 3, 3, 3, 3, 3, 1, 3, 0, 3, 3, 3, 3, 3, 0, 3, 3, 3, 3, 1, 0, 3, 3, 3, 3, 3, 3, 1, 3, 1, 0, 3, 3]",38,19,19,87,45,42,2007 Man United,3.9317453723553464,2.5906735751295336
603,Premier_League,2007,Middlesbrough,"[0, 0, 3, 1, 3, 0, 1, 0, 0, 0, 0, 1, 1, 0, 1, 3, 3, 0, 0, 3, 0, 1, 1, 3, 1, 3, 0, 0, 1, 1, 3, 0, 1, 1, 0, 0, 3, 3]",38,19,19,42,17,25,2007 Middlesbrough,1.064030563794502,1.1273957158962795
604,Premier_League,2007,Newcastle,"[3, 1, 1, 3, 0, 3, 0, 3, 3, 0, 0, 1, 0, 0, 1, 3, 3, 1, 0, 0, 0, 0, 1, 0, 1, 0, 0, 0, 0, 1, 3, 3, 3, 1, 3, 1, 0, 0]",38,19,19,43,26,17,2007 Newcastle,24.38659762952152,7.142857142857143
605,Premier_League,2007,Portsmouth,"[1, 1, 3, 0, 0, 1, 3, 3, 3, 3, 1, 3, 1, 3, 1, 3, 0, 0, 1, 0, 3, 0, 3, 0, 1, 3, 3, 0, 3, 3, 0, 3, 3, 1, 0, 0, 0, 0]",38,19,19,57,31,26,2007 Portsmouth,5.73112452529722,3.257328990228013
606,Premier_League,2007,Reading,"[1, 0, 3, 0, 0, 0, 3, 0, 3, 0, 3, 0, 0, 0, 1, 3, 1, 3, 1, 0, 0, 0, 0, 0, 0, 0, 0, 3, 3, 0, 3, 1, 0, 0, 0, 1, 0, 3]",38,19,19,36,22,14,2007 Reading,18.69525011152765,5.434782608695652
607,Premier_League,2007,Sunderland,"[3, 1, 0, 0, 0, 3, 1, 0, 0, 0, 1, 0, 1, 0, 3, 0, 1, 0, 0, 3, 0, 3, 0, 3, 0, 3, 0, 1, 0, 0, 3, 3, 3, 0, 0, 3, 0, 0]",38,19,19,39,14,25,2007 Sunderland,1.0151691460420298,1.0515247108307044
608,Premier_League,2007,Tottenham,"[0, 0, 3, 0, 1, 0, 1, 1, 1, 0, 0, 1, 3, 1, 0, 3, 3, 0, 3, 3, 0, 0, 3, 1, 1, 3, 0, 3, 0, 1, 3, 0, 1, 1, 1, 1, 3, 0]",38,19,19,46,21,25,2007 Tottenham,1.2862496443287577,1.3386880856760375
609,Premier_League,2007,West Ham,"[0, 3, 1, 3, 3, 0, 0, 0, 3, 1, 1, 3, 1, 0, 3, 0, 3, 1, 3, 0, 3, 1, 3, 0, 1, 3, 0, 0, 0, 3, 1, 0, 0, 0, 3, 1, 0, 1]",38,19,19,49,29,20,2007 West Ham,22.56758209064213,6.329113924050633
610,Premier_League,2007,Wigan,"[0, 3, 3, 1, 0, 1, 0, 0, 0, 0, 0, 0, 0, 0, 1, 0, 3, 1, 3, 0, 1, 3, 0, 0, 3, 0, 3, 1, 1, 3, 0, 0, 3, 1, 1, 1, 3, 0]",38,19,19,40,16,24,2007 Wigan,1.0618065456417893,1.1376564277588168
611,Premier_League,2008,Arsenal,"[3, 0, 3, 3, 3, 0, 1, 3, 3, 1, 0, 3, 0, 0, 3, 3, 1, 1, 1, 3, 3, 3, 1, 1, 1, 1, 1, 3, 3, 3, 3, 3, 1, 3, 3, 0, 1, 3]",38,19,19,72,32,40,2008 Arsenal,1.0640305637945022,1.1235955056179776
612,Premier_League,2008,Aston Villa,"[3, 0, 1, 3, 3, 3, 0, 1, 3, 3, 0, 0, 3, 1, 1, 3, 3, 3, 1, 3, 3, 3, 3, 1, 3, 0, 1, 0, 0, 0, 0, 1, 1, 1, 3, 0, 1, 3]",38,19,19,62,35,27,2008 Aston Villa,15.094928401623791,5.405405405405405
613,Premier_League,2008,Blackburn,"[3, 1, 0, 0, 3, 3, 0, 1, 1, 0, 1, 0, 0, 0, 0, 0, 0, 3, 1, 1, 3, 1, 1, 0, 0, 3, 1, 3, 0, 1, 3, 0, 0, 3, 0, 3, 0, 1]",38,19,19,41,17,24,2008 Blackburn,1.094027955826726,1.1655011655011656
614,Premier_League,2008,Bolton,"[3, 0, 1, 0, 0, 0, 3, 1, 0, 0, 3, 3, 0, 3, 3, 0, 0, 3, 0, 0, 0, 0, 1, 3, 0, 3, 3, 0, 0, 1, 3, 0, 0, 1, 1, 1, 1, 0]",38,19,19,41,23,18,2008 Bolton,6.0761760152112805,3.1645569620253164
615,Premier_League,2008,Chelsea,"[3, 3, 1, 3, 1, 3, 3, 3, 0, 3, 3, 3, 3, 1, 0, 3, 1, 1, 3, 1, 0, 3, 3, 0, 1, 3, 3, 3, 3, 0, 3, 3, 1, 3, 3, 3, 3, 3]",38,19,19,83,41,42,2008 Chelsea,1.7142144809401871,1.6556291390728477
616,Premier_League,2008,Everton,"[0, 3, 0, 3, 1, 0, 1, 0, 1, 3, 3, 3, 1, 0, 3, 0, 3, 1, 3, 3, 3, 1, 1, 0, 3, 1, 3, 1, 3, 0, 3, 1, 1, 0, 3, 1, 3, 3]",38,19,19,63,29,34,2008 Everton,1.2093987735161813,1.277139208173691
617,Premier_League,2008,Fulham,"[0, 3, 3, 0, 0, 0, 1, 1, 3, 0, 3, 3, 1, 1, 1, 1, 3, 1, 1, 0, 0, 3, 1, 0, 3, 1, 0, 0, 3, 3, 0, 3, 1, 3, 0, 3, 3, 0]",38,19,19,53,26,27,2008 Fulham,1.74071832357925,1.7452006980802792
618,Premier_League,2008,Hull,"[3, 1, 0, 3, 1, 3, 3, 3, 3, 0, 0, 0, 1, 1, 1, 3, 1, 0, 0, 0, 0, 0, 0, 1, 1, 0, 0, 3, 1, 0, 1, 0, 0, 0, 0, 0, 1, 0]",38,19,19,35,27,8,2008 Hull,17492.565521514163,195.3125
619,Premier_League,2008,Liverpool,"[3, 3, 1, 3, 1, 3, 3, 3, 3, 3, 0, 3, 3, 1, 1, 3, 1, 1, 3, 3, 1, 1, 1, 3, 3, 1, 0, 3, 3, 3, 3, 3, 1, 3, 3, 3, 3, 3]",38,19,19,86,42,44,2008 Liverpool,1.4963815669506195,1.5197568389057752
620,Premier_League,2008,Man City,"[0, 3, 3, 0, 3, 0, 0, 1, 3, 0, 0, 0, 1, 3, 0, 1, 0, 0, 3, 1, 3, 3, 0, 3, 0, 1, 0, 3, 0, 3, 0, 0, 3, 3, 3, 0, 0, 3]",38,19,19,50,21,29,2008 Man City,1.070120658694815,1.1750881316098707
621,Premier_League,2008,Man United,"[1, 3, 0, 1, 3, 3, 3, 1, 3, 3, 0, 3, 1, 3, 3, 1, 3, 3, 3, 3, 3, 3, 3, 3, 3, 3, 3, 0, 0, 3, 3, 3, 3, 3, 3, 3, 1, 3]",38,19,19,90,41,49,2008 Man United,1.0341695284208992,1.1061946902654867
622,Premier_League,2008,Middlesbrough,"[3, 0, 3, 0, 0, 0, 3, 0, 1, 3, 1, 3, 1, 0, 1, 0, 1, 0, 0, 0, 1, 0, 0, 1, 0, 1, 3, 0, 1, 0, 0, 3, 1, 0, 0, 0, 1, 0]",38,19,19,32,20,12,2008 Middlesbrough,20.960163712902105,6.134969325153374
623,Premier_League,2008,Newcastle,"[1, 3, 0, 0, 0, 0, 1, 1, 0, 3, 3, 0, 1, 1, 1, 1, 3, 3, 0, 0, 1, 0, 0, 1, 3, 1, 0, 0, 1, 0, 0, 1, 0, 1, 0, 3, 0, 0]",38,19,19,34,22,12,2008 Newcastle,49.21878851362643,10.566356720202874
624,Premier_League,2008,Portsmouth,"[0, 0, 3, 3, 0, 3, 3, 1, 1, 0, 0, 3, 1, 1, 3, 1, 0, 0, 0, 0, 1, 0, 0, 0, 3, 1, 0, 1, 3, 1, 1, 3, 0, 1, 0, 0, 3, 0]",38,19,19,41,23,18,2008 Portsmouth,6.0761760152112805,3.3333333333333335
625,Premier_League,2008,Stoke,"[0, 3, 0, 0, 1, 0, 0, 3, 0, 3, 3, 1, 0, 3, 1, 1, 1, 0, 0, 0, 1, 0, 0, 3, 0, 1, 1, 3, 0, 3, 3, 1, 3, 0, 0, 3, 3, 0]",38,19,19,45,20,25,2008 Stoke,1.2033938397519766,1.3458950201884252
626,Premier_League,2008,Sunderland,"[0, 3, 0, 1, 3, 0, 1, 1, 3, 0, 0, 0, 3, 0, 0, 0, 3, 3, 1, 0, 1, 0, 3, 1, 3, 1, 0, 1, 0, 0, 0, 0, 3, 0, 0, 1, 0, 0]",38,19,19,36,22,14,2008 Sunderland,18.69525011152765,4.545454545454546
627,Premier_League,2008,Tottenham,"[0, 0, 1, 0, 1, 0, 0, 0, 3, 1, 3, 3, 0, 3, 0, 3, 1, 0, 1, 0, 0, 1, 3, 0, 1, 3, 3, 1, 3, 3, 0, 3, 3, 0, 3, 1, 3, 0]",38,19,19,51,20,31,2008 Tottenham,1.0195059226512808,1.0672358591248665
628,Premier_League,2008,West Brom,"[0, 0, 1, 3, 0, 3, 3, 0, 0, 0, 1, 0, 0, 0, 0, 1, 0, 3, 0, 3, 0, 3, 0, 1, 0, 0, 0, 0, 1, 1, 0, 1, 0, 3, 0, 3, 0, 1]",38,19,19,32,15,17,2008 West Brom,1.5114571401692003,1.557632398753894
629,Premier_League,2008,West Ham,"[3, 0, 3, 0, 3, 3, 0, 0, 0, 0, 1, 0, 1, 3, 1, 0, 1, 0, 3, 3, 1, 3, 3, 1, 0, 0, 3, 3, 1, 1, 3, 0, 1, 0, 3, 0, 0, 3]",38,19,19,51,22,29,2008 West Ham,1.1033393861102794,1.2121212121212122
630,Premier_League,2008,Wigan,"[0, 0, 3, 1, 1, 3, 0, 0, 0, 0, 3, 1, 1, 3, 3, 0, 3, 3, 3, 3, 0, 0, 1, 1, 1, 1, 0, 0, 3, 3, 0, 0, 0, 1, 0, 0, 0, 3]",38,19,19,45,28,17,2008 Wigan,57.05380175781328,8.928571428571429
631,Premier_League,2009,Arsenal,"[3, 3, 0, 0, 3, 3, 3, 3, 1, 3, 3, 0, 0, 3, 3, 1, 3, 3, 3, 1, 3, 3, 1, 0, 0, 3, 3, 3, 3, 3, 3, 1, 3, 0, 0, 1, 0, 3]",38,19,19,75,41,34,2009 Arsenal,11.976640001692052,4.132231404958677
632,Premier_League,2009,Aston Villa,"[0, 3, 3, 3, 3, 0, 1, 3, 1, 1, 0, 3, 1, 1, 3, 3, 3, 3, 0, 0, 1, 1, 3, 1, 1, 3, 1, 3, 1, 1, 0, 3, 1, 3, 3, 3, 0, 0]",38,19,19,64,35,29,2009 Aston Villa,7.768959847639383,3.7735849056603774
633,Premier_League,2009,Birmingham,"[0, 3, 1, 0, 0, 3, 0, 0, 0, 3, 1, 1, 3, 3, 3, 3, 3, 1, 1, 3, 1, 0, 1, 3, 0, 0, 3, 3, 1, 0, 0, 1, 1, 0, 1, 0, 3, 0]",38,19,19,50,29,21,2009 Birmingham,15.261132433913414,5.2631578947368425
634,Premier_League,2009,Blackburn,"[0, 0, 1, 3, 0, 3, 0, 3, 0, 0, 3, 3, 0, 1, 1, 1, 0, 0, 1, 1, 0, 3, 3, 1, 0, 3, 3, 0, 0, 1, 3, 3, 1, 1, 0, 1, 3, 3]",38,19,19,50,20,30,2009 Blackburn,1.0304490844285539,1.1037527593818985
635,Premier_League,2009,Bolton,"[0, 0, 0, 3, 1, 3, 1, 0, 3, 0, 0, 0, 1, 0, 1, 3, 1, 1, 0, 0, 3, 0, 1, 0, 1, 0, 3, 3, 0, 3, 0, 0, 0, 0, 3, 1, 0, 3]",38,19,19,39,18,21,2009 Bolton,1.3828179434933499,1.4513788098693758
636,Premier_League,2009,Burnley,"[0, 3, 3, 0, 0, 3, 0, 3, 0, 0, 3, 1, 1, 0, 0, 1, 1, 0, 1, 0, 0, 0, 0, 3, 0, 0, 0, 0, 1, 0, 0, 0, 0, 3, 0, 0, 0, 3]",38,19,19,30,20,10,2009 Burnley,59.83308295309657,8.547008547008547
637,Premier_League,2009,Chelsea,"[3, 3, 3, 3, 3, 3, 0, 3, 0, 3, 3, 3, 3, 3, 0, 1, 3, 1, 1, 3, 3, 3, 3, 1, 3, 0, 3, 0, 3, 1, 3, 3, 3, 3, 0, 3, 3, 3]",38,19,19,86,42,44,2009 Chelsea,1.4963815669506195,1.5197568389057752
638,Premier_League,2009,Everton,"[0, 0, 3, 0, 3, 3, 1, 1, 0, 1, 3, 0, 0, 0, 1, 1, 1, 1, 3, 1, 3, 3, 3, 0, 3, 3, 0, 3, 1, 3, 3, 1, 1, 1, 3, 3, 1, 3]",38,19,19,61,22,39,2009 Everton,1.0007063152537514,1.0101010101010102
639,Premier_League,2009,Fulham,"[3, 0, 0, 3, 0, 0, 1, 3, 1, 3, 1, 0, 3, 1, 3, 1, 3, 1, 0, 0, 0, 0, 0, 3, 1, 3, 3, 1, 0, 0, 0, 3, 1, 1, 0, 3, 0, 0]",38,19,19,46,27,19,2009 Fulham,15.785342932787795,5.05050505050505
640,Premier_League,2009,Hull,"[0, 0, 3, 1, 0, 0, 0, 3, 0, 1, 0, 3, 1, 3, 1, 0, 1, 0, 0, 1, 1, 0, 1, 1, 3, 0, 0, 0, 0, 0, 3, 0, 0, 1, 0, 0, 1, 1]",38,19,19,30,17,13,2009 Hull,5.064609833021345,3.1446540880503147
641,Premier_League,2009,Liverpool,"[0, 3, 0, 3, 3, 3, 3, 0, 0, 3, 0, 1, 1, 3, 1, 0, 3, 0, 3, 3, 1, 3, 1, 3, 3, 0, 1, 3, 0, 3, 0, 3, 1, 1, 3, 3, 0, 1]",38,19,19,63,30,33,2009 Liverpool,1.4005719291351857,1.4326647564469914
642,Premier_League,2009,Man City,"[3, 3, 3, 3, 0, 3, 1, 1, 1, 1, 1, 1, 1, 3, 1, 0, 3, 3, 3, 3, 0, 3, 0, 3, 1, 1, 3, 1, 3, 0, 3, 3, 3, 0, 1, 3, 0, 1]",38,19,19,67,35,32,2009 Man City,3.5203073826589923,2.6178010471204187
643,Premier_League,2009,Man United,"[3, 0, 3, 3, 3, 3, 3, 1, 3, 0, 3, 0, 3, 3, 3, 0, 3, 0, 3, 3, 1, 3, 3, 3, 3, 1, 0, 3, 3, 3, 3, 3, 0, 1, 3, 3, 3, 3]",38,19,19,85,40,45,2009 Man United,1.1643190760705968,1.278772378516624
644,Premier_League,2009,Portsmouth,"[0, 0, 0, 0, 0, 0, 0, 3, 0, 1, 3, 0, 0, 0, 3, 1, 0, 3, 0, 0, 1, 0, 0, 0, 1, 0, 3, 0, 0, 3, 0, 0, 1, 1, 0, 1, 3, 0]",38,19,19,28,14,14,2009 Portsmouth,2.0,1.8214936247723132
645,Premier_League,2009,Stoke,"[3, 0, 1, 3, 0, 1, 0, 1, 3, 3, 1, 0, 3, 1, 0, 1, 0, 0, 0, 3, 1, 1, 3, 1, 1, 3, 0, 1, 1, 0, 3, 3, 1, 0, 0, 1, 3, 0]",38,19,19,47,21,26,2009 Stoke,1.2058590961704336,1.2820512820512822
646,Premier_League,2009,Sunderland,"[3, 0, 3, 0, 3, 0, 3, 1, 3, 0, 1, 0, 3, 0, 0, 1, 0, 0, 1, 1, 0, 0, 1, 1, 1, 0, 1, 3, 1, 3, 1, 0, 3, 0, 3, 3, 0, 0]",38,19,19,44,22,22,2009 Sunderland,2.0,1.8518518518518519
647,Premier_League,2009,Tottenham,"[3, 3, 3, 3, 0, 0, 3, 1, 3, 0, 0, 3, 3, 1, 1, 0, 3, 3, 1, 3, 1, 0, 3, 1, 1, 0, 3, 3, 3, 3, 3, 0, 3, 3, 0, 3, 3, 0]",38,19,19,70,34,36,2009 Tottenham,1.5389397710125572,1.5847860538827259
648,Premier_League,2009,West Ham,"[3, 0, 1, 0, 0, 0, 1, 0, 1, 1, 3, 0, 1, 3, 0, 0, 0, 1, 3, 0, 1, 1, 1, 0, 3, 3, 0, 0, 0, 0, 0, 0, 1, 3, 0, 3, 0, 1]",38,19,19,35,18,17,2009 West Ham,2.383519571708782,2.0242914979757085
649,Premier_League,2009,Wigan,"[3, 0, 0, 0, 3, 0, 3, 0, 1, 3, 0, 1, 0, 3, 0, 1, 0, 1, 0, 3, 0, 0, 1, 1, 1, 0, 0, 3, 0, 0, 3, 0, 0, 1, 3, 0, 1, 0]",38,19,19,36,19,17,2009 Wigan,2.9113663049892917,2.380952380952381
650,Premier_League,2009,Wolves,"[0, 3, 0, 1, 0, 3, 0, 0, 1, 1, 1, 0, 0, 0, 3, 3, 0, 3, 0, 0, 0, 1, 1, 0, 3, 0, 0, 0, 3, 1, 3, 1, 0, 1, 1, 1, 0, 3]",38,19,19,38,19,19,2009 Wolves,2.0,1.8656716417910448
651,Premier_League,2010,Arsenal,"[1, 3, 3, 3, 1, 0, 0, 3, 3, 3, 0, 3, 3, 0, 3, 3, 0, 3, 1, 3, 1, 3, 3, 3, 1, 3, 3, 1, 1, 1, 3, 1, 1, 0, 3, 0, 0, 1]",38,19,19,68,36,32,2010 Arsenal,4.49345412234469,2.6954177897574123
652,Premier_League,2010,Aston Villa,"[3, 0, 3, 0, 1, 3, 0, 1, 0, 1, 1, 3, 1, 0, 0, 0, 3, 0, 0, 1, 0, 1, 3, 3, 0, 1, 1, 3, 0, 0, 1, 3, 3, 1, 0, 1, 3, 3]",38,19,19,48,20,28,2010 Aston Villa,1.0690167191937805,1.1337868480725624
653,Premier_League,2010,Birmingham,"[1, 3, 1, 1, 0, 1, 0, 0, 3, 1, 1, 0, 1, 3, 1, 1, 0, 1, 0, 3, 1, 0, 1, 3, 3, 0, 0, 1, 0, 3, 1, 3, 0, 0, 1, 0, 0, 0]",38,19,19,39,19,20,2010 Birmingham,1.7293550213754278,1.669449081803005
654,Premier_League,2010,Blackburn,"[3, 0, 0, 1, 1, 3, 0, 1, 0, 0, 3, 3, 0, 3, 0, 3, 0, 1, 0, 3, 0, 3, 0, 3, 0, 0, 1, 0, 0, 1, 1, 1, 0, 0, 3, 1, 1, 3]",38,19,19,43,22,21,2010 Blackburn,2.3619058511628346,1.9723865877712032
655,Premier_League,2010,Blackpool,"[3, 0, 1, 3, 0, 0, 3, 0, 0, 3, 1, 0, 1, 3, 1, 3, 3, 0, 0, 3, 0, 0, 0, 0, 0, 1, 3, 0, 0, 1, 0, 0, 0, 1, 1, 1, 3, 0]",38,19,19,39,25,14,2010 Blackpool,66.92328910469043,10.066438494060801
656,Premier_League,2010,Bolton,"[1, 3, 1, 0, 1, 1, 1, 3, 1, 0, 3, 1, 3, 3, 1, 0, 3, 0, 3, 0, 0, 1, 0, 0, 3, 0, 3, 1, 3, 0, 0, 3, 3, 0, 0, 0, 0, 0]",38,19,19,46,29,17,2010 Bolton,91.02917518364703,11.81753722524226
657,Premier_League,2010,Chelsea,"[3, 3, 3, 3, 3, 0, 3, 1, 3, 3, 0, 3, 0, 0, 1, 1, 1, 0, 3, 1, 0, 3, 3, 3, 0, 1, 3, 3, 3, 1, 3, 3, 3, 3, 3, 0, 1, 0]",38,19,19,71,34,37,2010 Chelsea,1.3909276228623844,1.440922190201729
658,Premier_League,2010,Everton,"[0, 1, 0, 1, 0, 1, 3, 3, 1, 3, 1, 1, 0, 1, 0, 1, 1, 3, 1, 0, 3, 1, 1, 0, 3, 0, 3, 3, 1, 3, 1, 3, 3, 0, 1, 3, 0, 3]",38,19,19,54,22,32,2010 Everton,1.031292865112548,1.0660980810234542
659,Premier_League,2010,Fulham,"[1, 1, 1, 3, 1, 1, 1, 0, 0, 3, 1, 0, 1, 0, 1, 0, 1, 0, 3, 0, 3, 1, 3, 0, 3, 1, 1, 1, 3, 0, 3, 0, 1, 3, 3, 0, 3, 1]",38,19,19,49,19,30,2010 Fulham,1.0190697892976468,1.053740779768177
660,Premier_League,2010,Liverpool,"[1, 0, 3, 1, 0, 1, 0, 0, 3, 3, 3, 1, 0, 3, 0, 3, 0, 0, 3, 0, 0, 1, 3, 3, 3, 3, 1, 0, 3, 3, 0, 3, 1, 3, 3, 3, 0, 0]",38,19,19,58,25,33,2010 Liverpool,1.0717733594552075,1.146788990825688
661,Premier_League,2010,Man City,"[1, 3, 0, 1, 3, 3, 3, 3, 0, 0, 3, 1, 1, 3, 1, 3, 3, 0, 3, 3, 3, 1, 3, 0, 1, 3, 0, 1, 3, 0, 3, 0, 3, 3, 0, 3, 3, 3]",38,19,19,71,35,36,2010 Man City,1.7342651469968882,1.6286644951140066
662,Premier_League,2010,Man United,"[3, 1, 3, 1, 3, 1, 1, 1, 3, 3, 3, 1, 1, 3, 3, 3, 3, 1, 3, 3, 1, 3, 3, 3, 0, 3, 3, 0, 0, 3, 3, 3, 1, 3, 0, 3, 1, 3]",38,19,19,80,41,39,2010 Man United,2.931642324945301,2.314814814814815
663,Premier_League,2010,Newcastle,"[0, 3, 1, 0, 3, 0, 0, 1, 3, 3, 3, 0, 1, 0, 1, 0, 3, 0, 0, 3, 3, 1, 1, 0, 1, 1, 3, 1, 0, 0, 3, 0, 1, 1, 0, 3, 1, 1]",38,19,19,46,22,24,2010 Newcastle,1.5415460052059684,1.4771048744460857
664,Premier_League,2010,Stoke,"[0, 0, 0, 3, 1, 3, 3, 0, 0, 0, 0, 3, 3, 3, 1, 1, 0, 3, 0, 3, 0, 3, 0, 0, 3, 0, 0, 1, 0, 3, 1, 0, 1, 3, 1, 3, 0, 0]",38,19,19,46,24,22,2010 Stoke,2.8465651863125943,2.247191011235955
665,Premier_League,2010,Sunderland,"[1, 0, 3, 1, 1, 1, 1, 1, 3, 0, 3, 1, 3, 1, 0, 3, 1, 3, 0, 0, 3, 3, 1, 3, 0, 0, 0, 0, 1, 0, 0, 0, 0, 3, 0, 3, 0, 3]",38,19,19,47,27,20,2010 Sunderland,10.934901624162224,4.566210045662101
666,Premier_League,2010,Tottenham,"[1, 3, 0, 1, 3, 0, 3, 3, 1, 0, 0, 1, 3, 3, 3, 1, 1, 3, 3, 3, 0, 1, 1, 3, 3, 3, 0, 1, 1, 1, 3, 1, 1, 0, 1, 0, 3, 3]",38,19,19,62,33,29,2010 Tottenham,4.425268424340056,2.710027100271003
667,Premier_League,2010,West Brom,"[0, 3, 0, 1, 3, 3, 1, 1, 3, 0, 0, 1, 0, 0, 3, 3, 0, 0, 0, 0, 0, 3, 0, 1, 0, 1, 1, 1, 3, 1, 3, 3, 0, 1, 3, 0, 3, 1]",38,19,19,47,22,25,2010 West Brom,1.396776999059922,1.4265335235378032
668,Premier_League,2010,West Ham,"[0, 0, 0, 0, 1, 3, 1, 1, 0, 0, 1, 1, 1, 0, 3, 0, 0, 1, 3, 1, 3, 0, 0, 1, 3, 0, 1, 3, 3, 1, 0, 0, 0, 0, 0, 1, 0, 0]",38,19,19,33,16,17,2010 West Ham,1.718786208007042,1.5822784810126582
669,Premier_League,2010,Wigan,"[0, 0, 3, 1, 0, 1, 3, 1, 1, 0, 0, 1, 3, 0, 0, 1, 1, 3, 1, 0, 1, 1, 0, 0, 1, 3, 1, 0, 0, 3, 1, 0, 3, 0, 1, 1, 3, 3]",38,19,19,42,20,22,2010 Wigan,1.5358365198579023,1.4641288433382138
670,Premier_League,2010,Wolves,"[3, 1, 1, 0, 0, 0, 0, 1, 0, 3, 0, 0, 0, 0, 3, 0, 3, 0, 3, 0, 3, 0, 0, 0, 3, 0, 1, 3, 1, 3, 0, 0, 1, 0, 1, 3, 3, 0]",38,19,19,40,18,22,2010 Wolves,1.2758819421237624,1.3717421124828533
671,Premier_League,2011,Arsenal,"[1, 0, 0, 3, 0, 3, 0, 3, 3, 3, 3, 3, 1, 3, 3, 0, 3, 1, 3, 0, 0, 0, 1, 3, 3, 3, 3, 3, 3, 3, 0, 3, 3, 0, 1, 1, 1, 3]",38,19,19,70,36,34,2011 Arsenal,2.8554949064553266,2.232142857142857
672,Premier_League,2011,Aston Villa,"[1, 3, 1, 1, 1, 1, 3, 0, 0, 1, 3, 0, 1, 0, 3, 0, 0, 1, 3, 0, 1, 3, 1, 0, 0, 1, 1, 3, 0, 0, 1, 1, 0, 1, 0, 1, 1, 0]",38,19,19,38,23,15,2011 Aston Villa,17.863306612820914,7.462686567164179
673,Premier_League,2011,Blackburn,"[0, 0, 0, 1, 3, 0, 0, 1, 0, 1, 0, 1, 0, 3, 0, 0, 0, 1, 3, 0, 3, 1, 0, 0, 3, 0, 1, 3, 3, 0, 0, 0, 0, 0, 3, 0, 0, 0]",38,19,19,31,14,17,2011 Blackburn,1.3584485540286095,1.4534883720930232
674,Premier_League,2011,Bolton,"[3, 0, 0, 0, 0, 0, 0, 3, 0, 0, 3, 0, 0, 0, 0, 0, 3, 0, 1, 3, 0, 3, 1, 0, 0, 0, 0, 3, 3, 3, 0, 0, 1, 3, 1, 0, 1, 1]",38,19,19,36,13,23,2011 Bolton,1.0224504269647894,1.095290251916758
675,Premier_League,2011,Chelsea,"[1, 3, 3, 3, 0, 3, 3, 3, 0, 0, 3, 0, 3, 3, 3, 1, 1, 1, 0, 3, 3, 1, 1, 1, 0, 3, 0, 3, 0, 1, 3, 3, 1, 1, 3, 0, 0, 3]",38,19,19,64,34,30,2011 Chelsea,4.441888716098903,2.7548209366391183
676,Premier_League,2011,Everton,"[0, 3, 1, 3, 0, 0, 0, 3, 0, 0, 3, 3, 0, 0, 1, 3, 1, 3, 0, 0, 1, 1, 3, 1, 3, 1, 3, 0, 0, 3, 3, 1, 3, 1, 3, 1, 1, 3]",38,19,19,56,24,32,2011 Everton,1.0717733594552075,1.1778563015312131
677,Premier_League,2011,Fulham,"[1, 0, 0, 1, 1, 1, 3, 0, 0, 3, 0, 1, 1, 3, 0, 3, 0, 1, 1, 3, 0, 3, 1, 0, 3, 3, 3, 0, 0, 0, 3, 3, 1, 3, 0, 3, 3, 0]",38,19,19,52,20,32,2011 Fulham,1.012165761626636,1.0683760683760684
678,Premier_League,2011,Liverpool,"[1, 3, 3, 0, 0, 3, 3, 1, 1, 3, 1, 3, 1, 0, 3, 3, 1, 1, 3, 0, 1, 0, 3, 1, 0, 0, 0, 3, 0, 0, 0, 1, 3, 0, 3, 0, 3, 0]",38,19,19,52,34,18,2011 Liverpool,762.2185203731675,30.339805825242717
679,Premier_League,2011,Man City,"[3, 3, 3, 3, 1, 3, 3, 3, 3, 3, 3, 3, 1, 3, 0, 3, 3, 1, 0, 3, 3, 3, 0, 3, 3, 3, 3, 0, 3, 1, 1, 0, 3, 3, 3, 3, 3, 3]",38,19,19,89,45,44,2011 Man City,2.4362719723060406,2.044989775051125
680,Premier_League,2011,Man United,"[3, 3, 3, 3, 3, 1, 3, 1, 0, 3, 3, 3, 1, 3, 3, 3, 3, 3, 0, 0, 3, 3, 3, 1, 3, 3, 3, 3, 3, 3, 3, 3, 0, 3, 1, 0, 3, 3]",38,19,19,89,45,44,2011 Man United,2.4362719723060406,2.092050209205021
681,Premier_League,2011,Newcastle,"[1, 3, 3, 1, 1, 3, 3, 1, 3, 3, 3, 0, 1, 0, 0, 1, 0, 3, 0, 3, 3, 0, 3, 3, 0, 1, 1, 0, 3, 3, 3, 3, 3, 3, 0, 3, 0, 0]",38,19,19,65,30,35,2011 Newcastle,1.207856826954912,1.3192612137203166
682,Premier_League,2011,Norwich,"[1, 1, 0, 0, 3, 3, 0, 3, 1, 1, 0, 0, 3, 0, 3, 1, 1, 0, 1, 3, 3, 1, 0, 3, 3, 0, 0, 1, 0, 3, 0, 1, 3, 0, 0, 0, 1, 3]",38,19,19,47,22,25,2011 Norwich,1.396776999059922,1.4492753623188406
683,Premier_League,2011,QPR,"[0, 3, 0, 1, 3, 1, 0, 1, 3, 0, 0, 3, 0, 1, 0, 0, 0, 1, 0, 0, 0, 3, 1, 0, 0, 0, 1, 0, 3, 0, 3, 0, 3, 0, 3, 0, 3, 0]",38,19,19,37,17,20,2011 QPR,1.3778242584576794,1.4792899408284024
684,Premier_League,2011,Stoke,"[1, 1, 3, 3, 0, 1, 0, 3, 0, 0, 0, 0, 3, 3, 3, 3, 0, 1, 1, 3, 1, 0, 0, 0, 0, 3, 3, 0, 1, 1, 0, 3, 1, 0, 1, 1, 0, 1]",38,19,19,45,26,19,2011 Stoke,11.121655326187211,4.784688995215311
685,Premier_League,2011,Sunderland,"[1, 0, 1, 0, 3, 0, 1, 0, 3, 1, 0, 1, 0, 0, 3, 0, 3, 1, 3, 3, 0, 3, 3, 3, 0, 0, 1, 3, 0, 3, 1, 1, 0, 1, 1, 1, 0, 0]",38,19,19,45,21,24,2011 Sunderland,1.3941199215521631,1.440922190201729
686,Premier_League,2011,Swansea,"[0, 1, 1, 0, 3, 0, 3, 0, 1, 3, 1, 0, 1, 0, 3, 1, 0, 1, 1, 3, 3, 0, 1, 3, 0, 0, 3, 3, 3, 0, 0, 0, 0, 3, 1, 1, 0, 3]",38,19,19,47,20,27,2011 Swansea,1.1006552493250608,1.2091898428053205
687,Premier_League,2011,Tottenham,"[0, 0, 3, 3, 3, 3, 1, 3, 3, 3, 3, 3, 3, 0, 3, 1, 3, 1, 3, 3, 1, 0, 3, 1, 3, 0, 0, 0, 1, 1, 3, 1, 0, 0, 3, 3, 1, 3]",38,19,19,69,42,27,2011 Tottenham,493.72085828836384,24.39619419370578
688,Premier_League,2011,West Brom,"[0, 0, 0, 3, 0, 1, 1, 3, 3, 0, 0, 3, 0, 1, 0, 3, 3, 1, 0, 0, 0, 3, 1, 0, 3, 3, 3, 0, 1, 0, 0, 3, 0, 3, 3, 1, 1, 0]",38,19,19,47,22,25,2011 West Brom,1.396776999059922,1.4727540500736378
689,Premier_League,2011,Wigan,"[1, 1, 3, 0, 0, 0, 0, 0, 0, 0, 0, 1, 3, 0, 3, 1, 1, 0, 1, 0, 0, 0, 0, 1, 3, 1, 0, 1, 1, 3, 3, 0, 3, 3, 0, 3, 3, 3]",38,19,19,43,15,28,2011 Wigan,1.0060374329208532,1.0405827263267429
690,Premier_League,2011,Wolves,"[3, 3, 1, 0, 0, 0, 0, 0, 1, 0, 3, 0, 0, 3, 0, 0, 1, 1, 1, 0, 1, 0, 0, 3, 0, 1, 0, 0, 0, 0, 0, 0, 0, 1, 0, 1, 1, 0]",38,19,19,25,17,8,2011 Wolves,48.04024473604279,8.333333333333334
691,Premier_League,2012,Arsenal,"[1, 1, 3, 3, 1, 0, 3, 0, 3, 0, 1, 3, 1, 1, 0, 3, 3, 3, 3, 1, 0, 0, 3, 1, 3, 3, 3, 0, 3, 3, 3, 3, 1, 3, 1, 3, 3, 3]",38,19,19,73,33,40,2012 Arsenal,1.094027955826726,1.2106537530266344
692,Premier_League,2012,Aston Villa,"[0, 0, 1, 3, 0, 1, 0, 0, 1, 3, 0, 0, 1, 3, 1, 1, 3, 0, 0, 0, 1, 0, 1, 0, 1, 3, 0, 0, 3, 3, 0, 3, 1, 0, 3, 3, 0, 1]",38,19,19,41,18,23,2012 Aston Villa,1.1969986850344427,1.287001287001287
693,Premier_League,2012,Chelsea,"[3, 3, 3, 1, 3, 3, 3, 3, 0, 1, 1, 0, 1, 1, 0, 3, 3, 3, 3, 0, 3, 1, 3, 1, 0, 3, 0, 3, 3, 0, 3, 3, 1, 3, 3, 1, 3, 3]",38,19,19,75,38,37,2012 Chelsea,2.371074402304361,2.0
694,Premier_League,2012,Everton,"[3, 3, 0, 1, 3, 3, 1, 1, 1, 1, 3, 0, 1, 1, 1, 3, 1, 3, 3, 0, 3, 1, 1, 3, 1, 0, 0, 3, 3, 3, 1, 3, 1, 0, 3, 1, 3, 0]",38,19,19,63,33,30,2012 Everton,3.496430546591092,2.487562189054726
695,Premier_League,2012,Fulham,"[3, 0, 0, 3, 3, 0, 1, 3, 1, 1, 1, 0, 0, 1, 0, 3, 0, 0, 1, 0, 3, 1, 0, 3, 0, 1, 3, 1, 3, 3, 0, 1, 0, 0, 0, 0, 0, 3]",38,19,19,43,21,22,2012 Fulham,1.7342651469968877,1.7006802721088434
696,Premier_League,2012,Liverpool,"[0, 1, 0, 1, 0, 3, 1, 3, 1, 1, 1, 3, 1, 0, 3, 3, 0, 3, 0, 3, 3, 0, 3, 1, 1, 0, 3, 3, 3, 0, 3, 1, 1, 1, 3, 1, 3, 3]",38,19,19,61,25,36,2012 Liverpool,1.0198191902319875,1.0615711252653928
697,Premier_League,2012,Man City,"[3, 1, 3, 1, 1, 3, 3, 3, 3, 1, 3, 3, 1, 3, 1, 0, 3, 3, 0, 3, 3, 3, 3, 1, 1, 0, 3, 3, 0, 3, 3, 3, 0, 3, 1, 3, 3, 0]",38,19,19,78,39,39,2012 Man City,2.0,1.834862385321101
698,Premier_League,2012,Man United,"[0, 3, 3, 3, 3, 0, 3, 3, 3, 3, 3, 0, 3, 3, 3, 3, 3, 1, 3, 3, 3, 3, 1, 3, 3, 3, 3, 3, 3, 3, 0, 3, 1, 3, 1, 0, 3, 1]",38,19,19,89,46,43,2012 Man United,4.023340791810167,2.793296089385475
699,Premier_League,2012,Newcastle,"[3, 0, 1, 1, 3, 1, 0, 1, 3, 1, 0, 0, 0, 0, 3, 0, 0, 3, 0, 0, 0, 1, 0, 3, 3, 0, 3, 0, 3, 0, 0, 3, 0, 1, 0, 1, 3, 0]",38,19,19,41,20,21,2012 Newcastle,1.7319987976385471,1.7182130584192439
700,Premier_League,2012,Norwich,"[0, 1, 1, 1, 0, 0, 0, 3, 1, 3, 1, 3, 1, 1, 3, 3, 3, 0, 0, 0, 0, 1, 0, 1, 1, 1, 3, 0, 1, 1, 0, 1, 0, 3, 0, 0, 3, 3]",38,19,19,44,25,19,2012 Norwich,8.052608814255988,3.875968992248062
701,Premier_League,2012,QPR,"[0, 1, 0, 1, 0, 0, 0, 1, 0, 1, 0, 0, 0, 1, 1, 1, 3, 0, 0, 0, 3, 1, 1, 1, 1, 0, 0, 3, 3, 0, 0, 1, 0, 0, 1, 0, 0, 0]",38,19,19,25,10,15,2012 QPR,1.1479290023616722,1.1723329425556859
702,Premier_League,2012,Reading,"[1, 0, 0, 0, 1, 1, 0, 1, 1, 1, 3, 0, 0, 0, 0, 0, 0, 0, 1, 3, 0, 3, 3, 1, 3, 0, 0, 0, 0, 0, 0, 0, 1, 0, 1, 3, 0, 0]",38,19,19,28,10,18,2012 Reading,1.0426131843999202,1.1013215859030836
703,Premier_League,2012,Southampton,"[0, 0, 0, 0, 3, 0, 1, 0, 0, 0, 1, 3, 3, 1, 0, 3, 0, 1, 1, 1, 3, 1, 1, 0, 1, 3, 0, 0, 1, 3, 3, 3, 1, 1, 0, 0, 1, 1]",38,19,19,41,17,24,2012 Southampton,1.094027955826726,1.1641443538998837
704,Premier_League,2012,Stoke,"[1, 1, 1, 1, 0, 3, 1, 0, 1, 0, 3, 1, 3, 3, 3, 1, 1, 1, 3, 1, 0, 0, 0, 1, 0, 3, 0, 0, 0, 1, 0, 0, 0, 3, 3, 1, 0, 1]",38,19,19,42,28,14,2012 Stoke,304.74789213340904,29.779630732578916
705,Premier_League,2012,Sunderland,"[1, 1, 1, 1, 3, 0, 1, 1, 0, 0, 3, 0, 1, 0, 0, 3, 0, 3, 3, 0, 0, 3, 3, 1, 0, 0, 0, 1, 0, 1, 0, 0, 3, 3, 0, 1, 1, 0]",38,19,19,39,22,17,2012 Sunderland,6.180556349996701,3.389830508474576
706,Premier_League,2012,Swansea,"[3, 3, 1, 0, 0, 0, 1, 3, 0, 1, 1, 3, 1, 3, 3, 0, 0, 1, 1, 3, 1, 1, 3, 1, 0, 3, 0, 3, 0, 0, 0, 1, 1, 0, 1, 3, 0, 0]",38,19,19,46,25,21,2012 Swansea,4.49345412234469,2.857142857142857
707,Premier_League,2012,Tottenham,"[0, 1, 1, 3, 3, 3, 3, 0, 3, 0, 0, 0, 3, 3, 3, 0, 3, 1, 3, 3, 3, 1, 1, 1, 3, 3, 3, 3, 0, 0, 3, 1, 3, 1, 3, 1, 3, 3]",38,19,19,72,33,39,2012 Tottenham,1.138973739487284,1.2531328320802004
708,Premier_League,2012,West Brom,"[3, 1, 3, 0, 3, 1, 3, 0, 0, 3, 3, 3, 3, 0, 0, 0, 1, 3, 3, 0, 0, 0, 1, 0, 0, 3, 3, 0, 3, 1, 0, 0, 1, 3, 0, 0, 0, 1]",38,19,19,49,33,16,2012 West Brom,1539.7849880895476,33.99048266485384
709,Premier_League,2012,West Ham,"[3, 0, 3, 1, 1, 3, 0, 3, 0, 1, 3, 1, 0, 0, 3, 0, 1, 0, 0, 3, 0, 1, 0, 0, 3, 0, 0, 3, 0, 3, 1, 1, 1, 3, 0, 1, 0, 3]",38,19,19,46,23,23,2012 West Ham,2.0,1.721170395869191
710,Premier_League,2012,Wigan,"[0, 3, 1, 0, 0, 0, 1, 0, 3, 3, 0, 0, 3, 0, 0, 1, 0, 0, 0, 3, 0, 1, 0, 1, 1, 0, 3, 0, 3, 3, 1, 0, 0, 1, 3, 0, 0, 1]",38,19,19,36,15,21,2012 Wigan,1.127831522969926,1.2376237623762376
711,Premier_League,2013,Arsenal,"[0, 3, 3, 3, 3, 3, 1, 3, 3, 3, 0, 3, 3, 3, 1, 0, 1, 3, 3, 3, 3, 3, 1, 3, 0, 1, 3, 0, 3, 0, 1, 1, 0, 3, 3, 3, 3, 3]",38,19,19,79,42,37,2013 Arsenal,6.451933516912058,3.125
712,Premier_League,2013,Aston Villa,"[3, 0, 0, 0, 3, 3, 1, 0, 0, 1, 3, 1, 1, 3, 0, 0, 0, 0, 1, 3, 0, 1, 3, 0, 0, 1, 0, 3, 3, 0, 0, 0, 0, 1, 0, 3, 0, 0]",38,19,19,38,20,18,2013 Aston Villa,2.8939278893841527,2.288329519450801
713,Premier_League,2013,Cardiff,"[0, 3, 1, 1, 0, 3, 0, 0, 1, 3, 0, 1, 0, 1, 0, 3, 0, 0, 1, 0, 0, 0, 0, 3, 0, 1, 0, 0, 3, 0, 0, 1, 0, 3, 1, 0, 0, 0]",38,19,19,30,18,12,2013 Cardiff,9.905857015568138,4.016064257028113
714,Premier_League,2013,Chelsea,"[3, 3, 1, 0, 3, 1, 3, 3, 3, 0, 1, 3, 3, 3, 0, 3, 1, 3, 3, 3, 3, 3, 1, 3, 3, 1, 3, 3, 3, 0, 3, 0, 3, 3, 0, 3, 1, 3]",38,19,19,82,40,42,2013 Chelsea,1.5114571401692003,1.4814814814814814
715,Premier_League,2013,Crystal Palace,"[0, 0, 3, 0, 0, 0, 0, 0, 0, 0, 1, 3, 0, 3, 3, 0, 0, 3, 0, 1, 0, 3, 3, 0, 3, 0, 1, 0, 1, 0, 3, 3, 3, 3, 3, 0, 1, 1]",38,19,19,45,16,29,2013 Crystal Palace,1.0064109443055278,1.0582010582010581
716,Premier_League,2013,Everton,"[1, 1, 1, 3, 3, 3, 0, 3, 3, 1, 1, 1, 3, 3, 1, 3, 3, 0, 3, 1, 3, 1, 0, 3, 0, 0, 3, 3, 3, 3, 3, 3, 3, 0, 3, 0, 0, 3]",38,19,19,72,37,35,2013 Everton,2.866240845743752,2.247191011235955
717,Premier_League,2013,Fulham,"[3, 0, 0, 1, 0, 0, 3, 3, 0, 0, 0, 0, 0, 0, 3, 0, 0, 3, 0, 3, 0, 0, 0, 0, 1, 0, 1, 0, 0, 3, 0, 0, 3, 3, 0, 1, 0, 1]",38,19,19,32,16,16,2013 Fulham,2.0,1.893939393939394
718,Premier_League,2013,Hull,"[0, 3, 0, 1, 3, 3, 1, 0, 0, 3, 0, 0, 3, 0, 1, 1, 1, 0, 3, 0, 0, 0, 0, 1, 3, 0, 3, 0, 0, 3, 0, 0, 3, 0, 1, 0, 0, 0]",38,19,19,37,23,14,2013 Hull,27.850973222417363,7.092198581560283
719,Premier_League,2013,Liverpool,"[3, 3, 3, 1, 0, 3, 3, 1, 3, 0, 3, 1, 0, 3, 3, 3, 3, 0, 0, 3, 3, 1, 3, 1, 3, 3, 3, 3, 3, 3, 3, 3, 3, 3, 3, 0, 1, 3]",38,19,19,84,36,48,2013 Liverpool,1.0053793473148742,1.0362694300518134
720,Premier_League,2013,Man City,"[3, 0, 3, 1, 3, 0, 3, 3, 0, 3, 0, 3, 3, 3, 1, 3, 3, 3, 3, 3, 3, 3, 3, 0, 1, 3, 3, 3, 3, 1, 3, 0, 1, 3, 3, 3, 3, 3]",38,19,19,86,41,45,2013 Man City,1.2377155538367013,1.3227513227513228
721,Premier_League,2013,Man United,"[3, 1, 0, 3, 0, 0, 3, 1, 3, 3, 3, 1, 1, 0, 0, 3, 3, 3, 3, 0, 3, 0, 3, 0, 1, 1, 3, 3, 0, 3, 0, 3, 3, 0, 3, 0, 3, 1]",38,19,19,64,34,30,2013 Man United,4.441888716098903,2.785515320334262
722,Premier_League,2013,Newcastle,"[0, 1, 3, 3, 0, 0, 3, 1, 0, 3, 3, 3, 3, 0, 3, 1, 3, 3, 0, 0, 0, 3, 1, 0, 0, 0, 3, 3, 0, 3, 0, 0, 0, 0, 0, 0, 3, 0]",38,19,19,49,33,16,2013 Newcastle,1539.7849880895476,30.31221582297666
723,Premier_League,2013,Norwich,"[1, 0, 3, 0, 0, 3, 0, 0, 1, 0, 3, 0, 3, 0, 3, 1, 1, 0, 0, 1, 0, 3, 1, 0, 1, 0, 3, 0, 1, 0, 3, 0, 0, 0, 0, 0, 1, 0]",38,19,19,33,19,14,2013 Norwich,6.626875903353503,3.3557046979865772
724,Premier_League,2013,Southampton,"[3, 1, 0, 1, 3, 3, 3, 1, 3, 1, 3, 0, 0, 0, 1, 1, 0, 3, 0, 0, 3, 1, 1, 3, 1, 3, 0, 0, 3, 3, 0, 3, 0, 0, 1, 3, 3, 1]",38,19,19,56,27,29,2013 Southampton,1.5478552921611073,1.5082956259426847
725,Premier_League,2013,Stoke,"[0, 3, 3, 1, 0, 0, 0, 1, 0, 1, 1, 3, 0, 1, 3, 1, 3, 0, 0, 1, 0, 0, 0, 3, 1, 1, 0, 3, 1, 3, 3, 3, 0, 3, 1, 0, 3, 3]",38,19,19,50,21,29,2013 Stoke,1.070120658694815,1.1312217194570136
726,Premier_League,2013,Sunderland,"[0, 1, 0, 0, 0, 0, 0, 0, 3, 0, 3, 0, 1, 0, 0, 1, 1, 3, 1, 0, 3, 1, 3, 3, 0, 0, 1, 0, 0, 0, 0, 0, 1, 3, 3, 3, 3, 0]",38,19,19,38,14,24,2013 Sunderland,1.0240365583232343,1.0787486515641855
727,Premier_League,2013,Swansea,"[0, 0, 3, 1, 3, 0, 0, 3, 1, 0, 1, 3, 0, 3, 1, 1, 0, 0, 1, 0, 0, 0, 3, 0, 3, 1, 0, 1, 0, 0, 1, 3, 0, 0, 3, 3, 0, 3]",38,19,19,42,21,21,2013 Swansea,2.0,1.838235294117647
728,Premier_League,2013,Tottenham,"[3, 3, 0, 3, 3, 1, 0, 3, 3, 1, 0, 0, 1, 3, 3, 0, 3, 1, 3, 3, 3, 3, 0, 1, 3, 3, 0, 3, 0, 0, 3, 0, 3, 1, 3, 3, 0, 3]",38,19,19,69,34,35,2013 Tottenham,1.7361812147263305,1.7953321364452424
729,Premier_League,2013,West Brom,"[0, 1, 0, 1, 3, 3, 1, 1, 0, 3, 1, 1, 0, 0, 0, 0, 1, 1, 1, 3, 0, 1, 0, 1, 0, 1, 1, 0, 3, 0, 1, 3, 1, 0, 3, 0, 0, 0]",38,19,19,36,18,18,2013 West Brom,2.0,1.8315018315018314
730,Premier_League,2013,West Ham,"[3, 1, 0, 1, 0, 0, 3, 0, 1, 1, 0, 0, 3, 0, 0, 1, 0, 0, 1, 0, 3, 0, 1, 3, 3, 3, 3, 0, 0, 0, 3, 3, 0, 0, 0, 0, 3, 0]",38,19,19,40,15,25,2013 West Ham,1.0254863757014396,1.1025358324145536
731,Premier_League,2014,Arsenal,"[3, 1, 1, 1, 3, 1, 0, 1, 3, 3, 0, 0, 3, 3, 0, 3, 1, 3, 3, 0, 3, 3, 3, 0, 3, 3, 3, 3, 3, 3, 3, 3, 1, 3, 0, 1, 1, 3]",38,19,19,75,33,42,2014 Arsenal,1.039287974463647,1.122334455667789
732,Premier_League,2014,Aston Villa,"[3, 1, 3, 3, 0, 0, 0, 0, 0, 0, 1, 1, 1, 3, 3, 0, 1, 0, 1, 1, 0, 0, 0, 0, 0, 0, 0, 3, 3, 0, 0, 1, 3, 0, 3, 3, 0, 0]",38,19,19,38,21,17,2014 Aston Villa,4.686291048212814,2.793296089385475
733,Premier_League,2014,Burnley,"[0, 0, 1, 1, 1, 0, 1, 0, 0, 0, 3, 3, 1, 1, 0, 3, 0, 0, 1, 1, 3, 0, 0, 1, 0, 1, 0, 0, 3, 0, 1, 0, 0, 0, 0, 3, 1, 3]",38,19,19,33,16,17,2014 Burnley,1.718786208007042,1.6286644951140066
734,Premier_League,2014,Chelsea,"[3, 3, 3, 3, 1, 3, 3, 3, 1, 3, 3, 3, 1, 3, 0, 3, 3, 3, 1, 0, 3, 3, 1, 3, 3, 1, 3, 1, 3, 3, 3, 3, 1, 3, 3, 1, 0, 3]",38,19,19,87,46,41,2014 Chelsea,7.388715216713685,3.5335689045936394
735,Premier_League,2014,Crystal Palace,"[0, 0, 1, 1, 3, 3, 0, 0, 1, 0, 0, 3, 1, 0, 1, 1, 0, 0, 1, 1, 3, 3, 0, 3, 1, 0, 3, 0, 3, 3, 3, 3, 0, 0, 0, 0, 3, 3]",38,19,19,48,16,32,2014 Crystal Palace,1.0012035365774319,1.0111223458038423
736,Premier_League,2014,Everton,"[1, 1, 0, 3, 0, 1, 0, 3, 3, 1, 1, 3, 0, 1, 0, 3, 0, 0, 0, 0, 1, 1, 3, 1, 0, 1, 0, 0, 3, 3, 3, 1, 3, 3, 0, 0, 3, 0]",38,19,19,47,21,26,2014 Everton,1.2058590961704336,1.3054830287206267
737,Premier_League,2014,Hull,"[3, 1, 0, 1, 1, 0, 3, 1, 1, 0, 0, 0, 0, 1, 1, 0, 0, 3, 0, 3, 0, 0, 0, 1, 3, 3, 0, 1, 1, 0, 0, 0, 3, 3, 0, 0, 0, 1]",38,19,19,35,16,19,2014 Hull,1.3721404714233634,1.3831258644536653
738,Premier_League,2014,Leicester,"[1, 0, 1, 3, 3, 0, 1, 0, 0, 0, 0, 1, 0, 0, 0, 0, 0, 0, 3, 1, 3, 0, 0, 0, 0, 1, 0, 1, 0, 3, 3, 3, 3, 0, 3, 3, 1, 3]",38,19,19,41,13,28,2014 Leicester,1.0017116637017311,1.027749229188078
739,Premier_League,2014,Liverpool,"[3, 0, 3, 0, 0, 1, 3, 3, 1, 0, 0, 0, 3, 3, 1, 0, 1, 3, 3, 1, 3, 3, 3, 1, 3, 3, 3, 3, 3, 0, 0, 3, 1, 0, 3, 1, 0, 0]",38,19,19,62,28,34,2014 Liverpool,1.1489059400603114,1.25
740,Premier_League,2014,Man City,"[3, 3, 0, 1, 1, 3, 3, 3, 0, 3, 1, 3, 3, 3, 3, 3, 3, 3, 1, 3, 1, 0, 1, 1, 3, 3, 0, 3, 0, 3, 0, 0, 3, 3, 3, 3, 3, 3]",38,19,19,79,43,36,2014 Man City,12.885496870535677,4.975124378109452
741,Premier_League,2014,Man United,"[0, 1, 1, 3, 0, 3, 3, 1, 1, 0, 3, 3, 3, 3, 3, 3, 1, 3, 1, 1, 0, 3, 3, 1, 3, 0, 3, 3, 3, 3, 3, 3, 0, 0, 0, 3, 1, 1]",38,19,19,70,36,34,2014 Man United,2.8554949064553266,2.100840336134454
742,Premier_League,2014,Newcastle,"[0, 1, 1, 0, 1, 0, 1, 3, 3, 3, 3, 3, 0, 1, 3, 0, 0, 0, 3, 1, 0, 0, 3, 1, 1, 0, 3, 0, 0, 0, 0, 0, 0, 0, 0, 1, 0, 3]",38,19,19,39,26,13,2014 Newcastle,194.65596272025573,16.307893020221787
743,Premier_League,2014,QPR,"[0, 0, 3, 0, 1, 0, 0, 0, 3, 0, 1, 0, 3, 0, 3, 0, 3, 0, 1, 1, 0, 0, 0, 0, 3, 0, 0, 0, 0, 0, 3, 1, 0, 1, 0, 0, 3, 0]",38,19,19,30,18,12,2014 QPR,9.905857015568138,3.937007874015748
744,Premier_League,2014,Southampton,"[0, 1, 3, 3, 3, 3, 0, 3, 3, 3, 3, 1, 0, 0, 0, 0, 3, 3, 1, 3, 3, 3, 0, 3, 1, 0, 0, 3, 1, 3, 0, 3, 0, 1, 0, 0, 3, 0]",38,19,19,60,33,27,2014 Southampton,7.680699685133417,3.90625
745,Premier_League,2014,Stoke,"[0, 1, 3, 0, 1, 3, 0, 3, 0, 1, 3, 0, 0, 0, 3, 1, 0, 3, 3, 1, 0, 3, 3, 1, 0, 3, 3, 3, 0, 0, 0, 1, 3, 1, 0, 3, 1, 3]",38,19,19,54,25,29,2014 Stoke,1.2928823853299538,1.3908205841446453
746,Premier_League,2014,Sunderland,"[1, 1, 0, 1, 1, 1, 3, 0, 0, 3, 1, 1, 1, 0, 1, 1, 3, 0, 1, 0, 0, 0, 3, 1, 0, 1, 0, 1, 0, 0, 3, 0, 1, 3, 3, 1, 1, 0]",38,19,19,38,20,18,2014 Sunderland,2.8939278893841527,2.3923444976076556
747,Premier_League,2014,Swansea,"[3, 3, 3, 0, 0, 1, 1, 0, 3, 1, 3, 0, 1, 3, 0, 0, 3, 3, 0, 1, 1, 0, 3, 1, 0, 3, 3, 0, 0, 3, 3, 1, 0, 3, 3, 3, 0, 0]",38,19,19,56,28,28,2014 Swansea,2.0,1.890359168241966
748,Premier_League,2014,Tottenham,"[3, 3, 0, 1, 0, 1, 3, 0, 0, 3, 0, 3, 3, 0, 1, 3, 3, 3, 1, 3, 0, 3, 3, 3, 0, 1, 3, 3, 0, 3, 1, 0, 3, 1, 0, 0, 3, 3]",38,19,19,64,31,33,2014 Tottenham,1.5453660141493664,1.5600624024960998
749,Premier_League,2014,West Brom,"[1, 1, 0, 0, 3, 3, 0, 1, 1, 3, 0, 0, 0, 0, 1, 3, 0, 0, 0, 1, 3, 1, 0, 1, 3, 1, 3, 0, 3, 0, 0, 0, 3, 1, 3, 1, 3, 0]",38,19,19,44,17,27,2014 West Brom,1.027944746537863,1.1049723756906078
750,Premier_League,2014,West Ham,"[0, 3, 0, 1, 3, 0, 3, 3, 3, 1, 1, 0, 3, 3, 3, 1, 3, 0, 0, 1, 1, 3, 0, 1, 1, 1, 0, 0, 0, 3, 0, 1, 0, 1, 3, 0, 0, 0]",38,19,19,47,31,16,2014 West Ham,463.2899699062233,26.26050420168067
751,Premier_League,2015,Arsenal,"[0, 3, 1, 3, 3, 0, 3, 3, 3, 3, 3, 1, 0, 1, 3, 3, 3, 0, 3, 3, 1, 1, 0, 1, 3, 3, 0, 0, 1, 3, 3, 1, 1, 3, 1, 3, 1, 3]",38,19,19,71,39,32,2015 Arsenal,11.352938052672288,4.149377593360996
752,Premier_League,2015,Aston Villa,"[3, 0, 0, 1, 0, 0, 0, 0, 0, 0, 0, 1, 0, 0, 1, 0, 1, 1, 0, 0, 3, 1, 1, 0, 3, 0, 0, 0, 0, 0, 0, 0, 0, 0, 0, 0, 1, 0]",38,19,19,17,8,9,2015 Aston Villa,1.6564568464058531,1.6025641025641026
753,Premier_League,2015,Bournemouth,"[0, 0, 3, 1, 0, 3, 0, 1, 0, 0, 0, 0, 1, 1, 3, 3, 3, 1, 0, 1, 0, 3, 1, 3, 0, 0, 1, 3, 3, 3, 0, 0, 3, 0, 0, 0, 1, 0]",38,19,19,42,20,22,2015 Bournemouth,1.5358365198579023,1.5037593984962405
754,Premier_League,2015,Chelsea,"[1, 0, 3, 0, 0, 3, 1, 0, 3, 0, 0, 0, 3, 1, 0, 0, 3, 1, 1, 3, 1, 1, 3, 1, 1, 3, 3, 3, 1, 1, 3, 0, 0, 3, 1, 0, 1, 1]",38,19,19,50,20,30,2015 Chelsea,1.0304490844285539,1.0787486515641855
755,Premier_League,2015,Crystal Palace,"[3, 0, 3, 3, 0, 0, 3, 3, 0, 0, 1, 3, 0, 3, 1, 3, 3, 1, 1, 0, 0, 0, 0, 0, 1, 0, 0, 1, 0, 0, 1, 3, 1, 1, 0, 0, 3, 0]",38,19,19,42,31,11,2015 Crystal Palace,19401.653828251863,120.04801920768307
756,Premier_League,2015,Everton,"[1, 3, 0, 1, 3, 1, 3, 1, 0, 0, 3, 1, 3, 1, 1, 1, 0, 3, 0, 1, 1, 1, 0, 3, 3, 0, 3, 0, 0, 0, 1, 1, 1, 0, 3, 0, 0, 3]",38,19,19,47,26,21,2015 Everton,5.857691589066759,3.508771929824561
757,Premier_League,2015,Leicester,"[3, 3, 1, 1, 3, 1, 0, 3, 1, 3, 3, 3, 3, 1, 3, 3, 3, 0, 1, 1, 3, 1, 3, 3, 3, 0, 3, 1, 3, 3, 3, 3, 3, 1, 3, 1, 3, 1]",38,19,19,81,39,42,2015 Leicester,1.3657061440870513,1.3908205841446453
758,Premier_League,2015,Liverpool,"[3, 3, 1, 0, 0, 1, 3, 1, 1, 1, 3, 0, 3, 3, 0, 1, 0, 3, 3, 0, 1, 0, 3, 0, 1, 3, 3, 3, 0, 1, 3, 3, 3, 1, 0, 3, 1, 1]",38,19,19,60,30,30,2015 Liverpool,2.0,1.763668430335097
759,Premier_League,2015,Man City,"[3, 3, 3, 3, 3, 0, 0, 3, 3, 1, 3, 1, 0, 3, 0, 3, 0, 3, 1, 3, 1, 3, 1, 3, 0, 0, 0, 3, 1, 0, 3, 3, 3, 1, 3, 0, 1, 1]",38,19,19,66,36,30,2015 Man City,7.841748022373926,3.7037037037037037
760,Premier_League,2015,Man United,"[3, 3, 1, 0, 3, 3, 3, 0, 3, 1, 1, 3, 3, 1, 1, 0, 0, 0, 1, 3, 1, 3, 0, 3, 1, 0, 3, 3, 0, 3, 3, 0, 3, 3, 1, 3, 0, 3]",38,19,19,66,30,36,2015 Man United,1.1461614775536593,1.243781094527363
761,Premier_League,2015,Newcastle,"[1, 0, 1, 0, 0, 0, 1, 0, 3, 0, 1, 3, 0, 0, 3, 3, 1, 0, 0, 0, 1, 3, 0, 0, 3, 0, 0, 0, 0, 1, 0, 0, 3, 1, 1, 3, 1, 3]",38,19,19,37,17,20,2015 Newcastle,1.3778242584576794,1.4164305949008498
762,Premier_League,2015,Norwich,"[0, 3, 1, 0, 3, 1, 1, 0, 0, 0, 0, 3, 0, 1, 0, 1, 3, 0, 3, 3, 0, 0, 0, 0, 0, 1, 0, 0, 0, 1, 3, 3, 0, 0, 0, 0, 3, 0]",38,19,19,34,20,14,2015 Norwich,9.119149723914045,3.787878787878788
763,Premier_League,2015,Southampton,"[1, 0, 1, 3, 1, 0, 3, 3, 1, 1, 3, 3, 0, 0, 1, 0, 0, 3, 0, 0, 3, 3, 3, 1, 3, 3, 0, 0, 1, 3, 3, 0, 3, 1, 3, 3, 3, 3]",38,19,19,63,24,39,2015 Southampton,1.002366265451337,1.0214504596527068
764,Premier_League,2015,Stoke,"[0, 1, 1, 0, 0, 1, 3, 3, 3, 0, 1, 3, 3, 0, 3, 1, 0, 3, 3, 0, 3, 1, 0, 0, 0, 3, 3, 3, 1, 0, 3, 1, 0, 0, 0, 1, 0, 3]",38,19,19,51,29,22,2015 Stoke,10.676852530678303,4.11522633744856
765,Premier_League,2015,Sunderland,"[0, 0, 1, 1, 0, 0, 0, 1, 0, 3, 0, 0, 3, 3, 0, 0, 0, 0, 0, 3, 3, 0, 1, 0, 1, 3, 0, 1, 1, 1, 1, 0, 3, 1, 1, 3, 3, 1]",38,19,19,39,12,27,2015 Sunderland,1.0015341230454622,1.019367991845056
766,Premier_League,2015,Swansea,"[1, 3, 1, 3, 0, 1, 0, 1, 0, 3, 0, 0, 1, 0, 0, 0, 1, 3, 1, 0, 0, 3, 3, 1, 1, 0, 0, 3, 3, 0, 3, 1, 3, 0, 0, 3, 3, 1]",38,19,19,47,19,28,2015 Swansea,1.0453802278401587,1.1148272017837235
767,Premier_League,2015,Tottenham,"[0, 1, 1, 1, 3, 3, 3, 1, 1, 3, 3, 1, 3, 1, 1, 0, 3, 3, 3, 1, 0, 3, 3, 3, 3, 3, 3, 0, 1, 3, 3, 1, 3, 3, 1, 1, 0, 0]",38,19,19,70,35,35,2015 Tottenham,2.0,1.8281535648994516
768,Premier_League,2015,Watford,"[1, 1, 1, 0, 3, 3, 0, 1, 0, 3, 3, 0, 0, 3, 3, 3, 3, 1, 0, 0, 0, 0, 3, 1, 0, 3, 1, 0, 0, 0, 0, 1, 3, 0, 3, 0, 0, 1]",38,19,19,45,29,16,2015 Watford,156.98326117694597,14.3000143000143
769,Premier_League,2015,West Brom,"[0, 1, 0, 3, 1, 3, 0, 0, 3, 3, 0, 0, 3, 1, 1, 1, 0, 0, 3, 3, 1, 0, 1, 1, 0, 3, 3, 1, 3, 0, 1, 0, 0, 0, 1, 0, 1, 1]",38,19,19,43,23,20,2015 West Brom,3.5580182660871293,2.5380710659898478
770,Premier_League,2015,West Ham,"[3, 0, 0, 3, 3, 3, 1, 1, 3, 3, 0, 1, 0, 1, 1, 1, 1, 1, 3, 3, 3, 0, 1, 3, 0, 1, 3, 3, 3, 1, 1, 1, 1, 3, 3, 0, 3, 0]",38,19,19,62,29,33,2015 West Ham,1.2919479223566745,1.3477088948787062
771,Premier_League,2016,Arsenal,"[0, 1, 3, 3, 3, 3, 3, 3, 1, 3, 1, 1, 3, 3, 3, 0, 0, 3, 3, 1, 3, 3, 0, 0, 3, 0, 0, 1, 3, 0, 3, 3, 0, 3, 3, 3, 3, 3]",38,19,19,75,40,35,2016 Arsenal,6.180556349996693,3.389830508474576
772,Premier_League,2016,Bournemouth,"[0, 0, 1, 3, 0, 3, 1, 3, 1, 0, 0, 3, 0, 3, 0, 3, 0, 0, 3, 1, 0, 1, 0, 0, 0, 0, 1, 3, 3, 1, 1, 0, 0, 3, 3, 1, 3, 1]",38,19,19,46,24,22,2016 Bournemouth,2.8465651863125943,2.1645021645021645
773,Premier_League,2016,Burnley,"[0, 3, 0, 1, 0, 3, 0, 0, 3, 1, 3, 0, 0, 0, 3, 0, 0, 3, 3, 0, 3, 0, 3, 0, 1, 1, 0, 0, 1, 0, 3, 1, 0, 0, 3, 1, 0, 0]",38,19,19,40,23,17,2016 Burnley,8.36822376416596,3.937007874015748
774,Premier_League,2016,Chelsea,"[3, 3, 3, 1, 0, 0, 3, 3, 3, 3, 3, 3, 3, 3, 3, 3, 3, 3, 3, 0, 3, 3, 1, 3, 1, 3, 3, 3, 0, 3, 3, 0, 3, 3, 3, 3, 3, 3]",38,19,19,93,49,44,2016 Chelsea,8.808920239034908,3.3222591362126246
775,Premier_League,2016,Crystal Palace,"[0, 0, 1, 3, 3, 3, 1, 0, 0, 0, 0, 0, 0, 3, 1, 0, 0, 1, 0, 0, 0, 0, 3, 0, 0, 3, 3, 3, 3, 0, 3, 1, 3, 0, 0, 0, 3, 0]",38,19,19,41,16,25,2016 Crystal Palace,1.0411285386929972,1.1299435028248588
776,Premier_League,2016,Everton,"[1, 3, 3, 3, 3, 0, 1, 1, 0, 3, 0, 1, 0, 1, 0, 3, 0, 3, 1, 3, 3, 3, 1, 3, 1, 3, 0, 3, 3, 0, 1, 3, 3, 1, 0, 0, 3, 0]",38,19,19,61,27,34,2016 Everton,1.1041739588486739,1.2106537530266344
777,Premier_League,2016,Hull,"[3, 3, 0, 1, 0, 0, 0, 0, 0, 0, 3, 0, 1, 0, 1, 0, 0, 0, 1, 0, 3, 0, 1, 3, 0, 1, 0, 3, 0, 3, 3, 0, 0, 3, 1, 0, 0, 0]",38,19,19,34,13,21,2016 Hull,1.05344423275658,1.1185682326621924
778,Premier_League,2016,Leicester,"[0, 1, 3, 0, 3, 0, 1, 0, 3, 1, 0, 0, 1, 0, 3, 0, 1, 0, 3, 1, 0, 0, 0, 0, 0, 3, 3, 3, 3, 3, 0, 1, 0, 3, 3, 0, 0, 1]",38,19,19,44,20,24,2016 Leicester,1.283340090196787,1.4104372355430184
779,Premier_League,2016,Liverpool,"[3, 0, 1, 3, 3, 3, 3, 1, 3, 3, 3, 1, 3, 0, 1, 3, 3, 3, 3, 1, 1, 0, 1, 0, 3, 0, 3, 3, 1, 3, 1, 3, 3, 0, 3, 1, 3, 3]",38,19,19,76,43,33,2016 Liverpool,42.60329388893334,7.462686567164179
780,Premier_League,2016,Man City,"[3, 3, 3, 3, 3, 3, 0, 1, 1, 3, 1, 3, 3, 0, 0, 3, 3, 3, 0, 3, 0, 1, 3, 3, 3, 3, 1, 1, 1, 0, 3, 3, 1, 1, 3, 3, 3, 3]",38,19,19,78,39,39,2016 Man City,2.0,1.7985611510791366
781,Premier_League,2016,Man United,"[3, 3, 3, 0, 0, 3, 1, 1, 0, 1, 3, 1, 1, 1, 3, 3, 3, 3, 3, 3, 1, 1, 1, 3, 3, 1, 3, 1, 1, 3, 3, 3, 1, 1, 0, 0, 1, 3]",38,19,19,69,36,33,2016 Man United,3.537298789824421,2.380952380952381
782,Premier_League,2016,Middlesbrough,"[1, 3, 1, 0, 0, 0, 1, 0, 1, 3, 1, 0, 1, 3, 0, 0, 3, 0, 0, 1, 1, 0, 1, 0, 1, 0, 0, 0, 1, 0, 1, 0, 0, 3, 1, 0, 0, 0]",38,19,19,28,18,10,2016 Middlesbrough,24.46691555869437,8.19672131147541
783,Premier_League,2016,Southampton,"[1, 0, 1, 0, 3, 3, 1, 3, 1, 0, 0, 1, 3, 0, 3, 1, 3, 0, 0, 0, 0, 3, 0, 0, 3, 3, 0, 1, 3, 3, 0, 0, 1, 1, 0, 3, 1, 0]",38,19,19,46,24,22,2016 Southampton,2.8465651863125943,2.159827213822894
784,Premier_League,2016,Stoke,"[1, 0, 0, 0, 0, 1, 1, 3, 3, 3, 1, 0, 3, 3, 0, 1, 1, 0, 0, 3, 3, 1, 1, 0, 3, 0, 3, 1, 0, 0, 0, 0, 3, 0, 1, 1, 0, 3]",38,19,19,44,21,23,2016 Stoke,1.5389397710125572,1.5847860538827259
785,Premier_League,2016,Sunderland,"[0, 0, 1, 0, 0, 0, 1, 0, 0, 0, 3, 3, 0, 3, 0, 0, 3, 0, 0, 1, 0, 0, 1, 3, 0, 0, 0, 1, 0, 0, 0, 1, 0, 0, 3, 0, 0, 0]",38,19,19,24,14,10,2016 Sunderland,5.584583859560139,3.003003003003003
786,Premier_League,2016,Swansea,"[3, 0, 0, 1, 0, 0, 0, 0, 1, 0, 0, 1, 3, 0, 3, 0, 0, 0, 0, 3, 0, 3, 3, 0, 3, 0, 3, 0, 0, 1, 0, 0, 0, 3, 1, 3, 3, 3]",38,19,19,41,12,29,2016 Swansea,1.0004538805089527,1.0183299389002036
787,Premier_League,2016,Tottenham,"[1, 3, 1, 3, 3, 3, 3, 1, 1, 1, 1, 3, 0, 3, 0, 3, 3, 3, 3, 3, 3, 1, 1, 3, 0, 3, 3, 3, 3, 3, 3, 3, 3, 3, 0, 3, 3, 3]",38,19,19,86,39,47,2016 Tottenham,1.0426131843999202,1.1160714285714286
788,Premier_League,2016,Watford,"[1, 0, 0, 3, 3, 0, 1, 3, 1, 3, 0, 3, 0, 0, 3, 0, 0, 1, 0, 0, 1, 1, 3, 3, 0, 1, 0, 0, 3, 3, 0, 3, 0, 0, 0, 0, 0, 0]",38,19,19,40,22,18,2016 Watford,4.62473887309157,2.6246719160104988
789,Premier_League,2016,West Brom,"[3, 0, 1, 0, 3, 1, 1, 1, 0, 0, 3, 3, 1, 3, 0, 3, 0, 0, 3, 3, 0, 3, 1, 3, 1, 3, 0, 0, 3, 1, 0, 0, 0, 0, 1, 0, 0, 0]",38,19,19,45,26,19,2016 West Brom,11.121655326187211,4.464285714285714
790,Premier_League,2016,West Ham,"[0, 3, 0, 0, 0, 0, 1, 3, 3, 0, 1, 0, 1, 0, 1, 3, 3, 3, 0, 0, 3, 3, 0, 3, 1, 1, 0, 0, 0, 0, 0, 3, 1, 1, 1, 3, 0, 3]",38,19,19,45,22,23,2016 West Ham,1.7361812147263311,1.6666666666666667
791,Premier_League,2017,Arsenal,"[3, 0, 0, 3, 1, 3, 3, 0, 3, 3, 0, 3, 3, 3, 0, 1, 1, 3, 1, 3, 1, 1, 0, 3, 0, 3, 0, 0, 0, 3, 3, 3, 0, 3, 0, 3, 0, 3]",38,19,19,63,34,29,2017 Arsenal,5.775577159351051,3.4482758620689653
792,Premier_League,2017,Bournemouth,"[0, 0, 0, 0, 3, 0, 1, 0, 3, 0, 3, 3, 1, 0, 1, 1, 0, 0, 0, 1, 3, 1, 3, 1, 3, 3, 0, 1, 1, 0, 3, 1, 1, 0, 0, 0, 3, 3]",38,19,19,44,16,28,2017 Bournemouth,1.0105924985721388,1.0672358591248665
793,Premier_League,2017,Brighton,"[0, 0, 1, 3, 0, 3, 0, 1, 3, 1, 3, 1, 0, 1, 0, 0, 0, 1, 3, 0, 1, 1, 0, 0, 1, 3, 1, 3, 3, 0, 0, 1, 0, 1, 1, 3, 0, 0]",38,19,19,40,21,19,2017 Brighton,2.878978353816222,2.242152466367713
794,Premier_League,2017,Burnley,"[3, 0, 1, 3, 1, 1, 3, 1, 0, 3, 3, 3, 0, 3, 0, 3, 3, 1, 0, 1, 1, 0, 0, 0, 1, 1, 0, 1, 3, 3, 3, 3, 3, 0, 1, 1, 0, 0]",38,19,19,54,32,22,2017 Burnley,32.9561662507858,7.142857142857143
795,Premier_League,2017,Chelsea,"[0, 3, 3, 3, 1, 3, 0, 0, 3, 3, 3, 3, 1, 3, 3, 0, 3, 3, 1, 3, 3, 1, 1, 3, 0, 0, 3, 0, 0, 3, 0, 1, 3, 3, 3, 3, 1, 0]",38,19,19,70,39,31,2017 Chelsea,16.15773856391998,4.366812227074236
796,Premier_League,2017,Crystal Palace,"[0, 0, 0, 0, 0, 0, 0, 3, 0, 1, 0, 1, 3, 1, 1, 1, 3, 3, 1, 0, 1, 3, 3, 0, 1, 1, 0, 0, 0, 0, 3, 0, 1, 3, 1, 3, 3, 3]",38,19,19,44,18,26,2017 Crystal Palace,1.0659729019459607,1.1350737797956867
797,Premier_League,2017,Everton,"[3, 1, 0, 0, 0, 3, 0, 1, 0, 0, 3, 1, 0, 3, 3, 1, 3, 3, 1, 1, 0, 0, 0, 1, 3, 0, 3, 0, 0, 3, 3, 0, 1, 1, 3, 3, 1, 0]",38,19,19,49,26,23,2017 Everton,3.506757699596242,2.457002457002457
798,Premier_League,2017,Huddersfield,"[3, 3, 1, 0, 1, 1, 0, 0, 3, 0, 3, 0, 0, 0, 0, 3, 0, 3, 1, 1, 1, 0, 0, 0, 0, 0, 3, 3, 0, 1, 0, 0, 1, 3, 0, 1, 1, 0]",38,19,19,37,22,15,2017 Huddersfield,12.388521776537756,4.587155963302752
799,Premier_League,2017,Leicester,"[0, 3, 0, 0, 1, 0, 1, 1, 3, 3, 1, 0, 1, 3, 3, 3, 3, 0, 1, 0, 0, 3, 1, 3, 0, 1, 0, 1, 1, 3, 3, 0, 0, 1, 0, 0, 3, 0]",38,19,19,47,27,20,2017 Leicester,10.934901624162224,4.8076923076923075
800,Premier_League,2017,Liverpool,"[1, 3, 3, 0, 1, 3, 1, 1, 0, 3, 3, 3, 1, 3, 3, 1, 1, 3, 1, 3, 3, 3, 3, 0, 3, 1, 3, 3, 3, 0, 3, 3, 1, 3, 1, 1, 0, 3]",38,19,19,75,35,40,2017 Liverpool,1.1930294610154444,1.243781094527363
801,Premier_League,2017,Man City,"[3, 1, 3, 3, 3, 3, 3, 3, 3, 3, 3, 3, 3, 3, 3, 3, 3, 3, 3, 3, 1, 3, 0, 3, 3, 1, 3, 3, 3, 3, 3, 0, 3, 3, 3, 1, 3, 3]",38,19,19,100,55,45,2017 Man City,462.62978111420483,16.043638697256537
802,Premier_League,2017,Man United,"[3, 3, 3, 1, 3, 3, 3, 1, 0, 3, 0, 3, 3, 3, 3, 0, 3, 3, 1, 1, 1, 3, 3, 3, 0, 3, 0, 3, 3, 3, 3, 3, 0, 3, 3, 0, 1, 3]",38,19,19,81,42,39,2017 Man United,3.7344358747277817,2.506265664160401
803,Premier_League,2017,Newcastle,"[0, 0, 3, 3, 3, 0, 1, 1, 3, 0, 0, 0, 0, 1, 0, 0, 0, 0, 3, 0, 1, 3, 1, 0, 1, 1, 3, 1, 0, 3, 3, 3, 3, 0, 0, 0, 0, 3]",38,19,19,44,18,26,2017 Newcastle,1.0659729019459607,1.1655011655011656
804,Premier_League,2017,Southampton,"[1, 3, 1, 0, 3, 0, 0, 1, 3, 1, 0, 0, 3, 0, 1, 1, 0, 0, 1, 0, 1, 0, 1, 1, 1, 3, 0, 1, 1, 0, 0, 0, 0, 1, 3, 1, 3, 0]",38,19,19,36,19,17,2017 Southampton,2.9113663049892917,2.262443438914027
805,Premier_League,2017,Stoke,"[0, 3, 1, 1, 0, 0, 3, 0, 0, 3, 1, 1, 0, 0, 3, 0, 0, 0, 3, 1, 0, 0, 0, 3, 1, 0, 1, 1, 1, 0, 0, 0, 0, 1, 1, 1, 0, 3]",38,19,19,33,19,14,2017 Stoke,6.626875903353503,3.5335689045936394
806,Premier_League,2017,Swansea,"[1, 0, 3, 0, 1, 0, 0, 3, 0, 0, 0, 0, 1, 0, 0, 3, 0, 0, 1, 0, 3, 0, 1, 3, 3, 1, 3, 0, 3, 1, 0, 1, 1, 0, 0, 0, 0, 0]",38,19,19,33,13,20,2017 Swansea,1.080080848778471,1.1534025374855825
807,Premier_League,2017,Tottenham,"[3, 0, 1, 3, 1, 3, 3, 3, 3, 0, 3, 0, 1, 0, 1, 3, 3, 0, 3, 3, 3, 1, 3, 1, 3, 1, 3, 3, 3, 3, 3, 3, 0, 1, 3, 0, 3, 3]",38,19,19,77,34,43,2017 Tottenham,1.037242597939248,1.1111111111111112
808,Premier_League,2017,Watford,"[1, 3, 1, 3, 0, 3, 1, 3, 0, 0, 0, 3, 3, 0, 1, 0, 0, 0, 0, 3, 0, 0, 1, 0, 1, 3, 0, 3, 3, 0, 0, 1, 0, 0, 1, 0, 3, 0]",38,19,19,41,22,19,2017 Watford,3.5828326811194455,2.293577981651376
809,Premier_League,2017,West Brom,"[3, 3, 1, 0, 1, 0, 1, 1, 0, 0, 0, 0, 1, 1, 1, 0, 1, 0, 0, 1, 1, 0, 3, 1, 0, 0, 0, 0, 0, 0, 0, 0, 1, 3, 1, 3, 3, 0]",38,19,19,31,14,17,2017 West Brom,1.3584485540286095,1.3793103448275863
810,Premier_League,2017,West Ham,"[0, 0, 0, 3, 1, 0, 3, 1, 0, 1, 0, 0, 1, 0, 0, 3, 1, 3, 0, 1, 3, 1, 3, 1, 1, 0, 3, 0, 0, 0, 3, 1, 1, 0, 0, 3, 1, 3]",38,19,19,42,17,25,2017 West Ham,1.064030563794502,1.1135857461024499
811,Premier_League,2018,Arsenal,"[0, 0, 3, 3, 3, 3, 3, 3, 3, 1, 1, 1, 3, 3, 1, 3, 0, 3, 1, 0, 3, 0, 3, 3, 0, 3, 3, 3, 1, 3, 3, 0, 3, 0, 0, 0, 1, 3]",38,19,19,70,38,32,2018 Arsenal,8.052608814255988,3.8910505836575875
812,Premier_League,2018,Bournemouth,"[3, 3, 1, 0, 3, 0, 3, 3, 1, 3, 0, 0, 0, 0, 3, 0, 0, 3, 0, 0, 1, 0, 3, 3, 0, 0, 1, 0, 0, 3, 1, 0, 0, 3, 0, 1, 3, 0]",38,19,19,45,26,19,2018 Bournemouth,11.121655326187211,4.065040650406504
813,Premier_League,2018,Brighton,"[0, 3, 0, 1, 1, 0, 0, 3, 3, 3, 0, 0, 1, 3, 3, 0, 0, 0, 1, 3, 1, 0, 0, 0, 1, 0, 0, 3, 3, 0, 0, 0, 0, 1, 0, 1, 1, 0]",38,19,19,36,22,14,2018 Brighton,18.69525011152765,5.555555555555555
814,Premier_League,2018,Burnley,"[1, 0, 0, 0, 0, 3, 3, 1, 0, 0, 0, 1, 0, 0, 0, 3, 0, 0, 0, 3, 3, 3, 1, 1, 1, 3, 3, 0, 0, 0, 0, 3, 3, 3, 1, 0, 0, 0]",38,19,19,40,12,28,2018 Burnley,1.0008455180035076,1.0141987829614605
815,Premier_League,2018,Cardiff,"[0, 1, 1, 0, 0, 0, 0, 0, 3, 0, 0, 3, 0, 3, 0, 3, 0, 0, 1, 3, 0, 1, 0, 0, 3, 3, 0, 0, 0, 3, 0, 0, 0, 3, 0, 0, 0, 3]",38,19,19,34,15,19,2018 Cardiff,1.26011763937328,1.375515818431912
816,Premier_League,2018,Chelsea,"[3, 3, 3, 3, 3, 1, 1, 3, 1, 3, 3, 1, 0, 3, 0, 3, 3, 0, 3, 3, 1, 3, 0, 0, 3, 0, 3, 3, 1, 0, 3, 3, 3, 0, 1, 1, 3, 1]",38,19,19,72,40,32,2018 Chelsea,16.617541697889326,4.761904761904762
817,Premier_League,2018,Crystal Palace,"[3, 0, 0, 0, 3, 1, 0, 0, 0, 1, 0, 0, 1, 3, 0, 0, 3, 3, 1, 0, 3, 0, 0, 1, 3, 1, 3, 0, 3, 0, 3, 0, 3, 0, 3, 1, 3, 3]",38,19,19,49,19,30,2018 Crystal Palace,1.0190697892976468,1.0845986984815619
818,Premier_League,2018,Everton,"[1, 3, 1, 1, 0, 0, 3, 3, 3, 0, 3, 1, 3, 0, 1, 1, 0, 0, 3, 0, 0, 3, 0, 3, 0, 0, 0, 3, 1, 0, 3, 3, 3, 0, 3, 1, 3, 1]",38,19,19,54,27,27,2018 Everton,2.0,1.7921146953405018
819,Premier_League,2018,Fulham,"[0, 0, 3, 1, 0, 1, 0, 0, 0, 0, 0, 0, 3, 0, 1, 0, 0, 1, 1, 3, 0, 0, 0, 3, 0, 0, 0, 0, 0, 0, 0, 0, 0, 3, 3, 3, 0, 0]",38,19,19,26,11,15,2018 Fulham,1.2284491667335837,1.3054830287206267
820,Premier_League,2018,Huddersfield,"[0, 0, 1, 1, 0, 0, 0, 1, 0, 0, 3, 1, 3, 0, 0, 0, 0, 0, 0, 0, 0, 1, 0, 0, 0, 0, 0, 3, 0, 0, 0, 0, 0, 0, 0, 0, 1, 1]",38,19,19,16,10,6,2018 Huddersfield,7.122776696082107,3.367003367003367
821,Premier_League,2018,Leicester,"[0, 3, 3, 0, 0, 3, 3, 0, 0, 1, 3, 1, 1, 3, 1, 0, 0, 3, 3, 0, 3, 0, 0, 1, 0, 0, 0, 3, 0, 3, 3, 3, 3, 0, 1, 3, 0, 1]",38,19,19,52,28,24,2018 Leicester,4.425268424340056,2.8011204481792715
822,Premier_League,2018,Liverpool,"[3, 3, 3, 3, 3, 3, 1, 1, 3, 3, 1, 3, 3, 3, 3, 3, 3, 3, 3, 3, 0, 3, 3, 1, 1, 3, 1, 3, 1, 3, 3, 3, 3, 3, 3, 3, 3, 3]",38,19,19,97,51,46,2018 Liverpool,10.603016530870095,3.717472118959108
823,Premier_League,2018,Man City,"[3, 3, 1, 3, 3, 3, 3, 1, 3, 3, 3, 3, 3, 3, 3, 0, 3, 0, 0, 3, 3, 3, 3, 0, 3, 3, 3, 3, 3, 3, 3, 3, 3, 3, 3, 3, 3, 3]",38,19,19,98,44,54,2018 Man City,1.0035173217669946,1.0319917440660475
824,Premier_League,2018,Man United,"[3, 0, 0, 3, 3, 1, 0, 3, 1, 3, 3, 0, 1, 1, 1, 3, 0, 3, 3, 3, 3, 3, 3, 1, 3, 3, 1, 3, 3, 0, 3, 0, 3, 0, 0, 1, 1, 0]",38,19,19,66,32,34,2018 Man United,1.543681211297668,1.5822784810126582
825,Premier_League,2018,Newcastle,"[0, 1, 0, 0, 0, 1, 0, 0, 0, 1, 3, 3, 3, 0, 1, 0, 3, 1, 0, 1, 0, 0, 3, 3, 0, 1, 3, 3, 0, 3, 1, 0, 0, 3, 3, 1, 0, 3]",38,19,19,45,17,28,2018 Newcastle,1.017840003151269,1.0787486515641855
826,Premier_League,2018,Southampton,"[1, 0, 0, 3, 1, 0, 0, 0, 1, 1, 0, 1, 0, 1, 0, 0, 3, 3, 0, 0, 1, 3, 3, 1, 1, 0, 0, 3, 0, 3, 3, 0, 3, 0, 1, 1, 0, 1]",38,19,19,39,15,24,2018 Southampton,1.0392879744636467,1.0893246187363834
827,Premier_League,2018,Tottenham,"[3, 3, 3, 0, 0, 3, 3, 3, 3, 0, 3, 3, 3, 0, 3, 3, 3, 3, 3, 0, 3, 0, 3, 3, 3, 3, 0, 0, 1, 0, 0, 3, 3, 0, 3, 0, 0, 1]",38,19,19,71,45,26,2018 Tottenham,8293.994825711927,44.563279857397504
828,Premier_League,2018,Watford,"[3, 3, 3, 3, 0, 1, 0, 0, 3, 3, 0, 1, 0, 0, 0, 1, 3, 3, 0, 1, 1, 3, 1, 0, 1, 3, 3, 0, 3, 0, 0, 3, 0, 3, 1, 0, 0, 0]",38,19,19,50,27,23,2018 Watford,4.441888716098904,2.8901734104046244
829,Premier_League,2018,West Ham,"[0, 0, 0, 0, 3, 1, 3, 0, 0, 1, 3, 1, 0, 3, 3, 3, 3, 0, 3, 0, 1, 3, 0, 0, 1, 1, 3, 0, 3, 0, 3, 0, 0, 0, 1, 3, 3, 3]",38,19,19,52,27,25,2018 West Ham,2.8294369368345724,2.2522522522522523
830,Premier_League,2018,Wolves,"[1, 0, 1, 3, 3, 1, 3, 3, 0, 0, 0, 1, 0, 0, 3, 3, 3, 0, 1, 3, 0, 0, 3, 3, 3, 1, 1, 0, 3, 1, 0, 3, 0, 1, 3, 3, 3, 0]",38,19,19,57,26,31,2018 Wolves,1.2113662396018159,1.2853470437017995
831,Premier_League,2019,Arsenal,"[3, 3, 0, 1, 1, 3, 1, 3, 0, 1, 1, 0, 1, 1, 0, 3, 0, 1, 1, 0, 3, 1, 1, 1, 1, 3, 3, 3, 0, 0, 3]",31,16,15,43,22,21,2019 Arsenal,1.8793450826840261,1.7035775127768313
832,Premier_League,2019,Aston Villa,"[0, 0, 3, 0, 1, 0, 1, 3, 3, 0, 0, 0, 3, 1, 0, 0, 0, 0, 3, 0, 3, 0, 1, 3, 0, 0, 0, 0, 1, 0, 1, 0]",32,16,16,27,15,12,2019 Aston Villa,4.033329950079171,2.487562189054726
833,Premier_League,2019,Bournemouth,"[1, 3, 0, 0, 3, 3, 1, 0, 1, 1, 3, 0, 0, 0, 0, 0, 3, 0, 1, 0, 0, 0, 0, 3, 3, 0, 0, 1, 0, 0, 0]",31,16,15,27,16,11,2019 Bournemouth,5.7922016038652195,3.3112582781456954
834,Premier_League,2019,Brighton,"[3, 1, 0, 0, 1, 1, 0, 3, 0, 3, 3, 0, 0, 0, 3, 1, 1, 0, 0, 3, 1, 0, 1, 0, 1, 1, 1, 0, 1, 3, 1, 0]",32,16,16,33,19,14,2019 Brighton,7.07639649861584,3.90625
835,Premier_League,2019,Burnley,"[3, 0, 1, 0, 1, 3, 1, 3, 0, 0, 0, 3, 3, 0, 0, 0, 3, 3, 0, 0, 0, 0, 3, 3, 1, 3, 3, 1, 1, 0, 3, 3]",32,16,16,45,18,27,2019 Burnley,1.0339461006143413,1.122334455667789
836,Premier_League,2019,Chelsea,"[0, 1, 3, 1, 3, 0, 3, 3, 3, 3, 3, 3, 0, 0, 3, 0, 0, 3, 0, 3, 1, 3, 0, 1, 1, 0, 3, 1, 3, 3, 3]",31,16,15,54,29,25,2019 Chelsea,3.149816695413081,2.336448598130841
837,Premier_League,2019,Crystal Palace,"[1, 0, 3, 3, 0, 1, 3, 3, 0, 1, 0, 0, 0, 3, 3, 1, 1, 0, 3, 1, 1, 1, 1, 0, 0, 0, 3, 3, 3, 3, 0, 0]",32,16,16,42,22,20,2019 Crystal Palace,2.938049049842018,2.150537634408602
838,Premier_League,2019,Everton,"[1, 3, 0, 3, 0, 0, 0, 0, 3, 0, 1, 3, 0, 0, 0, 3, 1, 1, 3, 3, 0, 3, 1, 1, 3, 3, 0, 1, 0, 1, 3]",31,16,15,41,17,24,2019 Everton,1.042759368438015,1.1363636363636365
839,Premier_League,2019,Leicester,"[1, 1, 3, 3, 0, 3, 3, 0, 3, 3, 3, 3, 3, 3, 3, 3, 1, 0, 0, 3, 3, 0, 0, 3, 1, 1, 0, 0, 3, 1, 1]",31,16,15,55,38,17,2019 Leicester,40354.90070758168,136.23978201634878
840,Premier_League,2019,Liverpool,"[3, 3, 3, 3, 3, 3, 3, 3, 1, 3, 3, 3, 3, 3, 3, 3, 3, 3, 3, 3, 3, 3, 3, 3, 3, 3, 3, 0, 3, 1, 3]",31,16,15,86,46,40,2019 Liverpool,9.775095409880985,2.8328611898016995
841,Premier_League,2019,Man City,"[3, 1, 3, 3, 0, 3, 3, 0, 3, 3, 3, 0, 3, 1, 3, 0, 3, 3, 0, 3, 3, 3, 1, 3, 0, 3, 3, 0, 3, 3, 0]",31,16,15,63,32,31,2019 Man City,1.6931808302404305,1.6750418760469012
842,Premier_League,2019,Man United,"[3, 1, 0, 1, 3, 0, 1, 0, 1, 3, 0, 3, 1, 1, 3, 3, 1, 0, 3, 3, 0, 3, 0, 0, 1, 3, 3, 1, 3, 1, 3, 3]",32,16,16,52,24,28,2019 Man United,1.2599129597138865,1.3297872340425532
843,Premier_League,2019,Newcastle,"[0, 0, 3, 1, 0, 1, 0, 3, 0, 1, 3, 3, 0, 1, 3, 3, 0, 3, 0, 0, 0, 1, 3, 1, 1, 0, 0, 1, 3, 3, 1]",31,16,15,39,22,17,2019 Newcastle,4.6357414797930385,2.8735632183908044
844,Premier_League,2019,Norwich,"[0, 3, 0, 0, 3, 0, 0, 0, 1, 0, 0, 0, 3, 1, 0, 0, 1, 0, 0, 1, 1, 0, 3, 0, 1, 0, 0, 3, 0, 0, 0]",31,16,15,21,11,10,2019 Norwich,2.1362908976988244,1.876172607879925
845,Premier_League,2019,Sheffield United,"[1, 3, 0, 1, 0, 3, 0, 1, 3, 1, 3, 1, 1, 1, 0, 3, 3, 3, 1, 0, 0, 3, 1, 0, 3, 3, 1, 3, 1, 0, 0]",31,16,15,44,22,22,2019 Sheffield United,1.6234286280639574,1.6286644951140066
846,Premier_League,2019,Southampton,"[0, 0, 3, 1, 3, 0, 0, 0, 1, 0, 0, 0, 1, 3, 3, 0, 0, 3, 3, 1, 3, 3, 0, 3, 0, 0, 3, 0, 0, 3, 0, 3]",32,16,16,40,15,25,2019 Southampton,1.0195934925818844,1.1123470522803114
847,Premier_League,2019,Tottenham,"[3, 1, 0, 1, 3, 0, 3, 0, 1, 0, 1, 1, 3, 3, 0, 3, 3, 0, 3, 1, 0, 0, 1, 3, 3, 3, 0, 0, 1, 1, 3]",31,16,15,45,23,22,2019 Tottenham,1.860987268837172,1.8083182640144666
848,Premier_League,2019,Watford,"[0, 0, 0, 1, 1, 0, 0, 1, 1, 1, 0, 3, 0, 0, 0, 1, 0, 3, 1, 3, 3, 3, 1, 0, 0, 1, 0, 3, 0, 1, 0, 0]",32,16,16,28,9,19,2019 Watford,1.012524764931391,1.044932079414838
849,Premier_League,2019,West Ham,"[0, 1, 3, 3, 1, 3, 1, 0, 0, 1, 0, 0, 0, 3, 0, 0, 3, 0, 0, 3, 0, 1, 0, 0, 1, 0, 0, 3, 0, 0, 0]",31,16,15,27,16,11,2019 West Ham,5.7922016038652195,3.134796238244514
850,Premier_League,2019,Wolves,"[1, 1, 1, 0, 0, 1, 3, 3, 1, 1, 1, 3, 3, 1, 3, 1, 0, 3, 3, 0, 0, 1, 3, 0, 1, 1, 3, 3, 1, 3, 3, 3]",32,16,16,52,24,28,2019 Wolves,1.2599129597138865,1.3333333333333333
851,Premier_League,2020,Arsenal,"[3, 3, 1, 0, 3, 0, 3, 3, 3, 0, 3, 0, 0, 3, 0, 1, 0, 0, 0, 1, 0, 3, 3, 3, 1, 3, 3, 1, 0, 0, 3, 0, 3, 1, 3, 1, 0, 3, 1, 0, 3, 3, 3, 3, 3]",45,23,22,74,33,41,2020 Arsenal,1.0500114726354592,1.1376564277588168
852,Premier_League,2020,Aston Villa,"[0, 0, 3, 1, 3, 1, 3, 3, 3, 3, 0, 0, 3, 0, 0, 3, 1, 3, 3, 1, 0, 0, 3, 0, 3, 0, 3, 1, 0, 3, 0, 1, 1, 0, 3, 0, 0, 1, 3, 0, 1, 0, 3, 3]",44,22,22,63,34,29,2020 Aston Villa,5.213812397152025,3.1055900621118013
853,Premier_League,2020,Bournemouth,"[0, 0, 1, 3, 0, 0, 3]",7,4,3,7,4,3,2020 Bournemouth,2.0,1.5552099533437014
854,Premier_League,2020,Brighton,"[3, 0, 0, 1, 1, 3, 0, 3, 0, 0, 1, 1, 0, 1, 3, 1, 0, 0, 1, 1, 1, 0, 1, 0, 3, 1, 3, 3, 1, 1, 0, 0, 0, 3, 3, 0, 1, 1, 0, 3, 0, 1, 3, 0]",44,22,22,49,21,28,2020 Brighton,1.1156197649949833,1.1764705882352942
855,Premier_League,2020,Burnley,"[1, 3, 1, 1, 3, 0, 0, 0, 0, 1, 0, 0, 1, 3, 0, 1, 3, 1, 3, 0, 3, 0, 0, 3, 3, 0, 0, 1, 3, 1, 1, 0, 1, 1, 3, 0, 0, 0, 3, 0, 3, 0, 0, 0]",44,22,22,48,25,23,2020 Burnley,2.7876638623282552,2.1367521367521367
856,Premier_League,2020,Chelsea,"[0, 3, 3, 0, 3, 0, 3, 3, 0, 1, 3, 1, 1, 3, 3, 3, 1, 3, 0, 0, 3, 0, 1, 0, 3, 0, 1, 3, 3, 3, 3, 1, 1, 3, 3, 1, 0, 3, 1, 3, 3, 3, 0, 3, 0]",45,23,22,79,38,41,2020 Chelsea,1.2547126174993548,1.4005602240896358
857,Premier_League,2020,Crystal Palace,"[0, 0, 0, 0, 0, 1, 3, 3, 0, 0, 1, 3, 0, 3, 0, 0, 3, 1, 1, 0, 0, 1, 3, 1, 0, 0, 3, 3, 0, 0, 3, 1, 1, 0, 3, 1, 0, 0, 0, 3, 0, 3, 0, 0]",44,22,22,45,20,25,2020 Crystal Palace,1.2184462762299957,1.3280212483399734
858,Premier_League,2020,Everton,"[3, 0, 1, 0, 1, 3, 0, 3, 3, 3, 3, 1, 0, 0, 0, 3, 0, 1, 3, 3, 3, 3, 0, 3, 1, 0, 3, 1, 0, 0, 3, 3, 3, 0, 0, 1, 1, 1, 3, 0, 3, 1, 0, 3, 0]",45,23,22,67,37,30,2020 Everton,5.83651303951381,3.1746031746031744
859,Premier_League,2020,Fulham,"[0, 0, 0, 0, 1, 0, 3, 0, 0, 3, 0, 1, 1, 1, 1, 1, 0, 0, 1, 1, 0, 1, 3, 1, 3, 1, 0, 3, 0, 0, 0, 0, 1, 0, 0, 0, 1, 0]",38,19,19,28,13,15,2020 Fulham,1.4963815669506195,1.447178002894356
860,Premier_League,2020,Leeds,"[0, 3, 3, 1, 0, 3, 0, 0, 1, 3, 0, 0, 3, 0, 3, 3, 0, 0, 3, 3, 0, 3, 0, 0, 3, 0, 0, 1, 3, 3, 3, 1, 1, 0, 3, 3, 3, 3]",38,19,19,59,26,33,2020 Leeds,1.104673732573778,1.2315270935960592
861,Premier_League,2020,Leicester,"[0, 3, 1, 0, 3, 0, 0, 3, 3, 3, 0, 0, 3, 3, 3, 0, 0, 3, 3, 0, 3, 1, 1, 3, 3, 3, 1, 0, 3, 1, 3, 3, 0, 1, 3, 3, 0, 0, 3, 3, 1, 0, 3, 0, 0]",45,23,22,73,36,37,2020 Leicester,1.4820936782487135,1.5772870662460567
862,Premier_League,2020,Liverpool,"[0, 3, 3, 1, 0, 3, 3, 3, 3, 3, 0, 1, 3, 3, 1, 3, 1, 3, 1, 3, 3, 1, 1, 0, 1, 0, 3, 3, 0, 0, 0, 0, 3, 0, 0, 3, 3, 3, 1, 1, 3, 3, 3, 3, 3]",45,23,22,82,46,36,2020 Liverpool,13.387178017275408,5.2631578947368425
863,Premier_League,2020,Man City,"[3, 0, 3, 3, 3, 3, 3, 3, 0, 1, 3, 1, 3, 1, 0, 3, 3, 1, 1, 3, 3, 3, 3, 3, 3, 3, 3, 3, 3, 3, 3, 3, 3, 3, 0, 3, 3, 3, 0, 3, 3, 0, 3, 0, 3]",45,23,22,104,50,54,2020 Man City,1.1089176912784868,1.2062726176115801
864,Premier_League,2020,Man United,"[3, 3, 1, 3, 1, 3, 0, 3, 0, 3, 1, 0, 3, 3, 3, 3, 1, 3, 3, 1, 3, 3, 3, 1, 3, 0, 1, 3, 1, 1, 3, 1, 1, 3, 3, 3, 3, 3, 1, 3, 0, 0, 1, 3]",44,22,22,88,47,41,2020 Man United,7.464411067987148,3.367003367003367
865,Premier_League,2020,Newcastle,"[3, 1, 0, 0, 0, 1, 0, 3, 0, 1, 3, 0, 1, 3, 0, 0, 3, 3, 0, 1, 0, 1, 0, 0, 0, 0, 0, 3, 0, 3, 0, 0, 1, 1, 1, 0, 1, 3, 3, 1, 0, 3, 0, 3, 3]",45,23,22,50,24,26,2020 Newcastle,1.4076129670414583,1.455604075691412
866,Premier_League,2020,Norwich,"[0, 0, 0, 0, 0, 0, 0]",7,4,3,0,0,0,2020 Norwich,,1.0
867,Premier_League,2020,Sheffield United,"[3, 1, 3, 3, 0, 0, 0, 0, 0, 0, 0, 1, 0, 0, 0, 0, 0, 0, 0, 0, 1, 0, 0, 0, 3, 0, 3, 0, 3, 0, 0, 0, 0, 3, 0, 0, 0, 0, 0, 3, 0, 0, 3, 0, 3]",45,23,22,33,12,21,2020 Sheffield United,1.0262757663483348,1.1037527593818985
868,Premier_League,2020,Southampton,"[3, 1, 1, 1, 3, 3, 0, 0, 3, 3, 1, 3, 3, 3, 1, 0, 3, 3, 1, 0, 1, 1, 3, 0, 0, 0, 0, 0, 0, 1, 0, 0, 3, 0, 0, 3, 0, 0, 1, 0, 3, 3, 0, 0]",44,22,22,55,38,17,2020 Southampton,9554.44058884829,90.3342366757001
869,Premier_League,2020,Tottenham,"[0, 3, 1, 3, 3, 3, 1, 0, 3, 1, 3, 1, 3, 3, 3, 3, 1, 3, 1, 0, 0, 1, 3, 1, 3, 0, 0, 0, 3, 0, 0, 3, 3, 3, 0, 3, 1, 0, 1, 3, 3, 0, 3, 0, 3]",45,23,22,76,43,33,2020 Tottenham,13.407001826405851,4.9504950495049505
870,Premier_League,2020,Watford,"[0, 3, 3, 0, 0, 0]",6,3,3,6,6,0,2020 Watford,740.7966946899185,4.901960784313726
871,Premier_League,2020,West Brom,"[0, 0, 1, 0, 1, 1, 0, 0, 0, 3, 0, 0, 1, 0, 1, 0, 0, 3, 0, 0, 1, 0, 0, 1, 1, 3, 0, 1, 0, 3, 3, 0, 1, 1, 0, 0, 0, 0]",38,19,19,26,11,15,2020 West Brom,1.2284491667335837,1.2690355329949239
872,Premier_League,2020,West Ham,"[3, 1, 0, 3, 3, 1, 1, 0, 0, 3, 3, 1, 1, 0, 3, 3, 3, 0, 3, 1, 0, 1, 1, 3, 3, 3, 3, 0, 3, 1, 3, 3, 0, 3, 0, 1, 3, 3, 0, 0, 3, 0, 1, 3, 3]",45,23,22,77,35,42,2020 West Ham,1.069400835191884,1.1820330969267139
873,Premier_League,2020,Wolves,"[0, 0, 3, 1, 3, 0, 3, 0, 0, 3, 3, 1, 3, 0, 1, 3, 0, 0, 3, 0, 1, 0, 1, 0, 0, 1, 0, 3, 1, 3, 3, 1, 0, 1, 0, 0, 3, 3, 0, 1, 3, 0, 0, 0]",44,22,22,52,28,24,2020 Wolves,4.2004492308651065,2.638522427440633
874,Premier_League,2021,Arsenal,"[0, 0, 0, 3, 3, 3, 1, 1, 3, 3, 3, 0, 3, 0, 0, 3, 3, 3, 3, 0, 1, 3, 3, 3, 3, 3, 0, 3, 0, 0, 0, 3, 3, 3, 3, 0, 0, 3]",38,19,19,69,35,34,2021 Arsenal,2.3583612023728993,1.949317738791423
875,Premier_League,2021,Aston Villa,"[0, 3, 1, 0, 3, 3, 0, 0, 0, 0, 0, 3, 3, 0, 3, 0, 3, 0, 0, 1, 3, 1, 0, 0, 3, 3, 3, 0, 0, 0, 0, 1, 3, 3, 0, 1, 1, 0]",38,19,19,45,22,23,2021 Aston Villa,1.7361812147263311,1.7391304347826086
876,Premier_League,2021,Brentford,"[3, 1, 1, 0, 3, 1, 3, 0, 0, 0, 0, 1, 3, 0, 1, 3, 0, 0, 3, 0, 0, 0, 0, 0, 1, 0, 0, 3, 3, 0, 3, 3, 3, 1, 0, 3, 3, 0]",38,19,19,46,23,23,2021 Brentford,2.0,1.763668430335097
877,Premier_League,2021,Brighton,"[3, 3, 0, 3, 3, 1, 1, 1, 0, 1, 1, 0, 1, 1, 1, 0, 3, 1, 3, 1, 1, 1, 3, 0, 0, 0, 0, 0, 0, 1, 3, 3, 0, 1, 3, 3, 1, 3]",38,19,19,51,27,24,2021 Brighton,3.4964305465910903,2.450980392156863
878,Premier_League,2021,Burnley,"[0, 0, 1, 0, 0, 1, 1, 0, 1, 3, 1, 1, 1, 0, 1, 0, 0, 1, 1, 1, 0, 3, 3, 1, 0, 0, 0, 0, 3, 0, 1, 3, 3, 3, 0, 0, 1, 0]",38,19,19,35,13,22,2021 Burnley,1.034998987078902,1.079913606911447
879,Premier_League,2021,Chelsea,"[3, 3, 1, 3, 3, 0, 3, 3, 3, 3, 1, 3, 1, 3, 0, 3, 1, 1, 3, 1, 1, 0, 1, 3, 3, 3, 3, 3, 0, 3, 0, 3, 1, 0, 1, 3, 1, 3]",38,19,19,74,41,33,2021 Chelsea,17.179516095199315,6.0606060606060606
880,Premier_League,2021,Crystal Palace,"[0, 1, 1, 3, 0, 1, 1, 1, 1, 3, 3, 1, 0, 0, 0, 3, 1, 0, 3, 0, 1, 0, 1, 1, 0, 3, 1, 3, 1, 3, 0, 0, 1, 3, 3, 1, 0, 3]",38,19,19,48,23,25,2021 Crystal Palace,1.543681211297668,1.5037593984962405
881,Premier_League,2021,Everton,"[3, 1, 3, 3, 0, 3, 1, 0, 0, 0, 1, 0, 0, 0, 3, 0, 1, 0, 0, 0, 0, 3, 0, 0, 0, 0, 3, 0, 0, 3, 1, 0, 3, 3, 1, 0, 3, 0]",38,19,19,39,19,20,2021 Everton,1.7293550213754278,1.7123287671232876
882,Premier_League,2021,Leeds,"[0, 1, 1, 0, 1, 0, 3, 0, 1, 3, 1, 0, 1, 3, 1, 0, 0, 0, 3, 3, 0, 1, 0, 0, 0, 0, 0, 0, 3, 3, 1, 3, 1, 0, 0, 0, 1, 3]",38,19,19,38,19,19,2021 Leeds,2.0,1.7513134851138354
883,Premier_League,2021,Leicester,"[3, 0, 3, 0, 0, 1, 1, 3, 3, 0, 1, 0, 3, 1, 0, 3, 0, 3, 0, 1, 0, 1, 0, 3, 3, 0, 3, 1, 3, 0, 1, 1, 0, 0, 3, 3, 1, 3]",38,19,19,52,25,27,2021 Leicester,1.5466162729447641,1.5360983102918586
884,Premier_League,2021,Liverpool,"[3, 3, 1, 3, 3, 1, 1, 3, 3, 1, 0, 3, 3, 3, 3, 3, 3, 1, 0, 1, 3, 3, 3, 3, 3, 3, 3, 3, 3, 3, 1, 3, 3, 3, 1, 3, 3, 3]",38,19,19,92,41,51,2021 Liverpool,1.0088940896459333,1.0319917440660475
885,Premier_League,2021,Man City,"[0, 3, 3, 3, 1, 3, 1, 3, 3, 0, 3, 3, 3, 3, 3, 3, 3, 3, 3, 3, 3, 3, 1, 3, 3, 0, 3, 3, 1, 3, 1, 3, 3, 3, 3, 3, 1, 3]",38,19,19,93,47,46,2021 Man City,2.4719182778652624,1.996007984031936
886,Premier_League,2021,Man United,"[3, 1, 3, 3, 3, 0, 1, 0, 0, 3, 0, 0, 1, 3, 3, 3, 1, 3, 0, 1, 3, 3, 1, 1, 3, 3, 1, 0, 3, 1, 0, 3, 0, 0, 1, 3, 0, 0]",38,19,19,58,31,27,2021 Man United,4.4089202871789475,3.058103975535168
887,Premier_League,2021,Newcastle,"[0, 0, 1, 0, 1, 1, 0, 0, 1, 0, 1, 1, 0, 1, 3, 0, 0, 0, 1, 1, 3, 3, 3, 1, 3, 3, 3, 0, 0, 0, 3, 3, 3, 3, 0, 0, 3, 3]",38,19,19,49,11,38,2021 Newcastle,1.0000001626861716,1.0
888,Premier_League,2021,Norwich,"[0, 0, 0, 0, 0, 0, 1, 1, 0, 0, 3, 3, 1, 1, 0, 0, 0, 0, 0, 0, 3, 3, 1, 0, 0, 0, 0, 0, 0, 1, 3, 0, 0, 0, 0, 0, 1, 0]",38,19,19,22,10,12,2021 Norwich,1.4652375249635627,1.4880952380952381
889,Premier_League,2021,Southampton,"[0, 1, 1, 1, 1, 0, 0, 3, 1, 3, 3, 0, 0, 1, 1, 0, 1, 3, 1, 3, 0, 1, 3, 1, 3, 3, 0, 0, 0, 1, 0, 3, 0, 1, 0, 0, 0, 0]",38,19,19,40,21,19,2021 Southampton,2.878978353816222,2.237136465324385
890,Premier_League,2021,Tottenham,"[3, 3, 3, 0, 0, 0, 3, 3, 0, 0, 1, 3, 3, 3, 1, 3, 1, 3, 3, 0, 0, 0, 3, 0, 3, 3, 0, 3, 3, 3, 3, 0, 1, 3, 1, 3, 3, 3]",38,19,19,71,36,35,2021 Tottenham,2.3619058511628332,2.0080321285140563
891,Premier_League,2021,Watford,"[3, 0, 0, 0, 3, 1, 0, 0, 3, 0, 0, 3, 0, 0, 0, 0, 0, 0, 1, 0, 1, 0, 0, 3, 0, 1, 0, 0, 3, 0, 0, 0, 0, 0, 0, 1, 0, 0]",38,19,19,23,14,9,2021 Watford,8.222121461512117,3.278688524590164
892,Premier_League,2021,West Ham,"[3, 3, 1, 1, 0, 3, 0, 3, 3, 3, 3, 0, 0, 1, 3, 1, 0, 0, 3, 3, 3, 0, 0, 3, 1, 1, 3, 0, 3, 0, 3, 0, 1, 0, 0, 3, 1, 0]",38,19,19,56,31,25,2021 West Ham,7.66339910035451,3.5460992907801416
893,Premier_League,2021,Wolves,"[0, 0, 0, 3, 0, 3, 3, 3, 1, 3, 0, 3, 1, 1, 0, 0, 3, 1, 3, 3, 3, 0, 3, 3, 0, 0, 0, 3, 3, 0, 3, 0, 0, 0, 1, 0, 1, 0]",38,19,19,51,28,23,2021 Wolves,5.775577159351056,2.865329512893983
894,Premier_League,2022,Arsenal,"[3, 3, 3, 3, 3, 0, 3, 3, 3, 3, 1, 3, 3, 3, 3, 3, 1, 3, 3, 0, 1, 0, 3, 3, 3, 3, 3, 3, 3, 1, 1, 1, 0, 3, 3, 0, 0, 3]",38,19,19,84,50,34,2022 Arsenal,3001.614532673912,42.6075841499787
895,Premier_League,2022,Aston Villa,"[0, 3, 0, 0, 0, 1, 3, 1, 1, 0, 0, 3, 0, 3, 3, 0, 3, 1, 3, 3, 0, 0, 0, 3, 3, 1, 3, 3, 3, 3, 3, 1, 3, 0, 0, 3, 1, 3]",38,19,19,61,25,36,2022 Aston Villa,1.0198191902319875,1.0905125408942202
896,Premier_League,2022,Bournemouth,"[3, 0, 0, 0, 1, 3, 1, 1, 3, 1, 0, 0, 0, 0, 3, 0, 0, 0, 0, 1, 0, 1, 3, 0, 0, 3, 0, 3, 0, 3, 3, 0, 3, 3, 0, 0, 0, 0]",38,19,19,39,16,23,2022 Bournemouth,1.0911025596034718,1.2195121951219512
897,Premier_League,2022,Brentford,"[1, 3, 0, 1, 1, 3, 0, 1, 0, 3, 1, 0, 1, 1, 3, 1, 3, 3, 3, 1, 3, 1, 1, 3, 0, 3, 1, 1, 0, 0, 0, 1, 3, 3, 0, 3, 3, 3]",38,19,19,59,29,30,2022 Brentford,1.7411311956471378,1.607717041800643
898,Premier_League,2022,Brighton,"[3, 1, 3, 3, 0, 3, 1, 0, 0, 1, 0, 3, 3, 0, 3, 0, 3, 3, 1, 3, 1, 0, 3, 1, 3, 1, 3, 0, 3, 0, 3, 3, 0, 3, 0, 3, 1, 0]",38,19,19,62,31,31,2022 Brighton,2.0,1.9157088122605364
899,Premier_League,2022,Chelsea,"[3, 1, 0, 3, 0, 3, 3, 3, 3, 1, 1, 0, 0, 0, 3, 1, 0, 0, 3, 1, 1, 1, 0, 0, 3, 3, 1, 0, 1, 0, 0, 0, 0, 3, 1, 0, 0, 1]",38,19,19,44,28,16,2022 Chelsea,95.40643236245297,12.509382036527395
900,Premier_League,2022,Crystal Palace,"[0, 1, 3, 0, 1, 1, 0, 3, 1, 3, 0, 3, 3, 0, 0, 3, 0, 0, 1, 1, 0, 1, 1, 1, 0, 0, 0, 0, 3, 3, 3, 1, 0, 3, 0, 3, 1, 1]",38,19,19,45,23,22,2022 Crystal Palace,2.358361202372898,2.092050209205021
901,Premier_League,2022,Everton,"[0, 0, 1, 1, 1, 1, 3, 3, 0, 0, 0, 3, 1, 0, 0, 0, 1, 0, 0, 0, 3, 0, 3, 0, 0, 1, 3, 1, 1, 0, 0, 1, 0, 1, 3, 0, 1, 3]",38,19,19,36,15,21,2022 Everton,1.127831522969926,1.1682242990654206
902,Premier_League,2022,Fulham,"[1, 1, 3, 0, 3, 0, 3, 0, 0, 1, 3, 3, 1, 0, 0, 3, 3, 3, 3, 0, 0, 1, 3, 3, 1, 0, 0, 0, 0, 3, 3, 0, 0, 0, 3, 3, 1, 0]",38,19,19,52,31,21,2022 Fulham,33.305117265919506,6.5359477124183005
903,Premier_League,2022,Leeds,"[3, 1, 3, 0, 1, 0, 1, 0, 0, 0, 0, 3, 3, 0, 0, 1, 1, 0, 1, 0, 1, 0, 0, 3, 0, 1, 3, 0, 3, 0, 0, 0, 1, 0, 0, 1, 0, 0]",38,19,19,31,18,13,2022 Leeds,6.835457908024928,3.3557046979865772
904,Premier_League,2022,Leicester,"[1, 0, 0, 0, 0, 0, 0, 3, 0, 1, 3, 3, 0, 3, 3, 0, 0, 0, 0, 1, 3, 3, 0, 0, 0, 0, 1, 0, 0, 0, 0, 3, 1, 1, 0, 0, 1, 3]",38,19,19,34,17,17,2022 Leicester,2.0,1.86219739292365
905,Premier_League,2022,Liverpool,"[1, 1, 0, 3, 3, 1, 1, 0, 3, 3, 0, 0, 3, 3, 3, 3, 0, 0, 1, 0, 3, 3, 1, 3, 3, 0, 0, 1, 1, 3, 3, 3, 3, 3, 3, 3, 1, 1]",38,19,19,67,29,38,2022 Liverpool,1.045380227840159,1.1235955056179776
906,Premier_League,2022,Man City,"[3, 3, 1, 3, 3, 1, 3, 3, 3, 0, 3, 3, 3, 0, 3, 1, 3, 0, 3, 3, 0, 3, 3, 1, 3, 3, 3, 3, 3, 3, 3, 3, 3, 3, 3, 3, 1, 0]",38,19,19,89,42,47,2022 Man City,1.147929002361672,1.2515644555694618
907,Premier_League,2022,Man United,"[0, 0, 3, 3, 3, 3, 0, 3, 1, 3, 1, 3, 0, 3, 3, 3, 3, 3, 1, 0, 3, 1, 3, 3, 0, 1, 0, 3, 3, 3, 1, 3, 0, 0, 3, 3, 3, 3]",38,19,19,75,39,36,2022 Man United,3.612207753050043,2.4752475247524752
908,Premier_League,2022,Newcastle,"[3, 1, 1, 1, 0, 1, 1, 3, 3, 1, 3, 3, 3, 3, 3, 3, 1, 1, 3, 1, 1, 1, 0, 0, 3, 3, 3, 3, 3, 0, 3, 3, 3, 0, 1, 3, 1, 1]",38,19,19,71,38,33,2022 Newcastle,5.988866284107928,3.4722222222222223
909,Premier_League,2022,Nottm Forest,"[0, 3, 1, 0, 0, 0, 0, 0, 1, 0, 1, 3, 0, 1, 3, 0, 1, 3, 3, 1, 3, 0, 1, 0, 1, 0, 0, 1, 0, 0, 0, 0, 3, 0, 3, 1, 3, 1]",38,19,19,38,20,18,2022 Nottm Forest,2.8939278893841527,2.1551724137931036
910,Premier_League,2022,Southampton,"[0, 1, 3, 0, 3, 0, 0, 0, 0, 1, 3, 1, 0, 0, 0, 0, 0, 0, 3, 0, 0, 0, 3, 0, 3, 1, 0, 1, 0, 0, 0, 1, 0, 0, 0, 0, 0, 1]",38,19,19,25,15,10,2022 Southampton,7.759999621677276,3.401360544217687
911,Premier_League,2022,Tottenham,"[3, 1, 3, 3, 1, 3, 3, 0, 3, 3, 0, 0, 3, 0, 3, 1, 0, 3, 0, 0, 3, 3, 0, 3, 3, 0, 3, 1, 1, 3, 0, 0, 1, 0, 3, 0, 0, 3]",38,19,19,60,33,27,2022 Tottenham,7.680699685133417,3.508771929824561
912,Premier_League,2022,West Ham,"[0, 0, 0, 3, 1, 0, 0, 3, 3, 1, 0, 3, 0, 0, 0, 0, 0, 1, 0, 3, 1, 1, 0, 3, 0, 1, 3, 0, 3, 1, 3, 0, 0, 0, 3, 0, 3, 0]",38,19,19,40,15,25,2022 West Ham,1.0254863757014396,1.1086474501108647
913,Premier_League,2022,Wolves,"[0, 1, 0, 1, 1, 3, 0, 0, 0, 3, 0, 0, 1, 0, 0, 3, 0, 1, 3, 0, 3, 3, 0, 1, 0, 3, 0, 0, 1, 3, 3, 0, 3, 0, 3, 0, 1, 0]",38,19,19,41,17,24,2022 Wolves,1.094027955826726,1.2077294685990339
914,Premier_League,2023,Arsenal,"[3, 3, 1, 3, 3, 1, 3, 3, 1, 3, 0, 3, 3, 3, 3, 0, 3, 1, 0, 0, 3, 3, 3, 3, 3, 3, 3, 3, 1, 3, 3, 0, 3, 3, 3, 3, 3, 3]",38,19,19,89,40,49,2023 Arsenal,1.0212583927998526,1.0869565217391304
915,Premier_League,2023,Aston Villa,"[0, 3, 3, 0, 3, 3, 3, 1, 3, 3, 0, 3, 3, 1, 3, 3, 3, 1, 0, 3, 1, 0, 3, 0, 3, 3, 3, 0, 1, 3, 0, 1, 3, 3, 1, 0, 1, 0]",38,19,19,68,39,29,2023 Aston Villa,35.55261687005604,7.246376811594203
916,Premier_League,2023,Bournemouth,"[1, 0, 0, 1, 1, 0, 0, 0, 0, 3, 0, 3, 3, 1, 3, 3, 3, 3, 0, 0, 1, 1, 0, 1, 0, 3, 1, 3, 3, 3, 0, 1, 0, 3, 3, 0, 0, 0]",38,19,19,48,25,23,2023 Bournemouth,2.839313147521103,2.1413276231263385
917,Premier_League,2023,Brentford,"[1, 3, 1, 1, 0, 0, 1, 0, 3, 3, 3, 0, 0, 3, 0, 0, 0, 0, 0, 3, 0, 0, 3, 0, 0, 0, 1, 0, 0, 1, 1, 1, 3, 3, 0, 1, 3, 0]",38,19,19,39,19,20,2023 Brentford,1.7293550213754278,1.663893510815308
918,Premier_League,2023,Brighton,"[3, 3, 0, 3, 3, 3, 0, 1, 0, 1, 1, 1, 3, 0, 3, 1, 0, 1, 3, 1, 1, 0, 3, 0, 3, 1, 0, 3, 0, 1, 0, 1, 0, 0, 3, 1, 0, 0]",38,19,19,48,30,18,2023 Brighton,87.62541635316123,12.72426517368622
919,Premier_League,2023,Burnley,"[0, 0, 0, 1, 0, 0, 3, 0, 0, 0, 0, 0, 0, 3, 0, 1, 0, 3, 0, 0, 1, 0, 1, 0, 0, 0, 0, 1, 3, 1, 1, 0, 1, 3, 1, 0, 0, 0]",38,19,19,24,11,13,2023 Burnley,1.476993518544963,1.51285930408472
920,Premier_League,2023,Chelsea,"[1, 0, 3, 0, 1, 0, 3, 3, 1, 0, 3, 1, 0, 3, 0, 0, 3, 0, 3, 3, 3, 0, 0, 3, 1, 1, 3, 1, 3, 1, 3, 0, 1, 3, 3, 3, 3, 3]",38,19,19,63,25,38,2023 Chelsea,1.0072198506104961,1.0526315789473684
921,Premier_League,2023,Crystal Palace,"[3, 0, 1, 3, 0, 1, 3, 1, 0, 0, 3, 0, 0, 1, 0, 0, 1, 1, 0, 3, 0, 3, 0, 0, 1, 3, 0, 1, 1, 0, 0, 3, 3, 3, 1, 3, 3, 3]",38,19,19,49,18,31,2023 Crystal Palace,1.0070059091651649,1.0638297872340425
922,Premier_League,2023,Everton,"[0, 0, 0, 1, 0, 3, 0, 3, 0, 3, 1, 3, 0, 3, 3, 3, 3, 0, 0, 0, 1, 1, 1, 0, 1, 1, 0, 0, 0, 1, 3, 0, 3, 3, 3, 1, 3, 0]",38,19,19,48,26,22,2023 Everton,4.464484653598132,2.8735632183908044
923,Premier_League,2023,Fulham,"[3, 0, 1, 0, 3, 1, 0, 3, 0, 1, 0, 0, 3, 0, 3, 3, 0, 0, 0, 3, 0, 1, 1, 3, 0, 3, 3, 0, 3, 1, 0, 0, 3, 0, 1, 1, 0, 3]",38,19,19,47,21,26,2023 Fulham,1.2058590961704336,1.2987012987012987
924,Premier_League,2023,Liverpool,"[1, 3, 3, 3, 3, 3, 0, 1, 3, 3, 1, 3, 1, 3, 3, 3, 1, 1, 3, 3, 3, 3, 0, 3, 3, 3, 3, 1, 3, 3, 1, 0, 3, 0, 1, 3, 1, 3]",38,19,19,82,42,40,2023 Liverpool,2.955198043904872,2.314814814814815
925,Premier_League,2023,Luton,"[0, 0, 0, 0, 1, 3, 0, 0, 1, 0, 1, 0, 3, 0, 0, 0, 3, 3, 0, 1, 3, 1, 0, 0, 0, 0, 1, 0, 1, 0, 0, 3, 0, 0, 0, 1, 0, 0]",38,19,19,26,15,11,2023 Luton,5.377341420405329,3.1645569620253164
926,Premier_League,2023,Man City,"[3, 3, 3, 3, 3, 3, 0, 0, 3, 3, 3, 1, 1, 1, 0, 3, 1, 3, 3, 3, 3, 3, 3, 1, 3, 3, 3, 1, 1, 3, 3, 3, 3, 3, 3, 3, 3, 3]",38,19,19,91,40,51,2023 Man City,1.005152516090374,1.0266940451745379
927,Premier_League,2023,Man United,"[3, 0, 3, 0, 0, 3, 0, 3, 3, 0, 3, 3, 3, 0, 3, 0, 1, 0, 3, 0, 1, 3, 3, 3, 3, 0, 0, 3, 1, 0, 1, 1, 3, 1, 0, 0, 3, 3]",38,19,19,60,31,29,2023 Man United,2.8266724447670803,2.242152466367713
928,Premier_League,2023,Newcastle,"[3, 0, 0, 0, 3, 3, 3, 1, 3, 1, 3, 0, 3, 3, 0, 0, 3, 0, 0, 0, 0, 3, 1, 3, 1, 0, 3, 0, 3, 1, 3, 3, 0, 3, 3, 1, 0, 3]",38,19,19,60,29,31,2023 Newcastle,1.5474435238045705,1.680672268907563
929,Premier_League,2023,Nottm Forest,"[0, 3, 0, 3, 1, 0, 1, 1, 1, 0, 3, 0, 0, 0, 0, 1, 0, 0, 3, 3, 0, 0, 1, 0, 3, 0, 0, 0, 1, 1, 3, 0, 1, 0, 0, 3, 0, 3]",38,19,19,36,17,19,2023 Nottm Forest,1.5231859520541262,1.5060240963855422
930,Premier_League,2023,Sheffield United,"[0, 0, 0, 1, 0, 0, 0, 0, 0, 0, 3, 1, 0, 0, 0, 3, 0, 1, 0, 0, 1, 0, 0, 3, 0, 0, 0, 1, 1, 0, 1, 0, 0, 0, 0, 0, 0, 0]",38,19,19,16,9,7,2023 Sheffield United,3.39156720133647,2.320185614849188
931,Premier_League,2023,Tottenham,"[1, 3, 3, 3, 3, 1, 3, 3, 3, 3, 0, 0, 0, 1, 0, 3, 3, 3, 0, 3, 1, 3, 1, 3, 0, 3, 3, 0, 3, 1, 3, 0, 0, 0, 0, 3, 0, 3]",38,19,19,66,36,30,2023 Tottenham,7.841748022373926,3.5587188612099645
932,Premier_League,2023,West Ham,"[1, 3, 3, 3, 0, 0, 3, 1, 0, 0, 0, 3, 3, 1, 3, 0, 3, 3, 3, 1, 1, 1, 0, 0, 0, 3, 3, 1, 1, 0, 1, 3, 0, 0, 1, 0, 3, 0]",38,19,19,52,33,19,2023 West Ham,236.02441479275222,18.315018315018314
933,Premier_League,2023,Wolves,"[0, 0, 3, 0, 0, 1, 3, 1, 3, 1, 0, 3, 0, 0, 3, 1, 0, 3, 3, 3, 1, 0, 3, 0, 3, 3, 0, 3, 0, 1, 0, 1, 0, 0, 3, 0, 0, 0]",38,19,19,46,25,21,2023 Wolves,4.49345412234469,2.680965147453083
934,Premier_League,2024,Arsenal,"[3, 3, 1, 3, 1, 3, 3, 0, 1, 0, 1, 3, 3, 3, 1, 1, 3, 3, 3, 1, 3, 1, 3, 3, 3, 0, 1, 1, 3, 3, 1, 1, 3, 1, 0, 1, 3, 3]",38,19,19,74,39,35,2024 Arsenal,4.62473887309157,2.6737967914438503
935,Premier_League,2024,Aston Villa,"[3, 0, 3, 3, 3, 1, 1, 3, 1, 0, 0, 1, 0, 3, 3, 0, 3, 0, 1, 3, 3, 1, 1, 0, 1, 1, 3, 0, 3, 3, 3, 3, 3, 0, 3, 3, 3, 0]",38,19,19,66,29,37,2024 Aston Villa,1.0690167191937805,1.179245283018868
936,Premier_League,2024,Bournemouth,"[1, 1, 3, 0, 0, 3, 0, 3, 1, 3, 0, 0, 3, 3, 3, 1, 3, 1, 1, 3, 1, 3, 3, 0, 3, 0, 0, 1, 0, 0, 1, 3, 1, 1, 3, 0, 0, 3]",38,19,19,56,30,26,2024 Bournemouth,4.408920287178944,2.8011204481792715
937,Premier_League,2024,Brentford,"[3, 0, 3, 0, 0, 1, 3, 0, 3, 0, 3, 1, 3, 0, 3, 0, 0, 1, 0, 3, 1, 0, 3, 0, 3, 3, 1, 0, 3, 0, 1, 1, 3, 3, 3, 3, 0, 1]",38,19,19,56,24,32,2024 Brentford,1.0717733594552075,1.1668611435239207
938,Premier_League,2024,Brighton,"[3, 3, 1, 1, 1, 0, 3, 3, 1, 0, 3, 3, 1, 0, 1, 0, 1, 1, 1, 1, 3, 3, 0, 0, 3, 3, 3, 3, 1, 0, 0, 1, 0, 3, 1, 3, 3, 3]",38,19,19,61,27,34,2024 Brighton,1.1041739588486739,1.2004801920768307
939,Premier_League,2024,Chelsea,"[0, 3, 1, 3, 3, 3, 1, 0, 3, 1, 1, 3, 3, 3, 3, 3, 1, 0, 0, 1, 1, 3, 0, 3, 0, 0, 3, 3, 0, 3, 1, 1, 3, 3, 3, 0, 3, 3]",38,19,19,69,35,34,2024 Chelsea,2.3583612023728993,2.0
940,Premier_League,2024,Crystal Palace,"[0, 0, 1, 1, 1, 0, 0, 0, 3, 1, 0, 1, 1, 3, 1, 3, 0, 1, 3, 1, 3, 3, 0, 3, 0, 3, 3, 3, 1, 3, 0, 0, 1, 1, 1, 3, 3, 1]",38,19,19,53,20,33,2024 Crystal Palace,1.0073744459927296,1.0256410256410255
941,Premier_League,2024,Everton,"[0, 0, 0, 0, 1, 3, 1, 3, 1, 0, 1, 1, 0, 3, 1, 1, 1, 0, 0, 0, 3, 3, 3, 1, 3, 1, 1, 1, 1, 0, 1, 3, 0, 0, 1, 3, 3, 3]",38,19,19,48,17,31,2024 Everton,1.0039722801791366,1.027749229188078
942,Premier_League,2024,Fulham,"[0, 3, 1, 1, 3, 3, 0, 0, 1, 3, 3, 0, 1, 3, 1, 1, 1, 3, 1, 1, 0, 3, 0, 3, 3, 0, 3, 0, 3, 0, 3, 0, 0, 3, 0, 0, 3, 0]",38,19,19,54,29,25,2024 Fulham,4.41433985138241,2.717391304347826
943,Premier_League,2024,Ipswich,"[0, 0, 1, 1, 1, 1, 0, 0, 0, 1, 3, 1, 0, 0, 0, 3, 0, 0, 3, 1, 0, 0, 0, 0, 1, 0, 0, 0, 0, 3, 0, 1, 0, 0, 1, 0, 0, 0]",38,19,19,22,15,7,2024 Ipswich,34.71320015132018,8.429570934839417
944,Premier_League,2024,Leicester,"[1, 0, 0, 1, 1, 0, 3, 3, 0, 1, 0, 0, 0, 3, 1, 0, 0, 0, 0, 0, 0, 0, 3, 0, 0, 0, 0, 0, 0, 0, 0, 1, 0, 0, 3, 1, 3, 0]",38,19,19,25,14,11,2024 Leicester,4.023340791810171,2.5316455696202533
945,Premier_League,2024,Liverpool,"[3, 3, 3, 0, 3, 3, 3, 3, 1, 3, 3, 3, 3, 1, 1, 3, 3, 3, 1, 1, 3, 3, 3, 1, 3, 1, 3, 3, 3, 3, 0, 3, 3, 3, 0, 1, 0, 1]",38,19,19,84,46,38,2024 Liverpool,22.511964067287565,6.25
946,Premier_League,2024,Man City,"[3, 3, 3, 3, 1, 1, 3, 3, 3, 0, 0, 0, 0, 3, 1, 0, 0, 1, 3, 3, 1, 3, 3, 0, 3, 0, 3, 0, 1, 3, 1, 3, 3, 3, 3, 1, 3, 3]",38,19,19,71,31,40,2024 Man City,1.0427595332951587,1.1299435028248588
947,Premier_League,2024,Man United,"[3, 0, 0, 3, 1, 0, 1, 3, 0, 1, 3, 1, 3, 0, 0, 3, 0, 0, 0, 1, 3, 0, 3, 0, 0, 1, 3, 1, 3, 0, 1, 0, 0, 1, 0, 0, 0, 3]",38,19,19,42,22,20,2024 Man United,2.866240845743752,2.2271714922048997
948,Premier_League,2024,Newcastle,"[3, 1, 3, 3, 0, 1, 1, 0, 0, 3, 3, 0, 1, 1, 0, 3, 3, 3, 3, 3, 3, 0, 3, 0, 0, 3, 0, 3, 3, 3, 3, 3, 0, 3, 1, 3, 0, 0]",38,19,19,66,32,34,2024 Newcastle,1.543681211297668,1.6181229773462784
949,Premier_League,2024,Nott'm Forest,"[3, 3, 3, 1, 3, 0, 3, 0, 0, 1, 3, 3, 3, 0, 0, 3, 0, 1, 1, 3, 0]",21,11,10,34,20,14,2024 Nott'm Forest,7.47433113336674,3.1645569620253164
950,Premier_League,2024,Nottm Forest,"[1, 3, 1, 3, 1, 0, 1, 3, 3, 3, 0, 0, 3, 0, 3, 3, 3]",17,9,8,31,16,15,2024 Nottm Forest,1.684869518833631,1.6233766233766234
951,Premier_League,2024,Southampton,"[0, 0, 0, 0, 1, 0, 0, 0, 0, 3, 0, 0, 1, 0, 0, 0, 1, 0, 0, 0, 0, 0, 0, 3, 0, 0, 0, 0, 0, 1, 0, 0, 1, 0, 0, 1, 0, 0]",38,19,19,12,6,6,2024 Southampton,2.0,1.7035775127768313
952,Premier_League,2024,Tottenham,"[1, 3, 0, 0, 3, 3, 0, 3, 0, 3, 0, 3, 1, 0, 0, 3, 0, 0, 1, 0, 0, 0, 0, 3, 3, 3, 0, 1, 0, 0, 3, 0, 0, 0, 1, 0, 0, 0]",38,19,19,38,24,14,2024 Tottenham,42.60329388893334,7.194244604316546
953,Premier_League,2024,West Ham,"[0, 3, 0, 1, 0, 1, 3, 0, 3, 0, 1, 3, 0, 0, 3, 1, 1, 3, 0, 0, 3, 0, 1, 0, 0, 3, 3, 0, 1, 0, 1, 0, 1, 0, 1, 3, 0, 3]",38,19,19,43,23,20,2024 West Ham,3.5580182660871293,2.5
954,Premier_League,2024,Wolves,"[0, 0, 1, 0, 0, 0, 0, 0, 1, 1, 3, 3, 0, 0, 0, 0, 3, 3, 1, 0, 0, 0, 0, 3, 0, 3, 0, 1, 3, 3, 3, 3, 3, 3, 0, 0, 0, 1]",38,19,19,42,16,26,2024 Wolves,1.0267913398609234,1.1049723756906078
955,La_Liga,2000,Alaves,"[3, 0, 1, 3, 1, 3, 3, 0, 3, 0, 1, 0, 3, 0, 3, 0, 0, 0, 0, 3, 0, 3, 3, 1, 1, 3, 1, 1, 3, 3, 0, 0, 3, 0, 0, 0, 0, 0]",38,19,19,49,24,25,2000 Alaves,1.7390458497097647,1.680672268907563
956,La_Liga,2000,Ath Bilbao,"[0, 3, 0, 3, 1, 0, 1, 0, 1, 3, 0, 3, 0, 3, 1, 1, 0, 3, 3, 1, 0, 3, 0, 3, 1, 1, 1, 0, 0, 0, 3, 3, 0, 1, 0, 0, 0, 0]",38,19,19,43,26,17,2000 Ath Bilbao,24.38659762952152,6.896551724137931
957,La_Liga,2000,Barcelona,"[3, 0, 3, 0, 3, 3, 0, 1, 3, 0, 0, 3, 1, 3, 1, 3, 3, 3, 3, 1, 3, 0, 0, 3, 1, 1, 1, 3, 1, 1, 0, 1, 1, 3, 3, 0, 1, 3]",38,19,19,63,36,27,2000 Barcelona,22.216372349729475,6.289308176100629
958,La_Liga,2000,Celta,"[3, 3, 3, 0, 1, 0, 3, 0, 3, 0, 1, 0, 1, 0, 1, 0, 0, 0, 1, 3, 1, 3, 1, 1, 3, 3, 3, 3, 3, 0, 3, 1, 3, 0, 1, 3, 3, 1]",38,19,19,59,20,39,2000 Celta,1.0001846026180314,1.0121457489878543
959,La_Liga,2000,Espanol,"[3, 0, 0, 1, 0, 0, 3, 1, 3, 1, 3, 3, 0, 0, 0, 0, 3, 0, 3, 3, 3, 0, 0, 1, 1, 1, 3, 3, 0, 3, 3, 0, 1, 1, 0, 0, 3, 0]",38,19,19,50,24,26,2000 Espanol,1.5453660141493661,1.5923566878980893
960,La_Liga,2000,La Coruna,"[3, 3, 1, 3, 0, 1, 3, 3, 0, 3, 1, 3, 3, 1, 0, 3, 0, 3, 3, 1, 3, 3, 3, 1, 0, 3, 0, 3, 0, 3, 0, 3, 1, 3, 3, 0, 3, 3]",38,19,19,73,37,36,2000 La Coruna,2.366122462531407,1.890359168241966
961,La_Liga,2000,Las Palmas,"[0, 1, 1, 0, 3, 3, 3, 0, 0, 0, 3, 3, 1, 0, 0, 3, 3, 3, 1, 0, 3, 0, 0, 0, 1, 0, 3, 0, 0, 0, 1, 3, 0, 3, 1, 0, 0, 3]",38,19,19,46,28,18,2000 Las Palmas,35.55261687005604,7.194244604316546
962,La_Liga,2000,Malaga,"[0, 1, 3, 0, 0, 3, 1, 3, 0, 1, 0, 3, 0, 3, 0, 3, 3, 3, 0, 1, 0, 0, 0, 3, 3, 3, 1, 0, 3, 1, 3, 1, 1, 3, 0, 3, 3, 0]",38,19,19,56,27,29,2000 Malaga,1.5478552921611073,1.5797788309636651
963,La_Liga,2000,Mallorca,"[1, 0, 0, 0, 3, 1, 3, 3, 3, 3, 0, 3, 1, 1, 1, 3, 1, 3, 1, 0, 1, 3, 3, 0, 3, 1, 3, 1, 3, 3, 1, 3, 0, 3, 3, 3, 3, 3]",38,19,19,71,31,40,2000 Mallorca,1.0427595332951587,1.1098779134295227
964,La_Liga,2000,Numancia,"[3, 0, 0, 3, 1, 0, 0, 1, 3, 0, 0, 0, 1, 1, 0, 3, 0, 0, 3, 0, 1, 0, 3, 0, 3, 0, 1, 0, 0, 1, 1, 0, 0, 3, 1, 3, 0, 3]",38,19,19,39,19,20,2000 Numancia,1.7293550213754278,1.6339869281045751
965,La_Liga,2000,Osasuna,"[0, 3, 1, 0, 1, 1, 0, 0, 1, 1, 1, 0, 0, 1, 3, 0, 3, 0, 1, 0, 0, 0, 0, 3, 3, 0, 1, 3, 1, 0, 3, 1, 3, 0, 1, 0, 3, 3]",38,19,19,42,17,25,2000 Osasuna,1.064030563794502,1.1574074074074074
966,La_Liga,2000,Oviedo,"[0, 1, 0, 3, 1, 3, 0, 3, 0, 3, 3, 0, 3, 0, 3, 0, 0, 0, 1, 3, 0, 0, 0, 0, 0, 1, 3, 1, 0, 0, 1, 1, 3, 0, 0, 3, 1, 0]",38,19,19,41,24,17,2000 Oviedo,11.635134957552337,3.90625
967,La_Liga,2000,Real Madrid,"[3, 1, 3, 1, 3, 0, 3, 0, 0, 3, 3, 3, 3, 3, 3, 3, 3, 1, 3, 3, 3, 0, 3, 1, 1, 3, 0, 3, 3, 3, 3, 1, 0, 1, 3, 3, 1, 3]",38,19,19,80,42,38,2000 Real Madrid,4.8444144057641445,2.9069767441860463
968,La_Liga,2000,Santander,"[1, 0, 0, 1, 0, 3, 0, 3, 0, 1, 1, 0, 0, 3, 0, 1, 0, 0, 0, 0, 0, 3, 0, 3, 0, 3, 0, 3, 1, 3, 0, 1, 0, 3, 1, 1, 0, 3]",38,19,19,39,14,25,2000 Santander,1.0151691460420298,1.053740779768177
969,La_Liga,2000,Sociedad,"[1, 0, 1, 0, 3, 0, 0, 3, 0, 0, 3, 0, 1, 0, 0, 0, 1, 0, 1, 3, 1, 0, 3, 0, 3, 0, 1, 1, 3, 1, 3, 0, 0, 3, 3, 1, 3, 0]",38,19,19,43,14,29,2000 Sociedad,1.0018780034251613,1.0183299389002036
970,La_Liga,2000,Valencia,"[0, 3, 3, 3, 1, 3, 3, 3, 0, 1, 1, 3, 1, 3, 3, 1, 3, 0, 0, 0, 1, 3, 3, 3, 1, 3, 0, 0, 3, 0, 1, 3, 3, 0, 3, 1, 0, 0]",38,19,19,63,35,28,2000 Valencia,10.676852530678303,4.25531914893617
971,La_Liga,2000,Valladolid,"[1, 3, 1, 1, 1, 1, 0, 1, 0, 3, 0, 3, 1, 0, 1, 1, 3, 0, 1, 3, 1, 3, 0, 3, 0, 0, 0, 0, 0, 3, 0, 0, 1, 1, 1, 3, 1, 0]",38,19,19,42,22,20,2000 Valladolid,2.866240845743752,2.2123893805309733
972,La_Liga,2000,Vallecano,"[3, 1, 1, 3, 1, 3, 0, 0, 3, 1, 3, 0, 3, 1, 1, 0, 1, 3, 1, 0, 0, 3, 1, 1, 0, 0, 0, 3, 0, 1, 0, 1, 1, 0, 0, 0, 3, 0]",38,19,19,43,29,14,2000 Vallecano,533.4803919961232,32.583903551645484
973,La_Liga,2000,Villarreal,"[0, 3, 3, 1, 1, 0, 1, 0, 3, 3, 0, 0, 1, 3, 3, 1, 0, 3, 0, 3, 3, 3, 3, 0, 0, 1, 3, 0, 1, 0, 1, 3, 3, 0, 1, 3, 0, 3]",38,19,19,57,26,31,2000 Villarreal,1.2113662396018159,1.3245033112582782
974,La_Liga,2000,Zaragoza,"[0, 1, 1, 0, 1, 0, 1, 3, 3, 0, 3, 1, 1, 3, 1, 1, 3, 1, 0, 0, 3, 0, 3, 0, 1, 0, 1, 0, 3, 1, 0, 0, 3, 0, 1, 1, 0, 1]",38,19,19,42,24,18,2000 Zaragoza,8.195604030583773,3.8461538461538463
975,La_Liga,2001,Alaves,"[3, 3, 1, 0, 1, 3, 0, 1, 3, 3, 0, 3, 3, 0, 3, 3, 0, 0, 3, 3, 0, 0, 3, 0, 0, 0, 0, 3, 0, 0, 3, 0, 3, 0, 3, 0, 0, 3]",38,19,19,54,33,21,2001 Alaves,82.0000083020733,8.130081300813009
976,La_Liga,2001,Ath Bilbao,"[3, 0, 3, 1, 3, 1, 0, 0, 1, 1, 3, 3, 1, 3, 3, 1, 1, 3, 0, 3, 0, 1, 0, 3, 1, 3, 0, 3, 0, 3, 0, 0, 0, 1, 0, 0, 1, 3]",38,19,19,53,31,22,2001 Ath Bilbao,21.972238986124975,6.802721088435374
977,La_Liga,2001,Barcelona,"[3, 1, 1, 3, 3, 3, 0, 1, 1, 3, 0, 3, 1, 0, 0, 1, 3, 0, 3, 3, 0, 0, 3, 3, 1, 3, 0, 3, 0, 1, 3, 1, 3, 3, 0, 3, 3, 1]",38,19,19,64,30,34,2001 Barcelona,1.290538155787157,1.402524544179523
978,La_Liga,2001,Betis,"[0, 3, 3, 3, 3, 1, 3, 0, 1, 0, 0, 1, 3, 3, 3, 1, 3, 0, 0, 1, 1, 1, 3, 1, 1, 3, 3, 1, 3, 1, 1, 1, 1, 0, 3, 3, 0, 0]",38,19,19,59,31,28,2001 Betis,3.484847625059139,2.386634844868735
979,La_Liga,2001,Celta,"[3, 3, 1, 3, 1, 1, 1, 3, 1, 1, 0, 0, 0, 3, 3, 1, 3, 3, 1, 1, 1, 3, 3, 0, 1, 1, 0, 0, 3, 3, 3, 3, 0, 0, 3, 3, 0, 0]",38,19,19,60,32,28,2001 Celta,4.4143398513824055,2.849002849002849
980,La_Liga,2001,Espanol,"[3, 0, 0, 0, 3, 3, 1, 0, 3, 1, 0, 0, 3, 0, 3, 1, 0, 3, 0, 1, 1, 0, 3, 1, 3, 1, 3, 1, 3, 0, 0, 0, 3, 0, 3, 0, 0, 0]",38,19,19,47,24,23,2001 Espanol,2.3554379118498354,2.0242914979757085
981,La_Liga,2001,La Coruna,"[3, 3, 0, 3, 1, 1, 3, 3, 3, 0, 3, 0, 3, 0, 0, 3, 1, 3, 0, 0, 3, 1, 0, 3, 1, 0, 3, 3, 1, 3, 3, 1, 3, 3, 0, 1, 3, 3]",38,19,19,68,33,35,2001 La Coruna,1.5415460052059684,1.5822784810126582
982,La_Liga,2001,Las Palmas,"[3, 0, 0, 1, 0, 3, 0, 3, 1, 0, 3, 0, 1, 0, 3, 1, 1, 3, 1, 3, 0, 0, 1, 1, 0, 1, 0, 0, 3, 0, 3, 1, 1, 1, 0, 0, 0, 1]",38,19,19,40,24,16,2001 Las Palmas,17.179516095199315,5.747126436781609
983,La_Liga,2001,Malaga,"[3, 1, 0, 1, 0, 0, 1, 3, 1, 3, 0, 0, 3, 0, 3, 1, 1, 0, 3, 1, 1, 1, 1, 0, 3, 1, 3, 0, 3, 3, 1, 3, 3, 0, 1, 1, 0, 3]",38,19,19,53,24,29,2001 Malaga,1.2104938859970669,1.2755102040816326
984,La_Liga,2001,Mallorca,"[0, 3, 1, 0, 0, 0, 0, 1, 3, 0, 3, 3, 0, 3, 1, 1, 0, 1, 0, 0, 3, 3, 0, 0, 1, 0, 0, 3, 3, 1, 0, 3, 0, 1, 1, 0, 1, 3]",38,19,19,43,20,23,2001 Mallorca,1.3909276228623846,1.4104372355430184
985,La_Liga,2001,Osasuna,"[0, 0, 1, 3, 3, 3, 1, 0, 0, 3, 0, 1, 0, 0, 0, 3, 1, 0, 3, 1, 1, 3, 1, 1, 3, 1, 0, 1, 0, 0, 0, 0, 1, 3, 0, 3, 1, 0]",38,19,19,42,22,20,2001 Osasuna,2.866240845743752,2.1551724137931036
986,La_Liga,2001,Real Madrid,"[0, 1, 0, 3, 1, 0, 3, 1, 1, 3, 3, 0, 3, 3, 3, 3, 3, 1, 3, 3, 1, 1, 0, 0, 3, 0, 3, 3, 3, 1, 3, 3, 3, 0, 3, 0, 1, 0]",38,19,19,66,35,31,2001 Real Madrid,4.464484653598132,2.9585798816568047
987,La_Liga,2001,Sevilla,"[0, 1, 3, 3, 0, 3, 1, 1, 0, 1, 3, 1, 0, 3, 0, 1, 3, 0, 3, 0, 3, 3, 0, 1, 1, 0, 3, 0, 0, 0, 1, 0, 1, 1, 3, 3, 3, 3]",38,19,19,53,27,26,2001 Sevilla,2.3500408565132647,1.9569471624266144
988,La_Liga,2001,Sociedad,"[0, 0, 1, 0, 0, 0, 1, 0, 3, 3, 3, 0, 0, 3, 0, 1, 0, 3, 1, 0, 0, 0, 3, 0, 3, 3, 1, 1, 0, 3, 3, 1, 0, 3, 0, 3, 3, 1]",38,19,19,47,19,28,2001 Sociedad,1.0453802278401587,1.1363636363636365
989,La_Liga,2001,Tenerife,"[0, 0, 3, 0, 1, 0, 3, 3, 0, 0, 0, 3, 1, 3, 0, 0, 1, 0, 3, 0, 1, 0, 0, 1, 1, 0, 3, 1, 3, 1, 0, 0, 0, 3, 0, 0, 3, 0]",38,19,19,38,21,17,2001 Tenerife,4.686291048212814,2.8011204481792715
990,La_Liga,2001,Valencia,"[3, 1, 3, 1, 1, 1, 3, 1, 3, 1, 3, 1, 1, 0, 1, 0, 3, 3, 3, 0, 0, 3, 3, 3, 1, 1, 3, 3, 3, 0, 3, 3, 3, 1, 3, 3, 3, 3]",38,19,19,75,33,42,2001 Valencia,1.039287974463647,1.1098779134295227
991,La_Liga,2001,Valladolid,"[0, 1, 3, 0, 1, 0, 3, 3, 0, 1, 3, 0, 3, 0, 3, 0, 1, 0, 3, 3, 3, 1, 0, 3, 0, 1, 3, 0, 0, 1, 0, 1, 1, 0, 3, 3, 0, 0]",38,19,19,48,25,23,2001 Valladolid,2.839313147521103,2.202643171806167
992,La_Liga,2001,Vallecano,"[0, 1, 0, 0, 0, 0, 0, 3, 0, 3, 0, 3, 0, 0, 0, 1, 1, 1, 1, 3, 3, 0, 3, 1, 0, 3, 1, 0, 1, 3, 1, 1, 0, 3, 3, 3, 3, 3]",38,19,19,49,14,35,2001 Vallecano,1.0000354899151664,1.0030090270812437
993,La_Liga,2001,Villarreal,"[3, 3, 0, 3, 3, 1, 0, 0, 1, 0, 0, 3, 1, 3, 0, 1, 0, 0, 0, 1, 1, 3, 0, 3, 1, 1, 0, 1, 0, 1, 0, 3, 0, 3, 0, 0, 3, 0]",38,19,19,43,22,21,2001 Villarreal,2.3619058511628346,1.9920318725099602
994,La_Liga,2001,Zaragoza,"[0, 1, 3, 0, 1, 3, 3, 0, 0, 0, 3, 3, 0, 3, 0, 0, 0, 3, 0, 1, 0, 3, 1, 1, 0, 3, 0, 0, 0, 1, 0, 1, 1, 1, 0, 0, 0, 1]",38,19,19,37,23,14,2001 Zaragoza,27.850973222417363,7.042253521126761
995,La_Liga,2002,Alaves,"[1, 0, 3, 0, 0, 1, 0, 3, 0, 3, 1, 1, 0, 3, 0, 3, 1, 1, 3, 1, 0, 3, 0, 0, 0, 1, 0, 1, 0, 0, 0, 1, 3, 0, 0, 0, 0, 1]",38,19,19,35,24,11,2002 Alaves,240.9960461350992,20.55076037813399
996,La_Liga,2002,Ath Bilbao,"[0, 0, 1, 0, 3, 1, 0, 3, 1, 3, 3, 0, 0, 0, 3, 3, 0, 0, 1, 3, 1, 3, 1, 0, 0, 3, 0, 3, 1, 1, 3, 3, 1, 3, 3, 1, 3, 0]",38,19,19,55,22,33,2002 Ath Bilbao,1.0200078357152291,1.0649627263045793
997,La_Liga,2002,Ath Madrid,"[1, 1, 3, 1, 0, 1, 1, 3, 1, 3, 3, 0, 3, 0, 0, 0, 3, 1, 0, 3, 1, 3, 0, 3, 3, 0, 1, 0, 1, 1, 0, 0, 0, 3, 3, 0, 0, 0]",38,19,19,47,25,22,2002 Ath Madrid,3.5203073826589892,2.5188916876574305
998,La_Liga,2002,Barcelona,"[1, 3, 3, 0, 1, 0, 3, 1, 3, 0, 1, 0, 0, 0, 3, 3, 1, 0, 0, 0, 1, 3, 3, 1, 1, 1, 3, 0, 0, 1, 3, 3, 1, 0, 3, 3, 3, 3]",38,19,19,56,23,33,2002 Barcelona,1.0314621202267305,1.0626992561105206
999,La_Liga,2002,Betis,"[3, 1, 3, 1, 1, 0, 1, 3, 1, 3, 0, 3, 3, 0, 3, 0, 1, 3, 3, 0, 0, 3, 0, 0, 0, 1, 1, 3, 0, 1, 0, 1, 1, 0, 1, 3, 3, 3]",38,19,19,54,33,21,2002 Betis,82.0000083020733,12.205541315757355
1000,La_Liga,2002,Celta,"[3, 3, 3, 1, 3, 0, 1, 0, 3, 0, 1, 3, 3, 0, 3, 0, 0, 0, 3, 0, 3, 3, 1, 1, 0, 3, 3, 1, 3, 3, 1, 1, 1, 0, 3, 1, 3, 0]",38,19,19,61,30,31,2002 Celta,1.7407183235792492,1.7421602787456445
1001,La_Liga,2002,Espanol,"[0, 0, 0, 1, 0, 3, 3, 0, 0, 0, 0, 3, 0, 0, 3, 0, 3, 1, 3, 1, 1, 0, 0, 3, 1, 3, 1, 1, 1, 1, 3, 1, 1, 1, 3, 0, 1, 0]",38,19,19,43,20,23,2002 Espanol,1.3909276228623846,1.408450704225352
1002,La_Liga,2002,La Coruna,"[0, 3, 3, 3, 0, 0, 3, 1, 1, 3, 1, 1, 1, 3, 3, 3, 0, 3, 0, 3, 1, 3, 3, 3, 3, 3, 0, 3, 3, 3, 0, 3, 3, 0, 0, 3, 0, 3]",38,19,19,72,32,40,2002 La Coruna,1.0640305637945022,1.1428571428571428
1003,La_Liga,2002,Malaga,"[3, 3, 1, 1, 3, 1, 0, 0, 3, 1, 1, 0, 1, 0, 0, 1, 1, 1, 3, 3, 0, 0, 1, 0, 3, 0, 1, 3, 3, 3, 1, 1, 0, 0, 0, 0, 3, 0]",38,19,19,46,24,22,2002 Malaga,2.8465651863125943,2.386634844868735
1004,La_Liga,2002,Mallorca,"[0, 0, 0, 3, 3, 3, 3, 3, 3, 3, 1, 1, 0, 0, 0, 0, 3, 1, 0, 0, 0, 0, 1, 0, 3, 1, 3, 1, 1, 1, 3, 3, 0, 3, 0, 1, 1, 3]",38,19,19,52,27,25,2002 Mallorca,2.8294369368345724,2.242152466367713
1005,La_Liga,2002,Osasuna,"[1, 0, 0, 0, 1, 3, 0, 0, 0, 3, 1, 3, 3, 3, 0, 0, 1, 1, 3, 0, 1, 3, 0, 1, 0, 1, 1, 0, 0, 0, 3, 0, 1, 3, 1, 3, 3, 3]",38,19,19,47,23,24,2002 Osasuna,1.7377689462996124,1.6528925619834711
1006,La_Liga,2002,Real Madrid,"[3, 3, 1, 3, 1, 0, 1, 1, 3, 1, 1, 3, 3, 3, 3, 3, 3, 1, 1, 1, 3, 0, 3, 3, 3, 3, 3, 3, 0, 1, 3, 0, 1, 3, 3, 1, 3, 3]",38,19,19,78,38,40,2002 Real Madrid,1.5231859520541262,1.5060240963855422
1007,La_Liga,2002,Recreativo,"[0, 0, 0, 1, 0, 0, 1, 3, 0, 0, 3, 0, 1, 0, 0, 0, 1, 1, 3, 0, 1, 0, 3, 3, 1, 1, 1, 3, 3, 0, 3, 0, 1, 0, 0, 0, 1, 1]",38,19,19,36,14,22,2002 Recreativo,1.0565123405262604,1.098901098901099
1008,La_Liga,2002,Santander,"[0, 3, 0, 1, 3, 3, 0, 1, 0, 0, 0, 3, 0, 3, 3, 0, 0, 0, 0, 0, 3, 3, 3, 0, 0, 0, 0, 3, 1, 3, 1, 3, 1, 0, 0, 3, 0, 0]",38,19,19,44,20,24,2002 Santander,1.283340090196787,1.3531799729364005
1009,La_Liga,2002,Sevilla,"[0, 1, 1, 1, 1, 0, 3, 0, 3, 0, 1, 0, 3, 3, 0, 3, 1, 1, 0, 3, 1, 0, 3, 3, 3, 1, 3, 0, 3, 0, 0, 0, 1, 1, 3, 3, 0, 0]",38,19,19,50,22,28,2002 Sevilla,1.1477331853798396,1.2254901960784315
1010,La_Liga,2002,Sociedad,"[3, 3, 1, 3, 3, 1, 3, 3, 1, 1, 1, 3, 3, 3, 3, 1, 1, 3, 3, 0, 1, 0, 3, 0, 3, 3, 1, 0, 3, 3, 0, 3, 3, 3, 3, 1, 0, 3]",38,19,19,76,43,33,2002 Sociedad,42.60329388893334,7.575757575757576
1011,La_Liga,2002,Valencia,"[3, 3, 1, 3, 0, 1, 3, 3, 1, 0, 3, 1, 3, 3, 0, 0, 1, 3, 3, 3, 1, 3, 3, 1, 0, 0, 1, 0, 3, 0, 3, 0, 0, 3, 0, 1, 0, 3]",38,19,19,60,35,25,2002 Valencia,32.95616625078585,7.194244604316546
1012,La_Liga,2002,Valladolid,"[3, 3, 0, 1, 0, 3, 0, 0, 3, 1, 0, 0, 0, 3, 0, 3, 1, 3, 0, 3, 0, 0, 0, 3, 1, 1, 0, 0, 0, 3, 1, 3, 1, 1, 1, 0, 3, 1]",38,19,19,46,24,22,2002 Valladolid,2.8465651863125943,2.2831050228310503
1013,La_Liga,2002,Vallecano,"[1, 0, 3, 0, 1, 3, 0, 0, 0, 0, 1, 0, 3, 3, 0, 3, 0, 0, 0, 1, 3, 0, 0, 0, 3, 0, 1, 0, 1, 0, 0, 0, 1, 1, 1, 1, 0, 1]",38,19,19,32,18,14,2002 Vallecano,4.9452601738589745,2.9154518950437316
1014,La_Liga,2002,Villarreal,"[1, 0, 0, 1, 1, 3, 1, 0, 0, 3, 1, 3, 1, 0, 0, 3, 3, 1, 0, 3, 3, 0, 0, 3, 0, 0, 1, 3, 0, 1, 0, 1, 3, 3, 0, 1, 1, 0]",38,19,19,45,22,23,2002 Villarreal,1.7361812147263311,1.6750418760469012
1015,La_Liga,2003,Albacete,"[0, 0, 0, 0, 3, 0, 3, 0, 3, 0, 0, 0, 3, 1, 3, 3, 1, 0, 0, 1, 1, 0, 0, 1, 3, 3, 3, 0, 3, 1, 0, 1, 0, 3, 3, 1, 0, 3]",38,19,19,47,20,27,2003 Albacete,1.1006552493250608,1.1947431302270013
1016,La_Liga,2003,Ath Bilbao,"[0, 0, 3, 1, 3, 1, 3, 0, 3, 0, 3, 3, 0, 1, 0, 3, 1, 1, 0, 1, 3, 3, 3, 1, 1, 3, 0, 0, 3, 0, 1, 3, 3, 1, 0, 1, 3, 0]",38,19,19,56,26,30,2003 Ath Bilbao,1.2933480151357692,1.408450704225352
1017,La_Liga,2003,Ath Madrid,"[0, 3, 0, 0, 1, 0, 3, 3, 3, 3, 3, 0, 3, 0, 3, 1, 1, 1, 3, 3, 1, 1, 0, 0, 1, 3, 1, 0, 3, 1, 3, 0, 0, 0, 3, 1, 0, 3]",38,19,19,55,31,24,2003 Ath Madrid,10.553495183666652,4.405286343612334
1018,La_Liga,2003,Barcelona,"[3, 1, 3, 1, 1, 0, 0, 3, 3, 1, 3, 0, 1, 0, 0, 3, 1, 0, 3, 1, 3, 3, 3, 3, 3, 3, 3, 3, 3, 1, 3, 1, 3, 3, 3, 0, 3, 0]",38,19,19,72,27,45,2003 Barcelona,1.0002371810640387,1.0090817356205852
1019,La_Liga,2003,Betis,"[0, 1, 3, 1, 3, 1, 1, 3, 0, 0, 0, 1, 0, 1, 3, 0, 0, 1, 3, 1, 3, 3, 3, 3, 1, 1, 0, 1, 0, 1, 0, 1, 3, 3, 0, 0, 3, 3]",38,19,19,52,22,30,2003 Betis,1.0709475047695025,1.1428571428571428
1020,La_Liga,2003,Celta,"[1, 1, 0, 1, 3, 0, 0, 3, 1, 0, 1, 0, 3, 1, 0, 1, 1, 0, 3, 1, 0, 0, 3, 3, 0, 0, 0, 0, 1, 0, 1, 1, 3, 3, 0, 3, 0, 0]",38,19,19,39,20,19,2003 Celta,2.3710744023043624,1.9841269841269842
1021,La_Liga,2003,Espanol,"[1, 1, 0, 0, 0, 0, 0, 0, 3, 0, 0, 3, 0, 0, 0, 0, 0, 3, 3, 0, 0, 3, 3, 0, 0, 3, 3, 0, 1, 3, 0, 1, 3, 3, 0, 3, 0, 3]",38,19,19,43,14,29,2003 Espanol,1.0018780034251613,1.0224948875255624
1022,La_Liga,2003,La Coruna,"[3, 3, 3, 3, 0, 3, 3, 3, 0, 1, 3, 1, 0, 1, 3, 0, 3, 3, 1, 3, 0, 3, 3, 3, 1, 0, 0, 0, 3, 3, 1, 3, 1, 1, 3, 0, 3, 3]",38,19,19,71,37,34,2003 La Coruna,3.5580182660871307,2.6246719160104988
1023,La_Liga,2003,Malaga,"[1, 0, 0, 0, 3, 3, 0, 3, 0, 3, 3, 1, 0, 3, 0, 3, 3, 0, 0, 0, 0, 0, 0, 3, 3, 3, 0, 3, 3, 1, 1, 3, 0, 1, 0, 3, 1, 0]",38,19,19,51,26,25,2003 Malaga,2.35130465617794,1.968503937007874
1024,La_Liga,2003,Mallorca,"[0, 3, 0, 1, 0, 1, 0, 0, 3, 0, 3, 3, 3, 3, 3, 0, 0, 0, 0, 1, 3, 0, 0, 1, 1, 0, 0, 3, 0, 0, 1, 3, 0, 3, 3, 3, 3, 3]",38,19,19,51,23,28,2003 Mallorca,1.2093987735161813,1.314060446780552
1025,La_Liga,2003,Murcia,"[1, 1, 0, 1, 0, 3, 0, 0, 0, 1, 0, 1, 1, 1, 1, 1, 0, 0, 0, 1, 0, 3, 0, 0, 0, 0, 1, 0, 0, 3, 0, 0, 0, 0, 3, 0, 3, 0]",38,19,19,26,12,14,2003 Murcia,1.4873049904937221,1.4577259475218658
1026,La_Liga,2003,Osasuna,"[3, 0, 3, 1, 3, 1, 3, 0, 3, 0, 1, 1, 1, 3, 3, 1, 0, 1, 1, 1, 3, 1, 0, 0, 1, 3, 1, 1, 3, 1, 1, 3, 0, 0, 0, 0, 0, 0]",38,19,19,48,29,19,2003 Osasuna,34.58277612308664,8.19672131147541
1027,La_Liga,2003,Real Madrid,"[3, 1, 3, 3, 0, 3, 3, 3, 1, 3, 0, 3, 1, 3, 3, 3, 3, 3, 0, 1, 3, 3, 3, 1, 3, 3, 1, 1, 0, 3, 3, 0, 3, 0, 0, 0, 0, 0]",38,19,19,70,42,28,2003 Real Madrid,282.7983503797912,16.952025767079167
1028,La_Liga,2003,Santander,"[3, 1, 0, 1, 0, 3, 3, 0, 0, 3, 3, 0, 3, 0, 0, 1, 1, 3, 1, 1, 3, 0, 0, 0, 3, 0, 1, 3, 1, 0, 1, 0, 0, 0, 3, 1, 0, 0]",38,19,19,43,26,17,2003 Santander,24.38659762952152,7.6923076923076925
1029,La_Liga,2003,Sevilla,"[3, 1, 0, 1, 3, 1, 1, 1, 1, 0, 3, 0, 0, 3, 3, 0, 0, 3, 1, 0, 0, 0, 3, 3, 3, 1, 3, 0, 0, 0, 3, 1, 3, 1, 3, 0, 3, 3]",38,19,19,55,25,30,2003 Sevilla,1.2111484613077688,1.288659793814433
1030,La_Liga,2003,Sociedad,"[1, 1, 3, 3, 0, 1, 0, 3, 0, 1, 0, 0, 1, 1, 0, 0, 0, 3, 3, 3, 3, 3, 0, 1, 0, 0, 1, 3, 0, 0, 1, 3, 1, 0, 1, 1, 1, 3]",38,19,19,46,21,25,2003 Sociedad,1.2862496443287577,1.3550135501355014
1031,La_Liga,2003,Valencia,"[1, 3, 3, 3, 3, 3, 3, 0, 1, 3, 0, 1, 3, 1, 3, 3, 3, 3, 3, 1, 0, 3, 3, 1, 0, 0, 3, 3, 3, 3, 3, 3, 1, 1, 3, 3, 0, 0]",38,19,19,77,43,34,2003 Valencia,27.8509732224174,6.211180124223603
1032,La_Liga,2003,Valladolid,"[1, 3, 0, 3, 0, 0, 0, 3, 1, 3, 1, 3, 1, 1, 0, 1, 3, 1, 0, 1, 3, 0, 0, 0, 0, 0, 3, 3, 0, 1, 0, 0, 1, 0, 0, 1, 0, 3]",38,19,19,41,25,16,2003 Valladolid,25.314017268264095,6.4935064935064934
1033,La_Liga,2003,Villarreal,"[1, 1, 3, 1, 3, 1, 0, 1, 0, 3, 0, 3, 3, 0, 1, 3, 3, 0, 3, 3, 0, 0, 0, 3, 0, 0, 0, 3, 0, 1, 1, 0, 3, 3, 1, 3, 3, 0]",38,19,19,54,30,24,2003 Villarreal,7.6806996851334075,3.6496350364963503
1034,La_Liga,2003,Zaragoza,"[0, 0, 3, 0, 0, 1, 3, 0, 1, 3, 1, 3, 0, 1, 0, 0, 3, 1, 0, 0, 0, 0, 3, 0, 3, 3, 3, 1, 1, 3, 1, 0, 0, 1, 0, 3, 3, 3]",38,19,19,48,20,28,2003 Zaragoza,1.0690167191937805,1.1299435028248588
1035,La_Liga,2004,Albacete,"[0, 0, 0, 1, 1, 3, 0, 3, 1, 1, 0, 0, 1, 1, 3, 1, 0, 0, 0, 1, 0, 0, 0, 0, 3, 0, 1, 0]",28,14,14,21,12,9,2004 Albacete,4.447490501346341,2.5510204081632653
1036,La_Liga,2004,Ath Bilbao,"[1, 1, 0, 0, 3, 0, 3, 0, 1, 0, 0, 3, 3, 3, 1, 1, 3, 0, 0, 3, 0, 1, 3, 0, 0, 0]",26,13,13,30,15,15,2004 Ath Bilbao,2.0,1.7421602787456445
1037,La_Liga,2004,Ath Madrid,"[3, 3, 1, 0, 3, 0, 3, 0, 1, 1, 3, 0, 3, 0, 0, 1, 0, 3, 0, 3, 3, 0, 1, 0, 0, 1, 1]",27,14,13,34,21,13,2004 Ath Madrid,15.522075745711266,5.181347150259067
1038,La_Liga,2004,Barcelona,"[3, 3, 1, 3, 3, 3, 3, 3, 1, 3, 3, 3, 1, 3, 0, 3, 3, 3, 1, 1, 3, 3, 3, 3, 1, 1, 1]",27,14,13,62,36,26,2004 Barcelona,46.26306162615407,9.433962264150944
1039,La_Liga,2004,Betis,"[1, 0, 0, 3, 1, 1, 1, 3, 1, 1, 0, 3, 0, 3, 0, 3, 3, 1, 0, 0, 3, 0, 1, 3, 3, 3, 1]",27,14,13,39,18,21,2004 Betis,1.1923625116343544,1.2531328320802004
1040,La_Liga,2004,Espanol,"[1, 3, 3, 0, 3, 0, 0, 3, 1, 3, 3, 1, 0, 3, 1, 0, 1, 3, 1, 0, 1, 3, 0, 3, 1, 1, 3]",27,14,13,42,24,18,2004 Espanol,6.198518107835973,3.236245954692557
1041,La_Liga,2004,Getafe,"[0, 0, 0, 3, 0, 3, 0, 0, 0, 3, 1, 0, 1, 3, 1, 1, 3, 0, 1, 3, 3, 3, 0, 3, 0, 1, 1]",27,14,13,34,14,20,2004 Getafe,1.0537124899193226,1.1337868480725624
1042,La_Liga,2004,La Coruna,"[1, 0, 3, 0, 1, 3, 3, 1, 1, 0, 1, 1, 0, 0, 1, 1, 3, 1, 3, 1, 3, 0, 0, 0, 3, 1, 0, 1]",28,14,14,33,15,18,2004 La Coruna,1.335752045203881,1.3054830287206267
1043,La_Liga,2004,Levante,"[1, 3, 0, 3, 0, 3, 3, 0, 3, 3, 0, 1, 0, 1, 0, 0, 0, 3, 1, 3, 1, 3, 0, 0, 0, 0, 1, 1, 0]",29,15,14,34,21,13,2004 Levante,15.000223380028764,5.025125628140704
1044,La_Liga,2004,Malaga,"[0, 1, 3, 3, 0, 3, 0, 1, 1, 0, 3, 0, 0, 0, 3, 3, 3, 3, 0, 0, 3, 0, 3, 3, 3]",25,13,12,39,15,24,2004 Malaga,1.007343760036578,1.0615711252653928
1045,La_Liga,2004,Mallorca,"[0, 3, 0, 1, 0, 0, 1, 0, 0, 0, 3, 0, 0, 0, 1, 0, 0, 3, 0, 0, 0, 3, 3, 1, 3, 3, 1]",27,14,13,26,8,18,2004 Mallorca,1.0045348716016347,1.0298661174047374
1046,La_Liga,2004,Numancia,"[1, 0, 3, 0, 1, 0, 0, 0, 0, 0, 0, 1, 0, 1, 1, 0, 0, 1, 1, 0, 0, 0, 1, 0, 1, 3, 1]",27,14,13,16,7,9,2004 Numancia,1.306374681051508,1.3245033112582782
1047,La_Liga,2004,Osasuna,"[1, 3, 3, 0, 3, 0, 3, 0, 0, 3, 0, 1, 3, 3, 0, 1, 0, 1, 0, 1, 0, 3, 3, 0, 1, 1, 1, 0]",28,14,14,35,23,12,2004 Osasuna,134.09699529505806,14.396775122372588
1048,La_Liga,2004,Real Madrid,"[3, 3, 0, 3, 0, 0, 1, 3, 3, 3, 1, 3, 0, 3, 3, 3, 3, 3, 0, 3, 0, 3, 3, 3, 3, 1, 1, 3]",28,14,14,58,26,32,2004 Real Madrid,1.085039869614123,1.160092807424594
1049,La_Liga,2004,Santander,"[0, 0, 1, 3, 0, 1, 0, 3, 3, 1, 0, 0, 0, 3, 1, 0, 1, 1, 3, 3, 3, 1, 0, 3, 0, 3]",26,13,13,34,12,22,2004 Santander,1.0113304250186166,1.0526315789473684
1050,La_Liga,2004,Sevilla,"[3, 0, 3, 1, 3, 1, 3, 3, 0, 0, 3, 1, 3, 3, 1, 0, 3, 0, 1, 0, 3, 3, 3, 0, 1, 1, 0]",27,14,13,43,27,16,2004 Sevilla,55.42455563729836,7.936507936507937
1051,La_Liga,2004,Sociedad,"[1, 1, 0, 0, 0, 3, 0, 3, 3, 3, 1, 3, 0, 0, 0, 0, 0, 3, 1, 3, 0, 0, 0, 1, 1]",25,13,12,27,18,9,2004 Sociedad,35.36766180685911,7.194244604316546
1052,La_Liga,2004,Valencia,"[3, 1, 3, 3, 3, 1, 0, 0, 1, 0, 3, 3, 3, 1, 3, 3, 1, 0, 3, 0, 3, 1, 0, 1, 1, 3]",26,13,13,44,24,20,2004 Valencia,5.5393409830248554,3.0211480362537766
1053,La_Liga,2004,Villarreal,"[0, 1, 1, 1, 0, 3, 1, 3, 1, 1, 3, 3, 1, 3, 3, 3, 3, 0, 3, 0, 0, 3, 3, 3, 1, 3]",26,13,13,47,19,28,2004 Villarreal,1.0190084571548572,1.0683760683760684
1054,La_Liga,2004,Zaragoza,"[3, 1, 3, 0, 3, 0, 3, 0, 3, 1, 0, 1, 0, 3, 3, 0, 0, 3, 3, 0, 3, 0, 1, 0, 0]",25,13,12,34,18,16,2004 Zaragoza,2.267846048310475,1.996007984031936
1055,La_Liga,2005,Alaves,"[1, 0, 0, 1, 0, 3, 1, 0, 1, 1, 0, 3, 0, 0, 1, 0, 0, 0, 3, 0, 3, 1, 3, 0, 1, 0, 3, 1, 3, 1, 1, 0, 1, 0, 0, 3, 0, 3]",38,19,19,39,15,24,2005 Alaves,1.0392879744636467,1.095290251916758
1056,La_Liga,2005,Ath Bilbao,"[3, 1, 0, 0, 1, 0, 0, 0, 0, 1, 1, 0, 3, 1, 1, 3, 0, 0, 0, 1, 3, 0, 0, 3, 1, 0, 3, 3, 1, 3, 1, 1, 0, 0, 1, 3, 3, 3]",38,19,19,45,15,30,2005 Ath Bilbao,1.002029546716317,1.0235414534288638
1057,La_Liga,2005,Ath Madrid,"[1, 0, 3, 0, 0, 3, 0, 3, 3, 1, 1, 0, 1, 1, 1, 1, 0, 1, 0, 3, 3, 3, 3, 3, 3, 0, 3, 1, 0, 1, 0, 1, 3, 3, 0, 0, 1, 1]",38,19,19,52,20,32,2005 Ath Madrid,1.012165761626636,1.0405827263267429
1058,La_Liga,2005,Barcelona,"[1, 3, 0, 1, 3, 1, 1, 3, 3, 3, 3, 3, 3, 3, 3, 3, 3, 3, 3, 3, 3, 0, 0, 3, 3, 3, 0, 3, 3, 1, 1, 1, 3, 3, 3, 3, 0, 0]",38,19,19,82,46,36,2005 Barcelona,53.86711793237902,8.130081300813009
1059,La_Liga,2005,Betis,"[0, 3, 1, 1, 0, 1, 3, 0, 0, 0, 1, 0, 1, 0, 1, 0, 3, 1, 3, 0, 3, 0, 0, 0, 3, 0, 1, 1, 3, 3, 3, 1, 0, 0, 1, 0, 3, 1]",38,19,19,42,19,23,2005 Betis,1.2798929626735887,1.3280212483399734
1060,La_Liga,2005,Cadiz,"[0, 3, 1, 1, 0, 1, 3, 3, 0, 1, 0, 0, 1, 0, 0, 0, 0, 3, 3, 0, 1, 1, 0, 0, 0, 3, 0, 1, 0, 1, 0, 1, 3, 1, 0, 1, 0, 3]",38,19,19,36,20,16,2005 Cadiz,4.758896347314802,2.9069767441860463
1061,La_Liga,2005,Celta,"[3, 3, 0, 3, 3, 1, 0, 3, 0, 1, 3, 3, 0, 3, 0, 0, 0, 3, 1, 3, 0, 3, 3, 0, 3, 3, 0, 0, 0, 3, 3, 0, 3, 3, 3, 0, 1, 3]",38,19,19,64,30,34,2005 Celta,1.290538155787157,1.4306151645207439
1062,La_Liga,2005,Espanol,"[0, 3, 3, 0, 0, 1, 0, 0, 1, 0, 1, 3, 1, 0, 1, 1, 3, 0, 3, 0, 3, 0, 0, 0, 3, 0, 3, 0, 1, 1, 1, 1, 0, 3, 1, 0, 0, 3]",38,19,19,41,21,20,2005 Espanol,2.366122462531405,2.0
1063,La_Liga,2005,Getafe,"[3, 1, 3, 1, 3, 3, 0, 3, 0, 0, 0, 1, 3, 0, 0, 0, 3, 0, 1, 3, 0, 1, 1, 0, 1, 3, 3, 0, 0, 3, 3, 3, 1, 3, 1, 0, 3, 0]",38,19,19,54,25,29,2005 Getafe,1.2928823853299538,1.3605442176870748
1064,La_Liga,2005,La Coruna,"[3, 3, 1, 1, 1, 0, 1, 0, 3, 3, 1, 3, 0, 3, 3, 3, 0, 3, 0, 1, 0, 0, 3, 1, 3, 0, 0, 3, 3, 0, 3, 1, 1, 1, 0, 3, 0, 0]",38,19,19,55,32,23,2005 La Coruna,21.828367621237664,5.434782608695652
1065,La_Liga,2005,Malaga,"[0, 0, 3, 1, 3, 0, 0, 3, 0, 1, 1, 3, 0, 0, 0, 1, 1, 0, 0, 0, 0, 3, 0, 0, 0, 1, 1, 0, 0, 1, 0, 0, 1, 0, 0, 0, 0, 0]",38,19,19,24,17,7,2005 Malaga,92.59559984476032,12.600806451612904
1066,La_Liga,2005,Mallorca,"[0, 0, 3, 1, 0, 0, 1, 0, 3, 1, 3, 0, 0, 3, 0, 1, 0, 1, 0, 1, 0, 0, 1, 3, 3, 1, 1, 1, 3, 0, 1, 1, 1, 0, 3, 3, 0, 3]",38,19,19,43,17,26,2005 Mallorca,1.0427595332951585,1.079913606911447
1067,La_Liga,2005,Osasuna,"[3, 0, 3, 0, 3, 3, 3, 0, 3, 3, 3, 1, 3, 3, 3, 1, 3, 1, 0, 0, 0, 3, 1, 3, 0, 0, 3, 3, 3, 0, 0, 3, 1, 3, 0, 3, 0, 3]",38,19,19,68,39,29,2005 Osasuna,35.55261687005604,6.410256410256411
1068,La_Liga,2005,Real Madrid,"[3, 0, 0, 3, 3, 3, 3, 0, 0, 3, 3, 0, 1, 3, 3, 1, 0, 1, 3, 3, 3, 3, 3, 3, 0, 3, 1, 1, 1, 3, 1, 1, 1, 3, 3, 3, 1, 0]",38,19,19,70,33,37,2005 Real Madrid,1.283340090196787,1.3908205841446453
1069,La_Liga,2005,Santander,"[0, 0, 3, 3, 1, 0, 1, 0, 1, 1, 1, 0, 0, 1, 3, 1, 3, 1, 3, 0, 1, 0, 3, 0, 1, 1, 0, 3, 0, 1, 0, 1, 0, 0, 3, 0, 3, 0]",38,19,19,40,23,17,2005 Santander,8.36822376416596,4.385964912280702
1070,La_Liga,2005,Sevilla,"[3, 1, 0, 1, 0, 1, 3, 3, 3, 1, 1, 3, 3, 0, 0, 3, 0, 3, 0, 3, 3, 0, 3, 3, 0, 3, 0, 1, 3, 3, 0, 1, 1, 3, 3, 3, 3, 3]",38,19,19,68,29,39,2005 Sevilla,1.028941367994232,1.1025358324145536
1071,La_Liga,2005,Sociedad,"[0, 3, 0, 3, 0, 1, 3, 3, 3, 0, 0, 0, 1, 1, 0, 0, 3, 0, 0, 1, 0, 3, 0, 0, 0, 0, 3, 0, 0, 0, 3, 1, 3, 3, 0, 1, 1, 0]",38,19,19,40,21,19,2005 Sociedad,2.878978353816222,2.293577981651376
1072,La_Liga,2005,Valencia,"[3, 1, 1, 1, 3, 0, 3, 3, 0, 1, 0, 3, 3, 3, 1, 3, 3, 1, 3, 3, 1, 3, 3, 3, 1, 1, 1, 0, 1, 0, 3, 3, 3, 3, 3, 0, 1, 0]",38,19,19,69,36,33,2005 Valencia,3.537298789824421,2.5974025974025974
1073,La_Liga,2005,Villarreal,"[0, 1, 1, 0, 3, 3, 1, 3, 3, 1, 3, 1, 3, 0, 3, 3, 1, 1, 0, 3, 0, 1, 0, 3, 1, 3, 1, 1, 1, 0, 3, 1, 0, 0, 1, 3, 1, 3]",38,19,19,57,31,26,2005 Villarreal,5.73112452529722,3.1545741324921135
1074,La_Liga,2005,Zaragoza,"[1, 1, 1, 3, 1, 1, 0, 0, 1, 1, 0, 1, 0, 3, 3, 1, 3, 3, 3, 0, 1, 3, 1, 1, 0, 3, 0, 3, 1, 1, 0, 1, 0, 0, 1, 0, 3, 0]",38,19,19,46,27,19,2005 Zaragoza,15.785342932787795,6.369426751592357
1075,La_Liga,2007,Almeria,"[3, 0, 0, 1, 3, 0, 1, 3, 0, 0, 0, 1, 1, 3, 3, 0, 0, 1, 3, 3, 3, 3, 1, 3, 0, 1, 0, 1, 1, 3, 0, 3, 3, 0, 1, 0, 0, 3]",38,19,19,52,23,29,2007 Almeria,1.148905940060311,1.272264631043257
1076,La_Liga,2007,Ath Bilbao,"[1, 0, 1, 3, 0, 0, 1, 3, 1, 0, 3, 0, 1, 3, 0, 1, 1, 0, 3, 0, 1, 0, 3, 3, 0, 1, 3, 3, 3, 1, 3, 0, 3, 0, 0, 3, 1, 0]",38,19,19,50,22,28,2007 Ath Bilbao,1.1477331853798396,1.2658227848101267
1077,La_Liga,2007,Ath Madrid,"[0, 1, 1, 3, 3, 3, 0, 3, 3, 3, 0, 1, 3, 3, 3, 1, 0, 3, 3, 0, 0, 1, 3, 0, 0, 3, 0, 3, 3, 0, 3, 1, 0, 1, 3, 3, 3, 0]",38,19,19,64,37,27,2007 Ath Madrid,33.84170998134319,7.194244604316546
1078,La_Liga,2007,Barcelona,"[1, 3, 1, 3, 3, 3, 3, 0, 3, 1, 3, 0, 3, 1, 3, 3, 0, 3, 3, 3, 1, 3, 1, 3, 3, 0, 0, 1, 3, 0, 1, 1, 1, 0, 3, 0, 0, 3]",38,19,19,67,40,27,2007 Barcelona,149.4745236200396,14.894250819183796
1079,La_Liga,2007,Betis,"[1, 1, 0, 0, 0, 3, 1, 1, 1, 0, 0, 3, 0, 0, 3, 3, 1, 0, 3, 1, 3, 0, 0, 3, 1, 3, 0, 0, 3, 3, 3, 0, 3, 0, 1, 1, 0, 1]",38,19,19,47,21,26,2007 Betis,1.2058590961704336,1.278772378516624
1080,La_Liga,2007,Espanol,"[0, 1, 3, 0, 3, 3, 3, 3, 1, 1, 1, 3, 3, 1, 1, 3, 3, 3, 0, 0, 0, 3, 0, 0, 0, 3, 0, 3, 0, 0, 0, 0, 1, 1, 1, 0, 0, 0]",38,19,19,48,36,12,2007 Espanol,377669.4165160196,440.52863436123346
1081,La_Liga,2007,Getafe,"[0, 1, 0, 1, 0, 0, 0, 3, 0, 3, 3, 3, 1, 3, 0, 0, 3, 0, 0, 3, 3, 0, 1, 1, 3, 1, 3, 3, 0, 0, 1, 1, 0, 1, 0, 3, 1, 1]",38,19,19,47,21,26,2007 Getafe,1.2058590961704336,1.2804097311139564
1082,La_Liga,2007,La Coruna,"[0, 1, 3, 1, 0, 0, 3, 0, 0, 1, 3, 0, 1, 0, 0, 1, 3, 0, 0, 0, 3, 3, 1, 0, 3, 3, 1, 3, 0, 3, 3, 3, 3, 3, 0, 3, 0, 0]",38,19,19,52,17,35,2007 La Coruna,1.000356334209715,1.0070493454179255
1083,La_Liga,2007,Levante,"[0, 1, 0, 0, 0, 0, 0, 0, 0, 0, 3, 0, 3, 0, 0, 0, 0, 1, 0, 1, 3, 1, 0, 3, 0, 3, 0, 0, 0, 0, 0, 3, 3, 0, 1, 0, 0, 0]",38,19,19,26,8,18,2007 Levante,1.0129683744699498,1.0559662090813093
1084,La_Liga,2007,Mallorca,"[3, 1, 0, 1, 3, 0, 3, 3, 1, 1, 0, 0, 3, 1, 0, 1, 0, 0, 1, 1, 3, 1, 1, 1, 1, 1, 3, 0, 3, 3, 1, 0, 3, 3, 3, 3, 3, 3]",38,19,19,59,22,37,2007 Mallorca,1.0024717359633484,1.0204081632653061
1085,La_Liga,2007,Murcia,"[3, 1, 1, 0, 0, 3, 1, 0, 3, 1, 0, 0, 1, 1, 0, 3, 1, 3, 0, 0, 0, 1, 0, 0, 0, 0, 0, 0, 3, 0, 3, 0, 0, 1, 0, 0, 0, 0]",38,19,19,30,22,8,2007 Murcia,688.6460258578609,31.308703819661865
1086,La_Liga,2007,Osasuna,"[1, 1, 0, 3, 0, 3, 0, 1, 3, 0, 0, 0, 3, 1, 1, 0, 3, 0, 0, 3, 0, 0, 3, 0, 3, 1, 3, 1, 0, 3, 0, 3, 0, 0, 0, 0, 3, 0]",38,19,19,43,20,23,2007 Osasuna,1.3909276228623846,1.4450867052023122
1087,La_Liga,2007,Real Madrid,"[3, 3, 3, 1, 3, 3, 3, 0, 3, 3, 0, 3, 1, 3, 3, 3, 3, 3, 3, 3, 3, 0, 3, 0, 0, 3, 3, 0, 0, 3, 1, 3, 3, 3, 3, 3, 1, 3]",38,19,19,85,47,38,2007 Real Madrid,37.78387688755479,6.410256410256411
1088,La_Liga,2007,Recreativo,"[1, 1, 0, 3, 3, 0, 0, 0, 0, 1, 0, 3, 0, 3, 3, 1, 1, 1, 0, 1, 0, 0, 3, 3, 1, 0, 0, 3, 0, 1, 3, 1, 0, 3, 0, 0, 3, 1]",38,19,19,44,21,23,2007 Recreativo,1.5389397710125572,1.6366612111292962
1089,La_Liga,2007,Santander,"[1, 1, 3, 0, 0, 3, 3, 1, 3, 1, 1, 3, 3, 0, 3, 0, 0, 3, 3, 0, 1, 1, 0, 1, 3, 3, 3, 0, 3, 3, 0, 3, 0, 0, 3, 0, 1, 3]",38,19,19,60,32,28,2007 Santander,4.4143398513824055,2.8735632183908044
1090,La_Liga,2007,Sevilla,"[3, 3, 0, 0, 0, 0, 3, 3, 0, 3, 0, 0, 0, 1, 3, 1, 3, 3, 0, 0, 3, 3, 1, 3, 3, 0, 3, 3, 0, 0, 3, 3, 0, 1, 3, 3, 3, 3]",38,19,19,64,26,38,2007 Sevilla,1.011897756039032,1.0741138560687433
1091,La_Liga,2007,Valencia,"[0, 3, 3, 3, 3, 3, 0, 3, 0, 0, 3, 3, 0, 0, 1, 0, 1, 1, 0, 0, 0, 3, 3, 1, 1, 0, 1, 0, 3, 0, 0, 0, 0, 3, 0, 3, 3, 3]",38,19,19,51,27,24,2007 Valencia,3.4964305465910903,2.525252525252525
1092,La_Liga,2007,Valladolid,"[3, 1, 0, 1, 0, 0, 0, 0, 1, 1, 3, 3, 0, 3, 0, 1, 1, 3, 3, 3, 0, 0, 0, 1, 3, 0, 0, 1, 0, 3, 3, 1, 0, 3, 0, 1, 1, 1]",38,19,19,45,24,21,2007 Valladolid,3.5372987898244235,2.331002331002331
1093,La_Liga,2007,Villarreal,"[3, 0, 3, 3, 3, 3, 0, 3, 0, 3, 3, 3, 1, 0, 0, 3, 1, 0, 3, 3, 0, 1, 3, 1, 3, 1, 3, 3, 3, 3, 0, 0, 3, 3, 3, 3, 3, 3]",38,19,19,77,35,42,2007 Villarreal,1.0878077084648656,1.1668611435239207
1094,La_Liga,2007,Zaragoza,"[0, 1, 1, 3, 0, 3, 3, 0, 3, 3, 0, 0, 1, 0, 1, 1, 1, 0, 1, 3, 1, 3, 0, 0, 0, 0, 3, 0, 1, 0, 0, 1, 3, 1, 3, 0, 1, 0]",38,19,19,42,22,20,2007 Zaragoza,2.866240845743752,2.242152466367713
1095,La_Liga,2008,Almeria,"[3, 1, 3, 0, 3, 1, 0, 0, 1, 0, 3, 0, 0, 0, 1, 0, 3, 1, 1, 3, 0, 0, 3, 1, 3, 0, 0, 0, 3, 0, 3, 0, 3, 3, 3, 0, 0, 0]",38,19,19,46,21,25,2008 Almeria,1.2862496443287577,1.4124293785310735
1096,La_Liga,2008,Ath Bilbao,"[0, 1, 3, 1, 0, 0, 0, 0, 0, 1, 3, 0, 3, 1, 3, 3, 1, 3, 3, 0, 3, 0, 1, 1, 0, 0, 0, 0, 3, 0, 0, 3, 3, 1, 3, 0, 0, 0]",38,19,19,44,26,18,2008 Ath Bilbao,16.15773856391998,5.319148936170213
1097,La_Liga,2008,Ath Madrid,"[3, 0, 3, 3, 0, 0, 0, 1, 3, 1, 3, 1, 3, 3, 3, 3, 0, 0, 1, 1, 0, 3, 1, 0, 3, 1, 3, 0, 0, 3, 3, 0, 3, 3, 3, 3, 3, 3]",38,19,19,67,31,36,2008 Ath Madrid,1.2058590961704339,1.3315579227696406
1098,La_Liga,2008,Barcelona,"[0, 1, 3, 3, 3, 3, 3, 3, 3, 3, 3, 1, 3, 3, 3, 3, 3, 3, 3, 3, 3, 3, 1, 0, 0, 3, 3, 3, 3, 3, 3, 3, 1, 3, 1, 0, 0, 1]",38,19,19,87,50,37,2008 Barcelona,477.9072064284114,20.27986209693774
1099,La_Liga,2008,Betis,"[0, 1, 1, 0, 0, 0, 3, 3, 0, 3, 3, 3, 0, 1, 0, 0, 0, 0, 3, 0, 1, 3, 1, 0, 1, 1, 1, 1, 1, 3, 3, 0, 0, 0, 0, 3, 1, 1]",38,19,19,42,21,21,2008 Betis,2.0,1.8214936247723132
1100,La_Liga,2008,Espanol,"[3, 3, 1, 0, 0, 1, 1, 0, 3, 0, 0, 0, 0, 1, 0, 0, 1, 1, 0, 1, 1, 1, 0, 3, 0, 0, 1, 0, 3, 1, 3, 3, 3, 3, 0, 3, 3, 3]",38,19,19,47,15,32,2008 Espanol,1.0006095259895094,1.0080645161290323
1101,La_Liga,2008,Getafe,"[3, 1, 1, 0, 3, 1, 0, 3, 1, 0, 0, 1, 3, 1, 3, 0, 0, 0, 0, 3, 1, 1, 1, 1, 0, 0, 0, 3, 0, 3, 0, 0, 0, 0, 3, 1, 3, 1]",38,19,19,42,21,21,2008 Getafe,2.0,1.8148820326678765
1102,La_Liga,2008,La Coruna,"[3, 0, 1, 1, 0, 3, 1, 0, 3, 3, 0, 3, 3, 3, 0, 3, 3, 0, 0, 0, 3, 1, 1, 1, 3, 3, 0, 1, 0, 0, 3, 3, 1, 3, 3, 1, 0, 1]",38,19,19,58,30,28,2008 La Coruna,2.825299516694145,2.247191011235955
1103,La_Liga,2008,Malaga,"[0, 1, 0, 0, 3, 3, 3, 3, 0, 0, 1, 1, 3, 0, 3, 1, 3, 3, 3, 1, 0, 3, 1, 3, 0, 3, 1, 0, 0, 3, 1, 3, 1, 0, 3, 0, 1, 0]",38,19,19,55,31,24,2008 Malaga,10.553495183666652,4.484304932735426
1104,La_Liga,2008,Mallorca,"[0, 1, 1, 3, 3, 0, 0, 3, 0, 1, 0, 1, 0, 0, 0, 1, 0, 0, 0, 3, 0, 1, 3, 3, 3, 1, 1, 3, 0, 3, 1, 3, 3, 3, 0, 3, 3, 0]",38,19,19,51,14,37,2008 Mallorca,1.0000073759069532,1.001001001001001
1105,La_Liga,2008,Numancia,"[3, 0, 0, 0, 1, 0, 0, 3, 0, 0, 3, 1, 0, 3, 0, 3, 0, 3, 0, 0, 0, 0, 0, 0, 0, 3, 0, 3, 1, 1, 0, 0, 0, 3, 1, 3, 0, 0]",38,19,19,35,20,15,2008 Numancia,6.451933516912064,3.3222591362126246
1106,La_Liga,2008,Osasuna,"[1, 1, 0, 1, 1, 0, 0, 0, 0, 1, 0, 3, 0, 1, 0, 3, 1, 0, 0, 1, 3, 3, 1, 3, 1, 0, 1, 3, 3, 3, 0, 0, 1, 0, 0, 1, 3, 3]",38,19,19,43,13,30,2008 Osasuna,1.0005101367713156,1.0101010101010102
1107,La_Liga,2008,Real Madrid,"[0, 3, 3, 3, 3, 1, 3, 3, 1, 3, 0, 3, 0, 0, 0, 3, 3, 3, 3, 3, 3, 3, 3, 3, 3, 1, 3, 3, 3, 3, 3, 3, 3, 0, 0, 0, 0, 0]",38,19,19,78,38,40,2008 Real Madrid,1.5231859520541262,1.5772870662460567
1108,La_Liga,2008,Recreativo,"[3, 0, 0, 1, 0, 0, 1, 1, 1, 0, 0, 0, 0, 3, 3, 0, 3, 1, 3, 3, 1, 0, 1, 1, 3, 0, 1, 0, 0, 0, 0, 0, 0, 3, 0, 0, 0, 0]",38,19,19,33,20,13,2008 Recreativo,13.487380132125178,4.464285714285714
1109,La_Liga,2008,Santander,"[1, 1, 0, 0, 0, 3, 1, 0, 3, 3, 0, 3, 0, 1, 1, 1, 3, 1, 3, 3, 0, 0, 1, 0, 1, 0, 3, 0, 3, 0, 0, 3, 0, 0, 0, 3, 3, 1]",38,19,19,46,25,21,2008 Santander,4.49345412234469,2.849002849002849
1110,La_Liga,2008,Sevilla,"[1, 3, 1, 3, 3, 3, 3, 0, 0, 3, 3, 1, 0, 3, 3, 1, 1, 3, 3, 0, 0, 0, 3, 3, 3, 3, 1, 3, 3, 0, 0, 0, 0, 3, 3, 1, 3, 3]",38,19,19,70,38,32,2008 Sevilla,8.052608814255988,3.6363636363636362
1111,La_Liga,2008,Sp Gijon,"[0, 0, 0, 0, 0, 3, 3, 3, 3, 0, 3, 0, 3, 0, 0, 3, 0, 3, 0, 0, 3, 0, 0, 0, 0, 3, 3, 0, 0, 0, 0, 0, 0, 1, 0, 3, 3, 3]",38,19,19,43,24,19,2008 Sp Gijon,5.988866284107932,2.793296089385475
1112,La_Liga,2008,Valencia,"[3, 1, 3, 3, 3, 3, 3, 1, 0, 3, 0, 1, 3, 0, 3, 0, 3, 1, 0, 0, 3, 0, 1, 1, 0, 0, 1, 3, 3, 3, 3, 3, 1, 0, 3, 0, 0, 3]",38,19,19,62,34,28,2008 Valencia,7.715648815587684,3.6363636363636362
1113,La_Liga,2008,Valladolid,"[0, 3, 0, 3, 0, 0, 1, 0, 3, 0, 3, 3, 3, 1, 3, 0, 0, 0, 0, 1, 3, 3, 0, 0, 3, 3, 3, 0, 0, 0, 1, 0, 1, 0, 1, 0, 0, 1]",38,19,19,43,23,20,2008 Valladolid,3.5580182660871293,2.5839793281653747
1114,La_Liga,2008,Villarreal,"[1, 3, 3, 3, 3, 3, 1, 1, 3, 3, 1, 0, 3, 1, 0, 0, 0, 1, 3, 1, 0, 3, 1, 3, 1, 3, 0, 3, 0, 0, 1, 3, 3, 0, 1, 3, 3, 3]",38,19,19,65,33,32,2008 Villarreal,2.353096022922959,2.0080321285140563
1115,La_Liga,2009,Almeria,"[1, 0, 3, 1, 1, 0, 3, 0, 0, 3, 0, 0, 0, 1, 0, 3, 1, 1, 0, 1, 3, 1, 3, 3, 1, 3, 0, 3, 0, 1, 0, 0, 1, 0, 0, 3, 1, 0]",38,19,19,42,18,24,2009 Almeria,1.138973739487284,1.2224938875305624
1116,La_Liga,2009,Ath Bilbao,"[3, 3, 3, 0, 0, 1, 0, 0, 3, 3, 1, 3, 0, 3, 3, 0, 1, 3, 0, 0, 3, 0, 3, 1, 3, 1, 1, 0, 3, 0, 3, 0, 1, 1, 0, 1, 0, 3]",38,19,19,54,30,24,2009 Ath Bilbao,7.6806996851334075,3.745318352059925
1117,La_Liga,2009,Ath Madrid,"[0, 1, 0, 1, 1, 3, 0, 1, 0, 0, 0, 3, 3, 0, 1, 3, 3, 3, 0, 0, 1, 3, 0, 3, 1, 3, 0, 3, 0, 3, 0, 0, 0, 3, 0, 3, 1, 0]",38,19,19,47,23,24,2009 Ath Madrid,1.7377689462996124,1.7482517482517483
1118,La_Liga,2009,Barcelona,"[3, 3, 3, 3, 3, 3, 1, 3, 1, 3, 1, 3, 3, 3, 3, 1, 3, 3, 3, 3, 3, 0, 3, 3, 1, 3, 3, 3, 3, 3, 3, 3, 1, 3, 3, 3, 3, 3]",38,19,19,99,49,50,2009 Barcelona,1.6416674999880705,1.594896331738437
1119,La_Liga,2009,Espanol,"[0, 0, 3, 3, 1, 1, 3, 1, 1, 0, 0, 0, 0, 0, 3, 0, 3, 0, 1, 3, 0, 3, 0, 1, 1, 0, 3, 1, 1, 1, 3, 0, 1, 3, 0, 0, 3, 0]",38,19,19,44,20,24,2009 Espanol,1.283340090196787,1.3774104683195592
1120,La_Liga,2009,Getafe,"[3, 0, 0, 3, 0, 3, 0, 3, 0, 0, 3, 3, 0, 3, 3, 3, 0, 0, 3, 1, 0, 1, 0, 0, 1, 3, 1, 0, 3, 1, 3, 3, 0, 3, 1, 1, 3, 3]",38,19,19,58,30,28,2009 Getafe,2.825299516694145,2.0618556701030926
1121,La_Liga,2009,La Coruna,"[0, 3, 0, 3, 3, 3, 3, 0, 1, 3, 3, 3, 0, 1, 1, 1, 3, 0, 3, 0, 1, 0, 3, 0, 3, 1, 0, 0, 0, 0, 1, 0, 1, 0, 0, 0, 3, 0]",38,19,19,47,34,13,2009 La Coruna,30997.118718770555,129.36610608020698
1122,La_Liga,2009,Malaga,"[3, 0, 0, 0, 0, 1, 0, 0, 0, 1, 1, 1, 1, 1, 3, 1, 1, 3, 0, 3, 1, 3, 3, 0, 0, 0, 3, 0, 1, 0, 0, 1, 1, 1, 1, 1, 0, 1]",38,19,19,37,17,20,2009 Malaga,1.3778242584576794,1.422475106685633
1123,La_Liga,2009,Mallorca,"[3, 1, 3, 0, 3, 0, 3, 1, 3, 0, 3, 1, 3, 3, 0, 3, 0, 3, 1, 0, 3, 0, 0, 3, 3, 0, 3, 1, 0, 1, 3, 1, 3, 1, 3, 0, 0, 3]",38,19,19,62,34,28,2009 Mallorca,7.715648815587684,3.4722222222222223
1124,La_Liga,2009,Osasuna,"[1, 0, 0, 3, 3, 0, 3, 1, 1, 0, 0, 3, 1, 0, 0, 1, 0, 3, 3, 3, 3, 0, 1, 0, 1, 0, 0, 0, 3, 0, 3, 1, 0, 1, 0, 3, 0, 1]",38,19,19,43,23,20,2009 Osasuna,3.5580182660871293,2.5
1125,La_Liga,2009,Real Madrid,"[3, 3, 3, 3, 3, 0, 3, 1, 3, 3, 3, 0, 3, 3, 3, 1, 3, 0, 3, 3, 3, 3, 3, 3, 3, 3, 3, 3, 3, 3, 0, 3, 3, 3, 3, 3, 3, 1]",38,19,19,96,44,52,2009 Real Madrid,1.0203549981894453,1.0787486515641855
1126,La_Liga,2009,Santander,"[0, 1, 3, 0, 1, 0, 1, 1, 0, 0, 0, 0, 3, 3, 0, 3, 3, 1, 3, 1, 1, 0, 0, 0, 1, 1, 3, 1, 0, 0, 1, 3, 1, 0, 0, 0, 0, 3]",38,19,19,39,23,16,2009 Santander,11.976640001692036,4.784688995215311
1127,La_Liga,2009,Sevilla,"[0, 3, 3, 3, 3, 3, 0, 1, 3, 3, 3, 1, 1, 3, 0, 0, 0, 0, 3, 3, 0, 3, 3, 1, 0, 1, 0, 1, 0, 3, 3, 0, 3, 0, 3, 3, 0, 3]",38,19,19,63,33,30,2009 Sevilla,3.496430546591092,2.380952380952381
1128,La_Liga,2009,Sp Gijon,"[0, 3, 1, 1, 0, 3, 3, 1, 1, 3, 1, 3, 0, 0, 0, 1, 3, 0, 0, 0, 0, 1, 3, 3, 0, 1, 0, 3, 1, 1, 0, 0, 0, 0, 1, 1, 1, 0]",38,19,19,40,24,16,2009 Sp Gijon,17.179516095199315,5.9171597633136095
1129,La_Liga,2009,Tenerife,"[0, 3, 0, 3, 0, 0, 0, 3, 0, 1, 0, 1, 3, 0, 1, 0, 0, 1, 1, 0, 0, 3, 0, 0, 0, 3, 0, 1, 1, 0, 1, 3, 3, 0, 3, 0, 1, 0]",38,19,19,36,17,19,2009 Tenerife,1.5231859520541262,1.5267175572519085
1130,La_Liga,2009,Valencia,"[3, 3, 1, 0, 1, 3, 1, 3, 3, 3, 3, 1, 3, 0, 1, 3, 3, 3, 1, 0, 3, 1, 3, 0, 1, 0, 3, 3, 0, 3, 0, 3, 0, 3, 3, 3, 0, 3]",38,19,19,71,39,32,2009 Valencia,11.352938052672288,4.608294930875576
1131,La_Liga,2009,Valladolid,"[1, 0, 3, 0, 0, 1, 0, 3, 1, 1, 0, 1, 1, 1, 3, 0, 0, 1, 0, 1, 0, 1, 1, 0, 0, 0, 3, 1, 0, 0, 1, 3, 1, 3, 1, 0, 3, 0]",38,19,19,36,17,19,2009 Valladolid,1.5231859520541262,1.5197568389057752
1132,La_Liga,2009,Villarreal,"[1, 1, 0, 0, 0, 1, 0, 3, 3, 0, 3, 0, 3, 3, 3, 1, 1, 0, 3, 0, 0, 3, 0, 3, 1, 3, 0, 1, 3, 3, 3, 0, 3, 3, 0, 0, 3, 1]",38,19,19,56,26,30,2009 Villarreal,1.2933480151357692,1.4388489208633093
1133,La_Liga,2009,Xerez,"[0, 0, 0, 0, 1, 1, 3, 0, 0, 1, 1, 0, 0, 0, 0, 0, 0, 1, 0, 3, 0, 0, 0, 1, 3, 0, 3, 1, 3, 1, 0, 3, 1, 0, 3, 0, 3, 1]",38,19,19,34,8,26,2009 Xerez,1.0001143530183971,1.0030090270812437
1134,La_Liga,2009,Zaragoza,"[3, 0, 0, 1, 3, 0, 1, 0, 3, 0, 1, 0, 0, 0, 0, 1, 0, 1, 0, 3, 3, 1, 0, 3, 1, 1, 0, 0, 3, 3, 0, 1, 1, 0, 3, 3, 0, 1]",38,19,19,41,14,27,2009 Zaragoza,1.0056197047878004,1.0395010395010396
1135,La_Liga,2010,Almeria,"[1, 1, 0, 0, 3, 1, 0, 1, 1, 1, 0, 0, 0, 1, 3, 0, 0, 0, 1, 3, 0, 3, 0, 1, 0, 1, 3, 1, 0, 0, 0, 0, 0, 0, 0, 1, 3, 0]",38,19,19,30,14,16,2010 Almeria,1.5043883615135838,1.5105740181268883
1136,La_Liga,2010,Ath Bilbao,"[3, 0, 1, 3, 0, 0, 3, 0, 3, 0, 3, 0, 3, 0, 3, 3, 0, 1, 3, 3, 3, 3, 0, 0, 0, 0, 3, 1, 0, 3, 0, 3, 3, 0, 3, 0, 1, 3]",38,19,19,58,29,29,2010 Ath Bilbao,2.0,1.763668430335097
1137,La_Liga,2010,Ath Madrid,"[3, 3, 0, 1, 3, 0, 3, 0, 1, 0, 3, 3, 0, 0, 3, 3, 1, 0, 3, 0, 0, 0, 0, 3, 1, 1, 3, 1, 0, 3, 3, 1, 3, 3, 0, 0, 3, 3]",38,19,19,58,30,28,2010 Ath Madrid,2.825299516694145,2.178649237472767
1138,La_Liga,2010,Barcelona,"[3, 0, 3, 3, 3, 1, 3, 3, 3, 3, 3, 3, 3, 3, 3, 3, 3, 3, 3, 3, 3, 3, 1, 3, 3, 3, 3, 1, 3, 3, 3, 1, 3, 0, 3, 1, 1, 3]",38,19,19,96,52,44,2010 Barcelona,50.127982753569185,9.174311926605505
1139,La_Liga,2010,Espanol,"[3, 0, 3, 0, 3, 0, 3, 3, 0, 3, 1, 3, 3, 3, 0, 0, 0, 3, 3, 3, 0, 0, 0, 0, 3, 0, 0, 3, 0, 0, 1, 1, 0, 3, 0, 1, 0, 0]",38,19,19,49,34,15,2010 Espanol,6156.067704591704,47.86979415988511
1140,La_Liga,2010,Getafe,"[0, 3, 1, 0, 3, 3, 0, 3, 0, 0, 0, 1, 3, 3, 3, 3, 0, 1, 0, 0, 0, 3, 1, 0, 1, 1, 0, 1, 0, 0, 0, 3, 0, 0, 3, 0, 3, 1]",38,19,19,44,27,17,2010 Getafe,36.78490141769849,7.575757575757576
1141,La_Liga,2010,Hercules,"[0, 3, 0, 1, 3, 0, 1, 1, 0, 0, 3, 0, 3, 0, 3, 1, 0, 3, 0, 0, 0, 0, 3, 0, 1, 0, 0, 0, 0, 3, 1, 0, 3, 0, 0, 1, 0, 1]",38,19,19,35,22,13,2010 Hercules,29.572255469725185,6.410256410256411
1142,La_Liga,2010,La Coruna,"[1, 1, 1, 0, 0, 0, 1, 0, 3, 3, 1, 3, 0, 3, 0, 1, 3, 0, 0, 0, 1, 0, 3, 1, 1, 1, 3, 0, 0, 3, 1, 3, 0, 0, 1, 3, 1, 0]",38,19,19,43,21,22,2010 La Coruna,1.7342651469968877,1.6233766233766234
1143,La_Liga,2010,Levante,"[0, 0, 0, 3, 1, 1, 3, 0, 0, 0, 0, 3, 0, 3, 1, 0, 0, 0, 0, 0, 3, 3, 3, 0, 3, 1, 3, 1, 3, 3, 1, 3, 0, 1, 0, 1, 1, 0]",38,19,19,45,15,30,2010 Levante,1.002029546716317,1.02880658436214
1144,La_Liga,2010,Malaga,"[0, 3, 0, 3, 0, 1, 0, 0, 0, 0, 3, 0, 0, 3, 0, 0, 3, 1, 0, 0, 0, 1, 1, 1, 3, 0, 0, 3, 3, 0, 1, 3, 3, 3, 3, 3, 1, 0]",38,19,19,46,17,29,2010 Malaga,1.0111075104038234,1.0787486515641855
1145,La_Liga,2010,Mallorca,"[1, 0, 3, 0, 3, 1, 0, 3, 3, 0, 1, 3, 3, 0, 0, 0, 3, 3, 0, 0, 0, 1, 3, 0, 0, 3, 0, 1, 3, 0, 1, 0, 3, 0, 1, 1, 0, 0]",38,19,19,44,27,17,2010 Mallorca,36.78490141769849,7.462686567164179
1146,La_Liga,2010,Osasuna,"[1, 0, 0, 3, 0, 1, 1, 3, 0, 3, 0, 3, 0, 0, 1, 1, 0, 1, 0, 0, 3, 1, 0, 3, 0, 1, 3, 3, 3, 0, 0, 0, 0, 3, 3, 3, 0, 3]",38,19,19,47,18,29,2010 Osasuna,1.0185133384511094,1.0869565217391304
1147,La_Liga,2010,Real Madrid,"[1, 3, 3, 3, 1, 3, 3, 3, 3, 3, 3, 3, 0, 3, 3, 3, 3, 3, 1, 3, 0, 3, 3, 3, 1, 3, 3, 3, 3, 0, 3, 1, 3, 0, 3, 3, 3, 3]",38,19,19,92,48,44,2010 Real Madrid,5.840030560602266,3.134796238244514
1148,La_Liga,2010,Santander,"[0, 0, 3, 1, 0, 0, 3, 0, 3, 0, 1, 0, 3, 0, 3, 1, 1, 1, 0, 0, 1, 1, 3, 3, 1, 1, 0, 0, 3, 3, 1, 0, 0, 3, 3, 3, 0, 0]",38,19,19,46,20,26,2010 Santander,1.144183850593227,1.2468827930174564
1149,La_Liga,2010,Sevilla,"[3, 1, 3, 1, 0, 3, 0, 3, 0, 3, 3, 0, 0, 0, 0, 0, 3, 3, 0, 3, 1, 1, 0, 3, 1, 3, 0, 1, 3, 3, 1, 0, 3, 3, 0, 0, 3, 3]",38,19,19,58,26,32,2010 Sevilla,1.1500735562945343,1.2484394506866416
1150,La_Liga,2010,Sociedad,"[3, 1, 0, 0, 0, 3, 0, 3, 3, 3, 0, 0, 3, 3, 0, 0, 0, 0, 3, 0, 3, 0, 3, 3, 0, 1, 0, 0, 0, 0, 0, 3, 0, 3, 0, 3, 0, 1]",38,19,19,45,25,20,2010 Sociedad,5.9165697506838235,2.8735632183908044
1151,La_Liga,2010,Sp Gijon,"[0, 3, 1, 0, 0, 1, 3, 0, 1, 1, 0, 0, 0, 0, 1, 1, 0, 1, 3, 3, 3, 0, 1, 1, 1, 0, 3, 1, 3, 3, 3, 0, 3, 1, 1, 0, 3, 1]",38,19,19,47,16,31,2010 Sp Gijon,1.0021631444874368,1.0111223458038423
1152,La_Liga,2010,Valencia,"[3, 3, 3, 1, 3, 3, 0, 0, 1, 0, 3, 1, 3, 0, 1, 3, 3, 3, 3, 3, 1, 3, 3, 1, 3, 0, 3, 0, 0, 3, 3, 3, 0, 0, 3, 1, 1, 3]",38,19,19,71,37,34,2010 Valencia,3.5580182660871307,2.3094688221709005
1153,La_Liga,2010,Villarreal,"[0, 3, 3, 3, 3, 3, 1, 3, 1, 3, 0, 1, 3, 3, 0, 3, 3, 0, 3, 3, 3, 0, 0, 1, 1, 3, 0, 1, 3, 0, 0, 3, 0, 3, 1, 1, 0, 0]",38,19,19,62,39,23,2010 Villarreal,762.218520373169,26.343519494204426
1154,La_Liga,2010,Zaragoza,"[1, 0, 0, 1, 0, 1, 0, 0, 1, 3, 0, 1, 0, 1, 0, 1, 3, 0, 3, 3, 3, 1, 0, 0, 1, 3, 0, 3, 0, 0, 3, 0, 3, 3, 0, 0, 3, 3]",38,19,19,45,16,29,2010 Zaragoza,1.0064109443055278,1.0309278350515463
1155,La_Liga,2011,Ath Bilbao,"[1, 0, 0, 0, 1, 3, 3, 1, 3, 1, 1, 3, 0, 1, 1, 3, 1, 3, 0, 3, 1, 0, 3, 1, 3, 0, 0, 0, 1, 0, 3, 1, 3, 3, 0, 0, 1, 0]",38,19,19,49,26,23,2011 Ath Bilbao,3.506757699596242,2.375296912114014
1156,La_Liga,2011,Ath Madrid,"[1, 0, 3, 3, 0, 1, 1, 1, 0, 3, 0, 3, 0, 3, 0, 0, 1, 3, 3, 3, 1, 1, 1, 0, 1, 3, 0, 3, 0, 3, 0, 0, 3, 3, 1, 1, 3, 3]",38,19,19,56,26,30,2011 Ath Madrid,1.2933480151357692,1.3315579227696406
1157,La_Liga,2011,Barcelona,"[3, 1, 3, 1, 3, 3, 3, 1, 3, 3, 1, 3, 0, 3, 3, 3, 1, 3, 3, 1, 3, 0, 3, 3, 3, 3, 3, 3, 3, 3, 3, 3, 3, 0, 3, 3, 3, 1]",38,19,19,91,44,47,2011 Barcelona,1.3191182283411609,1.3717421124828533
1158,La_Liga,2011,Betis,"[3, 3, 3, 3, 0, 0, 0, 0, 0, 0, 1, 0, 0, 0, 3, 3, 3, 0, 1, 0, 0, 3, 3, 1, 0, 0, 0, 1, 1, 3, 3, 1, 3, 0, 1, 3, 0, 1]",38,19,19,47,23,24,2011 Betis,1.7377689462996124,1.7123287671232876
1159,La_Liga,2011,Espanol,"[0, 3, 0, 3, 0, 0, 3, 3, 3, 0, 1, 1, 0, 0, 3, 3, 1, 1, 3, 3, 1, 0, 1, 0, 0, 3, 3, 1, 0, 1, 1, 0, 3, 0, 0, 0, 0, 1]",38,19,19,46,28,18,2011 Espanol,35.55261687005604,8.264462809917354
1160,La_Liga,2011,Getafe,"[1, 0, 0, 0, 3, 0, 1, 1, 1, 0, 3, 0, 3, 0, 3, 3, 1, 1, 3, 3, 0, 0, 1, 1, 0, 3, 3, 1, 3, 0, 3, 0, 3, 0, 0, 1, 1, 0]",38,19,19,47,24,23,2011 Getafe,2.3554379118498354,2.109704641350211
1161,La_Liga,2011,Granada,"[0, 0, 3, 0, 1, 0, 1, 0, 0, 3, 1, 3, 3, 1, 0, 3, 0, 0, 0, 3, 3, 0, 3, 0, 0, 0, 3, 0, 0, 3, 1, 1, 0, 3, 0, 3, 0, 0]",38,19,19,42,19,23,2011 Granada,1.2798929626735887,1.3831258644536653
1162,La_Liga,2011,Levante,"[1, 1, 3, 3, 3, 3, 3, 3, 3, 0, 0, 0, 3, 0, 3, 0, 1, 0, 1, 0, 1, 0, 0, 3, 3, 0, 3, 3, 0, 1, 3, 0, 0, 1, 3, 0, 0, 3]",38,19,19,55,31,24,2011 Levante,10.553495183666652,4.065040650406504
1163,La_Liga,2011,Malaga,"[0, 3, 3, 3, 1, 3, 0, 0, 0, 3, 1, 3, 3, 0, 1, 0, 1, 0, 0, 3, 0, 3, 0, 3, 3, 3, 1, 3, 3, 0, 3, 0, 1, 1, 3, 0, 0, 3]",38,19,19,58,25,33,2011 Malaga,1.0717733594552075,1.183431952662722
1164,La_Liga,2011,Mallorca,"[3, 0, 0, 0, 3, 1, 1, 1, 0, 0, 1, 3, 1, 1, 3, 0, 1, 0, 3, 0, 3, 0, 3, 0, 1, 1, 3, 3, 0, 0, 1, 3, 0, 3, 3, 3, 3, 0]",38,19,19,52,22,30,2011 Mallorca,1.0709475047695025,1.1723329425556859
1165,La_Liga,2011,Osasuna,"[1, 3, 0, 1, 1, 1, 0, 3, 1, 3, 0, 1, 3, 3, 1, 3, 1, 0, 1, 0, 1, 3, 0, 3, 1, 3, 1, 1, 3, 0, 0, 3, 0, 1, 1, 0, 3, 3]",38,19,19,54,27,27,2011 Osasuna,2.0,1.834862385321101
1166,La_Liga,2011,Real Madrid,"[3, 3, 0, 1, 3, 3, 3, 3, 3, 3, 3, 3, 3, 3, 0, 3, 3, 3, 3, 3, 3, 3, 3, 3, 3, 3, 1, 1, 3, 3, 1, 3, 3, 3, 3, 3, 3, 3]",38,19,19,100,49,51,2011 Real Madrid,1.3968369263904237,1.4388489208633093
1167,La_Liga,2011,Santander,"[0, 1, 0, 1, 1, 1, 0, 0, 1, 3, 1, 0, 0, 3, 1, 1, 3, 3, 0, 1, 1, 1, 0, 1, 0, 0, 0, 0, 1, 0, 0, 0, 1, 0, 0, 1, 0, 0]",38,19,19,27,20,7,2011 Santander,477.9072064284114,64.1025641025641
1168,La_Liga,2011,Sevilla,"[3, 1, 3, 1, 3, 1, 3, 1, 1, 0, 1, 0, 3, 3, 0, 0, 0, 1, 1, 0, 0, 0, 3, 3, 1, 0, 0, 3, 3, 3, 0, 3, 0, 1, 0, 0, 3, 1]",38,19,19,50,26,24,2011 Sevilla,2.833630945191458,2.4038461538461537
1169,La_Liga,2011,Sociedad,"[3, 1, 0, 3, 0, 0, 0, 1, 0, 0, 0, 1, 3, 3, 1, 1, 1, 3, 0, 3, 0, 3, 0, 3, 0, 3, 0, 0, 0, 3, 1, 1, 1, 1, 3, 1, 0, 3]",38,19,19,47,21,26,2011 Sociedad,1.2058590961704336,1.2738853503184713
1170,La_Liga,2011,Sp Gijon,"[0, 0, 0, 0, 1, 0, 0, 3, 3, 1, 1, 3, 0, 0, 3, 0, 0, 3, 0, 0, 1, 0, 1, 1, 0, 3, 0, 0, 1, 0, 0, 3, 0, 3, 3, 0, 3, 0]",38,19,19,37,18,19,2011 Sp Gijon,1.726300468229275,1.6207455429497568
1171,La_Liga,2011,Valencia,"[3, 3, 3, 1, 0, 3, 1, 1, 3, 3, 3, 0, 3, 3, 0, 3, 1, 0, 1, 1, 1, 3, 0, 0, 3, 1, 3, 0, 0, 1, 1, 3, 0, 3, 0, 3, 3, 0]",38,19,19,61,35,26,2011 Valencia,21.972238986124975,6.024096385542169
1172,La_Liga,2011,Vallecano,"[1, 1, 3, 0, 0, 1, 0, 3, 3, 0, 3, 1, 0, 0, 0, 0, 3, 3, 0, 0, 3, 3, 3, 0, 3, 0, 3, 0, 0, 0, 3, 0, 0, 0, 0, 0, 0, 3]",38,19,19,43,22,21,2011 Vallecano,2.3619058511628346,1.9455252918287937
1173,La_Liga,2011,Villarreal,"[0, 1, 0, 3, 1, 1, 1, 0, 0, 3, 1, 3, 0, 0, 1, 0, 1, 0, 3, 1, 3, 3, 0, 1, 0, 0, 0, 1, 3, 1, 0, 3, 1, 1, 1, 3, 0, 0]",38,19,19,41,19,22,2011 Villarreal,1.3871718084218225,1.455604075691412
1174,La_Liga,2011,Zaragoza,"[0, 1, 3, 0, 1, 1, 3, 0, 0, 0, 1, 0, 0, 0, 0, 0, 0, 1, 1, 0, 0, 3, 0, 0, 3, 0, 1, 3, 3, 3, 0, 0, 3, 0, 3, 3, 3, 3]",38,19,19,43,12,31,2011 Zaragoza,1.00012058369998,1.0050251256281406
1175,La_Liga,2012,Ath Bilbao,"[0, 0, 3, 1, 1, 0, 3, 0, 0, 3, 3, 0, 1, 0, 3, 3, 0, 0, 0, 1, 3, 1, 0, 0, 0, 3, 3, 0, 3, 0, 0, 1, 1, 1, 3, 3, 0, 1]",38,19,19,45,21,24,2012 Ath Bilbao,1.3941199215521631,1.4204545454545454
1176,La_Liga,2012,Ath Madrid,"[1, 3, 3, 3, 3, 3, 3, 3, 3, 0, 3, 3, 3, 0, 3, 0, 3, 1, 3, 3, 0, 3, 0, 3, 3, 1, 0, 3, 1, 1, 3, 3, 0, 1, 3, 0, 1, 3]",38,19,19,76,44,32,2012 Ath Madrid,116.83444293868286,11.511453896627144
1177,La_Liga,2012,Barcelona,"[3, 3, 3, 3, 3, 3, 1, 3, 3, 3, 3, 3, 3, 3, 3, 3, 3, 3, 3, 0, 3, 1, 3, 3, 3, 0, 3, 3, 1, 3, 3, 3, 1, 3, 3, 3, 3, 3]",38,19,19,100,55,45,2012 Barcelona,462.62978111420483,16.07200257152041
1178,La_Liga,2012,Betis,"[3, 0, 3, 3, 0, 0, 3, 1, 3, 3, 0, 0, 3, 3, 0, 3, 0, 3, 3, 1, 0, 0, 1, 0, 3, 1, 3, 0, 1, 3, 1, 0, 1, 0, 3, 0, 3, 1]",38,19,19,56,34,22,2012 Betis,81.41167060851784,8.771929824561404
1179,La_Liga,2012,Celta,"[0, 0, 3, 0, 3, 0, 3, 0, 1, 0, 0, 1, 3, 1, 0, 0, 0, 3, 0, 1, 1, 0, 0, 0, 3, 0, 0, 0, 1, 0, 0, 3, 3, 1, 0, 0, 3, 3]",38,19,19,37,18,19,2012 Celta,1.726300468229275,1.6420361247947455
1180,La_Liga,2012,Espanol,"[0, 0, 0, 1, 0, 0, 1, 3, 1, 3, 0, 0, 0, 1, 1, 1, 3, 0, 3, 3, 1, 3, 3, 3, 0, 1, 0, 3, 1, 3, 1, 3, 0, 0, 1, 0, 0, 0]",38,19,19,44,18,26,2012 Espanol,1.0659729019459607,1.1261261261261262
1181,La_Liga,2012,Getafe,"[0, 3, 1, 0, 0, 3, 3, 0, 3, 0, 0, 3, 3, 3, 1, 1, 0, 0, 1, 1, 0, 3, 0, 3, 3, 3, 1, 3, 1, 1, 0, 0, 0, 3, 0, 0, 0, 0]",38,19,19,47,25,22,2012 Getafe,3.5203073826589892,2.375296912114014
1182,La_Liga,2012,Granada,"[0, 1, 0, 1, 0, 3, 3, 0, 0, 0, 3, 0, 0, 1, 0, 1, 3, 0, 1, 3, 0, 3, 3, 0, 0, 0, 1, 1, 0, 0, 0, 1, 3, 3, 1, 3, 0, 3]",38,19,19,42,17,25,2012 Granada,1.064030563794502,1.1428571428571428
1183,La_Liga,2012,La Coruna,"[3, 1, 1, 1, 0, 0, 0, 0, 1, 3, 0, 0, 1, 0, 0, 1, 0, 3, 1, 0, 0, 0, 0, 0, 0, 1, 0, 3, 3, 3, 3, 1, 1, 1, 0, 3, 0, 0]",38,19,19,35,16,19,2012 La Coruna,1.3721404714233634,1.4265335235378032
1184,La_Liga,2012,Levante,"[1, 0, 3, 0, 3, 0, 3, 3, 3, 1, 0, 3, 0, 1, 3, 3, 0, 3, 0, 0, 3, 0, 0, 1, 0, 1, 1, 1, 3, 0, 0, 0, 0, 1, 1, 0, 3, 1]",38,19,19,46,30,16,2012 Levante,265.78843243966253,19.201228878648234
1185,La_Liga,2012,Malaga,"[3, 1, 3, 3, 1, 3, 0, 3, 1, 0, 0, 1, 3, 0, 3, 3, 3, 0, 0, 1, 3, 1, 3, 3, 0, 1, 1, 0, 3, 0, 3, 0, 3, 0, 0, 1, 3, 0]",38,19,19,57,31,26,2012 Malaga,5.73112452529722,3.0395136778115504
1186,La_Liga,2012,Mallorca,"[3, 1, 3, 1, 3, 0, 0, 0, 0, 0, 0, 1, 0, 1, 0, 0, 3, 1, 0, 0, 0, 0, 1, 0, 0, 3, 3, 0, 0, 0, 3, 1, 0, 1, 0, 3, 1, 3]",38,19,19,36,17,19,2012 Mallorca,1.5231859520541262,1.5313935681470139
1187,La_Liga,2012,Osasuna,"[0, 0, 0, 1, 0, 3, 0, 1, 0, 0, 3, 1, 1, 3, 0, 1, 0, 0, 1, 3, 0, 3, 1, 3, 3, 0, 0, 0, 3, 0, 0, 1, 1, 0, 3, 0, 3, 0]",38,19,19,39,15,24,2012 Osasuna,1.0392879744636467,1.122334455667789
1188,La_Liga,2012,Real Madrid,"[1, 0, 3, 0, 3, 3, 1, 3, 3, 3, 3, 3, 0, 3, 3, 1, 0, 3, 1, 3, 3, 0, 3, 3, 3, 3, 3, 3, 1, 3, 3, 3, 3, 3, 3, 1, 1, 3]",38,19,19,85,37,48,2012 Real Madrid,1.009082812877749,1.0515247108307044
1189,La_Liga,2012,Sevilla,"[3, 1, 1, 3, 3, 0, 0, 3, 0, 1, 0, 3, 0, 0, 1, 0, 0, 3, 0, 1, 3, 3, 0, 3, 0, 3, 0, 3, 0, 3, 1, 0, 1, 3, 1, 0, 0, 3]",38,19,19,50,22,28,2012 Sevilla,1.1477331853798396,1.2330456226880395
1190,La_Liga,2012,Sociedad,"[0, 3, 0, 3, 0, 3, 0, 0, 1, 0, 3, 3, 1, 3, 1, 1, 3, 0, 1, 3, 1, 3, 3, 1, 3, 1, 3, 3, 1, 3, 3, 1, 3, 0, 1, 3, 1, 3]",38,19,19,66,26,40,2012 Sociedad,1.0039722801791366,1.0309278350515463
1191,La_Liga,2012,Valencia,"[1, 1, 0, 3, 0, 3, 0, 3, 0, 3, 1, 3, 0, 0, 3, 0, 3, 3, 3, 0, 3, 1, 3, 3, 1, 1, 0, 3, 1, 3, 1, 3, 0, 3, 3, 3, 3, 0]",38,19,19,65,30,35,2012 Valencia,1.207856826954912,1.3089005235602094
1192,La_Liga,2012,Valladolid,"[3, 3, 0, 0, 0, 3, 1, 0, 1, 3, 1, 0, 3, 3, 0, 1, 0, 0, 3, 3, 0, 1, 1, 0, 3, 1, 1, 0, 0, 0, 3, 1, 1, 0, 3, 0, 0, 0]",38,19,19,43,25,18,2012 Valladolid,11.35293805267228,4.032258064516129
1193,La_Liga,2012,Vallecano,"[3, 3, 1, 0, 0, 0, 3, 0, 0, 3, 3, 0, 3, 0, 0, 3, 3, 3, 3, 0, 3, 0, 3, 0, 0, 1, 3, 0, 0, 3, 0, 1, 1, 0, 0, 3, 3, 1]",38,19,19,53,31,22,2012 Vallecano,21.972238986124975,5.0
1194,La_Liga,2012,Zaragoza,"[0, 3, 0, 0, 3, 0, 0, 3, 3, 0, 3, 0, 0, 1, 3, 0, 3, 0, 0, 0, 1, 1, 0, 0, 1, 0, 1, 0, 1, 0, 0, 0, 3, 3, 1, 0, 0, 0]",38,19,19,34,22,12,2012 Zaragoza,49.21878851362643,8.0
1195,La_Liga,2013,Almeria,"[0, 1, 1, 0, 1, 0, 0, 0, 0, 0, 3, 3, 3, 0, 0, 1, 3, 3, 0, 0, 3, 0, 3, 0, 1, 0, 0, 0, 3, 1, 0, 0, 0, 0, 3, 3, 3, 1]",38,19,19,40,19,21,2013 Almeria,1.5322041086684106,1.5082956259426847
1196,La_Liga,2013,Ath Bilbao,"[3, 3, 0, 3, 0, 3, 0, 1, 3, 3, 1, 0, 3, 3, 3, 1, 3, 0, 3, 3, 3, 1, 1, 0, 3, 3, 1, 1, 3, 1, 0, 3, 3, 0, 3, 3, 1, 1]",38,19,19,70,36,34,2013 Ath Bilbao,2.8554949064553266,2.232142857142857
1197,La_Liga,2013,Ath Madrid,"[3, 3, 3, 3, 3, 3, 3, 3, 0, 3, 3, 3, 1, 3, 3, 3, 3, 3, 1, 1, 3, 3, 0, 3, 0, 1, 3, 3, 3, 3, 3, 3, 3, 3, 3, 0, 1, 1]",38,19,19,90,50,40,2013 Ath Madrid,92.59559984476032,9.433962264150944
1198,La_Liga,2013,Barcelona,"[3, 3, 3, 3, 3, 3, 3, 3, 1, 3, 3, 3, 3, 3, 0, 3, 3, 3, 1, 1, 3, 0, 3, 3, 0, 3, 0, 3, 3, 3, 3, 3, 0, 3, 3, 1, 1, 1]",38,19,19,87,50,37,2013 Barcelona,477.9072064284114,20.833333333333332
1199,La_Liga,2013,Betis,"[0, 0, 1, 3, 1, 0, 3, 0, 0, 0, 1, 0, 0, 0, 1, 0, 0, 1, 0, 0, 0, 3, 0, 0, 0, 1, 3, 1, 0, 3, 0, 0, 0, 0, 0, 0, 3, 0]",38,19,19,25,11,14,2013 Betis,1.3307599337490723,1.4684287812041117
1200,La_Liga,2013,Celta,"[1, 3, 1, 0, 1, 0, 0, 0, 0, 3, 0, 3, 0, 0, 3, 0, 1, 0, 3, 0, 3, 3, 1, 3, 1, 0, 0, 3, 0, 0, 3, 0, 1, 3, 3, 3, 3, 0]",38,19,19,49,19,30,2013 Celta,1.0190697892976468,1.1037527593818985
1201,La_Liga,2013,Elche,"[0, 1, 1, 1, 0, 0, 3, 3, 3, 0, 1, 0, 1, 3, 0, 0, 0, 0, 1, 3, 0, 3, 1, 1, 0, 3, 0, 1, 0, 1, 1, 3, 0, 0, 1, 3, 1, 0]",38,19,19,40,18,22,2013 Elche,1.2758819421237624,1.3477088948787062
1202,La_Liga,2013,Espanol,"[1, 3, 1, 3, 3, 0, 0, 0, 3, 0, 1, 0, 0, 3, 0, 1, 3, 0, 0, 3, 1, 0, 3, 3, 0, 1, 3, 0, 1, 3, 0, 0, 1, 0, 0, 0, 1, 0]",38,19,19,42,22,20,2013 Espanol,2.866240845743752,2.304147465437788
1203,La_Liga,2013,Getafe,"[0, 1, 0, 3, 0, 3, 3, 3, 3, 0, 3, 0, 1, 0, 3, 0, 0, 0, 0, 1, 0, 1, 0, 0, 1, 1, 0, 1, 0, 0, 3, 0, 0, 1, 3, 1, 3, 3]",38,19,19,42,23,19,2013 Getafe,4.572794365559667,2.808988764044944
1204,La_Liga,2013,Granada,"[3, 0, 1, 0, 1, 0, 3, 0, 0, 3, 0, 3, 3, 0, 0, 3, 0, 0, 3, 1, 0, 0, 0, 3, 0, 0, 3, 1, 3, 0, 0, 0, 3, 0, 0, 1, 0, 3]",38,19,19,41,23,18,2013 Granada,6.0761760152112805,3.257328990228013
1205,La_Liga,2013,Levante,"[0, 1, 3, 1, 1, 1, 3, 0, 3, 3, 1, 0, 0, 0, 0, 3, 0, 0, 3, 1, 3, 1, 1, 3, 1, 3, 0, 0, 1, 0, 3, 0, 0, 1, 1, 3, 3, 0]",38,19,19,48,23,25,2013 Levante,1.543681211297668,1.5360983102918586
1206,La_Liga,2013,Malaga,"[0, 0, 1, 3, 1, 3, 1, 0, 0, 0, 1, 3, 0, 0, 1, 3, 3, 0, 0, 1, 0, 3, 0, 0, 1, 1, 3, 0, 3, 0, 3, 3, 0, 3, 0, 0, 1, 3]",38,19,19,45,20,25,2013 Malaga,1.2033938397519766,1.2903225806451613
1207,La_Liga,2013,Osasuna,"[0, 0, 0, 0, 3, 0, 0, 3, 1, 0, 3, 0, 0, 3, 0, 1, 1, 3, 3, 1, 0, 0, 3, 1, 3, 0, 0, 0, 0, 0, 1, 3, 1, 1, 0, 0, 1, 3]",38,19,19,39,21,18,2013 Osasuna,3.612207753050039,2.544529262086514
1208,La_Liga,2013,Real Madrid,"[3, 3, 3, 1, 3, 3, 0, 3, 3, 0, 3, 3, 3, 3, 3, 1, 3, 3, 3, 3, 3, 1, 3, 3, 3, 1, 3, 3, 0, 0, 3, 3, 3, 3, 1, 1, 0, 3]",38,19,19,87,47,40,2013 Real Madrid,16.253240642201067,4.761904761904762
1209,La_Liga,2013,Sevilla,"[0, 1, 1, 0, 0, 3, 1, 3, 1, 3, 0, 0, 3, 3, 3, 1, 3, 3, 1, 1, 0, 0, 0, 1, 3, 3, 3, 3, 3, 3, 0, 3, 3, 3, 0, 1, 0, 3]",38,19,19,63,30,33,2013 Sevilla,1.4005719291351857,1.4265335235378032
1210,La_Liga,2013,Sociedad,"[3, 1, 0, 1, 1, 0, 1, 0, 3, 3, 1, 3, 0, 3, 3, 3, 3, 3, 0, 1, 3, 0, 1, 3, 3, 0, 0, 3, 0, 3, 1, 0, 1, 3, 3, 1, 1, 0]",38,19,19,59,32,27,2013 Sociedad,5.736004202002712,3.4482758620689653
1211,La_Liga,2013,Valencia,"[3, 0, 0, 0, 3, 3, 3, 1, 0, 0, 0, 3, 1, 0, 3, 0, 0, 3, 0, 1, 1, 3, 3, 1, 3, 0, 1, 0, 3, 1, 0, 1, 3, 1, 0, 1, 0, 3]",38,19,19,49,23,26,2013 Valencia,1.3989216828419706,1.4598540145985401
1212,La_Liga,2013,Valladolid,"[0, 0, 3, 1, 0, 1, 1, 0, 1, 3, 1, 0, 1, 0, 0, 3, 0, 1, 0, 0, 3, 1, 1, 0, 1, 1, 3, 0, 1, 0, 3, 1, 1, 0, 3, 1, 0, 0]",38,19,19,36,16,20,2013 Valladolid,1.2660355347958339,1.256281407035176
1213,La_Liga,2013,Vallecano,"[3, 0, 0, 0, 0, 0, 0, 3, 3, 0, 0, 0, 3, 0, 1, 0, 0, 0, 3, 0, 0, 1, 3, 0, 0, 3, 3, 3, 1, 3, 0, 3, 1, 3, 3, 0, 0, 0]",38,19,19,43,16,27,2013 Vallecano,1.0170542253072787,1.0869565217391304
1214,La_Liga,2013,Villarreal,"[3, 3, 3, 1, 1, 3, 0, 3, 0, 3, 0, 3, 1, 3, 1, 0, 0, 3, 3, 3, 0, 3, 0, 0, 3, 1, 0, 1, 0, 3, 1, 0, 3, 0, 0, 1, 3, 3]",38,19,19,59,34,25,2013 Villarreal,21.828367621237664,5.9171597633136095
1215,La_Liga,2014,Almeria,"[1, 0, 1, 3, 0, 3, 1, 0, 0, 0, 0, 1, 0, 0, 0, 3, 3, 0, 0, 0, 3, 3, 1, 0, 1, 0, 1, 0, 0, 0, 3, 0, 3, 0, 1, 0, 0, 0]",38,19,19,32,16,16,2014 Almeria,2.0,1.834862385321101
1216,La_Liga,2014,Ath Bilbao,"[0, 3, 0, 0, 0, 1, 0, 1, 3, 3, 1, 3, 3, 0, 1, 0, 0, 0, 0, 1, 3, 0, 1, 3, 3, 3, 3, 3, 0, 1, 0, 3, 3, 1, 1, 1, 3, 3]",38,19,19,55,19,36,2014 Ath Bilbao,1.000720910769415,1.0111223458038423
1217,La_Liga,2014,Ath Madrid,"[1, 3, 3, 1, 3, 3, 0, 3, 3, 3, 0, 3, 3, 3, 0, 3, 3, 0, 3, 3, 3, 3, 0, 3, 1, 1, 1, 3, 3, 3, 1, 3, 3, 3, 1, 1, 0, 1]",38,19,19,78,41,37,2014 Ath Madrid,4.758896347314802,2.785515320334262
1218,La_Liga,2014,Barcelona,"[3, 3, 3, 3, 1, 3, 3, 3, 0, 0, 3, 3, 3, 3, 1, 3, 0, 3, 3, 3, 3, 3, 3, 0, 3, 3, 3, 3, 3, 3, 1, 3, 3, 3, 3, 3, 3, 1]",38,19,19,94,44,50,2014 Barcelona,1.0750053562159603,1.148105625717566
1219,La_Liga,2014,Celta,"[3, 1, 1, 1, 3, 3, 0, 1, 3, 3, 1, 0, 0, 0, 0, 0, 0, 1, 0, 0, 3, 1, 3, 3, 1, 0, 0, 3, 0, 1, 3, 3, 0, 3, 1, 1, 1, 3]",38,19,19,51,21,30,2014 Celta,1.0471334110995063,1.1148272017837235
1220,La_Liga,2014,Cordoba,"[0, 1, 1, 0, 0, 1, 1, 0, 1, 0, 1, 1, 0, 3, 1, 0, 3, 3, 1, 0, 0, 0, 0, 0, 0, 0, 0, 0, 0, 1, 0, 1, 0, 0, 0, 0, 0, 0]",38,19,19,20,18,2,2014 Cordoba,24542.874624437445,1851.851851851852
1221,La_Liga,2014,Eibar,"[3, 0, 0, 3, 1, 1, 1, 0, 1, 3, 0, 0, 3, 3, 1, 0, 3, 3, 1, 0, 0, 0, 0, 0, 0, 0, 0, 1, 0, 3, 0, 0, 0, 0, 0, 0, 1, 3]",38,19,19,35,27,8,2014 Eibar,17492.565521514163,120.62726176115802
1222,La_Liga,2014,Elche,"[0, 1, 3, 0, 0, 0, 1, 0, 0, 3, 1, 1, 0, 0, 0, 0, 1, 3, 3, 0, 0, 3, 3, 0, 1, 3, 0, 0, 1, 0, 3, 3, 0, 3, 3, 0, 0, 1]",38,19,19,41,17,24,2014 Elche,1.094027955826726,1.187648456057007
1223,La_Liga,2014,Espanol,"[1, 0, 0, 1, 3, 1, 3, 0, 1, 0, 1, 0, 3, 0, 3, 3, 0, 0, 3, 3, 0, 0, 3, 0, 3, 0, 1, 1, 1, 3, 3, 1, 0, 3, 1, 3, 0, 0]",38,19,19,49,23,26,2014 Espanol,1.3989216828419706,1.4306151645207439
1224,La_Liga,2014,Getafe,"[0, 3, 0, 0, 0, 3, 1, 3, 0, 3, 1, 0, 0, 1, 1, 1, 0, 0, 0, 3, 0, 3, 0, 3, 0, 3, 0, 0, 3, 3, 1, 0, 0, 0, 0, 0, 1, 0]",38,19,19,37,17,20,2014 Getafe,1.3778242584576794,1.4064697609001406
1225,La_Liga,2014,Granada,"[3, 1, 1, 3, 0, 0, 0, 0, 1, 0, 1, 1, 0, 1, 0, 1, 0, 1, 0, 1, 3, 0, 1, 0, 0, 3, 0, 1, 0, 1, 0, 1, 0, 0, 3, 3, 3, 1]",38,19,19,35,14,21,2014 Granada,1.0841361544151356,1.1098779134295227
1226,La_Liga,2014,La Coruna,"[0, 1, 3, 0, 0, 0, 0, 3, 1, 0, 1, 1, 0, 0, 3, 0, 3, 1, 0, 1, 3, 3, 0, 0, 1, 0, 0, 1, 0, 1, 1, 0, 1, 0, 1, 1, 3, 1]",38,19,19,35,17,18,2014 La Coruna,1.722794256365237,1.5723270440251573
1227,La_Liga,2014,Levante,"[0, 0, 1, 0, 3, 0, 1, 0, 0, 3, 1, 3, 0, 1, 1, 1, 0, 1, 0, 0, 0, 3, 0, 3, 0, 3, 0, 0, 3, 0, 0, 1, 3, 3, 0, 1, 0, 1]",38,19,19,37,16,21,2014 Levante,1.1885134390277194,1.256281407035176
1228,La_Liga,2014,Malaga,"[3, 0, 1, 1, 1, 0, 3, 3, 3, 3, 3, 0, 0, 3, 3, 3, 0, 1, 0, 1, 3, 0, 0, 3, 3, 0, 3, 0, 1, 0, 1, 0, 1, 0, 0, 3, 0, 0]",38,19,19,50,31,19,2014 Malaga,85.04946249690862,10.75037626316921
1229,La_Liga,2014,Real Madrid,"[3, 0, 0, 3, 3, 3, 3, 3, 3, 3, 3, 3, 3, 3, 3, 0, 3, 3, 3, 3, 3, 0, 3, 3, 1, 0, 3, 0, 3, 3, 3, 3, 3, 3, 3, 1, 3, 3]",38,19,19,92,48,44,2014 Real Madrid,5.840030560602266,2.785515320334262
1230,La_Liga,2014,Sevilla,"[1, 3, 3, 3, 3, 0, 3, 3, 3, 0, 1, 0, 3, 3, 1, 3, 3, 3, 0, 3, 0, 0, 3, 0, 1, 3, 3, 3, 3, 3, 1, 1, 3, 3, 0, 1, 3, 3]",38,19,19,76,39,37,2014 Sevilla,2.8939278893841527,2.2222222222222223
1231,La_Liga,2014,Sociedad,"[0, 3, 1, 0, 0, 1, 0, 0, 1, 0, 3, 1, 3, 0, 1, 1, 3, 1, 0, 3, 0, 1, 1, 3, 0, 3, 3, 3, 1, 0, 1, 0, 1, 1, 3, 0, 0, 3]",38,19,19,46,19,27,2014 Sociedad,1.067634548927669,1.1389521640091116
1232,La_Liga,2014,Valencia,"[1, 3, 3, 3, 3, 1, 3, 0, 3, 3, 1, 0, 0, 1, 3, 3, 3, 1, 3, 3, 0, 3, 3, 3, 3, 1, 3, 3, 1, 1, 3, 0, 3, 1, 3, 1, 1, 3]",38,19,19,77,38,39,2014 Valencia,1.7263004682292744,1.7035775127768313
1233,La_Liga,2014,Vallecano,"[1, 1, 0, 0, 3, 3, 0, 3, 0, 0, 0, 3, 3, 0, 0, 0, 3, 0, 3, 0, 0, 0, 3, 0, 3, 0, 3, 3, 3, 0, 0, 3, 0, 1, 1, 3, 3, 0]",38,19,19,49,23,26,2014 Vallecano,1.3989216828419706,1.5015015015015014
1234,La_Liga,2014,Villarreal,"[3, 0, 1, 3, 1, 0, 3, 3, 0, 0, 1, 3, 3, 3, 3, 3, 1, 1, 3, 3, 0, 3, 0, 3, 1, 3, 1, 0, 1, 0, 1, 1, 1, 0, 1, 3, 3, 0]",38,19,19,60,35,25,2014 Villarreal,32.95616625078585,6.5359477124183005
1235,La_Liga,2015,Ath Bilbao,"[0, 0, 3, 0, 0, 1, 3, 1, 3, 3, 3, 0, 3, 1, 0, 3, 3, 1, 0, 0, 3, 3, 1, 0, 0, 3, 3, 3, 3, 0, 1, 3, 3, 0, 1, 3, 1, 3]",38,19,19,62,28,34,2015 Ath Bilbao,1.1489059400603114,1.2077294685990339
1236,La_Liga,2015,Ath Madrid,"[3, 3, 0, 3, 3, 0, 1, 3, 3, 1, 3, 3, 3, 3, 3, 0, 3, 3, 3, 3, 1, 0, 3, 3, 1, 3, 3, 3, 3, 0, 3, 3, 3, 3, 3, 3, 0, 3]",38,19,19,88,44,44,2015 Ath Madrid,2.0,1.7123287671232876
1237,La_Liga,2015,Barcelona,"[3, 3, 3, 3, 0, 3, 0, 3, 3, 3, 3, 3, 3, 1, 1, 3, 1, 3, 3, 3, 3, 3, 3, 3, 3, 3, 3, 3, 3, 1, 0, 0, 0, 3, 3, 3, 3, 3]",38,19,19,91,45,46,2015 Barcelona,1.688425689496642,1.6181229773462784
1238,La_Liga,2015,Betis,"[1, 0, 3, 1, 0, 3, 3, 0, 1, 0, 3, 0, 3, 1, 0, 1, 0, 0, 0, 1, 1, 0, 3, 1, 1, 1, 3, 3, 0, 0, 0, 3, 1, 3, 0, 0, 1, 3]",38,19,19,45,20,25,2015 Betis,1.2033938397519766,1.278772378516624
1239,La_Liga,2015,Celta,"[3, 3, 1, 3, 3, 1, 1, 3, 0, 3, 0, 0, 3, 1, 3, 3, 0, 0, 0, 3, 0, 0, 1, 0, 3, 3, 1, 0, 3, 3, 1, 3, 1, 1, 3, 0, 3, 0]",38,19,19,60,31,29,2015 Celta,2.8266724447670803,2.3640661938534278
1240,La_Liga,2015,Eibar,"[3, 3, 1, 0, 1, 1, 3, 1, 0, 3, 3, 1, 0, 0, 1, 0, 3, 3, 3, 3, 0, 0, 0, 3, 0, 0, 0, 0, 1, 1, 0, 0, 3, 0, 1, 0, 1, 0]",38,19,19,43,30,13,2015 Eibar,1961.258613432453,48.97159647404506
1241,La_Liga,2015,Espanol,"[3, 0, 0, 3, 3, 0, 0, 3, 0, 1, 0, 3, 0, 1, 0, 3, 0, 1, 0, 0, 1, 0, 0, 0, 3, 3, 0, 3, 1, 3, 1, 0, 0, 1, 0, 3, 0, 3]",38,19,19,43,21,22,2015 Espanol,1.7342651469968877,1.6339869281045751
1242,La_Liga,2015,Getafe,"[0, 0, 0, 3, 0, 3, 1, 3, 0, 0, 0, 1, 3, 0, 1, 1, 1, 3, 3, 3, 0, 0, 0, 0, 0, 0, 0, 1, 0, 1, 0, 0, 0, 3, 1, 3, 1, 0]",38,19,19,36,23,13,2015 Getafe,45.54258271205136,7.518796992481203
1243,La_Liga,2015,Granada,"[0, 3, 0, 0, 0, 0, 1, 1, 1, 1, 0, 3, 1, 0, 3, 0, 0, 3, 0, 0, 3, 0, 0, 0, 0, 3, 3, 0, 1, 1, 1, 1, 0, 3, 0, 3, 3, 0]",38,19,19,39,17,22,2015 Granada,1.1930294610154442,1.3106159895150722
1244,La_Liga,2015,La Coruna,"[1, 1, 3, 0, 3, 3, 1, 1, 0, 1, 1, 3, 3, 1, 1, 3, 1, 0, 0, 1, 1, 1, 1, 1, 0, 0, 0, 1, 0, 3, 1, 0, 1, 0, 1, 0, 3, 0]",38,19,19,42,27,15,2015 La Coruna,100.95973288678549,20.329335230737954
1245,La_Liga,2015,Las Palmas,"[0, 1, 1, 0, 3, 0, 0, 0, 1, 0, 3, 1, 0, 0, 3, 0, 3, 1, 1, 0, 0, 3, 0, 0, 0, 3, 3, 3, 0, 3, 3, 3, 1, 0, 3, 0, 1, 0]",38,19,19,44,18,26,2015 Las Palmas,1.0659729019459607,1.1363636363636365
1246,La_Liga,2015,Levante,"[0, 1, 1, 0, 1, 0, 3, 0, 0, 0, 1, 3, 0, 1, 0, 0, 0, 0, 3, 0, 3, 0, 0, 0, 3, 0, 0, 1, 3, 0, 1, 0, 3, 0, 1, 0, 3, 0]",38,19,19,32,14,18,2015 Levante,1.2534687082555245,1.2919896640826873
1247,La_Liga,2015,Malaga,"[1, 0, 1, 0, 0, 1, 3, 0, 3, 0, 0, 0, 1, 1, 3, 3, 3, 3, 1, 0, 0, 3, 3, 0, 1, 1, 0, 1, 3, 3, 1, 1, 0, 1, 0, 3, 0, 3]",38,19,19,48,24,24,2015 Malaga,2.0,1.7667844522968197
1248,La_Liga,2015,Real Madrid,"[1, 3, 3, 3, 3, 1, 1, 3, 3, 3, 0, 0, 3, 3, 0, 3, 3, 1, 3, 3, 1, 3, 3, 3, 1, 0, 3, 3, 3, 3, 3, 3, 3, 3, 3, 3, 3, 3]",38,19,19,90,40,50,2015 Real Madrid,1.0109175550102278,1.0559662090813093
1249,La_Liga,2015,Sevilla,"[1, 0, 1, 0, 0, 3, 3, 1, 3, 0, 3, 0, 3, 1, 3, 1, 3, 0, 3, 3, 1, 3, 1, 3, 1, 0, 3, 1, 3, 0, 0, 0, 1, 0, 3, 0, 0, 0]",38,19,19,52,29,23,2015 Sevilla,7.715648815587691,3.6363636363636362
1250,La_Liga,2015,Sociedad,"[1, 1, 0, 0, 3, 1, 0, 0, 3, 0, 0, 3, 0, 3, 1, 0, 0, 1, 3, 1, 0, 3, 3, 3, 3, 1, 0, 1, 0, 0, 3, 3, 0, 0, 1, 0, 3, 3]",38,19,19,48,20,28,2015 Sociedad,1.0690167191937805,1.152073732718894
1251,La_Liga,2015,Sp Gijon,"[1, 1, 0, 3, 0, 0, 3, 1, 0, 3, 0, 0, 0, 3, 0, 0, 0, 0, 0, 3, 3, 1, 1, 0, 1, 0, 0, 0, 0, 3, 1, 0, 1, 3, 0, 3, 1, 3]",38,19,19,39,15,24,2015 Sp Gijon,1.0392879744636467,1.1337868480725624
1252,La_Liga,2015,Valencia,"[1, 1, 3, 1, 0, 3, 0, 3, 0, 3, 3, 1, 0, 1, 1, 1, 0, 1, 0, 1, 1, 0, 0, 3, 3, 0, 3, 0, 0, 0, 0, 3, 3, 3, 1, 0, 0, 0]",38,19,19,44,23,21,2015 Valencia,2.8554949064553266,2.192982456140351
1253,La_Liga,2015,Vallecano,"[1, 0, 0, 3, 3, 0, 0, 0, 3, 0, 3, 1, 0, 0, 0, 0, 0, 1, 0, 1, 3, 1, 3, 1, 1, 1, 0, 0, 1, 1, 3, 0, 3, 1, 0, 0, 0, 3]",38,19,19,38,15,23,2015 Vallecano,1.0593003509311583,1.124859392575928
1254,La_Liga,2015,Villarreal,"[1, 3, 3, 3, 3, 3, 0, 0, 1, 3, 0, 1, 0, 3, 3, 3, 3, 3, 3, 1, 1, 3, 1, 3, 1, 3, 1, 0, 0, 1, 3, 3, 0, 0, 1, 3, 0, 0]",38,19,19,64,39,25,2015 Villarreal,242.98222133717462,18.765246762994934
1255,La_Liga,2016,Alaves,"[1, 1, 3, 1, 0, 3, 0, 1, 0, 0, 3, 0, 3, 1, 1, 3, 1, 0, 1, 1, 3, 0, 3, 3, 0, 1, 3, 3, 0, 0, 0, 3, 1, 1, 3, 3, 3, 1]",38,19,19,55,23,32,2016 Alaves,1.048011443728329,1.1061946902654867
1256,La_Liga,2016,Ath Bilbao,"[0, 0, 3, 3, 3, 3, 0, 3, 0, 1, 1, 3, 0, 3, 0, 3, 1, 1, 1, 3, 0, 3, 0, 3, 0, 3, 3, 0, 3, 3, 0, 3, 3, 3, 3, 0, 1, 0]",38,19,19,63,29,34,2016 Ath Bilbao,1.2093987735161813,1.321003963011889
1257,La_Liga,2016,Ath Madrid,"[1, 1, 3, 3, 1, 3, 3, 3, 0, 3, 0, 0, 3, 1, 0, 3, 3, 3, 1, 1, 3, 3, 3, 0, 1, 3, 3, 3, 3, 3, 1, 3, 3, 0, 3, 3, 1, 3]",38,19,19,78,35,43,2016 Ath Madrid,1.0565123405262604,1.148105625717566
1258,La_Liga,2016,Barcelona,"[3, 3, 0, 3, 1, 3, 0, 3, 3, 3, 3, 1, 1, 1, 3, 3, 1, 3, 3, 1, 3, 3, 3, 3, 3, 3, 0, 3, 3, 3, 0, 3, 3, 3, 3, 3, 3, 3]",38,19,19,90,41,49,2016 Barcelona,1.0341695284208992,1.1173184357541899
1259,La_Liga,2016,Betis,"[0, 1, 3, 1, 0, 3, 0, 0, 3, 0, 0, 3, 0, 1, 3, 0, 3, 0, 1, 1, 1, 0, 0, 3, 0, 1, 0, 3, 0, 0, 0, 3, 3, 0, 0, 0, 1, 1]",38,19,19,39,22,17,2016 Betis,6.180556349996701,3.5211267605633805
1260,La_Liga,2016,Celta,"[0, 0, 0, 1, 3, 3, 3, 0, 3, 1, 3, 0, 3, 1, 0, 0, 3, 3, 0, 3, 0, 3, 1, 1, 0, 0, 3, 3, 0, 0, 3, 0, 0, 0, 0, 0, 0, 1]",38,19,19,45,27,18,2016 Celta,23.635926397715632,5.181347150259067
1261,La_Liga,2016,Eibar,"[0, 3, 3, 1, 0, 3, 1, 0, 1, 3, 0, 3, 3, 0, 1, 1, 0, 3, 0, 3, 3, 3, 0, 3, 1, 0, 1, 1, 3, 3, 3, 0, 0, 1, 3, 0, 0, 0]",38,19,19,54,26,28,2016 Eibar,1.5474435238045705,1.4992503748125936
1262,La_Liga,2016,Espanol,"[0, 1, 1, 0, 3, 0, 1, 1, 1, 3, 1, 3, 3, 1, 3, 0, 1, 0, 3, 3, 3, 0, 0, 3, 1, 0, 3, 1, 3, 0, 3, 3, 0, 1, 0, 3, 0, 3]",38,19,19,56,26,30,2016 Espanol,1.2933480151357692,1.392757660167131
1263,La_Liga,2016,Granada,"[1, 0, 0, 1, 0, 0, 0, 0, 1, 0, 1, 1, 0, 3, 1, 0, 0, 1, 0, 0, 3, 0, 3, 0, 3, 0, 0, 0, 0, 1, 0, 0, 0, 0, 0, 0, 0, 0]",38,19,19,20,10,10,2016 Granada,2.0,1.7513134851138354
1264,La_Liga,2016,La Coruna,"[3, 1, 0, 1, 0, 0, 3, 0, 0, 1, 1, 0, 0, 3, 0, 3, 1, 1, 1, 0, 0, 0, 0, 1, 3, 1, 3, 0, 0, 1, 0, 3, 0, 0, 1, 0, 1, 3]",38,19,19,36,19,17,2016 La Coruna,2.9113663049892917,2.288329519450801
1265,La_Liga,2016,Las Palmas,"[3, 3, 0, 3, 0, 1, 1, 1, 0, 1, 3, 0, 3, 1, 1, 0, 3, 0, 1, 3, 0, 0, 0, 0, 1, 3, 0, 3, 0, 0, 3, 0, 1, 0, 0, 0, 0, 0]",38,19,19,39,25,14,2016 Las Palmas,66.92328910469043,9.523809523809524
1266,La_Liga,2016,Leganes,"[3, 1, 0, 0, 3, 0, 3, 0, 0, 0, 0, 3, 0, 1, 1, 1, 0, 1, 1, 0, 0, 0, 0, 3, 0, 3, 1, 1, 1, 0, 0, 0, 0, 3, 0, 3, 1, 1]",38,19,19,35,18,17,2016 Leganes,2.383519571708782,1.9342359767891684
1267,La_Liga,2016,Malaga,"[1, 1, 0, 0, 3, 0, 3, 1, 3, 0, 3, 1, 3, 1, 1, 0, 0, 0, 0, 1, 0, 1, 3, 0, 0, 0, 0, 1, 0, 3, 3, 0, 3, 3, 3, 3, 1, 0]",38,19,19,46,21,25,2016 Malaga,1.2862496443287577,1.392757660167131
1268,La_Liga,2016,Osasuna,"[1, 0, 0, 1, 0, 0, 1, 3, 0, 1, 0, 0, 0, 0, 0, 0, 1, 1, 0, 1, 0, 0, 0, 0, 0, 0, 1, 0, 0, 3, 3, 0, 1, 0, 1, 0, 3, 0]",38,19,19,22,9,13,2016 Osasuna,1.2066102656747617,1.2300123001230012
1269,La_Liga,2016,Real Madrid,"[3, 3, 3, 3, 1, 1, 1, 3, 3, 3, 3, 3, 3, 1, 3, 3, 0, 3, 3, 3, 3, 0, 3, 1, 3, 3, 3, 3, 3, 1, 3, 0, 3, 3, 3, 3, 3, 3]",38,19,19,93,46,47,2016 Real Madrid,1.6793855440468541,1.6207455429497568
1270,La_Liga,2016,Sevilla,"[3, 1, 3, 1, 3, 0, 3, 3, 3, 1, 0, 3, 3, 0, 3, 3, 3, 3, 3, 0, 1, 3, 3, 3, 3, 1, 1, 0, 1, 0, 3, 1, 3, 3, 0, 1, 0, 3]",38,19,19,72,42,30,2016 Sevilla,100.95973288678549,11.900511722004046
1271,La_Liga,2016,Sociedad,"[0, 3, 1, 0, 3, 0, 3, 0, 3, 3, 3, 3, 1, 0, 3, 3, 0, 3, 3, 0, 3, 3, 0, 3, 1, 3, 0, 0, 1, 0, 3, 0, 3, 3, 3, 1, 1, 1]",38,19,19,64,35,29,2016 Sociedad,7.768959847639383,3.663003663003663
1272,La_Liga,2016,Sp Gijon,"[3, 1, 3, 0, 0, 0, 0, 0, 1, 1, 0, 0, 0, 3, 0, 0, 0, 0, 1, 0, 0, 3, 0, 1, 0, 0, 1, 3, 1, 0, 0, 0, 1, 1, 0, 3, 3, 1]",38,19,19,31,13,18,2016 Sp Gijon,1.1713661576797254,1.2738853503184713
1273,La_Liga,2016,Valencia,"[0, 0, 0, 0, 3, 3, 0, 3, 0, 1, 0, 1, 0, 1, 0, 1, 3, 3, 0, 0, 1, 3, 3, 0, 3, 0, 1, 0, 3, 3, 3, 1, 0, 0, 0, 3, 3, 0]",38,19,19,46,19,27,2016 Valencia,1.067634548927669,1.148105625717566
1274,La_Liga,2016,Villarreal,"[1, 1, 3, 3, 1, 3, 1, 3, 3, 0, 3, 0, 0, 1, 3, 3, 1, 1, 0, 3, 1, 1, 3, 0, 3, 3, 3, 0, 0, 3, 3, 0, 3, 3, 3, 0, 1, 3]",38,19,19,67,31,36,2016 Villarreal,1.2058590961704339,1.314060446780552
1275,La_Liga,2017,Alaves,"[0, 0, 0, 0, 0, 0, 3, 0, 0, 0, 3, 0, 0, 3, 3, 0, 3, 0, 3, 1, 0, 3, 3, 3, 0, 3, 0, 0, 0, 1, 3, 3, 0, 3, 0, 3, 3, 0]",38,19,19,47,18,29,2017 Alaves,1.0185133384511094,1.122334455667789
1276,La_Liga,2017,Ath Bilbao,"[1, 3, 3, 0, 0, 1, 0, 3, 0, 0, 0, 1, 1, 1, 3, 1, 3, 3, 1, 1, 1, 0, 1, 0, 3, 1, 0, 3, 0, 1, 3, 0, 1, 0, 0, 3, 0, 0]",38,19,19,43,25,18,2017 Ath Bilbao,11.35293805267228,5.2356020942408374
1277,La_Liga,2017,Ath Madrid,"[1, 3, 1, 3, 3, 3, 1, 1, 3, 1, 3, 1, 3, 3, 3, 3, 0, 3, 3, 1, 3, 3, 3, 3, 3, 3, 0, 3, 0, 3, 1, 3, 0, 1, 3, 0, 3, 1]",38,19,19,79,42,37,2017 Ath Madrid,6.451933516912058,3.0120481927710845
1278,La_Liga,2017,Barcelona,"[3, 3, 3, 3, 3, 3, 3, 1, 3, 3, 3, 3, 1, 1, 3, 3, 3, 3, 3, 3, 3, 1, 1, 3, 3, 1, 3, 3, 3, 1, 3, 3, 1, 3, 1, 3, 0, 3]",38,19,19,93,51,42,2017 Barcelona,67.40028536437728,8.264462809917354
1279,La_Liga,2017,Betis,"[0, 3, 0, 3, 3, 3, 1, 0, 3, 0, 1, 0, 1, 0, 0, 3, 0, 3, 3, 0, 0, 3, 3, 0, 3, 1, 0, 3, 3, 3, 3, 3, 3, 1, 3, 0, 1, 0]",38,19,19,60,27,33,2017 Betis,1.1496849203123594,1.267427122940431
1280,La_Liga,2017,Celta,"[0, 0, 3, 0, 1, 3, 1, 3, 0, 0, 3, 0, 3, 1, 0, 0, 3, 1, 3, 3, 3, 0, 1, 0, 3, 0, 3, 0, 1, 1, 3, 0, 1, 1, 0, 1, 0, 3]",38,19,19,49,25,24,2017 Celta,2.3530960229229576,1.8867924528301887
1281,La_Liga,2017,Eibar,"[3, 0, 0, 3, 0, 0, 0, 1, 0, 1, 0, 3, 3, 3, 1, 3, 3, 3, 0, 1, 1, 3, 3, 0, 0, 3, 1, 0, 0, 1, 0, 0, 3, 0, 1, 3, 3, 1]",38,19,19,51,27,24,2017 Eibar,3.4964305465910903,2.5906735751295336
1282,La_Liga,2017,Espanol,"[1, 0, 0, 3, 1, 3, 0, 1, 1, 3, 0, 0, 3, 0, 0, 1, 3, 3, 1, 0, 0, 1, 1, 1, 1, 3, 1, 3, 0, 1, 0, 0, 0, 3, 1, 3, 3, 3]",38,19,19,49,24,25,2017 Espanol,1.7390458497097647,1.721170395869191
1283,La_Liga,2017,Getafe,"[1, 0, 3, 0, 1, 3, 0, 0, 1, 3, 1, 3, 0, 3, 1, 0, 3, 0, 3, 1, 1, 1, 1, 3, 0, 3, 0, 0, 3, 0, 0, 3, 3, 3, 1, 3, 0, 3]",38,19,19,55,26,29,2017 Getafe,1.4024391636393398,1.4245014245014245
1284,La_Liga,2017,Girona,"[1, 3, 0, 0, 1, 0, 1, 0, 3, 3, 3, 1, 1, 0, 3, 3, 0, 0, 3, 1, 1, 3, 0, 3, 0, 3, 3, 3, 0, 1, 0, 0, 3, 0, 1, 0, 0, 3]",38,19,19,51,26,25,2017 Girona,2.35130465617794,2.0491803278688523
1285,La_Liga,2017,La Coruna,"[0, 1, 0, 0, 3, 0, 3, 1, 0, 3, 0, 0, 1, 0, 3, 0, 0, 1, 0, 0, 1, 0, 0, 0, 1, 0, 1, 0, 1, 0, 3, 3, 1, 1, 0, 1, 0, 0]",38,19,19,29,16,13,2017 La Coruna,3.85485962733044,2.4213075060532687
1286,La_Liga,2017,Las Palmas,"[0, 0, 3, 3, 0, 0, 0, 0, 0, 0, 0, 0, 1, 3, 0, 1, 0, 0, 0, 3, 0, 3, 1, 0, 1, 1, 0, 0, 1, 0, 0, 0, 0, 0, 1, 0, 0, 0]",38,19,19,22,11,11,2017 Las Palmas,2.0,1.7301038062283738
1287,La_Liga,2017,Leganes,"[3, 3, 0, 0, 1, 3, 1, 3, 3, 0, 0, 0, 0, 3, 0, 1, 3, 0, 1, 3, 1, 0, 0, 0, 1, 0, 3, 0, 3, 0, 0, 3, 0, 1, 0, 0, 0, 3]",38,19,19,43,25,18,2017 Leganes,11.35293805267228,4.784688995215311
1288,La_Liga,2017,Levante,"[3, 1, 1, 1, 3, 0, 0, 1, 1, 1, 0, 3, 0, 1, 0, 1, 1, 0, 0, 0, 1, 1, 0, 0, 0, 0, 1, 3, 3, 1, 3, 0, 3, 3, 3, 3, 3, 0]",38,19,19,46,18,28,2017 Levante,1.028941367994232,1.0775862068965518
1289,La_Liga,2017,Malaga,"[0, 0, 0, 0, 0, 1, 0, 0, 0, 3, 0, 3, 0, 1, 3, 0, 0, 0, 0, 1, 1, 0, 0, 0, 0, 0, 0, 0, 1, 3, 0, 0, 0, 3, 0, 0, 0, 0]",38,19,19,20,11,9,2017 Malaga,3.21353222802135,2.262443438914027
1290,La_Liga,2017,Real Madrid,"[3, 1, 1, 3, 0, 3, 3, 3, 3, 0, 3, 1, 3, 1, 3, 0, 1, 0, 3, 3, 1, 3, 3, 3, 3, 0, 3, 3, 3, 3, 1, 3, 1, 3, 1, 0, 3, 1]",38,19,19,76,35,41,2017 Real Madrid,1.1320094025773182,1.1961722488038278
1291,La_Liga,2017,Sevilla,"[1, 3, 3, 3, 3, 0, 3, 0, 0, 3, 0, 3, 3, 3, 0, 1, 0, 0, 0, 3, 1, 0, 3, 3, 0, 3, 3, 0, 0, 1, 0, 1, 1, 0, 3, 3, 1, 3]",38,19,19,58,29,29,2017 Sevilla,2.0,1.8552875695732838
1292,La_Liga,2017,Sociedad,"[3, 3, 3, 0, 0, 0, 1, 3, 1, 0, 3, 1, 1, 0, 0, 1, 3, 0, 0, 0, 0, 3, 0, 3, 0, 1, 3, 0, 0, 1, 3, 3, 3, 0, 3, 0, 3, 0]",38,19,19,49,23,26,2017 Sociedad,1.3989216828419706,1.3966480446927374
1293,La_Liga,2017,Valencia,"[3, 1, 1, 1, 3, 3, 3, 3, 3, 3, 3, 3, 1, 0, 3, 0, 0, 3, 3, 0, 0, 0, 3, 3, 3, 1, 3, 3, 3, 3, 3, 0, 0, 1, 1, 0, 3, 3]",38,19,19,73,40,33,2017 Valencia,11.63513495755233,4.587155963302752
1294,La_Liga,2017,Villarreal,"[0, 0, 3, 3, 1, 0, 3, 3, 3, 1, 3, 1, 0, 0, 0, 3, 3, 1, 3, 3, 3, 0, 0, 1, 3, 0, 0, 3, 3, 0, 0, 1, 3, 3, 3, 0, 3, 1]",38,19,19,61,31,30,2017 Villarreal,2.350040856513266,2.0080321285140563
1295,La_Liga,2018,Alaves,"[0, 1, 3, 3, 3, 1, 0, 3, 3, 3, 0, 3, 0, 1, 0, 1, 3, 3, 1, 0, 0, 0, 3, 1, 1, 3, 1, 3, 0, 0, 1, 0, 1, 0, 1, 0, 0, 3]",38,19,19,50,32,18,2018 Alaves,242.98222133717462,19.07668828691339
1296,La_Liga,2018,Ath Bilbao,"[3, 1, 1, 1, 0, 1, 0, 1, 1, 1, 0, 0, 1, 0, 3, 1, 1, 3, 3, 1, 3, 0, 1, 3, 3, 0, 1, 3, 3, 3, 0, 3, 0, 3, 1, 0, 3, 0]",38,19,19,53,22,31,2018 Ath Bilbao,1.047682081091179,1.1185682326621924
1297,La_Liga,2018,Ath Madrid,"[1, 3, 0, 1, 3, 3, 1, 3, 1, 3, 1, 3, 1, 1, 3, 3, 3, 1, 3, 3, 3, 0, 0, 3, 3, 3, 3, 0, 3, 3, 0, 3, 3, 3, 3, 0, 1, 1]",38,19,19,76,38,38,2018 Ath Madrid,2.0,1.838235294117647
1298,La_Liga,2018,Barcelona,"[3, 3, 3, 3, 1, 0, 1, 1, 3, 3, 3, 0, 1, 3, 3, 3, 3, 3, 3, 3, 3, 1, 1, 3, 3, 3, 3, 3, 3, 1, 3, 1, 3, 3, 3, 0, 3, 1]",38,19,19,87,43,44,2018 Barcelona,1.7030537357250988,1.615508885298869
1299,La_Liga,2018,Betis,"[0, 1, 3, 1, 1, 3, 3, 0, 0, 0, 1, 3, 0, 3, 3, 3, 1, 0, 0, 3, 0, 3, 0, 1, 3, 0, 3, 0, 1, 0, 3, 0, 0, 0, 1, 0, 3, 3]",38,19,19,50,26,24,2018 Betis,2.833630945191458,2.347417840375587
1300,La_Liga,2018,Celta,"[1, 3, 3, 0, 1, 1, 1, 0, 0, 3, 1, 0, 0, 3, 3, 1, 0, 0, 0, 0, 0, 3, 0, 0, 1, 0, 0, 0, 3, 1, 3, 0, 3, 1, 1, 3, 0, 1]",38,19,19,41,21,20,2018 Celta,2.366122462531405,1.9841269841269842
1301,La_Liga,2018,Eibar,"[0, 0, 3, 1, 3, 0, 0, 3, 1, 0, 3, 1, 3, 0, 1, 1, 1, 1, 0, 3, 1, 3, 1, 1, 0, 3, 1, 0, 1, 3, 0, 1, 0, 0, 3, 3, 0, 1]",38,19,19,47,22,25,2018 Eibar,1.396776999059922,1.4104372355430184
1302,La_Liga,2018,Espanol,"[1, 3, 0, 3, 0, 3, 1, 3, 3, 1, 3, 0, 0, 0, 0, 0, 0, 3, 0, 0, 0, 1, 3, 1, 1, 3, 1, 0, 0, 1, 3, 3, 1, 1, 1, 3, 3, 3]",38,19,19,53,24,29,2018 Espanol,1.2104938859970669,1.3054830287206267
1303,La_Liga,2018,Getafe,"[0, 3, 1, 3, 0, 1, 1, 0, 3, 3, 1, 0, 1, 3, 1, 3, 1, 0, 3, 3, 0, 1, 3, 1, 3, 3, 3, 1, 0, 1, 3, 1, 3, 1, 0, 3, 0, 1]",38,19,19,59,28,31,2018 Getafe,1.4024391636393398,1.4388489208633093
1304,La_Liga,2018,Girona,"[1, 0, 3, 3, 1, 0, 1, 0, 1, 3, 3, 1, 3, 1, 0, 0, 1, 1, 1, 0, 0, 0, 0, 3, 1, 3, 0, 3, 0, 0, 0, 0, 0, 0, 3, 0, 0, 0]",38,19,19,37,24,13,2018 Girona,71.9954959709272,10.94331363536879
1305,La_Liga,2018,Huesca,"[3, 1, 0, 0, 0, 0, 1, 0, 0, 0, 1, 0, 1, 0, 0, 1, 0, 3, 0, 0, 1, 3, 3, 0, 1, 3, 0, 0, 0, 1, 1, 1, 1, 3, 1, 0, 0, 3]",38,19,19,33,11,22,2018 Huesca,1.0116881989493913,1.044932079414838
1306,La_Liga,2018,Leganes,"[0, 1, 0, 0, 0, 3, 0, 3, 1, 0, 1, 1, 3, 3, 1, 1, 1, 0, 3, 0, 1, 3, 3, 0, 1, 3, 0, 0, 3, 3, 1, 1, 0, 0, 1, 3, 0, 0]",38,19,19,45,22,23,2018 Leganes,1.7361812147263311,1.7421602787456445
1307,La_Liga,2018,Levante,"[3, 0, 1, 0, 0, 0, 3, 3, 3, 3, 1, 0, 1, 3, 1, 0, 0, 1, 0, 3, 0, 1, 0, 3, 0, 0, 0, 1, 1, 0, 1, 0, 1, 3, 0, 3, 3, 1]",38,19,19,44,23,21,2018 Levante,2.8554949064553266,2.202643171806167
1308,La_Liga,2018,Real Madrid,"[3, 3, 3, 1, 3, 0, 1, 0, 0, 0, 3, 3, 0, 3, 3, 3, 1, 0, 3, 3, 3, 3, 3, 0, 3, 0, 3, 3, 3, 0, 3, 1, 3, 1, 0, 3, 0, 0]",38,19,19,68,33,35,2018 Real Madrid,1.5415460052059684,1.6
1309,La_Liga,2018,Sevilla,"[3, 1, 0, 0, 3, 3, 3, 3, 0, 3, 1, 3, 3, 1, 1, 3, 1, 1, 0, 0, 3, 0, 1, 0, 0, 0, 3, 3, 0, 3, 3, 3, 0, 3, 0, 0, 1, 3]",38,19,19,59,33,26,2018 Sevilla,10.553495183666652,3.9840637450199203
1310,La_Liga,2018,Sociedad,"[3, 1, 0, 0, 3, 1, 0, 3, 1, 0, 1, 3, 3, 0, 0, 0, 0, 3, 3, 1, 1, 3, 1, 3, 1, 0, 0, 1, 1, 3, 0, 1, 0, 0, 3, 3, 3, 0]",38,19,19,50,25,25,2018 Sociedad,2.0,1.858736059479554
1311,La_Liga,2018,Valencia,"[1, 0, 1, 1, 1, 1, 3, 1, 1, 1, 0, 3, 3, 0, 1, 1, 3, 0, 1, 3, 3, 1, 1, 1, 1, 3, 3, 1, 3, 3, 0, 3, 3, 0, 0, 3, 3, 3]",38,19,19,61,23,38,2018 Valencia,1.0024318791636129,1.0090817356205852
1312,La_Liga,2018,Valladolid,"[1, 0, 1, 0, 1, 3, 3, 3, 3, 1, 0, 1, 0, 0, 3, 0, 1, 0, 1, 0, 3, 0, 1, 0, 0, 0, 0, 3, 1, 0, 0, 1, 1, 3, 0, 3, 3, 0]",38,19,19,41,22,19,2018 Valladolid,3.5828326811194455,2.4213075060532687
1313,La_Liga,2018,Vallecano,"[0, 0, 3, 0, 1, 1, 0, 0, 1, 0, 0, 1, 0, 3, 0, 0, 3, 3, 3, 1, 3, 0, 0, 0, 0, 0, 0, 0, 1, 0, 3, 0, 1, 0, 3, 0, 0, 1]",38,19,19,32,19,13,2018 Vallecano,9.47521773378625,3.937007874015748
1314,La_Liga,2018,Villarreal,"[0, 1, 0, 3, 1, 3, 0, 0, 1, 0, 1, 1, 3, 0, 0, 1, 1, 1, 0, 1, 0, 1, 1, 3, 0, 0, 3, 3, 0, 1, 0, 3, 3, 3, 1, 0, 3, 1]",38,19,19,44,17,27,2018 Villarreal,1.027944746537863,1.0660980810234542
1315,La_Liga,2019,Alaves,"[3, 1, 1, 0, 0, 0, 3, 0, 3, 0, 1, 0, 3, 3, 0, 0, 1, 0, 1, 3, 0, 1, 3, 0, 3, 1, 1, 0, 3, 0, 0, 0]",32,16,16,35,18,17,2019 Alaves,2.403647863716239,1.953125
1316,La_Liga,2019,Ath Bilbao,"[3, 1, 3, 1, 3, 1, 0, 0, 1, 0, 3, 1, 3, 3, 3, 0, 1, 1, 1, 1, 1, 0, 0, 0, 0, 3, 3, 1, 1, 3, 0, 3]",32,16,16,45,26,19,2019 Ath Bilbao,13.13724984551183,5.025125628140704
1317,La_Liga,2019,Ath Madrid,"[3, 3, 3, 0, 1, 3, 1, 1, 1, 3, 1, 1, 3, 1, 0, 1, 3, 3, 3, 0, 1, 0, 3, 1, 3, 1, 1, 1, 3, 3, 3, 3, 1]",33,17,16,59,29,30,2019 Ath Madrid,1.396474828923022,1.3679890560875514
1318,La_Liga,2019,Barcelona,"[0, 3, 1, 3, 0, 3, 3, 3, 3, 3, 0, 3, 3, 3, 3, 1, 1, 3, 1, 3, 0, 3, 3, 3, 3, 0, 3, 3, 3, 1, 3, 1, 1]",33,17,16,70,36,34,2019 Barcelona,1.9581637941879373,1.8148820326678765
1319,La_Liga,2019,Betis,"[0, 0, 3, 1, 1, 3, 0, 1, 0, 0, 3, 1, 0, 3, 3, 3, 1, 0, 1, 3, 0, 1, 0, 1, 1, 0, 3, 0, 1, 0, 3, 0]",32,16,16,37,22,15,2019 Betis,14.072425201364775,4.672897196261682
1320,La_Liga,2019,Celta,"[0, 3, 1, 0, 1, 1, 0, 3, 0, 0, 0, 0, 0, 3, 1, 0, 1, 0, 1, 1, 1, 0, 3, 1, 3, 1, 1, 0, 1, 3, 3, 1, 0]",33,17,16,34,14,20,2019 Celta,1.073293837735031,1.1135857461024499
1321,La_Liga,2019,Eibar,"[0, 1, 0, 0, 1, 3, 3, 1, 0, 0, 3, 3, 0, 0, 0, 0, 1, 3, 0, 3, 1, 1, 0, 0, 3, 0, 0, 0, 1, 1, 3, 3]",32,16,16,35,15,20,2019 Eibar,1.168929382044705,1.2853470437017995
1322,La_Liga,2019,Espanol,"[0, 1, 0, 3, 0, 1, 0, 0, 0, 3, 0, 0, 0, 1, 0, 0, 1, 0, 1, 3, 1, 0, 3, 1, 0, 1, 0, 3, 1, 0, 0, 0]",32,16,16,24,9,15,2019 Espanol,1.0853634011838067,1.1337868480725624
1323,La_Liga,2019,Getafe,"[0, 1, 1, 1, 3, 1, 0, 3, 3, 0, 3, 3, 1, 1, 3, 3, 3, 0, 0, 3, 3, 3, 3, 0, 0, 3, 1, 0, 1, 1, 1, 3]",32,16,16,52,27,25,2019 Getafe,2.9323550026297873,2.336448598130841
1324,La_Liga,2019,Granada,"[1, 0, 3, 3, 3, 1, 3, 0, 3, 3, 0, 0, 0, 1, 0, 3, 0, 0, 3, 0, 0, 3, 0, 3, 3, 1, 1, 3, 1, 0, 1, 0]",32,16,16,43,24,19,2019 Granada,6.561772167034075,3.048780487804878
1325,La_Liga,2019,Leganes,"[0, 0, 0, 0, 1, 1, 0, 0, 0, 3, 0, 0, 1, 0, 0, 3, 1, 3, 1, 0, 1, 3, 0, 1, 0, 1, 3, 0, 0, 1, 1, 0, 0]",33,17,16,25,10,15,2019 Leganes,1.100529062631496,1.160092807424594
1326,La_Liga,2019,Levante,"[0, 3, 3, 0, 1, 0, 1, 3, 0, 0, 3, 3, 0, 3, 0, 0, 3, 3, 0, 0, 0, 0, 3, 0, 3, 0, 1, 1, 1, 3, 0, 3]",32,16,16,41,20,21,2019 Levante,1.719000429958403,1.6233766233766234
1327,La_Liga,2019,Mallorca,"[3, 0, 0, 1, 0, 0, 0, 3, 3, 0, 1, 0, 3, 0, 0, 0, 1, 0, 0, 3, 0, 0, 0, 3, 1, 0, 3, 0, 0, 1, 0, 0, 3]",33,17,16,29,15,14,2019 Mallorca,2.043662895703046,1.834862385321101
1328,La_Liga,2019,Osasuna,"[3, 1, 1, 1, 1, 0, 1, 3, 0, 3, 1, 3, 1, 0, 3, 1, 0, 0, 1, 1, 3, 0, 0, 3, 0, 0, 3, 1, 0, 0, 3, 3]",32,16,16,41,23,18,2019 Osasuna,6.617342166921013,3.6496350364963503
1329,La_Liga,2019,Real Madrid,"[3, 1, 1, 3, 3, 3, 1, 3, 0, 3, 1, 3, 3, 3, 3, 1, 1, 1, 3, 3, 3, 3, 3, 1, 0, 3, 0, 3, 3, 3, 3, 3]",32,16,16,71,35,36,2019 Real Madrid,1.6893354378757968,1.6366612111292962
1330,La_Liga,2019,Sevilla,"[3, 3, 1, 3, 0, 0, 3, 0, 3, 3, 1, 1, 3, 3, 3, 1, 0, 3, 1, 0, 3, 1, 0, 1, 3, 3, 1, 3, 1, 1, 1, 1, 3]",33,17,16,57,31,26,2019 Sevilla,3.95633532354726,2.5510204081632653
1331,La_Liga,2019,Sociedad,"[1, 3, 0, 3, 3, 3, 0, 0, 3, 3, 0, 3, 1, 0, 3, 1, 1, 3, 0, 0, 3, 0, 3, 3, 3, 0, 3, 1, 0, 0, 0, 0]",32,16,16,47,27,20,2019 Sociedad,13.0759349619604,4.784688995215311
1332,La_Liga,2019,Valencia,"[1, 0, 3, 0, 1, 1, 3, 3, 1, 0, 1, 3, 3, 0, 3, 3, 1, 1, 3, 0, 3, 3, 0, 1, 0, 3, 1, 1, 0, 3, 0, 0]",32,16,16,46,26,20,2019 Valencia,9.079748949040587,4.098360655737705
1333,La_Liga,2019,Valladolid,"[3, 1, 0, 1, 0, 1, 3, 1, 1, 3, 0, 3, 0, 0, 1, 1, 0, 1, 1, 1, 0, 3, 1, 0, 3, 0, 0, 3, 1, 0, 1, 1]",32,16,16,35,19,16,2019 Valladolid,3.811845868355984,2.6455026455026456
1334,La_Liga,2019,Villarreal,"[1, 0, 1, 3, 3, 0, 3, 0, 3, 3, 0, 1, 0, 0, 0, 1, 3, 3, 3, 0, 3, 3, 1, 3, 0, 0, 0, 3, 3, 3, 1, 3]",32,16,16,51,19,32,2019 Villarreal,1.003936269244743,1.0351966873706004
1335,La_Liga,2020,Alaves,"[0, 0, 0, 1, 3, 0, 0, 0, 1, 0, 3, 0, 3, 1, 1, 1, 3, 1, 0, 0, 3, 1, 0, 0, 0, 0, 1, 3, 0, 0, 0, 0, 1, 0, 0, 1, 3, 3, 1, 0, 1, 3, 3, 0]",44,22,22,42,22,20,2020 Alaves,2.822479522690003,2.3640661938534278
1336,La_Liga,2020,Ath Bilbao,"[3, 0, 0, 3, 0, 0, 0, 3, 0, 0, 3, 0, 3, 0, 3, 1, 0, 1, 0, 3, 1, 0, 3, 0, 3, 0, 1, 3, 1, 1, 3, 0, 1, 1, 1, 1, 1, 3, 1, 3, 1, 0, 0, 0]",44,22,22,52,24,28,2020 Ath Bilbao,1.3124561359561677,1.3908205841446453
1337,La_Liga,2020,Ath Madrid,"[3, 1, 3, 3, 1, 3, 1, 1, 3, 3, 3, 3, 3, 3, 3, 0, 3, 3, 3, 3, 3, 3, 3, 3, 1, 3, 1, 0, 3, 1, 3, 1, 3, 0, 1, 3, 3, 0, 3, 1, 3, 3, 3]",43,22,21,97,55,42,2020 Ath Madrid,70.2786609000115,10.542962572482868
1338,La_Liga,2020,Barcelona,"[3, 3, 3, 0, 3, 3, 3, 1, 0, 0, 1, 3, 0, 3, 0, 3, 3, 1, 3, 1, 3, 3, 3, 3, 3, 3, 3, 1, 3, 3, 3, 3, 3, 3, 0, 3, 3, 0, 3, 1, 1, 0, 3]",43,22,21,91,43,48,2020 Barcelona,1.0924069325563244,1.1918951132300357
1339,La_Liga,2020,Betis,"[0, 1, 3, 0, 0, 0, 3, 3, 0, 0, 3, 0, 0, 3, 0, 0, 0, 3, 1, 0, 3, 0, 1, 3, 3, 1, 3, 0, 3, 3, 3, 3, 0, 3, 1, 1, 1, 1, 1, 1, 3, 1, 3, 3]",44,22,22,65,23,42,2020 Betis,1.0004702881374816,1.0070493454179255
1340,La_Liga,2020,Cadiz,"[0, 3, 0, 3, 1, 3, 1, 3, 0, 0, 1, 3, 0, 0, 0, 1, 1, 3, 1, 0, 0, 0, 0, 1, 0, 3, 1, 0, 3, 3, 1, 0, 1, 3, 3, 0, 0, 1]",38,19,19,44,24,20,2020 Cadiz,4.529327598171772,3.003003003003003
1341,La_Liga,2020,Celta,"[1, 1, 0, 0, 1, 1, 3, 1, 0, 0, 0, 1, 0, 1, 0, 3, 3, 3, 3, 1, 3, 0, 0, 0, 1, 1, 1, 3, 0, 1, 3, 1, 0, 3, 0, 1, 0, 3, 3, 3, 3, 3, 0]",43,22,21,56,26,30,2020 Celta,1.2092719254366466,1.2919896640826873
1342,La_Liga,2020,Eibar,"[0, 0, 1, 3, 3, 0, 1, 0, 0, 0, 3, 1, 3, 0, 1, 1, 3, 1, 1, 0, 0, 1, 3, 0, 0, 1, 0, 0, 1, 0, 1, 0, 0, 1, 0, 0, 0, 0, 0, 3, 3, 1, 0, 0]",44,22,22,37,23,14,2020 Eibar,24.64728047367001,6.578947368421052
1343,La_Liga,2020,Elche,"[0, 3, 1, 3, 3, 0, 1, 1, 1, 1, 0, 0, 1, 1, 0, 0, 1, 0, 0, 1, 0, 3, 0, 0, 3, 0, 0, 1, 1, 0, 0, 1, 3, 0, 0, 0, 3, 3]",38,19,19,36,17,19,2020 Elche,1.5231859520541262,1.4947683109118086
1344,La_Liga,2020,Espanol,"[0, 0, 0, 0, 0, 1]",6,3,3,1,0,1,2020 Espanol,1.1788863788631896,1.0
1345,La_Liga,2020,Getafe,"[0, 1, 0, 1, 0, 0, 3, 1, 3, 0, 3, 0, 1, 0, 1, 1, 0, 0, 3, 1, 0, 0, 3, 3, 0, 1, 0, 0, 0, 0, 3, 0, 1, 1, 1, 0, 1, 0, 3, 0, 0, 0, 3, 1]",44,22,22,40,19,21,2020 Getafe,1.5442195126223384,1.6
1346,La_Liga,2020,Granada,"[3, 1, 3, 0, 3, 3, 3, 3, 0, 1, 3, 3, 1, 0, 0, 0, 1, 3, 3, 0, 3, 0, 0, 3, 1, 0, 1, 1, 0, 0, 3, 0, 3, 0, 0, 3, 3, 0, 3, 0, 0, 0, 0, 1]",44,22,22,59,37,22,2020 Granada,231.47919460965244,15.82528881152081
1347,La_Liga,2020,Huesca,"[1, 0, 1, 1, 1, 1, 0, 0, 1, 1, 0, 1, 3, 0, 1, 0, 0, 0, 0, 1, 3, 0, 0, 3, 1, 0, 0, 1, 3, 3, 0, 0, 0, 3, 0, 3, 0, 1]",38,19,19,34,12,22,2020 Huesca,1.0207388039149388,1.0626992561105206
1348,La_Liga,2020,Leganes,"[3, 1, 3, 3, 1]",5,3,2,11,7,4,2020 Leganes,3.156797457089812,1.375515818431912
1349,La_Liga,2020,Levante,"[1, 1, 0, 0, 3, 3, 0, 3, 0, 0, 0, 1, 1, 1, 1, 1, 3, 0, 3, 1, 3, 0, 3, 1, 1, 3, 1, 0, 1, 3, 1, 0, 3, 0, 0, 3, 0, 0, 0, 0, 1, 1, 0, 1]",44,22,22,49,26,23,2020 Levante,3.3963161026403585,2.6178010471204187
1350,La_Liga,2020,Mallorca,"[0, 3, 0, 0, 1]",5,3,2,4,3,1,2020 Mallorca,4.214526625129712,1.6778523489932886
1351,La_Liga,2020,Osasuna,"[3, 1, 0, 3, 3, 1, 3, 0, 0, 3, 1, 3, 0, 0, 1, 0, 0, 0, 0, 1, 1, 1, 1, 0, 1, 3, 0, 3, 3, 0, 3, 0, 1, 1, 1, 3, 3, 3, 0, 0, 1, 3, 0, 0]",44,22,22,55,25,30,2020 Osasuna,1.2325741434498785,1.3368983957219251
1352,La_Liga,2020,Real Madrid,"[3, 3, 3, 3, 3, 1, 1, 3, 3, 3, 0, 3, 3, 0, 1, 0, 3, 3, 3, 3, 3, 1, 3, 1, 3, 0, 3, 3, 3, 3, 1, 1, 3, 3, 3, 3, 1, 3, 1, 3, 1, 3, 3, 3]",44,22,22,100,49,51,2020 Real Madrid,1.5204433991522628,1.5360983102918586
1353,La_Liga,2020,Sevilla,"[3, 3, 3, 1, 3, 3, 3, 1, 0, 0, 0, 3, 3, 3, 0, 3, 1, 3, 3, 1, 3, 0, 3, 3, 3, 3, 3, 3, 0, 0, 3, 3, 1, 3, 3, 3, 3, 3, 0, 1, 3, 0, 3]",43,22,21,90,43,47,2020 Sevilla,1.138074235446996,1.2330456226880395
1354,La_Liga,2020,Sociedad,"[3, 1, 0, 3, 1, 1, 1, 1, 3, 0, 3, 3, 3, 3, 3, 3, 1, 1, 1, 0, 0, 0, 3, 1, 0, 1, 1, 3, 3, 3, 1, 3, 0, 0, 1, 1, 0, 3, 3, 0, 3, 0, 3, 3]",44,22,22,71,35,36,2020 Sociedad,1.75655882077837,1.7123287671232876
1355,La_Liga,2020,Valencia,"[0, 1, 3, 0, 3, 0, 3, 0, 1, 3, 0, 0, 0, 1, 3, 1, 0, 1, 1, 1, 0, 0, 1, 3, 1, 0, 3, 1, 0, 3, 0, 3, 0, 3, 0, 1, 1, 0, 1, 0, 3, 0, 3, 1]",44,22,22,50,22,28,2020 Valencia,1.163919405281564,1.2422360248447204
1356,La_Liga,2020,Valladolid,"[1, 3, 0, 0, 0, 3, 1, 0, 1, 0, 0, 1, 0, 0, 3, 3, 1, 0, 3, 1, 0, 1, 3, 0, 1, 1, 0, 0, 1, 0, 1, 3, 1, 1, 0, 0, 1, 1, 1, 1, 0, 0, 0, 0]",44,22,22,38,22,16,2020 Valladolid,8.040412081678804,4.716981132075472
1357,La_Liga,2020,Villarreal,"[3, 0, 3, 0, 0, 3, 1, 3, 0, 3, 1, 3, 1, 3, 3, 1, 1, 1, 1, 3, 1, 0, 3, 3, 1, 1, 1, 1, 0, 1, 0, 0, 3, 3, 3, 0, 3, 0, 0, 3, 0, 3, 3, 0]",44,22,22,67,35,32,2020 Villarreal,3.3252065487093887,2.4330900243309004
1358,La_Liga,2021,Alaves,"[0, 0, 0, 0, 0, 3, 0, 0, 3, 3, 1, 3, 1, 0, 0, 1, 0, 0, 1, 1, 0, 0, 0, 3, 0, 1, 1, 0, 0, 0, 0, 3, 0, 3, 0, 3, 0, 0]",38,19,19,31,16,15,2021 Alaves,2.4001396312821996,2.0161290322580645
1359,La_Liga,2021,Ath Bilbao,"[1, 1, 3, 3, 1, 0, 1, 3, 3, 1, 1, 0, 1, 1, 0, 1, 0, 3, 0, 3, 1, 3, 3, 0, 3, 0, 3, 0, 1, 3, 1, 0, 3, 3, 1, 0, 3, 0]",38,19,19,55,24,31,2021 Ath Bilbao,1.104673732573778,1.1933174224343674
1360,La_Liga,2021,Ath Madrid,"[3, 3, 1, 3, 1, 3, 0, 3, 1, 1, 3, 1, 3, 3, 0, 0, 0, 0, 3, 1, 3, 0, 3, 0, 3, 3, 3, 3, 3, 3, 0, 3, 1, 0, 3, 3, 1, 3]",38,19,19,71,32,39,2021 Ath Madrid,1.096590938235343,1.1976047904191616
1361,La_Liga,2021,Barcelona,"[3, 1, 3, 1, 1, 3, 0, 3, 0, 0, 1, 1, 3, 3, 0, 1, 3, 1, 3, 1, 3, 3, 1, 3, 3, 3, 3, 3, 3, 3, 0, 3, 0, 3, 3, 3, 1, 0]",38,19,19,73,31,42,2021 Barcelona,1.0161616145849852,1.0775862068965518
1362,La_Liga,2021,Betis,"[1, 1, 0, 3, 1, 3, 3, 0, 3, 3, 3, 0, 0, 3, 3, 3, 3, 0, 0, 1, 3, 3, 0, 3, 3, 0, 0, 3, 1, 3, 3, 1, 0, 1, 0, 3, 3, 1]",38,19,19,65,33,32,2021 Betis,2.353096022922959,2.044989775051125
1363,La_Liga,2021,Cadiz,"[1, 1, 0, 0, 3, 1, 0, 1, 0, 0, 1, 1, 3, 0, 0, 0, 1, 1, 0, 0, 1, 3, 0, 1, 1, 1, 3, 0, 3, 1, 0, 3, 0, 1, 3, 0, 1, 3]",38,19,19,39,14,25,2021 Cadiz,1.0151691460420298,1.0362694300518134
1364,La_Liga,2021,Celta,"[0, 1, 0, 0, 0, 3, 3, 0, 0, 3, 0, 1, 1, 1, 3, 0, 1, 3, 3, 0, 3, 1, 3, 1, 1, 0, 3, 0, 1, 0, 0, 3, 0, 1, 3, 0, 3, 0]",38,19,19,46,23,23,2021 Celta,2.0,1.86219739292365
1365,La_Liga,2021,Elche,"[1, 0, 1, 3, 1, 0, 0, 3, 0, 1, 0, 0, 1, 0, 1, 3, 0, 0, 1, 3, 3, 1, 3, 0, 3, 0, 0, 3, 0, 0, 0, 3, 3, 1, 0, 0, 0, 3]",38,19,19,42,16,26,2021 Elche,1.0267913398609234,1.095290251916758
1366,La_Liga,2021,Espanol,"[1, 1, 0, 0, 1, 3, 0, 3, 3, 1, 1, 0, 3, 0, 3, 0, 3, 0, 3, 0, 1, 0, 0, 1, 1, 0, 3, 1, 3, 0, 3, 0, 0, 0, 1, 0, 1, 1]",38,19,19,42,26,16,2021 Espanol,38.32549417801039,8.0
1367,La_Liga,2021,Getafe,"[0, 0, 0, 0, 0, 0, 0, 1, 1, 0, 1, 3, 0, 3, 1, 1, 1, 3, 3, 0, 3, 1, 3, 0, 1, 1, 0, 1, 1, 3, 0, 0, 3, 1, 1, 1, 1, 0]",38,19,19,39,18,21,2021 Getafe,1.3828179434933499,1.4265335235378032
1368,La_Liga,2021,Granada,"[1, 1, 0, 0, 1, 0, 0, 3, 1, 1, 3, 0, 0, 1, 3, 1, 3, 3, 1, 1, 0, 0, 0, 0, 0, 1, 0, 0, 3, 1, 0, 0, 1, 1, 3, 3, 0, 1]",38,19,19,38,23,15,2021 Granada,17.863306612820914,6.410256410256411
1369,La_Liga,2021,Levante,"[1, 1, 0, 1, 1, 0, 0, 0, 1, 0, 1, 0, 0, 1, 0, 1, 0, 0, 0, 3, 0, 0, 0, 3, 1, 3, 0, 1, 0, 3, 0, 3, 0, 1, 3, 0, 3, 3]",38,19,19,35,8,27,2021 Levante,1.0000571704115775,1.0030090270812437
1370,La_Liga,2021,Mallorca,"[1, 3, 3, 0, 1, 0, 0, 3, 0, 1, 1, 1, 1, 0, 1, 3, 1, 0, 0, 0, 0, 3, 3, 0, 0, 0, 0, 0, 0, 0, 3, 0, 3, 0, 0, 1, 3, 3]",38,19,19,39,20,19,2021 Mallorca,2.3710744023043624,2.092050209205021
1371,La_Liga,2021,Osasuna,"[1, 1, 3, 0, 3, 0, 3, 3, 3, 1, 1, 0, 0, 0, 1, 1, 1, 0, 0, 3, 0, 3, 1, 3, 0, 0, 3, 0, 3, 0, 3, 3, 0, 1, 1, 1, 0, 0]",38,19,19,47,22,25,2021 Osasuna,1.396776999059922,1.440922190201729
1372,La_Liga,2021,Real Madrid,"[3, 1, 3, 3, 3, 3, 1, 0, 3, 1, 3, 3, 3, 3, 3, 3, 3, 1, 3, 0, 3, 1, 3, 1, 3, 3, 3, 3, 0, 3, 3, 3, 3, 3, 0, 3, 1, 1]",38,19,19,86,46,40,2021 Real Madrid,10.431655565451102,4.504504504504505
1373,La_Liga,2021,Sevilla,"[3, 3, 1, 1, 3, 3, 0, 3, 3, 1, 3, 3, 1, 0, 3, 3, 3, 1, 3, 3, 1, 1, 1, 3, 1, 3, 1, 1, 1, 0, 3, 0, 3, 1, 1, 1, 1, 3]",38,19,19,70,41,29,2021 Sevilla,95.40643236245297,16.823687752355315
1374,La_Liga,2021,Sociedad,"[0, 3, 3, 3, 1, 3, 3, 1, 3, 1, 3, 1, 3, 1, 0, 0, 0, 0, 1, 3, 1, 1, 3, 0, 3, 3, 0, 3, 1, 3, 3, 1, 0, 1, 0, 3, 3, 0]",38,19,19,62,30,32,2021 Sociedad,1.5466162729447641,1.5151515151515151
1375,La_Liga,2021,Valencia,"[3, 1, 3, 3, 0, 0, 1, 1, 0, 1, 0, 3, 1, 1, 1, 3, 3, 3, 0, 0, 1, 0, 1, 0, 0, 3, 3, 1, 3, 1, 1, 0, 0, 1, 1, 0, 1, 3]",38,19,19,48,28,20,2021 Valencia,15.489242775975304,5.882352941176471
1376,La_Liga,2021,Vallecano,"[0, 0, 3, 1, 3, 3, 3, 0, 3, 0, 3, 1, 0, 3, 1, 3, 0, 3, 0, 1, 0, 0, 0, 0, 0, 0, 1, 0, 1, 1, 0, 3, 3, 1, 1, 0, 0, 0]",38,19,19,42,30,12,2021 Vallecano,4217.188185398434,63.492063492063494
1377,La_Liga,2021,Villarreal,"[1, 1, 1, 1, 3, 1, 3, 0, 0, 1, 0, 3, 1, 0, 0, 3, 3, 3, 3, 1, 0, 3, 3, 1, 3, 3, 0, 3, 0, 0, 1, 3, 3, 0, 1, 3, 0, 3]",38,19,19,59,28,31,2021 Villarreal,1.4024391636393398,1.4124293785310735
1378,La_Liga,2022,Almeria,"[0, 1, 3, 0, 0, 0, 0, 3, 0, 3, 0, 3, 0, 3, 1, 0, 1, 1, 3, 0, 0, 0, 3, 0, 0, 1, 1, 3, 0, 0, 3, 0, 3, 0, 3, 0, 1, 1]",38,19,19,41,22,19,2022 Almeria,3.5828326811194455,2.4330900243309004
1379,La_Liga,2022,Ath Bilbao,"[1, 3, 3, 0, 3, 3, 3, 1, 0, 1, 0, 3, 0, 3, 1, 1, 0, 0, 0, 3, 3, 0, 0, 1, 0, 3, 1, 3, 3, 3, 0, 1, 0, 0, 3, 0, 0, 1]",38,19,19,51,26,25,2022 Ath Bilbao,2.35130465617794,2.0408163265306123
1380,La_Liga,2022,Ath Madrid,"[3, 0, 3, 1, 3, 0, 3, 3, 3, 1, 3, 0, 1, 0, 3, 0, 1, 3, 3, 1, 3, 3, 1, 3, 3, 3, 3, 3, 3, 0, 3, 3, 3, 0, 3, 1, 3, 1]",38,19,19,77,34,43,2022 Ath Madrid,1.037242597939248,1.1198208286674132
1381,La_Liga,2022,Barcelona,"[1, 3, 3, 3, 3, 3, 3, 3, 0, 3, 3, 3, 3, 3, 1, 3, 3, 3, 3, 3, 3, 3, 0, 3, 3, 3, 3, 1, 1, 3, 0, 3, 3, 3, 0, 0, 3, 0]",38,19,19,88,50,38,2022 Barcelona,270.5128100428221,15.337423312883436
1382,La_Liga,2022,Betis,"[3, 3, 3, 0, 3, 3, 0, 1, 3, 1, 0, 3, 1, 0, 1, 3, 0, 3, 0, 0, 3, 3, 3, 1, 1, 3, 0, 0, 3, 0, 1, 0, 3, 3, 1, 0, 3, 1]",38,19,19,60,31,29,2022 Betis,2.8266724447670803,2.2831050228310503
1383,La_Liga,2022,Cadiz,"[0, 0, 0, 0, 0, 3, 1, 1, 1, 1, 0, 3, 1, 0, 1, 3, 1, 0, 3, 0, 3, 0, 3, 1, 1, 1, 0, 3, 0, 1, 0, 3, 0, 0, 3, 0, 3, 1]",38,19,19,42,19,23,2022 Cadiz,1.2798929626735887,1.3192612137203166
1384,La_Liga,2022,Celta,"[1, 0, 3, 3, 0, 0, 3, 0, 0, 0, 1, 0, 0, 1, 1, 3, 1, 0, 3, 3, 0, 1, 3, 1, 3, 3, 1, 1, 0, 0, 3, 0, 0, 0, 0, 1, 0, 3]",38,19,19,43,20,23,2022 Celta,1.3909276228623846,1.3850415512465375
1385,La_Liga,2022,Elche,"[0, 1, 0, 0, 0, 0, 0, 1, 1, 0, 1, 0, 0, 0, 0, 0, 1, 1, 0, 3, 0, 0, 0, 3, 1, 0, 0, 0, 0, 0, 0, 3, 0, 3, 1, 1, 3, 1]",38,19,19,25,6,19,2022 Elche,1.001630012261837,1.0080645161290323
1386,La_Liga,2022,Espanol,"[1, 0, 0, 3, 0, 0, 1, 1, 3, 0, 1, 1, 1, 0, 1, 1, 3, 3, 0, 1, 0, 3, 3, 0, 0, 0, 0, 0, 0, 1, 0, 3, 0, 0, 3, 1, 1, 1]",38,19,19,37,20,17,2022 Espanol,3.646733177171077,2.6525198938992043
1387,La_Liga,2022,Getafe,"[0, 0, 1, 0, 3, 3, 0, 0, 1, 1, 1, 3, 1, 0, 3, 0, 0, 0, 0, 1, 1, 3, 0, 3, 1, 3, 1, 0, 1, 0, 0, 0, 3, 0, 1, 3, 3, 1]",38,19,19,42,17,25,2022 Getafe,1.064030563794502,1.1273957158962795
1388,La_Liga,2022,Girona,"[0, 3, 0, 1, 3, 0, 0, 0, 1, 0, 1, 1, 3, 3, 1, 1, 3, 0, 0, 3, 0, 3, 3, 0, 0, 1, 3, 1, 3, 0, 3, 3, 3, 1, 0, 1, 0, 0]",38,19,19,49,21,28,2022 Girona,1.1021676008586963,1.1933174224343674
1389,La_Liga,2022,Mallorca,"[1, 0, 3, 1, 0, 3, 0, 1, 0, 0, 3, 1, 3, 3, 0, 3, 0, 3, 0, 3, 0, 3, 0, 0, 1, 0, 1, 1, 3, 3, 0, 1, 0, 3, 0, 3, 0, 3]",38,19,19,50,25,25,2022 Mallorca,2.0,1.7889087656529516
1390,La_Liga,2022,Osasuna,"[3, 3, 0, 3, 3, 0, 1, 0, 0, 3, 1, 3, 3, 0, 0, 1, 3, 1, 0, 1, 1, 0, 3, 1, 0, 0, 1, 3, 0, 3, 3, 0, 0, 3, 0, 3, 0, 3]",38,19,19,53,28,25,2022 Osasuna,3.4891642070530895,2.457002457002457
1391,La_Liga,2022,Real Madrid,"[3, 3, 3, 3, 3, 3, 1, 3, 3, 3, 3, 1, 0, 3, 3, 0, 3, 1, 3, 0, 3, 3, 1, 1, 3, 0, 3, 0, 3, 3, 0, 3, 0, 3, 0, 3, 3, 1]",38,19,19,78,45,33,2022 Real Madrid,128.11369025364752,12.251899044351875
1392,La_Liga,2022,Sevilla,"[0, 1, 0, 0, 3, 1, 0, 1, 3, 1, 0, 0, 1, 0, 1, 3, 0, 3, 3, 0, 3, 1, 0, 0, 3, 0, 3, 1, 3, 3, 3, 0, 3, 3, 1, 1, 0, 0]",38,19,19,49,21,28,2022 Sevilla,1.1021676008586963,1.2048192771084338
1393,La_Liga,2022,Sociedad,"[3, 0, 3, 1, 0, 3, 3, 3, 3, 3, 0, 0, 1, 3, 3, 3, 3, 3, 1, 0, 3, 1, 0, 1, 1, 3, 0, 3, 0, 3, 1, 3, 3, 1, 3, 3, 0, 3]",38,19,19,71,39,32,2022 Sociedad,11.352938052672288,4.098360655737705
1394,La_Liga,2022,Valencia,"[3, 0, 0, 3, 0, 3, 1, 3, 1, 1, 0, 0, 1, 3, 0, 0, 1, 0, 0, 0, 0, 0, 3, 0, 3, 0, 1, 0, 0, 3, 3, 0, 1, 3, 3, 0, 1, 1]",38,19,19,42,20,22,2022 Valencia,1.5358365198579023,1.5772870662460567
1395,La_Liga,2022,Valladolid,"[0, 1, 0, 3, 0, 0, 3, 1, 0, 3, 3, 0, 3, 0, 0, 0, 0, 0, 3, 3, 1, 0, 0, 3, 1, 0, 0, 1, 3, 3, 0, 0, 0, 0, 0, 3, 1, 1]",38,19,19,40,20,20,2022 Valladolid,2.0,1.8214936247723132
1396,La_Liga,2022,Vallecano,"[1, 3, 0, 0, 3, 0, 3, 0, 1, 1, 3, 3, 3, 1, 1, 0, 3, 0, 3, 3, 1, 1, 0, 1, 0, 1, 1, 0, 3, 0, 3, 0, 3, 0, 0, 0, 3, 0]",38,19,19,49,29,20,2022 Vallecano,22.56758209064213,6.8493150684931505
1397,La_Liga,2022,Villarreal,"[3, 3, 1, 3, 0, 1, 1, 0, 3, 0, 3, 0, 0, 3, 3, 3, 1, 3, 0, 0, 0, 0, 3, 3, 1, 3, 3, 3, 0, 0, 3, 3, 1, 3, 3, 3, 0, 1]",38,19,19,64,31,33,2022 Villarreal,1.5453660141493664,1.5822784810126582
1398,La_Liga,2023,Alaves,"[0, 3, 0, 3, 0, 0, 1, 0, 1, 1, 0, 3, 0, 3, 1, 0, 0, 0, 1, 3, 3, 3, 0, 1, 1, 1, 0, 3, 0, 0, 0, 3, 3, 3, 1, 0, 3, 1]",38,19,19,46,17,29,2023 Alaves,1.0111075104038234,1.0626992561105206
1399,La_Liga,2023,Almeria,"[0, 0, 1, 0, 0, 1, 0, 1, 0, 0, 0, 0, 0, 0, 1, 0, 1, 0, 0, 1, 0, 0, 0, 1, 1, 1, 0, 1, 3, 0, 1, 0, 0, 3, 0, 0, 1, 3]",38,19,19,21,5,16,2023 Almeria,1.003950192076003,1.0090817356205852
1400,La_Liga,2023,Ath Bilbao,"[0, 3, 3, 1, 3, 3, 1, 0, 3, 0, 1, 3, 3, 1, 3, 1, 3, 3, 3, 3, 0, 1, 3, 1, 3, 0, 1, 3, 3, 0, 1, 1, 0, 3, 1, 0, 3, 3]",38,19,19,68,38,30,2023 Ath Bilbao,15.785342932787795,5.154639175257732
1401,La_Liga,2023,Ath Madrid,"[3, 1, 3, 0, 3, 3, 3, 3, 3, 3, 0, 3, 3, 0, 3, 0, 1, 3, 0, 3, 3, 3, 1, 0, 3, 1, 3, 0, 0, 3, 3, 0, 3, 3, 3, 3, 0, 3]",38,19,19,76,38,38,2023 Ath Madrid,2.0,1.8281535648994516
1402,La_Liga,2023,Barcelona,"[1, 3, 3, 3, 3, 3, 1, 3, 1, 3, 0, 3, 3, 1, 3, 0, 1, 3, 3, 3, 0, 3, 3, 1, 3, 3, 1, 3, 3, 3, 3, 0, 3, 0, 3, 3, 3, 3]",38,19,19,85,41,44,2023 Barcelona,1.3502799193440886,1.3774104683195592
1403,La_Liga,2023,Betis,"[3, 1, 0, 3, 0, 1, 1, 3, 1, 1, 3, 3, 1, 3, 1, 1, 1, 1, 0, 3, 0, 3, 1, 3, 1, 3, 0, 0, 0, 0, 3, 3, 1, 3, 3, 1, 0, 1]",38,19,19,57,28,29,2023 Betis,1.74126836038121,1.6611295681063123
1404,La_Liga,2023,Cadiz,"[3, 0, 1, 3, 0, 1, 1, 0, 0, 0, 1, 0, 0, 1, 1, 1, 1, 1, 0, 0, 0, 1, 1, 0, 0, 1, 1, 3, 0, 3, 0, 0, 1, 0, 3, 3, 1, 0]",38,19,19,33,15,18,2023 Cadiz,1.3657061440870506,1.3386880856760375
1405,La_Liga,2023,Celta,"[0, 1, 0, 3, 0, 0, 1, 0, 1, 0, 0, 1, 0, 1, 1, 1, 3, 0, 3, 1, 0, 0, 3, 0, 0, 1, 3, 0, 3, 1, 0, 3, 0, 3, 0, 3, 3, 1]",38,19,19,41,16,25,2023 Celta,1.0411285386929972,1.1160714285714286
1406,La_Liga,2023,Getafe,"[1, 0, 3, 0, 3, 0, 1, 1, 1, 1, 1, 3, 1, 3, 0, 3, 3, 1, 0, 0, 3, 0, 1, 3, 1, 0, 1, 0, 3, 0, 1, 1, 3, 0, 0, 0, 0, 0]",38,19,19,43,26,17,2023 Getafe,24.38659762952152,7.874015748031496
1407,La_Liga,2023,Girona,"[1, 3, 3, 3, 3, 3, 3, 0, 3, 3, 3, 3, 3, 1, 3, 3, 3, 1, 3, 1, 3, 3, 1, 0, 0, 3, 0, 3, 0, 3, 0, 3, 3, 3, 1, 0, 3, 3]",38,19,19,81,48,33,2023 Girona,1025.6095358641292,30.358227079538555
1408,La_Liga,2023,Granada,"[0, 0, 3, 0, 0, 0, 1, 1, 1, 0, 0, 0, 1, 0, 0, 1, 0, 0, 3, 0, 0, 0, 1, 1, 1, 0, 0, 0, 0, 0, 3, 1, 3, 0, 0, 0, 0, 0]",38,19,19,21,11,10,2023 Granada,2.4719182778652606,2.0080321285140563
1409,La_Liga,2023,Las Palmas,"[1, 0, 1, 0, 0, 3, 0, 3, 3, 0, 3, 3, 1, 0, 3, 3, 1, 0, 0, 3, 3, 0, 1, 3, 0, 1, 1, 0, 0, 0, 0, 0, 0, 0, 0, 1, 1, 1]",38,19,19,40,25,15,2023 Las Palmas,40.2366498757811,7.575757575757576
1410,La_Liga,2023,Mallorca,"[1, 0, 0, 1, 3, 0, 1, 1, 1, 0, 1, 0, 0, 1, 1, 3, 1, 3, 0, 1, 1, 0, 0, 3, 0, 1, 3, 0, 3, 1, 0, 0, 1, 0, 3, 1, 1, 3]",38,19,19,40,18,22,2023 Mallorca,1.2758819421237624,1.303780964797914
1411,La_Liga,2023,Osasuna,"[3, 0, 3, 0, 0, 1, 0, 3, 0, 3, 0, 0, 1, 0, 1, 1, 3, 0, 3, 3, 1, 0, 0, 3, 3, 1, 3, 0, 0, 3, 0, 0, 0, 0, 1, 1, 3, 1]",38,19,19,45,22,23,2023 Osasuna,1.7361812147263311,1.7064846416382253
1412,La_Liga,2023,Real Madrid,"[3, 3, 3, 3, 3, 0, 3, 3, 3, 1, 3, 1, 3, 3, 3, 1, 3, 3, 3, 3, 3, 3, 1, 3, 1, 3, 1, 3, 3, 3, 3, 3, 3, 3, 3, 3, 1, 1]",38,19,19,95,48,47,2023 Real Madrid,2.4950951685162406,2.0202020202020203
1413,La_Liga,2023,Sevilla,"[0, 0, 0, 3, 1, 3, 0, 1, 1, 1, 1, 1, 0, 1, 0, 0, 3, 0, 0, 0, 0, 1, 3, 3, 1, 0, 3, 1, 0, 3, 3, 3, 1, 3, 0, 0, 0, 0]",38,19,19,41,16,25,2023 Sevilla,1.0411285386929972,1.1013215859030836
1414,La_Liga,2023,Sociedad,"[1, 1, 1, 3, 0, 3, 3, 3, 0, 3, 1, 0, 3, 3, 1, 3, 1, 1, 1, 0, 3, 1, 1, 0, 3, 0, 0, 3, 3, 3, 1, 1, 0, 3, 0, 3, 3, 0]",38,19,19,60,32,28,2023 Sociedad,4.4143398513824055,2.73972602739726
1415,La_Liga,2023,Valencia,"[3, 3, 0, 0, 3, 1, 0, 0, 1, 3, 1, 3, 0, 1, 0, 0, 1, 3, 3, 3, 3, 0, 3, 0, 1, 1, 3, 0, 1, 3, 3, 0, 0, 0, 1, 0, 0, 1]",38,19,19,49,26,23,2023 Valencia,3.506757699596242,2.4038461538461537
1416,La_Liga,2023,Vallecano,"[3, 3, 0, 0, 3, 1, 1, 1, 1, 3, 1, 1, 0, 1, 0, 1, 0, 0, 3, 0, 1, 0, 0, 0, 1, 0, 1, 0, 3, 1, 1, 3, 0, 0, 1, 3, 0, 0]",38,19,19,38,23,15,2023 Vallecano,17.863306612820914,7.407407407407407
1417,La_Liga,2023,Villarreal,"[0, 3, 0, 0, 3, 1, 0, 1, 0, 1, 3, 0, 0, 3, 1, 0, 0, 3, 0, 0, 1, 3, 1, 1, 1, 3, 3, 3, 3, 0, 1, 3, 3, 0, 3, 3, 1, 1]",38,19,19,53,19,34,2023 Villarreal,1.0024318791636129,1.0224948875255624
1418,La_Liga,2024,Alaves,"[0, 1, 3, 3, 0, 3, 0, 0, 0, 0, 0, 3, 0, 0, 1, 1, 1, 1, 0, 3, 1, 0, 0, 1, 0, 1, 3, 1, 0, 3, 0, 1, 3, 1, 0, 3, 3, 1]",38,19,19,42,17,25,2024 Alaves,1.064030563794502,1.1286681715575622
1419,La_Liga,2024,Ath Bilbao,"[1, 0, 3, 0, 3, 3, 3, 1, 0, 3, 1, 1, 1, 3, 3, 3, 3, 1, 3, 3, 1, 1, 3, 1, 3, 0, 1, 3, 1, 1, 3, 0, 3, 1, 3, 3, 3, 0]",38,19,19,70,36,34,2024 Ath Bilbao,2.8554949064553266,2.1551724137931036
1420,La_Liga,2024,Ath Madrid,"[1, 3, 1, 3, 3, 1, 3, 1, 1, 3, 0, 3, 3, 3, 3, 3, 3, 3, 3, 0, 1, 3, 1, 1, 3, 3, 0, 0, 1, 3, 3, 0, 3, 1, 3, 0, 3, 3]",38,19,19,76,44,32,2024 Ath Madrid,116.83444293868286,13.766519823788546
1421,La_Liga,2024,Barcelona,"[3, 3, 3, 3, 3, 3, 3, 0, 3, 3, 3, 3, 0, 1, 0, 3, 1, 0, 0, 1, 3, 3, 3, 3, 3, 3, 3, 3, 3, 1, 3, 3, 3, 3, 3, 3, 0, 3]",38,19,19,88,38,50,2024 Barcelona,1.0037103987741478,1.0471204188481675
1422,La_Liga,2024,Betis,"[1, 1, 0, 3, 3, 0, 1, 3, 0, 3, 3, 1, 1, 0, 0, 1, 3, 1, 0, 0, 3, 1, 0, 3, 3, 3, 3, 3, 3, 1, 0, 3, 3, 3, 1, 1, 0, 1]",38,19,19,60,25,35,2024 Betis,1.031292865112548,1.092896174863388
1423,La_Liga,2024,Celta,"[3, 3, 0, 0, 3, 0, 0, 1, 3, 0, 0, 3, 1, 1, 0, 3, 0, 3, 0, 0, 1, 0, 3, 1, 3, 1, 3, 3, 1, 3, 0, 0, 3, 0, 3, 3, 0, 3]",38,19,19,55,24,31,2024 Celta,1.104673732573778,1.2121212121212122
1424,La_Liga,2024,Espanol,"[0, 0, 1, 3, 3, 0, 0, 0, 3, 0, 0, 0, 0, 3, 0, 1, 1, 0, 1, 3, 1, 3, 0, 1, 3, 1, 0, 1, 3, 3, 3, 1, 0, 0, 0, 0, 0, 3]",38,19,19,42,16,26,2024 Espanol,1.0267913398609234,1.0893246187363834
1425,La_Liga,2024,Getafe,"[1, 1, 1, 0, 0, 1, 0, 3, 1, 1, 1, 0, 0, 3, 0, 3, 0, 0, 3, 1, 3, 1, 3, 3, 0, 0, 3, 3, 0, 3, 0, 0, 0, 0, 0, 0, 3, 0]",38,19,19,42,19,23,2024 Getafe,1.2798929626735887,1.349527665317139
1426,La_Liga,2024,Girona,"[1, 0, 3, 3, 0, 0, 1, 1, 3, 0, 0, 3, 3, 3, 1, 0, 0, 3, 3, 0, 0, 3, 0, 0, 0, 1, 1, 1, 0, 0, 0, 0, 1, 3, 0, 3, 0, 0]",38,19,19,41,28,13,2024 Girona,585.2269126748638,24.348672997321646
1427,La_Liga,2024,Las Palmas,"[1, 0, 1, 0, 0, 0, 1, 0, 0, 3, 3, 0, 3, 0, 3, 3, 1, 3, 0, 0, 1, 0, 0, 0, 0, 1, 0, 1, 1, 0, 3, 3, 0, 0, 0, 0, 0, 0]",38,19,19,32,22,10,2024 Las Palmas,161.59456076949826,14.524328249818446
1428,La_Liga,2024,Leganes,"[1, 3, 1, 0, 0, 0, 1, 1, 1, 0, 3, 0, 3, 0, 1, 0, 3, 0, 1, 3, 1, 0, 0, 1, 0, 3, 0, 0, 0, 1, 0, 1, 1, 1, 3, 0, 3, 3]",38,19,19,40,19,21,2024 Leganes,1.5322041086684106,1.5384615384615385
1429,La_Liga,2024,Mallorca,"[1, 0, 1, 3, 0, 3, 3, 3, 0, 3, 1, 0, 0, 3, 3, 0, 0, 3, 3, 0, 0, 0, 1, 3, 1, 1, 1, 3, 0, 0, 3, 1, 0, 0, 3, 0, 0, 1]",38,19,19,48,30,18,2024 Mallorca,87.62541635316123,10.997470581766194
1430,La_Liga,2024,Osasuna,"[1, 3, 0, 3, 0, 3, 1, 3, 1, 0, 3, 3, 0, 1, 1, 1, 1, 0, 0, 1, 1, 3, 1, 1, 0, 1, 0, 0, 1, 1, 3, 3, 3, 0, 1, 3, 3, 1]",38,19,19,52,25,27,2024 Osasuna,1.5466162729447641,1.5015015015015014
1431,La_Liga,2024,Real Madrid,"[1, 3, 1, 3, 3, 3, 3, 1, 3, 3, 0, 3, 3, 3, 0, 3, 1, 3, 3, 3, 3, 0, 1, 1, 3, 0, 3, 3, 3, 0, 3, 3, 3, 3, 0, 3, 3, 3]",38,19,19,84,43,41,2024 Real Madrid,2.9825992752869435,2.2172949002217295
1432,La_Liga,2024,Sevilla,"[1, 0, 1, 0, 3, 0, 3, 1, 3, 0, 3, 0, 0, 3, 1, 0, 3, 0, 1, 3, 1, 1, 0, 3, 1, 1, 3, 0, 0, 0, 0, 1, 0, 1, 0, 3, 0, 0]",38,19,19,41,23,18,2024 Sevilla,6.0761760152112805,3.4602076124567476
1433,La_Liga,2024,Sociedad,"[0, 3, 0, 1, 0, 0, 1, 3, 1, 3, 0, 3, 3, 0, 3, 3, 1, 0, 3, 0, 0, 0, 3, 0, 3, 0, 0, 1, 3, 3, 0, 1, 0, 1, 0, 0, 3, 0]",38,19,19,46,28,18,2024 Sociedad,35.55261687005604,6.896551724137931
1434,La_Liga,2024,Valencia,"[0, 0, 0, 1, 0, 3, 1, 0, 1, 0, 1, 3, 0, 0, 0, 1, 1, 0, 1, 3, 0, 3, 3, 1, 0, 1, 3, 1, 3, 3, 3, 1, 1, 3, 3, 0, 0, 1]",38,19,19,46,13,33,2024 Valencia,1.0000672420360701,1.001001001001001
1435,La_Liga,2024,Valladolid,"[3, 0, 1, 0, 0, 1, 0, 0, 0, 3, 0, 0, 1, 0, 0, 0, 3, 0, 3, 0, 0, 0, 0, 0, 0, 1, 0, 0, 0, 0, 0, 0, 0, 0, 0, 0, 0, 0]",38,19,19,16,15,1,2024 Valladolid,12495.251145953682,90.66183136899366
1436,La_Liga,2024,Vallecano,"[3, 1, 0, 0, 3, 1, 1, 1, 3, 0, 3, 0, 0, 0, 3, 1, 1, 1, 3, 1, 3, 3, 3, 0, 0, 1, 0, 1, 3, 0, 0, 1, 0, 3, 3, 1, 3, 1]",38,19,19,52,25,27,2024 Vallecano,1.5466162729447641,1.589825119236884
1437,La_Liga,2024,Villarreal,"[1, 3, 3, 1, 3, 0, 3, 3, 0, 1, 3, 3, 1, 1, 0, 0, 1, 3, 0, 3, 1, 3, 3, 1, 3, 0, 0, 3, 1, 3, 1, 0, 3, 3, 3, 3, 3, 3]",38,19,19,70,30,40,2024 Villarreal,1.027944746537863,1.0729613733905579
