League,Season,Team,Sequence,Sequence_Numeric,n3*,c3*
Bundesliga,2000,Bayern Munich,"[3, 3, 3, 0, 3, 3, 0, 0, 3, 1, 3, 0, 0, 1, 3, 1, 3, 3, 3, 3, 3, 0, 1, 0, 3, 3, 0, 1, 0, 3, 3, 3, 3, 1, 0]","[3, 3, 3, 0, 3, 3, 0, 0, 3, 1, 3, 0, 0, 1, 3, 1, 3, 3, 3, 3, 3, 0, 1, 0, 3, 3, 0, 1, 0, 3, 3, 3, 3, 1, 0]",14,5.9880239520958085
Bundesliga,2000,Bochum,"[3, 0, 0, 0, 3, 1, 3, 0, 0, 0, 1, 0, 1, 0, 3, 0, 3, 0, 0, 0, 0, 1, 1, 0, 0, 0, 3, 3, 0, 0, 1, 0, 0, 0]","[3, 0, 0, 0, 3, 1, 3, 0, 0, 0, 1, 0, 1, 0, 3, 0, 3, 0, 0, 0, 0, 1, 1, 0, 0, 0, 3, 3, 0, 0, 1, 0, 0, 0]",6,8.0
Bundesliga,2000,Cottbus,"[0, 0, 0, 3, 0, 0, 1, 3, 0, 3, 1, 3, 0, 0, 3, 0, 0, 3, 0, 3, 0, 0, 3, 0, 0, 3, 0, 1, 0, 3, 0, 0, 3, 3, 3]","[0, 0, 0, 3, 0, 0, 1, 3, 0, 3, 1, 3, 0, 0, 3, 0, 0, 3, 0, 3, 0, 0, 3, 0, 0, 3, 0, 1, 0, 3, 0, 0, 3, 3, 3]",15,1.529051987767584
Bundesliga,2000,Dortmund,"[3, 3, 0, 3, 3, 0, 1, 3, 0, 0, 0, 3, 1, 3, 3, 3, 1, 3, 3, 0, 1, 3, 1, 3, 1, 0, 3, 1, 0, 3, 1, 1, 3, 1, 3]","[3, 3, 0, 3, 3, 0, 1, 3, 0, 0, 0, 3, 1, 3, 3, 3, 1, 3, 3, 0, 1, 3, 1, 3, 1, 0, 3, 1, 0, 3, 1, 1, 3, 1, 3]",16,3.7735849056603774
Bundesliga,2000,Ein Frankfurt,"[3, 0, 3, 0, 3, 1, 1, 0, 0, 3, 0, 3, 3, 0, 0, 0, 0, 0, 0, 3, 3, 1, 0, 0, 1, 1, 0, 0, 0, 0, 0, 3, 0, 3]","[3, 0, 3, 0, 3, 1, 1, 0, 0, 3, 0, 3, 3, 0, 0, 0, 0, 0, 0, 3, 3, 1, 0, 0, 1, 1, 0, 0, 0, 0, 0, 3, 0, 3]",13,5.9523809523809526
Bundesliga,2000,FC Koln,"[0, 3, 1, 1, 0, 0, 0, 3, 0, 3, 1, 3, 3, 3, 3, 0, 1, 1, 3, 0, 0, 0, 1, 3, 3, 1, 3, 1, 1, 0, 3, 0, 0, 1, 1]","[0, 3, 1, 1, 0, 0, 0, 3, 0, 3, 1, 3, 3, 3, 3, 0, 1, 1, 3, 0, 0, 0, 1, 3, 3, 1, 3, 1, 1, 0, 3, 0, 0, 1, 1]",4,7.462686567164179
Bundesliga,2000,Freiburg,"[3, 1, 1, 1, 3, 0, 0, 0, 3, 0, 0, 0, 3, 1, 1, 3, 3, 1, 3, 3, 1, 3, 0, 0, 1, 1, 3, 1, 3, 3, 0, 3, 3, 3, 3]","[3, 1, 1, 1, 3, 0, 0, 0, 3, 0, 0, 0, 3, 1, 1, 3, 3, 1, 3, 3, 1, 3, 0, 0, 1, 1, 3, 1, 3, 3, 0, 3, 3, 3, 3]",13,1.2953367875647668
Bundesliga,2000,Hamburg,"[1, 0, 3, 3, 0, 1, 3, 1, 3, 0, 3, 0, 0, 0, 0, 3, 0, 0, 0, 0, 3, 0, 3, 3, 1, 1, 1, 1, 1, 1, 3, 1, 0, 1, 0]","[1, 0, 3, 3, 0, 1, 3, 1, 3, 0, 3, 0, 0, 0, 0, 3, 0, 0, 0, 0, 3, 0, 3, 3, 1, 1, 1, 1, 1, 1, 3, 1, 0, 1, 0]",4,5.813953488372093
Bundesliga,2000,Hansa Rostock,"[0, 0, 0, 1, 3, 3, 3, 0, 3, 1, 0, 1, 0, 3, 0, 0, 3, 0, 0, 0, 1, 3, 3, 3, 0, 3, 0, 1, 1, 3, 0, 3, 1, 0]","[0, 0, 0, 1, 3, 3, 3, 0, 3, 1, 0, 1, 0, 3, 0, 0, 3, 0, 0, 0, 1, 3, 3, 3, 0, 3, 0, 1, 1, 3, 0, 3, 1, 0]",2,2.7472527472527473
Bundesliga,2000,Hertha,"[0, 3, 3, 0, 3, 0, 3, 3, 3, 3, 3, 0, 0, 3, 1, 0, 0, 0, 3, 3, 0, 3, 0, 3, 3, 0, 3, 0, 3, 0, 3, 0, 1, 3, 1]","[0, 3, 3, 0, 3, 0, 3, 3, 3, 3, 3, 0, 0, 3, 1, 0, 0, 0, 3, 3, 0, 3, 0, 3, 3, 0, 3, 0, 3, 0, 3, 0, 1, 3, 1]",4,3.6101083032490973
Bundesliga,2000,Kaiserslautern,"[0, 0, 3, 1, 3, 0, 1, 3, 3, 3, 3, 0, 0, 0, 3, 1, 3, 3, 1, 0, 3, 3, 0, 3, 3, 3, 0, 0, 3, 0, 0, 1, 0, 0, 3]","[0, 0, 3, 1, 3, 0, 1, 3, 3, 3, 3, 0, 0, 0, 3, 1, 3, 3, 1, 0, 3, 3, 0, 3, 3, 3, 0, 0, 3, 0, 0, 1, 0, 0, 3]",9,20.0
Bundesliga,2000,Leverkusen,"[3, 0, 3, 1, 0, 3, 1, 1, 3, 1, 3, 3, 3, 3, 0, 3, 0, 0, 3, 3, 3, 0, 0, 0, 3, 3, 0, 3, 0, 1, 3, 0, 1, 3, 3]","[3, 0, 3, 1, 0, 3, 1, 1, 3, 1, 3, 3, 3, 3, 0, 3, 0, 0, 3, 3, 3, 0, 0, 0, 3, 3, 0, 3, 0, 1, 3, 0, 1, 3, 3]",14,4.830917874396135
Bundesliga,2000,Munich 1860,"[1, 3, 3, 1, 0, 3, 1, 0, 0, 0, 1, 1, 1, 0, 0, 3, 3, 3, 0, 3, 0, 1, 3, 3, 0, 0, 0, 0, 3, 3, 0, 3, 1, 0, 0]","[1, 3, 3, 1, 0, 3, 1, 0, 0, 0, 1, 1, 1, 0, 0, 3, 3, 3, 0, 3, 0, 1, 3, 3, 0, 0, 0, 0, 3, 3, 0, 3, 1, 0, 0]",11,6.451612903225806
Bundesliga,2000,Schalke 04,"[3, 3, 3, 1, 1, 3, 0, 3, 0, 1, 0, 3, 3, 3, 0, 3, 3, 1, 3, 0, 3, 0, 1, 0, 1, 1, 3, 3, 3, 3, 1, 3, 0, 3]","[3, 3, 3, 1, 1, 3, 0, 3, 0, 1, 0, 3, 3, 3, 0, 3, 3, 1, 3, 0, 3, 0, 1, 0, 1, 1, 3, 3, 3, 3, 1, 3, 0, 3]",15,3.067484662576687
Bundesliga,2000,Stuttgart,"[0, 3, 0, 3, 0, 1, 1, 1, 1, 0, 3, 0, 1, 0, 0, 0, 3, 1, 0, 3, 0, 0, 1, 3, 1, 1, 0, 1, 3, 0, 3, 1, 3, 0, 1]","[0, 3, 0, 3, 0, 1, 1, 1, 1, 0, 3, 0, 1, 0, 0, 0, 3, 1, 0, 3, 0, 0, 1, 3, 1, 1, 0, 1, 3, 0, 3, 1, 3, 0, 1]",2,2.320185614849188
Bundesliga,2000,Unterhaching,"[0, 1, 0, 1, 0, 3, 0, 0, 1, 3, 1, 1, 3, 3, 0, 0, 3, 1, 0, 0, 0, 3, 3, 0, 0, 1, 1, 1, 1, 0, 3, 1, 0, 0]","[0, 1, 0, 1, 0, 3, 0, 0, 1, 3, 1, 1, 3, 3, 0, 0, 3, 1, 0, 0, 0, 3, 3, 0, 0, 1, 1, 1, 1, 0, 3, 1, 0, 0]",11,5.1020408163265305
Bundesliga,2000,Werder Bremen,"[3, 0, 0, 0, 1, 1, 3, 1, 0, 1, 0, 3, 1, 3, 3, 0, 0, 1, 3, 3, 1, 3, 3, 3, 0, 0, 3, 3, 3, 0, 0, 1, 3, 3, 0]","[3, 0, 0, 0, 1, 1, 3, 1, 0, 1, 0, 3, 1, 3, 3, 0, 0, 1, 3, 3, 1, 3, 3, 3, 0, 0, 3, 3, 3, 0, 0, 1, 3, 3, 0]",6,3.257328990228013
Bundesliga,2000,Wolfsburg,"[0, 3, 0, 3, 0, 1, 1, 3, 3, 1, 1, 1, 1, 0, 3, 3, 0, 3, 1, 0, 3, 1, 0, 0, 3, 1, 3, 1, 0, 3, 1, 0, 3, 0, 0]","[0, 3, 0, 3, 0, 1, 1, 3, 3, 1, 1, 1, 1, 0, 3, 3, 0, 3, 1, 0, 3, 1, 0, 0, 3, 1, 3, 1, 0, 3, 1, 0, 3, 0, 0]",2,8.620689655172415
Bundesliga,2001,Bayern Munich,"[3, 1, 3, 3, 3, 3, 3, 3, 3, 3, 3, 0, 1, 0, 1, 0, 1, 0, 3, 0, 1, 3, 3, 3, 3, 1, 3, 1, 1, 3, 3, 3, 3]","[3, 1, 3, 3, 3, 3, 3, 3, 3, 3, 3, 0, 1, 0, 1, 0, 1, 0, 3, 0, 1, 3, 3, 3, 3, 1, 3, 1, 1, 3, 3, 3, 3]",16,1.5015015015015014
Bundesliga,2001,Cottbus,"[0, 3, 3, 1, 1, 0, 0, 0, 0, 0, 0, 1, 1, 0, 0, 1, 0, 3, 0, 3, 0, 3, 0, 3, 0, 3, 0, 3, 1, 1, 1, 0, 0]","[0, 3, 3, 1, 1, 0, 0, 0, 0, 0, 0, 1, 1, 0, 0, 1, 0, 3, 0, 3, 0, 3, 0, 3, 0, 3, 0, 3, 1, 1, 1, 0, 0]",2,4.098360655737705
Bundesliga,2001,Dortmund,"[3, 3, 3, 0, 0, 1, 3, 3, 0, 3, 3, 3, 3, 3, 3, 1, 1, 3, 1, 3, 1, 1, 0, 1, 3, 3, 3, 0, 3, 0, 3, 3, 3]","[3, 3, 3, 0, 0, 1, 3, 3, 0, 3, 3, 3, 3, 3, 3, 1, 1, 3, 1, 3, 1, 1, 0, 1, 3, 3, 3, 0, 3, 0, 3, 3, 3]",15,3.6496350364963503
Bundesliga,2001,FC Koln,"[3, 0, 0, 3, 1, 0, 0, 0, 0, 0, 0, 0, 3, 0, 1, 1, 1, 0, 0, 0, 0, 1, 0, 1, 0, 3, 0, 1, 0, 3, 0, 3, 3]","[3, 0, 0, 3, 1, 0, 0, 0, 0, 0, 0, 0, 3, 0, 1, 1, 1, 0, 0, 0, 0, 1, 0, 1, 0, 3, 0, 1, 0, 3, 0, 3, 3]",16,1.3831258644536653
Bundesliga,2001,Freiburg,"[0, 0, 1, 1, 0, 3, 0, 1, 3, 1, 3, 0, 0, 0, 1, 1, 0, 3, 1, 1, 0, 0, 0, 1, 0, 0, 0, 0, 0, 0, 3, 0, 3]","[0, 0, 1, 1, 0, 3, 0, 1, 3, 1, 3, 0, 0, 0, 1, 1, 0, 3, 1, 1, 0, 0, 0, 1, 0, 0, 0, 0, 0, 0, 3, 0, 3]",13,5.681818181818182
Bundesliga,2001,Hamburg,"[3, 1, 0, 0, 1, 0, 1, 3, 3, 0, 0, 1, 0, 3, 0, 1, 3, 0, 3, 1, 3, 0, 3, 3, 0, 1, 1, 1, 0, 1, 3, 0, 0]","[3, 1, 0, 0, 1, 0, 1, 3, 3, 0, 0, 1, 0, 3, 0, 1, 3, 0, 3, 1, 3, 0, 3, 3, 0, 1, 1, 1, 0, 1, 3, 0, 0]",2,7.092198581560283
Bundesliga,2001,Hansa Rostock,"[0, 3, 0, 0, 1, 1, 0, 1, 0, 3, 3, 0, 0, 1, 0, 3, 3, 0, 0, 3, 0, 3, 0, 1, 0, 3, 0, 1, 0, 3, 0, 0, 1, 0]","[0, 3, 0, 0, 1, 1, 0, 1, 0, 3, 3, 0, 0, 1, 0, 3, 3, 0, 0, 3, 0, 3, 0, 1, 0, 3, 0, 1, 0, 3, 0, 0, 1, 0]",4,5.555555555555555
Bundesliga,2001,Hertha,"[0, 3, 0, 1, 3, 0, 3, 0, 3, 3, 3, 3, 1, 3, 1, 3, 1, 0, 1, 0, 3, 3, 3, 1, 3, 3, 3, 0, 3, 3, 0, 3, 0]","[0, 3, 0, 1, 3, 0, 3, 0, 3, 3, 3, 3, 1, 3, 1, 3, 1, 0, 1, 0, 3, 3, 3, 1, 3, 3, 3, 0, 3, 3, 0, 3, 0]",3,4.901960784313726
Bundesliga,2001,Kaiserslautern,"[3, 3, 3, 3, 3, 3, 0, 3, 0, 1, 0, 3, 0, 3, 3, 1, 0, 3, 3, 1, 0, 3, 0, 3, 0, 1, 0, 0, 1, 3, 0, 3, 0]","[3, 3, 3, 3, 3, 3, 0, 3, 0, 1, 0, 3, 0, 3, 3, 1, 0, 3, 3, 1, 0, 3, 0, 3, 0, 1, 0, 0, 1, 3, 0, 3, 0]",14,22.22222222222222
Bundesliga,2001,Leverkusen,"[3, 1, 1, 3, 3, 1, 3, 3, 3, 3, 3, 3, 3, 0, 3, 0, 0, 3, 0, 0, 3, 1, 3, 1, 3, 3, 3, 3, 3, 1, 0, 0, 3]","[3, 1, 1, 3, 3, 1, 3, 3, 3, 3, 3, 3, 3, 0, 3, 0, 0, 3, 0, 0, 3, 1, 3, 1, 3, 3, 3, 3, 3, 1, 0, 0, 3]",4,10.204081632653061
Bundesliga,2001,MGladbach,"[0, 1, 3, 0, 1, 1, 0, 0, 3, 1, 0, 1, 0, 1, 0, 1, 1, 0, 0, 3, 0, 3, 1, 3, 0, 3, 3, 3, 1, 0, 1, 1, 0]","[0, 1, 3, 0, 1, 1, 0, 0, 3, 1, 0, 1, 0, 1, 0, 1, 1, 0, 0, 3, 0, 3, 1, 3, 0, 3, 3, 3, 1, 0, 1, 1, 0]",5,4.587155963302752
Bundesliga,2001,Munich 1860,"[0, 1, 3, 3, 0, 3, 1, 0, 0, 0, 3, 0, 3, 3, 3, 1, 3, 3, 0, 3, 0, 0, 3, 3, 0, 0, 0, 3, 0, 3, 1, 1, 3]","[0, 1, 3, 3, 0, 3, 1, 0, 0, 0, 3, 0, 3, 3, 3, 1, 3, 3, 0, 3, 0, 0, 3, 3, 0, 0, 0, 3, 0, 3, 1, 1, 3]",9,3.6363636363636362
Bundesliga,2001,Nurnberg,"[3, 0, 0, 0, 0, 3, 1, 0, 0, 0, 0, 3, 1, 0, 0, 1, 1, 0, 3, 3, 3, 0, 3, 0, 0, 0, 0, 3, 0, 0, 0, 3, 3]","[3, 0, 0, 0, 0, 3, 1, 0, 0, 0, 0, 3, 1, 0, 0, 1, 1, 0, 3, 3, 3, 0, 3, 0, 0, 0, 0, 3, 0, 0, 0, 3, 3]",10,2.570694087403599
Bundesliga,2001,Schalke 04,"[0, 1, 1, 3, 3, 3, 0, 3, 0, 3, 1, 3, 1, 0, 3, 1, 0, 3, 3, 3, 3, 3, 1, 3, 0, 3, 3, 3, 1, 3, 0, 3, 0, 0]","[0, 1, 1, 3, 3, 3, 0, 3, 0, 3, 1, 3, 1, 0, 3, 1, 0, 3, 3, 3, 3, 3, 1, 3, 0, 3, 3, 3, 1, 3, 0, 3, 0, 0]",2,15.384615384615385
Bundesliga,2001,St Pauli,"[1, 0, 0, 0, 0, 1, 0, 1, 3, 0, 0, 0, 0, 0, 0, 1, 1, 3, 0, 3, 0, 1, 1, 1, 3, 0, 0, 0, 1, 0, 0, 0, 0]","[1, 0, 0, 0, 0, 1, 0, 1, 3, 0, 0, 0, 0, 0, 0, 1, 1, 3, 0, 3, 0, 1, 1, 1, 3, 0, 0, 0, 1, 0, 0, 0, 0]",8,16.129032258064516
Bundesliga,2001,Stuttgart,"[0, 1, 3, 1, 3, 3, 0, 3, 0, 3, 0, 3, 1, 1, 0, 1, 1, 3, 3, 0, 0, 3, 1, 0, 0, 0, 3, 3, 3, 1, 1, 1, 3]","[0, 1, 3, 1, 3, 3, 0, 3, 0, 3, 0, 3, 1, 1, 0, 1, 1, 3, 3, 0, 0, 3, 1, 0, 0, 0, 3, 3, 3, 1, 1, 1, 3]",14,2.7027027027027026
Bundesliga,2001,Werder Bremen,"[3, 1, 0, 0, 1, 3, 3, 3, 0, 3, 3, 3, 3, 3, 3, 1, 3, 0, 0, 0, 3, 1, 0, 0, 3, 0, 0, 3, 1, 3, 3, 3, 0]","[3, 1, 0, 0, 1, 3, 3, 3, 0, 3, 3, 3, 3, 3, 3, 1, 3, 0, 0, 0, 3, 1, 0, 0, 3, 0, 0, 3, 1, 3, 3, 3, 0]",16,23.80952380952381
Bundesliga,2001,Wolfsburg,"[1, 0, 1, 1, 0, 0, 3, 3, 0, 0, 3, 0, 3, 3, 1, 3, 3, 0, 1, 1, 3, 0, 0, 0, 3, 1, 3, 0, 0, 3, 3, 0, 3]","[1, 0, 1, 1, 0, 0, 3, 3, 0, 0, 3, 0, 3, 3, 1, 3, 3, 0, 1, 1, 3, 0, 0, 0, 3, 1, 3, 0, 0, 3, 3, 0, 3]",16,2.336448598130841
Bundesliga,2002,Bayern Munich,"[1, 3, 3, 3, 3, 3, 0, 3, 3, 1, 0, 3, 3, 3, 3, 3, 1, 3, 1, 3, 3, 3, 3, 1, 0, 0, 3, 3, 3, 3, 0]","[1, 3, 3, 3, 3, 3, 0, 3, 3, 1, 0, 3, 3, 3, 3, 3, 1, 3, 1, 3, 3, 3, 3, 1, 0, 0, 3, 3, 3, 3, 0]",8,11.235955056179776
Bundesliga,2002,Bielefeld,"[3, 0, 3, 1, 0, 0, 3, 0, 1, 3, 0, 0, 0, 1, 3, 3, 1, 1, 1, 1, 0, 1, 3, 1, 0, 3, 1, 1, 0, 0, 0, 0]","[3, 0, 3, 1, 0, 0, 3, 0, 1, 3, 0, 0, 0, 1, 3, 3, 1, 1, 1, 1, 0, 1, 3, 1, 0, 3, 1, 1, 0, 0, 0, 0]",4,49.40711462450593
Bundesliga,2002,Bochum,"[3, 3, 3, 1, 0, 1, 0, 0, 3, 3, 0, 3, 0, 1, 0, 1, 1, 3, 0, 3, 1, 0, 0, 0, 0, 1, 0, 3, 3, 1, 3, 1, 3]","[3, 3, 3, 1, 0, 1, 0, 0, 3, 3, 0, 3, 0, 1, 0, 1, 1, 3, 0, 3, 1, 0, 0, 0, 0, 1, 0, 3, 3, 1, 3, 1, 3]",13,2.785515320334262
Bundesliga,2002,Cottbus,"[1, 0, 0, 3, 0, 0, 0, 0, 0, 1, 0, 0, 3, 1, 0, 1, 0, 3, 3, 1, 3, 0, 0, 0, 0, 0, 0, 1, 1, 1, 0, 3, 1]","[1, 0, 0, 3, 0, 0, 0, 0, 0, 1, 0, 0, 3, 1, 0, 1, 0, 3, 3, 1, 3, 0, 0, 0, 0, 0, 0, 1, 1, 1, 0, 3, 1]",12,4.3478260869565215
Bundesliga,2002,Dortmund,"[1, 1, 3, 1, 1, 3, 3, 3, 1, 3, 1, 0, 3, 0, 3, 3, 3, 0, 3, 1, 3, 0, 3, 1, 0, 1, 3, 1, 1, 3, 1, 1]","[1, 1, 3, 1, 1, 3, 3, 3, 1, 3, 1, 0, 3, 0, 3, 3, 3, 0, 3, 1, 3, 0, 3, 1, 0, 1, 3, 1, 1, 3, 1, 1]",9,6.410256410256411
Bundesliga,2002,Hamburg,"[3, 0, 0, 0, 3, 0, 3, 0, 3, 0, 1, 3, 3, 1, 3, 1, 1, 1, 3, 0, 3, 1, 3, 0, 3, 1, 1, 3, 1, 3, 1, 3]","[3, 0, 0, 0, 3, 0, 3, 0, 3, 0, 1, 3, 3, 1, 3, 1, 1, 1, 3, 0, 3, 1, 3, 0, 3, 1, 1, 3, 1, 3, 1, 3]",9,1.4285714285714286
Bundesliga,2002,Hannover,"[0, 0, 0, 0, 3, 1, 3, 0, 1, 1, 3, 3, 0, 0, 0, 0, 1, 1, 3, 3, 3, 3, 0, 3, 1, 0, 3, 0, 0, 3, 1, 3]","[0, 0, 0, 0, 3, 1, 3, 0, 1, 1, 3, 3, 0, 0, 0, 0, 1, 1, 3, 3, 3, 3, 0, 3, 1, 0, 3, 0, 0, 3, 1, 3]",8,1.658374792703151
Bundesliga,2002,Hansa Rostock,"[3, 3, 3, 0, 3, 0, 0, 1, 0, 0, 1, 0, 1, 1, 3, 0, 1, 0, 3, 1, 1, 0, 0, 3, 0, 3, 0, 0, 1, 3, 0, 3, 0]","[3, 3, 3, 0, 3, 0, 0, 1, 0, 0, 1, 0, 1, 1, 3, 0, 1, 0, 3, 1, 1, 0, 0, 3, 0, 3, 0, 0, 1, 3, 0, 3, 0]",14,2.4096385542168677
Bundesliga,2002,Hertha,"[1, 1, 1, 0, 3, 3, 0, 3, 3, 1, 0, 3, 3, 0, 0, 1, 0, 3, 0, 3, 1, 0, 3, 3, 3, 0, 3, 3, 3, 0, 0, 0, 3]","[1, 1, 1, 0, 3, 3, 0, 3, 3, 1, 0, 3, 3, 0, 0, 1, 0, 3, 0, 3, 1, 0, 3, 3, 3, 0, 3, 3, 3, 0, 0, 0, 3]",4,6.993006993006993
Bundesliga,2002,Kaiserslautern,"[1, 0, 0, 1, 0, 1, 0, 3, 0, 1, 0, 0, 0, 0, 3, 0, 3, 0, 1, 3, 3, 1, 3, 3, 3, 1, 3, 0, 3, 0, 1, 1, 0]","[1, 0, 0, 1, 0, 1, 0, 3, 0, 1, 0, 0, 0, 0, 3, 0, 3, 0, 1, 3, 3, 1, 3, 3, 3, 1, 3, 0, 3, 0, 1, 1, 0]",4,5.154639175257732
Bundesliga,2002,Leverkusen,"[1, 1, 0, 3, 0, 0, 3, 0, 3, 1, 0, 3, 1, 1, 0, 3, 0, 0, 0, 0, 3, 0, 1, 0, 3, 0, 0, 1, 3, 0, 3, 3]","[1, 1, 0, 3, 0, 0, 3, 0, 3, 1, 0, 3, 1, 1, 0, 3, 0, 0, 0, 0, 3, 0, 1, 0, 3, 0, 0, 1, 3, 0, 3, 3]",16,2.512562814070352
Bundesliga,2002,MGladbach,"[1, 0, 3, 3, 1, 0, 0, 3, 0, 0, 0, 3, 1, 1, 0, 3, 0, 0, 0, 0, 1, 3, 0, 3, 0, 3, 1, 1, 1, 3, 1, 3]","[1, 0, 3, 3, 1, 0, 0, 3, 0, 0, 0, 3, 1, 1, 0, 3, 0, 0, 0, 0, 1, 3, 0, 3, 0, 3, 1, 1, 1, 3, 1, 3]",16,1.6778523489932886
Bundesliga,2002,Munich 1860,"[0, 3, 3, 0, 1, 1, 3, 0, 3, 3, 3, 0, 0, 1, 3, 0, 1, 3, 0, 1, 1, 0, 0, 1, 3, 0, 1, 1, 3, 3, 0, 0]","[0, 3, 3, 0, 1, 1, 3, 0, 3, 3, 3, 0, 0, 1, 3, 0, 1, 3, 0, 1, 1, 0, 0, 1, 3, 0, 1, 1, 3, 3, 0, 0]",2,7.092198581560283
Bundesliga,2002,Nurnberg,"[0, 0, 3, 0, 0, 3, 3, 0, 0, 1, 3, 3, 0, 1, 0, 1, 3, 0, 0, 0, 1, 0, 0, 3, 1, 0, 1, 0, 0, 0, 0, 0]","[0, 0, 3, 0, 0, 3, 3, 0, 0, 1, 3, 3, 0, 1, 0, 1, 3, 0, 0, 0, 1, 0, 0, 3, 1, 0, 1, 0, 0, 0, 0, 0]",15,27.77777777777778
Bundesliga,2002,Schalke 04,"[3, 3, 1, 1, 1, 3, 0, 3, 0, 1, 3, 0, 3, 1, 3, 1, 1, 3, 1, 0, 1, 1, 1, 0, 1, 1, 3, 3, 0, 0, 0, 0, 3]","[3, 3, 1, 1, 1, 3, 0, 3, 0, 1, 3, 0, 3, 1, 3, 1, 1, 3, 1, 0, 1, 1, 1, 0, 1, 1, 3, 3, 0, 0, 0, 0, 3]",15,15.873015873015873
Bundesliga,2002,Stuttgart,"[1, 1, 0, 1, 1, 3, 0, 3, 3, 1, 3, 3, 1, 3, 0, 0, 3, 3, 3, 3, 3, 1, 3, 0, 3, 3, 0, 1, 3, 0, 0, 3]","[1, 1, 0, 1, 1, 3, 0, 3, 3, 1, 3, 3, 1, 3, 0, 0, 3, 3, 3, 3, 3, 1, 3, 0, 3, 3, 0, 1, 3, 0, 0, 3]",6,6.944444444444445
Bundesliga,2002,Werder Bremen,"[0, 3, 0, 3, 3, 3, 3, 1, 1, 0, 3, 0, 3, 3, 3, 1, 3, 1, 0, 0, 0, 3, 0, 0, 3, 3, 0, 0, 3, 3, 3, 0]","[0, 3, 0, 3, 3, 3, 3, 1, 1, 0, 3, 0, 3, 3, 3, 1, 3, 1, 0, 0, 0, 3, 0, 0, 3, 3, 0, 0, 3, 3, 3, 0]",15,9.615384615384615
Bundesliga,2002,Wolfsburg,"[0, 3, 0, 3, 1, 0, 3, 3, 0, 3, 0, 3, 0, 3, 0, 1, 0, 0, 1, 1, 3, 1, 3, 0, 3, 3, 0, 1, 1, 3, 0]","[0, 3, 0, 3, 1, 0, 3, 3, 0, 3, 0, 3, 0, 3, 0, 1, 0, 0, 1, 1, 3, 1, 3, 0, 3, 3, 0, 1, 1, 3, 0]",5,3.125
Bundesliga,2003,Bayern Munich,"[3, 1, 3, 3, 1, 3, 0, 1, 3, 3, 1, 3, 0, 3, 1, 1, 3, 3, 3, 0, 3]","[3, 1, 3, 3, 1, 3, 0, 1, 3, 3, 1, 3, 0, 3, 1, 1, 3, 3, 3, 0, 3]",2,2.949852507374631
Bundesliga,2003,Bochum,"[0, 1, 1, 3, 3, 3, 0, 0, 3, 1, 3, 1, 3, 1, 3, 1, 0, 0, 3, 3, 1]","[0, 1, 1, 3, 3, 3, 0, 0, 3, 1, 3, 1, 3, 1, 3, 1, 0, 0, 3, 3, 1]",6,2.857142857142857
Bundesliga,2003,Dortmund,"[1, 3, 0, 3, 3, 3, 0, 0, 1, 0, 3, 0, 0, 1, 3, 1, 3, 3, 3, 0, 3]","[1, 3, 0, 3, 3, 3, 0, 0, 1, 0, 3, 0, 0, 1, 3, 1, 3, 3, 3, 0, 3]",2,1.7064846416382253
Bundesliga,2003,Ein Frankfurt,"[0, 0, 1, 0, 0, 3, 1, 0, 0, 1, 3, 1, 3, 0, 3, 0, 0, 0, 0, 0, 3]","[0, 0, 1, 0, 0, 3, 1, 0, 0, 1, 3, 1, 3, 0, 3, 0, 0, 0, 0, 0, 3]",6,4.739336492890995
Bundesliga,2003,FC Koln,"[0, 0, 0, 0, 1, 3, 0, 0, 1, 1, 3, 3, 0, 0, 0, 0, 0, 1, 0, 3, 0, 0, 0]","[0, 0, 0, 0, 1, 3, 0, 0, 1, 1, 3, 3, 0, 0, 0, 0, 0, 1, 0, 3, 0, 0, 0]",11,8.474576271186441
Bundesliga,2003,Freiburg,"[0, 1, 3, 0, 3, 0, 0, 0, 3, 0, 0, 3, 0, 0, 3, 0, 1, 1, 3, 1, 0, 0, 0]","[0, 1, 3, 0, 3, 0, 0, 0, 3, 0, 0, 3, 0, 0, 3, 0, 1, 1, 3, 1, 0, 0, 0]",3,6.25
Bundesliga,2003,Hamburg,"[0, 1, 3, 1, 3, 0, 1, 1, 3, 3, 0, 1, 3, 0, 3, 0, 3, 0, 0, 3, 3]","[0, 1, 3, 1, 3, 0, 1, 1, 3, 3, 0, 1, 3, 0, 3, 0, 3, 0, 0, 3, 3]",4,1.9011406844106464
Bundesliga,2003,Hannover,"[3, 1, 3, 0, 0, 0, 1, 3, 1, 0, 1, 3, 0, 0, 0, 0, 1, 1, 3, 3, 1, 0]","[3, 1, 3, 0, 0, 0, 1, 3, 1, 0, 1, 3, 0, 0, 0, 0, 1, 1, 3, 3, 1, 0]",10,3.7313432835820897
Bundesliga,2003,Hansa Rostock,"[0, 1, 0, 0, 0, 0, 0, 1, 3, 1, 0, 0, 3, 1, 3, 1, 0, 3, 1, 0, 0, 3, 0]","[0, 1, 0, 0, 0, 0, 0, 1, 3, 1, 0, 0, 3, 1, 3, 1, 0, 3, 1, 0, 0, 3, 0]",4,2.197802197802198
Bundesliga,2003,Hertha,"[0, 1, 0, 0, 3, 1, 0, 0, 3, 3, 3, 1, 0, 1, 0, 1, 3, 1, 3]","[0, 1, 0, 0, 3, 1, 0, 0, 3, 3, 3, 1, 0, 1, 0, 1, 3, 1, 3]",8,1.7825311942959001
Bundesliga,2003,Kaiserslautern,"[0, 3, 3, 3, 0, 3, 0, 0, 0, 1, 0, 3, 0, 3, 3, 1, 0, 0, 0, 3, 0]","[0, 3, 3, 3, 0, 3, 0, 0, 0, 1, 0, 3, 0, 3, 3, 1, 0, 0, 0, 3, 0]",5,5.05050505050505
Bundesliga,2003,Leverkusen,"[3, 3, 3, 3, 3, 1, 0, 3, 0, 0, 0, 0, 3, 3, 3, 1, 3, 3, 3, 3]","[3, 3, 3, 3, 3, 1, 0, 3, 0, 0, 0, 0, 3, 3, 3, 1, 3, 3, 3, 3]",10,1.2919896640826873
Bundesliga,2003,MGladbach,"[3, 0, 1, 0, 1, 0, 1, 0, 3, 3, 0, 0, 0, 3, 0, 3, 0, 1, 3, 1, 0, 3]","[3, 0, 1, 0, 1, 0, 1, 0, 3, 3, 0, 0, 0, 3, 0, 3, 0, 1, 3, 1, 0, 3]",11,1.4749262536873156
Bundesliga,2003,Munich 1860,"[3, 1, 0, 0, 0, 3, 1, 3, 0, 1, 0, 3, 1, 3, 0, 0, 1, 3, 0, 0, 0, 0, 0]","[3, 1, 0, 0, 0, 3, 1, 3, 0, 1, 0, 3, 1, 3, 0, 0, 1, 3, 0, 0, 0, 0, 0]",5,40.0
Bundesliga,2003,Schalke 04,"[1, 1, 0, 1, 3, 0, 1, 3, 3, 3, 1, 3, 1, 3, 1, 3, 0, 1, 3, 3, 0, 0, 0, 1]","[1, 1, 0, 1, 3, 0, 1, 3, 3, 3, 1, 3, 1, 3, 1, 3, 0, 1, 3, 3, 0, 0, 0, 1]",4,47.61904761904762
Bundesliga,2003,Stuttgart,"[3, 3, 3, 1, 3, 3, 3, 1, 0, 0, 3, 0, 1, 3, 3, 1, 1, 3, 3, 3, 3, 0]","[3, 3, 3, 1, 3, 3, 3, 1, 0, 0, 3, 0, 1, 3, 3, 1, 1, 3, 3, 3, 3, 0]",1,5.524861878453039
Bundesliga,2003,Werder Bremen,"[3, 3, 3, 3, 0, 3, 1, 3, 3, 3, 3, 3, 3, 3, 3, 1, 1, 3, 1, 1]","[3, 3, 3, 3, 0, 3, 1, 3, 3, 3, 3, 3, 3, 3, 3, 1, 1, 3, 1, 1]",5,74.07407407407408
Bundesliga,2003,Wolfsburg,"[3, 0, 3, 0, 0, 3, 0, 3, 3, 1, 0, 0, 3, 0, 0, 0, 0, 0, 3, 3, 1]","[3, 0, 3, 0, 0, 3, 0, 3, 3, 1, 0, 0, 3, 0, 0, 0, 0, 0, 3, 3, 1]",8,3.690036900369004
Bundesliga,2004,Bayern Munich,"[3, 1, 0, 3, 1, 3, 3, 0, 3, 3, 0, 3, 3, 3, 3, 1, 1, 3, 1, 3, 0, 3, 3, 3, 0, 3, 3, 3, 3, 3, 3, 3, 3, 3]","[3, 1, 0, 3, 1, 3, 3, 0, 3, 3, 0, 3, 3, 3, 3, 1, 1, 3, 1, 3, 0, 3, 3, 3, 0, 3, 3, 3, 3, 3, 3, 3, 3, 3]",16,1.124859392575928
Bundesliga,2004,Bielefeld,"[1, 0, 0, 1, 3, 3, 0, 3, 3, 0, 0, 3, 3, 3, 0, 1, 0, 0, 0, 1, 3, 1, 3, 0, 0, 0, 3, 0, 1, 3, 0, 0, 1, 0]","[1, 0, 0, 1, 3, 3, 0, 3, 3, 0, 0, 3, 3, 3, 0, 1, 0, 0, 0, 1, 3, 1, 3, 0, 0, 0, 3, 0, 1, 3, 0, 0, 1, 0]",11,10.1010101010101
Bundesliga,2004,Bochum,"[1, 1, 3, 1, 1, 0, 0, 0, 0, 3, 0, 1, 0, 0, 3, 0, 0, 1, 0, 1, 0, 3, 0, 0, 0, 3, 1, 3, 3, 0, 0, 0, 3, 3]","[1, 1, 3, 1, 1, 0, 0, 0, 0, 3, 0, 1, 0, 0, 3, 0, 0, 1, 0, 1, 0, 3, 0, 0, 0, 3, 1, 3, 3, 0, 0, 0, 3, 3]",5,1.4577259475218658
Bundesliga,2004,Dortmund,"[0, 3, 1, 1, 1, 1, 1, 0, 0, 3, 3, 0, 0, 3, 0, 0, 1, 3, 1, 3, 3, 0, 3, 1, 0, 3, 3, 3, 1, 3, 1, 3, 3, 3]","[0, 3, 1, 1, 1, 1, 1, 0, 0, 3, 3, 0, 0, 3, 0, 0, 1, 3, 1, 3, 3, 0, 3, 1, 0, 3, 3, 3, 1, 3, 1, 3, 3, 3]",6,1.0526315789473684
Bundesliga,2004,Freiburg,"[1, 3, 1, 1, 1, 0, 0, 0, 3, 0, 0, 0, 0, 0, 0, 0, 1, 1, 3, 0, 1, 0, 0, 0, 0, 0, 1, 0, 0, 0, 1, 0, 0, 0]","[1, 3, 1, 1, 1, 0, 0, 0, 3, 0, 0, 0, 0, 0, 0, 0, 1, 1, 3, 0, 1, 0, 0, 0, 0, 0, 1, 0, 0, 0, 1, 0, 0, 0]",13,25.0
Bundesliga,2004,Hamburg,"[0, 0, 3, 0, 0, 3, 0, 0, 3, 3, 1, 0, 3, 3, 3, 0, 3, 0, 3, 3, 3, 3, 0, 3, 3, 0, 1, 0, 3, 3, 0, 1, 0, 0]","[0, 0, 3, 0, 0, 3, 0, 0, 3, 3, 1, 0, 3, 3, 3, 0, 3, 0, 3, 3, 3, 3, 0, 3, 3, 0, 1, 0, 3, 3, 0, 1, 0, 0]",4,15.151515151515152
Bundesliga,2004,Hannover,"[0, 1, 1, 0, 3, 0, 3, 3, 3, 3, 3, 0, 3, 1, 1, 3, 0, 0, 3, 0, 1, 0, 0, 0, 0, 3, 3, 0, 0, 0, 3, 0, 3, 1]","[0, 1, 1, 0, 3, 0, 3, 3, 3, 3, 3, 0, 3, 1, 1, 3, 0, 0, 3, 0, 1, 0, 0, 0, 0, 3, 3, 0, 0, 0, 3, 0, 3, 1]",15,9.433962264150944
Bundesliga,2004,Hansa Rostock,"[1, 0, 3, 0, 0, 1, 0, 3, 0, 0, 0, 0, 0, 1, 0, 1, 1, 1, 0, 1, 0, 0, 1, 3, 3, 0, 3, 0, 3, 0, 3, 0, 1, 0]","[1, 0, 3, 0, 0, 1, 0, 3, 0, 0, 0, 0, 0, 1, 0, 1, 1, 1, 0, 1, 0, 0, 1, 3, 3, 0, 3, 0, 3, 0, 3, 0, 1, 0]",3,2.808988764044944
Bundesliga,2004,Hertha,"[1, 1, 1, 1, 1, 0, 3, 3, 0, 0, 3, 1, 3, 1, 3, 3, 3, 1, 1, 3, 3, 0, 3, 1, 1, 3, 0, 3, 3, 3, 0, 3, 1, 1]","[1, 1, 1, 1, 1, 0, 3, 3, 0, 0, 3, 1, 3, 1, 3, 3, 3, 1, 1, 3, 3, 0, 3, 1, 1, 3, 0, 3, 3, 3, 0, 3, 1, 1]",4,3.3222591362126246
Bundesliga,2004,Kaiserslautern,"[0, 0, 0, 3, 3, 0, 0, 0, 1, 0, 3, 1, 3, 0, 3, 3, 1, 3, 3, 1, 3, 0, 1, 1, 3, 0, 0, 3, 0, 0, 0, 3, 0, 0]","[0, 0, 0, 3, 3, 0, 0, 0, 1, 0, 3, 1, 3, 0, 3, 3, 1, 3, 3, 1, 3, 0, 1, 1, 3, 0, 0, 3, 0, 0, 0, 3, 0, 0]",6,10.204081632653061
Bundesliga,2004,Leverkusen,"[3, 1, 3, 0, 1, 0, 3, 0, 1, 3, 0, 3, 1, 0, 3, 3, 1, 3, 3, 0, 3, 3, 1, 0, 1, 3, 0, 0, 3, 3, 1, 3, 1, 3]","[3, 1, 3, 0, 1, 0, 3, 0, 1, 3, 0, 3, 1, 0, 3, 3, 1, 3, 3, 0, 3, 3, 1, 0, 1, 3, 0, 0, 3, 3, 1, 3, 1, 3]",12,2.304147465437788
Bundesliga,2004,MGladbach,"[1, 0, 1, 3, 0, 1, 0, 3, 0, 0, 3, 1, 3, 0, 0, 0, 1, 3, 1, 3, 0, 0, 1, 3, 0, 0, 1, 0, 1, 1, 3, 1, 1, 0]","[1, 0, 1, 3, 0, 1, 0, 3, 0, 0, 3, 1, 3, 0, 0, 0, 1, 3, 1, 3, 0, 0, 1, 3, 0, 0, 1, 0, 1, 1, 3, 1, 1, 0]",14,3.690036900369004
Bundesliga,2004,Mainz,"[0, 3, 1, 3, 1, 1, 3, 3, 0, 3, 0, 1, 0, 3, 0, 0, 0, 0, 0, 0, 0, 1, 0, 3, 1, 3, 0, 0, 1, 3, 3, 0, 3, 3]","[0, 3, 1, 3, 1, 1, 3, 3, 0, 3, 0, 1, 0, 3, 0, 0, 0, 0, 0, 0, 0, 1, 0, 3, 1, 3, 0, 0, 1, 3, 3, 0, 3, 3]",17,1.9569471624266144
Bundesliga,2004,Nurnberg,"[3, 1, 0, 1, 1, 0, 1, 3, 0, 0, 3, 3, 0, 1, 0, 1, 3, 0, 3, 0, 0, 0, 0, 1, 3, 0, 0, 3, 3, 1, 0, 3, 0, 0]","[3, 1, 0, 1, 1, 0, 1, 3, 0, 0, 3, 3, 0, 1, 0, 1, 3, 0, 3, 0, 0, 0, 0, 1, 3, 0, 0, 3, 3, 1, 0, 3, 0, 0]",2,4.424778761061947
Bundesliga,2004,Schalke 04,"[0, 3, 0, 0, 3, 0, 3, 3, 3, 3, 3, 3, 0, 3, 3, 3, 1, 3, 0, 1, 3, 3, 3, 3, 3, 0, 3, 0, 0, 0, 1, 3, 0, 3]","[0, 3, 0, 0, 3, 0, 3, 3, 3, 3, 3, 3, 0, 3, 3, 3, 1, 3, 0, 1, 3, 3, 3, 3, 3, 0, 3, 0, 0, 0, 1, 3, 0, 3]",9,18.867924528301888
Bundesliga,2004,Stuttgart,"[3, 1, 3, 3, 1, 3, 3, 3, 0, 0, 0, 3, 0, 3, 1, 3, 1, 3, 0, 1, 0, 3, 1, 3, 3, 3, 3, 3, 0, 1, 0, 3, 0, 0]","[3, 1, 3, 3, 1, 3, 3, 3, 0, 0, 0, 3, 0, 3, 1, 3, 1, 3, 0, 1, 0, 3, 1, 3, 3, 3, 3, 3, 0, 1, 0, 3, 0, 0]",6,23.80952380952381
Bundesliga,2004,Werder Bremen,"[3, 3, 0, 0, 3, 3, 0, 0, 3, 3, 1, 1, 1, 0, 3, 3, 1, 0, 3, 3, 3, 3, 3, 0, 1, 3, 0, 3, 0, 0, 3, 0, 3, 3]","[3, 3, 0, 0, 3, 3, 0, 0, 3, 3, 1, 1, 1, 0, 3, 3, 1, 0, 3, 3, 3, 3, 3, 0, 1, 3, 0, 3, 0, 0, 3, 0, 3, 3]",11,4.166666666666667
Bundesliga,2004,Wolfsburg,"[3, 0, 3, 3, 3, 3, 3, 0, 3, 0, 3, 0, 3, 0, 0, 0, 3, 0, 0, 0, 0, 3, 1, 0, 3, 0, 0, 3, 0, 1, 3, 0, 1, 3]","[3, 0, 3, 3, 3, 3, 3, 0, 3, 0, 3, 0, 3, 0, 0, 0, 3, 0, 0, 0, 0, 3, 1, 0, 3, 0, 0, 3, 0, 1, 3, 0, 1, 3]",17,11.235955056179776
Bundesliga,2005,Bayern Munich,"[3, 3, 3, 3, 3, 3, 0, 3, 1, 3, 3, 3, 3, 3, 1, 3, 3, 3, 3, 1, 3, 1, 3, 0, 1, 3, 3, 1, 0, 3, 1, 3, 1, 1]","[3, 3, 3, 3, 3, 3, 0, 3, 1, 3, 3, 3, 3, 3, 1, 3, 3, 3, 3, 1, 3, 1, 3, 0, 1, 3, 3, 1, 0, 3, 1, 3, 1, 1]",15,118.34319526627219
Bundesliga,2005,Bielefeld,"[0, 0, 3, 1, 1, 0, 0, 1, 3, 3, 3, 0, 0, 1, 0, 1, 3, 0, 0, 1, 3, 0, 3, 0, 3, 0, 1, 3, 3, 0, 0, 0, 0, 0]","[0, 0, 3, 1, 1, 0, 0, 1, 3, 3, 3, 0, 0, 1, 0, 1, 3, 0, 0, 1, 3, 0, 3, 0, 3, 0, 1, 3, 3, 0, 0, 0, 0, 0]",5,44.169611307420496
Bundesliga,2005,Dortmund,"[1, 0, 1, 3, 0, 3, 1, 1, 1, 1, 3, 0, 3, 3, 0, 0, 0, 3, 1, 3, 1, 0, 0, 1, 1, 3, 3, 0, 0, 1, 3, 3, 1, 1]","[1, 0, 1, 3, 0, 3, 1, 1, 1, 1, 3, 0, 3, 3, 0, 0, 0, 3, 1, 3, 1, 0, 0, 1, 1, 3, 3, 0, 0, 1, 3, 3, 1, 1]",2,2.272727272727273
Bundesliga,2005,Duisburg,"[1, 0, 1, 0, 0, 0, 3, 1, 0, 0, 3, 0, 0, 0, 1, 1, 1, 3, 1, 0, 1, 0, 3, 0, 1, 0, 0, 1, 1, 0, 0, 0, 3, 1]","[1, 0, 1, 0, 0, 0, 3, 1, 0, 0, 3, 0, 0, 0, 1, 1, 1, 3, 1, 0, 1, 0, 3, 0, 1, 0, 0, 1, 1, 0, 0, 0, 3, 1]",11,2.8328611898016995
Bundesliga,2005,Ein Frankfurt,"[0, 0, 3, 0, 1, 0, 0, 0, 3, 3, 0, 3, 1, 1, 3, 3, 0, 0, 1, 3, 0, 0, 0, 1, 0, 3, 1, 0, 0, 1, 3, 1, 1, 0]","[0, 0, 3, 0, 1, 0, 0, 0, 3, 3, 0, 3, 1, 1, 3, 3, 0, 0, 1, 3, 0, 0, 0, 1, 0, 3, 1, 0, 0, 1, 3, 1, 1, 0]",14,5.2356020942408374
Bundesliga,2005,FC Koln,"[3, 3, 0, 0, 3, 0, 0, 0, 0, 0, 0, 1, 1, 0, 1, 0, 0, 0, 1, 1, 1, 0, 0, 3, 0, 0, 1, 1, 3, 1, 3, 0, 0, 3]","[3, 3, 0, 0, 3, 0, 0, 0, 0, 0, 0, 1, 1, 0, 1, 0, 0, 0, 1, 1, 1, 0, 0, 3, 0, 0, 1, 1, 3, 1, 3, 0, 0, 3]",3,1.5015015015015014
Bundesliga,2005,Hamburg,"[3, 3, 1, 3, 1, 3, 3, 3, 0, 1, 3, 1, 3, 3, 3, 3, 1, 0, 3, 0, 3, 3, 0, 3, 3, 3, 0, 3, 3, 3, 0, 3, 0, 0]","[3, 3, 1, 3, 1, 3, 3, 3, 0, 1, 3, 1, 3, 3, 3, 3, 1, 0, 3, 0, 3, 3, 0, 3, 3, 3, 0, 3, 3, 3, 0, 3, 0, 0]",4,26.31578947368421
Bundesliga,2005,Hannover,"[1, 1, 1, 3, 0, 0, 0, 1, 3, 1, 0, 1, 1, 3, 3, 1, 1, 1, 1, 3, 3, 1, 0, 0, 1, 3, 0, 0, 1, 1, 0, 0, 1, 1]","[1, 1, 1, 3, 0, 0, 0, 1, 3, 1, 0, 1, 1, 3, 3, 1, 1, 1, 1, 3, 3, 1, 0, 0, 1, 3, 0, 0, 1, 1, 0, 0, 1, 1]",12,32.25806451612903
Bundesliga,2005,Hertha,"[1, 3, 0, 3, 1, 3, 3, 0, 0, 3, 1, 3, 0, 1, 3, 0, 1, 1, 1, 1, 1, 0, 0, 0, 3, 3, 1, 3, 3, 1, 1, 0, 3, 0]","[1, 3, 0, 3, 1, 3, 3, 0, 0, 3, 1, 3, 0, 1, 3, 0, 1, 1, 1, 1, 1, 0, 0, 0, 3, 3, 1, 3, 3, 1, 1, 0, 3, 0]",1,3.3783783783783785
Bundesliga,2005,Kaiserslautern,"[0, 3, 3, 0, 1, 0, 0, 0, 1, 0, 1, 0, 0, 0, 0, 0, 3, 0, 1, 1, 3, 3, 3, 1, 0, 0, 3, 0, 0, 0, 3, 1, 1, 1]","[0, 3, 3, 0, 1, 0, 0, 0, 1, 0, 1, 0, 0, 0, 0, 0, 3, 0, 1, 1, 3, 3, 3, 1, 0, 0, 3, 0, 0, 0, 3, 1, 1, 1]",7,2.127659574468085
Bundesliga,2005,Leverkusen,"[3, 0, 0, 1, 3, 3, 0, 1, 0, 1, 1, 3, 1, 0, 0, 1, 1, 3, 0, 3, 0, 3, 3, 1, 0, 0, 3, 3, 3, 3, 3, 3, 1, 1]","[3, 0, 0, 1, 3, 3, 0, 1, 0, 1, 1, 3, 1, 0, 0, 1, 1, 3, 0, 3, 0, 3, 3, 1, 0, 0, 3, 3, 3, 3, 3, 3, 1, 1]",2,3.1847133757961785
Bundesliga,2005,MGladbach,"[0, 1, 1, 3, 0, 3, 3, 3, 1, 3, 0, 1, 1, 1, 0, 1, 3, 0, 0, 1, 1, 3, 0, 3, 0, 1, 0, 3, 0, 0, 1, 0, 1, 3]","[0, 1, 1, 3, 0, 3, 3, 3, 1, 3, 0, 1, 1, 1, 0, 1, 3, 0, 0, 1, 1, 3, 0, 3, 0, 1, 0, 3, 0, 0, 1, 0, 1, 3]",17,5.9171597633136095
Bundesliga,2005,Mainz,"[0, 0, 0, 0, 0, 3, 1, 0, 3, 0, 3, 1, 1, 0, 3, 0, 1, 3, 0, 1, 0, 0, 0, 1, 3, 3, 1, 0, 1, 1, 1, 3, 3, 1]","[0, 0, 0, 0, 0, 3, 1, 0, 3, 0, 3, 1, 1, 0, 3, 0, 1, 3, 0, 1, 0, 0, 0, 1, 3, 3, 1, 0, 1, 1, 1, 3, 3, 1]",16,1.5313935681470139
Bundesliga,2005,Nurnberg,"[0, 1, 0, 0, 1, 1, 0, 3, 0, 0, 0, 0, 3, 0, 3, 1, 1, 3, 1, 0, 0, 3, 0, 3, 3, 3, 1, 3, 0, 3, 0, 3, 1, 3]","[0, 1, 0, 0, 1, 1, 0, 3, 0, 0, 0, 0, 3, 0, 3, 1, 1, 3, 1, 0, 0, 3, 0, 3, 3, 3, 1, 3, 0, 3, 0, 3, 1, 3]",6,1.1961722488038278
Bundesliga,2005,Schalke 04,"[3, 3, 1, 1, 1, 1, 3, 3, 1, 1, 0, 3, 1, 3, 3, 3, 0, 3, 1, 1, 3, 3, 3, 3, 3, 0, 1, 0, 1, 1, 1, 3, 0, 3]","[3, 3, 1, 1, 1, 1, 3, 3, 1, 1, 0, 3, 1, 3, 3, 3, 0, 3, 1, 1, 3, 3, 3, 3, 3, 0, 1, 0, 1, 1, 1, 3, 0, 3]",9,22.22222222222222
Bundesliga,2005,Stuttgart,"[1, 0, 1, 1, 3, 0, 3, 1, 1, 1, 1, 3, 1, 1, 1, 3, 3, 0, 1, 1, 0, 3, 3, 1, 1, 1, 0, 0, 3, 1, 0, 0, 3, 0]","[1, 0, 1, 1, 3, 0, 3, 1, 1, 1, 1, 3, 1, 1, 1, 3, 3, 0, 1, 1, 0, 3, 3, 1, 1, 1, 0, 0, 3, 1, 0, 0, 3, 0]",11,8.333333333333334
Bundesliga,2005,Werder Bremen,"[3, 3, 1, 3, 3, 0, 3, 3, 3, 1, 3, 0, 3, 0, 3, 3, 1, 3, 3, 1, 0, 3, 3, 1, 0, 0, 3, 3, 3, 1, 1, 3, 3, 3]","[3, 3, 1, 3, 3, 0, 3, 3, 3, 1, 3, 0, 3, 0, 3, 3, 1, 3, 3, 1, 0, 3, 3, 1, 0, 0, 3, 3, 3, 1, 1, 3, 3, 3]",15,3.952569169960474
Bundesliga,2005,Wolfsburg,"[1, 1, 3, 0, 1, 3, 3, 0, 3, 1, 0, 1, 0, 1, 0, 0, 0, 0, 3, 0, 1, 0, 3, 1, 1, 0, 1, 1, 0, 1, 3, 0, 0, 1]","[1, 1, 3, 0, 1, 3, 3, 0, 3, 1, 0, 1, 0, 1, 0, 0, 0, 0, 3, 0, 1, 0, 3, 1, 1, 0, 1, 1, 0, 1, 3, 0, 0, 1]",3,3.9682539682539684
Bundesliga,2006,Aachen,"[0, 0, 3, 3, 0, 3, 3, 0, 0, 0, 1, 1, 1, 0, 0, 3, 1, 0, 0, 0, 1, 3, 1, 3, 3, 3, 0, 0, 0, 0, 0, 0, 1, 0]","[0, 0, 3, 3, 0, 3, 3, 0, 0, 0, 1, 1, 1, 0, 0, 3, 1, 0, 0, 0, 1, 3, 1, 3, 3, 3, 0, 0, 0, 0, 0, 0, 1, 0]",8,68.3526999316473
Bundesliga,2006,Bayern Munich,"[3, 3, 1, 0, 3, 0, 3, 0, 3, 1, 0, 3, 3, 3, 1, 3, 3, 0, 1, 0, 3, 0, 3, 3, 1, 0, 3, 3, 3, 0, 0, 1, 3, 3]","[3, 3, 1, 0, 3, 0, 3, 0, 3, 1, 0, 3, 3, 3, 1, 3, 3, 0, 1, 0, 3, 0, 3, 3, 1, 0, 3, 3, 3, 0, 0, 1, 3, 3]",17,3.7735849056603774
Bundesliga,2006,Bielefeld,"[1, 0, 0, 3, 0, 3, 1, 3, 3, 1, 1, 3, 1, 0, 1, 1, 0, 1, 0, 0, 0, 0, 0, 3, 0, 0, 3, 1, 0, 3, 3, 3, 3, 0]","[1, 0, 0, 3, 0, 3, 1, 3, 3, 1, 1, 3, 1, 0, 1, 1, 0, 1, 0, 0, 0, 0, 0, 3, 0, 0, 3, 1, 0, 3, 3, 3, 3, 0]",1,2.4213075060532687
Bundesliga,2006,Bochum,"[0, 0, 0, 1, 3, 0, 0, 1, 0, 3, 0, 1, 3, 0, 3, 0, 3, 0, 1, 1, 0, 3, 1, 0, 3, 0, 3, 3, 0, 3, 3, 3, 0, 3]","[0, 0, 0, 1, 3, 0, 0, 1, 0, 3, 0, 1, 3, 0, 3, 0, 3, 0, 1, 1, 0, 3, 1, 0, 3, 0, 3, 3, 0, 3, 3, 3, 0, 3]",2,1.4104372355430184
Bundesliga,2006,Cottbus,"[0, 1, 3, 3, 1, 0, 0, 3, 3, 1, 0, 1, 0, 0, 0, 0, 1, 3, 1, 1, 0, 0, 3, 3, 0, 3, 1, 3, 3, 0, 3, 0, 0, 0]","[0, 1, 3, 3, 1, 0, 0, 3, 3, 1, 0, 1, 0, 0, 0, 0, 1, 3, 1, 1, 0, 0, 3, 3, 0, 3, 1, 3, 3, 0, 3, 0, 0, 0]",3,12.048192771084338
Bundesliga,2006,Dortmund,"[0, 1, 3, 3, 0, 1, 3, 1, 1, 1, 1, 3, 0, 1, 3, 0, 0, 3, 0, 0, 0, 3, 0, 0, 0, 1, 0, 3, 0, 3, 3, 3, 3, 0]","[0, 1, 3, 3, 0, 1, 3, 1, 1, 1, 1, 3, 0, 1, 3, 0, 0, 3, 0, 0, 0, 3, 0, 0, 0, 1, 0, 3, 0, 3, 3, 3, 3, 0]",16,2.5188916876574305
Bundesliga,2006,Ein Frankfurt,"[1, 1, 1, 3, 1, 1, 1, 1, 0, 3, 3, 0, 0, 1, 3, 0, 0, 0, 1, 1, 1, 0, 0, 3, 1, 3, 1, 0, 3, 0, 0, 3, 3, 0]","[1, 1, 1, 3, 1, 1, 1, 1, 0, 3, 3, 0, 0, 1, 3, 0, 0, 0, 1, 1, 1, 0, 0, 3, 1, 3, 1, 0, 3, 0, 0, 3, 3, 0]",1,2.9673590504451037
Bundesliga,2006,Hamburg,"[1, 1, 1, 0, 1, 1, 0, 3, 1, 0, 0, 1, 1, 0, 0, 1, 1, 1, 1, 0, 3, 3, 3, 3, 1, 1, 3, 0, 3, 1, 3, 0, 3, 3]","[1, 1, 1, 0, 1, 1, 0, 3, 1, 0, 0, 1, 1, 0, 0, 1, 1, 1, 1, 0, 3, 3, 3, 3, 1, 1, 3, 0, 3, 1, 3, 0, 3, 3]",3,1.1389521640091116
Bundesliga,2006,Hannover,"[0, 0, 0, 3, 1, 1, 1, 0, 1, 0, 3, 0, 3, 3, 3, 1, 0, 0, 3, 3, 1, 3, 3, 0, 1, 1, 0, 0, 0, 3, 3, 3, 0, 0]","[0, 0, 0, 3, 1, 1, 1, 0, 1, 0, 3, 0, 3, 3, 3, 1, 0, 0, 3, 3, 1, 3, 3, 0, 1, 1, 0, 0, 0, 3, 3, 3, 0, 0]",2,6.410256410256411
Bundesliga,2006,Hertha,"[1, 3, 1, 3, 1, 1, 0, 3, 0, 3, 1, 1, 3, 3, 0, 0, 3, 3, 0, 3, 0, 0, 1, 0, 0, 0, 0, 1, 3, 0, 3, 0, 0, 3]","[1, 3, 1, 3, 1, 1, 0, 3, 0, 3, 1, 1, 3, 3, 0, 0, 3, 3, 0, 3, 0, 0, 1, 0, 0, 0, 0, 1, 3, 0, 3, 0, 0, 3]",14,21.73913043478261
Bundesliga,2006,Leverkusen,"[3, 0, 1, 0, 1, 3, 0, 0, 3, 1, 3, 0, 0, 3, 1, 3, 3, 3, 0, 0, 1, 0, 3, 3, 1, 3, 3, 0, 0, 3, 0, 0, 3, 3]","[3, 0, 1, 0, 1, 3, 0, 0, 3, 1, 3, 0, 0, 3, 1, 3, 3, 3, 0, 0, 1, 0, 3, 3, 1, 3, 3, 0, 0, 3, 0, 0, 3, 3]",7,2.6666666666666665
Bundesliga,2006,MGladbach,"[3, 0, 3, 0, 3, 0, 3, 0, 0, 0, 0, 1, 0, 0, 1, 1, 0, 0, 1, 3, 1, 0, 1, 0, 3, 0, 1, 0, 0, 0, 0, 1, 0, 0]","[3, 0, 3, 0, 3, 0, 3, 0, 0, 0, 0, 1, 0, 0, 1, 1, 0, 0, 1, 3, 1, 0, 1, 0, 3, 0, 1, 0, 0, 0, 0, 1, 0, 0]",9,14.084507042253522
Bundesliga,2006,Mainz,"[3, 1, 1, 0, 1, 1, 0, 0, 0, 1, 0, 0, 1, 0, 1, 1, 0, 3, 3, 1, 3, 3, 3, 0, 3, 0, 0, 0, 0, 1, 0, 0, 3, 0]","[3, 1, 1, 0, 1, 1, 0, 0, 0, 1, 0, 0, 1, 0, 1, 1, 0, 3, 3, 1, 3, 3, 3, 0, 3, 0, 0, 0, 0, 1, 0, 0, 3, 0]",9,14.492753623188406
Bundesliga,2006,Nurnberg,"[3, 3, 1, 1, 1, 1, 1, 1, 1, 0, 0, 1, 3, 1, 1, 1, 3, 3, 1, 3, 3, 3, 0, 0, 1, 1, 3, 0, 3, 0, 1, 0, 0, 3]","[3, 3, 1, 1, 1, 1, 1, 1, 1, 0, 0, 1, 3, 1, 1, 1, 3, 3, 1, 3, 3, 3, 0, 0, 1, 1, 3, 0, 3, 0, 1, 0, 0, 3]",12,11.494252873563218
Bundesliga,2006,Schalke 04,"[1, 3, 3, 0, 3, 0, 3, 3, 0, 1, 3, 3, 3, 3, 1, 3, 3, 3, 3, 3, 3, 1, 0, 0, 1, 3, 0, 3, 3, 3, 0, 3, 0, 3]","[1, 3, 3, 0, 3, 0, 3, 3, 0, 1, 3, 3, 3, 3, 1, 3, 3, 3, 3, 3, 3, 1, 0, 0, 1, 3, 0, 3, 3, 3, 0, 3, 0, 3]",13,12.345679012345679
Bundesliga,2006,Stuttgart,"[0, 3, 0, 3, 1, 1, 3, 1, 3, 3, 3, 3, 0, 3, 1, 3, 1, 0, 3, 3, 3, 3, 1, 0, 1, 0, 3, 3, 3, 3, 3, 3, 3, 3]","[0, 3, 0, 3, 1, 1, 3, 1, 3, 3, 3, 3, 0, 3, 1, 3, 1, 0, 3, 3, 3, 3, 1, 0, 1, 0, 3, 3, 3, 3, 3, 3, 3, 3]",12,1.4534883720930232
Bundesliga,2006,Werder Bremen,"[3, 3, 0, 0, 1, 3, 3, 3, 3, 1, 3, 0, 1, 3, 3, 3, 3, 3, 3, 0, 0, 0, 1, 3, 1, 3, 1, 3, 3, 3, 0, 3, 0, 3]","[3, 3, 0, 0, 1, 3, 3, 3, 3, 1, 3, 0, 1, 3, 3, 3, 3, 3, 3, 0, 0, 0, 1, 3, 1, 3, 1, 3, 3, 3, 0, 3, 0, 3]",15,8.0
Bundesliga,2006,Wolfsburg,"[1, 1, 1, 0, 0, 3, 0, 1, 3, 3, 3, 1, 1, 1, 0, 0, 0, 0, 1, 3, 1, 1, 0, 3, 1, 3, 0, 3, 0, 0, 1, 0, 1, 0]","[1, 1, 1, 0, 0, 3, 0, 1, 3, 3, 3, 1, 1, 1, 0, 0, 0, 0, 1, 3, 1, 1, 0, 3, 1, 3, 0, 3, 0, 0, 1, 0, 1, 0]",6,18.867924528301888
Bundesliga,2007,Bayern Munich,"[3, 3, 3, 1, 1, 3, 3, 3, 3, 3, 1, 1, 0, 3, 3, 1, 1, 3, 1, 3, 1, 3, 3, 0, 3, 1, 3, 3, 3, 3, 1, 3, 3, 3]","[3, 3, 3, 1, 1, 3, 3, 3, 3, 3, 1, 1, 0, 3, 3, 1, 1, 3, 1, 3, 1, 3, 3, 0, 3, 1, 3, 3, 3, 3, 1, 3, 3, 3]",16,1.4104372355430184
Bundesliga,2007,Bielefeld,"[3, 1, 3, 0, 3, 0, 0, 0, 0, 1, 1, 0, 3, 0, 0, 0, 3, 0, 0, 0, 0, 1, 0, 1, 1, 1, 3, 0, 3, 1, 3, 0, 1, 1]","[3, 1, 3, 0, 3, 0, 0, 0, 0, 1, 1, 0, 3, 0, 0, 0, 3, 0, 0, 0, 0, 1, 0, 1, 1, 1, 3, 0, 3, 1, 3, 0, 1, 1]",3,2.4038461538461537
Bundesliga,2007,Bochum,"[1, 3, 3, 0, 0, 1, 0, 1, 0, 0, 0, 3, 3, 3, 0, 1, 0, 3, 1, 0, 3, 3, 1, 1, 1, 1, 0, 1, 3, 1, 0, 0, 3, 0]","[1, 3, 3, 0, 0, 1, 0, 1, 0, 0, 0, 3, 3, 3, 0, 1, 0, 3, 1, 0, 3, 3, 1, 1, 1, 1, 0, 1, 3, 1, 0, 0, 3, 0]",4,3.663003663003663
Bundesliga,2007,Cottbus,"[1, 0, 0, 1, 0, 0, 0, 1, 1, 0, 1, 3, 0, 0, 3, 1, 3, 0, 1, 0, 1, 0, 0, 3, 0, 3, 3, 3, 0, 3, 0, 1, 3, 0]","[1, 0, 0, 1, 0, 0, 0, 1, 1, 0, 1, 3, 0, 0, 3, 1, 3, 0, 1, 0, 1, 0, 0, 3, 0, 3, 3, 3, 0, 3, 0, 1, 3, 0]",1,2.178649237472767
Bundesliga,2007,Dortmund,"[0, 0, 3, 3, 3, 0, 0, 0, 3, 1, 1, 0, 1, 0, 3, 3, 0, 1, 0, 3, 3, 0, 1, 0, 1, 1, 3, 0, 0, 1, 1, 3, 1, 0]","[0, 0, 3, 3, 3, 0, 0, 0, 3, 1, 1, 0, 1, 0, 3, 3, 0, 1, 0, 3, 3, 0, 1, 0, 1, 1, 3, 0, 0, 1, 1, 3, 1, 0]",13,4.608294930875576
Bundesliga,2007,Duisburg,"[3, 0, 0, 3, 0, 0, 0, 0, 0, 3, 0, 0, 0, 0, 3, 1, 0, 1, 0, 0, 3, 0, 1, 0, 1, 3, 0, 3, 0, 1, 3, 0, 0, 0]","[3, 0, 0, 3, 0, 0, 0, 0, 0, 3, 0, 0, 0, 0, 3, 1, 0, 1, 0, 0, 3, 0, 1, 0, 1, 3, 0, 3, 0, 1, 3, 0, 0, 0]",3,4.8076923076923075
Bundesliga,2007,Ein Frankfurt,"[3, 1, 3, 0, 3, 1, 0, 1, 3, 0, 1, 1, 1, 0, 1, 1, 3, 3, 3, 0, 3, 0, 1, 3, 3, 3, 0, 0, 0, 1, 0, 0, 0, 3]","[3, 1, 3, 0, 3, 1, 0, 1, 3, 0, 1, 1, 1, 0, 1, 1, 3, 3, 3, 0, 3, 0, 1, 3, 3, 3, 0, 0, 0, 1, 0, 0, 0, 3]",8,45.45454545454545
Bundesliga,2007,Hamburg,"[3, 3, 0, 1, 0, 3, 3, 1, 3, 3, 3, 3, 1, 3, 0, 1, 1, 1, 1, 3, 1, 3, 1, 3, 1, 1, 0, 0, 1, 0, 3, 0, 0, 3]","[3, 3, 0, 1, 0, 3, 3, 1, 3, 3, 3, 3, 1, 3, 0, 1, 1, 1, 1, 3, 1, 3, 1, 3, 1, 1, 0, 0, 1, 0, 3, 0, 0, 3]",10,41.666666666666664
Bundesliga,2007,Hannover,"[0, 3, 0, 3, 1, 0, 3, 3, 3, 1, 1, 3, 0, 0, 3, 3, 0, 1, 1, 0, 0, 3, 0, 1, 1, 1, 0, 3, 3, 1, 1, 3, 0, 3]","[0, 3, 0, 3, 1, 0, 3, 3, 3, 1, 1, 3, 0, 0, 3, 3, 0, 1, 1, 0, 0, 3, 0, 1, 1, 1, 0, 3, 3, 1, 1, 3, 0, 3]",17,3.2679738562091503
Bundesliga,2007,Hansa Rostock,"[0, 0, 0, 0, 0, 3, 3, 3, 0, 1, 1, 0, 3, 0, 0, 0, 3, 0, 1, 3, 0, 1, 1, 1, 0, 0, 0, 3, 0, 0, 0, 0, 0, 3]","[0, 0, 0, 0, 0, 3, 3, 3, 0, 1, 1, 0, 3, 0, 0, 0, 3, 0, 1, 3, 0, 1, 1, 1, 0, 0, 0, 3, 0, 0, 0, 0, 0, 3]",14,4.716981132075472
Bundesliga,2007,Hertha,"[0, 3, 0, 3, 3, 3, 0, 0, 1, 0, 3, 0, 3, 0, 0, 0, 1, 0, 3, 3, 1, 3, 1, 1, 0, 0, 0, 1, 1, 1, 3, 3, 3, 0]","[0, 3, 0, 3, 3, 3, 0, 0, 1, 0, 3, 0, 3, 0, 0, 0, 1, 0, 3, 3, 1, 3, 1, 1, 0, 0, 0, 1, 1, 1, 3, 3, 3, 0]",1,2.5316455696202533
Bundesliga,2007,Karlsruhe,"[3, 0, 0, 3, 3, 0, 3, 3, 3, 1, 1, 3, 0, 3, 0, 1, 1, 3, 1, 1, 0, 3, 0, 0, 1, 1, 0, 0, 3, 1, 0, 1, 0, 0]","[3, 0, 0, 3, 3, 0, 3, 3, 3, 1, 1, 3, 0, 3, 0, 1, 1, 3, 1, 1, 0, 3, 0, 0, 1, 1, 0, 0, 3, 1, 0, 1, 0, 0]",12,71.3775874375446
Bundesliga,2007,Leverkusen,"[1, 0, 3, 1, 3, 3, 3, 0, 0, 1, 0, 3, 3, 3, 3, 3, 0, 3, 1, 1, 3, 0, 3, 3, 0, 0, 0, 3, 0, 1, 0, 0, 3, 0]","[1, 0, 3, 1, 3, 3, 3, 0, 0, 1, 0, 3, 3, 3, 3, 3, 0, 3, 1, 1, 3, 0, 3, 3, 0, 0, 0, 3, 0, 1, 0, 0, 3, 0]",10,41.666666666666664
Bundesliga,2007,Nurnberg,"[0, 3, 0, 1, 1, 0, 0, 1, 0, 3, 0, 0, 0, 3, 0, 3, 0, 0, 1, 0, 1, 0, 1, 0, 1, 1, 3, 0, 3, 1, 1, 3, 0, 0]","[0, 3, 0, 1, 1, 0, 0, 1, 0, 3, 0, 0, 0, 3, 0, 3, 0, 0, 1, 0, 1, 0, 1, 0, 1, 1, 3, 0, 3, 1, 1, 3, 0, 0]",2,4.444444444444445
Bundesliga,2007,Schalke 04,"[1, 3, 1, 1, 1, 3, 3, 3, 0, 1, 1, 0, 1, 3, 3, 1, 3, 3, 3, 0, 0, 0, 3, 3, 3, 1, 3, 0, 3, 3, 1, 3, 3, 3]","[1, 3, 1, 1, 1, 3, 3, 3, 0, 1, 1, 0, 1, 3, 3, 1, 3, 3, 3, 0, 0, 0, 3, 3, 3, 1, 3, 0, 3, 3, 1, 3, 3, 3]",15,1.5625
Bundesliga,2007,Stuttgart,"[1, 0, 3, 0, 3, 0, 3, 0, 0, 0, 3, 3, 3, 3, 0, 3, 0, 0, 0, 3, 3, 3, 3, 1, 3, 1, 3, 0, 3, 0, 3, 0, 0, 1]","[1, 0, 3, 0, 3, 0, 3, 0, 0, 0, 3, 3, 3, 3, 0, 3, 0, 0, 0, 3, 3, 3, 3, 1, 3, 1, 3, 0, 3, 0, 3, 0, 0, 1]",3,7.518796992481203
Bundesliga,2007,Werder Bremen,"[1, 0, 3, 3, 0, 3, 1, 3, 3, 3, 1, 3, 3, 3, 3, 0, 3, 0, 1, 3, 0, 3, 0, 0, 1, 0, 3, 3, 3, 1, 3, 3, 3, 3]","[1, 0, 3, 3, 0, 3, 1, 3, 3, 3, 1, 3, 3, 3, 3, 0, 3, 0, 1, 3, 0, 3, 0, 0, 1, 0, 3, 3, 3, 1, 3, 3, 3, 3]",17,3.6363636363636362
Bundesliga,2007,Wolfsburg,"[0, 3, 1, 0, 0, 3, 1, 1, 3, 1, 3, 0, 0, 0, 1, 0, 3, 3, 3, 3, 1, 0, 3, 3, 1, 3, 3, 0, 0, 1, 1, 3, 3, 3]","[0, 3, 1, 0, 0, 3, 1, 1, 3, 1, 3, 0, 0, 0, 1, 0, 3, 3, 3, 3, 1, 0, 3, 3, 1, 3, 3, 0, 0, 1, 1, 3, 3, 3]",7,1.7699115044247788
Bundesliga,2008,Bayern Munich,"[1, 1, 3, 3, 0, 0, 1, 3, 3, 3, 3, 3, 1, 3, 3, 3, 1, 0, 3, 0, 0, 1, 3, 3, 3, 0, 3, 3, 0, 3, 3, 3, 1, 3]","[1, 1, 3, 3, 0, 0, 1, 3, 3, 3, 3, 3, 1, 3, 3, 3, 1, 0, 3, 0, 0, 1, 3, 3, 3, 0, 3, 3, 0, 3, 3, 3, 1, 3]",17,2.5839793281653747
Bundesliga,2008,Bielefeld,"[1, 1, 0, 0, 3, 1, 0, 0, 1, 1, 0, 0, 1, 3, 0, 1, 1, 3, 1, 0, 1, 1, 1, 3, 0, 0, 0, 0, 1, 1, 1, 0, 0, 1]","[1, 1, 0, 0, 3, 1, 0, 0, 1, 1, 0, 0, 1, 3, 0, 1, 1, 3, 1, 0, 1, 1, 1, 3, 0, 0, 0, 0, 1, 1, 1, 0, 0, 1]",10,13.157894736842104
Bundesliga,2008,Bochum,"[0, 1, 0, 3, 1, 0, 1, 1, 0, 0, 1, 1, 1, 0, 1, 0, 0, 3, 0, 3, 1, 3, 1, 0, 3, 0, 3, 0, 0, 0, 0, 0, 3, 1]","[0, 1, 0, 3, 1, 0, 1, 1, 0, 0, 1, 1, 1, 0, 1, 0, 0, 3, 0, 3, 1, 3, 1, 0, 3, 0, 3, 0, 0, 0, 0, 0, 3, 1]",7,4.219409282700422
Bundesliga,2008,Cottbus,"[0, 1, 0, 0, 1, 3, 0, 0, 0, 1, 0, 0, 3, 0, 3, 0, 1, 0, 3, 1, 3, 0, 0, 0, 0, 0, 3, 0, 3, 1, 0, 0, 0, 3]","[0, 1, 0, 0, 1, 3, 0, 0, 0, 1, 0, 0, 3, 0, 3, 0, 1, 0, 3, 1, 3, 0, 0, 0, 0, 0, 3, 0, 3, 1, 0, 0, 0, 3]",13,2.386634844868735
Bundesliga,2008,Dortmund,"[3, 1, 3, 1, 0, 3, 1, 1, 1, 3, 1, 0, 3, 3, 1, 1, 3, 1, 0, 1, 1, 1, 0, 1, 3, 3, 3, 3, 3, 3, 3, 0, 3, 1]","[3, 1, 3, 1, 0, 3, 1, 1, 1, 3, 1, 0, 3, 3, 1, 1, 3, 1, 0, 1, 1, 1, 0, 1, 3, 3, 3, 3, 3, 3, 3, 0, 3, 1]",3,2.816901408450704
Bundesliga,2008,Ein Frankfurt,"[0, 1, 1, 0, 1, 0, 0, 3, 3, 0, 3, 1, 0, 3, 0, 3, 0, 0, 1, 0, 3, 0, 1, 1, 1, 3, 0, 3, 0, 0, 1, 0, 0, 0]","[0, 1, 1, 0, 1, 0, 0, 3, 3, 0, 3, 1, 0, 3, 0, 3, 0, 0, 1, 0, 3, 0, 1, 1, 1, 3, 0, 3, 0, 0, 1, 0, 0, 0]",6,18.867924528301888
Bundesliga,2008,FC Koln,"[0, 1, 3, 0, 0, 3, 3, 3, 0, 0, 3, 3, 0, 0, 0, 0, 3, 1, 1, 1, 3, 1, 0, 0, 3, 0, 0, 0, 0, 3, 0, 0, 3, 1]","[0, 1, 3, 0, 0, 3, 3, 3, 0, 0, 3, 3, 0, 0, 0, 0, 3, 1, 1, 1, 3, 1, 0, 0, 3, 0, 0, 0, 0, 3, 0, 0, 3, 1]",13,5.434782608695652
Bundesliga,2008,Hamburg,"[1, 3, 3, 3, 0, 3, 3, 1, 0, 3, 0, 3, 0, 3, 1, 3, 3, 3, 0, 3, 3, 0, 0, 3, 3, 3, 0, 3, 0, 1, 0, 3, 0, 3]","[1, 3, 3, 3, 0, 3, 3, 1, 0, 3, 0, 3, 0, 3, 1, 3, 3, 3, 0, 3, 3, 0, 0, 3, 3, 3, 0, 3, 0, 1, 0, 3, 0, 3]",8,6.756756756756757
Bundesliga,2008,Hannover,"[0, 1, 0, 3, 0, 3, 1, 0, 1, 0, 3, 0, 1, 0, 3, 0, 1, 3, 0, 1, 0, 3, 0, 1, 1, 0, 3, 0, 3, 3, 1, 3, 0, 1]","[0, 1, 0, 3, 0, 3, 1, 0, 1, 0, 3, 0, 1, 0, 3, 0, 1, 3, 0, 1, 0, 3, 0, 1, 1, 0, 3, 0, 3, 3, 1, 3, 0, 1]",2,2.5510204081632653
Bundesliga,2008,Hertha,"[3, 1, 0, 1, 3, 0, 3, 3, 1, 3, 0, 3, 3, 3, 3, 0, 3, 3, 1, 3, 0, 3, 3, 3, 0, 0, 0, 3, 3, 1, 3, 3, 1, 0]","[3, 1, 0, 1, 3, 0, 3, 3, 1, 3, 0, 3, 3, 3, 3, 0, 3, 3, 1, 3, 0, 3, 3, 3, 0, 0, 0, 3, 3, 1, 3, 3, 1, 0]",10,7.874015748031496
Bundesliga,2008,Hoffenheim,"[3, 3, 0, 1, 3, 0, 3, 3, 3, 3, 3, 0, 3, 3, 3, 0, 1, 3, 1, 0, 1, 1, 1, 1, 1, 0, 0, 1, 0, 0, 3, 3, 1, 3]","[3, 3, 0, 1, 3, 0, 3, 3, 3, 3, 3, 0, 3, 3, 3, 0, 1, 3, 1, 0, 1, 1, 1, 1, 1, 0, 0, 1, 0, 0, 3, 3, 1, 3]",16,74.8502994011976
Bundesliga,2008,Karlsruhe,"[3, 0, 0, 0, 3, 3, 0, 0, 0, 0, 0, 1, 0, 0, 0, 3, 0, 0, 3, 1, 0, 0, 0, 0, 0, 1, 0, 1, 3, 1, 0, 0, 3, 3]","[3, 0, 0, 0, 3, 3, 0, 0, 0, 0, 0, 1, 0, 0, 0, 3, 0, 0, 3, 1, 0, 0, 0, 0, 0, 1, 0, 1, 3, 1, 0, 0, 3, 3]",14,1.7699115044247788
Bundesliga,2008,Leverkusen,"[0, 3, 3, 0, 3, 3, 0, 3, 3, 3, 3, 1, 3, 0, 0, 3, 1, 1, 0, 3, 0, 0, 1, 0, 1, 3, 1, 0, 0, 3, 1, 0, 3, 0]","[0, 3, 3, 0, 3, 3, 0, 3, 3, 3, 3, 1, 3, 0, 0, 3, 1, 1, 0, 3, 0, 0, 1, 0, 1, 3, 1, 0, 0, 3, 1, 0, 3, 0]",16,24.390243902439025
Bundesliga,2008,MGladbach,"[0, 0, 3, 0, 0, 0, 0, 1, 3, 0, 0, 3, 1, 0, 0, 0, 0, 0, 1, 1, 3, 0, 3, 3, 0, 1, 0, 0, 1, 0, 3, 3, 0, 1]","[0, 0, 3, 0, 0, 0, 0, 1, 3, 0, 0, 3, 1, 0, 0, 0, 0, 0, 1, 1, 3, 0, 3, 3, 0, 1, 0, 0, 1, 0, 3, 3, 0, 1]",2,1.8083182640144666
Bundesliga,2008,Schalke 04,"[3, 1, 3, 1, 3, 0, 1, 1, 1, 3, 3, 0, 0, 3, 0, 3, 1, 0, 3, 0, 1, 3, 3, 0, 0, 3, 3, 3, 3, 0, 0, 0, 1, 0]","[3, 1, 3, 1, 3, 0, 1, 1, 1, 3, 3, 0, 0, 3, 0, 3, 1, 0, 3, 0, 1, 3, 3, 0, 0, 3, 3, 3, 3, 0, 0, 0, 1, 0]",5,59.594755661501786
Bundesliga,2008,Stuttgart,"[3, 0, 3, 1, 3, 0, 3, 0, 3, 0, 0, 1, 1, 0, 3, 3, 1, 3, 3, 1, 1, 3, 3, 0, 3, 3, 3, 3, 3, 1, 3, 3, 3, 0]","[3, 0, 3, 1, 3, 0, 3, 0, 3, 0, 0, 1, 1, 0, 3, 3, 1, 3, 3, 1, 1, 3, 3, 0, 3, 3, 3, 3, 3, 1, 3, 3, 3, 0]",1,3.9215686274509802
Bundesliga,2008,Werder Bremen,"[1, 1, 0, 3, 3, 3, 0, 1, 1, 0, 3, 1, 3, 0, 3, 0, 3, 0, 0, 1, 0, 1, 1, 3, 0, 3, 1, 0, 3, 0, 3, 3, 0, 0]","[1, 1, 0, 3, 3, 3, 0, 1, 1, 0, 3, 1, 3, 0, 3, 0, 3, 0, 0, 1, 0, 1, 1, 3, 0, 3, 1, 0, 3, 0, 3, 3, 0, 0]",2,7.874015748031496
Bundesliga,2008,Wolfsburg,"[3, 1, 1, 1, 3, 0, 1, 3, 0, 3, 0, 3, 0, 3, 1, 3, 0, 1, 3, 3, 3, 3, 3, 3, 3, 3, 3, 3, 0, 3, 0, 3, 3, 3]","[3, 1, 1, 1, 3, 0, 1, 3, 0, 3, 0, 3, 0, 3, 1, 3, 0, 1, 3, 3, 3, 3, 3, 3, 3, 3, 3, 3, 0, 3, 0, 3, 3, 3]",6,1.996007984031936
Bundesliga,2009,Bayern Munich,"[1, 1, 0, 3, 3, 3, 0, 1, 3, 3, 1, 1, 1, 3, 3, 3, 3, 3, 3, 3, 3, 3, 1, 3, 1, 3, 0, 0, 3, 1, 3, 1, 3, 3]","[1, 1, 0, 3, 3, 3, 0, 1, 3, 3, 1, 1, 1, 3, 3, 3, 3, 3, 3, 3, 3, 3, 1, 3, 1, 3, 0, 0, 3, 1, 3, 1, 3, 3]",8,4.366812227074236
Bundesliga,2009,Bochum,"[1, 0, 3, 0, 0, 0, 3, 1, 0, 0, 0, 0, 3, 1, 1, 0, 3, 3, 1, 1, 1, 3, 1, 1, 0, 0, 0, 0, 1, 0, 0, 0, 0, 0]","[1, 0, 3, 0, 0, 0, 3, 1, 0, 0, 0, 0, 3, 1, 1, 0, 3, 3, 1, 1, 1, 3, 1, 1, 0, 0, 0, 0, 1, 0, 0, 0, 0, 0]",10,226.2443438914027
Bundesliga,2009,Dortmund,"[3, 0, 1, 1, 0, 1, 0, 3, 3, 1, 3, 1, 1, 3, 3, 3, 3, 3, 3, 0, 0, 0, 3, 0, 3, 3, 3, 1, 3, 0, 1, 3, 1, 0]","[3, 0, 1, 1, 0, 1, 0, 3, 3, 1, 3, 1, 1, 3, 3, 3, 3, 3, 3, 0, 0, 0, 3, 0, 3, 3, 3, 1, 3, 0, 1, 3, 1, 0]",5,6.451612903225806
Bundesliga,2009,Ein Frankfurt,"[3, 1, 1, 1, 3, 1, 0, 0, 3, 0, 3, 0, 0, 3, 3, 1, 1, 3, 1, 0, 3, 3, 1, 0, 0, 0, 3, 3, 3, 0, 1, 1, 0, 0]","[3, 1, 1, 1, 3, 1, 0, 0, 3, 0, 3, 0, 0, 3, 3, 1, 1, 3, 1, 0, 3, 3, 1, 0, 0, 0, 3, 3, 3, 0, 1, 1, 0, 0]",5,17.24137931034483
Bundesliga,2009,FC Koln,"[0, 0, 1, 0, 0, 3, 0, 1, 3, 1, 0, 3, 0, 1, 1, 1, 3, 0, 3, 3, 1, 0, 0, 1, 1, 0, 1, 3, 0, 3, 3, 0, 1, 0]","[0, 0, 1, 0, 0, 3, 0, 1, 3, 1, 0, 3, 0, 1, 1, 1, 3, 0, 3, 3, 1, 0, 0, 1, 1, 0, 1, 3, 0, 3, 3, 0, 1, 0]",3,4.184100418410042
Bundesliga,2009,Freiburg,"[1, 0, 0, 3, 0, 3, 3, 0, 0, 0, 0, 3, 0, 3, 1, 1, 0, 0, 0, 0, 1, 0, 0, 1, 0, 0, 3, 1, 1, 0, 3, 3, 1, 3]","[1, 0, 0, 3, 0, 3, 3, 0, 0, 0, 0, 3, 0, 3, 1, 1, 0, 0, 0, 0, 1, 0, 0, 1, 0, 0, 3, 1, 1, 0, 3, 3, 1, 3]",17,1.9120458891013383
Bundesliga,2009,Hamburg,"[1, 3, 3, 3, 3, 1, 3, 3, 1, 1, 0, 1, 0, 1, 1, 3, 3, 3, 0, 1, 1, 3, 1, 0, 3, 0, 1, 0, 1, 3, 0, 0, 3, 1]","[1, 3, 3, 3, 3, 1, 3, 3, 1, 1, 0, 1, 0, 1, 1, 3, 3, 3, 0, 1, 1, 3, 1, 0, 3, 0, 1, 0, 1, 3, 0, 0, 3, 1]",16,18.181818181818183
Bundesliga,2009,Hannover,"[0, 1, 3, 0, 1, 1, 0, 3, 0, 3, 3, 1, 0, 0, 1, 0, 0, 0, 0, 0, 0, 0, 0, 0, 3, 3, 0, 0, 1, 3, 0, 0, 3, 3]","[0, 1, 3, 0, 1, 1, 0, 3, 0, 3, 3, 1, 0, 0, 1, 0, 0, 0, 0, 0, 0, 0, 0, 0, 3, 3, 0, 0, 1, 3, 0, 0, 3, 3]",17,2.0366598778004072
Bundesliga,2009,Hertha,"[3, 0, 0, 0, 0, 0, 0, 0, 0, 1, 0, 0, 1, 0, 0, 1, 0, 3, 1, 1, 0, 1, 3, 0, 0, 0, 3, 1, 3, 0, 1, 0, 1, 0]","[3, 0, 0, 0, 0, 0, 0, 0, 0, 1, 0, 0, 1, 0, 0, 1, 0, 3, 1, 1, 0, 1, 3, 0, 0, 0, 3, 1, 3, 0, 1, 0, 1, 0]",5,2.785515320334262
Bundesliga,2009,Hoffenheim,"[1, 0, 1, 3, 3, 3, 3, 0, 0, 3, 3, 0, 3, 0, 1, 1, 0, 0, 0, 0, 3, 0, 1, 3, 0, 0, 1, 1, 0, 0, 1, 3, 3, 1]","[1, 0, 1, 3, 3, 3, 3, 0, 0, 3, 3, 0, 3, 0, 1, 1, 0, 0, 0, 0, 3, 0, 1, 3, 0, 0, 1, 1, 0, 0, 1, 3, 3, 1]",17,5.128205128205129
Bundesliga,2009,Leverkusen,"[1, 3, 3, 3, 3, 1, 3, 3, 1, 1, 1, 3, 1, 3, 1, 1, 3, 3, 3, 3, 1, 3, 1, 1, 0, 3, 0, 0, 0, 1, 0, 3, 1, 1]","[1, 3, 3, 3, 3, 1, 3, 3, 1, 1, 1, 3, 1, 3, 1, 1, 3, 3, 3, 3, 1, 3, 1, 1, 0, 3, 0, 0, 0, 1, 0, 3, 1, 1]",12,502.51256281407035
Bundesliga,2009,MGladbach,"[1, 3, 0, 3, 0, 0, 0, 0, 0, 1, 3, 1, 3, 3, 0, 3, 0, 0, 1, 3, 0, 3, 1, 1, 0, 0, 1, 3, 0, 3, 0, 1, 0, 1]","[1, 3, 0, 3, 0, 0, 0, 0, 0, 1, 3, 1, 3, 3, 0, 3, 0, 0, 1, 3, 0, 3, 1, 1, 0, 0, 1, 3, 0, 3, 0, 1, 0, 1]",4,4.926108374384237
Bundesliga,2009,Mainz,"[1, 1, 3, 0, 3, 3, 0, 3, 0, 3, 1, 3, 1, 1, 0, 1, 0, 0, 3, 0, 3, 1, 1, 0, 3, 3, 0, 0, 0, 3, 3, 1, 1, 1]","[1, 1, 3, 0, 3, 3, 0, 3, 0, 3, 1, 3, 1, 1, 0, 1, 0, 0, 3, 0, 3, 1, 1, 0, 3, 3, 0, 0, 0, 3, 3, 1, 1, 1]",8,3.2679738562091503
Bundesliga,2009,Nurnberg,"[0, 1, 0, 1, 3, 0, 0, 0, 3, 0, 1, 0, 3, 0, 0, 0, 0, 0, 1, 3, 0, 0, 1, 1, 3, 3, 1, 0, 3, 0, 0, 0, 0, 3]","[0, 1, 0, 1, 3, 0, 0, 0, 3, 0, 1, 0, 3, 0, 0, 0, 0, 0, 1, 3, 0, 0, 1, 1, 3, 3, 1, 0, 3, 0, 0, 0, 0, 3]",5,2.8735632183908044
Bundesliga,2009,Schalke 04,"[3, 3, 1, 0, 3, 0, 3, 3, 3, 1, 1, 1, 3, 0, 3, 3, 3, 3, 1, 3, 1, 3, 0, 3, 3, 3, 1, 3, 0, 0, 3, 3, 0, 1]","[3, 3, 1, 0, 3, 0, 3, 3, 3, 1, 1, 1, 3, 0, 3, 3, 3, 3, 1, 3, 1, 3, 0, 3, 3, 3, 1, 3, 0, 0, 3, 3, 0, 1]",6,11.494252873563218
Bundesliga,2009,Stuttgart,"[0, 3, 1, 1, 0, 0, 3, 0, 0, 0, 1, 1, 1, 0, 1, 1, 3, 3, 3, 3, 3, 0, 3, 3, 1, 0, 3, 3, 3, 3, 3, 3, 1, 1]","[0, 3, 1, 1, 0, 0, 3, 0, 0, 0, 1, 1, 1, 0, 1, 1, 3, 3, 3, 3, 3, 0, 3, 3, 1, 0, 3, 3, 3, 3, 3, 3, 1, 1]",2,3.401360544217687
Bundesliga,2009,Werder Bremen,"[0, 1, 3, 3, 1, 1, 3, 3, 3, 3, 1, 1, 3, 1, 1, 0, 0, 0, 0, 0, 3, 3, 1, 3, 1, 3, 3, 3, 0, 3, 3, 3, 3, 1]","[0, 1, 3, 3, 1, 1, 3, 3, 3, 3, 1, 1, 3, 1, 1, 0, 0, 0, 0, 0, 3, 3, 1, 3, 1, 3, 3, 3, 0, 3, 3, 3, 3, 1]",1,1.9723865877712032
Bundesliga,2009,Wolfsburg,"[3, 3, 0, 0, 0, 3, 3, 1, 3, 1, 1, 3, 0, 1, 1, 0, 1, 0, 0, 1, 0, 0, 3, 3, 3, 3, 0, 3, 3, 3, 0, 0, 1, 3]","[3, 3, 0, 0, 0, 3, 3, 1, 3, 1, 1, 3, 0, 1, 1, 0, 1, 0, 0, 1, 0, 0, 3, 3, 3, 3, 0, 3, 3, 3, 0, 0, 1, 3]",4,2.898550724637681
Bundesliga,2010,Bayern Munich,"[3, 0, 1, 1, 3, 0, 0, 3, 1, 3, 1, 3, 1, 3, 0, 3, 3, 1, 3, 3, 0, 3, 3, 0, 0, 3, 3, 3, 1, 3, 1, 3, 3, 3]","[3, 0, 1, 1, 3, 0, 0, 3, 1, 3, 1, 3, 1, 3, 0, 3, 3, 1, 3, 3, 0, 3, 3, 0, 0, 3, 3, 3, 1, 3, 1, 3, 3, 3]",11,1.303780964797914
Bundesliga,2010,Dortmund,"[0, 3, 3, 3, 3, 3, 3, 3, 1, 3, 3, 3, 3, 3, 3, 3, 0, 3, 1, 3, 1, 1, 3, 3, 3, 0, 1, 3, 1, 3, 0, 3, 0, 3]","[0, 3, 3, 3, 3, 3, 3, 3, 1, 3, 3, 3, 3, 3, 3, 3, 0, 3, 1, 3, 1, 1, 3, 3, 3, 0, 1, 3, 1, 3, 0, 3, 0, 3]",16,26.31578947368421
Bundesliga,2010,Ein Frankfurt,"[0, 0, 3, 0, 0, 3, 3, 3, 1, 3, 3, 1, 0, 0, 3, 0, 3, 0, 0, 0, 1, 0, 0, 0, 1, 0, 3, 1, 1, 0, 1, 0, 0, 0]","[0, 0, 3, 0, 0, 3, 3, 3, 1, 3, 3, 1, 0, 0, 3, 0, 3, 0, 0, 0, 1, 0, 0, 0, 1, 0, 3, 1, 1, 0, 1, 0, 0, 0]",17,102.56410256410257
Bundesliga,2010,FC Koln,"[0, 0, 3, 1, 0, 1, 0, 0, 0, 3, 0, 0, 3, 1, 0, 3, 0, 1, 3, 0, 3, 3, 1, 3, 0, 3, 0, 3, 0, 0, 0, 3, 3, 3]","[0, 0, 3, 1, 0, 1, 0, 0, 0, 3, 0, 0, 3, 1, 0, 3, 0, 1, 3, 0, 3, 3, 1, 3, 0, 3, 0, 3, 0, 0, 0, 3, 3, 3]",6,1.4836795252225519
Bundesliga,2010,Freiburg,"[0, 3, 3, 3, 0, 0, 3, 0, 3, 0, 3, 3, 0, 0, 3, 3, 1, 1, 1, 3, 1, 0, 3, 0, 0, 0, 0, 1, 3, 0, 0, 3, 0, 0]","[0, 3, 3, 3, 0, 0, 3, 0, 3, 0, 3, 3, 0, 0, 3, 3, 1, 1, 1, 3, 1, 0, 3, 0, 0, 0, 0, 1, 3, 0, 0, 3, 0, 0]",11,28.571428571428573
Bundesliga,2010,Hamburg,"[3, 3, 1, 1, 0, 0, 3, 3, 1, 0, 3, 0, 0, 3, 0, 0, 3, 3, 3, 0, 3, 0, 3, 1, 0, 0, 3, 1, 1, 1, 0, 0, 1, 1]","[3, 3, 1, 1, 0, 0, 3, 3, 1, 0, 3, 0, 0, 3, 0, 0, 3, 3, 3, 0, 3, 0, 3, 1, 0, 0, 3, 1, 1, 1, 0, 0, 1, 1]",11,11.363636363636363
Bundesliga,2010,Hannover,"[3, 3, 1, 0, 3, 3, 0, 0, 3, 0, 0, 3, 3, 3, 3, 3, 0, 3, 0, 0, 3, 1, 3, 3, 3, 0, 3, 0, 3, 1, 3, 0, 0, 3]","[3, 3, 1, 0, 3, 3, 0, 0, 3, 0, 0, 3, 3, 3, 3, 3, 0, 3, 0, 0, 3, 1, 3, 3, 3, 0, 3, 0, 3, 1, 3, 0, 0, 3]",3,3.4482758620689653
Bundesliga,2010,Hoffenheim,"[3, 3, 3, 1, 0, 1, 0, 3, 1, 3, 0, 0, 3, 1, 1, 1, 1, 0, 1, 3, 3, 0, 1, 0, 0, 3, 0, 1, 0, 3, 0, 0, 3, 0]","[3, 3, 3, 1, 0, 1, 0, 3, 1, 3, 0, 0, 3, 1, 1, 1, 1, 0, 1, 3, 3, 0, 1, 0, 0, 3, 0, 1, 0, 3, 0, 0, 3, 0]",13,11.363636363636363
Bundesliga,2010,Kaiserslautern,"[3, 3, 0, 1, 0, 0, 0, 0, 0, 3, 0, 1, 3, 3, 0, 1, 3, 1, 0, 0, 0, 1, 0, 1, 1, 3, 3, 0, 3, 0, 3, 3, 3, 3]","[3, 3, 0, 1, 0, 0, 0, 0, 0, 3, 0, 1, 3, 3, 0, 1, 3, 1, 0, 0, 0, 1, 0, 1, 1, 3, 3, 0, 3, 0, 3, 3, 3, 3]",17,1.394700139470014
Bundesliga,2010,Leverkusen,"[3, 0, 1, 1, 3, 3, 1, 3, 0, 3, 3, 3, 1, 1, 3, 3, 1, 0, 3, 3, 0, 3, 3, 1, 3, 3, 3, 3, 3, 0, 3, 0, 1, 3]","[3, 0, 1, 1, 3, 3, 1, 3, 0, 3, 3, 3, 1, 1, 3, 3, 1, 0, 3, 3, 0, 3, 3, 1, 3, 3, 3, 3, 3, 0, 3, 0, 1, 3]",5,5.58659217877095
Bundesliga,2010,MGladbach,"[1, 3, 0, 0, 0, 1, 1, 0, 0, 0, 1, 3, 0, 0, 0, 0, 0, 3, 0, 3, 0, 0, 3, 0, 3, 1, 0, 0, 3, 0, 3, 3, 3, 1]","[1, 3, 0, 0, 0, 1, 1, 0, 0, 0, 1, 3, 0, 0, 0, 0, 0, 3, 0, 3, 0, 0, 3, 0, 3, 1, 0, 0, 3, 0, 3, 3, 3, 1]",1,1.4265335235378032
Bundesliga,2010,Mainz,"[3, 3, 3, 3, 3, 3, 3, 0, 3, 0, 0, 0, 3, 3, 0, 0, 3, 0, 0, 3, 1, 0, 0, 3, 3, 0, 1, 1, 0, 3, 1, 3, 3, 3]","[3, 3, 3, 3, 3, 3, 3, 0, 3, 0, 0, 0, 3, 3, 0, 0, 3, 0, 0, 3, 1, 0, 0, 3, 3, 0, 1, 1, 0, 3, 1, 3, 3, 3]",17,5.434782608695652
Bundesliga,2010,Nurnberg,"[1, 0, 1, 1, 3, 0, 3, 0, 3, 3, 3, 0, 0, 0, 0, 1, 3, 0, 1, 3, 3, 3, 3, 1, 3, 3, 0, 0, 1, 3, 1, 0, 0, 0]","[1, 0, 1, 1, 3, 0, 3, 0, 3, 3, 3, 0, 0, 0, 0, 1, 3, 0, 1, 3, 3, 3, 3, 1, 3, 3, 0, 0, 1, 3, 1, 0, 0, 0]",3,18.181818181818183
Bundesliga,2010,Schalke 04,"[0, 0, 0, 0, 3, 1, 0, 1, 1, 0, 3, 1, 3, 0, 3, 3, 3, 0, 3, 0, 1, 3, 0, 1, 0, 3, 0, 3, 3, 1, 0, 0, 0, 0]","[0, 0, 0, 0, 3, 1, 0, 1, 1, 0, 3, 1, 3, 0, 3, 3, 3, 0, 3, 0, 1, 3, 0, 1, 0, 3, 0, 3, 3, 1, 0, 0, 0, 0]",4,30.303030303030305
Bundesliga,2010,St Pauli,"[3, 0, 0, 1, 3, 0, 3, 3, 0, 0, 0, 0, 1, 0, 3, 0, 0, 1, 1, 3, 3, 3, 0, 0, 0, 0, 0, 0, 0, 1, 0, 0, 0, 0]","[3, 0, 0, 1, 3, 0, 3, 3, 0, 0, 0, 0, 1, 0, 3, 0, 0, 1, 1, 3, 3, 3, 0, 0, 0, 0, 0, 0, 0, 1, 0, 0, 0, 0]",12,291.5451895043732
Bundesliga,2010,Stuttgart,"[0, 0, 0, 3, 0, 0, 0, 1, 3, 0, 3, 1, 0, 0, 1, 0, 0, 3, 1, 0, 3, 0, 0, 3, 3, 3, 1, 1, 0, 3, 3, 3, 3, 0]","[0, 0, 0, 3, 0, 0, 0, 1, 3, 0, 3, 1, 0, 0, 1, 0, 0, 3, 1, 0, 3, 0, 0, 3, 3, 3, 1, 1, 0, 3, 3, 3, 3, 0]",1,2.0161290322580645
Bundesliga,2010,Werder Bremen,"[0, 3, 1, 0, 0, 3, 1, 3, 3, 0, 0, 1, 0, 3, 1, 0, 0, 3, 0, 0, 1, 1, 0, 1, 3, 1, 3, 1, 1, 1, 3, 0, 3, 0]","[0, 3, 1, 0, 0, 3, 1, 3, 3, 0, 0, 1, 0, 3, 1, 0, 0, 3, 0, 0, 1, 1, 0, 1, 3, 1, 3, 1, 1, 1, 3, 0, 3, 0]",1,2.577319587628866
Bundesliga,2010,Wolfsburg,"[0, 0, 0, 3, 3, 3, 1, 0, 0, 3, 0, 1, 1, 1, 1, 1, 1, 1, 3, 0, 0, 0, 0, 3, 0, 0, 1, 1, 0, 1, 3, 3, 0, 3]","[0, 0, 0, 3, 3, 3, 1, 0, 0, 3, 0, 1, 1, 1, 1, 1, 1, 1, 3, 0, 0, 0, 0, 3, 0, 0, 1, 1, 0, 1, 3, 3, 0, 3]",15,2.7548209366391183
Bundesliga,2011,Augsburg,"[1, 1, 0, 0, 0, 1, 1, 0, 3, 1, 0, 0, 0, 3, 0, 3, 1, 0, 1, 1, 1, 0, 3, 1, 1, 3, 1, 3, 0, 0, 3, 1, 1, 3]","[1, 1, 0, 0, 0, 1, 1, 0, 3, 1, 0, 0, 0, 3, 0, 3, 1, 0, 1, 1, 1, 0, 3, 1, 1, 3, 1, 3, 0, 0, 3, 1, 1, 3]",6,1.287001287001287
Bundesliga,2011,Bayern Munich,"[0, 3, 3, 3, 3, 3, 3, 1, 3, 0, 3, 3, 0, 0, 3, 3, 3, 0, 3, 1, 3, 1, 3, 0, 3, 3, 3, 3, 3, 0, 1, 3, 3, 3]","[0, 3, 3, 3, 3, 3, 3, 1, 3, 0, 3, 3, 0, 0, 3, 3, 3, 0, 3, 1, 3, 1, 3, 0, 3, 3, 3, 3, 3, 0, 1, 3, 3, 3]",5,2.109704641350211
Bundesliga,2011,Dortmund,"[3, 0, 3, 1, 0, 0, 3, 3, 3, 3, 1, 3, 3, 3, 1, 1, 3, 3, 3, 3, 3, 3, 3, 3, 1, 3, 3, 1, 3, 3, 3, 3, 3, 3]","[3, 0, 3, 1, 0, 0, 3, 3, 3, 3, 1, 3, 3, 3, 1, 1, 3, 3, 3, 3, 3, 3, 3, 3, 1, 3, 3, 1, 3, 3, 3, 3, 3, 3]",10,1.1806375442739079
Bundesliga,2011,FC Koln,"[0, 0, 1, 3, 0, 3, 3, 0, 3, 0, 3, 0, 0, 1, 3, 1, 0, 0, 0, 3, 0, 0, 0, 1, 3, 0, 0, 0, 1, 0, 0, 1, 0, 0]","[0, 0, 1, 3, 0, 3, 3, 0, 3, 0, 3, 0, 0, 1, 3, 1, 0, 0, 0, 3, 0, 0, 0, 1, 3, 0, 0, 0, 1, 0, 0, 1, 0, 0]",9,30.303030303030305
Bundesliga,2011,Freiburg,"[1, 0, 0, 3, 0, 0, 0, 3, 0, 0, 0, 3, 1, 1, 1, 0, 0, 3, 0, 1, 0, 1, 0, 3, 1, 3, 3, 3, 1, 3, 1, 1, 3, 0]","[1, 0, 0, 3, 0, 0, 0, 3, 0, 0, 0, 3, 1, 1, 1, 0, 0, 3, 0, 1, 0, 1, 0, 3, 1, 3, 3, 3, 1, 3, 1, 1, 3, 0]",1,2.314814814814815
Bundesliga,2011,Hamburg,"[0, 1, 0, 0, 0, 0, 3, 0, 3, 1, 1, 1, 3, 1, 3, 1, 1, 0, 3, 1, 3, 0, 1, 0, 0, 0, 0, 3, 1, 0, 3, 1, 1, 0]","[0, 1, 0, 0, 0, 0, 3, 0, 3, 1, 1, 1, 3, 1, 3, 1, 1, 0, 3, 1, 3, 0, 1, 0, 0, 0, 0, 3, 1, 0, 3, 1, 1, 0]",13,5.882352941176471
Bundesliga,2011,Hannover,"[3, 3, 1, 1, 0, 3, 1, 3, 0, 3, 0, 1, 0, 1, 1, 1, 1, 1, 3, 3, 1, 3, 0, 1, 0, 3, 0, 3, 0, 3, 0, 1, 0, 3]","[3, 3, 1, 1, 0, 3, 1, 3, 0, 3, 0, 1, 0, 1, 1, 1, 1, 1, 3, 3, 1, 3, 0, 1, 0, 3, 0, 3, 0, 3, 0, 1, 0, 3]",12,4.11522633744856
Bundesliga,2011,Hertha,"[0, 1, 1, 3, 3, 1, 0, 3, 0, 1, 3, 0, 1, 1, 1, 0, 1, 0, 0, 0, 0, 0, 0, 3, 0, 0, 3, 0, 1, 0, 1, 0, 0, 3]","[0, 1, 1, 3, 3, 1, 0, 3, 0, 1, 3, 0, 1, 1, 1, 0, 1, 0, 0, 0, 0, 0, 0, 3, 0, 0, 3, 0, 1, 0, 1, 0, 0, 3]",17,9.090909090909092
Bundesliga,2011,Hoffenheim,"[0, 3, 3, 0, 3, 3, 0, 1, 0, 3, 0, 1, 0, 1, 0, 3, 1, 1, 0, 1, 1, 1, 3, 1, 0, 0, 3, 1, 3, 3, 1, 0, 0, 0]","[0, 3, 3, 0, 3, 3, 0, 1, 0, 3, 0, 1, 0, 1, 0, 3, 1, 1, 0, 1, 1, 1, 3, 1, 0, 0, 3, 1, 3, 3, 1, 0, 0, 0]",3,25.641025641025642
Bundesliga,2011,Kaiserslautern,"[0, 1, 1, 0, 0, 3, 0, 0, 3, 3, 1, 1, 0, 0, 1, 1, 1, 1, 1, 0, 0, 0, 0, 1, 1, 0, 0, 0, 0, 0, 0, 3, 0, 0]","[0, 1, 1, 0, 0, 3, 0, 0, 3, 3, 1, 1, 0, 0, 1, 1, 1, 1, 1, 0, 0, 0, 0, 1, 1, 0, 0, 0, 0, 0, 0, 3, 0, 0]",15,17.857142857142858
Bundesliga,2011,Leverkusen,"[0, 3, 3, 1, 3, 0, 0, 3, 1, 0, 3, 1, 3, 1, 3, 1, 0, 3, 1, 1, 0, 3, 3, 3, 0, 0, 0, 0, 1, 3, 1, 3, 3, 3]","[0, 3, 3, 1, 3, 0, 0, 3, 1, 0, 3, 1, 3, 1, 3, 1, 0, 3, 1, 1, 0, 3, 3, 3, 0, 0, 0, 0, 1, 3, 1, 3, 3, 3]",10,2.6525198938992043
Bundesliga,2011,MGladbach,"[3, 1, 3, 0, 3, 3, 3, 0, 1, 0, 3, 3, 3, 3, 1, 0, 3, 3, 3, 1, 3, 3, 1, 0, 1, 3, 0, 0, 1, 1, 3, 0, 1, 3]","[3, 1, 3, 0, 3, 3, 3, 0, 1, 0, 3, 3, 3, 3, 1, 0, 3, 3, 3, 1, 3, 3, 1, 0, 1, 3, 0, 0, 1, 1, 3, 0, 1, 3]",12,38.46153846153846
Bundesliga,2011,Mainz,"[3, 3, 0, 1, 0, 0, 0, 1, 0, 1, 0, 3, 3, 1, 1, 1, 0, 0, 3, 1, 1, 1, 3, 0, 3, 0, 0, 3, 0, 3, 1, 1, 1, 0]","[3, 3, 0, 1, 0, 0, 0, 1, 0, 1, 0, 3, 3, 1, 1, 1, 0, 0, 3, 1, 1, 1, 3, 0, 3, 0, 0, 3, 0, 3, 1, 1, 1, 0]",4,2.9940119760479043
Bundesliga,2011,Nurnberg,"[3, 0, 0, 3, 3, 1, 0, 1, 0, 1, 0, 0, 0, 3, 0, 0, 3, 3, 0, 0, 1, 3, 3, 3, 0, 0, 0, 0, 1, 3, 3, 1, 3, 0]","[3, 0, 0, 3, 3, 1, 0, 1, 0, 1, 0, 0, 0, 3, 0, 0, 3, 3, 0, 0, 1, 3, 3, 3, 0, 0, 0, 0, 1, 3, 3, 1, 3, 0]",10,2.4038461538461537
Bundesliga,2011,Schalke 04,"[0, 3, 3, 3, 0, 0, 3, 3, 0, 3, 3, 1, 3, 0, 3, 3, 3, 3, 3, 1, 0, 3, 0, 0, 3, 3, 3, 1, 3, 0, 0, 1, 3, 3]","[0, 3, 3, 3, 0, 0, 3, 3, 0, 3, 3, 1, 3, 0, 3, 3, 3, 3, 3, 1, 0, 3, 0, 0, 3, 3, 3, 1, 3, 0, 0, 1, 3, 3]",15,6.451612903225806
Bundesliga,2011,Stuttgart,"[3, 1, 0, 0, 3, 3, 0, 3, 3, 1, 1, 0, 3, 0, 1, 0, 0, 0, 0, 1, 3, 0, 3, 3, 1, 3, 3, 1, 3, 3, 3, 1, 0, 3]","[3, 1, 0, 0, 3, 3, 0, 3, 3, 1, 1, 0, 3, 0, 1, 0, 0, 0, 0, 1, 3, 0, 3, 3, 1, 3, 3, 1, 3, 3, 3, 1, 0, 3]",3,2.004008016032064
Bundesliga,2011,Werder Bremen,"[3, 0, 3, 3, 3, 1, 3, 0, 0, 1, 3, 3, 0, 3, 0, 3, 0, 1, 1, 1, 1, 3, 0, 0, 3, 0, 1, 0, 1, 1, 0, 0, 0, 0]","[3, 0, 3, 3, 3, 1, 3, 0, 0, 1, 3, 3, 0, 3, 0, 3, 0, 1, 1, 1, 1, 3, 0, 0, 3, 0, 1, 0, 1, 1, 0, 0, 0, 0]",9,116.95906432748538
Bundesliga,2011,Wolfsburg,"[3, 0, 0, 0, 3, 0, 3, 0, 3, 1, 0, 0, 3, 0, 1, 0, 3, 3, 0, 1, 3, 0, 0, 1, 3, 3, 3, 3, 0, 0, 0, 1, 3, 0]","[3, 0, 0, 0, 3, 0, 3, 0, 3, 1, 0, 0, 3, 0, 1, 0, 3, 3, 0, 1, 3, 0, 0, 1, 3, 3, 3, 3, 0, 0, 0, 1, 3, 0]",6,5.780346820809249
Bundesliga,2012,Augsburg,"[0, 0, 1, 0, 0, 1, 3, 1, 0, 0, 0, 0, 1, 0, 1, 0, 1, 3, 1, 1, 1, 0, 3, 3, 0, 3, 0, 0, 3, 0, 3, 0, 0, 3]","[0, 0, 1, 0, 0, 1, 3, 1, 0, 0, 0, 0, 1, 0, 1, 0, 1, 3, 1, 1, 1, 0, 3, 3, 0, 3, 0, 0, 3, 0, 3, 0, 0, 3]",3,1.639344262295082
Bundesliga,2012,Bayern Munich,"[3, 3, 3, 3, 3, 3, 3, 3, 0, 3, 3, 1, 3, 3, 1, 3, 1, 3, 3, 3, 3, 3, 3, 3, 3, 3, 3, 3, 3, 3, 3, 1, 3, 3]","[3, 3, 3, 3, 3, 3, 3, 3, 0, 3, 3, 1, 3, 3, 1, 3, 1, 3, 3, 3, 3, 3, 3, 3, 3, 3, 3, 3, 3, 3, 3, 1, 3, 3]",3,2.6954177897574123
Bundesliga,2012,Dortmund,"[3, 1, 3, 0, 1, 3, 1, 0, 3, 1, 3, 3, 3, 1, 1, 0, 3, 3, 3, 3, 0, 3, 1, 3, 0, 3, 3, 3, 3, 3, 3, 1, 1, 0]","[3, 1, 3, 0, 1, 3, 1, 0, 3, 1, 3, 3, 3, 1, 1, 0, 3, 3, 3, 3, 0, 3, 1, 3, 0, 3, 3, 3, 3, 3, 3, 1, 1, 0]",3,16.39344262295082
Bundesliga,2012,Ein Frankfurt,"[3, 3, 3, 3, 1, 3, 0, 3, 0, 1, 0, 3, 1, 0, 0, 3, 3, 0, 3, 3, 1, 0, 1, 0, 1, 0, 3, 0, 0, 3, 1, 3, 1, 1]","[3, 3, 3, 3, 1, 3, 0, 3, 0, 1, 0, 3, 1, 0, 0, 3, 3, 0, 3, 3, 1, 0, 1, 0, 1, 0, 3, 0, 0, 3, 1, 3, 1, 1]",14,16.666666666666668
Bundesliga,2012,Fortuna Dusseldorf,"[3, 1, 1, 1, 3, 1, 0, 0, 0, 0, 1, 0, 3, 1, 3, 0, 3, 0, 0, 3, 0, 3, 0, 1, 0, 1, 0, 0, 1, 0, 0, 0, 0, 0]","[3, 1, 1, 1, 3, 1, 0, 0, 0, 0, 1, 0, 3, 1, 3, 0, 3, 0, 0, 3, 0, 3, 0, 1, 0, 1, 0, 0, 1, 0, 0, 0, 0, 0]",12,85.25149190110827
Bundesliga,2012,Freiburg,"[1, 0, 3, 1, 0, 0, 3, 3, 0, 1, 1, 3, 3, 0, 1, 3, 3, 1, 1, 0, 3, 3, 1, 1, 0, 0, 3, 3, 3, 0, 0, 3, 3, 0]","[1, 0, 3, 1, 0, 0, 3, 3, 0, 1, 1, 3, 3, 0, 1, 3, 3, 1, 1, 0, 3, 3, 1, 1, 0, 0, 3, 3, 3, 0, 0, 3, 3, 0]",1,2.898550724637681
Bundesliga,2012,Greuther Furth,"[0, 3, 0, 1, 0, 0, 0, 1, 1, 1, 0, 0, 1, 0, 0, 0, 1, 0, 0, 3, 0, 0, 1, 1, 0, 1, 0, 0, 0, 3, 0, 3, 0, 0]","[0, 3, 0, 1, 0, 0, 0, 1, 1, 1, 0, 0, 1, 0, 0, 0, 1, 0, 0, 3, 0, 0, 1, 1, 0, 1, 0, 0, 0, 3, 0, 3, 0, 0]",2,2.557544757033248
Bundesliga,2012,Hamburg,"[0, 0, 0, 3, 1, 3, 3, 0, 3, 0, 1, 3, 0, 3, 1, 3, 0, 1, 3, 0, 3, 3, 0, 1, 3, 0, 0, 0, 3, 3, 0, 1, 3, 0]","[0, 0, 0, 3, 1, 3, 3, 0, 3, 0, 1, 3, 0, 3, 1, 3, 0, 1, 3, 0, 3, 3, 0, 1, 3, 0, 0, 0, 3, 3, 0, 1, 3, 0]",9,3.802281368821293
Bundesliga,2012,Hannover,"[1, 3, 3, 0, 3, 0, 1, 0, 0, 3, 3, 0, 0, 3, 0, 3, 0, 0, 3, 0, 3, 1, 3, 0, 1, 0, 3, 1, 0, 0, 3, 1, 0, 3]","[1, 3, 3, 0, 3, 0, 1, 0, 0, 3, 3, 0, 0, 3, 0, 3, 0, 0, 3, 0, 3, 1, 3, 0, 1, 0, 3, 1, 0, 0, 3, 1, 0, 3]",11,3.367003367003367
Bundesliga,2012,Hoffenheim,"[0, 0, 0, 3, 3, 1, 0, 1, 0, 3, 1, 0, 0, 0, 0, 0, 0, 1, 0, 3, 0, 0, 0, 0, 3, 1, 0, 3, 1, 0, 3, 1, 0, 3]","[0, 0, 0, 3, 3, 1, 0, 1, 0, 3, 1, 0, 0, 0, 0, 0, 0, 1, 0, 3, 0, 0, 0, 0, 3, 1, 0, 3, 1, 0, 3, 1, 0, 3]",14,1.278772378516624
Bundesliga,2012,Leverkusen,"[0, 3, 0, 1, 3, 3, 1, 1, 3, 3, 0, 3, 3, 3, 3, 0, 3, 3, 1, 0, 1, 3, 1, 3, 0, 0, 3, 1, 1, 3, 3, 3, 3, 3]","[0, 3, 0, 1, 3, 3, 1, 1, 3, 3, 0, 3, 3, 3, 3, 0, 3, 3, 1, 0, 1, 3, 1, 3, 0, 0, 3, 1, 1, 3, 3, 3, 3, 3]",16,2.557544757033248
Bundesliga,2012,MGladbach,"[3, 1, 0, 1, 1, 0, 3, 0, 3, 1, 3, 0, 1, 3, 1, 3, 1, 1, 3, 0, 1, 0, 1, 3, 1, 3, 0, 3, 0, 3, 0, 0, 3, 0]","[3, 1, 0, 1, 1, 0, 3, 0, 3, 1, 3, 0, 1, 3, 1, 3, 1, 1, 3, 0, 1, 0, 1, 3, 1, 3, 0, 3, 0, 3, 0, 0, 3, 0]",4,5.1020408163265305
Bundesliga,2012,Mainz,"[1, 0, 0, 3, 0, 3, 3, 1, 3, 0, 3, 0, 0, 3, 3, 0, 3, 1, 3, 0, 1, 1, 1, 1, 3, 1, 1, 0, 0, 0, 1, 1, 0, 1]","[1, 0, 0, 3, 0, 3, 3, 1, 3, 0, 3, 0, 0, 3, 3, 0, 3, 1, 3, 0, 1, 1, 1, 1, 3, 1, 1, 0, 0, 0, 1, 1, 0, 1]",9,31.25
Bundesliga,2012,Nurnberg,"[3, 1, 3, 0, 0, 0, 0, 1, 0, 3, 0, 1, 1, 3, 0, 3, 1, 1, 0, 3, 1, 1, 1, 1, 3, 3, 1, 3, 0, 0, 0, 0, 3, 3]","[3, 1, 3, 0, 0, 0, 0, 1, 0, 3, 0, 1, 1, 3, 0, 3, 1, 1, 0, 3, 1, 1, 1, 1, 3, 3, 1, 3, 0, 0, 0, 0, 3, 3]",6,3.0120481927710845
Bundesliga,2012,Schalke 04,"[1, 3, 3, 0, 3, 1, 3, 3, 3, 0, 3, 0, 1, 0, 1, 0, 0, 3, 1, 0, 0, 1, 3, 3, 3, 0, 3, 3, 1, 0, 3, 3, 0, 3]","[1, 3, 3, 0, 3, 1, 3, 3, 3, 0, 3, 0, 1, 0, 1, 0, 0, 3, 1, 0, 0, 1, 3, 3, 3, 0, 3, 3, 1, 0, 3, 3, 0, 3]",6,1.7241379310344827
Bundesliga,2012,Stuttgart,"[0, 0, 1, 1, 0, 3, 1, 3, 3, 1, 0, 3, 0, 3, 3, 3, 0, 0, 0, 0, 0, 3, 1, 0, 0, 3, 0, 1, 3, 3, 0, 0, 3, 1]","[0, 0, 1, 1, 0, 3, 1, 3, 3, 1, 0, 3, 0, 3, 3, 3, 0, 0, 0, 0, 0, 3, 1, 0, 0, 3, 0, 1, 3, 3, 0, 0, 3, 1]",17,4.504504504504505
Bundesliga,2012,Werder Bremen,"[0, 3, 0, 1, 3, 0, 0, 3, 1, 3, 0, 3, 1, 0, 3, 0, 1, 0, 0, 3, 3, 0, 0, 0, 1, 1, 1, 0, 1, 0, 0, 1, 1, 0]","[0, 3, 0, 1, 3, 0, 0, 3, 1, 3, 0, 3, 1, 0, 3, 0, 1, 0, 0, 3, 3, 0, 0, 0, 1, 1, 1, 0, 1, 0, 0, 1, 1, 0]",13,40.0
Bundesliga,2012,Wolfsburg,"[3, 0, 1, 1, 0, 0, 0, 0, 3, 0, 3, 3, 1, 0, 1, 3, 0, 3, 0, 1, 3, 0, 1, 0, 3, 1, 1, 1, 1, 3, 3, 1, 1, 1]","[3, 0, 1, 1, 0, 0, 0, 0, 3, 0, 3, 3, 1, 0, 1, 3, 0, 3, 0, 1, 3, 0, 1, 0, 3, 1, 1, 1, 1, 3, 3, 1, 1, 1]",3,2.288329519450801
Bundesliga,2013,Augsburg,"[0, 0, 3, 3, 3, 0, 1, 0, 0, 0, 3, 0, 3, 1, 3, 3, 1, 1, 3, 3, 0, 3, 1, 3, 0, 1, 0, 0, 3, 0, 1, 3, 3, 3]","[0, 0, 3, 3, 3, 0, 1, 0, 0, 0, 3, 0, 3, 1, 3, 3, 1, 1, 3, 3, 0, 3, 1, 3, 0, 1, 0, 0, 3, 0, 1, 3, 3, 3]",10,2.293577981651376
Bundesliga,2013,Bayern Munich,"[3, 3, 3, 1, 3, 3, 3, 1, 3, 3, 3, 3, 3, 3, 3, 3, 3, 3, 3, 3, 3, 3, 3, 3, 3, 3, 3, 1, 0, 0, 3, 3, 3, 3]","[3, 3, 3, 1, 3, 3, 3, 1, 3, 3, 3, 3, 3, 3, 3, 3, 3, 3, 3, 3, 3, 3, 3, 3, 3, 3, 3, 1, 0, 0, 3, 3, 3, 3]",7,58.17335660267597
Bundesliga,2013,Braunschweig,"[0, 0, 0, 0, 1, 0, 0, 3, 0, 0, 3, 1, 0, 0, 0, 0, 3, 1, 0, 0, 3, 0, 1, 1, 1, 0, 3, 1, 3, 0, 0, 0, 0, 0]","[0, 0, 0, 0, 1, 0, 0, 3, 0, 0, 3, 1, 0, 0, 0, 0, 3, 1, 0, 0, 3, 0, 1, 1, 1, 0, 3, 1, 3, 0, 0, 0, 0, 0]",5,17.24137931034483
Bundesliga,2013,Dortmund,"[3, 3, 3, 3, 3, 1, 3, 0, 3, 3, 3, 0, 0, 3, 0, 1, 0, 1, 3, 3, 3, 0, 3, 3, 0, 3, 1, 3, 3, 3, 3, 1, 3, 3]","[3, 3, 3, 3, 3, 1, 3, 0, 3, 3, 3, 0, 0, 3, 0, 1, 0, 1, 3, 3, 3, 0, 3, 3, 0, 3, 1, 3, 3, 3, 3, 1, 3, 3]",3,1.335113484646195
Bundesliga,2013,Ein Frankfurt,"[0, 0, 3, 0, 3, 1, 1, 1, 1, 0, 0, 0, 1, 0, 0, 3, 1, 3, 0, 3, 0, 1, 3, 1, 0, 3, 3, 0, 3, 0, 0, 1, 0, 0]","[0, 0, 3, 0, 3, 1, 1, 1, 1, 0, 0, 0, 1, 0, 0, 3, 1, 3, 0, 3, 0, 1, 3, 1, 0, 3, 3, 0, 3, 0, 0, 1, 0, 0]",5,13.88888888888889
Bundesliga,2013,Freiburg,"[0, 0, 1, 1, 0, 1, 0, 1, 1, 0, 3, 0, 3, 0, 0, 0, 3, 3, 0, 1, 0, 0, 1, 0, 3, 3, 1, 3, 0, 3, 3, 1, 0, 0]","[0, 0, 1, 1, 0, 1, 0, 1, 1, 0, 3, 0, 3, 0, 0, 0, 3, 3, 0, 1, 0, 0, 1, 0, 3, 3, 1, 3, 0, 3, 3, 1, 0, 0]",2,4.716981132075472
Bundesliga,2013,Hamburg,"[1, 0, 0, 3, 0, 0, 1, 3, 1, 3, 0, 0, 3, 1, 0, 0, 0, 0, 0, 0, 0, 3, 0, 1, 3, 0, 1, 0, 3, 0, 0, 0, 0, 0]","[1, 0, 0, 3, 0, 0, 1, 3, 1, 3, 0, 0, 3, 1, 0, 0, 0, 0, 0, 0, 0, 3, 0, 1, 3, 0, 1, 0, 3, 0, 0, 0, 0, 0]",5,14.285714285714286
Bundesliga,2013,Hannover,"[3, 0, 3, 3, 0, 3, 0, 1, 0, 0, 0, 1, 0, 3, 0, 1, 0, 3, 3, 0, 0, 0, 1, 1, 3, 0, 0, 0, 0, 3, 3, 1, 3, 3]","[3, 0, 3, 3, 0, 3, 0, 1, 0, 0, 0, 1, 0, 3, 0, 1, 0, 3, 3, 0, 0, 0, 1, 1, 3, 0, 0, 0, 0, 3, 3, 1, 3, 3]",15,1.9607843137254901
Bundesliga,2013,Hertha,"[3, 1, 3, 0, 0, 1, 3, 1, 3, 0, 0, 3, 0, 1, 3, 3, 3, 0, 0, 3, 0, 3, 1, 1, 0, 0, 0, 0, 1, 0, 1, 3, 0, 0]","[3, 1, 3, 0, 0, 1, 3, 1, 3, 0, 0, 3, 0, 1, 3, 3, 3, 0, 0, 3, 0, 3, 1, 1, 0, 0, 0, 0, 1, 0, 1, 3, 0, 0]",12,32.25806451612903
Bundesliga,2013,Hoffenheim,"[1, 3, 1, 0, 3, 0, 1, 1, 0, 3, 0, 0, 0, 1, 3, 1, 0, 0, 3, 1, 3, 1, 3, 0, 0, 3, 3, 1, 1, 3, 0, 1, 0, 3]","[1, 3, 1, 0, 3, 0, 1, 1, 0, 3, 0, 0, 0, 1, 3, 1, 0, 0, 3, 1, 3, 1, 3, 0, 0, 3, 3, 1, 1, 3, 0, 1, 0, 3]",4,2.5316455696202533
Bundesliga,2013,Leverkusen,"[3, 3, 3, 0, 3, 3, 3, 1, 3, 3, 0, 3, 3, 3, 3, 0, 0, 0, 3, 3, 0, 0, 0, 1, 0, 0, 3, 1, 0, 3, 3, 1, 3, 3]","[3, 3, 3, 0, 3, 3, 3, 1, 3, 3, 0, 3, 3, 3, 3, 0, 0, 0, 3, 3, 0, 0, 0, 1, 0, 0, 3, 1, 0, 3, 3, 1, 3, 3]",14,17.857142857142858
Bundesliga,2013,MGladbach,"[0, 3, 0, 3, 0, 3, 1, 3, 0, 3, 3, 3, 3, 3, 3, 1, 1, 0, 0, 0, 1, 1, 1, 0, 3, 3, 0, 3, 3, 1, 0, 3, 3, 0]","[0, 3, 0, 3, 0, 3, 1, 3, 0, 3, 3, 3, 3, 3, 3, 1, 1, 0, 0, 0, 1, 1, 1, 0, 3, 3, 0, 3, 3, 1, 0, 3, 3, 0]",17,8.403361344537815
Bundesliga,2013,Mainz,"[3, 3, 3, 0, 0, 0, 0, 1, 0, 3, 0, 3, 3, 0, 1, 1, 3, 3, 3, 0, 3, 1, 3, 1, 3, 0, 0, 3, 0, 3, 0, 3, 0, 3]","[3, 3, 3, 0, 0, 0, 0, 1, 0, 3, 0, 3, 3, 0, 1, 1, 3, 3, 3, 0, 3, 1, 3, 1, 3, 0, 0, 3, 0, 3, 0, 3, 0, 3]",9,3.0211480362537766
Bundesliga,2013,Nurnberg,"[1, 1, 0, 0, 1, 1, 1, 0, 1, 1, 0, 0, 1, 0, 1, 1, 1, 3, 3, 0, 3, 3, 0, 0, 0, 0, 3, 0, 0, 0, 0, 0, 0, 0]","[1, 1, 0, 0, 1, 1, 1, 0, 1, 1, 0, 0, 1, 0, 1, 1, 1, 3, 3, 0, 3, 3, 0, 0, 0, 0, 3, 0, 0, 0, 0, 0, 0, 0]",7,161.0305958132045
Bundesliga,2013,Schalke 04,"[1, 0, 0, 3, 3, 0, 1, 3, 3, 0, 3, 3, 1, 3, 0, 3, 1, 3, 3, 3, 3, 1, 0, 3, 3, 3, 1, 3, 1, 3, 0, 0, 3, 3]","[1, 0, 0, 3, 3, 0, 1, 3, 3, 0, 3, 3, 1, 3, 0, 3, 1, 3, 3, 3, 3, 1, 0, 3, 3, 3, 1, 3, 1, 3, 0, 0, 3, 3]",4,3.194888178913738
Bundesliga,2013,Stuttgart,"[0, 0, 0, 3, 3, 1, 3, 1, 1, 1, 0, 3, 0, 0, 3, 0, 0, 0, 0, 0, 0, 0, 0, 1, 1, 3, 0, 0, 3, 1, 3, 1, 0, 0]","[0, 0, 0, 3, 3, 1, 3, 1, 1, 1, 0, 3, 0, 0, 3, 0, 0, 0, 0, 0, 0, 0, 0, 1, 1, 3, 0, 0, 3, 1, 3, 1, 0, 0]",17,4.830917874396135
Bundesliga,2013,Werder Bremen,"[3, 3, 0, 0, 0, 3, 1, 1, 1, 0, 3, 0, 0, 1, 0, 0, 3, 1, 0, 0, 1, 1, 3, 3, 1, 0, 0, 3, 1, 0, 3, 0, 3, 0]","[3, 3, 0, 0, 0, 3, 1, 1, 1, 0, 3, 0, 0, 1, 0, 0, 3, 1, 0, 0, 1, 1, 3, 3, 1, 0, 0, 3, 1, 0, 3, 0, 3, 0]",1,2.2988505747126435
Bundesliga,2013,Wolfsburg,"[0, 3, 0, 3, 0, 3, 0, 0, 3, 3, 3, 3, 1, 1, 3, 3, 1, 0, 0, 3, 3, 3, 0, 0, 1, 1, 3, 3, 0, 3, 3, 1, 3, 3]","[0, 3, 0, 3, 0, 3, 0, 0, 3, 3, 3, 3, 1, 1, 3, 3, 1, 0, 0, 3, 3, 3, 0, 0, 1, 1, 3, 3, 0, 3, 3, 1, 3, 3]",12,1.8796992481203008
Bundesliga,2014,Augsburg,"[0, 0, 3, 3, 0, 3, 0, 0, 3, 0, 3, 3, 3, 3, 0, 0, 3, 3, 3, 1, 0, 1, 0, 3, 0, 0, 1, 0, 3, 0, 1, 3, 0, 3]","[0, 0, 3, 3, 0, 3, 0, 0, 3, 0, 3, 3, 3, 3, 0, 0, 3, 3, 3, 1, 0, 1, 0, 3, 0, 0, 1, 0, 3, 0, 1, 3, 0, 3]",15,8.264462809917354
Bundesliga,2014,Bayern Munich,"[3, 1, 3, 1, 3, 3, 3, 3, 1, 3, 3, 3, 3, 3, 3, 3, 3, 0, 1, 3, 3, 3, 3, 3, 3, 0, 3, 3, 3, 3, 0, 0, 0, 3]","[3, 1, 3, 1, 3, 3, 3, 3, 1, 3, 3, 3, 3, 3, 3, 3, 3, 0, 1, 3, 3, 3, 3, 3, 3, 0, 3, 3, 3, 3, 0, 0, 0, 3]",4,128.2051282051282
Bundesliga,2014,Dortmund,"[0, 3, 3, 0, 1, 0, 0, 0, 0, 0, 3, 1, 0, 3, 0, 1, 0, 1, 0, 3, 3, 3, 3, 1, 1, 3, 0, 0, 3, 3, 1, 3, 0, 3]","[0, 3, 3, 0, 1, 0, 0, 0, 0, 0, 3, 1, 0, 3, 0, 1, 0, 1, 0, 3, 3, 3, 3, 1, 1, 3, 0, 0, 3, 3, 1, 3, 0, 3]",2,1.466275659824047
Bundesliga,2014,Ein Frankfurt,"[3, 1, 0, 1, 1, 3, 3, 0, 0, 0, 0, 3, 3, 3, 0, 1, 1, 0, 1, 1, 3, 0, 3, 0, 3, 0, 1, 0, 1, 0, 0, 3, 1, 3]","[3, 1, 0, 1, 1, 3, 3, 0, 0, 0, 0, 3, 3, 3, 0, 1, 1, 0, 1, 1, 3, 0, 3, 0, 3, 0, 1, 0, 1, 0, 0, 3, 1, 3]",9,3.4129692832764507
Bundesliga,2014,FC Koln,"[1, 3, 1, 1, 0, 0, 0, 3, 3, 0, 3, 0, 0, 0, 3, 1, 0, 3, 1, 1, 0, 1, 0, 3, 1, 1, 0, 3, 1, 1, 1, 3, 0, 1]","[1, 3, 1, 1, 0, 0, 0, 3, 3, 0, 3, 0, 0, 0, 3, 1, 0, 3, 1, 1, 0, 1, 0, 3, 1, 1, 0, 3, 1, 1, 1, 3, 0, 1]",2,2.557544757033248
Bundesliga,2014,Freiburg,"[0, 1, 0, 1, 1, 1, 1, 0, 0, 3, 3, 1, 0, 1, 1, 0, 1, 3, 0, 0, 3, 1, 0, 0, 0, 3, 3, 1, 0, 1, 0, 1, 3, 0]","[0, 1, 0, 1, 1, 1, 1, 0, 0, 3, 3, 1, 0, 1, 1, 0, 1, 3, 0, 0, 3, 1, 0, 0, 0, 3, 3, 1, 0, 1, 0, 1, 3, 0]",1,2.4390243902439024
Bundesliga,2014,Hamburg,"[1, 0, 0, 1, 0, 0, 3, 1, 0, 3, 0, 3, 0, 3, 1, 0, 1, 0, 3, 3, 0, 1, 0, 1, 0, 0, 0, 0, 0, 3, 3, 1, 0, 3]","[1, 0, 0, 1, 0, 0, 3, 1, 0, 3, 0, 3, 0, 3, 1, 0, 1, 0, 3, 3, 0, 1, 0, 1, 0, 0, 0, 0, 0, 3, 3, 1, 0, 3]",14,3.257328990228013
Bundesliga,2014,Hannover,"[3, 1, 3, 0, 3, 0, 0, 0, 3, 3, 3, 0, 0, 0, 1, 3, 1, 0, 1, 0, 0, 1, 1, 0, 0, 0, 1, 1, 0, 0, 1, 1, 3, 3]","[3, 1, 3, 0, 3, 0, 0, 0, 3, 3, 3, 0, 0, 0, 1, 3, 1, 0, 1, 0, 0, 1, 1, 0, 0, 0, 1, 1, 0, 0, 1, 1, 3, 3]",17,11.764705882352942
Bundesliga,2014,Hertha,"[1, 0, 0, 1, 3, 0, 3, 0, 3, 0, 0, 3, 0, 0, 3, 1, 0, 0, 0, 3, 0, 0, 3, 1, 1, 3, 3, 1, 1, 0, 0, 0, 1, 0]","[1, 0, 0, 1, 3, 0, 3, 0, 3, 0, 0, 3, 0, 0, 3, 1, 0, 0, 0, 3, 0, 0, 3, 1, 1, 3, 3, 1, 1, 0, 0, 0, 1, 0]",5,11.627906976744185
Bundesliga,2014,Hoffenheim,"[3, 1, 1, 3, 1, 1, 3, 1, 3, 0, 0, 0, 3, 0, 3, 0, 3, 0, 0, 0, 3, 1, 3, 0, 3, 1, 0, 0, 0, 3, 1, 0, 0, 3]","[3, 1, 1, 3, 1, 1, 3, 1, 3, 0, 0, 0, 3, 0, 3, 0, 3, 0, 0, 0, 3, 1, 3, 0, 3, 1, 0, 0, 0, 3, 1, 0, 0, 3]",9,5.208333333333333
Bundesliga,2014,Leverkusen,"[3, 3, 1, 0, 3, 1, 1, 1, 3, 0, 1, 3, 3, 0, 1, 3, 1, 1, 3, 0, 0, 1, 3, 3, 3, 3, 3, 3, 3, 1, 3, 0, 3, 0]","[3, 3, 1, 0, 3, 1, 1, 1, 3, 0, 1, 3, 3, 0, 1, 3, 1, 1, 3, 0, 0, 1, 3, 3, 3, 3, 3, 3, 3, 1, 3, 0, 3, 0]",3,5.555555555555555
Bundesliga,2014,MGladbach,"[1, 1, 3, 1, 3, 3, 1, 3, 1, 3, 0, 0, 0, 3, 1, 3, 0, 3, 3, 0, 3, 1, 3, 1, 3, 3, 3, 3, 1, 3, 3, 3, 3, 0]","[1, 1, 3, 1, 3, 3, 1, 3, 1, 3, 0, 0, 0, 3, 1, 3, 0, 3, 3, 0, 3, 1, 3, 1, 3, 3, 3, 3, 1, 3, 3, 3, 3, 0]",1,6.024096385542169
Bundesliga,2014,Mainz,"[1, 1, 3, 3, 1, 1, 1, 3, 0, 0, 1, 1, 0, 0, 1, 1, 0, 3, 1, 0, 0, 3, 0, 1, 3, 1, 1, 0, 3, 3, 0, 0, 3, 0]","[1, 1, 3, 3, 1, 1, 1, 3, 0, 0, 1, 1, 0, 0, 1, 1, 0, 3, 1, 0, 0, 3, 0, 1, 3, 1, 1, 0, 3, 3, 0, 0, 3, 0]",4,3.4364261168384878
Bundesliga,2014,Paderborn,"[1, 3, 1, 3, 0, 0, 1, 3, 0, 3, 0, 1, 0, 1, 1, 0, 1, 0, 0, 1, 3, 0, 0, 0, 0, 1, 0, 3, 0, 1, 3, 0, 0, 0]","[1, 3, 1, 3, 0, 0, 1, 3, 0, 3, 0, 1, 0, 1, 1, 0, 1, 0, 0, 1, 3, 0, 0, 0, 0, 1, 0, 3, 0, 1, 3, 0, 0, 0]",3,8.928571428571429
Bundesliga,2014,Schalke 04,"[0, 1, 0, 1, 3, 3, 0, 3, 0, 3, 0, 3, 3, 3, 0, 3, 1, 3, 1, 3, 0, 1, 0, 3, 1, 0, 1, 1, 1, 0, 3, 0, 3, 0]","[0, 1, 0, 1, 3, 3, 0, 3, 0, 3, 0, 3, 3, 3, 0, 3, 1, 3, 1, 3, 0, 1, 0, 3, 1, 0, 1, 1, 1, 0, 3, 0, 3, 0]",14,13.88888888888889
Bundesliga,2014,Stuttgart,"[1, 0, 0, 0, 1, 3, 0, 1, 3, 0, 0, 0, 3, 0, 1, 3, 1, 0, 1, 0, 0, 0, 1, 1, 0, 3, 0, 3, 0, 1, 0, 3, 3, 3]","[1, 0, 0, 0, 1, 3, 0, 1, 3, 0, 0, 0, 3, 0, 1, 3, 1, 0, 1, 0, 0, 0, 1, 1, 0, 3, 0, 3, 0, 1, 0, 3, 3, 3]",17,1.550387596899225
Bundesliga,2014,Werder Bremen,"[1, 1, 1, 0, 0, 0, 1, 0, 0, 3, 3, 0, 3, 0, 1, 0, 3, 3, 3, 3, 3, 1, 0, 3, 0, 1, 1, 0, 3, 1, 3, 1, 0, 0]","[1, 1, 1, 0, 0, 0, 1, 0, 0, 3, 3, 0, 3, 0, 1, 0, 3, 3, 3, 3, 3, 1, 0, 3, 0, 1, 1, 0, 3, 1, 3, 1, 0, 0]",2,7.518796992481203
Bundesliga,2014,Wolfsburg,"[0, 1, 1, 3, 0, 3, 3, 3, 3, 3, 3, 0, 3, 3, 1, 1, 3, 3, 1, 3, 3, 3, 3, 0, 3, 1, 3, 3, 1, 0, 1, 3, 3, 1]","[0, 1, 1, 3, 0, 3, 3, 3, 3, 3, 3, 0, 3, 3, 1, 1, 3, 3, 1, 3, 3, 3, 3, 0, 3, 1, 3, 3, 1, 0, 1, 3, 3, 1]",6,5.780346820809249
Bundesliga,2015,Augsburg,"[0, 1, 0, 0, 3, 0, 0, 1, 0, 0, 1, 0, 3, 1, 3, 3, 3, 1, 1, 0, 0, 3, 1, 0, 1, 1, 0, 0, 3, 3, 3, 1, 1, 0]","[0, 1, 0, 0, 3, 0, 0, 1, 0, 0, 1, 0, 3, 1, 3, 3, 3, 1, 1, 0, 0, 3, 1, 0, 1, 1, 0, 0, 3, 3, 3, 1, 1, 0]",3,2.857142857142857
Bundesliga,2015,Bayern Munich,"[3, 3, 3, 3, 3, 3, 3, 3, 3, 3, 1, 3, 3, 3, 0, 3, 3, 3, 3, 1, 3, 3, 3, 0, 1, 3, 3, 3, 3, 3, 3, 1, 3, 3]","[3, 3, 3, 3, 3, 3, 3, 3, 3, 3, 1, 3, 3, 3, 0, 3, 3, 3, 3, 1, 3, 3, 3, 0, 1, 3, 3, 3, 3, 3, 3, 1, 3, 3]",15,4.854368932038835
Bundesliga,2015,Darmstadt,"[1, 1, 1, 3, 0, 3, 1, 0, 3, 0, 0, 1, 0, 1, 3, 0, 0, 3, 0, 3, 0, 0, 1, 0, 1, 1, 1, 1, 3, 3, 0, 0, 3, 0]","[1, 1, 1, 3, 0, 3, 1, 0, 3, 0, 0, 1, 0, 1, 3, 0, 0, 3, 0, 3, 0, 0, 1, 0, 1, 1, 1, 1, 3, 3, 0, 0, 3, 0]",4,3.194888178913738
Bundesliga,2015,Dortmund,"[3, 3, 3, 3, 3, 1, 1, 0, 3, 3, 3, 3, 0, 3, 3, 3, 0, 3, 3, 1, 3, 3, 3, 3, 1, 3, 3, 3, 1, 3, 3, 3, 0, 1]","[3, 3, 3, 3, 3, 1, 1, 0, 3, 3, 3, 3, 0, 3, 3, 3, 0, 3, 3, 1, 3, 3, 3, 3, 1, 3, 3, 3, 1, 3, 3, 3, 0, 1]",2,17.857142857142858
Bundesliga,2015,Ein Frankfurt,"[0, 1, 3, 3, 1, 0, 1, 0, 0, 3, 1, 1, 0, 0, 0, 0, 3, 3, 1, 0, 0, 1, 1, 0, 1, 0, 3, 0, 0, 0, 3, 3, 3, 0]","[0, 1, 3, 3, 1, 0, 1, 0, 0, 3, 1, 1, 0, 0, 0, 0, 3, 3, 1, 0, 0, 1, 1, 0, 1, 0, 3, 0, 0, 0, 3, 3, 3, 0]",16,2.1645021645021645
Bundesliga,2015,FC Koln,"[3, 1, 3, 0, 3, 0, 1, 3, 0, 0, 1, 3, 1, 1, 0, 1, 3, 0, 1, 1, 3, 0, 0, 1, 0, 3, 0, 1, 0, 3, 3, 1, 1, 1]","[3, 1, 3, 0, 3, 0, 1, 3, 0, 0, 1, 3, 1, 1, 0, 1, 3, 0, 1, 1, 3, 0, 0, 1, 0, 3, 0, 1, 0, 3, 3, 1, 1, 1]",13,3.8461538461538463
Bundesliga,2015,Hamburg,"[0, 3, 0, 3, 1, 3, 0, 0, 1, 3, 0, 1, 3, 3, 0, 1, 0, 0, 0, 1, 3, 1, 1, 0, 3, 0, 0, 3, 0, 0, 3, 1, 0, 3]","[0, 3, 0, 3, 1, 3, 0, 0, 1, 3, 0, 1, 3, 3, 0, 1, 0, 0, 0, 1, 3, 1, 1, 0, 3, 0, 0, 3, 0, 0, 3, 1, 0, 3]",17,2.4154589371980677
Bundesliga,2015,Hannover,"[1, 0, 0, 0, 0, 0, 1, 3, 3, 0, 3, 0, 0, 3, 0, 0, 0, 0, 0, 0, 0, 0, 3, 0, 0, 0, 0, 0, 1, 3, 1, 0, 3, 0]","[1, 0, 0, 0, 0, 0, 1, 3, 3, 0, 3, 0, 0, 3, 0, 0, 0, 0, 0, 0, 0, 0, 3, 0, 0, 0, 0, 0, 1, 3, 1, 0, 3, 0]",17,2.444987775061125
Bundesliga,2015,Hertha,"[3, 1, 0, 3, 0, 3, 1, 3, 0, 3, 0, 3, 3, 0, 3, 3, 3, 1, 1, 1, 0, 1, 3, 3, 0, 3, 3, 0, 1, 0, 0, 0, 0, 1]","[3, 1, 0, 3, 0, 3, 1, 3, 0, 3, 0, 3, 3, 0, 3, 3, 3, 1, 1, 1, 0, 1, 3, 3, 0, 3, 3, 0, 1, 0, 0, 0, 0, 1]",7,170.64846416382252
Bundesliga,2015,Hoffenheim,"[0, 0, 1, 0, 0, 1, 3, 1, 0, 0, 1, 1, 0, 1, 1, 3, 0, 1, 0, 0, 1, 3, 0, 3, 0, 3, 3, 1, 3, 3, 0, 3, 0, 0]","[0, 0, 1, 0, 0, 1, 3, 1, 0, 0, 1, 1, 0, 1, 1, 3, 0, 1, 0, 0, 1, 3, 0, 3, 0, 3, 3, 1, 3, 3, 0, 3, 0, 0]",2,5.05050505050505
Bundesliga,2015,Ingolstadt,"[3, 0, 3, 1, 3, 0, 1, 3, 0, 0, 1, 1, 3, 0, 1, 0, 0, 3, 0, 3, 0, 3, 1, 1, 1, 1, 0, 3, 3, 0, 1, 0, 0, 0]","[3, 0, 3, 1, 3, 0, 1, 3, 0, 0, 1, 1, 3, 0, 1, 0, 0, 3, 0, 3, 0, 3, 1, 1, 1, 1, 0, 3, 3, 0, 1, 0, 0, 0]",5,26.31578947368421
Bundesliga,2015,Leverkusen,"[3, 3, 0, 0, 0, 3, 3, 1, 1, 3, 0, 0, 3, 1, 0, 3, 3, 1, 3, 1, 3, 0, 0, 0, 1, 3, 3, 3, 3, 3, 3, 3, 0, 3]","[3, 3, 0, 0, 0, 3, 3, 1, 1, 3, 0, 0, 3, 1, 0, 3, 3, 1, 3, 1, 3, 0, 0, 0, 1, 3, 3, 3, 3, 3, 3, 3, 0, 3]",2,1.86219739292365
Bundesliga,2015,MGladbach,"[0, 0, 0, 0, 0, 3, 3, 3, 3, 3, 3, 1, 3, 1, 3, 0, 3, 0, 0, 3, 0, 3, 1, 3, 0, 3, 0, 3, 0, 0, 3, 1, 3, 3]","[0, 0, 0, 0, 0, 3, 3, 3, 3, 3, 3, 1, 3, 1, 3, 0, 3, 0, 0, 3, 0, 3, 1, 3, 0, 3, 0, 3, 0, 0, 3, 1, 3, 3]",17,2.4213075060532687
Bundesliga,2015,Mainz,"[0, 3, 3, 0, 3, 0, 0, 3, 0, 0, 1, 3, 1, 3, 3, 1, 0, 0, 3, 3, 3, 0, 3, 3, 1, 0, 1, 3, 1, 0, 0, 1, 3, 1]","[0, 3, 3, 0, 3, 0, 0, 3, 0, 0, 1, 3, 1, 3, 3, 1, 0, 0, 3, 3, 3, 0, 3, 3, 1, 0, 1, 3, 1, 0, 0, 1, 3, 1]",10,5.617977528089888
Bundesliga,2015,Schalke 04,"[3, 1, 0, 3, 3, 3, 3, 0, 3, 0, 1, 0, 0, 1, 3, 0, 3, 0, 3, 3, 0, 1, 1, 3, 3, 0, 3, 0, 1, 0, 0, 3, 1, 3]","[3, 1, 0, 3, 3, 3, 3, 0, 3, 0, 1, 0, 0, 1, 3, 0, 3, 0, 3, 3, 0, 1, 1, 3, 3, 0, 3, 0, 1, 0, 0, 3, 1, 3]",7,3.802281368821293
Bundesliga,2015,Stuttgart,"[0, 0, 0, 0, 0, 3, 0, 1, 3, 0, 3, 0, 0, 0, 1, 1, 3, 3, 3, 3, 3, 1, 0, 0, 3, 1, 0, 1, 0, 0, 0, 0, 0, 0]","[0, 0, 0, 0, 0, 3, 0, 1, 3, 0, 3, 0, 0, 0, 1, 1, 3, 3, 3, 3, 3, 1, 0, 0, 3, 1, 0, 1, 0, 0, 0, 0, 0, 0]",8,49.01960784313726
Bundesliga,2015,Werder Bremen,"[0, 1, 3, 3, 0, 0, 0, 0, 0, 3, 0, 3, 0, 0, 1, 1, 0, 3, 1, 0, 1, 0, 1, 3, 3, 0, 1, 0, 0, 3, 0, 3, 1, 3]","[0, 1, 3, 3, 0, 0, 0, 0, 0, 3, 0, 3, 0, 0, 1, 1, 0, 3, 1, 0, 1, 0, 1, 3, 3, 0, 1, 0, 0, 3, 0, 3, 1, 3]",9,1.447178002894356
Bundesliga,2015,Wolfsburg,"[3, 1, 3, 1, 3, 0, 1, 0, 3, 3, 3, 0, 3, 1, 0, 1, 0, 0, 1, 0, 3, 1, 0, 3, 3, 0, 1, 0, 1, 0, 0, 0, 3, 3]","[3, 1, 3, 1, 3, 0, 1, 0, 3, 3, 3, 0, 3, 1, 0, 1, 0, 0, 1, 0, 3, 1, 0, 3, 3, 0, 1, 0, 1, 0, 0, 0, 3, 3]",9,5.882352941176471
Bundesliga,2016,Augsburg,"[0, 3, 0, 1, 3, 0, 1, 0, 0, 3, 1, 1, 1, 0, 3, 1, 0, 3, 3, 0, 0, 3, 1, 0, 1, 0, 0, 0, 3, 0, 3, 1, 1, 1]","[0, 3, 0, 1, 3, 0, 1, 0, 0, 3, 1, 1, 1, 0, 3, 1, 0, 3, 3, 0, 0, 3, 1, 0, 1, 0, 0, 0, 3, 0, 3, 1, 1, 1]",15,3.952569169960474
Bundesliga,2016,Bayern Munich,"[3, 3, 3, 3, 3, 1, 1, 3, 3, 1, 0, 3, 3, 3, 3, 3, 3, 3, 1, 3, 1, 3, 3, 3, 3, 3, 0, 3, 1, 1, 3, 3, 3, 3]","[3, 3, 3, 3, 3, 1, 1, 3, 3, 1, 0, 3, 3, 3, 3, 3, 3, 3, 1, 3, 1, 3, 3, 3, 3, 3, 0, 3, 1, 1, 3, 3, 3, 3]",8,4.201680672268908
Bundesliga,2016,Darmstadt,"[0, 3, 0, 1, 0, 1, 0, 3, 0, 0, 0, 0, 0, 0, 0, 0, 1, 0, 0, 3, 0, 0, 0, 3, 0, 0, 0, 0, 3, 3, 3, 0, 0, 1]","[0, 3, 0, 1, 0, 1, 0, 3, 0, 0, 0, 0, 0, 0, 0, 0, 1, 0, 0, 3, 0, 0, 0, 3, 0, 0, 0, 0, 3, 3, 3, 0, 0, 1]",3,2.1459227467811157
Bundesliga,2016,Dortmund,"[3, 0, 3, 3, 3, 0, 1, 1, 1, 3, 3, 0, 3, 1, 1, 1, 3, 1, 3, 0, 3, 3, 3, 0, 3, 1, 3, 0, 3, 3, 1, 3, 1, 3]","[3, 0, 3, 3, 3, 0, 1, 1, 1, 3, 3, 0, 3, 1, 1, 1, 3, 1, 3, 0, 3, 3, 3, 0, 3, 1, 3, 0, 3, 3, 1, 3, 1, 3]",11,1.7667844522968197
Bundesliga,2016,Ein Frankfurt,"[3, 0, 3, 3, 1, 0, 1, 3, 1, 3, 3, 3, 1, 1, 0, 3, 0, 3, 3, 0, 0, 0, 0, 0, 1, 1, 0, 1, 0, 3, 0, 0, 0, 1]","[3, 0, 3, 3, 1, 0, 1, 3, 1, 3, 3, 3, 1, 1, 0, 3, 0, 3, 3, 0, 0, 0, 0, 0, 1, 1, 0, 1, 0, 3, 0, 0, 0, 1]",15,775.1937984496124
Bundesliga,2016,FC Koln,"[3, 1, 3, 3, 1, 1, 3, 0, 3, 0, 3, 1, 0, 1, 1, 1, 1, 3, 3, 0, 1, 0, 0, 1, 3, 0, 3, 0, 0, 1, 1, 3, 1, 3]","[3, 1, 3, 3, 1, 1, 3, 0, 3, 0, 3, 1, 0, 1, 1, 1, 1, 3, 3, 0, 1, 0, 0, 1, 3, 0, 3, 0, 0, 1, 1, 3, 1, 3]",15,6.993006993006993
Bundesliga,2016,Freiburg,"[0, 3, 0, 3, 0, 3, 0, 3, 3, 0, 0, 0, 1, 3, 1, 3, 0, 3, 0, 3, 1, 0, 3, 1, 1, 0, 3, 3, 0, 3, 0, 3, 1, 0]","[0, 3, 0, 3, 0, 3, 0, 3, 3, 0, 0, 0, 1, 3, 1, 3, 0, 3, 0, 3, 1, 0, 3, 1, 1, 0, 3, 3, 0, 3, 0, 3, 1, 0]",2,3.3222591362126246
Bundesliga,2016,Hamburg,"[1, 0, 0, 0, 0, 0, 1, 0, 0, 0, 1, 1, 3, 3, 0, 3, 0, 0, 3, 3, 1, 0, 3, 3, 1, 3, 0, 3, 0, 0, 0, 1, 1, 3]","[1, 0, 0, 0, 0, 0, 1, 0, 0, 0, 1, 1, 3, 3, 0, 3, 0, 0, 3, 3, 1, 0, 3, 3, 1, 3, 0, 3, 0, 0, 0, 1, 1, 3]",6,2.6595744680851063
Bundesliga,2016,Hertha,"[3, 3, 3, 0, 1, 3, 1, 3, 0, 3, 1, 3, 3, 0, 0, 3, 0, 0, 3, 0, 1, 3, 0, 3, 0, 0, 0, 3, 0, 3, 0, 0, 3, 0]","[3, 3, 3, 0, 1, 3, 1, 3, 0, 3, 1, 3, 3, 0, 0, 3, 0, 0, 3, 0, 1, 3, 0, 3, 0, 0, 0, 3, 0, 3, 0, 0, 3, 0]",10,10.204081632653061
Bundesliga,2016,Hoffenheim,"[1, 1, 1, 1, 3, 3, 3, 3, 3, 1, 1, 1, 3, 1, 1, 1, 3, 0, 3, 0, 3, 1, 3, 1, 3, 3, 3, 0, 3, 1, 3, 0, 3, 1]","[1, 1, 1, 1, 3, 3, 3, 3, 3, 1, 1, 1, 3, 1, 1, 1, 3, 0, 3, 0, 3, 1, 3, 1, 3, 3, 3, 0, 3, 1, 3, 0, 3, 1]",3,3.0959752321981426
Bundesliga,2016,Ingolstadt,"[1, 0, 0, 0, 0, 0, 0, 1, 0, 0, 3, 1, 0, 3, 3, 0, 0, 3, 0, 0, 3, 0, 0, 1, 0, 3, 3, 3, 0, 0, 1, 1, 1, 1]","[1, 0, 0, 0, 0, 0, 0, 1, 0, 0, 3, 1, 0, 3, 3, 0, 0, 3, 0, 0, 3, 0, 0, 1, 0, 3, 3, 3, 0, 0, 1, 1, 1, 1]",6,2.5906735751295336
Bundesliga,2016,Leverkusen,"[0, 3, 0, 1, 3, 3, 0, 0, 3, 3, 0, 0, 1, 3, 0, 1, 3, 0, 0, 3, 3, 0, 0, 1, 0, 1, 3, 0, 1, 0, 0, 1, 1, 3]","[0, 3, 0, 1, 3, 3, 0, 0, 3, 3, 0, 0, 1, 3, 0, 1, 3, 0, 0, 3, 3, 0, 0, 1, 0, 1, 3, 0, 1, 0, 0, 1, 1, 3]",13,8.403361344537815
Bundesliga,2016,MGladbach,"[3, 0, 3, 1, 3, 0, 1, 0, 1, 0, 0, 1, 0, 3, 0, 0, 1, 3, 3, 3, 0, 3, 3, 0, 0, 1, 3, 3, 0, 0, 3, 1, 1, 1]","[3, 0, 3, 1, 3, 0, 1, 0, 1, 0, 0, 1, 0, 3, 0, 0, 1, 3, 3, 3, 0, 3, 3, 0, 0, 1, 3, 3, 0, 0, 3, 1, 1, 1]",6,3.067484662576687
Bundesliga,2016,Mainz,"[0, 1, 3, 3, 0, 1, 3, 0, 3, 0, 3, 0, 0, 0, 3, 0, 1, 1, 0, 3, 0, 3, 1, 0, 0, 0, 0, 0, 3, 1, 0, 1, 3, 0]","[0, 1, 3, 3, 0, 1, 3, 0, 3, 0, 3, 0, 0, 0, 3, 0, 1, 1, 0, 3, 0, 3, 1, 0, 0, 0, 0, 0, 3, 1, 0, 1, 3, 0]",11,6.211180124223603
Bundesliga,2016,RB Leipzig,"[1, 3, 3, 1, 1, 3, 3, 3, 3, 3, 3, 3, 3, 0, 3, 0, 3, 3, 0, 0, 3, 3, 1, 0, 0, 3, 3, 3, 3, 1, 1, 3, 0, 1]","[1, 3, 3, 1, 1, 3, 3, 3, 3, 3, 3, 3, 3, 0, 3, 0, 3, 3, 0, 0, 3, 3, 1, 0, 0, 3, 3, 3, 3, 1, 1, 3, 0, 1]",16,17.24137931034483
Bundesliga,2016,Schalke 04,"[0, 0, 0, 0, 0, 3, 1, 3, 1, 3, 3, 3, 0, 0, 1, 0, 3, 0, 1, 3, 1, 1, 0, 3, 3, 1, 0, 3, 0, 1, 3, 0, 1, 1]","[0, 0, 0, 0, 0, 3, 1, 3, 1, 3, 3, 3, 0, 0, 1, 0, 3, 0, 1, 3, 1, 1, 0, 3, 3, 1, 0, 3, 0, 1, 3, 0, 1, 1]",3,3.8910505836575875
Bundesliga,2016,Werder Bremen,"[0, 0, 0, 0, 3, 1, 3, 0, 0, 0, 0, 1, 3, 3, 1, 1, 0, 0, 0, 0, 3, 3, 3, 1, 3, 3, 3, 1, 3, 3, 3, 0, 0, 0]","[0, 0, 0, 0, 3, 1, 3, 0, 0, 0, 0, 1, 3, 3, 1, 1, 0, 0, 0, 0, 3, 3, 3, 1, 3, 3, 3, 1, 3, 3, 3, 0, 0, 0]",3,11.627906976744185
Bundesliga,2016,Wolfsburg,"[3, 1, 1, 0, 0, 1, 0, 0, 0, 3, 0, 1, 0, 0, 3, 3, 3, 0, 0, 3, 0, 0, 1, 3, 3, 1, 0, 0, 3, 0, 0, 3, 1, 0]","[3, 1, 1, 0, 0, 1, 0, 0, 0, 3, 0, 1, 0, 0, 3, 3, 3, 0, 0, 3, 0, 0, 1, 3, 3, 1, 0, 0, 3, 0, 0, 3, 1, 0]",8,2.7548209366391183
Bundesliga,2017,Augsburg,"[0, 1, 3, 3, 3, 1, 0, 1, 0, 3, 1, 0, 3, 3, 1, 0, 1, 3, 0, 1, 3, 0, 0, 1, 0, 3, 0, 1, 0, 1, 3, 1, 0, 0]","[0, 1, 3, 3, 3, 1, 0, 1, 0, 3, 1, 0, 3, 3, 1, 0, 1, 3, 0, 1, 3, 0, 0, 1, 0, 3, 0, 1, 0, 1, 3, 1, 0, 0]",13,14.492753623188406
Bundesliga,2017,Bayern Munich,"[3, 3, 0, 3, 3, 1, 1, 3, 3, 3, 3, 3, 0, 3, 3, 3, 3, 3, 3, 3, 3, 3, 3, 1, 3, 3, 0, 3, 3, 3, 3, 3, 3, 0]","[3, 3, 0, 3, 3, 1, 1, 3, 3, 3, 3, 3, 0, 3, 3, 3, 3, 3, 3, 3, 3, 3, 3, 1, 3, 3, 0, 3, 3, 3, 3, 3, 3, 0]",1,9.70873786407767
Bundesliga,2017,Dortmund,"[3, 3, 1, 3, 3, 3, 3, 0, 1, 0, 0, 0, 1, 1, 0, 3, 3, 1, 1, 1, 3, 3, 3, 1, 1, 3, 3, 0, 3, 0, 3, 1, 0, 0]","[3, 3, 1, 3, 3, 3, 3, 0, 1, 0, 0, 0, 1, 1, 0, 3, 3, 1, 1, 1, 3, 3, 3, 1, 1, 3, 3, 0, 3, 0, 3, 1, 0, 0]",2,17.857142857142858
Bundesliga,2017,Ein Frankfurt,"[1, 0, 3, 0, 3, 0, 3, 3, 1, 1, 3, 1, 0, 3, 0, 3, 1, 1, 3, 3, 0, 3, 3, 0, 3, 0, 3, 0, 1, 0, 0, 0, 3, 0]","[1, 0, 3, 0, 3, 0, 3, 3, 1, 1, 3, 1, 0, 3, 0, 3, 1, 1, 3, 3, 0, 3, 3, 0, 3, 0, 3, 0, 1, 0, 0, 0, 3, 0]",7,28.571428571428573
Bundesliga,2017,FC Koln,"[0, 0, 0, 0, 0, 1, 0, 0, 1, 0, 0, 0, 0, 1, 0, 0, 3, 3, 3, 1, 0, 0, 1, 3, 0, 0, 3, 0, 1, 0, 1, 0, 0, 0]","[0, 0, 0, 0, 0, 1, 0, 0, 1, 0, 0, 0, 0, 1, 0, 0, 3, 3, 3, 1, 0, 0, 1, 3, 0, 0, 3, 0, 1, 0, 1, 0, 0, 0]",7,4.149377593360996
Bundesliga,2017,Freiburg,"[1, 0, 1, 0, 1, 1, 3, 0, 1, 0, 0, 0, 3, 1, 3, 3, 1, 1, 3, 1, 1, 0, 3, 1, 0, 1, 0, 0, 0, 0, 0, 3, 0, 3]","[1, 0, 1, 0, 1, 1, 3, 0, 1, 0, 0, 0, 3, 1, 3, 3, 1, 1, 3, 1, 1, 0, 3, 1, 0, 1, 0, 0, 0, 0, 0, 3, 0, 3]",11,6.896551724137931
Bundesliga,2017,Hamburg,"[3, 3, 0, 0, 0, 0, 1, 0, 0, 0, 3, 0, 3, 1, 1, 0, 0, 0, 0, 1, 1, 0, 0, 0, 1, 0, 0, 1, 3, 0, 3, 3, 0, 3]","[3, 3, 0, 0, 0, 0, 1, 0, 0, 0, 3, 0, 3, 1, 1, 0, 0, 0, 0, 1, 1, 0, 0, 0, 1, 0, 0, 1, 3, 0, 3, 3, 0, 3]",17,1.6051364365971108
Bundesliga,2017,Hannover,"[3, 3, 1, 3, 1, 1, 0, 0, 3, 3, 0, 0, 1, 0, 3, 0, 1, 3, 1, 0, 1, 3, 1, 0, 0, 0, 0, 0, 3, 1, 0, 0, 3, 0]","[3, 3, 1, 3, 1, 1, 0, 0, 3, 3, 0, 0, 1, 0, 3, 0, 1, 3, 1, 0, 1, 3, 1, 0, 0, 0, 0, 0, 3, 1, 0, 0, 3, 0]",11,16.666666666666668
Bundesliga,2017,Hertha,"[3, 0, 1, 1, 3, 0, 1, 0, 1, 3, 1, 0, 3, 0, 1, 3, 3, 0, 1, 1, 1, 3, 0, 1, 0, 1, 3, 1, 0, 3, 3, 1, 0, 0]","[3, 0, 1, 1, 3, 0, 1, 0, 1, 3, 1, 0, 3, 0, 1, 3, 3, 0, 1, 1, 1, 3, 0, 1, 0, 1, 3, 1, 0, 3, 3, 1, 0, 0]",2,10.638297872340425
Bundesliga,2017,Hoffenheim,"[3, 1, 3, 1, 3, 3, 0, 1, 1, 0, 3, 1, 0, 3, 0, 3, 0, 1, 0, 0, 1, 3, 0, 1, 3, 3, 1, 3, 1, 3, 3, 3, 0, 3]","[3, 1, 3, 1, 3, 3, 0, 1, 1, 0, 3, 1, 0, 3, 0, 3, 0, 1, 0, 0, 1, 3, 0, 1, 3, 3, 1, 3, 1, 3, 3, 3, 0, 3]",2,1.7543859649122806
Bundesliga,2017,Leverkusen,"[0, 1, 0, 3, 0, 3, 1, 1, 3, 3, 1, 1, 3, 1, 3, 3, 1, 0, 3, 3, 1, 0, 3, 0, 3, 3, 0, 1, 3, 3, 0, 0, 1, 3]","[0, 1, 0, 3, 0, 3, 1, 1, 3, 3, 1, 1, 3, 1, 3, 3, 1, 0, 3, 3, 1, 0, 3, 0, 3, 3, 0, 1, 3, 3, 0, 0, 1, 3]",4,4.273504273504273
Bundesliga,2017,MGladbach,"[3, 1, 0, 1, 3, 0, 3, 3, 0, 3, 1, 3, 3, 0, 1, 0, 3, 0, 3, 0, 0, 0, 0, 3, 1, 0, 1, 1, 3, 0, 3, 1, 3, 0]","[3, 1, 0, 1, 3, 0, 3, 3, 0, 3, 1, 3, 3, 0, 1, 0, 3, 0, 3, 0, 0, 0, 0, 3, 1, 0, 1, 1, 3, 0, 3, 1, 3, 0]",15,7.462686567164179
Bundesliga,2017,Mainz,"[0, 0, 3, 0, 0, 3, 1, 3, 0, 1, 1, 3, 0, 0, 1, 0, 1, 0, 3, 0, 0, 0, 3, 1, 1, 0, 0, 1, 1, 3, 0, 3, 3, 0]","[0, 0, 3, 0, 0, 3, 1, 3, 0, 1, 1, 3, 0, 0, 1, 0, 1, 0, 3, 0, 0, 0, 3, 1, 1, 0, 0, 1, 1, 3, 0, 3, 3, 0]",1,1.9646365422396856
Bundesliga,2017,RB Leipzig,"[0, 3, 3, 1, 0, 3, 3, 3, 3, 0, 3, 1, 3, 0, 1, 1, 0, 3, 0, 1, 3, 3, 0, 0, 1, 1, 3, 3, 0, 1, 0, 0, 3, 3]","[0, 3, 3, 1, 0, 3, 3, 3, 3, 0, 3, 1, 3, 0, 1, 1, 0, 3, 0, 1, 3, 3, 0, 0, 1, 1, 3, 3, 0, 1, 0, 0, 3, 3]",12,5.1020408163265305
Bundesliga,2017,Schalke 04,"[3, 0, 3, 3, 0, 0, 1, 3, 3, 1, 3, 3, 1, 1, 1, 3, 1, 0, 1, 3, 0, 0, 3, 3, 3, 3, 3, 3, 0, 3, 1, 1, 3, 3]","[3, 0, 3, 3, 0, 0, 1, 3, 3, 1, 3, 3, 1, 1, 1, 3, 1, 0, 1, 3, 0, 0, 3, 3, 3, 3, 3, 3, 0, 3, 1, 1, 3, 3]",6,1.8050541516245486
Bundesliga,2017,Stuttgart,"[0, 3, 0, 3, 0, 1, 0, 3, 0, 3, 0, 3, 1, 0, 0, 0, 0, 3, 0, 0, 1, 3, 3, 3, 3, 1, 3, 1, 0, 1, 3, 3, 3, 3]","[0, 3, 0, 3, 0, 1, 0, 3, 0, 3, 0, 3, 1, 0, 0, 0, 0, 3, 0, 0, 1, 3, 3, 3, 3, 1, 3, 1, 0, 1, 3, 3, 3, 3]",7,1.1198208286674132
Bundesliga,2017,Werder Bremen,"[0, 0, 1, 0, 1, 1, 1, 0, 1, 0, 0, 3, 0, 3, 3, 0, 1, 1, 0, 1, 3, 3, 0, 3, 1, 3, 3, 3, 0, 1, 0, 1, 1, 3]","[0, 0, 1, 0, 1, 1, 1, 0, 1, 0, 0, 3, 0, 3, 3, 0, 1, 1, 0, 1, 3, 3, 0, 3, 1, 3, 3, 3, 0, 1, 0, 1, 1, 3]",6,2.7777777777777777
Bundesliga,2017,Wolfsburg,"[0, 3, 1, 0, 1, 1, 1, 1, 1, 1, 1, 3, 0, 3, 1, 1, 0, 1, 0, 3, 1, 0, 0, 1, 0, 0, 0, 1, 3, 1, 0, 0, 0, 3]","[0, 3, 1, 0, 1, 1, 1, 1, 1, 1, 1, 3, 0, 3, 1, 1, 0, 1, 0, 3, 1, 0, 0, 1, 0, 0, 0, 1, 3, 1, 0, 0, 0, 3]",13,6.451612903225806
Bundesliga,2018,Augsburg,"[3, 1, 0, 0, 1, 3, 0, 1, 3, 1, 0, 0, 0, 0, 1, 1, 0, 0, 0, 3, 0, 0, 0, 3, 1, 3, 0, 0, 3, 3, 0, 1, 0, 0]","[3, 1, 0, 0, 1, 3, 0, 1, 3, 1, 0, 0, 0, 0, 1, 1, 0, 0, 0, 3, 0, 0, 0, 3, 1, 3, 0, 0, 3, 3, 0, 1, 0, 0]",4,4.444444444444445
Bundesliga,2018,Bayern Munich,"[3, 3, 3, 3, 1, 0, 0, 3, 3, 1, 0, 1, 3, 3, 3, 3, 3, 3, 3, 0, 3, 3, 3, 3, 3, 3, 1, 3, 3, 3, 1, 3, 1, 3]","[3, 3, 3, 3, 1, 0, 0, 3, 3, 1, 0, 1, 3, 3, 3, 3, 3, 3, 3, 0, 3, 3, 3, 3, 3, 3, 1, 3, 3, 3, 1, 3, 1, 3]",4,3.003003003003003
Bundesliga,2018,Dortmund,"[3, 1, 3, 1, 3, 3, 3, 3, 1, 3, 3, 3, 3, 3, 3, 0, 3, 3, 3, 1, 1, 1, 3, 0, 3, 3, 3, 0, 3, 3, 0, 1, 3, 3]","[3, 1, 3, 1, 3, 3, 3, 3, 1, 3, 3, 3, 3, 3, 3, 0, 3, 3, 3, 1, 1, 1, 3, 0, 3, 3, 3, 0, 3, 3, 0, 1, 3, 3]",15,13.157894736842104
Bundesliga,2018,Ein Frankfurt,"[3, 0, 0, 1, 0, 3, 3, 3, 1, 3, 3, 3, 0, 0, 3, 1, 0, 3, 1, 1, 1, 1, 3, 3, 3, 3, 3, 3, 0, 1, 1, 0, 0, 0]","[3, 0, 0, 1, 0, 3, 3, 3, 1, 3, 3, 3, 0, 0, 3, 1, 0, 3, 1, 1, 1, 1, 3, 3, 3, 3, 3, 3, 0, 1, 1, 0, 0, 0]",6,134.2281879194631
Bundesliga,2018,Fortuna Dusseldorf,"[0, 1, 3, 1, 0, 0, 0, 0, 0, 0, 3, 1, 0, 0, 3, 3, 3, 3, 0, 1, 3, 0, 3, 3, 0, 0, 3, 3, 0, 0, 3, 1, 0, 3]","[0, 1, 3, 1, 0, 0, 0, 0, 0, 0, 3, 1, 0, 0, 3, 3, 3, 3, 0, 1, 3, 0, 3, 3, 0, 0, 3, 3, 0, 0, 3, 1, 0, 3]",6,1.9120458891013383
Bundesliga,2018,Freiburg,"[0, 0, 1, 3, 3, 0, 1, 1, 3, 1, 0, 1, 0, 3, 0, 1, 3, 0, 0, 1, 1, 1, 3, 0, 3, 1, 1, 0, 0, 0, 0, 1, 0, 3]","[0, 0, 1, 3, 3, 0, 1, 1, 3, 1, 0, 1, 0, 3, 0, 1, 3, 0, 0, 1, 1, 1, 3, 0, 3, 1, 1, 0, 0, 0, 0, 1, 0, 3]",7,6.097560975609756
Bundesliga,2018,Hannover,"[1, 1, 0, 0, 0, 0, 3, 1, 0, 0, 3, 0, 0, 1, 0, 1, 0, 0, 0, 0, 3, 0, 0, 0, 0, 0, 0, 0, 0, 1, 3, 0, 3, 0]","[1, 1, 0, 0, 0, 0, 3, 1, 0, 0, 3, 0, 0, 1, 0, 1, 0, 0, 0, 0, 3, 0, 0, 0, 0, 0, 0, 0, 0, 1, 3, 0, 3, 0]",13,2.2271714922048997
Bundesliga,2018,Hertha,"[3, 3, 1, 3, 0, 3, 1, 1, 1, 0, 0, 1, 3, 3, 0, 1, 0, 3, 1, 0, 3, 1, 0, 3, 0, 0, 0, 0, 0, 1, 1, 3, 3, 0]","[3, 3, 1, 3, 0, 3, 1, 1, 1, 0, 0, 1, 3, 3, 0, 1, 0, 3, 1, 0, 3, 1, 0, 3, 0, 0, 0, 0, 0, 1, 1, 3, 3, 0]",10,9.25925925925926
Bundesliga,2018,Hoffenheim,"[0, 3, 0, 1, 3, 0, 0, 3, 3, 3, 3, 1, 1, 1, 1, 1, 1, 0, 3, 1, 1, 3, 1, 0, 3, 1, 3, 3, 3, 3, 0, 1, 0, 0]","[0, 3, 0, 1, 3, 0, 0, 3, 3, 3, 3, 1, 1, 1, 1, 1, 1, 0, 3, 1, 1, 3, 1, 0, 3, 1, 3, 3, 3, 3, 0, 1, 0, 0]",4,32.25806451612903
Bundesliga,2018,Leverkusen,"[0, 0, 0, 3, 3, 0, 1, 1, 3, 0, 0, 3, 1, 3, 0, 3, 3, 0, 3, 3, 3, 3, 0, 3, 3, 0, 0, 0, 3, 3, 3, 3, 1, 3]","[0, 0, 0, 3, 3, 0, 1, 1, 3, 0, 0, 3, 1, 3, 0, 3, 3, 0, 3, 3, 3, 3, 0, 3, 3, 0, 0, 0, 3, 3, 3, 3, 1, 3]",9,1.5625
Bundesliga,2018,MGladbach,"[3, 1, 3, 0, 3, 1, 3, 3, 0, 3, 3, 3, 0, 3, 1, 3, 0, 3, 3, 3, 0, 1, 0, 0, 3, 1, 0, 1, 3, 0, 0, 1, 3, 0]","[3, 1, 3, 0, 3, 1, 3, 3, 0, 3, 3, 3, 0, 3, 1, 3, 0, 3, 3, 3, 0, 1, 0, 0, 3, 1, 0, 1, 3, 0, 0, 1, 3, 0]",14,100.10010010010011
Bundesliga,2018,Mainz,"[3, 1, 3, 0, 1, 0, 1, 0, 0, 3, 3, 0, 3, 1, 0, 1, 1, 3, 3, 0, 0, 0, 3, 0, 0, 0, 0, 3, 0, 3, 0, 1, 3, 3]","[3, 1, 3, 0, 1, 0, 1, 0, 0, 3, 3, 0, 3, 1, 0, 1, 1, 3, 3, 0, 0, 0, 3, 0, 0, 0, 0, 3, 0, 3, 0, 1, 3, 3]",15,3.7037037037037037
Bundesliga,2018,Nurnberg,"[0, 1, 1, 3, 0, 3, 0, 0, 1, 1, 0, 0, 1, 0, 0, 0, 0, 0, 0, 1, 0, 1, 0, 0, 0, 0, 3, 1, 1, 0, 1, 0, 0, 0]","[0, 1, 1, 3, 0, 3, 0, 0, 1, 1, 0, 0, 1, 0, 0, 0, 0, 0, 0, 1, 0, 1, 0, 0, 0, 0, 3, 1, 1, 0, 1, 0, 0, 0]",3,4.878048780487805
Bundesliga,2018,RB Leipzig,"[0, 1, 3, 1, 3, 3, 3, 1, 1, 3, 3, 0, 3, 0, 3, 0, 3, 0, 3, 3, 1, 3, 1, 3, 1, 3, 3, 3, 3, 3, 3, 1, 1, 0]","[0, 1, 3, 1, 3, 3, 3, 1, 1, 3, 3, 0, 3, 0, 3, 0, 3, 0, 3, 3, 1, 3, 1, 3, 1, 3, 3, 3, 3, 3, 3, 1, 1, 0]",3,18.181818181818183
Bundesliga,2018,Schalke 04,"[0, 0, 0, 0, 0, 3, 3, 0, 1, 3, 0, 3, 1, 0, 1, 0, 3, 3, 1, 0, 0, 1, 0, 0, 0, 0, 3, 0, 1, 0, 3, 1, 1, 1]","[0, 0, 0, 0, 0, 3, 3, 0, 1, 3, 0, 3, 1, 0, 1, 0, 3, 3, 1, 0, 0, 1, 0, 0, 0, 0, 3, 0, 1, 0, 3, 1, 1, 1]",15,5.434782608695652
Bundesliga,2018,Stuttgart,"[0, 0, 1, 1, 0, 3, 0, 0, 0, 0, 3, 0, 3, 0, 3, 0, 0, 0, 0, 1, 0, 0, 1, 3, 0, 1, 0, 1, 0, 0, 3, 0, 3, 1]","[0, 0, 1, 1, 0, 3, 0, 0, 0, 0, 3, 0, 3, 0, 3, 0, 0, 0, 0, 1, 0, 0, 1, 3, 0, 1, 0, 1, 0, 0, 3, 0, 3, 1]",17,1.8181818181818181
Bundesliga,2018,Werder Bremen,"[1, 3, 1, 3, 3, 0, 3, 3, 0, 0, 0, 1, 0, 3, 0, 1, 0, 3, 1, 1, 3, 1, 1, 1, 3, 3, 3, 1, 3, 0, 0, 1, 3, 3]","[1, 3, 1, 3, 3, 0, 3, 3, 0, 0, 0, 1, 0, 3, 0, 1, 0, 3, 1, 1, 3, 1, 1, 1, 3, 3, 3, 1, 3, 0, 0, 1, 3, 3]",5,2.1052631578947367
Bundesliga,2018,Wolfsburg,"[3, 3, 1, 0, 1, 1, 0, 0, 3, 0, 0, 3, 3, 1, 3, 3, 3, 0, 0, 3, 1, 3, 3, 1, 0, 3, 0, 3, 0, 1, 3, 3, 0, 3]","[3, 3, 1, 0, 1, 1, 0, 0, 3, 0, 0, 3, 3, 1, 3, 3, 3, 0, 0, 3, 1, 3, 3, 1, 0, 3, 0, 3, 0, 1, 3, 3, 0, 3]",11,2.1231422505307855
Bundesliga,2019,Augsburg,"[0, 1, 0, 3, 1, 0, 0, 1, 1, 0, 3, 3, 1, 3, 3, 3, 0, 0, 0, 3, 0, 1, 0, 0, 0, 0, 3, 1, 0, 1, 3, 0, 1, 0]","[0, 1, 0, 3, 1, 0, 0, 1, 1, 0, 3, 3, 1, 3, 3, 3, 0, 0, 0, 3, 0, 1, 0, 0, 0, 0, 3, 1, 0, 1, 3, 0, 1, 0]",17,10.416666666666666
Bundesliga,2019,Bayern Munich,"[1, 3, 3, 1, 3, 3, 0, 1, 3, 0, 3, 3, 0, 0, 3, 3, 3, 3, 3, 3, 1, 3, 3, 3, 3, 3, 3, 3, 3, 3, 3, 3, 3, 3]","[1, 3, 3, 1, 3, 3, 0, 1, 3, 0, 3, 3, 0, 0, 3, 3, 3, 3, 3, 3, 1, 3, 3, 3, 3, 3, 3, 3, 3, 3, 3, 3, 3, 3]",14,1.0040160642570282
Bundesliga,2019,Dortmund,"[3, 3, 0, 3, 1, 1, 1, 3, 1, 3, 0, 1, 3, 3, 3, 1, 0, 3, 3, 3, 0, 3, 3, 3, 3, 3, 3, 0, 3, 3, 3, 0, 3, 0]","[3, 3, 0, 3, 1, 1, 1, 3, 1, 3, 0, 1, 3, 3, 3, 1, 0, 3, 3, 3, 0, 3, 3, 3, 3, 3, 3, 0, 3, 3, 3, 0, 3, 0]",3,9.090909090909092
Bundesliga,2019,Ein Frankfurt,"[3, 0, 3, 0, 1, 3, 1, 3, 0, 3, 0, 0, 0, 1, 0, 0, 0, 3, 3, 1, 3, 0, 0, 0, 0, 0, 1, 3, 3, 0, 3, 3, 1, 3]","[3, 0, 3, 0, 1, 3, 1, 3, 0, 3, 0, 0, 0, 1, 0, 0, 0, 3, 3, 1, 3, 0, 0, 0, 0, 0, 1, 3, 3, 0, 3, 3, 1, 3]",13,1.8315018315018314
Bundesliga,2019,FC Koln,"[0, 0, 3, 0, 0, 0, 1, 3, 0, 0, 0, 0, 1, 0, 3, 3, 3, 3, 0, 3, 0, 3, 3, 3, 0, 1, 1, 0, 0, 1, 0, 0, 1, 0]","[0, 0, 3, 0, 0, 0, 1, 3, 0, 0, 0, 0, 1, 0, 3, 3, 3, 3, 0, 3, 0, 3, 3, 3, 0, 1, 1, 0, 0, 1, 0, 0, 1, 0]",10,22.727272727272727
Bundesliga,2019,Fortuna Dusseldorf,"[3, 0, 0, 1, 0, 0, 0, 3, 0, 3, 1, 0, 1, 0, 0, 0, 3, 0, 0, 1, 1, 0, 3, 1, 1, 1, 1, 3, 0, 1, 0, 1, 1, 0]","[3, 0, 0, 1, 0, 0, 0, 3, 0, 3, 1, 0, 1, 0, 0, 0, 3, 0, 0, 1, 1, 0, 3, 1, 1, 1, 1, 3, 0, 1, 0, 1, 1, 0]",6,3.597122302158273
Bundesliga,2019,Freiburg,"[3, 3, 0, 3, 1, 3, 1, 0, 3, 1, 3, 1, 0, 3, 0, 0, 1, 3, 0, 0, 3, 1, 0, 0, 3, 1, 0, 1, 0, 3, 1, 3, 0, 3]","[3, 3, 0, 3, 1, 3, 1, 0, 3, 1, 3, 1, 0, 3, 0, 0, 1, 3, 0, 0, 3, 1, 0, 0, 3, 1, 0, 1, 0, 3, 1, 3, 0, 3]",16,4.444444444444445
Bundesliga,2019,Hertha,"[1, 0, 0, 0, 3, 3, 3, 1, 0, 0, 0, 0, 0, 1, 3, 3, 1, 0, 3, 1, 0, 3, 0, 1, 1, 3, 3, 1, 3, 0, 0, 0, 3, 0]","[1, 0, 0, 0, 3, 3, 3, 1, 0, 0, 0, 0, 0, 1, 3, 3, 1, 0, 3, 1, 0, 3, 0, 1, 1, 3, 3, 1, 3, 0, 0, 0, 3, 0]",5,5.847953216374269
Bundesliga,2019,Hoffenheim,"[0, 3, 1, 0, 1, 0, 3, 3, 3, 3, 3, 0, 1, 0, 0, 3, 3, 0, 3, 3, 0, 0, 1, 0, 1, 0, 1, 3, 3, 1, 0, 3, 3, 3]","[0, 3, 1, 0, 1, 0, 3, 3, 3, 3, 3, 0, 1, 0, 0, 3, 3, 0, 3, 3, 0, 0, 1, 0, 1, 0, 1, 3, 3, 1, 0, 3, 3, 3]",14,3.067484662576687
Bundesliga,2019,Leverkusen,"[3, 3, 1, 0, 3, 3, 1, 0, 1, 0, 3, 1, 3, 3, 0, 0, 3, 3, 3, 0, 3, 3, 3, 1, 3, 3, 3, 0, 3, 0, 1, 3, 0, 3]","[3, 3, 1, 0, 3, 3, 1, 0, 1, 0, 3, 1, 3, 3, 0, 0, 3, 3, 3, 0, 3, 3, 3, 1, 3, 3, 3, 0, 3, 0, 1, 3, 0, 3]",7,4.385964912280702
Bundesliga,2019,MGladbach,"[1, 3, 0, 3, 3, 3, 3, 0, 3, 3, 3, 0, 3, 3, 0, 3, 1, 0, 3, 1, 3, 1, 3, 0, 3, 3, 0, 1, 3, 0, 0, 3, 3, 3]","[1, 3, 0, 3, 3, 3, 3, 0, 3, 3, 3, 0, 3, 3, 0, 3, 1, 0, 3, 1, 3, 1, 3, 0, 3, 3, 0, 1, 3, 0, 0, 3, 3, 3]",8,3.2679738562091503
Bundesliga,2019,Mainz,"[0, 0, 0, 3, 0, 0, 3, 0, 3, 0, 0, 3, 3, 0, 0, 3, 0, 0, 0, 0, 3, 1, 0, 3, 1, 1, 0, 1, 0, 3, 0, 3, 3, 0]","[0, 0, 0, 3, 0, 0, 3, 0, 3, 0, 0, 3, 3, 0, 0, 3, 0, 0, 0, 0, 3, 1, 0, 3, 1, 1, 0, 1, 0, 3, 0, 3, 3, 0]",17,1.757469244288225
Bundesliga,2019,Paderborn,"[0, 0, 1, 0, 0, 0, 0, 0, 3, 0, 0, 1, 0, 3, 1, 0, 3, 0, 3, 0, 1, 0, 0, 0, 0, 1, 1, 1, 0, 1, 0, 0, 0, 0]","[0, 0, 1, 0, 0, 0, 0, 0, 3, 0, 0, 1, 0, 3, 1, 0, 3, 0, 3, 0, 1, 0, 0, 0, 0, 1, 1, 1, 0, 1, 0, 0, 0, 0]",15,7.936507936507937
Bundesliga,2019,RB Leipzig,"[3, 3, 3, 1, 3, 0, 1, 1, 0, 3, 3, 3, 3, 3, 3, 1, 3, 3, 0, 1, 1, 3, 3, 1, 1, 1, 3, 1, 3, 1, 3, 1, 0, 3]","[3, 3, 3, 1, 3, 0, 1, 1, 0, 3, 3, 3, 3, 3, 3, 1, 3, 3, 0, 1, 1, 3, 3, 1, 1, 1, 3, 1, 3, 1, 3, 1, 0, 3]",16,10.416666666666666
Bundesliga,2019,Schalke 04,"[1, 0, 3, 3, 3, 3, 1, 0, 1, 3, 1, 3, 3, 0, 3, 1, 1, 3, 0, 1, 1, 1, 0, 0, 1, 0, 0, 0, 0, 1, 1, 0, 0, 0]","[1, 0, 3, 3, 3, 3, 1, 0, 1, 3, 1, 3, 3, 0, 3, 1, 1, 3, 0, 1, 1, 1, 0, 0, 1, 0, 0, 0, 0, 1, 1, 0, 0, 0]",16,6666.666666666667
Bundesliga,2019,Union Berlin,"[0, 1, 3, 0, 0, 0, 0, 3, 0, 3, 3, 3, 0, 3, 1, 0, 0, 0, 3, 0, 3, 0, 3, 1, 0, 0, 0, 1, 0, 1, 3, 3, 0, 3]","[0, 1, 3, 0, 0, 0, 0, 3, 0, 3, 3, 3, 0, 3, 1, 0, 0, 0, 3, 0, 3, 0, 3, 1, 0, 0, 0, 1, 0, 1, 3, 3, 0, 3]",11,2.6041666666666665
Bundesliga,2019,Werder Bremen,"[0, 0, 3, 3, 0, 1, 1, 1, 1, 1, 0, 0, 3, 0, 0, 0, 0, 3, 0, 0, 0, 0, 0, 1, 0, 3, 1, 3, 0, 0, 3, 0, 0, 3]","[0, 0, 3, 3, 0, 1, 1, 1, 1, 1, 0, 0, 3, 0, 0, 0, 0, 3, 0, 0, 0, 0, 0, 1, 0, 3, 1, 3, 0, 0, 3, 0, 0, 3]",16,2.074688796680498
Bundesliga,2019,Wolfsburg,"[3, 3, 1, 1, 1, 3, 3, 1, 1, 0, 0, 3, 0, 0, 3, 1, 0, 0, 0, 3, 1, 3, 3, 1, 1, 3, 0, 3, 0, 3, 1, 0, 3, 0]","[3, 3, 1, 1, 1, 3, 3, 1, 1, 0, 0, 3, 0, 0, 3, 1, 0, 0, 0, 3, 1, 3, 3, 1, 1, 3, 0, 3, 0, 3, 1, 0, 3, 0]",3,3.0303030303030303
Bundesliga,2020,Augsburg,"[3, 3, 1, 0, 0, 3, 0, 1, 1, 0, 1, 3, 0, 3, 0, 0, 0, 3, 0, 0, 0, 1, 3, 0, 3, 0, 3, 0, 1, 0, 0, 0, 3, 0]","[3, 3, 1, 0, 0, 3, 0, 1, 1, 0, 1, 3, 0, 3, 0, 0, 0, 3, 0, 0, 0, 1, 3, 0, 3, 0, 3, 0, 1, 0, 0, 0, 3, 0]",7,5.208333333333333
Bundesliga,2020,Bayern Munich,"[3, 0, 3, 3, 3, 3, 3, 1, 3, 1, 1, 3, 3, 3, 0, 3, 3, 3, 3, 3, 1, 0, 3, 3, 3, 3, 3, 1, 3, 3, 0, 3, 1, 3]","[3, 0, 3, 3, 3, 3, 3, 1, 3, 1, 1, 3, 3, 3, 0, 3, 3, 3, 3, 3, 1, 0, 3, 3, 3, 3, 3, 1, 3, 3, 0, 3, 1, 3]",4,4.048582995951417
Bundesliga,2020,Bielefeld,"[1, 3, 0, 0, 0, 0, 0, 0, 0, 3, 0, 0, 3, 0, 3, 1, 3, 0, 0, 1, 0, 0, 1, 0, 3, 0, 1, 3, 1, 3, 0, 1, 1, 3]","[1, 3, 0, 0, 0, 0, 0, 0, 0, 3, 0, 0, 3, 0, 3, 1, 3, 0, 0, 1, 0, 0, 1, 0, 3, 0, 1, 3, 1, 3, 0, 1, 1, 3]",17,1.6025641025641026
Bundesliga,2020,Dortmund,"[3, 0, 3, 3, 3, 3, 0, 3, 0, 1, 0, 3, 0, 3, 3, 1, 0, 0, 3, 0, 1, 3, 3, 0, 3, 1, 0, 3, 3, 3, 3, 3, 3, 3]","[3, 0, 3, 3, 3, 3, 0, 3, 0, 1, 0, 3, 0, 3, 3, 1, 0, 0, 3, 0, 1, 3, 3, 0, 3, 1, 0, 3, 3, 3, 3, 3, 3, 3]",17,1.2165450121654502
Bundesliga,2020,Ein Frankfurt,"[1, 3, 3, 1, 0, 1, 1, 1, 1, 1, 0, 1, 3, 3, 3, 3, 1, 3, 3, 3, 3, 3, 0, 1, 1, 3, 3, 3, 0, 3, 0, 1, 0, 3]","[1, 3, 3, 1, 0, 1, 1, 1, 1, 1, 0, 1, 3, 3, 3, 3, 1, 3, 3, 3, 3, 3, 0, 1, 1, 3, 3, 3, 0, 3, 0, 1, 0, 3]",6,8.19672131147541
Bundesliga,2020,FC Koln,"[0, 0, 0, 1, 1, 0, 1, 0, 3, 1, 3, 0, 1, 0, 0, 1, 3, 0, 3, 3, 0, 0, 0, 1, 0, 1, 0, 0, 0, 3, 3, 0, 1, 3]","[0, 0, 0, 1, 1, 0, 1, 0, 3, 1, 3, 0, 1, 0, 0, 1, 3, 0, 3, 3, 0, 0, 0, 1, 0, 1, 0, 0, 0, 3, 3, 0, 1, 3]",14,2.450980392156863
Bundesliga,2020,Freiburg,"[3, 1, 0, 1, 1, 0, 0, 0, 1, 1, 3, 3, 3, 3, 3, 0, 1, 3, 0, 3, 1, 0, 3, 0, 0, 3, 0, 0, 3, 1, 0, 3, 1, 0]","[3, 1, 0, 1, 1, 0, 0, 0, 1, 1, 3, 3, 3, 3, 3, 0, 1, 3, 0, 3, 1, 0, 3, 0, 0, 3, 0, 0, 3, 1, 0, 3, 1, 0]",11,5.1020408163265305
Bundesliga,2020,Hertha,"[3, 0, 0, 0, 0, 1, 3, 0, 1, 3, 1, 1, 0, 3, 0, 1, 0, 0, 0, 0, 1, 0, 0, 3, 0, 3, 1, 1, 1, 3, 1, 3, 1, 0]","[3, 0, 0, 0, 0, 1, 3, 0, 1, 3, 1, 1, 0, 3, 0, 1, 0, 0, 0, 0, 1, 0, 0, 3, 0, 3, 1, 1, 1, 3, 1, 3, 1, 0]",1,2.262443438914027
Bundesliga,2020,Hoffenheim,"[3, 3, 0, 0, 1, 0, 0, 1, 1, 3, 0, 0, 3, 0, 0, 1, 3, 3, 0, 0, 1, 3, 1, 3, 0, 0, 0, 1, 1, 3, 1, 3, 1, 3]","[3, 3, 0, 0, 1, 0, 0, 1, 1, 3, 0, 0, 3, 0, 0, 1, 3, 3, 0, 0, 1, 3, 1, 3, 0, 0, 0, 1, 1, 3, 1, 3, 1, 3]",10,1.663893510815308
Bundesliga,2020,Leverkusen,"[1, 1, 1, 3, 3, 3, 3, 3, 1, 3, 3, 3, 0, 0, 1, 0, 3, 0, 0, 3, 1, 1, 0, 3, 0, 0, 3, 1, 3, 0, 3, 1, 1, 0]","[1, 1, 1, 3, 3, 3, 3, 3, 1, 3, 3, 3, 0, 0, 1, 0, 3, 0, 0, 3, 1, 1, 0, 3, 0, 0, 3, 1, 3, 0, 3, 1, 1, 0]",17,13.157894736842104
Bundesliga,2020,MGladbach,"[0, 1, 3, 1, 3, 3, 0, 1, 3, 1, 1, 1, 0, 3, 3, 1, 3, 3, 1, 0, 1, 0, 0, 0, 0, 3, 3, 1, 3, 0, 3, 0, 0, 3]","[0, 1, 3, 1, 3, 3, 0, 1, 3, 1, 1, 1, 0, 3, 3, 1, 3, 3, 1, 0, 1, 0, 0, 0, 0, 3, 3, 1, 3, 0, 3, 0, 0, 3]",16,9.900990099009901
Bundesliga,2020,Mainz,"[0, 0, 0, 0, 0, 0, 1, 3, 1, 0, 0, 1, 0, 0, 0, 1, 0, 3, 0, 3, 1, 3, 0, 1, 3, 3, 1, 3, 3, 3, 1, 1, 0, 3]","[0, 0, 0, 0, 0, 0, 1, 3, 1, 0, 0, 1, 0, 0, 0, 1, 0, 3, 0, 3, 1, 3, 0, 1, 3, 3, 1, 3, 3, 3, 1, 1, 0, 3]",4,1.6025641025641026
Bundesliga,2020,RB Leipzig,"[3, 1, 3, 3, 3, 0, 3, 1, 3, 1, 3, 3, 1, 3, 0, 1, 3, 0, 3, 3, 3, 3, 3, 3, 1, 3, 0, 3, 1, 0, 3, 0, 1, 0]","[3, 1, 3, 3, 3, 0, 3, 1, 3, 1, 3, 3, 1, 3, 0, 1, 3, 0, 3, 3, 3, 3, 3, 3, 1, 3, 0, 3, 1, 0, 3, 0, 1, 0]",8,56.91519635742743
Bundesliga,2020,Schalke 04,"[0, 0, 0, 1, 0, 1, 1, 0, 0, 0, 1, 0, 0, 0, 3, 0, 0, 0, 1, 0, 1, 0, 0, 1, 0, 0, 0, 3, 0, 0, 0, 0, 3, 0]","[0, 0, 0, 1, 0, 1, 1, 0, 0, 0, 1, 0, 0, 0, 3, 0, 0, 0, 1, 0, 1, 0, 0, 1, 0, 0, 0, 3, 0, 0, 0, 0, 3, 0]",6,1.5384615384615385
Bundesliga,2020,Stuttgart,"[0, 3, 1, 3, 1, 1, 1, 1, 0, 3, 3, 1, 0, 0, 3, 1, 0, 0, 3, 0, 1, 3, 3, 1, 3, 0, 3, 0, 0, 0, 0, 3, 3, 0]","[0, 3, 1, 3, 1, 1, 1, 1, 0, 3, 3, 1, 0, 0, 3, 1, 0, 0, 3, 0, 1, 3, 3, 1, 3, 0, 3, 0, 0, 0, 0, 3, 3, 0]",7,4.608294930875576
Bundesliga,2020,Union Berlin,"[0, 1, 3, 1, 1, 3, 3, 3, 1, 0, 1, 1, 3, 3, 1, 3, 0, 0, 1, 0, 1, 3, 1, 1, 3, 0, 1, 1, 3, 0, 3, 0, 1, 3]","[0, 1, 3, 1, 1, 3, 3, 3, 1, 0, 1, 1, 3, 3, 1, 3, 0, 0, 1, 0, 1, 3, 1, 1, 3, 0, 1, 1, 3, 0, 3, 0, 1, 3]",17,4.3478260869565215
Bundesliga,2020,Werder Bremen,"[0, 3, 3, 1, 1, 1, 1, 1, 0, 0, 0, 0, 3, 0, 1, 3, 0, 3, 1, 1, 0, 3, 1, 3, 0, 0, 0, 0, 0, 0, 0, 1, 0, 0]","[0, 3, 3, 1, 1, 1, 1, 1, 0, 0, 0, 0, 3, 0, 1, 3, 0, 3, 1, 1, 0, 3, 1, 3, 0, 0, 0, 0, 0, 0, 0, 1, 0, 0]",10,574.7126436781609
Bundesliga,2020,Wolfsburg,"[1, 1, 1, 1, 3, 1, 3, 3, 3, 1, 3, 0, 3, 0, 1, 1, 3, 3, 3, 3, 1, 3, 3, 0, 3, 3, 3, 0, 0, 3, 0, 3, 1, 0]","[1, 1, 1, 1, 3, 1, 3, 3, 3, 1, 3, 0, 3, 0, 1, 1, 3, 3, 3, 3, 1, 3, 3, 0, 3, 3, 3, 0, 0, 3, 0, 3, 1, 0]",7,19.23076923076923
Bundesliga,2021,Augsburg,"[0, 1, 0, 1, 3, 0, 0, 1, 0, 3, 0, 3, 1, 0, 3, 1, 1, 0, 1, 0, 3, 0, 0, 1, 3, 0, 3, 3, 0, 0, 3, 0, 0, 3]","[0, 1, 0, 1, 3, 0, 0, 1, 0, 3, 0, 3, 1, 0, 3, 1, 1, 0, 1, 0, 3, 0, 0, 1, 3, 0, 3, 3, 0, 0, 3, 0, 0, 3]",6,2.1321961620469083
Bundesliga,2021,Bayern Munich,"[1, 3, 3, 3, 3, 3, 0, 3, 3, 3, 3, 0, 3, 3, 3, 3, 3, 0, 3, 3, 3, 0, 3, 3, 1, 1, 3, 3, 3, 3, 3, 0, 1, 1]","[1, 3, 3, 3, 3, 3, 0, 3, 3, 3, 3, 0, 3, 3, 3, 3, 3, 0, 3, 3, 3, 0, 3, 3, 1, 1, 3, 3, 3, 3, 3, 0, 1, 1]",3,54.614964500273075
Bundesliga,2021,Bielefeld,"[1, 1, 1, 0, 1, 0, 0, 1, 0, 0, 3, 1, 0, 1, 0, 3, 3, 1, 1, 3, 1, 0, 3, 0, 0, 0, 0, 1, 0, 0, 0, 1, 0, 1]","[1, 1, 1, 0, 1, 0, 0, 1, 0, 0, 3, 1, 0, 1, 0, 3, 3, 1, 1, 3, 1, 0, 3, 0, 0, 0, 0, 1, 0, 0, 0, 1, 0, 1]",11,60.82725060827251
Bundesliga,2021,Bochum,"[0, 3, 0, 0, 0, 1, 0, 3, 3, 0, 3, 0, 3, 3, 1, 0, 0, 3, 0, 1, 1, 3, 1, 0, 3, 0, 0, 3, 1, 0, 0, 3, 3, 0]","[0, 3, 0, 0, 0, 1, 0, 3, 3, 0, 3, 0, 3, 3, 1, 0, 0, 3, 0, 1, 1, 3, 1, 0, 3, 0, 0, 3, 1, 0, 0, 3, 3, 0]",9,2.320185614849188
Bundesliga,2021,Dortmund,"[3, 0, 3, 3, 3, 0, 3, 3, 3, 3, 0, 3, 3, 0, 1, 3, 0, 3, 3, 3, 0, 3, 3, 1, 3, 3, 1, 0, 3, 3, 0, 0, 3, 3]","[3, 0, 3, 3, 3, 0, 3, 3, 3, 3, 0, 3, 3, 0, 1, 3, 0, 3, 3, 3, 0, 3, 3, 1, 3, 3, 1, 0, 3, 3, 0, 0, 3, 3]",8,4.672897196261682
Bundesliga,2021,Ein Frankfurt,"[0, 1, 1, 1, 1, 1, 3, 0, 0, 1, 3, 3, 3, 0, 3, 3, 3, 0, 1, 0, 3, 0, 0, 0, 3, 3, 1, 1, 0, 0, 1, 0, 1, 1]","[0, 1, 1, 1, 1, 1, 3, 0, 0, 1, 3, 3, 3, 0, 3, 3, 3, 0, 1, 0, 3, 0, 0, 0, 3, 3, 1, 1, 0, 0, 1, 0, 1, 1]",7,19.23076923076923
Bundesliga,2021,FC Koln,"[3, 0, 3, 1, 1, 1, 3, 0, 1, 0, 1, 1, 3, 1, 0, 3, 3, 3, 0, 1, 3, 0, 3, 1, 0, 3, 1, 0, 3, 3, 3, 3, 0, 0]","[3, 0, 3, 1, 1, 1, 3, 0, 1, 0, 1, 1, 3, 1, 0, 3, 3, 3, 0, 1, 3, 0, 3, 1, 0, 3, 1, 0, 3, 3, 3, 3, 0, 0]",2,12.195121951219512
Bundesliga,2021,Freiburg,"[1, 3, 3, 1, 1, 3, 3, 1, 3, 3, 0, 0, 0, 3, 0, 1, 3, 1, 0, 3, 0, 1, 3, 3, 1, 3, 1, 0, 3, 3, 1, 3, 0, 0]","[1, 3, 3, 1, 1, 3, 3, 1, 3, 3, 0, 0, 0, 3, 0, 1, 3, 1, 0, 3, 0, 1, 3, 3, 1, 3, 1, 0, 3, 3, 1, 3, 0, 0]",2,16.39344262295082
Bundesliga,2021,Greuther Furth,"[0, 1, 0, 0, 0, 0, 0, 0, 0, 0, 0, 0, 0, 0, 3, 0, 1, 1, 1, 3, 0, 3, 0, 1, 0, 0, 1, 1, 0, 1, 0, 1, 0, 0]","[0, 1, 0, 0, 0, 0, 0, 0, 0, 0, 0, 0, 0, 0, 3, 0, 1, 1, 1, 3, 0, 3, 0, 1, 0, 0, 1, 1, 0, 1, 0, 1, 0, 0]",12,2.7247956403269753
Bundesliga,2021,Hertha,"[0, 0, 0, 3, 3, 0, 0, 3, 3, 0, 1, 0, 1, 1, 3, 0, 3, 0, 1, 0, 1, 0, 0, 0, 0, 0, 3, 0, 0, 3, 3, 1, 0, 0]","[0, 0, 0, 3, 3, 0, 0, 3, 3, 0, 1, 0, 1, 1, 3, 0, 3, 0, 1, 0, 1, 0, 0, 0, 0, 0, 3, 0, 0, 3, 3, 1, 0, 0]",17,6.802721088435374
Bundesliga,2021,Hoffenheim,"[3, 1, 0, 0, 1, 3, 0, 3, 0, 3, 0, 3, 3, 3, 3, 1, 1, 3, 0, 0, 0, 3, 3, 3, 3, 1, 0, 0, 0, 1, 1, 0, 0, 0]","[3, 1, 0, 0, 1, 3, 0, 3, 0, 3, 0, 3, 3, 3, 3, 1, 1, 3, 0, 0, 0, 3, 3, 3, 3, 1, 0, 0, 0, 1, 1, 0, 0, 0]",9,225.22522522522522
Bundesliga,2021,Leverkusen,"[1, 3, 3, 0, 3, 3, 3, 0, 1, 0, 1, 3, 3, 3, 0, 1, 0, 1, 3, 3, 3, 3, 0, 3, 1, 0, 3, 3, 1, 0, 3, 3, 3, 3]","[1, 3, 3, 0, 3, 3, 3, 0, 1, 0, 1, 3, 3, 3, 0, 1, 0, 1, 3, 3, 3, 3, 0, 3, 1, 0, 3, 3, 1, 0, 3, 3, 3, 3]",12,1.6722408026755853
Bundesliga,2021,MGladbach,"[1, 0, 0, 3, 0, 3, 3, 1, 0, 3, 1, 3, 0, 0, 0, 0, 1, 3, 0, 0, 1, 3, 0, 1, 0, 3, 3, 1, 3, 0, 1, 3, 1, 3]","[1, 0, 0, 3, 0, 3, 3, 1, 0, 3, 1, 3, 0, 0, 0, 0, 1, 3, 0, 0, 1, 3, 0, 1, 0, 3, 3, 1, 3, 0, 1, 3, 1, 3]",16,1.3605442176870748
Bundesliga,2021,Mainz,"[3, 0, 3, 3, 1, 0, 0, 0, 3, 3, 1, 1, 0, 3, 0, 3, 0, 0, 3, 0, 3, 1, 3, 0, 0, 3, 1, 0, 0, 1, 0, 3, 3, 1]","[3, 0, 3, 3, 1, 0, 0, 0, 3, 3, 1, 1, 0, 3, 0, 3, 0, 0, 3, 0, 3, 1, 3, 0, 0, 3, 1, 0, 0, 1, 0, 3, 3, 1]",11,3.7735849056603774
Bundesliga,2021,RB Leipzig,"[0, 3, 0, 0, 1, 3, 3, 1, 3, 1, 3, 0, 0, 0, 3, 1, 0, 3, 3, 3, 0, 3, 3, 3, 1, 3, 1, 3, 3, 3, 0, 0, 3, 1]","[0, 3, 0, 0, 1, 3, 3, 1, 3, 1, 3, 0, 0, 0, 3, 1, 0, 3, 3, 3, 0, 3, 3, 3, 1, 3, 1, 3, 3, 3, 0, 0, 3, 1]",4,4.504504504504505
Bundesliga,2021,Stuttgart,"[3, 0, 0, 1, 0, 1, 3, 1, 1, 0, 0, 0, 3, 1, 3, 0, 0, 1, 0, 0, 0, 0, 1, 0, 3, 1, 3, 1, 0, 1, 0, 1, 1, 3]","[3, 0, 0, 1, 0, 1, 3, 1, 1, 0, 0, 0, 3, 1, 3, 0, 0, 1, 0, 0, 0, 0, 1, 0, 3, 1, 3, 1, 0, 1, 0, 1, 1, 3]",16,1.9342359767891684
Bundesliga,2021,Union Berlin,"[1, 1, 3, 1, 0, 3, 3, 3, 1, 0, 1, 3, 0, 3, 0, 1, 3, 1, 3, 3, 0, 0, 0, 3, 0, 1, 0, 3, 3, 3, 3, 1, 3, 3]","[1, 1, 3, 1, 0, 3, 3, 3, 1, 0, 1, 3, 0, 3, 0, 1, 3, 1, 3, 3, 0, 0, 0, 3, 0, 1, 0, 3, 3, 3, 3, 1, 3, 3]",14,1.9267822736030829
Bundesliga,2021,Wolfsburg,"[3, 3, 3, 3, 1, 0, 0, 0, 0, 3, 3, 1, 0, 0, 0, 0, 0, 0, 1, 0, 3, 3, 0, 1, 3, 0, 0, 0, 3, 0, 3, 1, 3, 1]","[3, 3, 3, 3, 1, 0, 0, 0, 0, 3, 3, 1, 0, 0, 0, 0, 0, 0, 1, 0, 3, 3, 0, 1, 3, 0, 0, 0, 3, 0, 3, 1, 3, 1]",9,1.8656716417910448
Bundesliga,2022,Augsburg,"[0, 3, 0, 0, 0, 3, 3, 3, 1, 0, 1, 0, 0, 1, 0, 0, 3, 0, 3, 0, 3, 0, 3, 0, 1, 1, 0, 0, 1, 1, 3, 0, 0, 0]","[0, 3, 0, 0, 0, 3, 3, 3, 1, 0, 1, 0, 0, 1, 0, 0, 3, 0, 3, 0, 3, 0, 3, 0, 1, 1, 0, 0, 1, 1, 3, 0, 0, 0]",3,7.874015748031496
Bundesliga,2022,Bayern Munich,"[3, 3, 3, 1, 1, 1, 0, 3, 1, 3, 3, 3, 3, 3, 3, 1, 1, 1, 3, 3, 0, 3, 3, 3, 0, 3, 3, 1, 0, 3, 3, 3, 0, 3]","[3, 3, 3, 1, 1, 1, 0, 3, 1, 3, 3, 3, 3, 3, 3, 1, 1, 1, 3, 3, 0, 3, 3, 3, 0, 3, 3, 1, 0, 3, 3, 3, 0, 3]",2,3.0959752321981426
Bundesliga,2022,Bochum,"[0, 0, 0, 0, 0, 0, 1, 0, 3, 0, 3, 0, 0, 3, 3, 3, 0, 0, 3, 0, 0, 0, 0, 3, 3, 1, 0, 1, 0, 1, 0, 3, 1, 3]","[0, 0, 0, 0, 0, 0, 1, 0, 3, 0, 3, 0, 0, 3, 3, 3, 0, 0, 3, 0, 0, 0, 0, 3, 3, 1, 0, 1, 0, 1, 0, 3, 1, 3]",15,1.6863406408094435
Bundesliga,2022,Dortmund,"[3, 3, 0, 3, 3, 0, 3, 0, 1, 0, 3, 3, 3, 0, 0, 3, 3, 3, 3, 3, 3, 3, 3, 1, 3, 0, 3, 1, 3, 1, 3, 3, 3, 1]","[3, 3, 0, 3, 3, 0, 3, 0, 1, 0, 3, 3, 3, 0, 0, 3, 3, 3, 3, 3, 3, 3, 3, 1, 3, 0, 3, 1, 3, 1, 3, 3, 3, 1]",1,2.898550724637681
Bundesliga,2022,Ein Frankfurt,"[0, 1, 1, 3, 3, 0, 3, 3, 0, 3, 3, 0, 3, 3, 1, 3, 1, 1, 3, 0, 3, 0, 1, 1, 0, 1, 0, 1, 0, 1, 0, 3, 1, 3]","[0, 1, 1, 3, 3, 0, 3, 3, 0, 3, 3, 0, 3, 3, 1, 3, 1, 1, 3, 0, 3, 0, 1, 1, 0, 1, 0, 1, 0, 1, 0, 3, 1, 3]",13,27.77777777777778
Bundesliga,2022,FC Koln,"[3, 1, 1, 1, 3, 0, 1, 3, 0, 3, 0, 1, 0, 0, 0, 3, 1, 1, 1, 3, 0, 0, 1, 0, 0, 1, 3, 1, 3, 0, 3, 3, 1, 0]","[3, 1, 1, 1, 3, 0, 1, 3, 0, 3, 0, 1, 0, 0, 0, 3, 1, 1, 1, 3, 0, 0, 1, 0, 0, 1, 3, 1, 3, 0, 3, 3, 1, 0]",1,2.9069767441860463
Bundesliga,2022,Freiburg,"[3, 0, 3, 3, 3, 1, 1, 3, 1, 0, 3, 3, 3, 0, 3, 0, 1, 3, 0, 3, 3, 1, 1, 3, 1, 1, 0, 3, 3, 3, 0, 0, 3, 0]","[3, 0, 3, 3, 3, 1, 1, 3, 1, 0, 3, 3, 3, 0, 3, 0, 1, 3, 0, 3, 3, 1, 1, 3, 1, 1, 0, 3, 3, 3, 0, 0, 3, 0]",4,12.195121951219512
Bundesliga,2022,Hertha,"[0, 1, 0, 0, 3, 1, 1, 1, 1, 0, 3, 0, 0, 0, 3, 0, 0, 0, 0, 3, 0, 3, 0, 1, 0, 1, 0, 0, 0, 0, 3, 0, 1, 3]","[0, 1, 0, 0, 3, 1, 1, 1, 1, 0, 3, 0, 0, 0, 3, 0, 0, 0, 0, 3, 0, 3, 0, 1, 0, 1, 0, 0, 0, 0, 3, 0, 1, 3]",12,2.5641025641025643
Bundesliga,2022,Hoffenheim,"[0, 3, 3, 3, 0, 3, 1, 1, 0, 3, 0, 1, 0, 0, 0, 0, 1, 0, 0, 0, 0, 0, 0, 0, 3, 3, 3, 1, 0, 0, 3, 0, 3, 1]","[0, 3, 3, 3, 0, 3, 1, 1, 0, 3, 0, 1, 0, 0, 0, 0, 1, 0, 0, 0, 0, 0, 0, 0, 3, 3, 3, 1, 0, 0, 3, 0, 3, 1]",17,2.34192037470726
Bundesliga,2022,Leverkusen,"[0, 0, 0, 3, 0, 1, 1, 0, 3, 0, 1, 0, 3, 3, 3, 3, 3, 0, 0, 3, 0, 1, 3, 3, 3, 3, 3, 1, 3, 1, 0, 1, 1, 0]","[0, 0, 0, 3, 0, 1, 1, 0, 3, 0, 1, 0, 3, 3, 3, 3, 3, 0, 0, 3, 0, 1, 3, 3, 3, 3, 3, 1, 3, 1, 0, 1, 1, 0]",5,14.492753623188406
Bundesliga,2022,MGladbach,"[3, 1, 3, 1, 0, 1, 3, 0, 3, 1, 0, 0, 3, 0, 3, 0, 0, 3, 1, 0, 3, 0, 1, 0, 1, 1, 3, 1, 0, 0, 3, 0, 1, 3]","[3, 1, 3, 1, 0, 1, 3, 0, 3, 1, 0, 0, 3, 0, 3, 0, 0, 3, 1, 0, 3, 0, 1, 0, 1, 1, 3, 1, 0, 0, 3, 0, 1, 3]",13,3.4364261168384878
Bundesliga,2022,Mainz,"[3, 1, 3, 0, 3, 0, 1, 0, 1, 3, 3, 0, 0, 0, 1, 1, 0, 3, 0, 3, 3, 3, 3, 1, 1, 3, 1, 1, 3, 0, 0, 0, 0, 1]","[3, 1, 3, 0, 3, 0, 1, 0, 1, 3, 3, 0, 0, 0, 1, 1, 0, 3, 0, 3, 3, 3, 3, 1, 1, 3, 1, 1, 3, 0, 0, 0, 0, 1]",5,45.45454545454545
Bundesliga,2022,RB Leipzig,"[1, 1, 0, 3, 0, 3, 0, 3, 1, 3, 1, 3, 3, 3, 3, 1, 3, 3, 1, 0, 3, 3, 0, 3, 0, 0, 3, 3, 0, 3, 3, 3, 3, 3]","[1, 1, 0, 3, 0, 3, 0, 3, 1, 3, 1, 3, 3, 3, 3, 1, 3, 3, 1, 0, 3, 3, 0, 3, 0, 0, 3, 3, 0, 3, 3, 3, 3, 3]",16,1.9801980198019802
Bundesliga,2022,Schalke 04,"[0, 1, 1, 0, 1, 3, 0, 0, 0, 0, 0, 0, 0, 3, 0, 0, 0, 1, 1, 1, 1, 3, 3, 1, 1, 0, 0, 3, 0, 3, 3, 0, 1, 0]","[0, 1, 1, 0, 1, 3, 0, 0, 0, 0, 0, 0, 0, 3, 0, 0, 0, 1, 1, 1, 1, 3, 3, 1, 1, 0, 0, 3, 0, 3, 3, 0, 1, 0]",3,2.985074626865672
Bundesliga,2022,Stuttgart,"[1, 1, 0, 1, 1, 1, 0, 0, 0, 3, 0, 3, 0, 3, 0, 1, 1, 0, 0, 0, 3, 0, 0, 1, 0, 0, 3, 1, 1, 3, 0, 1, 3, 1]","[1, 1, 0, 1, 1, 1, 0, 0, 0, 3, 0, 3, 0, 3, 0, 1, 1, 0, 0, 0, 3, 0, 0, 1, 0, 0, 3, 1, 1, 3, 0, 1, 3, 1]",17,1.6051364365971108
Bundesliga,2022,Union Berlin,"[3, 1, 3, 3, 1, 3, 3, 0, 3, 3, 0, 3, 0, 1, 0, 3, 3, 3, 3, 3, 1, 0, 1, 1, 3, 3, 0, 1, 3, 1, 0, 3, 0, 3]","[3, 1, 3, 3, 1, 3, 3, 0, 3, 3, 0, 3, 0, 1, 0, 3, 3, 3, 3, 3, 1, 0, 1, 1, 3, 3, 0, 1, 3, 1, 0, 3, 0, 3]",14,11.904761904761905
Bundesliga,2022,Werder Bremen,"[1, 1, 3, 0, 3, 0, 1, 3, 3, 0, 0, 3, 3, 0, 0, 0, 0, 3, 3, 0, 0, 3, 0, 0, 1, 0, 1, 0, 3, 0, 0, 0, 1, 0]","[1, 1, 3, 0, 3, 0, 1, 3, 3, 0, 0, 3, 3, 0, 0, 0, 0, 3, 3, 0, 0, 3, 0, 0, 1, 0, 1, 0, 3, 0, 0, 0, 1, 0]",12,21.73913043478261
Bundesliga,2022,Wolfsburg,"[1, 0, 1, 0, 0, 3, 0, 3, 1, 1, 1, 3, 3, 3, 3, 3, 3, 0, 0, 1, 0, 3, 1, 1, 3, 1, 0, 1, 3, 3, 0, 3, 0, 0]","[1, 0, 1, 0, 0, 3, 0, 3, 1, 1, 1, 3, 3, 3, 3, 3, 3, 0, 0, 1, 0, 3, 1, 1, 3, 1, 0, 1, 3, 3, 0, 3, 0, 0]",2,9.900990099009901
Bundesliga,2023,Augsburg,"[1, 0, 1, 0, 3, 0, 0, 3, 3, 1, 1, 1, 3, 0, 1, 0, 0, 3, 0, 1, 1, 0, 3, 3, 3, 3, 1, 0, 3, 0, 0, 0, 0, 0]","[1, 0, 1, 0, 3, 0, 0, 3, 3, 1, 1, 1, 3, 0, 1, 0, 0, 3, 0, 1, 1, 0, 3, 3, 3, 3, 1, 0, 3, 0, 0, 0, 0, 0]",5,87.33624454148472
Bundesliga,2023,Bayern Munich,"[3, 3, 3, 1, 3, 1, 3, 3, 3, 3, 3, 3, 0, 3, 3, 3, 0, 3, 3, 3, 0, 0, 3, 1, 3, 3, 0, 0, 3, 3, 3, 0, 3, 0]","[3, 3, 3, 1, 3, 1, 3, 3, 3, 3, 3, 3, 0, 3, 3, 3, 0, 3, 3, 3, 0, 0, 3, 1, 3, 3, 0, 0, 3, 3, 3, 0, 3, 0]",14,31.25
Bundesliga,2023,Bochum,"[0, 1, 1, 1, 0, 0, 1, 0, 1, 3, 1, 1, 3, 0, 3, 0, 1, 3, 0, 1, 1, 3, 0, 0, 0, 0, 1, 0, 1, 0, 3, 3, 0, 0]","[0, 1, 1, 1, 0, 0, 1, 0, 1, 3, 1, 1, 3, 0, 3, 0, 1, 3, 0, 1, 1, 3, 0, 0, 0, 0, 1, 0, 1, 0, 3, 3, 0, 0]",12,5.555555555555555
Bundesliga,2023,Darmstadt,"[0, 0, 0, 1, 0, 3, 3, 0, 0, 0, 1, 1, 0, 0, 0, 1, 0, 1, 0, 0, 1, 0, 1, 0, 0, 0, 1, 0, 0, 3, 0, 0, 0, 0]","[0, 0, 0, 1, 0, 3, 3, 0, 0, 0, 1, 1, 0, 0, 0, 1, 0, 1, 0, 0, 1, 0, 1, 0, 0, 0, 1, 0, 0, 3, 0, 0, 0, 0]",4,5.181347150259067
Bundesliga,2023,Dortmund,"[3, 1, 1, 3, 3, 3, 3, 3, 1, 0, 0, 3, 1, 0, 1, 1, 3, 3, 3, 1, 3, 1, 0, 3, 3, 3, 3, 0, 3, 1, 0, 3, 0, 3]","[3, 1, 1, 3, 3, 3, 3, 3, 1, 0, 0, 3, 1, 0, 1, 1, 3, 3, 3, 1, 3, 1, 0, 3, 3, 3, 3, 0, 3, 1, 0, 3, 0, 3]",7,5.0
Bundesliga,2023,Ein Frankfurt,"[3, 1, 1, 1, 1, 0, 3, 3, 1, 3, 1, 0, 0, 3, 0, 3, 3, 1, 3, 0, 1, 1, 1, 3, 3, 0, 1, 1, 0, 3, 0, 0, 1, 1]","[3, 1, 1, 1, 1, 0, 3, 3, 1, 3, 1, 0, 0, 3, 0, 3, 3, 1, 3, 0, 1, 1, 1, 3, 3, 0, 1, 1, 0, 3, 0, 0, 1, 1]",9,17.24137931034483
Bundesliga,2023,FC Koln,"[0, 0, 1, 0, 0, 0, 0, 3, 0, 1, 1, 0, 3, 1, 0, 0, 1, 0, 1, 3, 1, 0, 1, 0, 1, 0, 1, 3, 0, 0, 1, 1, 3, 0]","[0, 0, 1, 0, 0, 0, 0, 3, 0, 1, 1, 0, 3, 1, 0, 0, 1, 0, 1, 3, 1, 0, 1, 0, 1, 0, 1, 3, 0, 0, 1, 1, 3, 0]",1,2.0491803278688523
Bundesliga,2023,Freiburg,"[3, 3, 0, 0, 1, 3, 0, 3, 0, 1, 0, 1, 3, 3, 3, 0, 1, 3, 0, 0, 0, 1, 0, 1, 3, 0, 3, 0, 3, 1, 0, 1, 1, 0]","[3, 3, 0, 0, 1, 3, 0, 3, 0, 1, 0, 1, 3, 3, 3, 0, 1, 3, 0, 0, 0, 1, 0, 1, 3, 0, 3, 0, 3, 1, 0, 1, 1, 0]",16,10.416666666666666
Bundesliga,2023,Heidenheim,"[0, 0, 1, 3, 0, 3, 0, 0, 0, 3, 0, 1, 0, 3, 3, 3, 1, 1, 1, 1, 3, 0, 1, 0, 0, 1, 1, 3, 1, 0, 3, 1, 1, 3]","[0, 0, 1, 3, 0, 3, 0, 0, 0, 3, 0, 1, 0, 3, 3, 3, 1, 1, 1, 1, 3, 0, 1, 0, 0, 1, 1, 3, 1, 0, 3, 1, 1, 3]",13,2.2988505747126435
Bundesliga,2023,Hoffenheim,"[0, 3, 3, 3, 3, 0, 3, 0, 3, 0, 1, 1, 0, 3, 0, 1, 0, 0, 1, 1, 1, 0, 3, 3, 0, 0, 0, 3, 0, 3, 0, 1, 3, 3]","[0, 3, 3, 3, 3, 0, 3, 0, 3, 0, 1, 1, 0, 3, 0, 1, 0, 0, 1, 1, 1, 0, 3, 3, 0, 0, 0, 3, 0, 3, 0, 1, 3, 3]",17,2.2172949002217295
Bundesliga,2023,Leverkusen,"[3, 3, 3, 1, 3, 3, 3, 3, 3, 3, 3, 3, 1, 1, 3, 3, 3, 3, 1, 3, 3, 3, 3, 3, 3, 3, 3, 3, 3, 1, 1, 3, 3, 3]","[3, 3, 3, 1, 3, 3, 3, 3, 3, 3, 3, 3, 1, 1, 3, 3, 3, 3, 1, 3, 3, 3, 3, 3, 3, 3, 3, 3, 3, 1, 1, 3, 3, 3]",5,4.901960784313726
Bundesliga,2023,MGladbach,"[1, 0, 0, 1, 0, 3, 1, 0, 3, 1, 3, 0, 3, 0, 1, 0, 3, 0, 1, 0, 1, 0, 3, 1, 1, 1, 0, 3, 0, 0, 1, 1, 1, 0]","[1, 0, 0, 1, 0, 3, 1, 0, 3, 1, 3, 0, 3, 0, 1, 0, 3, 0, 1, 0, 1, 0, 3, 1, 1, 1, 0, 3, 0, 0, 1, 1, 1, 0]",6,5.9171597633136095
Bundesliga,2023,Mainz,"[0, 1, 0, 0, 0, 0, 1, 0, 1, 3, 1, 1, 0, 1, 0, 1, 1, 0, 0, 1, 0, 3, 0, 1, 0, 3, 1, 3, 3, 1, 1, 1, 3, 3]","[0, 1, 0, 0, 0, 0, 1, 0, 1, 3, 1, 1, 0, 1, 0, 1, 1, 0, 0, 1, 0, 3, 0, 1, 0, 3, 1, 3, 3, 1, 1, 1, 3, 3]",5,1.037344398340249
Bundesliga,2023,RB Leipzig,"[0, 3, 3, 3, 3, 1, 1, 3, 3, 0, 3, 0, 3, 3, 3, 1, 0, 0, 0, 3, 1, 3, 0, 3, 3, 3, 1, 3, 3, 3, 3, 1, 1, 1]","[0, 3, 3, 3, 3, 1, 1, 3, 3, 0, 3, 0, 3, 3, 3, 1, 0, 0, 0, 3, 1, 3, 0, 3, 3, 3, 1, 3, 3, 3, 3, 1, 1, 1]",3,5.9523809523809526
Bundesliga,2023,Stuttgart,"[3, 0, 3, 3, 3, 3, 3, 3, 0, 0, 3, 3, 3, 1, 0, 3, 0, 0, 3, 3, 3, 3, 1, 3, 3, 3, 1, 3, 3, 0, 1, 3, 3, 3]","[3, 0, 3, 3, 3, 3, 3, 3, 0, 0, 3, 3, 3, 1, 0, 3, 0, 0, 3, 3, 3, 3, 1, 3, 3, 3, 1, 3, 3, 0, 1, 3, 3, 3]",5,1.9646365422396856
Bundesliga,2023,Union Berlin,"[3, 3, 0, 0, 0, 0, 0, 0, 0, 0, 0, 1, 3, 0, 3, 1, 0, 3, 0, 1, 3, 3, 1, 0, 0, 3, 1, 0, 0, 0, 1, 0, 0, 3]","[3, 3, 0, 0, 0, 0, 0, 0, 0, 0, 0, 1, 3, 0, 3, 1, 0, 3, 0, 1, 3, 3, 1, 0, 0, 3, 1, 0, 0, 0, 1, 0, 0, 3]",8,4.065040650406504
Bundesliga,2023,Werder Bremen,"[0, 0, 3, 0, 3, 0, 0, 0, 3, 1, 1, 0, 0, 3, 1, 1, 1, 3, 3, 3, 0, 3, 1, 0, 0, 0, 0, 1, 0, 3, 3, 1, 1, 3]","[0, 0, 3, 0, 3, 0, 0, 0, 3, 1, 1, 0, 0, 3, 1, 1, 1, 3, 3, 3, 0, 3, 1, 0, 0, 0, 0, 1, 0, 3, 3, 1, 1, 3]",12,2.816901408450704
Bundesliga,2023,Wolfsburg,"[3, 3, 0, 3, 0, 3, 0, 0, 0, 1, 0, 3, 0, 0, 3, 0, 1, 1, 1, 1, 0, 1, 1, 0, 0, 0, 3, 0, 0, 3, 3, 3, 0, 0]","[3, 3, 0, 3, 0, 3, 0, 0, 0, 1, 0, 3, 0, 0, 3, 0, 1, 1, 1, 1, 0, 1, 1, 0, 0, 0, 3, 0, 0, 3, 3, 3, 0, 0]",2,4.11522633744856
Bundesliga,2024,Augsburg,"[1, 0, 3, 0, 0, 3, 0, 3, 1, 1, 0, 3, 1, 0, 0, 0, 3, 3, 3, 1, 1, 1, 3, 1, 3, 3, 1, 0, 3, 1, 0, 0, 0, 0]","[1, 0, 3, 0, 0, 3, 0, 3, 1, 1, 0, 3, 1, 0, 0, 0, 3, 3, 3, 1, 1, 1, 3, 1, 3, 3, 1, 0, 3, 1, 0, 0, 0, 0]",4,66.35700066357
Bundesliga,2024,Bayern Munich,"[3, 3, 3, 3, 1, 1, 3, 3, 3, 3, 3, 1, 3, 0, 3, 3, 3, 3, 3, 3, 3, 1, 3, 3, 0, 1, 3, 3, 1, 3, 3, 1, 3, 3]","[3, 3, 3, 3, 1, 1, 3, 3, 3, 3, 3, 1, 3, 0, 3, 3, 3, 3, 3, 3, 3, 1, 3, 3, 0, 1, 3, 3, 1, 3, 3, 1, 3, 3]",13,6.329113924050633
Bundesliga,2024,Bochum,"[0, 0, 0, 1, 0, 0, 0, 0, 0, 1, 0, 0, 0, 1, 3, 0, 3, 1, 0, 0, 1, 3, 1, 0, 3, 0, 0, 0, 0, 0, 1, 1, 0, 3]","[0, 0, 0, 1, 0, 0, 0, 0, 0, 1, 0, 0, 0, 1, 3, 0, 3, 1, 0, 0, 1, 3, 1, 0, 3, 0, 0, 0, 0, 0, 1, 1, 0, 3]",9,2.450980392156863
Bundesliga,2024,Dortmund,"[3, 1, 3, 0, 3, 0, 3, 0, 3, 0, 3, 1, 1, 1, 3, 0, 0, 0, 1, 3, 0, 0, 3, 3, 0, 0, 3, 3, 1, 3, 3, 3, 3, 3]","[3, 1, 3, 0, 3, 0, 3, 0, 3, 0, 3, 1, 1, 1, 3, 0, 0, 0, 1, 3, 0, 0, 3, 3, 0, 0, 3, 3, 1, 3, 3, 3, 3, 3]",17,1.1848341232227488
Bundesliga,2024,Ein Frankfurt,"[0, 3, 3, 3, 3, 1, 0, 1, 3, 3, 3, 3, 1, 0, 0, 3, 3, 3, 1, 1, 1, 3, 0, 0, 0, 3, 3, 0, 3, 1, 3, 1, 1, 3]","[0, 3, 3, 3, 3, 1, 0, 1, 3, 3, 3, 3, 1, 0, 0, 3, 3, 3, 1, 1, 1, 3, 0, 0, 0, 3, 3, 0, 3, 1, 3, 1, 1, 3]",16,5.649717514124294
Bundesliga,2024,Freiburg,"[3, 0, 3, 3, 0, 3, 3, 0, 1, 1, 0, 3, 1, 3, 0, 3, 0, 0, 0, 3, 3, 3, 3, 1, 1, 1, 0, 0, 3, 3, 3, 1, 3, 0]","[3, 0, 3, 3, 0, 3, 3, 0, 1, 1, 0, 3, 1, 3, 0, 3, 0, 0, 0, 3, 3, 3, 3, 1, 1, 1, 0, 0, 3, 3, 3, 1, 3, 0]",1,3.0120481927710845
Bundesliga,2024,Heidenheim,"[3, 3, 0, 0, 3, 0, 0, 1, 0, 0, 0, 0, 0, 0, 0, 3, 1, 0, 0, 0, 0, 0, 1, 0, 1, 3, 3, 0, 0, 0, 3, 1, 3, 0]","[3, 3, 0, 0, 3, 0, 0, 1, 0, 0, 0, 0, 0, 0, 0, 3, 1, 0, 0, 0, 0, 0, 1, 0, 1, 3, 3, 0, 0, 0, 3, 1, 3, 0]",17,1.6103059581320451
Bundesliga,2024,Hoffenheim,"[3, 0, 0, 0, 0, 1, 3, 1, 0, 1, 3, 0, 1, 1, 0, 0, 0, 3, 1, 0, 0, 3, 1, 3, 1, 0, 1, 0, 3, 0, 0, 1, 1, 0]","[3, 0, 0, 0, 0, 1, 3, 1, 0, 1, 3, 0, 1, 1, 0, 0, 0, 3, 1, 0, 0, 3, 1, 3, 1, 0, 1, 0, 3, 0, 0, 1, 1, 0]",5,5.181347150259067
Bundesliga,2024,Holstein Kiel,"[0, 0, 0, 1, 0, 1, 0, 0, 3, 0, 0, 0, 0, 0, 3, 0, 3, 0, 1, 0, 1, 0, 0, 3, 1, 0, 0, 1, 0, 1, 3, 3, 0, 0]","[0, 0, 0, 1, 0, 1, 0, 0, 3, 0, 0, 0, 0, 0, 3, 0, 3, 0, 1, 0, 1, 0, 0, 3, 1, 0, 0, 1, 0, 1, 3, 3, 0, 0]",2,2.985074626865672
Bundesliga,2024,Leverkusen,"[3, 0, 3, 3, 1, 1, 3, 1, 1, 1, 3, 3, 3, 3, 3, 3, 3, 3, 1, 3, 1, 1, 3, 3, 0, 3, 3, 3, 1, 1, 3, 1, 0, 1]","[3, 0, 3, 3, 1, 1, 3, 1, 1, 1, 3, 3, 3, 3, 3, 3, 3, 3, 1, 3, 1, 1, 3, 3, 0, 3, 3, 3, 1, 1, 3, 1, 0, 1]",6,31.25
Bundesliga,2024,MGladbach,"[0, 0, 0, 3, 3, 1, 3, 0, 3, 0, 3, 3, 1, 0, 0, 0, 1, 0, 0, 0, 3, 0, 0, 3, 0, 3, 1, 3, 1, 3, 0, 1, 3, 3]","[0, 0, 0, 3, 3, 1, 3, 0, 3, 0, 3, 3, 1, 0, 0, 0, 1, 0, 0, 0, 3, 0, 0, 3, 0, 3, 1, 3, 1, 3, 0, 1, 3, 3]",17,1.5337423312883436
Bundesliga,2024,Mainz,"[1, 1, 0, 3, 0, 3, 0, 1, 1, 3, 3, 3, 0, 3, 3, 3, 0, 0, 3, 0, 1, 3, 3, 3, 3, 1, 0, 1, 0, 1, 0, 1, 3, 1]","[1, 1, 0, 3, 0, 3, 0, 1, 1, 3, 3, 3, 0, 3, 3, 3, 0, 0, 3, 0, 1, 3, 3, 3, 3, 1, 0, 1, 0, 1, 0, 1, 3, 1]",9,17.24137931034483
Bundesliga,2024,RB Leipzig,"[3, 3, 1, 1, 3, 3, 3, 3, 0, 1, 0, 0, 3, 3, 0, 3, 0, 1, 1, 1, 3, 1, 1, 0, 1, 3, 0, 3, 3, 1, 0, 1, 1, 0]","[3, 3, 1, 1, 3, 3, 3, 3, 0, 1, 0, 0, 3, 3, 0, 3, 0, 1, 1, 1, 3, 1, 1, 0, 1, 3, 0, 3, 3, 1, 0, 1, 1, 0]",5,14.285714285714286
Bundesliga,2024,St Pauli,"[0, 0, 0, 1, 3, 0, 0, 1, 3, 0, 0, 3, 0, 0, 3, 0, 0, 3, 3, 1, 0, 0, 0, 0, 1, 3, 0, 1, 3, 1, 1, 0, 1, 0]","[0, 0, 0, 1, 3, 0, 0, 1, 3, 0, 0, 3, 0, 0, 3, 0, 0, 3, 3, 1, 0, 0, 0, 0, 1, 3, 0, 1, 3, 1, 1, 0, 1, 0]",14,3.225806451612903
Bundesliga,2024,Stuttgart,"[0, 1, 3, 3, 1, 1, 0, 3, 1, 0, 3, 1, 3, 3, 0, 3, 3, 3, 0, 0, 3, 0, 1, 0, 1, 0, 0, 3, 0, 1, 0, 3, 3, 3]","[0, 1, 3, 3, 1, 1, 0, 3, 1, 0, 3, 1, 3, 3, 0, 3, 3, 3, 0, 0, 3, 0, 1, 0, 1, 0, 0, 3, 0, 1, 0, 3, 3, 3]",16,9.523809523809524
Bundesliga,2024,Union Berlin,"[1, 3, 1, 3, 0, 3, 3, 1, 0, 1, 0, 0, 0, 1, 0, 0, 0, 3, 0, 1, 3, 0, 0, 0, 3, 1, 3, 3, 1, 1, 1, 1, 0, 3]","[1, 3, 1, 3, 0, 3, 3, 1, 0, 1, 0, 0, 0, 1, 0, 0, 0, 3, 0, 1, 3, 0, 0, 0, 3, 1, 3, 3, 1, 1, 1, 1, 0, 3]",6,1.9193857965451055
Bundesliga,2024,Werder Bremen,"[1, 1, 3, 0, 3, 0, 3, 1, 0, 3, 0, 1, 3, 3, 3, 0, 1, 0, 1, 3, 0, 0, 0, 0, 3, 0, 3, 3, 3, 3, 1, 1, 1, 3]","[1, 1, 3, 0, 3, 0, 3, 1, 0, 3, 0, 1, 3, 3, 3, 0, 1, 0, 1, 3, 0, 0, 0, 0, 3, 0, 3, 3, 3, 3, 1, 1, 1, 3]",17,1.9607843137254901
Bundesliga,2024,Wolfsburg,"[0, 3, 0, 0, 1, 3, 0, 1, 1, 3, 3, 3, 3, 0, 0, 3, 3, 0, 1, 1, 1, 3, 1, 3, 1, 0, 0, 0, 0, 1, 0, 0, 1, 3]","[0, 3, 0, 0, 1, 3, 0, 1, 1, 3, 3, 3, 3, 0, 0, 3, 3, 0, 1, 1, 1, 3, 1, 3, 1, 0, 0, 0, 0, 1, 0, 0, 1, 3]",9,41.666666666666664
Premier_League,2000,Arsenal,"[0, 3, 3, 1, 1, 3, 1, 3, 3, 3, 3, 3, 1, 0, 0, 3, 3, 1, 0, 3, 1, 0, 1, 1, 3, 3, 3, 0, 3, 1, 3, 3, 0, 3, 3, 3, 1, 0]","[0, 3, 3, 1, 1, 3, 1, 3, 3, 3, 3, 3, 1, 0, 0, 3, 3, 1, 0, 3, 1, 0, 1, 1, 3, 3, 3, 0, 3, 1, 3, 3, 0, 3, 3, 3, 1, 0]",2,6.211180124223603
Premier_League,2000,Aston Villa,"[1, 1, 0, 3, 3, 1, 3, 0, 1, 3, 3, 3, 0, 1, 1, 1, 1, 3, 0, 0, 0, 0, 0, 3, 1, 0, 1, 3, 1, 3, 3, 1, 3, 1, 1, 1, 3, 0]","[1, 1, 0, 3, 3, 1, 3, 0, 1, 3, 3, 3, 0, 1, 1, 1, 1, 3, 0, 0, 0, 0, 0, 3, 1, 0, 1, 3, 1, 3, 3, 1, 3, 1, 1, 1, 3, 0]",1,3.787878787878788
Premier_League,2000,Bradford,"[0, 3, 1, 0, 1, 0, 0, 1, 0, 0, 1, 0, 0, 0, 1, 3, 1, 0, 0, 0, 3, 0, 1, 0, 0, 0, 0, 0, 1, 1, 0, 3, 3, 0, 0, 1, 0, 1]","[0, 3, 1, 0, 1, 0, 0, 1, 0, 0, 1, 0, 0, 0, 1, 3, 1, 0, 0, 0, 3, 0, 1, 0, 0, 0, 0, 0, 1, 1, 0, 3, 3, 0, 0, 1, 0, 1]",5,2.6041666666666665
Premier_League,2000,Charlton,"[3, 0, 0, 1, 1, 3, 3, 1, 0, 3, 0, 3, 0, 3, 0, 0, 1, 0, 3, 0, 3, 3, 1, 1, 3, 1, 3, 1, 1, 0, 3, 0, 0, 1, 3, 3, 0, 0]","[3, 0, 0, 1, 1, 3, 3, 1, 0, 3, 0, 3, 0, 3, 0, 0, 1, 0, 3, 0, 3, 3, 1, 1, 3, 1, 3, 1, 1, 0, 3, 0, 0, 1, 3, 3, 0, 0]",2,8.0
Premier_League,2000,Chelsea,"[3, 0, 1, 1, 1, 0, 1, 3, 0, 3, 3, 0, 1, 0, 0, 3, 3, 0, 3, 1, 3, 1, 3, 3, 0, 1, 1, 3, 0, 3, 3, 3, 3, 0, 0, 3, 1, 3]","[3, 0, 1, 1, 1, 0, 1, 3, 0, 3, 3, 0, 1, 0, 0, 3, 3, 0, 3, 1, 3, 1, 3, 3, 0, 1, 1, 3, 0, 3, 3, 3, 3, 0, 0, 3, 1, 3]",5,2.3094688221709005
Premier_League,2000,Coventry,"[0, 3, 3, 0, 1, 0, 0, 1, 3, 0, 0, 0, 0, 0, 1, 0, 3, 0, 1, 3, 1, 1, 0, 0, 0, 0, 1, 1, 1, 0, 3, 3, 0, 3, 0, 0, 0, 1]","[0, 3, 3, 0, 1, 0, 0, 1, 3, 0, 0, 0, 0, 0, 1, 0, 3, 0, 1, 3, 1, 1, 0, 0, 0, 0, 1, 1, 1, 0, 3, 3, 0, 3, 0, 0, 0, 1]",4,4.8076923076923075
Premier_League,2000,Derby,"[1, 0, 1, 1, 1, 0, 1, 0, 0, 0, 0, 1, 1, 3, 0, 3, 0, 3, 3, 1, 0, 3, 0, 1, 0, 3, 1, 3, 3, 1, 0, 0, 0, 3, 0, 0, 3, 1]","[1, 0, 1, 1, 1, 0, 1, 0, 0, 0, 0, 1, 1, 3, 0, 3, 0, 3, 3, 1, 0, 3, 0, 1, 0, 3, 1, 3, 3, 1, 0, 0, 0, 3, 0, 0, 3, 1]",8,3.1446540880503147
Premier_League,2000,Everton,"[0, 3, 1, 0, 3, 0, 1, 0, 1, 3, 0, 0, 3, 3, 3, 0, 0, 1, 0, 0, 0, 1, 3, 1, 0, 1, 3, 0, 1, 0, 3, 3, 0, 0, 0, 3, 0, 1]","[0, 3, 1, 0, 3, 0, 1, 0, 1, 3, 0, 0, 3, 3, 3, 0, 0, 1, 0, 0, 0, 1, 3, 1, 0, 1, 3, 0, 1, 0, 3, 3, 0, 0, 0, 3, 0, 1]",6,4.566210045662101
Premier_League,2000,Ipswich,"[0, 1, 3, 0, 0, 3, 1, 3, 1, 3, 3, 0, 3, 3, 3, 0, 3, 3, 0, 1, 3, 0, 3, 0, 0, 0, 3, 3, 0, 3, 3, 1, 3, 3, 3, 0, 3, 1]","[0, 1, 3, 0, 0, 3, 1, 3, 1, 3, 3, 0, 3, 3, 3, 0, 3, 3, 0, 1, 3, 0, 3, 0, 0, 0, 3, 3, 0, 3, 3, 1, 3, 3, 3, 0, 3, 1]",3,2.544529262086514
Premier_League,2000,Leeds,"[3, 3, 0, 1, 0, 1, 3, 3, 0, 1, 3, 1, 0, 3, 0, 0, 3, 0, 0, 1, 3, 0, 3, 3, 3, 1, 1, 3, 1, 3, 3, 3, 3, 3, 3, 0, 3, 3]","[3, 3, 0, 1, 0, 1, 3, 3, 0, 1, 3, 1, 0, 3, 0, 0, 3, 0, 0, 1, 3, 0, 3, 3, 3, 1, 1, 3, 1, 3, 3, 3, 3, 3, 3, 0, 3, 3]",3,1.4265335235378032
Premier_League,2000,Leicester,"[1, 3, 1, 3, 3, 3, 1, 1, 0, 0, 3, 3, 1, 3, 0, 3, 0, 3, 3, 0, 0, 0, 1, 0, 3, 0, 3, 3, 0, 0, 0, 0, 0, 0, 0, 0, 3, 0]","[1, 3, 1, 3, 3, 3, 1, 1, 0, 0, 3, 3, 1, 3, 0, 3, 0, 3, 3, 0, 0, 0, 1, 0, 3, 0, 3, 3, 0, 0, 0, 0, 0, 0, 0, 0, 3, 0]",10,188.67924528301887
Premier_League,2000,Liverpool,"[3, 0, 1, 3, 3, 1, 1, 0, 3, 3, 3, 0, 3, 0, 0, 3, 0, 3, 3, 0, 3, 3, 1, 1, 3, 1, 0, 1, 3, 1, 0, 3, 3, 3, 3, 3, 1, 3]","[3, 0, 1, 3, 3, 1, 1, 0, 3, 3, 3, 0, 3, 0, 0, 3, 0, 3, 3, 0, 3, 3, 1, 1, 3, 1, 0, 1, 3, 1, 0, 3, 3, 3, 3, 3, 1, 3]",16,1.6103059581320451
Premier_League,2000,Man City,"[0, 3, 0, 3, 0, 1, 1, 0, 3, 3, 0, 0, 0, 0, 0, 0, 3, 1, 0, 1, 0, 1, 0, 1, 1, 1, 0, 3, 0, 1, 0, 0, 0, 3, 1, 3, 0, 0]","[0, 3, 0, 3, 0, 1, 1, 0, 3, 3, 0, 0, 0, 0, 0, 0, 3, 1, 0, 1, 0, 1, 0, 1, 1, 1, 0, 3, 0, 1, 0, 0, 0, 3, 1, 3, 0, 0]",2,3.787878787878788
Premier_League,2000,Man United,"[3, 1, 1, 3, 3, 3, 1, 0, 3, 3, 3, 3, 3, 3, 3, 3, 1, 0, 3, 3, 1, 3, 3, 3, 3, 3, 1, 3, 1, 3, 0, 3, 3, 1, 3, 0, 0, 0]","[3, 1, 1, 3, 3, 3, 1, 0, 3, 3, 3, 3, 3, 3, 3, 3, 1, 0, 3, 3, 1, 3, 3, 3, 3, 3, 1, 3, 1, 3, 0, 3, 3, 1, 3, 0, 0, 0]",3,416.6666666666667
Premier_League,2000,Middlesbrough,"[3, 1, 0, 1, 0, 1, 1, 3, 0, 0, 0, 0, 0, 0, 1, 0, 0, 3, 1, 3, 1, 1, 3, 1, 1, 1, 1, 0, 1, 3, 0, 1, 3, 0, 3, 0, 1, 3]","[3, 1, 0, 1, 0, 1, 1, 3, 0, 0, 0, 0, 0, 0, 1, 0, 0, 3, 1, 3, 1, 1, 3, 1, 1, 1, 1, 0, 1, 3, 0, 1, 3, 0, 3, 0, 1, 3]",3,1.2987012987012987
Premier_League,2000,Newcastle,"[0, 3, 3, 3, 1, 0, 0, 3, 3, 0, 0, 3, 1, 0, 3, 1, 0, 3, 0, 3, 1, 0, 3, 3, 0, 0, 0, 1, 0, 1, 0, 3, 1, 3, 1, 0, 1, 3]","[0, 3, 3, 3, 1, 0, 0, 3, 3, 0, 0, 3, 1, 0, 3, 1, 0, 3, 0, 3, 1, 0, 3, 3, 0, 0, 0, 1, 0, 1, 0, 3, 1, 3, 1, 0, 1, 3]",14,7.751937984496124
Premier_League,2000,Southampton,"[1, 0, 1, 1, 0, 3, 3, 0, 1, 0, 0, 3, 1, 3, 0, 0, 3, 0, 1, 3, 3, 0, 1, 1, 3, 3, 3, 3, 3, 0, 0, 0, 1, 0, 1, 0, 3, 3]","[1, 0, 1, 1, 0, 3, 3, 0, 1, 0, 0, 3, 1, 3, 0, 0, 3, 0, 1, 3, 3, 0, 1, 1, 3, 3, 3, 3, 3, 0, 0, 0, 1, 0, 1, 0, 3, 3]",9,7.194244604316546
Premier_League,2000,Sunderland,"[3, 0, 0, 1, 0, 3, 1, 1, 3, 1, 3, 0, 1, 3, 3, 3, 3, 0, 3, 3, 1, 3, 3, 1, 0, 0, 1, 0, 1, 3, 0, 1, 0, 0, 1, 3, 3, 1]","[3, 0, 0, 1, 0, 3, 1, 1, 3, 1, 3, 0, 1, 3, 3, 3, 3, 0, 3, 3, 1, 3, 3, 1, 0, 0, 1, 0, 1, 3, 0, 1, 0, 0, 1, 3, 3, 1]",15,29.41176470588235
Premier_League,2000,Tottenham,"[3, 1, 0, 3, 3, 0, 1, 0, 0, 3, 0, 3, 0, 3, 3, 0, 1, 1, 1, 0, 0, 3, 1, 1, 1, 1, 3, 0, 0, 3, 0, 3, 3, 0, 0, 1, 0, 3]","[3, 1, 0, 3, 3, 0, 1, 0, 0, 3, 0, 3, 0, 3, 3, 0, 1, 1, 1, 0, 0, 3, 1, 1, 1, 1, 3, 0, 0, 3, 0, 3, 3, 0, 0, 1, 0, 3]",5,4.237288135593221
Premier_League,2000,West Ham,"[0, 0, 1, 1, 0, 1, 3, 1, 1, 0, 3, 1, 3, 3, 3, 3, 1, 1, 0, 3, 0, 0, 1, 1, 0, 1, 3, 0, 0, 0, 0, 1, 3, 0, 0, 0, 3, 0]","[0, 0, 1, 1, 0, 1, 3, 1, 1, 0, 3, 1, 3, 3, 3, 3, 1, 1, 0, 3, 0, 0, 1, 1, 0, 1, 3, 0, 0, 0, 0, 1, 3, 0, 0, 0, 3, 0]",18,23.80952380952381
Premier_League,2001,Arsenal,"[3, 0, 3, 1, 3, 1, 3, 3, 1, 1, 0, 1, 3, 3, 3, 1, 0, 3, 3, 3, 1, 1, 3, 3, 1, 3, 3, 3, 3, 3, 3, 3, 3, 3, 3, 3, 3, 3]","[3, 0, 3, 1, 3, 1, 3, 3, 1, 1, 0, 1, 3, 3, 3, 1, 0, 3, 3, 3, 1, 1, 3, 3, 1, 3, 3, 3, 3, 3, 3, 3, 3, 3, 3, 3, 3, 3]",18,1.0131712259371835
Premier_League,2001,Aston Villa,"[1, 1, 3, 1, 3, 3, 3, 0, 3, 3, 0, 1, 1, 0, 1, 0, 3, 0, 0, 1, 1, 3, 3, 1, 1, 1, 0, 3, 0, 0, 1, 0, 1, 0, 0, 1, 3, 3]","[1, 1, 3, 1, 3, 3, 3, 0, 3, 3, 0, 1, 1, 0, 1, 0, 3, 0, 0, 1, 1, 3, 3, 1, 1, 1, 0, 3, 0, 0, 1, 0, 1, 0, 0, 1, 3, 3]",15,6.896551724137931
Premier_League,2001,Blackburn,"[0, 1, 3, 0, 1, 1, 3, 0, 3, 1, 1, 3, 1, 1, 0, 0, 0, 3, 0, 0, 0, 3, 0, 0, 0, 0, 1, 3, 3, 0, 0, 3, 1, 3, 1, 3, 0, 3]","[0, 1, 3, 0, 1, 1, 3, 0, 3, 1, 1, 3, 1, 1, 0, 0, 0, 3, 0, 0, 0, 3, 0, 0, 0, 0, 1, 3, 3, 0, 0, 3, 1, 3, 1, 3, 0, 3]",19,1.5432098765432098
Premier_League,2001,Bolton,"[3, 3, 3, 1, 0, 1, 1, 0, 0, 3, 0, 1, 3, 1, 0, 0, 1, 0, 0, 1, 1, 1, 1, 0, 0, 3, 1, 1, 0, 0, 3, 3, 0, 3, 1, 0, 0, 0]","[3, 3, 3, 1, 0, 1, 1, 0, 0, 3, 0, 1, 3, 1, 0, 0, 1, 0, 0, 1, 1, 1, 1, 0, 0, 3, 1, 1, 0, 0, 3, 3, 0, 3, 1, 0, 0, 0]",3,15.384615384615385
Premier_League,2001,Charlton,"[0, 3, 1, 0, 1, 3, 1, 1, 0, 0, 3, 1, 0, 1, 3, 3, 1, 0, 1, 3, 3, 0, 0, 3, 1, 0, 1, 3, 1, 3, 0, 0, 0, 0, 1, 0, 1, 1]","[0, 3, 1, 0, 1, 3, 1, 1, 0, 0, 3, 1, 0, 1, 3, 3, 1, 0, 1, 3, 3, 0, 0, 3, 1, 0, 1, 3, 1, 3, 0, 0, 0, 0, 1, 0, 1, 1]",8,40.0
Premier_League,2001,Chelsea,"[1, 3, 1, 3, 1, 1, 3, 1, 0, 1, 3, 1, 1, 3, 0, 1, 3, 3, 0, 3, 0, 1, 3, 3, 3, 1, 0, 3, 3, 3, 0, 3, 1, 3, 1, 0, 3, 0]","[1, 3, 1, 3, 1, 1, 3, 1, 0, 1, 3, 1, 1, 3, 0, 1, 3, 3, 0, 3, 0, 1, 3, 3, 3, 1, 0, 3, 3, 3, 0, 3, 1, 3, 1, 0, 3, 0]",4,5.58659217877095
Premier_League,2001,Derby,"[3, 0, 1, 1, 0, 0, 0, 0, 1, 1, 0, 3, 0, 0, 3, 0, 0, 3, 0, 3, 0, 0, 0, 0, 3, 0, 3, 1, 0, 3, 0, 0, 0, 0, 0, 0, 0, 1]","[3, 0, 1, 1, 0, 0, 0, 0, 1, 1, 0, 3, 0, 0, 3, 0, 0, 3, 0, 3, 0, 0, 0, 0, 3, 0, 3, 1, 0, 3, 0, 0, 0, 0, 0, 0, 0, 1]",8,13.88888888888889
Premier_League,2001,Everton,"[3, 1, 3, 0, 0, 0, 3, 1, 3, 0, 1, 1, 1, 3, 0, 3, 0, 0, 0, 0, 0, 3, 1, 1, 0, 0, 1, 1, 0, 3, 3, 0, 3, 0, 1, 3, 0, 0]","[3, 1, 3, 0, 0, 0, 3, 1, 3, 0, 1, 1, 1, 3, 0, 3, 0, 0, 0, 0, 0, 3, 1, 1, 0, 0, 1, 1, 0, 3, 3, 0, 3, 0, 1, 3, 0, 0]",2,4.830917874396135
Premier_League,2001,Fulham,"[0, 3, 1, 1, 0, 1, 1, 0, 1, 3, 3, 3, 1, 1, 3, 1, 0, 1, 0, 3, 3, 1, 0, 1, 3, 0, 0, 0, 0, 0, 0, 1, 0, 1, 3, 3, 1, 0]","[0, 3, 1, 1, 0, 1, 1, 0, 1, 3, 3, 3, 1, 1, 3, 1, 0, 1, 0, 3, 3, 1, 0, 1, 3, 0, 0, 0, 0, 0, 0, 1, 0, 1, 3, 3, 1, 0]",13,14.925373134328359
Premier_League,2001,Ipswich,"[0, 3, 0, 1, 1, 0, 0, 1, 1, 1, 0, 0, 0, 1, 0, 0, 0, 3, 3, 3, 0, 3, 3, 3, 3, 0, 0, 0, 0, 1, 1, 0, 1, 0, 0, 3, 0, 0]","[0, 3, 0, 1, 1, 0, 0, 1, 1, 1, 0, 0, 0, 1, 0, 0, 0, 3, 3, 3, 0, 3, 3, 3, 3, 0, 0, 0, 0, 1, 1, 0, 1, 0, 0, 3, 0, 0]",13,24.390243902439025
Premier_League,2001,Leeds,"[3, 3, 1, 1, 3, 3, 3, 1, 1, 1, 3, 0, 1, 1, 3, 1, 3, 0, 3, 3, 3, 0, 1, 0, 0, 1, 1, 1, 3, 3, 3, 0, 0, 3, 3, 0, 3, 3]","[3, 3, 1, 1, 3, 3, 3, 1, 1, 1, 3, 0, 1, 1, 3, 1, 3, 0, 3, 3, 3, 0, 1, 0, 0, 1, 1, 1, 3, 3, 3, 0, 0, 3, 3, 0, 3, 3]",17,6.4935064935064934
Premier_League,2001,Leicester,"[0, 0, 1, 3, 0, 1, 0, 0, 0, 0, 1, 3, 0, 1, 3, 0, 1, 1, 0, 1, 0, 1, 0, 0, 0, 0, 0, 0, 1, 1, 0, 3, 0, 0, 1, 1, 1, 3]","[0, 0, 1, 3, 0, 1, 0, 0, 0, 0, 1, 3, 0, 1, 3, 0, 1, 1, 0, 1, 0, 1, 0, 0, 0, 0, 0, 0, 1, 1, 0, 3, 0, 0, 1, 1, 1, 3]",18,2.506265664160401
Premier_League,2001,Liverpool,"[3, 0, 0, 3, 3, 3, 1, 3, 3, 3, 1, 3, 3, 3, 1, 0, 0, 3, 1, 1, 0, 1, 1, 3, 3, 3, 3, 1, 3, 3, 3, 3, 3, 3, 3, 0, 3, 3]","[3, 0, 0, 3, 3, 3, 1, 3, 3, 3, 1, 3, 3, 3, 1, 0, 0, 3, 1, 1, 0, 1, 1, 3, 3, 3, 3, 1, 3, 3, 3, 3, 3, 3, 3, 0, 3, 3]",3,1.9646365422396856
Premier_League,2001,Man United,"[3, 1, 1, 3, 0, 3, 3, 3, 0, 1, 0, 3, 0, 0, 0, 3, 3, 3, 3, 3, 3, 3, 3, 0, 3, 3, 3, 3, 1, 3, 3, 0, 3, 3, 3, 3, 0, 1]","[3, 1, 1, 3, 0, 3, 3, 3, 0, 1, 0, 3, 0, 0, 0, 3, 3, 3, 3, 3, 3, 3, 3, 0, 3, 3, 3, 3, 1, 3, 3, 0, 3, 3, 3, 3, 0, 1]",2,10.0
Premier_League,2001,Middlesbrough,"[0, 0, 0, 0, 3, 3, 1, 0, 1, 3, 0, 3, 1, 1, 3, 0, 0, 0, 0, 3, 0, 1, 3, 1, 1, 3, 0, 3, 1, 0, 3, 1, 3, 3, 0, 0, 0, 0]","[0, 0, 0, 0, 3, 3, 1, 0, 1, 3, 0, 3, 1, 1, 3, 0, 0, 0, 0, 3, 0, 1, 3, 1, 1, 3, 0, 3, 1, 0, 3, 1, 3, 3, 0, 0, 0, 0]",4,24.390243902439025
Premier_League,2001,Newcastle,"[1, 1, 3, 3, 0, 3, 0, 3, 0, 3, 3, 0, 3, 1, 3, 3, 3, 3, 3, 0, 0, 3, 1, 3, 3, 3, 3, 0, 0, 1, 3, 1, 1, 3, 3, 1, 3, 0]","[1, 1, 3, 3, 0, 3, 0, 3, 0, 3, 3, 0, 3, 1, 3, 3, 3, 3, 3, 0, 0, 3, 1, 3, 3, 3, 3, 0, 0, 1, 3, 1, 1, 3, 3, 1, 3, 0]",11,7.194244604316546
Premier_League,2001,Southampton,"[0, 0, 0, 3, 0, 3, 0, 0, 1, 0, 0, 0, 3, 0, 3, 3, 0, 3, 0, 3, 3, 0, 1, 3, 1, 0, 1, 3, 1, 1, 1, 1, 0, 3, 1, 0, 0, 3]","[0, 0, 0, 3, 0, 3, 0, 0, 1, 0, 0, 0, 3, 0, 3, 3, 0, 3, 0, 3, 3, 0, 1, 3, 1, 0, 1, 3, 1, 1, 1, 1, 0, 3, 1, 0, 0, 3]",10,2.100840336134454
Premier_League,2001,Sunderland,"[3, 0, 1, 3, 1, 0, 1, 3, 0, 0, 1, 0, 3, 0, 3, 1, 0, 3, 3, 0, 1, 0, 1, 0, 0, 3, 0, 0, 3, 0, 1, 0, 3, 0, 0, 0, 1, 1]","[3, 0, 1, 3, 1, 0, 1, 3, 0, 0, 1, 0, 3, 0, 3, 1, 0, 3, 3, 0, 1, 0, 1, 0, 0, 3, 0, 0, 3, 0, 1, 0, 3, 0, 0, 0, 1, 1]",19,13.698630136986301
Premier_League,2001,Tottenham,"[1, 1, 0, 3, 0, 3, 0, 0, 3, 3, 3, 0, 1, 3, 3, 0, 3, 0, 0, 1, 3, 0, 1, 0, 0, 3, 3, 0, 0, 0, 3, 1, 3, 0, 1, 1, 3, 0]","[1, 1, 0, 3, 0, 3, 0, 0, 3, 3, 3, 0, 1, 3, 3, 0, 3, 0, 0, 1, 3, 0, 1, 0, 0, 3, 3, 0, 0, 0, 3, 1, 3, 0, 1, 1, 3, 0]",17,3.9215686274509802
Premier_League,2001,West Ham,"[0, 1, 1, 0, 3, 0, 0, 3, 3, 3, 0, 1, 0, 0, 1, 3, 1, 1, 3, 1, 0, 3, 0, 0, 3, 0, 3, 0, 3, 0, 3, 3, 3, 1, 3, 0, 0, 3]","[0, 1, 1, 0, 3, 0, 0, 3, 3, 3, 0, 1, 0, 0, 1, 3, 1, 1, 3, 1, 0, 3, 0, 0, 3, 0, 3, 0, 3, 0, 3, 3, 3, 1, 3, 0, 0, 3]",3,2.6041666666666665
Premier_League,2002,Arsenal,"[3, 1, 3, 1, 3, 3, 3, 3, 3, 0, 0, 3, 3, 3, 0, 3, 0, 1, 3, 3, 1, 3, 3, 3, 1, 3, 1, 3, 3, 0, 3, 1, 1, 3, 1, 0, 3, 3]","[3, 1, 3, 1, 3, 3, 3, 3, 3, 0, 0, 3, 3, 3, 0, 3, 0, 1, 3, 3, 1, 3, 3, 3, 1, 3, 1, 3, 3, 0, 3, 1, 1, 3, 1, 0, 3, 3]",9,5.555555555555555
Premier_League,2002,Aston Villa,"[0, 0, 3, 0, 3, 0, 3, 0, 1, 0, 1, 1, 3, 1, 3, 0, 0, 3, 0, 0, 3, 3, 1, 0, 3, 3, 0, 0, 0, 0, 1, 1, 1, 3, 1, 0, 3, 0]","[0, 0, 3, 0, 3, 0, 3, 0, 1, 0, 1, 1, 3, 1, 3, 0, 0, 3, 0, 0, 3, 3, 1, 0, 3, 3, 0, 0, 0, 0, 1, 1, 1, 3, 1, 0, 3, 0]",12,6.25
Premier_League,2002,Birmingham,"[0, 0, 1, 3, 1, 3, 0, 0, 3, 1, 0, 3, 0, 1, 3, 1, 0, 3, 1, 1, 0, 0, 0, 1, 0, 0, 0, 3, 3, 0, 3, 0, 3, 3, 3, 3, 0, 1]","[0, 0, 1, 3, 1, 3, 0, 0, 3, 1, 0, 3, 0, 1, 3, 1, 0, 3, 1, 1, 0, 0, 0, 1, 0, 0, 0, 3, 3, 0, 3, 0, 3, 3, 3, 3, 0, 1]",2,2.7548209366391183
Premier_League,2002,Blackburn,"[1, 3, 1, 0, 0, 1, 3, 3, 0, 3, 3, 1, 1, 0, 0, 3, 1, 0, 3, 1, 1, 3, 1, 1, 0, 0, 3, 3, 3, 3, 0, 3, 3, 0, 1, 3, 1, 3]","[1, 3, 1, 0, 0, 1, 3, 3, 0, 3, 3, 1, 1, 0, 0, 3, 1, 0, 3, 1, 1, 3, 1, 1, 0, 0, 3, 3, 3, 3, 0, 3, 3, 0, 1, 3, 1, 3]",5,1.663893510815308
Premier_League,2002,Bolton,"[0, 0, 3, 3, 0, 0, 1, 0, 0, 1, 0, 1, 3, 1, 0, 1, 0, 1, 3, 1, 0, 1, 1, 0, 0, 3, 1, 1, 0, 3, 3, 3, 0, 3, 1, 1, 1, 3]","[0, 0, 3, 3, 0, 0, 1, 0, 0, 1, 0, 1, 3, 1, 0, 1, 0, 1, 3, 1, 0, 1, 1, 0, 0, 3, 1, 1, 0, 3, 3, 3, 0, 3, 1, 1, 1, 3]",4,1.297016861219196
Premier_League,2002,Charlton,"[0, 3, 0, 3, 0, 0, 1, 0, 0, 3, 0, 1, 0, 3, 3, 3, 3, 1, 1, 1, 3, 0, 1, 3, 3, 3, 3, 3, 0, 0, 1, 0, 0, 0, 0, 3, 0, 0]","[0, 3, 0, 3, 0, 0, 1, 0, 0, 3, 0, 1, 0, 3, 3, 3, 3, 1, 1, 1, 3, 0, 1, 3, 3, 3, 3, 3, 0, 0, 1, 0, 0, 0, 0, 3, 0, 0]",10,109.2896174863388
Premier_League,2002,Chelsea,"[3, 1, 1, 1, 3, 3, 1, 0, 0, 3, 3, 1, 3, 3, 1, 3, 3, 1, 3, 1, 0, 0, 3, 0, 3, 1, 3, 0, 0, 3, 3, 3, 3, 0, 3, 1, 0, 3]","[3, 1, 1, 1, 3, 3, 1, 0, 0, 3, 3, 1, 3, 3, 1, 3, 3, 1, 3, 1, 0, 0, 3, 0, 3, 1, 3, 0, 0, 3, 3, 3, 3, 0, 3, 1, 0, 3]",19,4.048582995951417
Premier_League,2002,Everton,"[1, 3, 1, 0, 0, 3, 0, 3, 0, 3, 3, 3, 3, 3, 3, 0, 0, 3, 1, 1, 1, 1, 0, 3, 3, 3, 0, 3, 1, 1, 0, 3, 3, 0, 0, 3, 0, 0]","[1, 3, 1, 0, 0, 3, 0, 3, 0, 3, 3, 3, 3, 3, 3, 0, 0, 3, 1, 1, 1, 1, 0, 3, 3, 3, 0, 3, 1, 1, 0, 3, 3, 0, 0, 3, 0, 0]",5,14.925373134328359
Premier_League,2002,Fulham,"[3, 1, 0, 3, 3, 1, 0, 3, 1, 0, 0, 0, 0, 1, 3, 0, 3, 0, 0, 1, 0, 1, 3, 0, 0, 3, 3, 1, 3, 1, 0, 0, 0, 3, 0, 1, 3, 3]","[3, 1, 0, 3, 3, 1, 0, 3, 1, 0, 0, 0, 0, 1, 3, 0, 3, 0, 0, 1, 0, 1, 3, 0, 0, 3, 3, 1, 3, 1, 0, 0, 0, 3, 0, 1, 3, 3]",9,1.949317738791423
Premier_League,2002,Leeds,"[3, 3, 0, 0, 3, 3, 0, 0, 1, 0, 1, 0, 3, 0, 0, 0, 0, 3, 1, 3, 3, 3, 0, 1, 0, 0, 3, 0, 0, 0, 0, 3, 1, 0, 3, 0, 3, 3]","[3, 3, 0, 0, 3, 3, 0, 0, 1, 0, 1, 0, 3, 0, 0, 0, 0, 3, 1, 3, 3, 3, 0, 1, 0, 0, 3, 0, 0, 0, 0, 3, 1, 0, 3, 0, 3, 3]",16,3.4482758620689653
Premier_League,2002,Liverpool,"[3, 3, 1, 1, 1, 3, 3, 3, 3, 3, 3, 3, 0, 1, 0, 0, 0, 0, 1, 1, 1, 0, 1, 3, 1, 3, 1, 0, 3, 3, 3, 0, 3, 3, 3, 3, 0, 0]","[3, 3, 1, 1, 1, 3, 3, 3, 3, 3, 3, 3, 0, 1, 0, 0, 0, 0, 1, 1, 1, 0, 1, 3, 1, 3, 1, 0, 3, 3, 3, 0, 3, 3, 3, 3, 0, 0]",2,16.129032258064516
Premier_League,2002,Man City,"[0, 3, 0, 3, 0, 1, 1, 0, 0, 0, 3, 3, 3, 0, 0, 3, 3, 1, 0, 3, 3, 1, 3, 0, 3, 0, 1, 0, 0, 3, 0, 0, 1, 3, 3, 0, 3, 0]","[0, 3, 0, 3, 0, 1, 1, 0, 0, 0, 3, 3, 3, 0, 0, 3, 3, 1, 0, 3, 3, 1, 3, 0, 3, 0, 1, 0, 0, 3, 0, 0, 1, 3, 3, 0, 3, 0]",13,4.132231404958677
Premier_League,2002,Man United,"[3, 1, 1, 3, 0, 0, 3, 3, 3, 1, 1, 3, 0, 1, 3, 3, 3, 3, 0, 0, 3, 3, 3, 3, 3, 3, 1, 1, 3, 3, 3, 3, 3, 1, 3, 3, 3, 3]","[3, 1, 1, 3, 0, 0, 3, 3, 3, 1, 1, 3, 0, 1, 3, 3, 3, 3, 0, 0, 3, 3, 3, 3, 3, 3, 1, 1, 3, 3, 3, 3, 3, 1, 3, 3, 3, 3]",5,1.1037527593818985
Premier_League,2002,Middlesbrough,"[1, 1, 3, 0, 3, 0, 3, 3, 3, 0, 1, 0, 3, 0, 3, 0, 1, 1, 0, 3, 0, 0, 1, 0, 0, 1, 3, 1, 3, 3, 1, 3, 1, 0, 0, 0, 3, 0]","[1, 1, 3, 0, 3, 0, 3, 3, 3, 0, 1, 0, 3, 0, 3, 0, 1, 1, 0, 3, 0, 0, 1, 0, 0, 1, 3, 1, 3, 3, 1, 3, 1, 0, 0, 0, 3, 0]",5,6.7114093959731544
Premier_League,2002,Newcastle,"[3, 0, 1, 0, 0, 3, 3, 3, 0, 3, 3, 0, 3, 0, 3, 3, 1, 3, 0, 3, 3, 1, 3, 3, 3, 1, 3, 3, 0, 3, 3, 0, 0, 0, 1, 3, 3, 1]","[3, 0, 1, 0, 0, 3, 3, 3, 0, 3, 3, 0, 3, 0, 3, 3, 1, 3, 0, 3, 3, 1, 3, 3, 3, 1, 3, 3, 0, 3, 3, 0, 0, 0, 1, 3, 3, 1]",7,9.803921568627452
Premier_League,2002,Southampton,"[1, 0, 1, 0, 3, 0, 1, 1, 3, 3, 3, 0, 1, 0, 3, 3, 3, 1, 1, 1, 3, 3, 1, 0, 3, 0, 0, 0, 3, 1, 1, 1, 3, 0, 0, 1, 0, 3]","[1, 0, 1, 0, 3, 0, 1, 1, 3, 3, 3, 0, 1, 0, 3, 3, 3, 1, 1, 1, 3, 3, 1, 0, 3, 0, 0, 0, 3, 1, 1, 1, 3, 0, 0, 1, 0, 3]",13,9.25925925925926
Premier_League,2002,Sunderland,"[1, 0, 3, 1, 0, 0, 0, 3, 0, 0, 1, 1, 3, 1, 0, 0, 0, 3, 1, 0, 0, 0, 1, 0, 0, 0, 0, 0, 0, 0, 0, 0, 0, 0, 0, 0, 0, 0]","[1, 0, 3, 1, 0, 0, 0, 3, 0, 0, 1, 1, 3, 1, 0, 0, 0, 3, 1, 0, 0, 0, 1, 0, 0, 0, 0, 0, 0, 0, 0, 0, 0, 0, 0, 0, 0, 0]",19,1020.4081632653061
Premier_League,2002,Tottenham,"[1, 3, 3, 3, 0, 3, 0, 0, 3, 3, 0, 1, 0, 0, 3, 1, 3, 1, 3, 1, 0, 0, 3, 3, 0, 1, 3, 1, 0, 0, 0, 3, 1, 0, 3, 0, 0, 0]","[1, 3, 3, 3, 0, 3, 0, 0, 3, 3, 0, 1, 0, 0, 3, 1, 3, 1, 3, 1, 0, 0, 3, 3, 0, 1, 3, 1, 0, 0, 0, 3, 1, 0, 3, 0, 0, 0]",11,18.867924528301888
Premier_League,2002,West Brom,"[0, 0, 0, 3, 3, 3, 0, 0, 0, 1, 0, 0, 1, 1, 0, 3, 0, 0, 1, 0, 0, 0, 1, 0, 3, 1, 0, 0, 0, 0, 0, 0, 0, 3, 0, 0, 1, 1]","[0, 0, 0, 3, 3, 3, 0, 0, 0, 1, 0, 0, 1, 1, 0, 3, 0, 0, 1, 0, 0, 0, 1, 0, 3, 1, 0, 0, 0, 0, 0, 0, 0, 3, 0, 0, 1, 1]",12,5.405405405405405
Premier_League,2002,West Ham,"[0, 1, 0, 0, 0, 1, 3, 0, 3, 3, 0, 0, 0, 1, 0, 0, 1, 0, 1, 1, 1, 1, 0, 0, 3, 0, 0, 3, 3, 1, 3, 1, 1, 0, 3, 3, 3, 1]","[0, 1, 0, 0, 0, 1, 3, 0, 3, 3, 0, 0, 0, 1, 0, 0, 1, 0, 1, 1, 1, 1, 0, 0, 3, 0, 0, 3, 3, 1, 3, 1, 1, 0, 3, 3, 3, 1]",1,1.3280212483399734
Premier_League,2003,Arsenal,"[3, 3, 3, 3, 1, 1, 3, 3, 3, 1, 3, 3, 3, 1, 1, 3, 1, 3, 3, 1, 3, 3, 3, 3, 3, 3, 3, 3, 3, 1, 1, 1, 1]","[3, 3, 3, 3, 1, 1, 3, 3, 3, 1, 3, 3, 3, 1, 1, 3, 1, 3, 3, 1, 3, 3, 3, 3, 3, 3, 3, 3, 3, 1, 1, 1, 1]",4,124.84394506866417
Premier_League,2003,Aston Villa,"[0, 1, 0, 3, 0, 3, 0, 1, 1, 1, 1, 0, 0, 3, 0, 3, 3, 1, 3, 3, 0, 0, 3, 3, 3, 1, 0, 3, 0, 3, 1, 3, 3, 1]","[0, 1, 0, 3, 0, 3, 0, 1, 1, 1, 1, 0, 0, 3, 0, 3, 3, 1, 3, 3, 0, 0, 3, 3, 3, 1, 0, 3, 0, 3, 1, 3, 3, 1]",1,1.7667844522968197
Premier_League,2003,Birmingham,"[3, 1, 3, 1, 3, 3, 0, 1, 1, 3, 0, 1, 0, 0, 0, 3, 3, 0, 0, 3, 1, 1, 1, 3, 1, 3, 3, 0, 0, 3, 1, 1, 1, 0]","[3, 1, 3, 1, 3, 3, 0, 1, 1, 3, 0, 1, 0, 0, 0, 3, 3, 0, 0, 3, 1, 1, 1, 3, 1, 3, 3, 0, 0, 3, 1, 1, 1, 0]",7,8.403361344537815
Premier_League,2003,Blackburn,"[3, 1, 0, 1, 0, 3, 0, 0, 0, 0, 0, 3, 0, 3, 3, 0, 0, 1, 3, 1, 0, 1, 0, 3, 1, 0, 1, 0, 3, 0, 3, 3, 0]","[3, 1, 0, 1, 0, 3, 0, 0, 0, 0, 0, 3, 0, 3, 3, 0, 0, 1, 3, 1, 0, 1, 0, 3, 1, 0, 1, 0, 3, 0, 3, 3, 0]",1,2.0876826722338206
Premier_League,2003,Bolton,"[0, 1, 0, 1, 3, 1, 1, 1, 0, 0, 3, 1, 3, 3, 0, 3, 1, 0, 1, 0, 3, 3, 3, 1, 1, 0, 0, 0, 0, 3, 0, 3, 3, 3]","[0, 1, 0, 1, 3, 1, 1, 1, 0, 0, 3, 1, 3, 3, 0, 3, 1, 0, 1, 0, 3, 3, 3, 1, 1, 0, 0, 0, 0, 3, 0, 3, 3, 3]",11,2.2522522522522523
Premier_League,2003,Charlton,"[0, 3, 1, 1, 0, 0, 3, 3, 3, 1, 3, 3, 1, 0, 0, 1, 1, 3, 3, 1, 3, 3, 0, 0, 0, 3, 0, 3, 0, 0, 0, 0, 1, 1]","[0, 3, 1, 1, 0, 0, 3, 3, 3, 1, 3, 3, 1, 0, 0, 1, 1, 3, 3, 1, 3, 3, 0, 0, 0, 3, 0, 3, 0, 0, 0, 0, 1, 1]",12,50.68423720223011
Premier_League,2003,Chelsea,"[3, 3, 1, 3, 3, 3, 3, 1, 0, 3, 3, 3, 3, 3, 1, 0, 3, 0, 3, 0, 3, 1, 3, 3, 3, 0, 3, 3, 3, 3, 0, 3, 1]","[3, 3, 1, 3, 3, 3, 3, 1, 0, 3, 3, 3, 3, 3, 1, 0, 3, 0, 3, 0, 3, 1, 3, 3, 3, 0, 3, 3, 3, 3, 0, 3, 1]",3,4.784688995215311
Premier_League,2003,Everton,"[0, 3, 1, 0, 1, 0, 3, 0, 1, 1, 0, 0, 3, 0, 1, 3, 3, 0, 3, 1, 0, 0, 1, 0, 0, 1, 3, 3, 1, 1, 0, 0, 0, 0]","[0, 3, 1, 0, 1, 0, 3, 0, 1, 1, 0, 0, 3, 0, 1, 3, 3, 0, 3, 1, 0, 0, 1, 0, 0, 1, 3, 3, 1, 1, 0, 0, 0, 0]",4,19.23076923076923
Premier_League,2003,Fulham,"[3, 0, 3, 1, 1, 3, 3, 1, 0, 3, 0, 0, 3, 1, 3, 0, 0, 3, 0, 0, 3, 0, 3, 1, 0, 0, 1, 3, 0, 1, 1, 3, 1]","[3, 0, 3, 1, 1, 3, 3, 1, 0, 3, 0, 0, 3, 1, 3, 0, 0, 3, 0, 0, 3, 0, 3, 1, 0, 0, 1, 3, 0, 1, 1, 3, 1]",15,5.0761421319796955
Premier_League,2003,Leeds,"[1, 0, 1, 3, 0, 0, 0, 3, 0, 0, 0, 0, 0, 3, 1, 3, 1, 1, 0, 0, 0, 0, 0, 0, 3, 1, 1, 0, 3, 0, 0, 0, 1]","[1, 0, 1, 3, 0, 0, 0, 3, 0, 0, 0, 0, 0, 3, 1, 3, 1, 1, 0, 0, 0, 0, 0, 0, 3, 1, 1, 0, 3, 0, 0, 0, 1]",15,4.098360655737705
Premier_League,2003,Leicester,"[1, 0, 1, 0, 3, 0, 0, 0, 0, 0, 3, 3, 1, 3, 1, 0, 0, 1, 1, 1, 0, 1, 0, 0, 1, 1, 1, 3, 1, 1, 1, 1, 3]","[1, 0, 1, 0, 3, 0, 0, 0, 0, 0, 3, 3, 1, 3, 1, 0, 0, 1, 1, 1, 0, 1, 0, 0, 1, 1, 1, 3, 1, 1, 1, 1, 3]",15,1.4326647564469914
Premier_League,2003,Liverpool,"[0, 1, 1, 3, 3, 3, 0, 0, 0, 3, 3, 0, 1, 3, 1, 0, 3, 1, 3, 3, 0, 1, 1, 1, 3, 1, 0, 3, 3, 1, 3, 3, 3]","[0, 1, 1, 3, 3, 3, 0, 0, 0, 3, 3, 0, 1, 3, 1, 0, 3, 1, 3, 3, 0, 1, 1, 1, 3, 1, 0, 3, 3, 1, 3, 3, 3]",13,1.4144271570014144
Premier_League,2003,Man City,"[3, 1, 3, 0, 3, 1, 1, 0, 3, 0, 3, 0, 0, 0, 1, 0, 1, 0, 1, 1, 0, 1, 0, 1, 0, 3, 0, 3, 0, 1, 1, 3, 0]","[3, 1, 3, 0, 3, 1, 1, 0, 3, 0, 3, 0, 0, 0, 1, 0, 1, 0, 1, 1, 0, 1, 0, 1, 0, 3, 0, 3, 0, 1, 1, 3, 0]",16,3.1746031746031744
Premier_League,2003,Man United,"[3, 3, 3, 0, 3, 1, 3, 3, 3, 0, 3, 3, 3, 0, 3, 3, 3, 3, 3, 3, 1, 0, 3, 3, 0, 1, 1, 0, 3, 1, 3, 0, 0, 1]","[3, 3, 3, 0, 3, 1, 3, 3, 3, 0, 3, 3, 3, 0, 3, 3, 3, 3, 3, 3, 1, 0, 3, 3, 0, 1, 1, 0, 3, 1, 3, 0, 0, 1]",14,201.2072434607646
Premier_League,2003,Middlesbrough,"[0, 0, 1, 0, 0, 3, 3, 0, 0, 1, 3, 3, 1, 3, 1, 1, 1, 0, 3, 0, 1, 3, 0, 3, 0, 0, 3, 0, 3, 1, 3, 0, 0, 0, 3]","[0, 0, 1, 0, 0, 3, 3, 0, 0, 1, 3, 3, 1, 3, 1, 1, 1, 0, 3, 0, 1, 3, 0, 3, 0, 0, 3, 0, 3, 1, 3, 0, 0, 0, 3]",4,3.7313432835820897
Premier_League,2003,Newcastle,"[1, 0, 0, 1, 1, 0, 3, 3, 3, 3, 1, 0, 3, 1, 1, 3, 1, 1, 0, 3, 1, 3, 1, 3, 1, 3, 1, 0, 3, 0, 3, 1, 3, 0]","[1, 0, 0, 1, 1, 0, 3, 3, 3, 3, 1, 0, 3, 1, 1, 3, 1, 1, 0, 3, 1, 3, 1, 3, 1, 3, 1, 0, 3, 0, 3, 1, 3, 0]",1,4.032258064516129
Premier_League,2003,Portsmouth,"[3, 1, 3, 1, 1, 0, 0, 0, 3, 0, 0, 3, 0, 0, 1, 0, 0, 3, 0, 0, 3, 0, 1, 0, 0, 1, 0, 0, 3, 3, 3, 1, 1, 0]","[3, 1, 3, 1, 1, 0, 0, 0, 3, 0, 0, 3, 0, 0, 1, 0, 0, 3, 0, 0, 3, 0, 1, 0, 0, 1, 0, 0, 3, 3, 3, 1, 1, 0]",3,2.680965147453083
Premier_League,2003,Southampton,"[1, 1, 1, 3, 3, 3, 0, 0, 1, 3, 0, 1, 0, 0, 3, 3, 3, 0, 0, 1, 0, 3, 0, 1, 0, 1, 1, 3, 0, 3, 0, 0, 1]","[1, 1, 1, 3, 3, 3, 0, 0, 1, 3, 0, 1, 0, 0, 3, 3, 3, 0, 0, 1, 0, 3, 0, 1, 0, 1, 1, 3, 0, 3, 0, 0, 1]",16,10.526315789473685
Premier_League,2003,Tottenham,"[0, 3, 1, 0, 0, 0, 1, 3, 3, 1, 0, 0, 3, 0, 3, 0, 0, 0, 0, 3, 3, 3, 0, 3, 3, 1, 0, 3, 0, 0, 1, 0, 3]","[0, 3, 1, 0, 0, 0, 1, 3, 3, 1, 0, 0, 3, 0, 3, 0, 0, 0, 0, 3, 3, 3, 0, 3, 3, 1, 0, 3, 0, 0, 1, 0, 3]",5,3.401360544217687
Premier_League,2003,Wolves,"[0, 0, 0, 1, 0, 0, 1, 3, 1, 3, 0, 1, 0, 1, 0, 0, 0, 3, 1, 0, 3, 1, 1, 0, 0, 3, 1, 0, 0, 0, 3, 1, 3]","[0, 0, 0, 1, 0, 0, 1, 3, 1, 3, 0, 1, 0, 1, 0, 0, 0, 3, 1, 0, 3, 1, 1, 0, 0, 3, 1, 0, 0, 0, 3, 1, 3]",11,1.3386880856760375
Premier_League,2004,Arsenal,"[3, 3, 3, 3, 3, 1, 3, 3, 3, 0, 1, 1, 3, 1, 0, 3, 1, 3, 3, 3, 3, 1, 0, 3, 0, 3, 3, 1, 3, 3, 3, 3, 1]","[3, 3, 3, 3, 3, 1, 3, 3, 3, 0, 1, 1, 3, 1, 0, 3, 1, 3, 3, 3, 3, 1, 0, 3, 0, 3, 3, 1, 3, 3, 3, 3, 1]",12,2.9154518950437316
Premier_League,2004,Aston Villa,"[3, 1, 0, 3, 1, 1, 1, 1, 0, 3, 1, 3, 3, 3, 0, 1, 0, 0, 0, 0, 3, 0, 3, 0, 1, 0, 3, 0, 3, 0, 3, 1, 3, 1]","[3, 1, 0, 3, 1, 1, 1, 1, 0, 3, 1, 3, 3, 3, 0, 1, 0, 0, 0, 0, 3, 0, 3, 0, 1, 0, 3, 0, 3, 0, 3, 1, 3, 1]",17,2.8328611898016995
Premier_League,2004,Birmingham,"[1, 0, 3, 0, 0, 1, 1, 1, 1, 1, 0, 3, 0, 1, 1, 0, 3, 3, 3, 3, 0, 0, 0, 0, 3, 0, 3, 0, 0, 3, 1, 1, 1, 0]","[1, 0, 3, 0, 0, 1, 1, 1, 1, 1, 0, 3, 0, 1, 1, 0, 3, 3, 3, 3, 0, 0, 0, 0, 3, 0, 3, 0, 0, 3, 1, 1, 1, 0]",14,5.617977528089888
Premier_League,2004,Blackburn,"[1, 0, 0, 1, 0, 3, 0, 1, 0, 0, 1, 1, 1, 1, 3, 0, 1, 1, 1, 3, 0, 3, 3, 0, 0, 0, 3, 3, 1, 0, 1, 3, 3]","[1, 0, 0, 1, 0, 3, 0, 1, 0, 0, 1, 1, 1, 1, 3, 0, 1, 1, 1, 3, 0, 3, 3, 0, 0, 0, 3, 3, 1, 0, 1, 3, 3]",10,1.2610340479192939
Premier_League,2004,Bolton,"[3, 0, 3, 3, 1, 1, 1, 0, 3, 3, 3, 1, 0, 1, 0, 0, 0, 0, 0, 0, 1, 3, 3, 3, 3, 3, 1, 0, 3, 3, 0, 3, 3, 1]","[3, 0, 3, 3, 1, 1, 1, 0, 3, 3, 3, 1, 0, 1, 0, 0, 0, 0, 0, 0, 1, 3, 3, 3, 3, 3, 1, 0, 3, 3, 0, 3, 3, 1]",1,1.8691588785046729
Premier_League,2004,Charlton,"[0, 3, 3, 0, 1, 1, 3, 0, 1, 0, 0, 3, 3, 0, 0, 3, 3, 3, 1, 3, 0, 0, 3, 3, 0, 1, 1, 1, 3, 0, 1, 0, 0, 1]","[0, 3, 3, 0, 1, 1, 3, 0, 1, 0, 0, 3, 3, 0, 0, 3, 3, 3, 1, 3, 0, 0, 3, 3, 0, 1, 1, 1, 3, 0, 1, 0, 0, 1]",5,22.727272727272727
Premier_League,2004,Chelsea,"[3, 3, 3, 3, 1, 1, 3, 3, 0, 3, 3, 3, 3, 1, 3, 3, 1, 3, 3, 3, 3, 3, 3, 3, 3, 1, 3, 3, 3, 3, 3, 1, 1]","[3, 3, 3, 3, 1, 1, 3, 3, 0, 3, 3, 3, 3, 1, 3, 3, 1, 3, 3, 3, 3, 3, 3, 3, 3, 1, 3, 3, 3, 3, 3, 1, 1]",2,19.23076923076923
Premier_League,2004,Crystal Palace,"[1, 0, 0, 0, 0, 0, 1, 3, 0, 3, 3, 1, 0, 0, 1, 0, 1, 0, 0, 1, 0, 3, 0, 3, 1, 0, 0, 3, 1, 0, 0, 0, 1, 0]","[1, 0, 0, 0, 0, 0, 1, 3, 0, 3, 3, 1, 0, 0, 1, 0, 1, 0, 0, 1, 0, 3, 0, 3, 1, 0, 0, 3, 1, 0, 0, 0, 1, 0]",5,5.9171597633136095
Premier_League,2004,Everton,"[0, 3, 3, 1, 3, 3, 3, 0, 3, 3, 1, 0, 3, 3, 1, 3, 3, 1, 3, 0, 0, 3, 1, 0, 3, 1, 0, 3, 0, 0, 0, 3, 3]","[0, 3, 3, 1, 3, 3, 3, 0, 3, 3, 1, 0, 3, 3, 1, 3, 3, 1, 3, 0, 0, 3, 1, 0, 3, 1, 0, 3, 0, 0, 0, 3, 3]",14,25.0
Premier_League,2004,Fulham,"[1, 3, 0, 0, 0, 1, 3, 0, 0, 0, 3, 3, 0, 0, 0, 3, 1, 0, 0, 0, 3, 1, 3, 3, 1, 0, 0, 1, 0, 3, 0, 1, 1]","[1, 3, 0, 0, 0, 1, 3, 0, 0, 0, 3, 3, 0, 0, 0, 3, 1, 0, 0, 0, 3, 1, 3, 3, 1, 0, 0, 1, 0, 3, 0, 1, 1]",8,3.8461538461538463
Premier_League,2004,Liverpool,"[1, 3, 0, 3, 0, 3, 0, 3, 3, 1, 0, 3, 0, 3, 1, 0, 1, 3, 3, 3, 0, 3, 0, 0, 3, 3, 0, 0, 1, 3, 3, 0, 1, 3]","[1, 3, 0, 3, 0, 3, 0, 3, 3, 1, 0, 3, 0, 3, 1, 0, 1, 3, 3, 3, 0, 3, 0, 0, 3, 3, 0, 0, 1, 3, 3, 0, 1, 3]",14,2.9411764705882355
Premier_League,2004,Man City,"[1, 0, 0, 3, 0, 3, 0, 1, 3, 0, 1, 1, 1, 3, 3, 0, 0, 3, 0, 1, 3, 1, 3, 0, 1, 1, 0, 3, 0, 0, 1, 3, 1, 3]","[1, 0, 0, 3, 0, 3, 0, 1, 3, 0, 1, 1, 1, 3, 3, 0, 0, 3, 0, 1, 3, 1, 3, 0, 1, 1, 0, 3, 0, 0, 1, 3, 1, 3]",11,2.3696682464454977
Premier_League,2004,Man United,"[0, 3, 1, 1, 1, 3, 3, 1, 1, 3, 0, 1, 3, 3, 3, 3, 1, 3, 3, 3, 3, 1, 3, 3, 3, 3, 3, 3, 1, 3, 1, 0, 0]","[0, 3, 1, 1, 1, 3, 3, 1, 1, 3, 0, 1, 3, 3, 3, 3, 1, 3, 3, 3, 3, 1, 3, 3, 3, 3, 3, 3, 1, 3, 1, 0, 0]",2,88.02816901408451
Premier_League,2004,Middlesbrough,"[1, 0, 3, 3, 3, 0, 0, 1, 3, 1, 3, 1, 3, 3, 0, 3, 1, 3, 0, 3, 0, 0, 1, 1, 0, 3, 1, 1, 0, 0, 3, 0, 1]","[1, 0, 3, 3, 3, 0, 0, 1, 3, 1, 3, 1, 3, 3, 0, 3, 1, 3, 0, 3, 0, 0, 1, 1, 0, 3, 1, 1, 0, 0, 3, 0, 1]",15,28.571428571428573
Premier_League,2004,Newcastle,"[1, 0, 1, 0, 3, 3, 3, 1, 1, 3, 0, 0, 0, 3, 1, 0, 1, 0, 1, 0, 3, 1, 3, 0, 1, 1, 3, 3, 1, 0, 0, 0]","[1, 0, 1, 0, 3, 3, 3, 1, 1, 3, 0, 0, 0, 3, 1, 0, 1, 0, 1, 0, 3, 1, 3, 0, 1, 1, 3, 3, 1, 0, 0, 0]",3,23.80952380952381
Premier_League,2004,Norwich,"[1, 0, 1, 0, 1, 1, 0, 1, 1, 0, 1, 1, 0, 3, 1, 0, 3, 0, 0, 0, 1, 0, 0, 1, 0, 3, 0, 0, 0, 0, 0, 3, 1, 3]","[1, 0, 1, 0, 1, 1, 0, 1, 1, 0, 1, 1, 0, 3, 1, 0, 3, 0, 0, 0, 1, 0, 0, 1, 0, 3, 0, 0, 0, 0, 0, 3, 1, 3]",17,2.5380710659898478
Premier_League,2004,Portsmouth,"[1, 0, 3, 3, 0, 0, 1, 3, 1, 3, 0, 0, 0, 3, 3, 1, 1, 0, 3, 0, 1, 0, 0, 0, 3, 0, 0, 0, 0, 1, 0, 3, 1, 0]","[1, 0, 3, 3, 0, 0, 1, 3, 1, 3, 0, 0, 0, 3, 3, 1, 1, 0, 3, 0, 1, 0, 0, 0, 3, 0, 0, 0, 0, 1, 0, 3, 1, 0]",15,18.867924528301888
Premier_League,2004,Southampton,"[0, 3, 0, 0, 1, 0, 0, 1, 0, 1, 1, 1, 3, 0, 1, 0, 1, 0, 1, 0, 0, 1, 0, 3, 0, 1, 1, 1, 3, 3, 0, 0, 0, 1]","[0, 3, 0, 0, 1, 0, 0, 1, 0, 1, 1, 1, 3, 0, 1, 0, 1, 0, 1, 0, 0, 1, 0, 3, 0, 1, 1, 1, 3, 3, 0, 0, 0, 1]",4,5.0
Premier_League,2004,Tottenham,"[1, 3, 1, 3, 1, 1, 0, 3, 0, 0, 0, 0, 0, 0, 3, 3, 3, 3, 3, 1, 3, 1, 0, 0, 0, 3, 3, 0, 0, 3, 1, 3, 1, 1]","[1, 3, 1, 3, 1, 1, 0, 3, 0, 0, 0, 0, 0, 0, 3, 3, 3, 3, 3, 1, 3, 1, 0, 0, 0, 3, 3, 0, 0, 3, 1, 3, 1, 1]",13,3.2051282051282053
Premier_League,2004,West Brom,"[1, 1, 1, 0, 0, 1, 0, 3, 1, 0, 0, 1, 0, 1, 0, 0, 0, 0, 0, 1, 1, 1, 0, 3, 1, 0, 1, 3, 0, 3, 3, 1, 1]","[1, 1, 1, 0, 0, 1, 0, 3, 1, 0, 0, 1, 0, 1, 0, 0, 0, 0, 0, 1, 1, 1, 0, 3, 1, 0, 1, 3, 0, 3, 3, 1, 1]",2,1.408450704225352
Premier_League,2005,Arsenal,"[3, 0, 3, 0, 3, 1, 3, 0, 3, 1, 3, 3, 3, 0, 0, 0, 3, 3, 1, 1, 3, 0, 0, 3, 1, 0, 0, 3, 3, 3, 3, 0, 1, 3, 1, 3, 3, 3]","[3, 0, 3, 0, 3, 1, 3, 0, 3, 1, 3, 3, 3, 0, 0, 0, 3, 3, 1, 1, 3, 0, 0, 3, 1, 0, 0, 3, 3, 3, 3, 0, 1, 3, 1, 3, 3, 3]",17,1.7667844522968197
Premier_League,2005,Aston Villa,"[1, 0, 1, 3, 0, 1, 0, 0, 3, 0, 0, 0, 3, 3, 1, 1, 0, 3, 1, 1, 3, 0, 1, 1, 3, 0, 1, 3, 0, 0, 1, 0, 1, 3, 0, 0, 0, 3]","[1, 0, 1, 3, 0, 1, 0, 0, 3, 0, 0, 0, 3, 3, 1, 1, 0, 3, 1, 1, 3, 0, 1, 1, 3, 0, 1, 3, 0, 0, 1, 0, 1, 3, 0, 0, 0, 3]",10,4.464285714285714
Premier_League,2005,Birmingham,"[1, 0, 0, 3, 0, 1, 1, 0, 0, 0, 0, 0, 3, 0, 3, 0, 0, 1, 0, 3, 0, 3, 1, 0, 0, 3, 0, 1, 0, 0, 1, 3, 1, 0, 3, 1, 1, 0]","[1, 0, 0, 3, 0, 1, 1, 0, 0, 0, 0, 0, 3, 0, 3, 0, 0, 1, 0, 3, 0, 3, 1, 0, 0, 3, 0, 1, 0, 0, 1, 3, 1, 0, 3, 1, 1, 0]",3,2.247191011235955
Premier_League,2005,Blackburn,"[0, 3, 1, 0, 1, 0, 3, 3, 0, 3, 0, 3, 1, 0, 0, 3, 0, 3, 3, 3, 1, 3, 3, 0, 0, 3, 3, 0, 3, 3, 3, 1, 1, 0, 0, 3, 3, 3]","[0, 3, 1, 0, 1, 0, 3, 3, 0, 3, 0, 3, 1, 0, 0, 3, 0, 3, 3, 3, 1, 3, 3, 0, 0, 3, 3, 0, 3, 3, 3, 1, 1, 0, 0, 3, 3, 3]",7,2.109704641350211
Premier_League,2005,Bolton,"[1, 0, 3, 3, 1, 3, 3, 0, 0, 3, 3, 3, 0, 3, 1, 3, 1, 0, 1, 1, 3, 1, 1, 1, 3, 0, 3, 3, 0, 0, 0, 0, 0, 1, 3, 0, 1, 3]","[1, 0, 3, 3, 1, 3, 3, 0, 0, 3, 3, 3, 0, 3, 1, 3, 1, 0, 1, 1, 3, 1, 1, 1, 3, 0, 3, 3, 0, 0, 0, 0, 0, 1, 3, 0, 1, 3]",10,23.25581395348837
Premier_League,2005,Charlton,"[3, 3, 3, 3, 0, 3, 0, 1, 3, 0, 0, 0, 0, 0, 3, 0, 0, 3, 0, 3, 1, 1, 0, 3, 0, 1, 1, 1, 3, 0, 3, 1, 1, 0, 3, 0, 0, 0]","[3, 3, 3, 3, 0, 3, 0, 1, 3, 0, 0, 0, 0, 0, 3, 0, 0, 3, 0, 3, 1, 1, 0, 3, 0, 1, 1, 1, 3, 0, 3, 1, 1, 0, 3, 0, 0, 0]",3,13.88888888888889
Premier_League,2005,Chelsea,"[3, 3, 3, 3, 3, 3, 3, 3, 3, 1, 3, 0, 3, 3, 3, 3, 3, 3, 3, 3, 3, 3, 1, 1, 3, 0, 3, 3, 3, 0, 3, 1, 3, 3, 3, 3, 0, 0]","[3, 3, 3, 3, 3, 3, 3, 3, 3, 1, 3, 0, 3, 3, 3, 3, 3, 3, 3, 3, 3, 3, 1, 1, 3, 0, 3, 3, 3, 0, 3, 1, 3, 3, 3, 3, 0, 0]",2,74.46016381236039
Premier_League,2005,Everton,"[0, 3, 0, 0, 0, 0, 0, 0, 1, 3, 3, 0, 3, 3, 1, 0, 0, 0, 0, 3, 3, 3, 3, 1, 3, 3, 0, 1, 3, 3, 0, 1, 1, 0, 0, 1, 3, 1]","[0, 3, 0, 0, 0, 0, 0, 0, 1, 3, 3, 0, 3, 3, 1, 0, 0, 0, 0, 3, 3, 3, 3, 1, 3, 3, 0, 1, 3, 3, 0, 1, 1, 0, 0, 1, 3, 1]",8,4.716981132075472
Premier_League,2005,Fulham,"[1, 0, 0, 3, 1, 0, 0, 0, 1, 3, 0, 3, 0, 3, 1, 0, 3, 0, 1, 0, 3, 3, 0, 3, 0, 3, 0, 0, 0, 0, 3, 1, 0, 3, 3, 3, 0, 3]","[1, 0, 0, 3, 1, 0, 0, 0, 1, 3, 0, 3, 0, 3, 1, 0, 3, 0, 1, 0, 3, 3, 0, 3, 0, 3, 0, 0, 0, 0, 3, 1, 0, 3, 3, 3, 0, 3]",12,1.5220700152207
Premier_League,2005,Liverpool,"[1, 3, 1, 1, 1, 0, 3, 0, 3, 3, 3, 3, 3, 3, 3, 3, 3, 3, 1, 3, 0, 1, 0, 0, 3, 3, 3, 1, 0, 3, 3, 3, 3, 3, 3, 3, 3, 3]","[1, 3, 1, 1, 1, 0, 3, 0, 3, 3, 3, 3, 3, 3, 3, 3, 3, 3, 1, 3, 0, 1, 0, 0, 3, 3, 3, 1, 0, 3, 3, 3, 3, 3, 3, 3, 3, 3]",18,2.232142857142857
Premier_League,2005,Man City,"[1, 3, 3, 3, 1, 0, 0, 3, 3, 0, 3, 0, 1, 0, 3, 0, 3, 0, 0, 1, 0, 3, 0, 3, 0, 3, 0, 3, 0, 0, 0, 0, 0, 0, 3, 0, 0, 0]","[1, 3, 3, 3, 1, 0, 0, 3, 3, 0, 3, 0, 1, 0, 3, 0, 3, 0, 0, 1, 0, 3, 0, 3, 0, 3, 0, 3, 0, 0, 0, 0, 0, 0, 3, 0, 0, 0]",10,65.83278472679395
Premier_League,2005,Man United,"[3, 3, 3, 1, 1, 0, 3, 3, 1, 0, 3, 3, 3, 3, 1, 3, 3, 3, 1, 3, 1, 0, 3, 0, 3, 3, 3, 3, 3, 3, 3, 3, 3, 1, 3, 0, 1, 3]","[3, 3, 3, 1, 1, 0, 3, 3, 1, 0, 3, 3, 3, 3, 1, 3, 3, 3, 1, 3, 1, 0, 3, 0, 3, 3, 3, 3, 3, 3, 3, 3, 3, 1, 3, 0, 1, 3]",5,5.847953216374269
Premier_League,2005,Middlesbrough,"[1, 0, 3, 0, 3, 1, 0, 3, 1, 0, 3, 0, 3, 1, 0, 0, 1, 0, 1, 1, 0, 0, 3, 0, 3, 3, 3, 0, 0, 3, 3, 0, 0, 3, 0, 1, 1, 0]","[1, 0, 3, 0, 3, 1, 0, 3, 1, 0, 3, 0, 3, 1, 0, 0, 1, 0, 1, 1, 0, 0, 3, 0, 3, 3, 3, 0, 0, 3, 3, 0, 0, 3, 0, 1, 1, 0]",4,5.347593582887701
Premier_League,2005,Newcastle,"[0, 1, 0, 0, 1, 3, 3, 1, 0, 3, 3, 3, 0, 0, 1, 3, 3, 0, 0, 1, 0, 0, 0, 3, 3, 1, 3, 3, 0, 0, 0, 3, 3, 3, 3, 3, 1, 3]","[0, 1, 0, 0, 1, 3, 3, 1, 0, 3, 3, 3, 0, 0, 1, 3, 3, 0, 0, 1, 0, 0, 0, 3, 3, 1, 3, 3, 0, 0, 0, 3, 3, 3, 3, 3, 1, 3]",2,1.2594458438287153
Premier_League,2005,Portsmouth,"[0, 0, 1, 0, 3, 1, 0, 1, 1, 0, 3, 0, 0, 0, 0, 0, 3, 1, 0, 3, 0, 0, 0, 1, 0, 0, 0, 0, 3, 3, 3, 1, 1, 3, 0, 3, 3, 0]","[0, 0, 1, 0, 3, 1, 0, 1, 1, 0, 3, 0, 0, 0, 0, 0, 3, 1, 0, 3, 0, 0, 0, 1, 0, 0, 0, 0, 3, 3, 3, 1, 1, 3, 0, 3, 3, 0]",1,1.949317738791423
Premier_League,2005,Sunderland,"[0, 0, 0, 0, 0, 1, 3, 1, 0, 0, 0, 0, 0, 0, 0, 0, 0, 1, 0, 0, 0, 3, 0, 0, 1, 0, 0, 0, 0, 0, 0, 1, 1, 0, 0, 0, 3, 0]","[0, 0, 0, 0, 0, 1, 3, 1, 0, 0, 0, 0, 0, 0, 0, 0, 0, 1, 0, 0, 0, 3, 0, 0, 1, 0, 0, 0, 0, 0, 0, 1, 1, 0, 0, 0, 3, 0]",16,1.9011406844106464
Premier_League,2005,Tottenham,"[3, 3, 1, 0, 1, 1, 3, 3, 3, 1, 1, 0, 1, 3, 3, 3, 1, 3, 0, 3, 3, 0, 1, 0, 3, 1, 1, 3, 0, 3, 3, 0, 3, 3, 0, 1, 3, 0]","[3, 3, 1, 0, 1, 1, 3, 3, 3, 1, 1, 0, 1, 3, 3, 3, 1, 3, 0, 3, 3, 0, 1, 0, 3, 1, 1, 3, 0, 3, 3, 0, 3, 3, 0, 1, 3, 0]",17,5.681818181818182
Premier_League,2005,West Brom,"[1, 3, 0, 0, 0, 1, 0, 0, 3, 0, 0, 0, 3, 1, 1, 3, 0, 0, 3, 0, 0, 3, 0, 1, 3, 0, 0, 0, 1, 0, 0, 0, 1, 0, 1, 0, 0, 1]","[1, 3, 0, 0, 0, 1, 0, 0, 3, 0, 0, 0, 3, 1, 1, 3, 0, 0, 3, 0, 0, 3, 0, 1, 3, 0, 0, 0, 1, 0, 0, 0, 1, 0, 1, 0, 0, 1]",13,28.571428571428573
Premier_League,2005,West Ham,"[3, 1, 0, 3, 3, 1, 1, 0, 3, 0, 3, 1, 0, 3, 0, 3, 0, 1, 0, 0, 0, 3, 3, 3, 3, 3, 1, 0, 0, 3, 0, 1, 0, 3, 0, 0, 3, 3]","[3, 1, 0, 3, 3, 1, 1, 0, 3, 0, 3, 1, 0, 3, 0, 3, 0, 1, 0, 0, 0, 3, 3, 3, 3, 3, 1, 0, 0, 3, 0, 1, 0, 3, 0, 0, 3, 3]",12,3.9682539682539684
Premier_League,2005,Wigan,"[0, 0, 3, 3, 1, 3, 3, 3, 3, 3, 3, 0, 0, 0, 0, 0, 3, 3, 3, 0, 0, 0, 3, 1, 1, 0, 1, 0, 3, 3, 0, 1, 1, 0, 3, 0, 0, 0]","[0, 0, 3, 3, 1, 3, 3, 3, 3, 3, 3, 0, 0, 0, 0, 0, 3, 3, 3, 0, 0, 0, 3, 1, 1, 0, 1, 0, 3, 3, 0, 1, 1, 0, 3, 0, 0, 0]",19,23.25581395348837
Premier_League,2006,Arsenal,"[1, 0, 1, 3, 3, 3, 3, 3, 1, 0, 3, 1, 0, 0, 3, 1, 3, 1, 3, 3, 0, 3, 3, 3, 1, 3, 3, 3, 0, 0, 0, 1, 3, 3, 1, 3, 1, 1]","[1, 0, 1, 3, 3, 3, 3, 3, 1, 0, 3, 1, 0, 0, 3, 1, 3, 1, 3, 3, 0, 3, 3, 3, 1, 3, 3, 3, 0, 0, 0, 1, 3, 3, 1, 3, 1, 1]",10,9.345794392523365
Premier_League,2006,Aston Villa,"[1, 3, 3, 1, 1, 3, 1, 1, 1, 0, 3, 3, 1, 1, 0, 1, 1, 0, 0, 0, 0, 1, 0, 3, 0, 3, 0, 1, 0, 1, 1, 3, 1, 3, 1, 3, 3, 1]","[1, 3, 3, 1, 1, 3, 1, 1, 1, 0, 3, 3, 1, 1, 0, 1, 1, 0, 0, 0, 0, 1, 0, 3, 0, 3, 0, 1, 0, 1, 1, 3, 1, 3, 1, 3, 3, 1]",19,1.8148820326678765
Premier_League,2006,Blackburn,"[0, 1, 0, 1, 3, 3, 3, 1, 0, 0, 0, 0, 1, 3, 0, 0, 3, 0, 3, 3, 3, 0, 3, 0, 0, 3, 0, 3, 3, 0, 0, 0, 3, 1, 3, 3, 1, 1]","[0, 1, 0, 1, 3, 3, 3, 1, 0, 0, 0, 0, 1, 3, 0, 0, 3, 0, 3, 3, 3, 0, 3, 0, 0, 3, 0, 3, 3, 0, 0, 0, 3, 1, 3, 3, 1, 1]",2,2.865329512893983
Premier_League,2006,Bolton,"[3, 1, 0, 3, 1, 3, 3, 3, 3, 0, 0, 1, 0, 3, 0, 0, 3, 3, 3, 3, 3, 0, 1, 0, 1, 3, 3, 0, 0, 0, 3, 3, 1, 0, 0, 1, 0, 1]","[3, 1, 0, 3, 1, 3, 3, 3, 3, 0, 0, 1, 0, 3, 0, 0, 3, 3, 3, 3, 3, 0, 1, 0, 1, 3, 3, 0, 0, 0, 3, 3, 1, 0, 0, 1, 0, 1]",17,27.77777777777778
Premier_League,2006,Charlton,"[0, 0, 3, 0, 0, 0, 0, 0, 1, 1, 3, 0, 0, 1, 0, 3, 0, 0, 0, 1, 3, 0, 0, 3, 1, 0, 0, 3, 1, 3, 3, 1, 1, 0, 1, 0, 0, 1]","[0, 0, 3, 0, 0, 0, 0, 0, 1, 1, 3, 0, 0, 1, 0, 3, 0, 0, 0, 1, 3, 0, 0, 3, 1, 0, 0, 3, 1, 3, 3, 1, 1, 0, 1, 0, 0, 1]",5,4.672897196261682
Premier_League,2006,Chelsea,"[3, 0, 3, 3, 3, 3, 1, 3, 3, 3, 0, 3, 3, 1, 3, 1, 3, 3, 3, 1, 1, 1, 3, 0, 3, 3, 3, 3, 3, 3, 3, 3, 3, 1, 1, 1, 1, 1]","[3, 0, 3, 3, 3, 3, 1, 3, 3, 3, 0, 3, 3, 1, 3, 1, 3, 3, 3, 1, 1, 1, 3, 0, 3, 3, 3, 3, 3, 3, 3, 3, 3, 1, 1, 1, 1, 1]",5,83.82229673093043
Premier_League,2006,Everton,"[3, 1, 3, 3, 1, 1, 1, 0, 3, 1, 0, 0, 3, 1, 0, 3, 0, 0, 3, 1, 3, 0, 1, 3, 1, 3, 0, 3, 1, 3, 1, 3, 1, 3, 0, 0, 3, 1]","[3, 1, 3, 3, 1, 1, 1, 0, 3, 1, 0, 0, 3, 1, 0, 3, 0, 0, 3, 1, 3, 0, 1, 3, 1, 3, 0, 3, 1, 3, 1, 3, 1, 3, 0, 0, 3, 1]",4,3.861003861003861
Premier_League,2006,Fulham,"[0, 1, 3, 3, 1, 0, 1, 3, 1, 0, 3, 1, 0, 0, 3, 0, 0, 3, 1, 1, 1, 1, 1, 1, 0, 3, 0, 0, 1, 1, 1, 0, 0, 0, 1, 0, 3, 0]","[0, 1, 3, 3, 1, 0, 1, 3, 1, 0, 3, 1, 0, 0, 3, 0, 0, 3, 1, 1, 1, 1, 1, 1, 0, 3, 0, 0, 1, 1, 1, 0, 0, 0, 1, 0, 3, 0]",12,17.857142857142858
Premier_League,2006,Liverpool,"[1, 3, 0, 0, 3, 3, 0, 1, 0, 3, 3, 0, 1, 3, 1, 3, 3, 3, 3, 0, 3, 3, 3, 3, 3, 1, 0, 3, 0, 1, 3, 3, 1, 3, 3, 0, 0, 1]","[1, 3, 0, 0, 3, 3, 0, 1, 0, 3, 3, 0, 1, 3, 1, 3, 3, 3, 3, 0, 3, 3, 3, 3, 3, 1, 0, 3, 0, 1, 3, 3, 1, 3, 3, 0, 0, 1]",3,17.54385964912281
Premier_League,2006,Man City,"[0, 1, 3, 0, 0, 3, 1, 1, 0, 3, 0, 1, 3, 0, 3, 1, 0, 0, 0, 3, 3, 3, 1, 0, 0, 0, 0, 0, 3, 3, 1, 3, 1, 0, 1, 0, 0, 0]","[0, 1, 3, 0, 0, 3, 1, 1, 0, 3, 0, 1, 3, 0, 3, 1, 0, 0, 0, 3, 3, 3, 1, 0, 0, 0, 0, 0, 3, 3, 1, 3, 1, 0, 1, 0, 0, 0]",6,14.925373134328359
Premier_League,2006,Man United,"[3, 3, 3, 3, 0, 1, 3, 3, 3, 3, 3, 3, 3, 1, 3, 3, 3, 0, 3, 3, 3, 1, 3, 0, 3, 3, 3, 3, 3, 3, 3, 0, 3, 1, 3, 3, 1, 0]","[3, 3, 3, 3, 0, 1, 3, 3, 3, 3, 3, 3, 3, 1, 3, 3, 3, 0, 3, 3, 3, 1, 3, 0, 3, 3, 3, 3, 3, 3, 3, 0, 3, 1, 3, 3, 1, 0]",2,19.23076923076923
Premier_League,2006,Middlesbrough,"[0, 3, 0, 1, 1, 0, 0, 3, 3, 0, 0, 3, 1, 1, 0, 0, 1, 0, 3, 1, 0, 3, 3, 3, 1, 1, 0, 3, 1, 0, 0, 3, 0, 0, 1, 0, 3, 3]","[0, 3, 0, 1, 1, 0, 0, 3, 3, 0, 0, 3, 1, 1, 0, 0, 1, 0, 3, 1, 0, 3, 3, 3, 1, 1, 0, 3, 1, 0, 0, 3, 0, 0, 1, 0, 3, 3]",9,2.272727272727273
Premier_League,2006,Newcastle,"[3, 0, 0, 3, 0, 1, 0, 0, 0, 1, 0, 1, 1, 3, 3, 3, 0, 3, 3, 0, 0, 1, 3, 1, 3, 0, 3, 0, 1, 0, 0, 3, 1, 0, 1, 0, 0, 1]","[3, 0, 0, 3, 0, 1, 0, 0, 0, 1, 0, 1, 1, 3, 3, 3, 0, 3, 3, 0, 0, 1, 3, 1, 3, 0, 3, 0, 1, 0, 0, 3, 1, 0, 1, 0, 0, 1]",11,10.526315789473685
Premier_League,2006,Portsmouth,"[3, 1, 3, 3, 3, 0, 0, 3, 0, 3, 0, 1, 3, 0, 1, 1, 3, 1, 3, 3, 0, 1, 1, 0, 1, 0, 3, 0, 0, 1, 1, 3, 0, 3, 1, 3, 0, 1]","[3, 1, 3, 3, 3, 0, 0, 3, 0, 3, 0, 1, 3, 0, 1, 1, 3, 1, 3, 3, 0, 1, 1, 0, 1, 0, 3, 0, 0, 1, 1, 3, 0, 3, 1, 3, 0, 1]",18,20.833333333333332
Premier_League,2006,Reading,"[3, 0, 0, 3, 3, 1, 3, 0, 0, 0, 0, 3, 3, 3, 3, 0, 1, 0, 0, 1, 0, 3, 1, 3, 3, 3, 3, 0, 0, 1, 0, 0, 1, 3, 3, 3, 0, 1]","[3, 0, 0, 3, 3, 1, 3, 0, 0, 0, 0, 3, 3, 3, 3, 0, 1, 0, 0, 1, 0, 3, 1, 3, 3, 3, 3, 0, 0, 1, 0, 0, 1, 3, 3, 3, 0, 1]",11,5.1020408163265305
Premier_League,2006,Sheffield United,"[1, 0, 0, 1, 0, 0, 3, 1, 0, 0, 3, 1, 0, 0, 3, 3, 1, 3, 0, 0, 3, 0, 1, 0, 3, 0, 3, 0, 1, 0, 0, 0, 3, 0, 1, 3, 0, 0]","[1, 0, 0, 1, 0, 0, 3, 1, 0, 0, 3, 1, 0, 0, 3, 3, 1, 3, 0, 0, 3, 0, 1, 0, 3, 0, 3, 0, 1, 0, 0, 0, 3, 0, 1, 3, 0, 0]",11,4.065040650406504
Premier_League,2006,Tottenham,"[0, 3, 0, 0, 1, 0, 3, 1, 3, 1, 3, 0, 1, 3, 0, 3, 3, 3, 0, 3, 0, 1, 0, 1, 0, 0, 3, 3, 3, 3, 3, 0, 1, 1, 3, 3, 1, 3]","[0, 3, 0, 0, 1, 0, 3, 1, 3, 1, 3, 0, 1, 3, 0, 3, 3, 3, 0, 3, 0, 1, 0, 1, 0, 0, 3, 3, 3, 3, 3, 0, 1, 1, 3, 3, 1, 3]",18,1.721170395869191
Premier_League,2006,Watford,"[0, 1, 0, 0, 1, 1, 1, 0, 1, 1, 3, 0, 0, 0, 1, 1, 0, 0, 0, 1, 0, 0, 3, 0, 0, 3, 1, 0, 1, 0, 0, 0, 3, 0, 1, 0, 3, 1]","[0, 1, 0, 0, 1, 1, 1, 0, 1, 1, 3, 0, 0, 0, 1, 1, 0, 0, 0, 1, 0, 0, 3, 0, 0, 3, 1, 0, 1, 0, 0, 0, 3, 0, 1, 0, 3, 1]",11,1.4326647564469914
Premier_League,2006,West Ham,"[3, 1, 0, 1, 0, 0, 0, 0, 0, 3, 3, 0, 0, 3, 0, 0, 0, 3, 1, 0, 0, 0, 1, 1, 0, 0, 0, 0, 0, 3, 3, 3, 0, 0, 3, 3, 3, 3]","[3, 1, 0, 1, 0, 0, 0, 0, 0, 3, 3, 0, 0, 3, 0, 0, 0, 3, 1, 0, 0, 0, 1, 1, 0, 0, 0, 0, 0, 3, 3, 3, 0, 0, 3, 3, 3, 3]",19,1.3123359580052494
Premier_League,2006,Wigan,"[0, 3, 0, 1, 1, 0, 0, 3, 3, 3, 3, 1, 0, 0, 3, 1, 0, 0, 0, 0, 0, 0, 0, 0, 3, 0, 1, 3, 3, 1, 0, 0, 1, 1, 0, 0, 0, 3]","[0, 3, 0, 1, 1, 0, 0, 3, 3, 3, 3, 1, 0, 0, 3, 1, 0, 0, 0, 0, 0, 0, 0, 0, 3, 0, 1, 3, 3, 1, 0, 0, 1, 1, 0, 0, 0, 3]",9,4.065040650406504
Premier_League,2007,Arsenal,"[3, 1, 3, 3, 3, 3, 3, 3, 3, 1, 1, 3, 3, 3, 1, 0, 3, 3, 1, 3, 3, 1, 3, 3, 3, 3, 1, 1, 1, 1, 0, 3, 1, 0, 3, 3, 3, 3]","[3, 1, 3, 3, 3, 3, 3, 3, 3, 1, 1, 3, 3, 3, 1, 0, 3, 3, 1, 3, 3, 1, 3, 3, 3, 3, 1, 1, 1, 1, 0, 3, 1, 0, 3, 3, 3, 3]",12,20.833333333333332
Premier_League,2007,Aston Villa,"[0, 1, 3, 3, 0, 3, 1, 3, 0, 1, 3, 3, 3, 3, 0, 0, 1, 1, 1, 3, 3, 3, 1, 1, 0, 3, 3, 1, 1, 0, 0, 0, 3, 3, 3, 1, 0, 1]","[0, 1, 3, 3, 0, 3, 1, 3, 0, 1, 3, 3, 3, 3, 0, 0, 1, 1, 1, 3, 3, 3, 1, 1, 0, 3, 3, 1, 1, 0, 0, 0, 3, 3, 3, 1, 0, 1]",11,7.246376811594203
Premier_League,2007,Birmingham,"[0, 1, 0, 3, 0, 3, 1, 0, 0, 0, 3, 0, 0, 0, 3, 0, 1, 0, 3, 1, 0, 1, 0, 0, 1, 1, 1, 3, 0, 1, 0, 3, 0, 1, 0, 1, 0, 3]","[0, 1, 0, 3, 0, 3, 1, 0, 0, 0, 3, 0, 0, 0, 3, 0, 1, 0, 3, 1, 0, 1, 0, 0, 1, 1, 1, 3, 0, 1, 0, 3, 0, 1, 0, 1, 0, 3]",18,2.028397565922921
Premier_League,2007,Blackburn,"[3, 1, 1, 3, 1, 0, 3, 3, 3, 3, 1, 0, 1, 0, 3, 0, 0, 0, 1, 3, 3, 3, 1, 1, 1, 0, 3, 3, 1, 0, 3, 1, 1, 0, 1, 3, 3, 0]","[3, 1, 1, 3, 1, 0, 3, 3, 3, 3, 1, 0, 1, 0, 3, 0, 0, 0, 1, 3, 3, 3, 1, 1, 1, 0, 3, 3, 1, 0, 3, 1, 1, 0, 1, 3, 3, 0]",1,4.016064257028113
Premier_League,2007,Bolton,"[0, 0, 0, 3, 0, 0, 1, 1, 0, 0, 1, 1, 1, 3, 0, 3, 0, 3, 0, 0, 3, 0, 1, 1, 3, 0, 0, 0, 0, 0, 1, 0, 0, 3, 3, 1, 3, 1]","[0, 0, 0, 3, 0, 0, 1, 1, 0, 0, 1, 1, 1, 3, 0, 3, 0, 3, 0, 0, 3, 0, 1, 1, 3, 0, 0, 0, 0, 0, 1, 0, 0, 3, 3, 1, 3, 1]",13,2.0876826722338206
Premier_League,2007,Chelsea,"[3, 3, 1, 3, 0, 1, 0, 1, 3, 3, 3, 3, 1, 3, 3, 3, 0, 3, 1, 3, 3, 3, 3, 3, 1, 1, 3, 3, 3, 1, 3, 3, 3, 1, 3, 3, 3, 1]","[3, 3, 1, 3, 0, 1, 0, 1, 3, 3, 3, 3, 1, 3, 3, 3, 0, 3, 1, 3, 3, 3, 3, 3, 1, 1, 3, 3, 3, 1, 3, 3, 3, 1, 3, 3, 3, 1]",1,3.0120481927710845
Premier_League,2007,Derby,"[1, 0, 0, 0, 0, 3, 0, 1, 0, 1, 0, 0, 0, 0, 0, 0, 0, 1, 0, 0, 0, 0, 0, 1, 1, 0, 0, 1, 0, 0, 0, 1, 0, 0, 0, 0, 0, 0]","[1, 0, 0, 0, 0, 3, 0, 1, 0, 1, 0, 0, 0, 0, 0, 0, 0, 1, 0, 0, 0, 0, 0, 1, 1, 0, 0, 1, 0, 0, 0, 1, 0, 0, 0, 0, 0, 0]",6,6.024096385542169
Premier_League,2007,Everton,"[3, 3, 0, 1, 3, 0, 0, 3, 0, 0, 3, 3, 1, 3, 1, 3, 3, 0, 3, 0, 3, 3, 3, 1, 1, 3, 3, 3, 3, 0, 1, 0, 3, 1, 0, 1, 0, 3]","[3, 3, 0, 1, 3, 0, 0, 3, 0, 0, 3, 3, 1, 3, 1, 3, 3, 0, 3, 0, 3, 3, 3, 1, 1, 3, 3, 3, 3, 0, 1, 0, 3, 1, 0, 1, 0, 3]",9,18.51851851851852
Premier_League,2007,Fulham,"[0, 3, 0, 0, 1, 1, 1, 1, 0, 1, 1, 3, 0, 1, 0, 0, 0, 1, 0, 1, 0, 0, 0, 1, 3, 0, 0, 0, 1, 3, 0, 1, 0, 3, 0, 3, 3, 3]","[0, 3, 0, 0, 1, 1, 1, 1, 0, 1, 1, 3, 0, 1, 0, 0, 0, 1, 0, 1, 0, 0, 0, 1, 3, 0, 0, 0, 1, 3, 0, 1, 0, 3, 0, 3, 3, 3]",18,1.1160714285714286
Premier_League,2007,Liverpool,"[3, 1, 3, 3, 1, 1, 3, 1, 3, 1, 1, 3, 3, 3, 0, 0, 3, 3, 1, 1, 1, 1, 0, 3, 1, 3, 3, 3, 3, 3, 0, 3, 1, 3, 3, 1, 3, 3]","[3, 1, 3, 3, 1, 1, 3, 1, 3, 1, 1, 3, 3, 3, 0, 0, 3, 3, 1, 1, 1, 1, 0, 3, 1, 3, 3, 3, 3, 3, 0, 3, 1, 3, 3, 1, 3, 3]",19,1.5197568389057752
Premier_League,2007,Man City,"[3, 3, 3, 0, 0, 3, 1, 3, 3, 3, 0, 3, 1, 3, 1, 0, 3, 1, 1, 1, 3, 0, 1, 1, 0, 3, 0, 1, 0, 3, 1, 0, 0, 3, 3, 0, 0, 0]","[3, 3, 3, 0, 0, 3, 1, 3, 3, 3, 0, 3, 1, 3, 1, 0, 3, 1, 1, 1, 3, 0, 1, 1, 0, 3, 0, 1, 0, 3, 1, 0, 0, 3, 3, 0, 0, 0]",17,45.45454545454545
Premier_League,2007,Man United,"[1, 1, 0, 3, 3, 3, 3, 3, 3, 3, 3, 1, 3, 0, 3, 3, 3, 3, 3, 0, 3, 3, 3, 3, 1, 0, 3, 3, 3, 3, 3, 3, 1, 3, 1, 0, 3, 3]","[1, 1, 0, 3, 3, 3, 3, 3, 3, 3, 3, 1, 3, 0, 3, 3, 3, 3, 3, 0, 3, 3, 3, 3, 1, 0, 3, 3, 3, 3, 3, 3, 1, 3, 1, 0, 3, 3]",6,4.739336492890995
Premier_League,2007,Middlesbrough,"[0, 0, 3, 1, 3, 0, 1, 0, 0, 0, 0, 1, 1, 0, 1, 3, 3, 0, 0, 3, 0, 1, 1, 3, 1, 3, 0, 0, 1, 1, 3, 0, 1, 1, 0, 0, 3, 3]","[0, 0, 3, 1, 3, 0, 1, 0, 0, 0, 0, 1, 1, 0, 1, 3, 3, 0, 0, 3, 0, 1, 1, 3, 1, 3, 0, 0, 1, 1, 3, 0, 1, 1, 0, 0, 3, 3]",12,1.8867924528301887
Premier_League,2007,Newcastle,"[3, 1, 1, 3, 0, 3, 0, 3, 3, 0, 0, 1, 0, 0, 1, 3, 3, 1, 0, 0, 0, 0, 1, 0, 1, 0, 0, 0, 0, 1, 3, 3, 3, 1, 3, 1, 0, 0]","[3, 1, 1, 3, 0, 3, 0, 3, 3, 0, 0, 1, 0, 0, 1, 3, 3, 1, 0, 0, 0, 0, 1, 0, 1, 0, 0, 0, 0, 1, 3, 3, 3, 1, 3, 1, 0, 0]",19,5.780346820809249
Premier_League,2007,Portsmouth,"[1, 1, 3, 0, 0, 1, 3, 3, 3, 3, 1, 3, 1, 3, 1, 3, 0, 0, 1, 0, 3, 0, 3, 0, 1, 3, 3, 0, 3, 3, 0, 3, 3, 1, 0, 0, 0, 0]","[1, 1, 3, 0, 0, 1, 3, 3, 3, 3, 1, 3, 1, 3, 1, 3, 0, 0, 1, 0, 3, 0, 3, 0, 1, 3, 3, 0, 3, 3, 0, 3, 3, 1, 0, 0, 0, 0]",4,97.46588693957115
Premier_League,2007,Reading,"[1, 0, 3, 0, 0, 0, 3, 0, 3, 0, 3, 0, 0, 0, 1, 3, 1, 3, 1, 0, 0, 0, 0, 0, 0, 0, 0, 3, 3, 0, 3, 1, 0, 0, 0, 1, 0, 3]","[1, 0, 3, 0, 0, 0, 3, 0, 3, 0, 3, 0, 0, 0, 1, 3, 1, 3, 1, 0, 0, 0, 0, 0, 0, 0, 0, 3, 3, 0, 3, 1, 0, 0, 0, 1, 0, 3]",19,5.2356020942408374
Premier_League,2007,Sunderland,"[3, 1, 0, 0, 0, 3, 1, 0, 0, 0, 1, 0, 1, 0, 3, 0, 1, 0, 0, 3, 0, 3, 0, 3, 0, 3, 0, 1, 0, 0, 3, 3, 3, 0, 0, 3, 0, 0]","[3, 1, 0, 0, 0, 3, 1, 0, 0, 0, 1, 0, 1, 0, 3, 0, 1, 0, 0, 3, 0, 3, 0, 3, 0, 3, 0, 1, 0, 0, 3, 3, 3, 0, 0, 3, 0, 0]",5,3.4482758620689653
Premier_League,2007,Tottenham,"[0, 0, 3, 0, 1, 0, 1, 1, 1, 0, 0, 1, 3, 1, 0, 3, 3, 0, 3, 3, 0, 0, 3, 1, 1, 3, 0, 3, 0, 1, 3, 0, 1, 1, 1, 1, 3, 0]","[0, 0, 3, 0, 1, 0, 1, 1, 1, 0, 0, 1, 3, 1, 0, 3, 3, 0, 3, 3, 0, 0, 3, 1, 1, 3, 0, 3, 0, 1, 3, 0, 1, 1, 1, 1, 3, 0]",1,2.6881720430107525
Premier_League,2007,West Ham,"[0, 3, 1, 3, 3, 0, 0, 0, 3, 1, 1, 3, 1, 0, 3, 0, 3, 1, 3, 0, 3, 1, 3, 0, 1, 3, 0, 0, 0, 3, 1, 0, 0, 0, 3, 1, 0, 1]","[0, 3, 1, 3, 3, 0, 0, 0, 3, 1, 1, 3, 1, 0, 3, 0, 3, 1, 3, 0, 3, 1, 3, 0, 1, 3, 0, 0, 0, 3, 1, 0, 0, 0, 3, 1, 0, 1]",12,22.22222222222222
Premier_League,2007,Wigan,"[0, 3, 3, 1, 0, 1, 0, 0, 0, 0, 0, 0, 0, 0, 1, 0, 3, 1, 3, 0, 1, 3, 0, 0, 3, 0, 3, 1, 1, 3, 0, 0, 3, 1, 1, 1, 3, 0]","[0, 3, 3, 1, 0, 1, 0, 0, 0, 0, 0, 0, 0, 0, 1, 0, 3, 1, 3, 0, 1, 3, 0, 0, 3, 0, 3, 1, 1, 3, 0, 0, 3, 1, 1, 1, 3, 0]",1,2.197802197802198
Premier_League,2008,Arsenal,"[3, 0, 3, 3, 3, 0, 1, 3, 3, 1, 0, 3, 0, 0, 3, 3, 1, 1, 1, 3, 3, 3, 1, 1, 1, 1, 1, 3, 3, 3, 3, 3, 1, 3, 3, 0, 1, 3]","[3, 0, 3, 3, 3, 0, 1, 3, 3, 1, 0, 3, 0, 0, 3, 3, 1, 1, 1, 3, 3, 3, 1, 1, 1, 1, 1, 3, 3, 3, 3, 3, 1, 3, 3, 0, 1, 3]",3,3.5211267605633805
Premier_League,2008,Aston Villa,"[3, 0, 1, 3, 3, 3, 0, 1, 3, 3, 0, 0, 3, 1, 1, 3, 3, 3, 1, 3, 3, 3, 3, 1, 3, 0, 1, 0, 0, 0, 0, 1, 1, 1, 3, 0, 1, 3]","[3, 0, 1, 3, 3, 3, 0, 1, 3, 3, 0, 0, 3, 1, 1, 3, 3, 3, 1, 3, 3, 3, 3, 1, 3, 0, 1, 0, 0, 0, 0, 1, 1, 1, 3, 0, 1, 3]",13,189.3939393939394
Premier_League,2008,Blackburn,"[3, 1, 0, 0, 3, 3, 0, 1, 1, 0, 1, 0, 0, 0, 0, 0, 0, 3, 1, 1, 3, 1, 1, 0, 0, 3, 1, 3, 0, 1, 3, 0, 0, 3, 0, 3, 0, 1]","[3, 1, 0, 0, 3, 3, 0, 1, 1, 0, 1, 0, 0, 0, 0, 0, 0, 3, 1, 1, 3, 1, 1, 0, 0, 3, 1, 3, 0, 1, 3, 0, 0, 3, 0, 3, 0, 1]",2,2.127659574468085
Premier_League,2008,Bolton,"[3, 0, 1, 0, 0, 0, 3, 1, 0, 0, 3, 3, 0, 3, 3, 0, 0, 3, 0, 0, 0, 0, 1, 3, 0, 3, 3, 0, 0, 1, 3, 0, 0, 1, 1, 1, 1, 0]","[3, 0, 1, 0, 0, 0, 3, 1, 0, 0, 3, 3, 0, 3, 3, 0, 0, 3, 0, 0, 0, 0, 1, 3, 0, 3, 3, 0, 0, 1, 3, 0, 0, 1, 1, 1, 1, 0]",7,5.9523809523809526
Premier_League,2008,Chelsea,"[3, 3, 1, 3, 1, 3, 3, 3, 0, 3, 3, 3, 3, 1, 0, 3, 1, 1, 3, 1, 0, 3, 3, 0, 1, 3, 3, 3, 3, 0, 3, 3, 1, 3, 3, 3, 3, 3]","[3, 3, 1, 3, 1, 3, 3, 3, 0, 3, 3, 3, 3, 1, 0, 3, 1, 1, 3, 1, 0, 3, 3, 0, 1, 3, 3, 3, 3, 0, 3, 3, 1, 3, 3, 3, 3, 3]",19,1.6474464579901154
Premier_League,2008,Everton,"[0, 3, 0, 3, 1, 0, 1, 0, 1, 3, 3, 3, 1, 0, 3, 0, 3, 1, 3, 3, 3, 1, 1, 0, 3, 1, 3, 1, 3, 0, 3, 1, 1, 0, 3, 1, 3, 3]","[0, 3, 0, 3, 1, 0, 1, 0, 1, 3, 3, 3, 1, 0, 3, 0, 3, 1, 3, 3, 3, 1, 1, 0, 3, 1, 3, 1, 3, 0, 3, 1, 1, 0, 3, 1, 3, 3]",17,1.9083969465648856
Premier_League,2008,Fulham,"[0, 3, 3, 0, 0, 0, 1, 1, 3, 0, 3, 3, 1, 1, 1, 1, 3, 1, 1, 0, 0, 3, 1, 0, 3, 1, 0, 0, 3, 3, 0, 3, 1, 3, 0, 3, 3, 0]","[0, 3, 3, 0, 0, 0, 1, 1, 3, 0, 3, 3, 1, 1, 1, 1, 3, 1, 1, 0, 0, 3, 1, 0, 3, 1, 0, 0, 3, 3, 0, 3, 1, 3, 0, 3, 3, 0]",1,2.857142857142857
Premier_League,2008,Hull,"[3, 1, 0, 3, 1, 3, 3, 3, 3, 0, 0, 0, 1, 1, 1, 3, 1, 0, 0, 0, 0, 0, 0, 1, 1, 0, 0, 3, 1, 0, 1, 0, 0, 0, 0, 0, 1, 0]","[3, 1, 0, 3, 1, 3, 3, 3, 3, 0, 0, 0, 1, 1, 1, 3, 1, 0, 0, 0, 0, 0, 0, 1, 1, 0, 0, 3, 1, 0, 1, 0, 0, 0, 0, 0, 1, 0]",19,185.5287569573284
Premier_League,2008,Liverpool,"[3, 3, 1, 3, 1, 3, 3, 3, 3, 3, 0, 3, 3, 1, 1, 3, 1, 1, 3, 3, 1, 1, 1, 3, 3, 1, 0, 3, 3, 3, 3, 3, 1, 3, 3, 3, 3, 3]","[3, 3, 1, 3, 1, 3, 3, 3, 3, 3, 0, 3, 3, 1, 1, 3, 1, 1, 3, 3, 1, 1, 1, 3, 3, 1, 0, 3, 3, 3, 3, 3, 1, 3, 3, 3, 3, 3]",18,1.6313213703099512
Premier_League,2008,Man City,"[0, 3, 3, 0, 3, 0, 0, 1, 3, 0, 0, 0, 1, 3, 0, 1, 0, 0, 3, 1, 3, 3, 0, 3, 0, 1, 0, 3, 0, 3, 0, 0, 3, 3, 3, 0, 0, 3]","[0, 3, 3, 0, 3, 0, 0, 1, 3, 0, 0, 0, 1, 3, 0, 1, 0, 0, 3, 1, 3, 3, 0, 3, 0, 1, 0, 3, 0, 3, 0, 0, 3, 3, 3, 0, 0, 3]",3,2.1186440677966103
Premier_League,2008,Man United,"[1, 3, 0, 1, 3, 3, 3, 1, 3, 3, 0, 3, 1, 3, 3, 1, 3, 3, 3, 3, 3, 3, 3, 3, 3, 3, 3, 0, 0, 3, 3, 3, 3, 3, 3, 3, 1, 3]","[1, 3, 0, 1, 3, 3, 3, 1, 3, 3, 0, 3, 1, 3, 3, 1, 3, 3, 3, 3, 3, 3, 3, 3, 3, 3, 3, 0, 0, 3, 3, 3, 3, 3, 3, 3, 1, 3]",11,2.358490566037736
Premier_League,2008,Middlesbrough,"[3, 0, 3, 0, 0, 0, 3, 0, 1, 3, 1, 3, 1, 0, 1, 0, 1, 0, 0, 0, 1, 0, 0, 1, 0, 1, 3, 0, 1, 0, 0, 3, 1, 0, 0, 0, 1, 0]","[3, 0, 3, 0, 0, 0, 3, 0, 1, 3, 1, 3, 1, 0, 1, 0, 1, 0, 0, 0, 1, 0, 0, 1, 0, 1, 3, 0, 1, 0, 0, 3, 1, 0, 0, 0, 1, 0]",5,7.042253521126761
Premier_League,2008,Newcastle,"[1, 3, 0, 0, 0, 0, 1, 1, 0, 3, 3, 0, 1, 1, 1, 1, 3, 3, 0, 0, 1, 0, 0, 1, 3, 1, 0, 0, 1, 0, 0, 1, 0, 1, 0, 3, 0, 0]","[1, 3, 0, 0, 0, 0, 1, 1, 0, 3, 3, 0, 1, 1, 1, 1, 3, 3, 0, 0, 1, 0, 0, 1, 3, 1, 0, 0, 1, 0, 0, 1, 0, 1, 0, 3, 0, 0]",19,12.048192771084338
Premier_League,2008,Portsmouth,"[0, 0, 3, 3, 0, 3, 3, 1, 1, 0, 0, 3, 1, 1, 3, 1, 0, 0, 0, 0, 1, 0, 0, 0, 3, 1, 0, 1, 3, 1, 1, 3, 0, 1, 0, 0, 3, 0]","[0, 0, 3, 3, 0, 3, 3, 1, 1, 0, 0, 3, 1, 1, 3, 1, 0, 0, 0, 0, 1, 0, 0, 0, 3, 1, 0, 1, 3, 1, 1, 3, 0, 1, 0, 0, 3, 0]",6,3.7313432835820897
Premier_League,2008,Stoke,"[0, 3, 0, 0, 1, 0, 0, 3, 0, 3, 3, 1, 0, 3, 1, 1, 1, 0, 0, 0, 1, 0, 0, 3, 0, 1, 1, 3, 0, 3, 3, 1, 3, 0, 0, 3, 3, 0]","[0, 3, 0, 0, 1, 0, 0, 3, 0, 3, 3, 1, 0, 3, 1, 1, 1, 0, 0, 0, 1, 0, 0, 3, 0, 1, 1, 3, 0, 3, 3, 1, 3, 0, 0, 3, 3, 0]",1,2.320185614849188
Premier_League,2008,Sunderland,"[0, 3, 0, 1, 3, 0, 1, 1, 3, 0, 0, 0, 3, 0, 0, 0, 3, 3, 1, 0, 1, 0, 3, 1, 3, 1, 0, 1, 0, 0, 0, 0, 3, 0, 0, 1, 0, 0]","[0, 3, 0, 1, 3, 0, 1, 1, 3, 0, 0, 0, 3, 0, 0, 0, 3, 3, 1, 0, 1, 0, 3, 1, 3, 1, 0, 1, 0, 0, 0, 0, 3, 0, 0, 1, 0, 0]",12,20.833333333333332
Premier_League,2008,Tottenham,"[0, 0, 1, 0, 1, 0, 0, 0, 3, 1, 3, 3, 0, 3, 0, 3, 1, 0, 1, 0, 0, 1, 3, 0, 1, 3, 3, 1, 3, 3, 0, 3, 3, 0, 3, 1, 3, 0]","[0, 0, 1, 0, 1, 0, 0, 0, 3, 1, 3, 3, 0, 3, 0, 3, 1, 0, 1, 0, 0, 1, 3, 0, 1, 3, 3, 1, 3, 3, 0, 3, 3, 0, 3, 1, 3, 0]",1,2.6178010471204187
Premier_League,2008,West Brom,"[0, 0, 1, 3, 0, 3, 3, 0, 0, 0, 1, 0, 0, 0, 0, 1, 0, 3, 0, 3, 0, 3, 0, 1, 0, 0, 0, 0, 1, 1, 0, 1, 0, 3, 0, 3, 0, 1]","[0, 0, 1, 3, 0, 3, 3, 0, 0, 0, 1, 0, 0, 0, 0, 1, 0, 3, 0, 3, 0, 3, 0, 1, 0, 0, 0, 0, 1, 1, 0, 1, 0, 3, 0, 3, 0, 1]",16,3.5714285714285716
Premier_League,2008,West Ham,"[3, 0, 3, 0, 3, 3, 0, 0, 0, 0, 1, 0, 1, 3, 1, 0, 1, 0, 3, 3, 1, 3, 3, 1, 0, 0, 3, 3, 1, 1, 3, 0, 1, 0, 3, 0, 0, 3]","[3, 0, 3, 0, 3, 3, 0, 0, 0, 0, 1, 0, 1, 3, 1, 0, 1, 0, 3, 3, 1, 3, 3, 1, 0, 0, 3, 3, 1, 1, 3, 0, 1, 0, 3, 0, 0, 3]",7,3.3557046979865772
Premier_League,2008,Wigan,"[0, 0, 3, 1, 1, 3, 0, 0, 0, 0, 3, 1, 1, 3, 3, 0, 3, 3, 3, 3, 0, 0, 1, 1, 1, 1, 0, 0, 3, 3, 0, 0, 0, 1, 0, 0, 0, 3]","[0, 0, 3, 1, 1, 3, 0, 0, 0, 0, 3, 1, 1, 3, 3, 0, 3, 3, 3, 3, 0, 0, 1, 1, 1, 1, 0, 0, 3, 3, 0, 0, 0, 1, 0, 0, 0, 3]",18,23.25581395348837
Premier_League,2009,Arsenal,"[3, 3, 0, 0, 3, 3, 3, 3, 1, 3, 3, 0, 0, 3, 3, 1, 3, 3, 3, 1, 3, 3, 1, 0, 0, 3, 3, 3, 3, 3, 3, 1, 3, 0, 0, 1, 0, 3]","[3, 3, 0, 0, 3, 3, 3, 3, 1, 3, 3, 0, 0, 3, 3, 1, 3, 3, 3, 1, 3, 3, 1, 0, 0, 3, 3, 3, 3, 3, 3, 1, 3, 0, 0, 1, 0, 3]",5,32.25806451612903
Premier_League,2009,Aston Villa,"[0, 3, 3, 3, 3, 0, 1, 3, 1, 1, 0, 3, 1, 1, 3, 3, 3, 3, 0, 0, 1, 1, 3, 1, 1, 3, 1, 3, 1, 1, 0, 3, 1, 3, 3, 3, 0, 0]","[0, 3, 3, 3, 3, 0, 1, 3, 1, 1, 0, 3, 1, 1, 3, 3, 3, 3, 0, 0, 1, 1, 3, 1, 1, 3, 1, 3, 1, 1, 0, 3, 1, 3, 3, 3, 0, 0]",2,17.24137931034483
Premier_League,2009,Birmingham,"[0, 3, 1, 0, 0, 3, 0, 0, 0, 3, 1, 1, 3, 3, 3, 3, 3, 1, 1, 3, 1, 0, 1, 3, 0, 0, 3, 3, 1, 0, 0, 1, 1, 0, 1, 0, 3, 0]","[0, 3, 1, 0, 0, 3, 0, 0, 0, 3, 1, 1, 3, 3, 3, 3, 3, 1, 1, 3, 1, 0, 1, 3, 0, 0, 3, 3, 1, 0, 0, 1, 1, 0, 1, 0, 3, 0]",10,21.27659574468085
Premier_League,2009,Blackburn,"[0, 0, 1, 3, 0, 3, 0, 3, 0, 0, 3, 3, 0, 1, 1, 1, 0, 0, 1, 1, 0, 3, 3, 1, 0, 3, 3, 0, 0, 1, 3, 3, 1, 1, 0, 1, 3, 3]","[0, 0, 1, 3, 0, 3, 0, 3, 0, 0, 3, 3, 0, 1, 1, 1, 0, 0, 1, 1, 0, 3, 3, 1, 0, 3, 3, 0, 0, 1, 3, 3, 1, 1, 0, 1, 3, 3]",11,1.4005602240896358
Premier_League,2009,Bolton,"[0, 0, 0, 3, 1, 3, 1, 0, 3, 0, 0, 0, 1, 0, 1, 3, 1, 1, 0, 0, 3, 0, 1, 0, 1, 0, 3, 3, 0, 3, 0, 0, 0, 0, 3, 1, 0, 3]","[0, 0, 0, 3, 1, 3, 1, 0, 3, 0, 0, 0, 1, 0, 1, 3, 1, 1, 0, 0, 3, 0, 1, 0, 1, 0, 3, 3, 0, 3, 0, 0, 0, 0, 3, 1, 0, 3]",8,2.4752475247524752
Premier_League,2009,Burnley,"[0, 3, 3, 0, 0, 3, 0, 3, 0, 0, 3, 1, 1, 0, 0, 1, 1, 0, 1, 0, 0, 0, 0, 3, 0, 0, 0, 0, 1, 0, 0, 0, 0, 3, 0, 0, 0, 3]","[0, 3, 3, 0, 0, 3, 0, 3, 0, 0, 3, 1, 1, 0, 0, 1, 1, 0, 1, 0, 0, 0, 0, 3, 0, 0, 0, 0, 1, 0, 0, 0, 0, 3, 0, 0, 0, 3]",19,8.547008547008547
Premier_League,2009,Chelsea,"[3, 3, 3, 3, 3, 3, 0, 3, 0, 3, 3, 3, 3, 3, 0, 1, 3, 1, 1, 3, 3, 3, 3, 1, 3, 0, 3, 0, 3, 1, 3, 3, 3, 3, 0, 3, 3, 3]","[3, 3, 3, 3, 3, 3, 0, 3, 0, 3, 3, 3, 3, 3, 0, 1, 3, 1, 1, 3, 3, 3, 3, 1, 3, 0, 3, 0, 3, 1, 3, 3, 3, 3, 0, 3, 3, 3]",15,2.808988764044944
Premier_League,2009,Everton,"[0, 0, 3, 0, 3, 3, 1, 1, 0, 1, 3, 0, 0, 0, 1, 1, 1, 1, 3, 1, 3, 3, 3, 0, 3, 3, 0, 3, 1, 3, 3, 1, 1, 1, 3, 3, 1, 3]","[0, 0, 3, 0, 3, 3, 1, 1, 0, 1, 3, 0, 0, 0, 1, 1, 1, 1, 3, 1, 3, 3, 3, 0, 3, 3, 0, 3, 1, 3, 3, 1, 1, 1, 3, 3, 1, 3]",7,1.2853470437017995
Premier_League,2009,Fulham,"[3, 0, 0, 3, 0, 0, 1, 3, 1, 3, 1, 0, 3, 1, 3, 1, 3, 1, 0, 0, 0, 0, 0, 3, 1, 3, 3, 1, 0, 0, 0, 3, 1, 1, 0, 3, 0, 0]","[3, 0, 0, 3, 0, 0, 1, 3, 1, 3, 1, 0, 3, 1, 3, 1, 3, 1, 0, 0, 0, 0, 0, 3, 1, 3, 3, 1, 0, 0, 0, 3, 1, 1, 0, 3, 0, 0]",11,6.289308176100629
Premier_League,2009,Hull,"[0, 0, 3, 1, 0, 0, 0, 3, 0, 1, 0, 3, 1, 3, 1, 0, 1, 0, 0, 1, 1, 0, 1, 1, 3, 0, 0, 0, 0, 0, 3, 0, 0, 1, 0, 0, 1, 1]","[0, 0, 3, 1, 0, 0, 0, 3, 0, 1, 0, 3, 1, 3, 1, 0, 1, 0, 0, 1, 1, 0, 1, 1, 3, 0, 0, 0, 0, 0, 3, 0, 0, 1, 0, 0, 1, 1]",13,8.333333333333334
Premier_League,2009,Liverpool,"[0, 3, 0, 3, 3, 3, 3, 0, 0, 3, 0, 1, 1, 3, 1, 0, 3, 0, 3, 3, 1, 3, 1, 3, 3, 0, 1, 3, 0, 3, 0, 3, 1, 1, 3, 3, 0, 1]","[0, 3, 0, 3, 3, 3, 3, 0, 0, 3, 0, 1, 1, 3, 1, 0, 3, 0, 3, 3, 1, 3, 1, 3, 3, 0, 1, 3, 0, 3, 0, 3, 1, 1, 3, 3, 0, 1]",2,4.651162790697675
Premier_League,2009,Man City,"[3, 3, 3, 3, 0, 3, 1, 1, 1, 1, 1, 1, 1, 3, 1, 0, 3, 3, 3, 3, 0, 3, 0, 3, 1, 1, 3, 1, 3, 0, 3, 3, 3, 0, 1, 3, 0, 1]","[3, 3, 3, 3, 0, 3, 1, 1, 1, 1, 1, 1, 1, 3, 1, 0, 3, 3, 3, 3, 0, 3, 0, 3, 1, 1, 3, 1, 3, 0, 3, 3, 3, 0, 1, 3, 0, 1]",5,9.803921568627452
Premier_League,2009,Man United,"[3, 0, 3, 3, 3, 3, 3, 1, 3, 0, 3, 0, 3, 3, 3, 0, 3, 0, 3, 3, 1, 3, 3, 3, 3, 1, 0, 3, 3, 3, 3, 3, 0, 1, 3, 3, 3, 3]","[3, 0, 3, 3, 3, 3, 3, 1, 3, 0, 3, 0, 3, 3, 3, 0, 3, 0, 3, 3, 1, 3, 3, 3, 3, 1, 0, 3, 3, 3, 3, 3, 0, 1, 3, 3, 3, 3]",13,1.9455252918287937
Premier_League,2009,Portsmouth,"[0, 0, 0, 0, 0, 0, 0, 3, 0, 1, 3, 0, 0, 0, 3, 1, 0, 3, 0, 0, 1, 0, 0, 0, 1, 0, 3, 0, 0, 3, 0, 0, 1, 1, 0, 1, 3, 0]","[0, 0, 0, 0, 0, 0, 0, 3, 0, 1, 3, 0, 0, 0, 3, 1, 0, 3, 0, 0, 1, 0, 0, 0, 1, 0, 3, 0, 0, 3, 0, 0, 1, 1, 0, 1, 3, 0]",19,1.7064846416382253
Premier_League,2009,Stoke,"[3, 0, 1, 3, 0, 1, 0, 1, 3, 3, 1, 0, 3, 1, 0, 1, 0, 0, 0, 3, 1, 1, 3, 1, 1, 3, 0, 1, 1, 0, 3, 3, 1, 0, 0, 1, 3, 0]","[3, 0, 1, 3, 0, 1, 0, 1, 3, 3, 1, 0, 3, 1, 0, 1, 0, 0, 0, 3, 1, 1, 3, 1, 1, 3, 0, 1, 1, 0, 3, 3, 1, 0, 0, 1, 3, 0]",5,3.8314176245210727
Premier_League,2009,Sunderland,"[3, 0, 3, 0, 3, 0, 3, 1, 3, 0, 1, 0, 3, 0, 0, 1, 0, 0, 1, 1, 0, 0, 1, 1, 1, 0, 1, 3, 1, 3, 1, 0, 3, 0, 3, 3, 0, 0]","[3, 0, 3, 0, 3, 0, 3, 1, 3, 0, 1, 0, 3, 0, 0, 1, 0, 0, 1, 1, 0, 0, 1, 1, 1, 0, 1, 3, 1, 3, 1, 0, 3, 0, 3, 3, 0, 0]",2,5.847953216374269
Premier_League,2009,Tottenham,"[3, 3, 3, 3, 0, 0, 3, 1, 3, 0, 0, 3, 3, 1, 1, 0, 3, 3, 1, 3, 1, 0, 3, 1, 1, 0, 3, 3, 3, 3, 3, 0, 3, 3, 0, 3, 3, 0]","[3, 3, 3, 3, 0, 0, 3, 1, 3, 0, 0, 3, 3, 1, 1, 0, 3, 3, 1, 3, 1, 0, 3, 1, 1, 0, 3, 3, 3, 3, 3, 0, 3, 3, 0, 3, 3, 0]",1,3.663003663003663
Premier_League,2009,West Ham,"[3, 0, 1, 0, 0, 0, 1, 0, 1, 1, 3, 0, 1, 3, 0, 0, 0, 1, 3, 0, 1, 1, 1, 0, 3, 3, 0, 0, 0, 0, 0, 0, 1, 3, 0, 3, 0, 1]","[3, 0, 1, 0, 0, 0, 1, 0, 1, 1, 3, 0, 1, 3, 0, 0, 0, 1, 3, 0, 1, 1, 1, 0, 3, 3, 0, 0, 0, 0, 0, 0, 1, 3, 0, 3, 0, 1]",12,4.62962962962963
Premier_League,2009,Wigan,"[3, 0, 0, 0, 3, 0, 3, 0, 1, 3, 0, 1, 0, 3, 0, 1, 0, 1, 0, 3, 0, 0, 1, 1, 1, 0, 0, 3, 0, 0, 3, 0, 0, 1, 3, 0, 1, 0]","[3, 0, 0, 0, 3, 0, 3, 0, 1, 3, 0, 1, 0, 3, 0, 1, 0, 1, 0, 3, 0, 0, 1, 1, 1, 0, 0, 3, 0, 0, 3, 0, 0, 1, 3, 0, 1, 0]",18,4.048582995951417
Premier_League,2009,Wolves,"[0, 3, 0, 1, 0, 3, 0, 0, 1, 1, 1, 0, 0, 0, 3, 3, 0, 3, 0, 0, 0, 1, 1, 0, 3, 0, 0, 0, 3, 1, 3, 1, 0, 1, 1, 1, 0, 3]","[0, 3, 0, 1, 0, 3, 0, 0, 1, 1, 1, 0, 0, 0, 3, 3, 0, 3, 0, 0, 0, 1, 1, 0, 3, 0, 0, 0, 3, 1, 3, 1, 0, 1, 1, 1, 0, 3]",19,1.834862385321101
Premier_League,2010,Arsenal,"[1, 3, 3, 3, 1, 0, 0, 3, 3, 3, 0, 3, 3, 0, 3, 3, 0, 3, 1, 3, 1, 3, 3, 3, 1, 3, 3, 1, 1, 1, 3, 1, 1, 0, 3, 0, 0, 1]","[1, 3, 3, 3, 1, 0, 0, 3, 3, 3, 0, 3, 3, 0, 3, 3, 0, 3, 1, 3, 1, 3, 3, 3, 1, 3, 3, 1, 1, 1, 3, 1, 1, 0, 3, 0, 0, 1]",7,33.333333333333336
Premier_League,2010,Aston Villa,"[3, 0, 3, 0, 1, 3, 0, 1, 0, 1, 1, 3, 1, 0, 0, 0, 3, 0, 0, 1, 0, 1, 3, 3, 0, 1, 1, 3, 0, 0, 1, 3, 3, 1, 0, 1, 3, 3]","[3, 0, 3, 0, 1, 3, 0, 1, 0, 1, 1, 3, 1, 0, 0, 0, 3, 0, 0, 1, 0, 1, 3, 3, 0, 1, 1, 3, 0, 0, 1, 3, 3, 1, 0, 1, 3, 3]",14,1.3020833333333333
Premier_League,2010,Birmingham,"[1, 3, 1, 1, 0, 1, 0, 0, 3, 1, 1, 0, 1, 3, 1, 1, 0, 1, 0, 3, 1, 0, 1, 3, 3, 0, 0, 1, 0, 3, 1, 3, 0, 0, 1, 0, 0, 0]","[1, 3, 1, 1, 0, 1, 0, 0, 3, 1, 1, 0, 1, 3, 1, 1, 0, 1, 0, 3, 1, 0, 1, 3, 3, 0, 0, 1, 0, 3, 1, 3, 0, 0, 1, 0, 0, 0]",6,56.94760820045558
Premier_League,2010,Blackburn,"[3, 0, 0, 1, 1, 3, 0, 1, 0, 0, 3, 3, 0, 3, 0, 3, 0, 1, 0, 3, 0, 3, 0, 3, 0, 0, 1, 0, 0, 1, 1, 1, 0, 0, 3, 1, 1, 3]","[3, 0, 0, 1, 1, 3, 0, 1, 0, 0, 3, 3, 0, 3, 0, 3, 0, 1, 0, 3, 0, 3, 0, 3, 0, 0, 1, 0, 0, 1, 1, 1, 0, 0, 3, 1, 1, 3]",14,5.347593582887701
Premier_League,2010,Blackpool,"[3, 0, 1, 3, 0, 0, 3, 0, 0, 3, 1, 0, 1, 3, 1, 3, 3, 0, 0, 3, 0, 0, 0, 0, 0, 1, 3, 0, 0, 1, 0, 0, 0, 1, 1, 1, 3, 0]","[3, 0, 1, 3, 0, 0, 3, 0, 0, 3, 1, 0, 1, 3, 1, 3, 3, 0, 0, 3, 0, 0, 0, 0, 0, 1, 3, 0, 0, 1, 0, 0, 0, 1, 1, 1, 3, 0]",18,38.46153846153846
Premier_League,2010,Bolton,"[1, 3, 1, 0, 1, 1, 1, 3, 1, 0, 3, 1, 3, 3, 1, 0, 3, 0, 3, 0, 0, 1, 0, 0, 3, 0, 3, 1, 3, 0, 0, 3, 3, 0, 0, 0, 0, 0]","[1, 3, 1, 0, 1, 1, 1, 3, 1, 0, 3, 1, 3, 3, 1, 0, 3, 0, 3, 0, 0, 1, 0, 0, 3, 0, 3, 1, 3, 0, 0, 3, 3, 0, 0, 0, 0, 0]",5,122.24938875305624
Premier_League,2010,Chelsea,"[3, 3, 3, 3, 3, 0, 3, 1, 3, 3, 0, 3, 0, 0, 1, 1, 1, 0, 3, 1, 0, 3, 3, 3, 0, 1, 3, 3, 3, 1, 3, 3, 3, 3, 3, 0, 1, 0]","[3, 3, 3, 3, 3, 0, 3, 1, 3, 3, 0, 3, 0, 0, 1, 1, 1, 0, 3, 1, 0, 3, 3, 3, 0, 1, 3, 3, 3, 1, 3, 3, 3, 3, 3, 0, 1, 0]",3,32.25806451612903
Premier_League,2010,Everton,"[0, 1, 0, 1, 0, 1, 3, 3, 1, 3, 1, 1, 0, 1, 0, 1, 1, 3, 1, 0, 3, 1, 1, 0, 3, 0, 3, 3, 1, 3, 1, 3, 3, 0, 1, 3, 0, 3]","[0, 1, 0, 1, 0, 1, 3, 3, 1, 3, 1, 1, 0, 1, 0, 1, 1, 3, 1, 0, 3, 1, 1, 0, 3, 0, 3, 3, 1, 3, 1, 3, 3, 0, 1, 3, 0, 3]",5,1.8050541516245486
Premier_League,2010,Fulham,"[1, 1, 1, 3, 1, 1, 1, 0, 0, 3, 1, 0, 1, 0, 1, 0, 1, 0, 3, 0, 3, 1, 3, 0, 3, 1, 1, 1, 3, 0, 3, 0, 1, 3, 3, 0, 3, 1]","[1, 1, 1, 3, 1, 1, 1, 0, 0, 3, 1, 0, 1, 0, 1, 0, 1, 0, 3, 0, 3, 1, 3, 0, 3, 1, 1, 1, 3, 0, 3, 0, 1, 3, 3, 0, 3, 1]",3,1.5479876160990713
Premier_League,2010,Liverpool,"[1, 0, 3, 1, 0, 1, 0, 0, 3, 3, 3, 1, 0, 3, 0, 3, 0, 0, 3, 0, 0, 1, 3, 3, 3, 3, 1, 0, 3, 3, 0, 3, 1, 3, 3, 3, 0, 0]","[1, 0, 3, 1, 0, 1, 0, 0, 3, 3, 3, 1, 0, 3, 0, 3, 0, 0, 3, 0, 0, 1, 3, 3, 3, 3, 1, 0, 3, 3, 0, 3, 1, 3, 3, 3, 0, 0]",2,7.299270072992701
Premier_League,2010,Man City,"[1, 3, 0, 1, 3, 3, 3, 3, 0, 0, 3, 1, 1, 3, 1, 3, 3, 0, 3, 3, 3, 1, 3, 0, 1, 3, 0, 1, 3, 0, 3, 0, 3, 3, 0, 3, 3, 3]","[1, 3, 0, 1, 3, 3, 3, 3, 0, 0, 3, 1, 1, 3, 1, 3, 3, 0, 3, 3, 3, 1, 3, 0, 1, 3, 0, 1, 3, 0, 3, 0, 3, 3, 0, 3, 3, 3]",15,2.865329512893983
Premier_League,2010,Man United,"[3, 1, 3, 1, 3, 1, 1, 1, 3, 3, 3, 1, 1, 3, 3, 3, 3, 1, 3, 3, 1, 3, 3, 3, 0, 3, 3, 0, 0, 3, 3, 3, 1, 3, 0, 3, 1, 3]","[3, 1, 3, 1, 3, 1, 1, 1, 3, 3, 3, 1, 1, 3, 3, 3, 3, 1, 3, 3, 1, 3, 3, 3, 0, 3, 3, 0, 0, 3, 3, 3, 1, 3, 0, 3, 1, 3]",14,5.376344086021505
Premier_League,2010,Newcastle,"[0, 3, 1, 0, 3, 0, 0, 1, 3, 3, 3, 0, 1, 0, 1, 0, 3, 0, 0, 3, 3, 1, 1, 0, 1, 1, 3, 1, 0, 0, 3, 0, 1, 1, 0, 3, 1, 1]","[0, 3, 1, 0, 3, 0, 0, 1, 3, 3, 3, 0, 1, 0, 1, 0, 3, 0, 0, 3, 3, 1, 1, 0, 1, 1, 3, 1, 0, 0, 3, 0, 1, 1, 0, 3, 1, 1]",17,3.6101083032490973
Premier_League,2010,Stoke,"[0, 0, 0, 3, 1, 3, 3, 0, 0, 0, 0, 3, 3, 3, 1, 1, 0, 3, 0, 3, 0, 3, 0, 0, 3, 0, 0, 1, 0, 3, 1, 0, 1, 3, 1, 3, 0, 0]","[0, 0, 0, 3, 1, 3, 3, 0, 0, 0, 0, 3, 3, 3, 1, 1, 0, 3, 0, 3, 0, 3, 0, 0, 3, 0, 0, 1, 0, 3, 1, 0, 1, 3, 1, 3, 0, 0]",2,4.329004329004329
Premier_League,2010,Sunderland,"[1, 0, 3, 1, 1, 1, 1, 1, 3, 0, 3, 1, 3, 1, 0, 3, 1, 3, 0, 0, 3, 3, 1, 3, 0, 0, 0, 0, 1, 0, 0, 0, 0, 3, 0, 3, 0, 3]","[1, 0, 3, 1, 1, 1, 1, 1, 3, 0, 3, 1, 3, 1, 0, 3, 1, 3, 0, 0, 3, 3, 1, 3, 0, 0, 0, 0, 1, 0, 0, 0, 0, 3, 0, 3, 0, 3]",14,29.41176470588235
Premier_League,2010,Tottenham,"[1, 3, 0, 1, 3, 0, 3, 3, 1, 0, 0, 1, 3, 3, 3, 1, 1, 3, 3, 3, 0, 1, 1, 3, 3, 3, 0, 1, 1, 1, 3, 1, 1, 0, 1, 0, 3, 3]","[1, 3, 0, 1, 3, 0, 3, 3, 1, 0, 0, 1, 3, 3, 3, 1, 1, 3, 3, 3, 0, 1, 1, 3, 3, 3, 0, 1, 1, 1, 3, 1, 1, 0, 1, 0, 3, 3]",12,8.064516129032258
Premier_League,2010,West Brom,"[0, 3, 0, 1, 3, 3, 1, 1, 3, 0, 0, 1, 0, 0, 3, 3, 0, 0, 0, 0, 0, 3, 0, 1, 0, 1, 1, 1, 3, 1, 3, 3, 0, 1, 3, 0, 3, 1]","[0, 3, 0, 1, 3, 3, 1, 1, 3, 0, 0, 1, 0, 0, 3, 3, 0, 0, 0, 0, 0, 3, 0, 1, 0, 1, 1, 1, 3, 1, 3, 3, 0, 1, 3, 0, 3, 1]",6,1.5197568389057752
Premier_League,2010,West Ham,"[0, 0, 0, 0, 1, 3, 1, 1, 0, 0, 1, 1, 1, 0, 3, 0, 0, 1, 3, 1, 3, 0, 0, 1, 3, 0, 1, 3, 3, 1, 0, 0, 0, 0, 0, 1, 0, 0]","[0, 0, 0, 0, 1, 3, 1, 1, 0, 0, 1, 1, 1, 0, 3, 0, 0, 1, 3, 1, 3, 0, 0, 1, 3, 0, 1, 3, 3, 1, 0, 0, 0, 0, 0, 1, 0, 0]",8,72.83321194464676
Premier_League,2010,Wigan,"[0, 0, 3, 1, 0, 1, 3, 1, 1, 0, 0, 1, 3, 0, 0, 1, 1, 3, 1, 0, 1, 1, 0, 0, 1, 3, 1, 0, 0, 3, 1, 0, 3, 0, 1, 1, 3, 3]","[0, 0, 3, 1, 0, 1, 3, 1, 1, 0, 0, 1, 3, 0, 0, 1, 1, 3, 1, 0, 1, 1, 0, 0, 1, 3, 1, 0, 0, 3, 1, 0, 3, 0, 1, 1, 3, 3]",19,1.5197568389057752
Premier_League,2010,Wolves,"[3, 1, 1, 0, 0, 0, 0, 1, 0, 3, 0, 0, 0, 0, 3, 0, 3, 0, 3, 0, 3, 0, 0, 0, 3, 0, 1, 3, 1, 3, 0, 0, 1, 0, 1, 3, 3, 0]","[3, 1, 1, 0, 0, 0, 0, 1, 0, 3, 0, 0, 0, 0, 3, 0, 3, 0, 3, 0, 3, 0, 0, 0, 3, 0, 1, 3, 1, 3, 0, 0, 1, 0, 1, 3, 3, 0]",8,1.9193857965451055
Premier_League,2011,Arsenal,"[1, 0, 0, 3, 0, 3, 0, 3, 3, 3, 3, 3, 1, 3, 3, 0, 3, 1, 3, 0, 0, 0, 1, 3, 3, 3, 3, 3, 3, 3, 0, 3, 3, 0, 1, 1, 1, 3]","[1, 0, 0, 3, 0, 3, 0, 3, 3, 3, 3, 3, 1, 3, 3, 0, 3, 1, 3, 0, 0, 0, 1, 3, 3, 3, 3, 3, 3, 3, 0, 3, 3, 0, 1, 1, 1, 3]",5,5.747126436781609
Premier_League,2011,Aston Villa,"[1, 3, 1, 1, 1, 1, 3, 0, 0, 1, 3, 0, 1, 0, 3, 0, 0, 1, 3, 0, 1, 3, 1, 0, 0, 1, 1, 3, 0, 0, 1, 1, 0, 1, 0, 1, 1, 0]","[1, 3, 1, 1, 1, 1, 3, 0, 0, 1, 3, 0, 1, 0, 3, 0, 0, 1, 3, 0, 1, 3, 1, 0, 0, 1, 1, 3, 0, 0, 1, 1, 0, 1, 0, 1, 1, 0]",10,20.408163265306122
Premier_League,2011,Blackburn,"[0, 0, 0, 1, 3, 0, 0, 1, 0, 1, 0, 1, 0, 3, 0, 0, 0, 1, 3, 0, 3, 1, 0, 0, 3, 0, 1, 3, 3, 0, 0, 0, 0, 0, 3, 0, 0, 0]","[0, 0, 0, 1, 3, 0, 0, 1, 0, 1, 0, 1, 0, 3, 0, 0, 0, 1, 3, 0, 3, 1, 0, 0, 3, 0, 1, 3, 3, 0, 0, 0, 0, 0, 3, 0, 0, 0]",9,10.1010101010101
Premier_League,2011,Bolton,"[3, 0, 0, 0, 0, 0, 0, 3, 0, 0, 3, 0, 0, 0, 0, 0, 3, 0, 1, 3, 0, 3, 1, 0, 0, 0, 0, 3, 3, 3, 0, 0, 1, 3, 1, 0, 1, 1]","[3, 0, 0, 0, 0, 0, 0, 3, 0, 0, 3, 0, 0, 0, 0, 0, 3, 0, 1, 3, 0, 3, 1, 0, 0, 0, 0, 3, 3, 3, 0, 0, 1, 3, 1, 0, 1, 1]",3,2.7027027027027026
Premier_League,2011,Chelsea,"[1, 3, 3, 3, 0, 3, 3, 3, 0, 0, 3, 0, 3, 3, 3, 1, 1, 1, 0, 3, 3, 1, 1, 1, 0, 3, 0, 3, 0, 1, 3, 3, 1, 1, 3, 0, 0, 3]","[1, 3, 3, 3, 0, 3, 3, 3, 0, 0, 3, 0, 3, 3, 3, 1, 1, 1, 0, 3, 3, 1, 1, 1, 0, 3, 0, 3, 0, 1, 3, 3, 1, 1, 3, 0, 0, 3]",17,6.896551724137931
Premier_League,2011,Everton,"[0, 3, 1, 3, 0, 0, 0, 3, 0, 0, 3, 3, 0, 0, 1, 3, 1, 3, 0, 0, 1, 1, 3, 1, 3, 1, 3, 0, 0, 3, 3, 1, 3, 1, 3, 1, 1, 3]","[0, 3, 1, 3, 0, 0, 0, 3, 0, 0, 3, 3, 0, 0, 1, 3, 1, 3, 0, 0, 1, 1, 3, 1, 3, 1, 3, 0, 0, 3, 3, 1, 3, 1, 3, 1, 1, 3]",3,1.4880952380952381
Premier_League,2011,Fulham,"[1, 0, 0, 1, 1, 1, 3, 0, 0, 3, 0, 1, 1, 3, 0, 3, 0, 1, 1, 3, 0, 3, 1, 0, 3, 3, 3, 0, 0, 0, 3, 3, 1, 3, 0, 3, 3, 0]","[1, 0, 0, 1, 1, 1, 3, 0, 0, 3, 0, 1, 1, 3, 0, 3, 0, 1, 1, 3, 0, 3, 1, 0, 3, 3, 3, 0, 0, 0, 3, 3, 1, 3, 0, 3, 3, 0]",1,2.6455026455026456
Premier_League,2011,Liverpool,"[1, 3, 3, 0, 0, 3, 3, 1, 1, 3, 1, 3, 1, 0, 3, 3, 1, 1, 3, 0, 1, 0, 3, 1, 0, 0, 0, 3, 0, 0, 0, 1, 3, 0, 3, 0, 3, 0]","[1, 3, 3, 0, 0, 3, 3, 1, 1, 3, 1, 3, 1, 0, 3, 3, 1, 1, 3, 0, 1, 0, 3, 1, 0, 0, 0, 3, 0, 0, 0, 1, 3, 0, 3, 0, 3, 0]",19,35.714285714285715
Premier_League,2011,Man City,"[3, 3, 3, 3, 1, 3, 3, 3, 3, 3, 3, 3, 1, 3, 0, 3, 3, 1, 0, 3, 3, 3, 0, 3, 3, 3, 3, 0, 3, 1, 1, 0, 3, 3, 3, 3, 3, 3]","[3, 3, 3, 3, 1, 3, 3, 3, 3, 3, 3, 3, 1, 3, 0, 3, 3, 1, 0, 3, 3, 3, 0, 3, 3, 3, 3, 0, 3, 1, 1, 0, 3, 3, 3, 3, 3, 3]",11,3.802281368821293
Premier_League,2011,Man United,"[3, 3, 3, 3, 3, 1, 3, 1, 0, 3, 3, 3, 1, 3, 3, 3, 3, 3, 0, 0, 3, 3, 3, 1, 3, 3, 3, 3, 3, 3, 3, 3, 0, 3, 1, 0, 3, 3]","[3, 3, 3, 3, 3, 1, 3, 1, 0, 3, 3, 3, 1, 3, 3, 3, 3, 3, 0, 0, 3, 3, 3, 1, 3, 3, 3, 3, 3, 3, 3, 3, 0, 3, 1, 0, 3, 3]",6,10.204081632653061
Premier_League,2011,Newcastle,"[1, 3, 3, 1, 1, 3, 3, 1, 3, 3, 3, 0, 1, 0, 0, 1, 0, 3, 0, 3, 3, 0, 3, 3, 0, 1, 1, 0, 3, 3, 3, 3, 3, 3, 0, 3, 0, 0]","[1, 3, 3, 1, 1, 3, 3, 1, 3, 3, 3, 0, 1, 0, 0, 1, 0, 3, 0, 3, 3, 0, 3, 3, 0, 1, 1, 0, 3, 3, 3, 3, 3, 3, 0, 3, 0, 0]",2,12.658227848101266
Premier_League,2011,Norwich,"[1, 1, 0, 0, 3, 3, 0, 3, 1, 1, 0, 0, 3, 0, 3, 1, 1, 0, 1, 3, 3, 1, 0, 3, 3, 0, 0, 1, 0, 3, 0, 1, 3, 0, 0, 0, 1, 3]","[1, 1, 0, 0, 3, 3, 0, 3, 1, 1, 0, 0, 3, 0, 3, 1, 1, 0, 1, 3, 3, 1, 0, 3, 3, 0, 0, 1, 0, 3, 0, 1, 3, 0, 0, 0, 1, 3]",13,5.714285714285714
Premier_League,2011,QPR,"[0, 3, 0, 1, 3, 1, 0, 1, 3, 0, 0, 3, 0, 1, 0, 0, 0, 1, 0, 0, 0, 3, 1, 0, 0, 0, 1, 0, 3, 0, 3, 0, 3, 0, 3, 0, 3, 0]","[0, 3, 0, 1, 3, 1, 0, 1, 3, 0, 0, 3, 0, 1, 0, 0, 0, 1, 0, 0, 0, 3, 1, 0, 0, 0, 1, 0, 3, 0, 3, 0, 3, 0, 3, 0, 3, 0]",1,1.733102253032929
Premier_League,2011,Stoke,"[1, 1, 3, 3, 0, 1, 0, 3, 0, 0, 0, 0, 3, 3, 3, 3, 0, 1, 1, 3, 1, 0, 0, 0, 0, 3, 3, 0, 1, 1, 0, 3, 1, 0, 1, 1, 0, 1]","[1, 1, 3, 3, 0, 1, 0, 3, 0, 0, 0, 0, 3, 3, 3, 3, 0, 1, 1, 3, 1, 0, 0, 0, 0, 3, 3, 0, 1, 1, 0, 3, 1, 0, 1, 1, 0, 1]",18,12.345679012345679
Premier_League,2011,Sunderland,"[1, 0, 1, 0, 3, 0, 1, 0, 3, 1, 0, 1, 0, 0, 3, 0, 3, 1, 3, 3, 0, 3, 3, 3, 0, 0, 1, 3, 0, 3, 1, 1, 0, 1, 1, 1, 0, 0]","[1, 0, 1, 0, 3, 0, 1, 0, 3, 1, 0, 1, 0, 0, 3, 0, 3, 1, 3, 3, 0, 3, 3, 3, 0, 0, 1, 3, 0, 3, 1, 1, 0, 1, 1, 1, 0, 0]",6,12.820512820512821
Premier_League,2011,Swansea,"[0, 1, 1, 0, 3, 0, 3, 0, 1, 3, 1, 0, 1, 0, 3, 1, 0, 1, 1, 3, 3, 0, 1, 3, 0, 0, 3, 3, 3, 0, 0, 0, 0, 3, 1, 1, 0, 3]","[0, 1, 1, 0, 3, 0, 3, 0, 1, 3, 1, 0, 1, 0, 3, 1, 0, 1, 1, 3, 3, 0, 1, 3, 0, 0, 3, 3, 3, 0, 0, 0, 0, 3, 1, 1, 0, 3]",9,4.651162790697675
Premier_League,2011,Tottenham,"[0, 0, 3, 3, 3, 3, 1, 3, 3, 3, 3, 3, 3, 0, 3, 1, 3, 1, 3, 3, 1, 0, 3, 1, 3, 0, 0, 0, 1, 1, 3, 1, 0, 0, 3, 3, 1, 3]","[0, 0, 3, 3, 3, 3, 1, 3, 3, 3, 3, 3, 3, 0, 3, 1, 3, 1, 3, 3, 1, 0, 3, 1, 3, 0, 0, 0, 1, 1, 3, 1, 0, 0, 3, 3, 1, 3]",18,49.04364884747425
Premier_League,2011,West Brom,"[0, 0, 0, 3, 0, 1, 1, 3, 3, 0, 0, 3, 0, 1, 0, 3, 3, 1, 0, 0, 0, 3, 1, 0, 3, 3, 3, 0, 1, 0, 0, 3, 0, 3, 3, 1, 1, 0]","[0, 0, 0, 3, 0, 1, 1, 3, 3, 0, 0, 3, 0, 1, 0, 3, 3, 1, 0, 0, 0, 3, 1, 0, 3, 3, 3, 0, 1, 0, 0, 3, 0, 3, 3, 1, 1, 0]",3,3.7037037037037037
Premier_League,2011,Wigan,"[1, 1, 3, 0, 0, 0, 0, 0, 0, 0, 0, 1, 3, 0, 3, 1, 1, 0, 1, 0, 0, 0, 0, 1, 3, 1, 0, 1, 1, 3, 3, 0, 3, 3, 0, 3, 3, 3]","[1, 1, 3, 0, 0, 0, 0, 0, 0, 0, 0, 1, 3, 0, 3, 1, 1, 0, 1, 0, 0, 0, 0, 1, 3, 1, 0, 1, 1, 3, 3, 0, 3, 3, 0, 3, 3, 3]",19,1.0438413361169103
Premier_League,2011,Wolves,"[3, 3, 1, 0, 0, 0, 0, 0, 1, 0, 3, 0, 0, 3, 0, 0, 1, 1, 1, 0, 1, 0, 0, 3, 0, 1, 0, 0, 0, 0, 0, 0, 0, 1, 0, 1, 1, 0]","[3, 3, 1, 0, 0, 0, 0, 0, 1, 0, 3, 0, 0, 3, 0, 0, 1, 1, 1, 0, 1, 0, 0, 3, 0, 1, 0, 0, 0, 0, 0, 0, 0, 1, 0, 1, 1, 0]",14,16.949152542372882
Premier_League,2012,Arsenal,"[1, 1, 3, 3, 1, 0, 3, 0, 3, 0, 1, 3, 1, 1, 0, 3, 3, 3, 3, 1, 0, 0, 3, 1, 3, 3, 3, 0, 3, 3, 3, 3, 1, 3, 1, 3, 3, 3]","[1, 1, 3, 3, 1, 0, 3, 0, 3, 0, 1, 3, 1, 1, 0, 3, 3, 3, 3, 1, 0, 0, 3, 1, 3, 3, 3, 0, 3, 3, 3, 3, 1, 3, 1, 3, 3, 3]",19,1.1976047904191616
Premier_League,2012,Aston Villa,"[0, 0, 1, 3, 0, 1, 0, 0, 1, 3, 0, 0, 1, 3, 1, 1, 3, 0, 0, 0, 1, 0, 1, 0, 1, 3, 0, 0, 3, 3, 0, 3, 1, 0, 3, 3, 0, 1]","[0, 0, 1, 3, 0, 1, 0, 0, 1, 3, 0, 0, 1, 3, 1, 1, 3, 0, 0, 0, 1, 0, 1, 0, 1, 3, 0, 0, 3, 3, 0, 3, 1, 0, 3, 3, 0, 1]",2,2.277904328018223
Premier_League,2012,Chelsea,"[3, 3, 3, 1, 3, 3, 3, 3, 0, 1, 1, 0, 1, 1, 0, 3, 3, 3, 3, 0, 3, 1, 3, 1, 0, 3, 0, 3, 3, 0, 3, 3, 1, 3, 3, 1, 3, 3]","[3, 3, 3, 1, 3, 3, 3, 3, 0, 1, 1, 0, 1, 1, 0, 3, 3, 3, 3, 0, 3, 1, 3, 1, 0, 3, 0, 3, 3, 0, 3, 3, 1, 3, 3, 1, 3, 3]",19,1.937984496124031
Premier_League,2012,Everton,"[3, 3, 0, 1, 3, 3, 1, 1, 1, 1, 3, 0, 1, 1, 1, 3, 1, 3, 3, 0, 3, 1, 1, 3, 1, 0, 0, 3, 3, 3, 1, 3, 1, 0, 3, 1, 3, 0]","[3, 3, 0, 1, 3, 3, 1, 1, 1, 1, 3, 0, 1, 1, 1, 3, 1, 3, 3, 0, 3, 1, 1, 3, 1, 0, 0, 3, 3, 3, 1, 3, 1, 0, 3, 1, 3, 0]",1,5.617977528089888
Premier_League,2012,Fulham,"[3, 0, 0, 3, 3, 0, 1, 3, 1, 1, 1, 0, 0, 1, 0, 3, 0, 0, 1, 0, 3, 1, 0, 3, 0, 1, 3, 1, 3, 3, 0, 1, 0, 0, 0, 0, 0, 3]","[3, 0, 0, 3, 3, 0, 1, 3, 1, 1, 1, 0, 0, 1, 0, 3, 0, 0, 1, 0, 3, 1, 0, 3, 0, 1, 3, 1, 3, 3, 0, 1, 0, 0, 0, 0, 0, 3]",8,12.987012987012987
Premier_League,2012,Liverpool,"[0, 1, 0, 1, 0, 3, 1, 3, 1, 1, 1, 3, 1, 0, 3, 3, 0, 3, 0, 3, 3, 0, 3, 1, 1, 0, 3, 3, 3, 0, 3, 1, 1, 1, 3, 1, 3, 3]","[0, 1, 0, 1, 0, 3, 1, 3, 1, 1, 1, 3, 1, 0, 3, 3, 0, 3, 0, 3, 3, 0, 3, 1, 1, 0, 3, 3, 3, 0, 3, 1, 1, 1, 3, 1, 3, 3]",9,1.3831258644536653
Premier_League,2012,Man City,"[3, 1, 3, 1, 1, 3, 3, 3, 3, 1, 3, 3, 1, 3, 1, 0, 3, 3, 0, 3, 3, 3, 3, 1, 1, 0, 3, 3, 0, 3, 3, 3, 0, 3, 1, 3, 3, 0]","[3, 1, 3, 1, 1, 3, 3, 3, 3, 1, 3, 3, 1, 3, 1, 0, 3, 3, 0, 3, 3, 3, 3, 1, 1, 0, 3, 3, 0, 3, 3, 3, 0, 3, 1, 3, 3, 0]",1,6.451612903225806
Premier_League,2012,Man United,"[0, 3, 3, 3, 3, 0, 3, 3, 3, 3, 3, 0, 3, 3, 3, 3, 3, 1, 3, 3, 3, 3, 1, 3, 3, 3, 3, 3, 3, 3, 0, 3, 1, 3, 1, 0, 3, 1]","[0, 3, 3, 3, 3, 0, 3, 3, 3, 3, 3, 0, 3, 3, 3, 3, 3, 1, 3, 3, 3, 3, 1, 3, 3, 3, 3, 3, 3, 3, 0, 3, 1, 3, 1, 0, 3, 1]",8,53.53319057815846
Premier_League,2012,Newcastle,"[3, 0, 1, 1, 3, 1, 0, 1, 3, 1, 0, 0, 0, 0, 3, 0, 0, 3, 0, 0, 0, 1, 0, 3, 3, 0, 3, 0, 3, 0, 0, 3, 0, 1, 0, 1, 3, 0]","[3, 0, 1, 1, 3, 1, 0, 1, 3, 1, 0, 0, 0, 0, 3, 0, 0, 3, 0, 0, 0, 1, 0, 3, 3, 0, 3, 0, 3, 0, 0, 3, 0, 1, 0, 1, 3, 0]",9,2.6666666666666665
Premier_League,2012,Norwich,"[0, 1, 1, 1, 0, 0, 0, 3, 1, 3, 1, 3, 1, 1, 3, 3, 3, 0, 0, 0, 0, 1, 0, 1, 1, 1, 3, 0, 1, 1, 0, 1, 0, 3, 0, 0, 3, 3]","[0, 1, 1, 1, 0, 0, 0, 3, 1, 3, 1, 3, 1, 1, 3, 3, 3, 0, 0, 0, 0, 1, 0, 1, 1, 1, 3, 0, 1, 1, 0, 1, 0, 3, 0, 0, 3, 3]",19,3.9840637450199203
Premier_League,2012,QPR,"[0, 1, 0, 1, 0, 0, 0, 1, 0, 1, 0, 0, 0, 1, 1, 1, 3, 0, 0, 0, 3, 1, 1, 1, 1, 0, 0, 3, 3, 0, 0, 1, 0, 0, 1, 0, 0, 0]","[0, 1, 0, 1, 0, 0, 0, 1, 0, 1, 0, 0, 0, 1, 1, 1, 3, 0, 0, 0, 3, 1, 1, 1, 1, 0, 0, 3, 3, 0, 0, 1, 0, 0, 1, 0, 0, 0]",9,16.949152542372882
Premier_League,2012,Reading,"[1, 0, 0, 0, 1, 1, 0, 1, 1, 1, 3, 0, 0, 0, 0, 0, 0, 0, 1, 3, 0, 3, 3, 1, 3, 0, 0, 0, 0, 0, 0, 0, 1, 0, 1, 3, 0, 0]","[1, 0, 0, 0, 1, 1, 0, 1, 1, 1, 3, 0, 0, 0, 0, 0, 0, 0, 1, 3, 0, 3, 3, 1, 3, 0, 0, 0, 0, 0, 0, 0, 1, 0, 1, 3, 0, 0]",13,9.090909090909092
Premier_League,2012,Southampton,"[0, 0, 0, 0, 3, 0, 1, 0, 0, 0, 1, 3, 3, 1, 0, 3, 0, 1, 1, 1, 3, 1, 1, 0, 1, 3, 0, 0, 1, 3, 3, 3, 1, 1, 0, 0, 1, 1]","[0, 0, 0, 0, 3, 0, 1, 0, 0, 0, 1, 3, 3, 1, 0, 3, 0, 1, 1, 1, 3, 1, 1, 0, 1, 3, 0, 0, 1, 3, 3, 3, 1, 1, 0, 0, 1, 1]",5,4.761904761904762
Premier_League,2012,Stoke,"[1, 1, 1, 1, 0, 3, 1, 0, 1, 0, 3, 1, 3, 3, 3, 1, 1, 1, 3, 1, 0, 0, 0, 1, 0, 3, 0, 0, 0, 1, 0, 0, 0, 3, 3, 1, 0, 1]","[1, 1, 1, 1, 0, 3, 1, 0, 1, 0, 3, 1, 3, 3, 3, 1, 1, 1, 3, 1, 0, 0, 0, 1, 0, 3, 0, 0, 0, 1, 0, 0, 0, 3, 3, 1, 0, 1]",18,32.25806451612903
Premier_League,2012,Sunderland,"[1, 1, 1, 1, 3, 0, 1, 1, 0, 0, 3, 0, 1, 0, 0, 3, 0, 3, 3, 0, 0, 3, 3, 1, 0, 0, 0, 1, 0, 1, 0, 0, 3, 3, 0, 1, 1, 0]","[1, 1, 1, 1, 3, 0, 1, 1, 0, 0, 3, 0, 1, 0, 0, 3, 0, 3, 3, 0, 0, 3, 3, 1, 0, 0, 0, 1, 0, 1, 0, 0, 3, 3, 0, 1, 1, 0]",14,7.462686567164179
Premier_League,2012,Swansea,"[3, 3, 1, 0, 0, 0, 1, 3, 0, 1, 1, 3, 1, 3, 3, 0, 0, 1, 1, 3, 1, 1, 3, 1, 0, 3, 0, 3, 0, 0, 0, 1, 1, 0, 1, 3, 0, 0]","[3, 3, 1, 0, 0, 0, 1, 3, 0, 1, 1, 3, 1, 3, 3, 0, 0, 1, 1, 3, 1, 1, 3, 1, 0, 3, 0, 3, 0, 0, 0, 1, 1, 0, 1, 3, 0, 0]",10,23.25581395348837
Premier_League,2012,Tottenham,"[0, 1, 1, 3, 3, 3, 3, 0, 3, 0, 0, 0, 3, 3, 3, 0, 3, 1, 3, 3, 3, 1, 1, 1, 3, 3, 3, 3, 0, 0, 3, 1, 3, 1, 3, 1, 3, 3]","[0, 1, 1, 3, 3, 3, 3, 0, 3, 0, 0, 0, 3, 3, 3, 0, 3, 1, 3, 3, 3, 1, 1, 1, 3, 3, 3, 3, 0, 0, 3, 1, 3, 1, 3, 1, 3, 3]",10,2.183406113537118
Premier_League,2012,West Brom,"[3, 1, 3, 0, 3, 1, 3, 0, 0, 3, 3, 3, 3, 0, 0, 0, 1, 3, 3, 0, 0, 0, 1, 0, 0, 3, 3, 0, 3, 1, 0, 0, 1, 3, 0, 0, 0, 1]","[3, 1, 3, 0, 3, 1, 3, 0, 0, 3, 3, 3, 3, 0, 0, 0, 1, 3, 3, 0, 0, 0, 1, 0, 0, 3, 3, 0, 3, 1, 0, 0, 1, 3, 0, 0, 0, 1]",19,38.46153846153846
Premier_League,2012,West Ham,"[3, 0, 3, 1, 1, 3, 0, 3, 0, 1, 3, 1, 0, 0, 3, 0, 1, 0, 0, 3, 0, 1, 0, 0, 3, 0, 0, 3, 0, 3, 1, 1, 1, 3, 0, 1, 0, 3]","[3, 0, 3, 1, 1, 3, 0, 3, 0, 1, 3, 1, 0, 0, 3, 0, 1, 0, 0, 3, 0, 1, 0, 0, 3, 0, 0, 3, 0, 3, 1, 1, 1, 3, 0, 1, 0, 3]",18,2.5188916876574305
Premier_League,2012,Wigan,"[0, 3, 1, 0, 0, 0, 1, 0, 3, 3, 0, 0, 3, 0, 0, 1, 0, 0, 0, 3, 0, 1, 0, 1, 1, 0, 3, 0, 3, 3, 1, 0, 0, 1, 3, 0, 0, 1]","[0, 3, 1, 0, 0, 0, 1, 0, 3, 3, 0, 0, 3, 0, 0, 1, 0, 0, 0, 3, 0, 1, 0, 1, 1, 0, 3, 0, 3, 3, 1, 0, 0, 1, 3, 0, 0, 1]",3,3.1055900621118013
Premier_League,2013,Arsenal,"[0, 3, 3, 3, 3, 3, 1, 3, 3, 3, 0, 3, 3, 3, 1, 0, 1, 3, 3, 3, 3, 3, 1, 3, 0, 1, 3, 0, 3, 0, 1, 1, 0, 3, 3, 3, 3, 3]","[0, 3, 3, 3, 3, 3, 1, 3, 3, 3, 0, 3, 3, 3, 1, 0, 1, 3, 3, 3, 3, 3, 1, 3, 0, 1, 3, 0, 3, 0, 1, 1, 0, 3, 3, 3, 3, 3]",14,7.6923076923076925
Premier_League,2013,Aston Villa,"[3, 0, 0, 0, 3, 3, 1, 0, 0, 1, 3, 1, 1, 3, 0, 0, 0, 0, 1, 3, 0, 1, 3, 0, 0, 1, 0, 3, 3, 0, 0, 0, 0, 1, 0, 3, 0, 0]","[3, 0, 0, 0, 3, 3, 1, 0, 0, 1, 3, 1, 1, 3, 0, 0, 0, 0, 1, 3, 0, 1, 3, 0, 0, 1, 0, 3, 3, 0, 0, 0, 0, 1, 0, 3, 0, 0]",9,10.1010101010101
Premier_League,2013,Cardiff,"[0, 3, 1, 1, 0, 3, 0, 0, 1, 3, 0, 1, 0, 1, 0, 3, 0, 0, 1, 0, 0, 0, 0, 3, 0, 1, 0, 0, 3, 0, 0, 1, 0, 3, 1, 0, 0, 0]","[0, 3, 1, 1, 0, 3, 0, 0, 1, 3, 0, 1, 0, 1, 0, 3, 0, 0, 1, 0, 0, 0, 0, 3, 0, 1, 0, 0, 3, 0, 0, 1, 0, 3, 1, 0, 0, 0]",3,5.524861878453039
Premier_League,2013,Chelsea,"[3, 3, 1, 0, 3, 1, 3, 3, 3, 0, 1, 3, 3, 3, 0, 3, 1, 3, 3, 3, 3, 3, 1, 3, 3, 1, 3, 3, 3, 0, 3, 0, 3, 3, 0, 3, 1, 3]","[3, 3, 1, 0, 3, 1, 3, 3, 3, 0, 1, 3, 3, 3, 0, 3, 1, 3, 3, 3, 3, 3, 1, 3, 3, 1, 3, 3, 3, 0, 3, 0, 3, 3, 0, 3, 1, 3]",9,5.319148936170213
Premier_League,2013,Crystal Palace,"[0, 0, 3, 0, 0, 0, 0, 0, 0, 0, 1, 3, 0, 3, 3, 0, 0, 3, 0, 1, 0, 3, 3, 0, 3, 0, 1, 0, 1, 0, 3, 3, 3, 3, 3, 0, 1, 1]","[0, 0, 3, 0, 0, 0, 0, 0, 0, 0, 1, 3, 0, 3, 3, 0, 0, 3, 0, 1, 0, 3, 3, 0, 3, 0, 1, 0, 1, 0, 3, 3, 3, 3, 3, 0, 1, 1]",3,4.016064257028113
Premier_League,2013,Everton,"[1, 1, 1, 3, 3, 3, 0, 3, 3, 1, 1, 1, 3, 3, 1, 3, 3, 0, 3, 1, 3, 1, 0, 3, 0, 0, 3, 3, 3, 3, 3, 3, 3, 0, 3, 0, 0, 3]","[1, 1, 1, 3, 3, 3, 0, 3, 3, 1, 1, 1, 3, 3, 1, 3, 3, 0, 3, 1, 3, 1, 0, 3, 0, 0, 3, 3, 3, 3, 3, 3, 3, 0, 3, 0, 0, 3]",5,8.474576271186441
Premier_League,2013,Fulham,"[3, 0, 0, 1, 0, 0, 3, 3, 0, 0, 0, 0, 0, 0, 3, 0, 0, 3, 0, 3, 0, 0, 0, 0, 1, 0, 1, 0, 0, 3, 0, 0, 3, 3, 0, 1, 0, 1]","[3, 0, 0, 1, 0, 0, 3, 3, 0, 0, 0, 0, 0, 0, 3, 0, 0, 3, 0, 3, 0, 0, 0, 0, 1, 0, 1, 0, 0, 3, 0, 0, 3, 3, 0, 1, 0, 1]",4,3.0864197530864197
Premier_League,2013,Hull,"[0, 3, 0, 1, 3, 3, 1, 0, 0, 3, 0, 0, 3, 0, 1, 1, 1, 0, 3, 0, 0, 0, 0, 1, 3, 0, 3, 0, 0, 3, 0, 0, 3, 0, 1, 0, 0, 0]","[0, 3, 0, 1, 3, 3, 1, 0, 0, 3, 0, 0, 3, 0, 1, 1, 1, 0, 3, 0, 0, 0, 0, 1, 3, 0, 3, 0, 0, 3, 0, 0, 3, 0, 1, 0, 0, 0]",5,7.299270072992701
Premier_League,2013,Liverpool,"[3, 3, 3, 1, 0, 3, 3, 1, 3, 0, 3, 1, 0, 3, 3, 3, 3, 0, 0, 3, 3, 1, 3, 1, 3, 3, 3, 3, 3, 3, 3, 3, 3, 3, 3, 0, 1, 3]","[3, 3, 3, 1, 0, 3, 3, 1, 3, 0, 3, 1, 0, 3, 3, 3, 3, 0, 0, 3, 3, 1, 3, 1, 3, 3, 3, 3, 3, 3, 3, 3, 3, 3, 3, 0, 1, 3]",3,6.0606060606060606
Premier_League,2013,Man City,"[3, 0, 3, 1, 3, 0, 3, 3, 0, 3, 0, 3, 3, 3, 1, 3, 3, 3, 3, 3, 3, 3, 3, 0, 1, 3, 3, 3, 3, 1, 3, 0, 1, 3, 3, 3, 3, 3]","[3, 0, 3, 1, 3, 0, 3, 3, 0, 3, 0, 3, 3, 3, 1, 3, 3, 3, 3, 3, 3, 3, 3, 0, 1, 3, 3, 3, 3, 1, 3, 0, 1, 3, 3, 3, 3, 3]",15,2.1691973969631237
Premier_League,2013,Man United,"[3, 1, 0, 3, 0, 0, 3, 1, 3, 3, 3, 1, 1, 0, 0, 3, 3, 3, 3, 0, 3, 0, 3, 0, 1, 1, 3, 3, 0, 3, 0, 3, 3, 0, 3, 0, 3, 1]","[3, 1, 0, 3, 0, 0, 3, 1, 3, 3, 3, 1, 1, 0, 0, 3, 3, 3, 3, 0, 3, 0, 3, 0, 1, 1, 3, 3, 0, 3, 0, 3, 3, 0, 3, 0, 3, 1]",19,2.840909090909091
Premier_League,2013,Newcastle,"[0, 1, 3, 3, 0, 0, 3, 1, 0, 3, 3, 3, 3, 0, 3, 1, 3, 3, 0, 0, 0, 3, 1, 0, 0, 0, 3, 3, 0, 3, 0, 0, 0, 0, 0, 0, 3, 0]","[0, 1, 3, 3, 0, 0, 3, 1, 0, 3, 3, 3, 3, 0, 3, 1, 3, 3, 0, 0, 0, 3, 1, 0, 0, 0, 3, 3, 0, 3, 0, 0, 0, 0, 0, 0, 3, 0]",8,40.0
Premier_League,2013,Norwich,"[1, 0, 3, 0, 0, 3, 0, 0, 1, 0, 3, 0, 3, 0, 3, 1, 1, 0, 0, 1, 0, 3, 1, 0, 1, 0, 3, 0, 1, 0, 3, 0, 0, 0, 0, 0, 1, 0]","[1, 0, 3, 0, 0, 3, 0, 0, 1, 0, 3, 0, 3, 0, 3, 1, 1, 0, 0, 1, 0, 3, 1, 0, 1, 0, 3, 0, 1, 0, 3, 0, 0, 0, 0, 0, 1, 0]",7,26.31578947368421
Premier_League,2013,Southampton,"[3, 1, 0, 1, 3, 3, 3, 1, 3, 1, 3, 0, 0, 0, 1, 1, 0, 3, 0, 0, 3, 1, 1, 3, 1, 3, 0, 0, 3, 3, 0, 3, 0, 0, 1, 3, 3, 1]","[3, 1, 0, 1, 3, 3, 3, 1, 3, 1, 3, 0, 0, 0, 1, 1, 0, 3, 0, 0, 3, 1, 1, 3, 1, 3, 0, 0, 3, 3, 0, 3, 0, 0, 1, 3, 3, 1]",8,2.1881838074398248
Premier_League,2013,Stoke,"[0, 3, 3, 1, 0, 0, 0, 1, 0, 1, 1, 3, 0, 1, 3, 1, 3, 0, 0, 1, 0, 0, 0, 3, 1, 1, 0, 3, 1, 3, 3, 3, 0, 3, 1, 0, 3, 3]","[0, 3, 3, 1, 0, 0, 0, 1, 0, 1, 1, 3, 0, 1, 3, 1, 3, 0, 0, 1, 0, 0, 0, 3, 1, 1, 0, 3, 1, 3, 3, 3, 0, 3, 1, 0, 3, 3]",6,1.2453300124533002
Premier_League,2013,Sunderland,"[0, 1, 0, 0, 0, 0, 0, 0, 3, 0, 3, 0, 1, 0, 0, 1, 1, 3, 1, 0, 3, 1, 3, 3, 0, 0, 1, 0, 0, 0, 0, 0, 1, 3, 3, 3, 3, 0]","[0, 1, 0, 0, 0, 0, 0, 0, 3, 0, 3, 0, 1, 0, 0, 1, 1, 3, 1, 0, 3, 1, 3, 3, 0, 0, 1, 0, 0, 0, 0, 0, 1, 3, 3, 3, 3, 0]",1,1.8552875695732838
Premier_League,2013,Swansea,"[0, 0, 3, 1, 3, 0, 0, 3, 1, 0, 1, 3, 0, 3, 1, 1, 0, 0, 1, 0, 0, 0, 3, 0, 3, 1, 0, 1, 0, 0, 1, 3, 0, 0, 3, 3, 0, 3]","[0, 0, 3, 1, 3, 0, 0, 3, 1, 0, 1, 3, 0, 3, 1, 1, 0, 0, 1, 0, 0, 0, 3, 0, 3, 1, 0, 1, 0, 0, 1, 3, 0, 0, 3, 3, 0, 3]",19,1.8552875695732838
Premier_League,2013,Tottenham,"[3, 3, 0, 3, 3, 1, 0, 3, 3, 1, 0, 0, 1, 3, 3, 0, 3, 1, 3, 3, 3, 3, 0, 1, 3, 3, 0, 3, 0, 0, 3, 0, 3, 1, 3, 3, 0, 3]","[3, 3, 0, 3, 3, 1, 0, 3, 3, 1, 0, 0, 1, 3, 3, 0, 3, 1, 3, 3, 3, 3, 0, 1, 3, 3, 0, 3, 0, 0, 3, 0, 3, 1, 3, 3, 0, 3]",12,3.5714285714285716
Premier_League,2013,West Brom,"[0, 1, 0, 1, 3, 3, 1, 1, 0, 3, 1, 1, 0, 0, 0, 0, 1, 1, 1, 3, 0, 1, 0, 1, 0, 1, 1, 0, 3, 0, 1, 3, 1, 0, 3, 0, 0, 0]","[0, 1, 0, 1, 3, 3, 1, 1, 0, 3, 1, 1, 0, 0, 0, 0, 1, 1, 1, 3, 0, 1, 0, 1, 0, 1, 1, 0, 3, 0, 1, 3, 1, 0, 3, 0, 0, 0]",3,13.513513513513514
Premier_League,2013,West Ham,"[3, 1, 0, 1, 0, 0, 3, 0, 1, 1, 0, 0, 3, 0, 0, 1, 0, 0, 1, 0, 3, 0, 1, 3, 3, 3, 3, 0, 0, 0, 3, 3, 0, 0, 0, 0, 3, 0]","[3, 1, 0, 1, 0, 0, 3, 0, 1, 1, 0, 0, 3, 0, 0, 1, 0, 0, 1, 0, 3, 0, 1, 3, 3, 3, 3, 0, 0, 0, 3, 3, 0, 0, 0, 0, 3, 0]",6,6.211180124223603
Premier_League,2014,Arsenal,"[3, 1, 1, 1, 3, 1, 0, 1, 3, 3, 0, 0, 3, 3, 0, 3, 1, 3, 3, 0, 3, 3, 3, 0, 3, 3, 3, 3, 3, 3, 3, 3, 1, 3, 0, 1, 1, 3]","[3, 1, 1, 1, 3, 1, 0, 1, 3, 3, 0, 0, 3, 3, 0, 3, 1, 3, 3, 0, 3, 3, 3, 0, 3, 3, 3, 3, 3, 3, 3, 3, 1, 3, 0, 1, 1, 3]",4,5.681818181818182
Premier_League,2014,Aston Villa,"[3, 1, 3, 3, 0, 0, 0, 0, 0, 0, 1, 1, 1, 3, 3, 0, 1, 0, 1, 1, 0, 0, 0, 0, 0, 0, 0, 3, 3, 0, 0, 1, 3, 0, 3, 3, 0, 0]","[3, 1, 3, 3, 0, 0, 0, 0, 0, 0, 1, 1, 1, 3, 3, 0, 1, 0, 1, 1, 0, 0, 0, 0, 0, 0, 0, 3, 3, 0, 0, 1, 3, 0, 3, 3, 0, 0]",2,3.816793893129771
Premier_League,2014,Burnley,"[0, 0, 1, 1, 1, 0, 1, 0, 0, 0, 3, 3, 1, 1, 0, 3, 0, 0, 1, 1, 3, 0, 0, 1, 0, 1, 0, 0, 3, 0, 1, 0, 0, 0, 0, 3, 1, 3]","[0, 0, 1, 1, 1, 0, 1, 0, 0, 0, 3, 3, 1, 1, 0, 3, 0, 0, 1, 1, 3, 0, 0, 1, 0, 1, 0, 0, 3, 0, 1, 0, 0, 0, 0, 3, 1, 3]",17,2.680965147453083
Premier_League,2014,Chelsea,"[3, 3, 3, 3, 1, 3, 3, 3, 1, 3, 3, 3, 1, 3, 0, 3, 3, 3, 1, 0, 3, 3, 1, 3, 3, 1, 3, 1, 3, 3, 3, 3, 1, 3, 3, 1, 0, 3]","[3, 3, 3, 3, 1, 3, 3, 3, 1, 3, 3, 3, 1, 3, 0, 3, 3, 3, 1, 0, 3, 3, 1, 3, 3, 1, 3, 1, 3, 3, 3, 3, 1, 3, 3, 1, 0, 3]",3,8.849557522123893
Premier_League,2014,Crystal Palace,"[0, 0, 1, 1, 3, 3, 0, 0, 1, 0, 0, 3, 1, 0, 1, 1, 0, 0, 1, 1, 3, 3, 0, 3, 1, 0, 3, 0, 3, 3, 3, 3, 0, 0, 0, 0, 3, 3]","[0, 0, 1, 1, 3, 3, 0, 0, 1, 0, 0, 3, 1, 0, 1, 1, 0, 0, 1, 1, 3, 3, 0, 3, 1, 0, 3, 0, 3, 3, 3, 3, 0, 0, 0, 0, 3, 3]",6,2.824858757062147
Premier_League,2014,Everton,"[1, 1, 0, 3, 0, 1, 0, 3, 3, 1, 1, 3, 0, 1, 0, 3, 0, 0, 0, 0, 1, 1, 3, 1, 0, 1, 0, 0, 3, 3, 3, 1, 3, 3, 0, 0, 3, 0]","[1, 1, 0, 3, 0, 1, 0, 3, 3, 1, 1, 3, 0, 1, 0, 3, 0, 0, 0, 0, 1, 1, 3, 1, 0, 1, 0, 0, 3, 3, 3, 1, 3, 3, 0, 0, 3, 0]",4,3.9682539682539684
Premier_League,2014,Hull,"[3, 1, 0, 1, 1, 0, 3, 1, 1, 0, 0, 0, 0, 1, 1, 0, 0, 3, 0, 3, 0, 0, 0, 1, 3, 3, 0, 1, 1, 0, 0, 0, 3, 3, 0, 0, 0, 1]","[3, 1, 0, 1, 1, 0, 3, 1, 1, 0, 0, 0, 0, 1, 1, 0, 0, 3, 0, 3, 0, 0, 0, 1, 3, 3, 0, 1, 1, 0, 0, 0, 3, 3, 0, 0, 0, 1]",4,5.291005291005291
Premier_League,2014,Leicester,"[1, 0, 1, 3, 3, 0, 1, 0, 0, 0, 0, 1, 0, 0, 0, 0, 0, 0, 3, 1, 3, 0, 0, 0, 0, 1, 0, 1, 0, 3, 3, 3, 3, 0, 3, 3, 1, 3]","[1, 0, 1, 3, 3, 0, 1, 0, 0, 0, 0, 1, 0, 0, 0, 0, 0, 0, 3, 1, 3, 0, 0, 0, 0, 1, 0, 1, 0, 3, 3, 3, 3, 0, 3, 3, 1, 3]",2,1.092896174863388
Premier_League,2014,Liverpool,"[3, 0, 3, 0, 0, 1, 3, 3, 1, 0, 0, 0, 3, 3, 1, 0, 1, 3, 3, 1, 3, 3, 3, 1, 3, 3, 3, 3, 3, 0, 0, 3, 1, 0, 3, 1, 0, 0]","[3, 0, 3, 0, 0, 1, 3, 3, 1, 0, 0, 0, 3, 3, 1, 0, 1, 3, 3, 1, 3, 3, 3, 1, 3, 3, 3, 3, 3, 0, 0, 3, 1, 0, 3, 1, 0, 0]",9,16.666666666666668
Premier_League,2014,Man City,"[3, 3, 0, 1, 1, 3, 3, 3, 0, 3, 1, 3, 3, 3, 3, 3, 3, 3, 1, 3, 1, 0, 1, 1, 3, 3, 0, 3, 0, 3, 0, 0, 3, 3, 3, 3, 3, 3]","[3, 3, 0, 1, 1, 3, 3, 3, 0, 3, 1, 3, 3, 3, 3, 3, 3, 3, 1, 3, 1, 0, 1, 1, 3, 3, 0, 3, 0, 3, 0, 0, 3, 3, 3, 3, 3, 3]",18,7.352941176470588
Premier_League,2014,Man United,"[0, 1, 1, 3, 0, 3, 3, 1, 1, 0, 3, 3, 3, 3, 3, 3, 1, 3, 1, 1, 0, 3, 3, 1, 3, 0, 3, 3, 3, 3, 3, 3, 0, 0, 0, 3, 1, 1]","[0, 1, 1, 3, 0, 3, 3, 1, 1, 0, 3, 3, 3, 3, 3, 3, 1, 3, 1, 1, 0, 3, 3, 1, 3, 0, 3, 3, 3, 3, 3, 3, 0, 0, 0, 3, 1, 1]",6,43.47826086956522
Premier_League,2014,Newcastle,"[0, 1, 1, 0, 1, 0, 1, 3, 3, 3, 3, 3, 0, 1, 3, 0, 0, 0, 3, 1, 0, 0, 3, 1, 1, 0, 3, 0, 0, 0, 0, 0, 0, 0, 0, 1, 0, 3]","[0, 1, 1, 0, 1, 0, 1, 3, 3, 3, 3, 3, 0, 1, 3, 0, 0, 0, 3, 1, 0, 0, 3, 1, 1, 0, 3, 0, 0, 0, 0, 0, 0, 0, 0, 1, 0, 3]",11,44.782803403493055
Premier_League,2014,QPR,"[0, 0, 3, 0, 1, 0, 0, 0, 3, 0, 1, 0, 3, 0, 3, 0, 3, 0, 1, 1, 0, 0, 0, 0, 3, 0, 0, 0, 0, 0, 3, 1, 0, 1, 0, 0, 3, 0]","[0, 0, 3, 0, 1, 0, 0, 0, 3, 0, 1, 0, 3, 0, 3, 0, 3, 0, 1, 1, 0, 0, 0, 0, 3, 0, 0, 0, 0, 0, 3, 1, 0, 1, 0, 0, 3, 0]",18,4.25531914893617
Premier_League,2014,Southampton,"[0, 1, 3, 3, 3, 3, 0, 3, 3, 3, 3, 1, 0, 0, 0, 0, 3, 3, 1, 3, 3, 3, 0, 3, 1, 0, 0, 3, 1, 3, 0, 3, 0, 1, 0, 0, 3, 0]","[0, 1, 3, 3, 3, 3, 0, 3, 3, 3, 3, 1, 0, 0, 0, 0, 3, 3, 1, 3, 3, 3, 0, 3, 1, 0, 0, 3, 1, 3, 0, 3, 0, 1, 0, 0, 3, 0]",16,18.181818181818183
Premier_League,2014,Stoke,"[0, 1, 3, 0, 1, 3, 0, 3, 0, 1, 3, 0, 0, 0, 3, 1, 0, 3, 3, 1, 0, 3, 3, 1, 0, 3, 3, 3, 0, 0, 0, 1, 3, 1, 0, 3, 1, 3]","[0, 1, 3, 0, 1, 3, 0, 3, 0, 1, 3, 0, 0, 0, 3, 1, 0, 3, 3, 1, 0, 3, 3, 1, 0, 3, 3, 3, 0, 0, 0, 1, 3, 1, 0, 3, 1, 3]",10,3.0959752321981426
Premier_League,2014,Sunderland,"[1, 1, 0, 1, 1, 1, 3, 0, 0, 3, 1, 1, 1, 0, 1, 1, 3, 0, 1, 0, 0, 0, 3, 1, 0, 1, 0, 1, 0, 0, 3, 0, 1, 3, 3, 1, 1, 0]","[1, 1, 0, 1, 1, 1, 3, 0, 0, 3, 1, 1, 1, 0, 1, 1, 3, 0, 1, 0, 0, 0, 3, 1, 0, 1, 0, 1, 0, 0, 3, 0, 1, 3, 3, 1, 1, 0]",1,2.717391304347826
Premier_League,2014,Swansea,"[3, 3, 3, 0, 0, 1, 1, 0, 3, 1, 3, 0, 1, 3, 0, 0, 3, 3, 0, 1, 1, 0, 3, 1, 0, 3, 3, 0, 0, 3, 3, 1, 0, 3, 3, 3, 0, 0]","[3, 3, 3, 0, 0, 1, 1, 0, 3, 1, 3, 0, 1, 3, 0, 0, 3, 3, 0, 1, 1, 0, 3, 1, 0, 3, 3, 0, 0, 3, 3, 1, 0, 3, 3, 3, 0, 0]",2,6.944444444444445
Premier_League,2014,Tottenham,"[3, 3, 0, 1, 0, 1, 3, 0, 0, 3, 0, 3, 3, 0, 1, 3, 3, 3, 1, 3, 0, 3, 3, 3, 0, 1, 3, 3, 0, 3, 1, 0, 3, 1, 0, 0, 3, 3]","[3, 3, 0, 1, 0, 1, 3, 0, 0, 3, 0, 3, 3, 0, 1, 3, 3, 3, 1, 3, 0, 3, 3, 3, 0, 1, 3, 3, 0, 3, 1, 0, 3, 1, 0, 0, 3, 3]",10,3.597122302158273
Premier_League,2014,West Brom,"[1, 1, 0, 0, 3, 3, 0, 1, 1, 3, 0, 0, 0, 0, 1, 3, 0, 0, 0, 1, 3, 1, 0, 1, 3, 1, 3, 0, 3, 0, 0, 0, 3, 1, 3, 1, 3, 0]","[1, 1, 0, 0, 3, 3, 0, 1, 1, 3, 0, 0, 0, 0, 1, 3, 0, 0, 0, 1, 3, 1, 0, 1, 3, 1, 3, 0, 3, 0, 0, 0, 3, 1, 3, 1, 3, 0]",1,2.380952380952381
Premier_League,2014,West Ham,"[0, 3, 0, 1, 3, 0, 3, 3, 3, 1, 1, 0, 3, 3, 3, 1, 3, 0, 0, 1, 1, 3, 0, 1, 1, 1, 0, 0, 0, 3, 0, 1, 0, 1, 3, 0, 0, 0]","[0, 3, 0, 1, 3, 0, 3, 3, 3, 1, 1, 0, 3, 3, 3, 1, 3, 0, 0, 1, 1, 3, 0, 1, 1, 1, 0, 0, 0, 3, 0, 1, 0, 1, 3, 0, 0, 0]",16,66.53359946773121
Premier_League,2015,Arsenal,"[0, 3, 1, 3, 3, 0, 3, 3, 3, 3, 3, 1, 0, 1, 3, 3, 3, 0, 3, 3, 1, 1, 0, 1, 3, 3, 0, 0, 1, 3, 3, 1, 1, 3, 1, 3, 1, 3]","[0, 3, 1, 3, 3, 0, 3, 3, 3, 3, 3, 1, 0, 1, 3, 3, 3, 0, 3, 3, 1, 1, 0, 1, 3, 3, 0, 0, 1, 3, 3, 1, 1, 3, 1, 3, 1, 3]",18,6.451612903225806
Premier_League,2015,Aston Villa,"[3, 0, 0, 1, 0, 0, 0, 0, 0, 0, 0, 1, 0, 0, 1, 0, 1, 1, 0, 0, 3, 1, 1, 0, 3, 0, 0, 0, 0, 0, 0, 0, 0, 0, 0, 0, 1, 0]","[3, 0, 0, 1, 0, 0, 0, 0, 0, 0, 0, 1, 0, 0, 1, 0, 1, 1, 0, 0, 3, 1, 1, 0, 3, 0, 0, 0, 0, 0, 0, 0, 0, 0, 0, 0, 1, 0]",13,33.41129301703976
Premier_League,2015,Bournemouth,"[0, 0, 3, 1, 0, 3, 0, 1, 0, 0, 0, 0, 1, 1, 3, 3, 3, 1, 0, 1, 0, 3, 1, 3, 0, 0, 1, 3, 3, 3, 0, 0, 3, 0, 0, 0, 1, 0]","[0, 0, 3, 1, 0, 3, 0, 1, 0, 0, 0, 0, 1, 1, 3, 3, 3, 1, 0, 1, 0, 3, 1, 3, 0, 0, 1, 3, 3, 3, 0, 0, 3, 0, 0, 0, 1, 0]",5,12.987012987012987
Premier_League,2015,Chelsea,"[1, 0, 3, 0, 0, 3, 1, 0, 3, 0, 0, 0, 3, 1, 0, 0, 3, 1, 1, 3, 1, 1, 3, 1, 1, 3, 3, 3, 1, 1, 3, 0, 0, 3, 1, 0, 1, 1]","[1, 0, 3, 0, 0, 3, 1, 0, 3, 0, 0, 0, 3, 1, 0, 0, 3, 1, 1, 3, 1, 1, 3, 1, 1, 3, 3, 3, 1, 1, 3, 0, 0, 3, 1, 0, 1, 1]",7,5.319148936170213
Premier_League,2015,Crystal Palace,"[3, 0, 3, 3, 0, 0, 3, 3, 0, 0, 1, 3, 0, 3, 1, 3, 3, 1, 1, 0, 0, 0, 0, 0, 1, 0, 0, 1, 0, 0, 1, 3, 1, 1, 0, 0, 3, 0]","[3, 0, 3, 3, 0, 0, 3, 3, 0, 0, 1, 3, 0, 3, 1, 3, 3, 1, 1, 0, 0, 0, 0, 0, 1, 0, 0, 1, 0, 0, 1, 3, 1, 1, 0, 0, 3, 0]",19,123.45679012345678
Premier_League,2015,Everton,"[1, 3, 0, 1, 3, 1, 3, 1, 0, 0, 3, 1, 3, 1, 1, 1, 0, 3, 0, 1, 1, 1, 0, 3, 3, 0, 3, 0, 0, 0, 1, 1, 1, 0, 3, 0, 0, 3]","[1, 3, 0, 1, 3, 1, 3, 1, 0, 0, 3, 1, 3, 1, 1, 1, 0, 3, 0, 1, 1, 1, 0, 3, 3, 0, 3, 0, 0, 0, 1, 1, 1, 0, 3, 0, 0, 3]",11,8.928571428571429
Premier_League,2015,Leicester,"[3, 3, 1, 1, 3, 1, 0, 3, 1, 3, 3, 3, 3, 1, 3, 3, 3, 0, 1, 1, 3, 1, 3, 3, 3, 0, 3, 1, 3, 3, 3, 3, 3, 1, 3, 1, 3, 1]","[3, 3, 1, 1, 3, 1, 0, 3, 1, 3, 3, 3, 3, 1, 3, 3, 3, 0, 1, 1, 3, 1, 3, 3, 3, 0, 3, 1, 3, 3, 3, 3, 3, 1, 3, 1, 3, 1]",3,3.3112582781456954
Premier_League,2015,Liverpool,"[3, 3, 1, 0, 0, 1, 3, 1, 1, 1, 3, 0, 3, 3, 0, 1, 0, 3, 3, 0, 1, 0, 3, 0, 1, 3, 3, 3, 0, 1, 3, 3, 3, 1, 0, 3, 1, 1]","[3, 3, 1, 0, 0, 1, 3, 1, 1, 1, 3, 0, 3, 3, 0, 1, 0, 3, 3, 0, 1, 0, 3, 0, 1, 3, 3, 3, 0, 1, 3, 3, 3, 1, 0, 3, 1, 1]",5,3.1746031746031744
Premier_League,2015,Man City,"[3, 3, 3, 3, 3, 0, 0, 3, 3, 1, 3, 1, 0, 3, 0, 3, 0, 3, 1, 3, 1, 3, 1, 3, 0, 0, 0, 3, 1, 0, 3, 3, 3, 1, 3, 0, 1, 1]","[3, 3, 3, 3, 3, 0, 0, 3, 3, 1, 3, 1, 0, 3, 0, 3, 0, 3, 1, 3, 1, 3, 1, 3, 0, 0, 0, 3, 1, 0, 3, 3, 3, 1, 3, 0, 1, 1]",3,9.00900900900901
Premier_League,2015,Man United,"[3, 3, 1, 0, 3, 3, 3, 0, 3, 1, 1, 3, 3, 1, 1, 0, 0, 0, 1, 3, 1, 3, 0, 3, 1, 0, 3, 3, 0, 3, 3, 0, 3, 3, 1, 3, 0, 3]","[3, 3, 1, 0, 3, 3, 3, 0, 3, 1, 1, 3, 3, 1, 1, 0, 0, 0, 1, 3, 1, 3, 0, 3, 1, 0, 3, 3, 0, 3, 3, 0, 3, 3, 1, 3, 0, 3]",2,1.953125
Premier_League,2015,Newcastle,"[1, 0, 1, 0, 0, 0, 1, 0, 3, 0, 1, 3, 0, 0, 3, 3, 1, 0, 0, 0, 1, 3, 0, 0, 3, 0, 0, 0, 0, 1, 0, 0, 3, 1, 1, 3, 1, 3]","[1, 0, 1, 0, 0, 0, 1, 0, 3, 0, 1, 3, 0, 0, 3, 3, 1, 0, 0, 0, 1, 3, 0, 0, 3, 0, 0, 0, 0, 1, 0, 0, 3, 1, 1, 3, 1, 3]",16,1.7271157167530224
Premier_League,2015,Norwich,"[0, 3, 1, 0, 3, 1, 1, 0, 0, 0, 0, 3, 0, 1, 0, 1, 3, 0, 3, 3, 0, 0, 0, 0, 0, 1, 0, 0, 0, 1, 3, 3, 0, 0, 0, 0, 3, 0]","[0, 3, 1, 0, 3, 1, 1, 0, 0, 0, 0, 3, 0, 1, 0, 1, 3, 0, 3, 3, 0, 0, 0, 0, 0, 1, 0, 0, 0, 1, 3, 3, 0, 0, 0, 0, 3, 0]",18,8.403361344537815
Premier_League,2015,Southampton,"[1, 0, 1, 3, 1, 0, 3, 3, 1, 1, 3, 3, 0, 0, 1, 0, 0, 3, 0, 0, 3, 3, 3, 1, 3, 3, 0, 0, 1, 3, 3, 0, 3, 1, 3, 3, 3, 3]","[1, 0, 1, 3, 1, 0, 3, 3, 1, 1, 3, 3, 0, 0, 1, 0, 0, 3, 0, 0, 3, 3, 3, 1, 3, 3, 0, 0, 1, 3, 3, 0, 3, 1, 3, 3, 3, 3]",12,1.2376237623762376
Premier_League,2015,Stoke,"[0, 1, 1, 0, 0, 1, 3, 3, 3, 0, 1, 3, 3, 0, 3, 1, 0, 3, 3, 0, 3, 1, 0, 0, 0, 3, 3, 3, 1, 0, 3, 1, 0, 0, 0, 1, 0, 3]","[0, 1, 1, 0, 0, 1, 3, 3, 3, 0, 1, 3, 3, 0, 3, 1, 0, 3, 3, 0, 3, 1, 0, 0, 0, 3, 3, 3, 1, 0, 3, 1, 0, 0, 0, 1, 0, 3]",7,8.264462809917354
Premier_League,2015,Sunderland,"[0, 0, 1, 1, 0, 0, 0, 1, 0, 3, 0, 0, 3, 3, 0, 0, 0, 0, 0, 3, 3, 0, 1, 0, 1, 3, 0, 1, 1, 1, 1, 0, 3, 1, 1, 3, 3, 1]","[0, 0, 1, 1, 0, 0, 0, 1, 0, 3, 0, 0, 3, 3, 0, 0, 0, 0, 0, 3, 3, 0, 1, 0, 1, 3, 0, 1, 1, 1, 1, 0, 3, 1, 1, 3, 3, 1]",1,1.321003963011889
Premier_League,2015,Swansea,"[1, 3, 1, 3, 0, 1, 0, 1, 0, 3, 0, 0, 1, 0, 0, 0, 1, 3, 1, 0, 0, 3, 3, 1, 1, 0, 0, 3, 3, 0, 3, 1, 3, 0, 0, 3, 3, 1]","[1, 3, 1, 3, 0, 1, 0, 1, 0, 3, 0, 0, 1, 0, 0, 0, 1, 3, 1, 0, 0, 3, 3, 1, 1, 0, 0, 3, 3, 0, 3, 1, 3, 0, 0, 3, 3, 1]",5,1.5197568389057752
Premier_League,2015,Tottenham,"[0, 1, 1, 1, 3, 3, 3, 1, 1, 3, 3, 1, 3, 1, 1, 0, 3, 3, 3, 1, 0, 3, 3, 3, 3, 3, 3, 0, 1, 3, 3, 1, 3, 3, 1, 1, 0, 0]","[0, 1, 1, 1, 3, 3, 3, 1, 1, 3, 3, 1, 3, 1, 1, 0, 3, 3, 3, 1, 0, 3, 3, 3, 3, 3, 3, 0, 1, 3, 3, 1, 3, 3, 1, 1, 0, 0]",4,47.61904761904762
Premier_League,2015,Watford,"[1, 1, 1, 0, 3, 3, 0, 1, 0, 3, 3, 0, 0, 3, 3, 3, 3, 1, 0, 0, 0, 0, 3, 1, 0, 3, 1, 0, 0, 0, 0, 1, 3, 0, 3, 0, 0, 1]","[1, 1, 1, 0, 3, 3, 0, 1, 0, 3, 3, 0, 0, 3, 3, 3, 3, 1, 0, 0, 0, 0, 3, 1, 0, 3, 1, 0, 0, 0, 0, 1, 3, 0, 3, 0, 0, 1]",19,13.333333333333334
Premier_League,2015,West Brom,"[0, 1, 0, 3, 1, 3, 0, 0, 3, 3, 0, 0, 3, 1, 1, 1, 0, 0, 3, 3, 1, 0, 1, 1, 0, 3, 3, 1, 3, 0, 1, 0, 0, 0, 1, 0, 1, 1]","[0, 1, 0, 3, 1, 3, 0, 0, 3, 3, 0, 0, 3, 1, 1, 1, 0, 0, 3, 3, 1, 0, 1, 1, 0, 3, 3, 1, 3, 0, 1, 0, 0, 0, 1, 0, 1, 1]",9,32.25806451612903
Premier_League,2015,West Ham,"[3, 0, 0, 3, 3, 3, 1, 1, 3, 3, 0, 1, 0, 1, 1, 1, 1, 1, 3, 3, 3, 0, 1, 3, 0, 1, 3, 3, 3, 1, 1, 1, 1, 3, 3, 0, 3, 0]","[3, 0, 0, 3, 3, 3, 1, 1, 3, 3, 0, 1, 0, 1, 1, 1, 1, 1, 3, 3, 3, 0, 1, 3, 0, 1, 3, 3, 3, 1, 1, 1, 1, 3, 3, 0, 3, 0]",1,4.784688995215311
Premier_League,2016,Arsenal,"[0, 1, 3, 3, 3, 3, 3, 3, 1, 3, 1, 1, 3, 3, 3, 0, 0, 3, 3, 1, 3, 3, 0, 0, 3, 0, 0, 1, 3, 0, 3, 3, 0, 3, 3, 3, 3, 3]","[0, 1, 3, 3, 3, 3, 3, 3, 1, 3, 1, 1, 3, 3, 3, 0, 0, 3, 3, 1, 3, 3, 0, 0, 3, 0, 0, 1, 3, 0, 3, 3, 0, 3, 3, 3, 3, 3]",16,4.11522633744856
Premier_League,2016,Bournemouth,"[0, 0, 1, 3, 0, 3, 1, 3, 1, 0, 0, 3, 0, 3, 0, 3, 0, 0, 3, 1, 0, 1, 0, 0, 0, 0, 1, 3, 3, 1, 1, 0, 0, 3, 3, 1, 3, 1]","[0, 0, 1, 3, 0, 3, 1, 3, 1, 0, 0, 3, 0, 3, 0, 3, 0, 0, 3, 1, 0, 1, 0, 0, 0, 0, 1, 3, 3, 1, 1, 0, 0, 3, 3, 1, 3, 1]",19,2.1881838074398248
Premier_League,2016,Burnley,"[0, 3, 0, 1, 0, 3, 0, 0, 3, 1, 3, 0, 0, 0, 3, 0, 0, 3, 3, 0, 3, 0, 3, 0, 1, 1, 0, 0, 1, 0, 3, 1, 0, 0, 3, 1, 0, 0]","[0, 3, 0, 1, 0, 3, 0, 0, 3, 1, 3, 0, 0, 0, 3, 0, 0, 3, 3, 0, 3, 0, 3, 0, 1, 1, 0, 0, 1, 0, 3, 1, 0, 0, 3, 1, 0, 0]",15,6.944444444444445
Premier_League,2016,Chelsea,"[3, 3, 3, 1, 0, 0, 3, 3, 3, 3, 3, 3, 3, 3, 3, 3, 3, 3, 3, 0, 3, 3, 1, 3, 1, 3, 3, 3, 0, 3, 3, 0, 3, 3, 3, 3, 3, 3]","[3, 3, 3, 1, 0, 0, 3, 3, 3, 3, 3, 3, 3, 3, 3, 3, 3, 3, 3, 0, 3, 3, 1, 3, 1, 3, 3, 3, 0, 3, 3, 0, 3, 3, 3, 3, 3, 3]",19,3.1847133757961785
Premier_League,2016,Crystal Palace,"[0, 0, 1, 3, 3, 3, 1, 0, 0, 0, 0, 0, 0, 3, 1, 0, 0, 1, 0, 0, 0, 0, 3, 0, 0, 3, 3, 3, 3, 0, 3, 1, 3, 0, 0, 0, 3, 0]","[0, 0, 1, 3, 3, 3, 1, 0, 0, 0, 0, 0, 0, 3, 1, 0, 0, 1, 0, 0, 0, 0, 3, 0, 0, 3, 3, 3, 3, 0, 3, 1, 3, 0, 0, 0, 3, 0]",5,3.816793893129771
Premier_League,2016,Everton,"[1, 3, 3, 3, 3, 0, 1, 1, 0, 3, 0, 1, 0, 1, 0, 3, 0, 3, 1, 3, 3, 3, 1, 3, 1, 3, 0, 3, 3, 0, 1, 3, 3, 1, 0, 0, 3, 0]","[1, 3, 3, 3, 3, 0, 1, 1, 0, 3, 0, 1, 0, 1, 0, 3, 0, 3, 1, 3, 3, 3, 1, 3, 1, 3, 0, 3, 3, 0, 1, 3, 3, 1, 0, 0, 3, 0]",5,9.70873786407767
Premier_League,2016,Hull,"[3, 3, 0, 1, 0, 0, 0, 0, 0, 0, 3, 0, 1, 0, 1, 0, 0, 0, 1, 0, 3, 0, 1, 3, 0, 1, 0, 3, 0, 3, 3, 0, 0, 3, 1, 0, 0, 0]","[3, 3, 0, 1, 0, 0, 0, 0, 0, 0, 3, 0, 1, 0, 1, 0, 0, 0, 1, 0, 3, 0, 1, 3, 0, 1, 0, 3, 0, 3, 3, 0, 0, 3, 1, 0, 0, 0]",3,5.319148936170213
Premier_League,2016,Leicester,"[0, 1, 3, 0, 3, 0, 1, 0, 3, 1, 0, 0, 1, 0, 3, 0, 1, 0, 3, 1, 0, 0, 0, 0, 0, 3, 3, 3, 3, 3, 0, 1, 0, 3, 3, 0, 0, 1]","[0, 1, 3, 0, 3, 0, 1, 0, 3, 1, 0, 0, 1, 0, 3, 0, 1, 0, 3, 1, 0, 0, 0, 0, 0, 3, 3, 3, 3, 3, 0, 1, 0, 3, 3, 0, 0, 1]",3,3.8314176245210727
Premier_League,2016,Liverpool,"[3, 0, 1, 3, 3, 3, 3, 1, 3, 3, 3, 1, 3, 0, 1, 3, 3, 3, 3, 1, 1, 0, 1, 0, 3, 0, 3, 3, 1, 3, 1, 3, 3, 0, 3, 1, 3, 3]","[3, 0, 1, 3, 3, 3, 3, 1, 3, 3, 3, 1, 3, 0, 1, 3, 3, 3, 3, 1, 1, 0, 1, 0, 3, 0, 3, 3, 1, 3, 1, 3, 3, 0, 3, 1, 3, 3]",19,9.090909090909092
Premier_League,2016,Man City,"[3, 3, 3, 3, 3, 3, 0, 1, 1, 3, 1, 3, 3, 0, 0, 3, 3, 3, 0, 3, 0, 1, 3, 3, 3, 3, 1, 1, 1, 0, 3, 3, 1, 1, 3, 3, 3, 3]","[3, 3, 3, 3, 3, 3, 0, 1, 1, 3, 1, 3, 3, 0, 0, 3, 3, 3, 0, 3, 0, 1, 3, 3, 3, 3, 1, 1, 1, 0, 3, 3, 1, 1, 3, 3, 3, 3]",12,2.985074626865672
Premier_League,2016,Man United,"[3, 3, 3, 0, 0, 3, 1, 1, 0, 1, 3, 1, 1, 1, 3, 3, 3, 3, 3, 3, 1, 1, 1, 3, 3, 1, 3, 1, 1, 3, 3, 3, 1, 1, 0, 0, 1, 3]","[3, 3, 3, 0, 0, 3, 1, 1, 0, 1, 3, 1, 1, 1, 3, 3, 3, 3, 3, 3, 1, 1, 1, 3, 3, 1, 3, 1, 1, 3, 3, 3, 1, 1, 0, 0, 1, 3]",6,18.867924528301888
Premier_League,2016,Middlesbrough,"[1, 3, 1, 0, 0, 0, 1, 0, 1, 3, 1, 0, 1, 3, 0, 0, 3, 0, 0, 1, 1, 0, 1, 0, 1, 0, 0, 0, 1, 0, 1, 0, 0, 3, 1, 0, 0, 0]","[1, 3, 1, 0, 0, 0, 1, 0, 1, 3, 1, 0, 1, 3, 0, 0, 3, 0, 0, 1, 1, 0, 1, 0, 1, 0, 0, 0, 1, 0, 1, 0, 0, 3, 1, 0, 0, 0]",17,10.416666666666666
Premier_League,2016,Southampton,"[1, 0, 1, 0, 3, 3, 1, 3, 1, 0, 0, 1, 3, 0, 3, 1, 3, 0, 0, 0, 0, 3, 0, 0, 3, 3, 0, 1, 3, 3, 0, 0, 1, 1, 0, 3, 1, 0]","[1, 0, 1, 0, 3, 3, 1, 3, 1, 0, 0, 1, 3, 0, 3, 1, 3, 0, 0, 0, 0, 3, 0, 0, 3, 3, 0, 1, 3, 3, 0, 0, 1, 1, 0, 3, 1, 0]",8,6.578947368421052
Premier_League,2016,Stoke,"[1, 0, 0, 0, 0, 1, 1, 3, 3, 3, 1, 0, 3, 3, 0, 1, 1, 0, 0, 3, 3, 1, 1, 0, 3, 0, 3, 1, 0, 0, 0, 0, 3, 0, 1, 1, 0, 3]","[1, 0, 0, 0, 0, 1, 1, 3, 3, 3, 1, 0, 3, 3, 0, 1, 1, 0, 0, 3, 3, 1, 1, 0, 3, 0, 3, 1, 0, 0, 0, 0, 3, 0, 1, 1, 0, 3]",10,6.024096385542169
Premier_League,2016,Sunderland,"[0, 0, 1, 0, 0, 0, 1, 0, 0, 0, 3, 3, 0, 3, 0, 0, 3, 0, 0, 1, 0, 0, 1, 3, 0, 0, 0, 1, 0, 0, 0, 1, 0, 0, 3, 0, 0, 0]","[0, 0, 1, 0, 0, 0, 1, 0, 0, 0, 3, 3, 0, 3, 0, 0, 3, 0, 0, 1, 0, 0, 1, 3, 0, 0, 0, 1, 0, 0, 0, 1, 0, 0, 3, 0, 0, 0]",14,6.622516556291391
Premier_League,2016,Swansea,"[3, 0, 0, 1, 0, 0, 0, 0, 1, 0, 0, 1, 3, 0, 3, 0, 0, 0, 0, 3, 0, 3, 3, 0, 3, 0, 3, 0, 0, 1, 0, 0, 0, 3, 1, 3, 3, 3]","[3, 0, 0, 1, 0, 0, 0, 0, 1, 0, 0, 1, 3, 0, 3, 0, 0, 0, 0, 3, 0, 3, 3, 0, 3, 0, 3, 0, 0, 1, 0, 0, 0, 3, 1, 3, 3, 3]",11,1.2953367875647668
Premier_League,2016,Tottenham,"[1, 3, 1, 3, 3, 3, 3, 1, 1, 1, 1, 3, 0, 3, 0, 3, 3, 3, 3, 3, 3, 1, 1, 3, 0, 3, 3, 3, 3, 3, 3, 3, 3, 3, 0, 3, 3, 3]","[1, 3, 1, 3, 3, 3, 3, 1, 1, 1, 1, 3, 0, 3, 0, 3, 3, 3, 3, 3, 3, 1, 1, 3, 0, 3, 3, 3, 3, 3, 3, 3, 3, 3, 0, 3, 3, 3]",4,1.9267822736030829
Premier_League,2016,Watford,"[1, 0, 0, 3, 3, 0, 1, 3, 1, 3, 0, 3, 0, 0, 3, 0, 0, 1, 0, 0, 1, 1, 3, 3, 0, 1, 0, 0, 3, 3, 0, 3, 0, 0, 0, 0, 0, 0]","[1, 0, 0, 3, 3, 0, 1, 3, 1, 3, 0, 3, 0, 0, 3, 0, 0, 1, 0, 0, 1, 1, 3, 3, 0, 1, 0, 0, 3, 3, 0, 3, 0, 0, 0, 0, 0, 0]",6,70.17543859649123
Premier_League,2016,West Brom,"[3, 0, 1, 0, 3, 1, 1, 1, 0, 0, 3, 3, 1, 3, 0, 3, 0, 0, 3, 3, 0, 3, 1, 3, 1, 3, 0, 0, 3, 1, 0, 0, 0, 0, 1, 0, 0, 0]","[3, 0, 1, 0, 3, 1, 1, 1, 0, 0, 3, 3, 1, 3, 0, 3, 0, 0, 3, 3, 0, 3, 1, 3, 1, 3, 0, 0, 3, 1, 0, 0, 0, 0, 1, 0, 0, 0]",8,242.71844660194174
Premier_League,2016,West Ham,"[0, 3, 0, 0, 0, 0, 1, 3, 3, 0, 1, 0, 1, 0, 1, 3, 3, 3, 0, 0, 3, 3, 0, 3, 1, 1, 0, 0, 0, 0, 0, 3, 1, 1, 1, 3, 0, 3]","[0, 3, 0, 0, 0, 0, 1, 3, 3, 0, 1, 0, 1, 0, 1, 3, 3, 3, 0, 0, 3, 3, 0, 3, 1, 1, 0, 0, 0, 0, 0, 3, 1, 1, 1, 3, 0, 3]",14,3.4246575342465753
Premier_League,2017,Arsenal,"[3, 0, 0, 3, 1, 3, 3, 0, 3, 3, 0, 3, 3, 3, 0, 1, 1, 3, 1, 3, 1, 1, 0, 3, 0, 3, 0, 0, 0, 3, 3, 3, 0, 3, 0, 3, 0, 3]","[3, 0, 0, 3, 1, 3, 3, 0, 3, 3, 0, 3, 3, 3, 0, 1, 1, 3, 1, 3, 1, 1, 0, 3, 0, 3, 0, 0, 0, 3, 3, 3, 0, 3, 0, 3, 0, 3]",18,4.587155963302752
Premier_League,2017,Bournemouth,"[0, 0, 0, 0, 3, 0, 1, 0, 3, 0, 3, 3, 1, 0, 1, 1, 0, 0, 0, 1, 3, 1, 3, 1, 3, 3, 0, 1, 1, 0, 3, 1, 1, 0, 0, 0, 3, 3]","[0, 0, 0, 0, 3, 0, 1, 0, 3, 0, 3, 3, 1, 0, 1, 1, 0, 0, 0, 1, 3, 1, 3, 1, 3, 3, 0, 1, 1, 0, 3, 1, 1, 0, 0, 0, 3, 3]",12,2.272727272727273
Premier_League,2017,Brighton,"[0, 0, 1, 3, 0, 3, 0, 1, 3, 1, 3, 1, 0, 1, 0, 0, 0, 1, 3, 0, 1, 1, 0, 0, 1, 3, 1, 3, 3, 0, 0, 1, 0, 1, 1, 3, 0, 0]","[0, 0, 1, 3, 0, 3, 0, 1, 3, 1, 3, 1, 0, 1, 0, 0, 0, 1, 3, 0, 1, 1, 0, 0, 1, 3, 1, 3, 3, 0, 0, 1, 0, 1, 1, 3, 0, 0]",2,6.134969325153374
Premier_League,2017,Burnley,"[3, 0, 1, 3, 1, 1, 3, 1, 0, 3, 3, 3, 0, 3, 0, 3, 3, 1, 0, 1, 1, 0, 0, 0, 1, 1, 0, 1, 3, 3, 3, 3, 3, 0, 1, 1, 0, 0]","[3, 0, 1, 3, 1, 1, 3, 1, 0, 3, 3, 3, 0, 3, 0, 3, 3, 1, 0, 1, 1, 0, 0, 0, 1, 1, 0, 1, 3, 3, 3, 3, 3, 0, 1, 1, 0, 0]",5,26.31578947368421
Premier_League,2017,Chelsea,"[0, 3, 3, 3, 1, 3, 0, 0, 3, 3, 3, 3, 1, 3, 3, 0, 3, 3, 1, 3, 3, 1, 1, 3, 0, 0, 3, 0, 0, 3, 0, 1, 3, 3, 3, 3, 1, 0]","[0, 3, 3, 3, 1, 3, 0, 0, 3, 3, 3, 3, 1, 3, 3, 0, 3, 3, 1, 3, 3, 1, 1, 3, 0, 0, 3, 0, 0, 3, 0, 1, 3, 3, 3, 3, 1, 0]",14,10.0
Premier_League,2017,Crystal Palace,"[0, 0, 0, 0, 0, 0, 0, 3, 0, 1, 0, 1, 3, 1, 1, 1, 3, 3, 1, 0, 1, 3, 3, 0, 1, 1, 0, 0, 0, 0, 3, 0, 1, 3, 1, 3, 3, 3]","[0, 0, 0, 0, 0, 0, 0, 3, 0, 1, 0, 1, 3, 1, 1, 1, 3, 3, 1, 0, 1, 3, 3, 0, 1, 1, 0, 0, 0, 0, 3, 0, 1, 3, 1, 3, 3, 3]",15,1.4164305949008498
Premier_League,2017,Everton,"[3, 1, 0, 0, 0, 3, 0, 1, 0, 0, 3, 1, 0, 3, 3, 1, 3, 3, 1, 1, 0, 0, 0, 1, 3, 0, 3, 0, 0, 3, 3, 0, 1, 1, 3, 3, 1, 0]","[3, 1, 0, 0, 0, 3, 0, 1, 0, 0, 3, 1, 0, 3, 3, 1, 3, 3, 1, 1, 0, 0, 0, 1, 3, 0, 3, 0, 0, 3, 3, 0, 1, 1, 3, 3, 1, 0]",2,3.076923076923077
Premier_League,2017,Huddersfield,"[3, 3, 1, 0, 1, 1, 0, 0, 3, 0, 3, 0, 0, 0, 0, 3, 0, 3, 1, 1, 1, 0, 0, 0, 0, 0, 3, 3, 0, 1, 0, 0, 1, 3, 0, 1, 1, 0]","[3, 3, 1, 0, 1, 1, 0, 0, 3, 0, 3, 0, 0, 0, 0, 3, 0, 3, 1, 1, 1, 0, 0, 0, 0, 0, 3, 3, 0, 1, 0, 0, 1, 3, 0, 1, 1, 0]",17,4.830917874396135
Premier_League,2017,Leicester,"[0, 3, 0, 0, 1, 0, 1, 1, 3, 3, 1, 0, 1, 3, 3, 3, 3, 0, 1, 0, 0, 3, 1, 3, 0, 1, 0, 1, 1, 3, 3, 0, 0, 1, 0, 0, 3, 0]","[0, 3, 0, 0, 1, 0, 1, 1, 3, 3, 1, 0, 1, 3, 3, 3, 3, 0, 1, 0, 0, 3, 1, 3, 0, 1, 0, 1, 1, 3, 3, 0, 0, 1, 0, 0, 3, 0]",7,10.989010989010989
Premier_League,2017,Liverpool,"[1, 3, 3, 0, 1, 3, 1, 1, 0, 3, 3, 3, 1, 3, 3, 1, 1, 3, 1, 3, 3, 3, 3, 0, 3, 1, 3, 3, 3, 0, 3, 3, 1, 3, 1, 1, 0, 3]","[1, 3, 3, 0, 1, 3, 1, 1, 0, 3, 3, 3, 1, 3, 3, 1, 1, 3, 1, 3, 3, 3, 3, 0, 3, 1, 3, 3, 3, 0, 3, 3, 1, 3, 1, 1, 0, 3]",4,5.714285714285714
Premier_League,2017,Man City,"[3, 1, 3, 3, 3, 3, 3, 3, 3, 3, 3, 3, 3, 3, 3, 3, 3, 3, 3, 3, 1, 3, 0, 3, 3, 1, 3, 3, 3, 3, 3, 0, 3, 3, 3, 1, 3, 3]","[3, 1, 3, 3, 3, 3, 3, 3, 3, 3, 3, 3, 3, 3, 3, 3, 3, 3, 3, 3, 1, 3, 0, 3, 3, 1, 3, 3, 3, 3, 3, 0, 3, 3, 3, 1, 3, 3]",18,20.833333333333332
Premier_League,2017,Man United,"[3, 3, 3, 1, 3, 3, 3, 1, 0, 3, 0, 3, 3, 3, 3, 0, 3, 3, 1, 1, 1, 3, 3, 3, 0, 3, 0, 3, 3, 3, 3, 3, 0, 3, 3, 0, 1, 3]","[3, 3, 3, 1, 3, 3, 3, 1, 0, 3, 0, 3, 3, 3, 3, 0, 3, 3, 1, 1, 1, 3, 3, 3, 0, 3, 0, 3, 3, 3, 3, 3, 0, 3, 3, 0, 1, 3]",6,4.524886877828054
Premier_League,2017,Newcastle,"[0, 0, 3, 3, 3, 0, 1, 1, 3, 0, 0, 0, 0, 1, 0, 0, 0, 0, 3, 0, 1, 3, 1, 0, 1, 1, 3, 1, 0, 3, 3, 3, 3, 0, 0, 0, 0, 3]","[0, 0, 3, 3, 3, 0, 1, 1, 3, 0, 0, 0, 0, 1, 0, 0, 0, 0, 3, 0, 1, 3, 1, 0, 1, 1, 3, 1, 0, 3, 3, 3, 3, 0, 0, 0, 0, 3]",5,4.784688995215311
Premier_League,2017,Southampton,"[1, 3, 1, 0, 3, 0, 0, 1, 3, 1, 0, 0, 3, 0, 1, 1, 0, 0, 1, 0, 1, 0, 1, 1, 1, 3, 0, 1, 1, 0, 0, 0, 0, 1, 3, 1, 3, 0]","[1, 3, 1, 0, 3, 0, 0, 1, 3, 1, 0, 0, 3, 0, 1, 1, 0, 0, 1, 0, 1, 0, 1, 1, 1, 3, 0, 1, 1, 0, 0, 0, 0, 1, 3, 1, 3, 0]",12,2.6595744680851063
Premier_League,2017,Stoke,"[0, 3, 1, 1, 0, 0, 3, 0, 0, 3, 1, 1, 0, 0, 3, 0, 0, 0, 3, 1, 0, 0, 0, 3, 1, 0, 1, 1, 1, 0, 0, 0, 0, 1, 1, 1, 0, 3]","[0, 3, 1, 1, 0, 0, 3, 0, 0, 3, 1, 1, 0, 0, 3, 0, 0, 0, 3, 1, 0, 0, 0, 3, 1, 0, 1, 1, 1, 0, 0, 0, 0, 1, 1, 1, 0, 3]",19,3.875968992248062
Premier_League,2017,Swansea,"[1, 0, 3, 0, 1, 0, 0, 3, 0, 0, 0, 0, 1, 0, 0, 3, 0, 0, 1, 0, 3, 0, 1, 3, 3, 1, 3, 0, 3, 1, 0, 1, 1, 0, 0, 0, 0, 0]","[1, 0, 3, 0, 1, 0, 0, 3, 0, 0, 0, 0, 1, 0, 0, 3, 0, 0, 1, 0, 3, 0, 1, 3, 3, 1, 3, 0, 3, 1, 0, 1, 1, 0, 0, 0, 0, 0]",5,28.571428571428573
Premier_League,2017,Tottenham,"[3, 0, 1, 3, 1, 3, 3, 3, 3, 0, 3, 0, 1, 0, 1, 3, 3, 0, 3, 3, 3, 1, 3, 1, 3, 1, 3, 3, 3, 3, 3, 3, 0, 1, 3, 0, 3, 3]","[3, 0, 1, 3, 1, 3, 3, 3, 3, 0, 3, 0, 1, 0, 1, 3, 3, 0, 3, 3, 3, 1, 3, 1, 3, 1, 3, 3, 3, 3, 3, 3, 0, 1, 3, 0, 3, 3]",6,3.5335689045936394
Premier_League,2017,Watford,"[1, 3, 1, 3, 0, 3, 1, 3, 0, 0, 0, 3, 3, 0, 1, 0, 0, 0, 0, 3, 0, 0, 1, 0, 1, 3, 0, 3, 3, 0, 0, 1, 0, 0, 1, 0, 3, 0]","[1, 3, 1, 3, 0, 3, 1, 3, 0, 0, 0, 3, 3, 0, 1, 0, 0, 0, 0, 3, 0, 0, 1, 0, 1, 3, 0, 3, 3, 0, 0, 1, 0, 0, 1, 0, 3, 0]",9,9.090909090909092
Premier_League,2017,West Brom,"[3, 3, 1, 0, 1, 0, 1, 1, 0, 0, 0, 0, 1, 1, 1, 0, 1, 0, 0, 1, 1, 0, 3, 1, 0, 0, 0, 0, 0, 0, 0, 0, 1, 3, 1, 3, 3, 0]","[3, 3, 1, 0, 1, 0, 1, 1, 0, 0, 0, 0, 1, 1, 1, 0, 1, 0, 0, 1, 1, 0, 3, 1, 0, 0, 0, 0, 0, 0, 0, 0, 1, 3, 1, 3, 3, 0]",1,2.0080321285140563
Premier_League,2017,West Ham,"[0, 0, 0, 3, 1, 0, 3, 1, 0, 1, 0, 0, 1, 0, 0, 3, 1, 3, 0, 1, 3, 1, 3, 1, 1, 0, 3, 0, 0, 0, 3, 1, 1, 0, 0, 3, 1, 3]","[0, 0, 0, 3, 1, 0, 3, 1, 0, 1, 0, 0, 1, 0, 0, 3, 1, 3, 0, 1, 3, 1, 3, 1, 1, 0, 3, 0, 0, 0, 3, 1, 1, 0, 0, 3, 1, 3]",11,1.7543859649122806
Premier_League,2018,Arsenal,"[0, 0, 3, 3, 3, 3, 3, 3, 3, 1, 1, 1, 3, 3, 1, 3, 0, 3, 1, 0, 3, 0, 3, 3, 0, 3, 3, 3, 1, 3, 3, 0, 3, 0, 0, 0, 1, 3]","[0, 0, 3, 3, 3, 3, 3, 3, 3, 1, 1, 1, 3, 3, 1, 3, 0, 3, 1, 0, 3, 0, 3, 3, 0, 3, 3, 3, 1, 3, 3, 0, 3, 0, 0, 0, 1, 3]",7,17.857142857142858
Premier_League,2018,Bournemouth,"[3, 3, 1, 0, 3, 0, 3, 3, 1, 3, 0, 0, 0, 0, 3, 0, 0, 3, 0, 0, 1, 0, 3, 3, 0, 0, 1, 0, 0, 3, 1, 0, 0, 3, 0, 1, 3, 0]","[3, 3, 1, 0, 3, 0, 3, 3, 1, 3, 0, 0, 0, 0, 3, 0, 0, 3, 0, 0, 1, 0, 3, 3, 0, 0, 1, 0, 0, 3, 1, 0, 0, 3, 0, 1, 3, 0]",14,6.410256410256411
Premier_League,2018,Brighton,"[0, 3, 0, 1, 1, 0, 0, 3, 3, 3, 0, 0, 1, 3, 3, 0, 0, 0, 1, 3, 1, 0, 0, 0, 1, 0, 0, 3, 3, 0, 0, 0, 0, 1, 0, 1, 1, 0]","[0, 3, 0, 1, 1, 0, 0, 3, 3, 3, 0, 0, 1, 3, 3, 0, 0, 0, 1, 3, 1, 0, 0, 0, 1, 0, 0, 3, 3, 0, 0, 0, 0, 1, 0, 1, 1, 0]",9,19.607843137254903
Premier_League,2018,Burnley,"[1, 0, 0, 0, 0, 3, 3, 1, 0, 0, 0, 1, 0, 0, 0, 3, 0, 0, 0, 3, 3, 3, 1, 1, 1, 3, 3, 0, 0, 0, 0, 3, 3, 3, 1, 0, 0, 0]","[1, 0, 0, 0, 0, 3, 3, 1, 0, 0, 0, 1, 0, 0, 0, 3, 0, 0, 0, 3, 3, 3, 1, 1, 1, 3, 3, 0, 0, 0, 0, 3, 3, 3, 1, 0, 0, 0]",3,6.802721088435374
Premier_League,2018,Cardiff,"[0, 1, 1, 0, 0, 0, 0, 0, 3, 0, 0, 3, 0, 3, 0, 3, 0, 0, 1, 3, 0, 1, 0, 0, 3, 3, 0, 0, 0, 3, 0, 0, 0, 3, 0, 0, 0, 3]","[0, 1, 1, 0, 0, 0, 0, 0, 3, 0, 0, 3, 0, 3, 0, 3, 0, 0, 1, 3, 0, 1, 0, 0, 3, 3, 0, 0, 0, 3, 0, 0, 0, 3, 0, 0, 0, 3]",12,2.6525198938992043
Premier_League,2018,Chelsea,"[3, 3, 3, 3, 3, 1, 1, 3, 1, 3, 3, 1, 0, 3, 0, 3, 3, 0, 3, 3, 1, 3, 0, 0, 3, 0, 3, 3, 1, 0, 3, 3, 3, 0, 1, 1, 3, 1]","[3, 3, 3, 3, 3, 1, 1, 3, 1, 3, 3, 1, 0, 3, 0, 3, 3, 0, 3, 3, 1, 3, 0, 0, 3, 0, 3, 3, 1, 0, 3, 3, 3, 0, 1, 1, 3, 1]",16,9.00900900900901
Premier_League,2018,Crystal Palace,"[3, 0, 0, 0, 3, 1, 0, 0, 0, 1, 0, 0, 1, 3, 0, 0, 3, 3, 1, 0, 3, 0, 0, 1, 3, 1, 3, 0, 3, 0, 3, 0, 3, 0, 3, 1, 3, 3]","[3, 0, 0, 0, 3, 1, 0, 0, 0, 1, 0, 0, 1, 3, 0, 0, 3, 3, 1, 0, 3, 0, 0, 1, 3, 1, 3, 0, 3, 0, 3, 0, 3, 0, 3, 1, 3, 3]",17,1.1210762331838564
Premier_League,2018,Everton,"[1, 3, 1, 1, 0, 0, 3, 3, 3, 0, 3, 1, 3, 0, 1, 1, 0, 0, 3, 0, 0, 3, 0, 3, 0, 0, 0, 3, 1, 0, 3, 3, 3, 0, 3, 1, 3, 1]","[1, 3, 1, 1, 0, 0, 3, 3, 3, 0, 3, 1, 3, 0, 1, 1, 0, 0, 3, 0, 0, 3, 0, 3, 0, 0, 0, 3, 1, 0, 3, 3, 3, 0, 3, 1, 3, 1]",19,1.8248175182481752
Premier_League,2018,Fulham,"[0, 0, 3, 1, 0, 1, 0, 0, 0, 0, 0, 0, 3, 0, 1, 0, 0, 1, 1, 3, 0, 0, 0, 3, 0, 0, 0, 0, 0, 0, 0, 0, 0, 3, 3, 3, 0, 0]","[0, 0, 3, 1, 0, 1, 0, 0, 0, 0, 0, 0, 3, 0, 1, 0, 0, 1, 1, 3, 0, 0, 0, 3, 0, 0, 0, 0, 0, 0, 0, 0, 0, 3, 3, 3, 0, 0]",2,2.150537634408602
Premier_League,2018,Huddersfield,"[0, 0, 1, 1, 0, 0, 0, 1, 0, 0, 3, 1, 3, 0, 0, 0, 0, 0, 0, 0, 0, 1, 0, 0, 0, 0, 0, 3, 0, 0, 0, 0, 0, 0, 0, 0, 1, 1]","[0, 0, 1, 1, 0, 0, 0, 1, 0, 0, 3, 1, 3, 0, 0, 0, 0, 0, 0, 0, 0, 1, 0, 0, 0, 0, 0, 3, 0, 0, 0, 0, 0, 0, 0, 0, 1, 1]",10,4.048582995951417
Premier_League,2018,Leicester,"[0, 3, 3, 0, 0, 3, 3, 0, 0, 1, 3, 1, 1, 3, 1, 0, 0, 3, 3, 0, 3, 0, 0, 1, 0, 0, 0, 3, 0, 3, 3, 3, 3, 0, 1, 3, 0, 1]","[0, 3, 3, 0, 0, 3, 3, 0, 0, 1, 3, 1, 1, 3, 1, 0, 0, 3, 3, 0, 3, 0, 0, 1, 0, 0, 0, 3, 0, 3, 3, 3, 3, 0, 1, 3, 0, 1]",5,3.3222591362126246
Premier_League,2018,Liverpool,"[3, 3, 3, 3, 3, 3, 1, 1, 3, 3, 1, 3, 3, 3, 3, 3, 3, 3, 3, 3, 0, 3, 3, 1, 1, 3, 1, 3, 1, 3, 3, 3, 3, 3, 3, 3, 3, 3]","[3, 3, 3, 3, 3, 3, 1, 1, 3, 3, 1, 3, 3, 3, 3, 3, 3, 3, 3, 3, 0, 3, 3, 1, 1, 3, 1, 3, 1, 3, 3, 3, 3, 3, 3, 3, 3, 3]",18,4.830917874396135
Premier_League,2018,Man City,"[3, 3, 1, 3, 3, 3, 3, 1, 3, 3, 3, 3, 3, 3, 3, 0, 3, 0, 0, 3, 3, 3, 3, 0, 3, 3, 3, 3, 3, 3, 3, 3, 3, 3, 3, 3, 3, 3]","[3, 3, 1, 3, 3, 3, 3, 1, 3, 3, 3, 3, 3, 3, 3, 0, 3, 0, 0, 3, 3, 3, 3, 0, 3, 3, 3, 3, 3, 3, 3, 3, 3, 3, 3, 3, 3, 3]",15,1.098901098901099
Premier_League,2018,Man United,"[3, 0, 0, 3, 3, 1, 0, 3, 1, 3, 3, 0, 1, 1, 1, 3, 0, 3, 3, 3, 3, 3, 3, 1, 3, 3, 1, 3, 3, 0, 3, 0, 3, 0, 0, 1, 1, 0]","[3, 0, 0, 3, 3, 1, 0, 3, 1, 3, 3, 0, 1, 1, 1, 3, 0, 3, 3, 3, 3, 3, 3, 1, 3, 3, 1, 3, 3, 0, 3, 0, 3, 0, 0, 1, 1, 0]",5,79.30214115781126
Premier_League,2018,Newcastle,"[0, 1, 0, 0, 0, 1, 0, 0, 0, 1, 3, 3, 3, 0, 1, 0, 3, 1, 0, 1, 0, 0, 3, 3, 0, 1, 3, 3, 0, 3, 1, 0, 0, 3, 3, 1, 0, 3]","[0, 1, 0, 0, 0, 1, 0, 0, 0, 1, 3, 3, 3, 0, 1, 0, 3, 1, 0, 1, 0, 0, 3, 3, 0, 1, 3, 3, 0, 3, 1, 0, 0, 3, 3, 1, 0, 3]",3,1.3568521031207599
Premier_League,2018,Southampton,"[1, 0, 0, 3, 1, 0, 0, 0, 1, 1, 0, 1, 0, 1, 0, 0, 3, 3, 0, 0, 1, 3, 3, 1, 1, 0, 0, 3, 0, 3, 3, 0, 3, 0, 1, 1, 0, 1]","[1, 0, 0, 3, 1, 0, 0, 0, 1, 1, 0, 1, 0, 1, 0, 0, 3, 3, 0, 0, 1, 3, 3, 1, 1, 0, 0, 3, 0, 3, 3, 0, 3, 0, 1, 1, 0, 1]",5,3.8910505836575875
Premier_League,2018,Tottenham,"[3, 3, 3, 0, 0, 3, 3, 3, 3, 0, 3, 3, 3, 0, 3, 3, 3, 3, 3, 0, 3, 0, 3, 3, 3, 3, 0, 0, 1, 0, 0, 3, 3, 0, 3, 0, 0, 1]","[3, 3, 3, 0, 0, 3, 3, 3, 3, 0, 3, 3, 3, 0, 3, 3, 3, 3, 3, 0, 3, 0, 3, 3, 3, 3, 0, 0, 1, 0, 0, 3, 3, 0, 3, 0, 0, 1]",12,276.24309392265195
Premier_League,2018,Watford,"[3, 3, 3, 3, 0, 1, 0, 0, 3, 3, 0, 1, 0, 0, 0, 1, 3, 3, 0, 1, 1, 3, 1, 0, 1, 3, 3, 0, 3, 0, 0, 3, 0, 3, 1, 0, 0, 0]","[3, 3, 3, 3, 0, 1, 0, 0, 3, 3, 0, 1, 0, 0, 0, 1, 3, 3, 0, 1, 1, 3, 1, 0, 1, 3, 3, 0, 3, 0, 0, 3, 0, 3, 1, 0, 0, 0]",3,14.492753623188406
Premier_League,2018,West Ham,"[0, 0, 0, 0, 3, 1, 3, 0, 0, 1, 3, 1, 0, 3, 3, 3, 3, 0, 3, 0, 1, 3, 0, 0, 1, 1, 3, 0, 3, 0, 3, 0, 0, 0, 1, 3, 3, 3]","[0, 0, 0, 0, 3, 1, 3, 0, 0, 1, 3, 1, 0, 3, 3, 3, 3, 0, 3, 0, 1, 3, 0, 0, 1, 1, 3, 0, 3, 0, 3, 0, 0, 0, 1, 3, 3, 3]",19,2.304147465437788
Premier_League,2018,Wolves,"[1, 0, 1, 3, 3, 1, 3, 3, 0, 0, 0, 1, 0, 0, 3, 3, 3, 0, 1, 3, 0, 0, 3, 3, 3, 1, 1, 0, 3, 1, 0, 3, 0, 1, 3, 3, 3, 0]","[1, 0, 1, 3, 3, 1, 3, 3, 0, 0, 0, 1, 0, 0, 3, 3, 3, 0, 1, 3, 0, 0, 3, 3, 3, 1, 1, 0, 3, 1, 0, 3, 0, 1, 3, 3, 3, 0]",1,3.058103975535168
Premier_League,2019,Arsenal,"[3, 3, 0, 1, 1, 3, 1, 3, 0, 1, 1, 0, 1, 1, 0, 3, 0, 1, 1, 0, 3, 1, 1, 1, 1, 3, 3, 3, 0, 0, 3, 3, 3, 1, 0, 3, 0, 3]","[3, 3, 0, 1, 1, 3, 1, 3, 0, 1, 1, 0, 1, 1, 0, 3, 0, 1, 1, 0, 3, 1, 1, 1, 1, 3, 3, 3, 0, 0, 3, 3, 3, 1, 0, 3, 0, 3]",5,1.9083969465648856
Premier_League,2019,Aston Villa,"[0, 0, 3, 0, 1, 0, 1, 3, 3, 0, 0, 0, 3, 1, 0, 0, 0, 0, 3, 0, 3, 0, 1, 3, 0, 0, 0, 0, 1, 0, 1, 0, 0, 0, 3, 1, 3, 1]","[0, 0, 3, 0, 1, 0, 1, 3, 3, 0, 0, 0, 3, 1, 0, 0, 0, 0, 3, 0, 3, 0, 1, 3, 0, 0, 0, 0, 1, 0, 1, 0, 0, 0, 3, 1, 3, 1]",14,4.0
Premier_League,2019,Bournemouth,"[1, 3, 0, 0, 3, 3, 1, 0, 1, 1, 3, 0, 0, 0, 0, 0, 3, 0, 1, 0, 0, 0, 0, 3, 3, 0, 0, 1, 0, 0, 0, 0, 0, 1, 3, 0, 0, 3]","[1, 3, 0, 0, 3, 3, 1, 0, 1, 1, 3, 0, 0, 0, 0, 0, 3, 0, 1, 0, 0, 0, 0, 3, 3, 0, 0, 1, 0, 0, 0, 0, 0, 1, 3, 0, 0, 3]",13,5.2356020942408374
Premier_League,2019,Brighton,"[3, 1, 0, 0, 1, 1, 0, 3, 0, 3, 3, 0, 0, 0, 3, 1, 1, 0, 0, 3, 1, 0, 1, 0, 1, 1, 1, 0, 1, 3, 1, 0, 3, 0, 0, 1, 1, 3]","[3, 1, 0, 0, 1, 1, 0, 3, 0, 3, 3, 0, 0, 0, 3, 1, 1, 0, 0, 3, 1, 0, 1, 0, 1, 1, 1, 0, 1, 3, 1, 0, 3, 0, 0, 1, 1, 3]",18,2.6595744680851063
Premier_League,2019,Burnley,"[3, 0, 1, 0, 1, 3, 1, 3, 0, 0, 0, 3, 3, 0, 0, 0, 3, 3, 0, 0, 0, 0, 3, 3, 1, 3, 3, 1, 1, 0, 3, 3, 1, 3, 1, 1, 3, 0]","[3, 0, 1, 0, 1, 3, 1, 3, 0, 0, 0, 3, 3, 0, 0, 0, 3, 3, 0, 0, 0, 0, 3, 3, 1, 3, 3, 1, 1, 0, 3, 3, 1, 3, 1, 1, 3, 0]",1,2.8901734104046244
Premier_League,2019,Chelsea,"[0, 1, 3, 1, 3, 0, 3, 3, 3, 3, 3, 3, 0, 0, 3, 0, 0, 3, 0, 3, 1, 3, 0, 1, 1, 0, 3, 1, 3, 3, 3, 0, 3, 3, 0, 3, 0, 3]","[0, 1, 3, 1, 3, 0, 3, 3, 3, 3, 3, 3, 0, 0, 3, 0, 0, 3, 0, 3, 1, 3, 0, 1, 1, 0, 3, 1, 3, 3, 3, 0, 3, 3, 0, 3, 0, 3]",4,2.1739130434782608
Premier_League,2019,Crystal Palace,"[1, 0, 3, 3, 0, 1, 3, 3, 0, 1, 0, 0, 0, 3, 3, 1, 1, 0, 3, 1, 1, 1, 1, 0, 0, 0, 3, 3, 3, 3, 0, 0, 0, 0, 0, 0, 0, 1]","[1, 0, 3, 3, 0, 1, 3, 3, 0, 1, 0, 0, 0, 3, 3, 1, 1, 0, 3, 1, 1, 1, 1, 0, 0, 0, 3, 3, 3, 3, 0, 0, 0, 0, 0, 0, 0, 1]",8,214.59227467811158
Premier_League,2019,Everton,"[1, 3, 0, 3, 0, 0, 0, 0, 3, 0, 1, 3, 0, 0, 0, 3, 1, 1, 3, 3, 0, 3, 1, 1, 3, 3, 0, 1, 0, 1, 3, 3, 0, 1, 0, 1, 3, 0]","[1, 3, 0, 3, 0, 0, 0, 0, 3, 0, 1, 3, 0, 0, 0, 3, 1, 1, 3, 3, 0, 3, 1, 1, 3, 3, 0, 1, 0, 1, 3, 3, 0, 1, 0, 1, 3, 0]",6,4.273504273504273
Premier_League,2019,Leicester,"[1, 1, 3, 3, 0, 3, 3, 0, 3, 3, 3, 3, 3, 3, 3, 3, 1, 0, 0, 3, 3, 0, 0, 3, 1, 1, 0, 0, 3, 1, 1, 0, 3, 1, 0, 3, 0, 0]","[1, 1, 3, 3, 0, 3, 3, 0, 3, 3, 3, 3, 3, 3, 3, 3, 1, 0, 0, 3, 3, 0, 0, 3, 1, 1, 0, 0, 3, 1, 1, 0, 3, 1, 0, 3, 0, 0]",17,154.79876160990713
Premier_League,2019,Liverpool,"[3, 3, 3, 3, 3, 3, 3, 3, 1, 3, 3, 3, 3, 3, 3, 3, 3, 3, 3, 3, 3, 3, 3, 3, 3, 3, 3, 0, 3, 1, 3, 0, 3, 3, 1, 0, 3, 3]","[3, 3, 3, 3, 3, 3, 3, 3, 1, 3, 3, 3, 3, 3, 3, 3, 3, 3, 3, 3, 3, 3, 3, 3, 3, 3, 3, 0, 3, 1, 3, 0, 3, 3, 1, 0, 3, 3]",11,392.15686274509807
Premier_League,2019,Man City,"[3, 1, 3, 3, 0, 3, 3, 0, 3, 3, 3, 0, 3, 1, 3, 0, 3, 3, 0, 3, 3, 3, 1, 3, 0, 3, 3, 0, 3, 3, 0, 3, 0, 3, 3, 3, 3, 3]","[3, 1, 3, 3, 0, 3, 3, 0, 3, 3, 3, 0, 3, 1, 3, 0, 3, 3, 0, 3, 3, 3, 1, 3, 0, 3, 3, 0, 3, 3, 0, 3, 0, 3, 3, 3, 3, 3]",14,1.8518518518518519
Premier_League,2019,Man United,"[3, 1, 0, 1, 3, 0, 1, 0, 1, 3, 0, 3, 1, 1, 3, 3, 1, 0, 3, 3, 0, 3, 0, 0, 1, 3, 3, 1, 3, 1, 3, 3, 3, 3, 1, 3, 1, 3]","[3, 1, 0, 1, 3, 0, 1, 0, 1, 3, 0, 3, 1, 1, 3, 3, 1, 0, 3, 3, 0, 3, 0, 0, 1, 3, 3, 1, 3, 1, 3, 3, 3, 3, 1, 3, 1, 3]",4,1.364256480218281
Premier_League,2019,Newcastle,"[0, 0, 3, 1, 0, 1, 0, 3, 0, 1, 3, 3, 0, 1, 3, 3, 0, 3, 0, 0, 0, 1, 3, 1, 1, 0, 0, 1, 3, 3, 1, 3, 1, 0, 0, 0, 1, 0]","[0, 0, 3, 1, 0, 1, 0, 3, 0, 1, 3, 3, 0, 1, 3, 3, 0, 3, 0, 0, 0, 1, 3, 1, 1, 0, 0, 1, 3, 3, 1, 3, 1, 0, 0, 0, 1, 0]",5,23.25581395348837
Premier_League,2019,Norwich,"[0, 3, 0, 0, 3, 0, 0, 0, 1, 0, 0, 0, 3, 1, 0, 0, 1, 0, 0, 1, 1, 0, 3, 0, 1, 0, 0, 3, 0, 0, 0, 0, 0, 0, 0, 0, 0, 0]","[0, 3, 0, 0, 3, 0, 0, 0, 1, 0, 0, 0, 3, 1, 0, 0, 1, 0, 0, 1, 1, 0, 3, 0, 1, 0, 0, 3, 0, 0, 0, 0, 0, 0, 0, 0, 0, 0]",10,57.4052812858783
Premier_League,2019,Sheffield United,"[1, 3, 0, 1, 0, 3, 0, 1, 3, 1, 3, 1, 1, 1, 0, 3, 3, 3, 1, 0, 0, 3, 1, 0, 3, 3, 1, 3, 1, 0, 0, 3, 1, 3, 3, 0, 0, 0]","[1, 3, 0, 1, 0, 3, 0, 1, 3, 1, 3, 1, 1, 1, 0, 3, 3, 3, 1, 0, 0, 3, 1, 0, 3, 3, 1, 3, 1, 0, 0, 3, 1, 3, 3, 0, 0, 0]",3,41.666666666666664
Premier_League,2019,Southampton,"[0, 0, 3, 1, 3, 0, 0, 0, 1, 0, 0, 0, 1, 3, 3, 0, 0, 3, 3, 1, 3, 3, 0, 3, 0, 0, 3, 0, 0, 3, 0, 3, 3, 1, 1, 1, 3, 3]","[0, 0, 3, 1, 3, 0, 0, 0, 1, 0, 0, 0, 1, 3, 3, 0, 0, 3, 3, 1, 3, 3, 0, 3, 0, 0, 3, 0, 0, 3, 0, 3, 3, 1, 1, 1, 3, 3]",14,1.3717421124828533
Premier_League,2019,Tottenham,"[3, 1, 0, 1, 3, 0, 3, 0, 1, 0, 1, 1, 3, 3, 0, 3, 3, 0, 3, 1, 0, 0, 1, 3, 3, 3, 0, 0, 1, 1, 3, 0, 3, 1, 3, 3, 3, 1]","[3, 1, 0, 1, 3, 0, 3, 0, 1, 0, 1, 1, 3, 3, 0, 3, 3, 0, 3, 1, 0, 0, 1, 3, 3, 3, 0, 0, 1, 1, 3, 0, 3, 1, 3, 3, 3, 1]",1,1.6863406408094435
Premier_League,2019,Watford,"[0, 0, 0, 1, 1, 0, 0, 1, 1, 1, 0, 3, 0, 0, 0, 1, 0, 3, 1, 3, 3, 3, 1, 0, 0, 1, 0, 3, 0, 1, 0, 0, 0, 3, 3, 0, 0, 0]","[0, 0, 0, 1, 1, 0, 0, 1, 1, 1, 0, 3, 0, 0, 0, 1, 0, 3, 1, 3, 3, 3, 1, 0, 0, 1, 0, 3, 0, 1, 0, 0, 0, 3, 3, 0, 0, 0]",3,7.246376811594203
Premier_League,2019,West Ham,"[0, 1, 3, 3, 1, 3, 1, 0, 0, 1, 0, 0, 0, 3, 0, 0, 3, 0, 0, 3, 0, 1, 0, 0, 1, 0, 0, 3, 0, 0, 0, 3, 1, 0, 3, 3, 1, 1]","[0, 1, 3, 3, 1, 3, 1, 0, 0, 1, 0, 0, 0, 3, 0, 0, 3, 0, 0, 3, 0, 1, 0, 0, 1, 0, 0, 3, 0, 0, 0, 3, 1, 0, 3, 3, 1, 1]",18,2.457002457002457
Premier_League,2019,Wolves,"[1, 1, 1, 0, 0, 1, 3, 3, 1, 1, 1, 3, 3, 1, 3, 1, 0, 3, 3, 0, 0, 1, 3, 0, 1, 1, 3, 3, 1, 3, 3, 3, 0, 0, 3, 1, 3, 0]","[1, 1, 1, 0, 0, 1, 3, 3, 1, 1, 1, 3, 3, 1, 3, 1, 0, 3, 3, 0, 0, 1, 3, 0, 1, 1, 3, 3, 1, 3, 3, 3, 0, 0, 3, 1, 3, 0]",6,4.3478260869565215
Premier_League,2020,Arsenal,"[3, 3, 0, 3, 0, 0, 3, 0, 1, 0, 0, 0, 1, 0, 3, 3, 3, 1, 3, 3, 1, 0, 0, 3, 0, 3, 1, 3, 1, 0, 3, 1, 0, 3, 3, 3, 3, 3]","[3, 3, 0, 3, 0, 0, 3, 0, 1, 0, 0, 0, 1, 0, 3, 3, 3, 1, 3, 3, 1, 0, 0, 3, 0, 3, 1, 3, 1, 0, 3, 1, 0, 3, 3, 3, 3, 3]",18,1.3605442176870748
Premier_League,2020,Aston Villa,"[3, 3, 3, 3, 0, 0, 3, 0, 0, 3, 1, 3, 3, 1, 0, 0, 3, 0, 3, 0, 3, 1, 0, 3, 0, 1, 1, 0, 3, 0, 0, 1, 3, 0, 1, 0, 3, 3]","[3, 3, 3, 3, 0, 0, 3, 0, 0, 3, 1, 3, 3, 1, 0, 0, 3, 0, 3, 0, 3, 1, 0, 3, 0, 1, 1, 0, 3, 0, 0, 1, 3, 0, 1, 0, 3, 3]",17,6.578947368421052
Premier_League,2020,Brighton,"[0, 3, 0, 0, 1, 1, 0, 1, 3, 1, 0, 0, 1, 1, 1, 0, 1, 0, 3, 1, 3, 3, 1, 1, 0, 0, 0, 3, 3, 0, 1, 1, 0, 3, 0, 1, 3, 0]","[0, 3, 0, 0, 1, 1, 0, 1, 3, 1, 0, 0, 1, 1, 1, 0, 1, 0, 3, 1, 3, 3, 1, 1, 0, 0, 0, 3, 3, 0, 1, 1, 0, 3, 0, 1, 3, 0]",1,2.4752475247524752
Premier_League,2020,Burnley,"[0, 0, 0, 1, 0, 0, 1, 3, 0, 1, 3, 1, 3, 0, 3, 0, 0, 3, 3, 0, 0, 1, 3, 1, 1, 0, 1, 1, 3, 0, 0, 0, 3, 0, 3, 0, 0, 0]","[0, 0, 0, 1, 0, 0, 1, 3, 0, 1, 3, 1, 3, 0, 3, 0, 0, 3, 3, 0, 0, 1, 3, 1, 1, 0, 1, 1, 3, 0, 0, 0, 3, 0, 3, 0, 0, 0]",3,7.6923076923076925
Premier_League,2020,Chelsea,"[3, 0, 1, 3, 1, 1, 3, 3, 3, 1, 3, 0, 0, 3, 0, 1, 0, 3, 0, 1, 3, 3, 3, 3, 1, 1, 3, 3, 1, 0, 3, 1, 3, 3, 3, 0, 3, 0]","[3, 0, 1, 3, 1, 1, 3, 3, 3, 1, 3, 0, 0, 3, 0, 1, 0, 3, 0, 1, 3, 3, 3, 3, 1, 1, 3, 3, 1, 0, 3, 1, 3, 3, 3, 0, 3, 0]",3,4.761904761904762
Premier_League,2020,Crystal Palace,"[3, 3, 0, 0, 1, 3, 0, 3, 0, 0, 3, 1, 1, 0, 0, 1, 3, 1, 0, 0, 3, 3, 0, 0, 3, 1, 1, 0, 3, 1, 0, 0, 0, 3, 0, 3, 0, 0]","[3, 3, 0, 0, 1, 3, 0, 3, 0, 0, 3, 1, 1, 0, 0, 1, 3, 1, 0, 0, 3, 3, 0, 0, 3, 1, 1, 0, 3, 1, 0, 0, 0, 3, 0, 3, 0, 0]",9,5.1020408163265305
Premier_League,2020,Everton,"[3, 3, 3, 3, 1, 0, 0, 0, 3, 0, 1, 3, 3, 3, 3, 0, 3, 1, 0, 3, 1, 0, 0, 3, 3, 3, 0, 0, 1, 1, 1, 3, 0, 3, 1, 0, 3, 0]","[3, 3, 3, 3, 1, 0, 0, 0, 3, 0, 1, 3, 3, 3, 3, 0, 3, 1, 0, 3, 1, 0, 0, 3, 3, 3, 0, 0, 1, 1, 1, 3, 0, 3, 1, 0, 3, 0]",12,10.869565217391305
Premier_League,2020,Fulham,"[0, 0, 0, 0, 1, 0, 3, 0, 0, 3, 0, 1, 1, 1, 1, 1, 0, 0, 1, 1, 0, 1, 3, 1, 3, 1, 0, 3, 0, 0, 0, 0, 1, 0, 0, 0, 1, 0]","[0, 0, 0, 0, 1, 0, 3, 0, 0, 3, 0, 1, 1, 1, 1, 1, 0, 0, 1, 1, 0, 1, 3, 1, 3, 1, 0, 3, 0, 0, 0, 0, 1, 0, 0, 0, 1, 0]",10,35.714285714285715
Premier_League,2020,Leeds,"[0, 3, 3, 1, 0, 3, 0, 0, 1, 3, 0, 0, 3, 0, 3, 3, 0, 0, 3, 3, 0, 3, 0, 0, 3, 0, 0, 1, 3, 3, 3, 1, 1, 0, 3, 3, 3, 3]","[0, 3, 3, 1, 0, 3, 0, 0, 1, 3, 0, 0, 3, 0, 3, 3, 0, 0, 3, 3, 0, 3, 0, 0, 3, 0, 0, 1, 3, 3, 3, 1, 1, 0, 3, 3, 3, 3]",18,1.408450704225352
Premier_League,2020,Leicester,"[3, 3, 3, 0, 0, 3, 3, 3, 0, 0, 3, 3, 0, 3, 1, 1, 3, 3, 3, 1, 0, 3, 1, 3, 3, 0, 1, 3, 3, 0, 0, 3, 3, 1, 0, 3, 0, 0]","[3, 3, 3, 0, 0, 3, 3, 3, 0, 0, 3, 3, 0, 3, 1, 1, 3, 3, 3, 1, 0, 3, 1, 3, 3, 0, 1, 3, 3, 0, 0, 3, 3, 1, 0, 3, 0, 0]",9,12.345679012345679
Premier_League,2020,Liverpool,"[3, 3, 3, 0, 1, 3, 3, 1, 3, 1, 3, 1, 3, 3, 1, 1, 0, 1, 0, 3, 3, 0, 0, 0, 0, 3, 0, 0, 3, 3, 3, 1, 1, 3, 3, 3, 3, 3]","[3, 3, 3, 0, 1, 3, 3, 1, 3, 1, 3, 1, 3, 3, 1, 1, 0, 1, 0, 3, 3, 0, 0, 0, 0, 3, 0, 0, 3, 3, 3, 1, 1, 3, 3, 3, 3, 3]",17,2.6178010471204187
Premier_League,2020,Man City,"[3, 0, 1, 3, 1, 3, 1, 0, 3, 3, 1, 1, 3, 3, 3, 3, 3, 3, 3, 3, 3, 3, 3, 3, 3, 3, 3, 0, 3, 3, 3, 0, 3, 3, 0, 3, 0, 3]","[3, 0, 1, 3, 1, 3, 1, 0, 3, 3, 1, 1, 3, 3, 3, 3, 3, 3, 3, 3, 3, 3, 3, 3, 3, 3, 3, 0, 3, 3, 3, 0, 3, 3, 0, 3, 0, 3]",7,8.771929824561404
Premier_League,2020,Man United,"[0, 3, 0, 3, 1, 0, 3, 3, 3, 3, 1, 3, 3, 1, 3, 3, 3, 1, 3, 0, 1, 3, 1, 1, 3, 1, 1, 3, 3, 3, 3, 3, 1, 3, 0, 0, 1, 3]","[0, 3, 0, 3, 1, 0, 3, 3, 3, 3, 1, 3, 3, 1, 3, 3, 3, 1, 3, 0, 1, 3, 1, 1, 3, 1, 1, 3, 3, 3, 3, 3, 1, 3, 0, 0, 1, 3]",4,12.195121951219512
Premier_League,2020,Newcastle,"[3, 0, 1, 3, 0, 1, 3, 0, 0, 3, 3, 0, 1, 0, 1, 0, 0, 0, 0, 0, 3, 0, 3, 0, 0, 1, 1, 1, 0, 1, 3, 3, 1, 0, 3, 0, 3, 3]","[3, 0, 1, 3, 0, 1, 3, 0, 0, 3, 3, 0, 1, 0, 1, 0, 0, 0, 0, 0, 3, 0, 3, 0, 0, 1, 1, 1, 0, 1, 3, 3, 1, 0, 3, 0, 3, 3]",15,1.314060446780552
Premier_League,2020,Sheffield United,"[0, 0, 0, 0, 1, 0, 0, 0, 0, 0, 0, 0, 0, 1, 0, 0, 0, 3, 0, 3, 0, 3, 0, 0, 0, 0, 3, 0, 0, 0, 0, 0, 3, 0, 0, 3, 0, 3]","[0, 0, 0, 0, 1, 0, 0, 0, 0, 0, 0, 0, 0, 1, 0, 0, 0, 3, 0, 3, 0, 3, 0, 0, 0, 0, 3, 0, 0, 0, 0, 0, 3, 0, 0, 3, 0, 3]",16,1.3071895424836601
Premier_League,2020,Southampton,"[0, 0, 3, 3, 1, 3, 3, 3, 1, 0, 3, 3, 1, 0, 1, 1, 3, 0, 0, 0, 0, 0, 0, 1, 0, 0, 3, 0, 0, 3, 0, 0, 1, 0, 3, 3, 0, 0]","[0, 0, 3, 3, 1, 3, 3, 3, 1, 0, 3, 3, 1, 0, 1, 1, 3, 0, 0, 0, 0, 0, 0, 1, 0, 0, 3, 0, 0, 3, 0, 0, 1, 0, 3, 3, 0, 0]",19,22.22222222222222
Premier_League,2020,Tottenham,"[0, 3, 1, 3, 1, 3, 3, 3, 3, 1, 3, 1, 0, 0, 1, 3, 1, 3, 0, 0, 0, 3, 0, 0, 3, 3, 3, 0, 3, 1, 0, 1, 3, 3, 0, 3, 0, 3]","[0, 3, 1, 3, 1, 3, 3, 3, 3, 1, 3, 1, 0, 0, 1, 3, 1, 3, 0, 0, 0, 3, 0, 0, 3, 3, 3, 0, 3, 1, 0, 1, 3, 3, 0, 3, 0, 3]",19,2.7624309392265194
Premier_League,2020,West Brom,"[0, 0, 1, 0, 1, 1, 0, 0, 0, 3, 0, 0, 1, 0, 1, 0, 0, 3, 0, 0, 1, 0, 0, 1, 1, 3, 0, 1, 0, 3, 3, 0, 1, 1, 0, 0, 0, 0]","[0, 0, 1, 0, 1, 1, 0, 0, 0, 3, 0, 0, 1, 0, 1, 0, 0, 3, 0, 0, 1, 0, 0, 1, 1, 3, 0, 1, 0, 3, 3, 0, 1, 1, 0, 0, 0, 0]",4,12.345679012345679
Premier_League,2020,West Ham,"[0, 0, 3, 3, 1, 1, 0, 3, 3, 3, 0, 3, 1, 0, 1, 1, 3, 3, 3, 3, 0, 3, 1, 3, 3, 0, 3, 0, 1, 3, 3, 0, 0, 3, 0, 1, 3, 3]","[0, 0, 3, 3, 1, 1, 0, 3, 3, 3, 0, 3, 1, 0, 1, 1, 3, 3, 3, 3, 0, 3, 1, 3, 3, 0, 3, 0, 1, 3, 3, 0, 0, 3, 0, 1, 3, 3]",13,3.1545741324921135
Premier_League,2020,Wolves,"[3, 0, 0, 3, 3, 1, 3, 0, 1, 3, 0, 0, 3, 0, 1, 0, 1, 0, 0, 1, 0, 3, 1, 3, 3, 1, 0, 1, 0, 0, 3, 3, 0, 1, 3, 0, 0, 0]","[3, 0, 0, 3, 3, 1, 3, 0, 1, 3, 0, 0, 3, 0, 1, 0, 1, 0, 0, 1, 0, 3, 1, 3, 3, 1, 0, 1, 0, 0, 3, 3, 0, 1, 3, 0, 0, 0]",3,11.627906976744185
Premier_League,2021,Arsenal,"[0, 0, 0, 3, 3, 3, 1, 1, 3, 3, 3, 0, 3, 0, 0, 3, 3, 3, 3, 0, 1, 3, 3, 3, 3, 3, 0, 3, 0, 0, 0, 3, 3, 3, 3, 0, 0, 3]","[0, 0, 0, 3, 3, 3, 1, 1, 3, 3, 3, 0, 3, 0, 0, 3, 3, 3, 3, 0, 1, 3, 3, 3, 3, 3, 0, 3, 0, 0, 0, 3, 3, 3, 3, 0, 0, 3]",12,5.46448087431694
Premier_League,2021,Aston Villa,"[0, 3, 1, 0, 3, 3, 0, 0, 0, 0, 0, 3, 3, 0, 3, 0, 3, 0, 0, 1, 3, 1, 0, 0, 3, 3, 3, 0, 0, 0, 0, 1, 3, 3, 0, 1, 1, 0]","[0, 3, 1, 0, 3, 3, 0, 0, 0, 0, 0, 3, 3, 0, 3, 0, 3, 0, 0, 1, 3, 1, 0, 0, 3, 3, 3, 0, 0, 0, 0, 1, 3, 3, 0, 1, 1, 0]",4,6.25
Premier_League,2021,Brentford,"[3, 1, 1, 0, 3, 1, 3, 0, 0, 0, 0, 1, 3, 0, 1, 3, 0, 0, 3, 0, 0, 0, 0, 0, 1, 0, 0, 3, 3, 0, 3, 3, 3, 1, 0, 3, 3, 0]","[3, 1, 1, 0, 3, 1, 3, 0, 0, 0, 0, 1, 3, 0, 1, 3, 0, 0, 3, 0, 0, 0, 0, 0, 1, 0, 0, 3, 3, 0, 3, 3, 3, 1, 0, 3, 3, 0]",1,1.968503937007874
Premier_League,2021,Brighton,"[3, 3, 0, 3, 3, 1, 1, 1, 0, 1, 1, 0, 1, 1, 1, 0, 3, 1, 3, 1, 1, 1, 3, 0, 0, 0, 0, 0, 0, 1, 3, 3, 0, 1, 3, 3, 1, 3]","[3, 3, 0, 3, 3, 1, 1, 1, 0, 1, 1, 0, 1, 1, 1, 0, 3, 1, 3, 1, 1, 1, 3, 0, 0, 0, 0, 0, 0, 1, 3, 3, 0, 1, 3, 3, 1, 3]",15,2.865329512893983
Premier_League,2021,Burnley,"[0, 0, 1, 0, 0, 1, 1, 0, 1, 3, 1, 1, 1, 0, 1, 0, 0, 1, 1, 1, 0, 3, 3, 1, 0, 0, 0, 0, 3, 0, 1, 3, 3, 3, 0, 0, 1, 0]","[0, 0, 1, 0, 0, 1, 1, 0, 1, 3, 1, 1, 1, 0, 1, 0, 0, 1, 1, 1, 0, 3, 3, 1, 0, 0, 0, 0, 3, 0, 1, 3, 3, 3, 0, 0, 1, 0]",4,6.7114093959731544
Premier_League,2021,Chelsea,"[3, 3, 1, 3, 3, 0, 3, 3, 3, 3, 1, 3, 1, 3, 0, 3, 1, 1, 3, 1, 1, 0, 1, 3, 3, 3, 3, 3, 0, 3, 0, 3, 1, 0, 1, 3, 1, 3]","[3, 3, 1, 3, 3, 0, 3, 3, 3, 3, 1, 3, 1, 3, 0, 3, 1, 1, 3, 1, 1, 0, 1, 3, 3, 3, 3, 3, 0, 3, 0, 3, 1, 0, 1, 3, 1, 3]",10,8.771929824561404
Premier_League,2021,Crystal Palace,"[0, 1, 1, 3, 0, 1, 1, 1, 1, 3, 3, 1, 0, 0, 0, 3, 1, 0, 3, 0, 1, 0, 1, 1, 0, 3, 1, 3, 1, 3, 0, 0, 1, 3, 3, 1, 0, 3]","[0, 1, 1, 3, 0, 1, 1, 1, 1, 3, 3, 1, 0, 0, 0, 3, 1, 0, 3, 0, 1, 0, 1, 1, 0, 3, 1, 3, 1, 3, 0, 0, 1, 3, 3, 1, 0, 3]",2,1.4814814814814814
Premier_League,2021,Everton,"[3, 1, 3, 3, 0, 3, 1, 0, 0, 0, 1, 0, 0, 0, 3, 0, 1, 0, 0, 0, 0, 3, 0, 0, 0, 0, 3, 0, 0, 3, 1, 0, 3, 3, 1, 0, 3, 0]","[3, 1, 3, 3, 0, 3, 1, 0, 0, 0, 1, 0, 0, 0, 3, 0, 1, 0, 0, 0, 0, 3, 0, 0, 0, 0, 3, 0, 0, 3, 1, 0, 3, 3, 1, 0, 3, 0]",1,1.838235294117647
Premier_League,2021,Leeds,"[0, 1, 1, 0, 1, 0, 3, 0, 1, 3, 1, 0, 1, 3, 1, 0, 0, 0, 3, 3, 0, 1, 0, 0, 0, 0, 0, 0, 3, 3, 1, 3, 1, 0, 0, 0, 1, 3]","[0, 1, 1, 0, 1, 0, 3, 0, 1, 3, 1, 0, 1, 3, 1, 0, 0, 0, 3, 3, 0, 1, 0, 0, 0, 0, 0, 0, 3, 3, 1, 3, 1, 0, 0, 0, 1, 3]",18,3.003003003003003
Premier_League,2021,Leicester,"[3, 0, 3, 0, 0, 1, 1, 3, 3, 0, 1, 0, 3, 1, 0, 3, 0, 3, 0, 1, 0, 1, 0, 3, 3, 0, 3, 1, 3, 0, 1, 1, 0, 0, 3, 3, 1, 3]","[3, 0, 3, 0, 0, 1, 1, 3, 3, 0, 1, 0, 3, 1, 0, 3, 0, 3, 0, 1, 0, 1, 0, 3, 3, 0, 3, 1, 3, 0, 1, 1, 0, 0, 3, 3, 1, 3]",9,1.9841269841269842
Premier_League,2021,Liverpool,"[3, 3, 1, 3, 3, 1, 1, 3, 3, 1, 0, 3, 3, 3, 3, 3, 3, 1, 0, 1, 3, 3, 3, 3, 3, 3, 3, 3, 3, 3, 1, 3, 3, 3, 1, 3, 3, 3]","[3, 3, 1, 3, 3, 1, 1, 3, 3, 1, 0, 3, 3, 3, 3, 3, 3, 1, 0, 1, 3, 3, 3, 3, 3, 3, 3, 3, 3, 3, 1, 3, 3, 3, 1, 3, 3, 3]",8,1.4450867052023122
Premier_League,2021,Man City,"[0, 3, 3, 3, 1, 3, 1, 3, 3, 0, 3, 3, 3, 3, 3, 3, 3, 3, 3, 3, 3, 3, 1, 3, 3, 0, 3, 3, 1, 3, 1, 3, 3, 3, 3, 3, 1, 3]","[0, 3, 3, 3, 1, 3, 1, 3, 3, 0, 3, 3, 3, 3, 3, 3, 3, 3, 3, 3, 3, 3, 1, 3, 3, 0, 3, 3, 1, 3, 1, 3, 3, 3, 3, 3, 1, 3]",16,3.5587188612099645
Premier_League,2021,Man United,"[3, 1, 3, 3, 3, 0, 1, 0, 0, 3, 0, 0, 1, 3, 3, 3, 1, 3, 0, 1, 3, 3, 1, 1, 3, 3, 1, 0, 3, 1, 0, 3, 0, 0, 1, 3, 0, 0]","[3, 1, 3, 3, 3, 0, 1, 0, 0, 3, 0, 0, 1, 3, 3, 3, 1, 3, 0, 1, 3, 3, 1, 1, 3, 3, 1, 0, 3, 1, 0, 3, 0, 0, 1, 3, 0, 0]",6,20.0
Premier_League,2021,Newcastle,"[0, 0, 1, 0, 1, 1, 0, 0, 1, 0, 1, 1, 0, 1, 3, 0, 0, 0, 1, 1, 3, 3, 3, 1, 3, 3, 3, 0, 0, 0, 3, 3, 3, 3, 0, 0, 3, 3]","[0, 0, 1, 0, 1, 1, 0, 0, 1, 0, 1, 1, 0, 1, 3, 0, 0, 0, 1, 1, 3, 3, 3, 1, 3, 3, 3, 0, 0, 0, 3, 3, 3, 3, 0, 0, 3, 3]",4,1.4577259475218658
Premier_League,2021,Norwich,"[0, 0, 0, 0, 0, 0, 1, 1, 0, 0, 3, 3, 1, 1, 0, 0, 0, 0, 0, 0, 3, 3, 1, 0, 0, 0, 0, 0, 0, 1, 3, 0, 0, 0, 0, 0, 1, 0]","[0, 0, 0, 0, 0, 0, 1, 1, 0, 0, 3, 3, 1, 1, 0, 0, 0, 0, 0, 0, 3, 3, 1, 0, 0, 0, 0, 0, 0, 1, 3, 0, 0, 0, 0, 0, 1, 0]",15,6.369426751592357
Premier_League,2021,Southampton,"[0, 1, 1, 1, 1, 0, 0, 3, 1, 3, 3, 0, 0, 1, 1, 0, 1, 3, 1, 3, 0, 1, 3, 1, 3, 3, 0, 0, 0, 1, 0, 3, 0, 1, 0, 0, 0, 0]","[0, 1, 1, 1, 1, 0, 0, 3, 1, 3, 3, 0, 0, 1, 1, 0, 1, 3, 1, 3, 0, 1, 3, 1, 3, 3, 0, 0, 0, 1, 0, 3, 0, 1, 0, 0, 0, 0]",12,75.87253414264036
Premier_League,2021,Tottenham,"[3, 3, 3, 0, 0, 0, 3, 3, 0, 0, 1, 3, 3, 3, 1, 3, 1, 3, 3, 0, 0, 0, 3, 0, 3, 3, 0, 3, 3, 3, 3, 0, 1, 3, 1, 3, 3, 3]","[3, 3, 3, 0, 0, 0, 3, 3, 0, 0, 1, 3, 3, 3, 1, 3, 1, 3, 3, 0, 0, 0, 3, 0, 3, 3, 0, 3, 3, 3, 3, 0, 1, 3, 1, 3, 3, 3]",19,2.092050209205021
Premier_League,2021,Watford,"[3, 0, 0, 0, 3, 1, 0, 0, 3, 0, 0, 3, 0, 0, 0, 0, 0, 0, 1, 0, 1, 0, 0, 3, 0, 1, 0, 0, 3, 0, 0, 0, 0, 0, 0, 1, 0, 0]","[3, 0, 0, 0, 3, 1, 0, 0, 3, 0, 0, 3, 0, 0, 0, 0, 0, 0, 1, 0, 1, 0, 0, 3, 0, 1, 0, 0, 3, 0, 0, 0, 0, 0, 0, 1, 0, 0]",9,10.869565217391305
Premier_League,2021,West Ham,"[3, 3, 1, 1, 0, 3, 0, 3, 3, 3, 3, 0, 0, 1, 3, 1, 0, 0, 3, 3, 3, 0, 0, 3, 1, 1, 3, 0, 3, 0, 3, 0, 1, 0, 0, 3, 1, 0]","[3, 3, 1, 1, 0, 3, 0, 3, 3, 3, 3, 0, 0, 1, 3, 1, 0, 0, 3, 3, 3, 0, 0, 3, 1, 1, 3, 0, 3, 0, 3, 0, 1, 0, 0, 3, 1, 0]",7,11.627906976744185
Premier_League,2021,Wolves,"[0, 0, 0, 3, 0, 3, 3, 3, 1, 3, 0, 3, 1, 1, 0, 0, 3, 1, 3, 3, 3, 0, 3, 3, 0, 0, 0, 3, 3, 0, 3, 0, 0, 0, 1, 0, 1, 0]","[0, 0, 0, 3, 0, 3, 3, 3, 1, 3, 0, 3, 1, 1, 0, 0, 3, 1, 3, 3, 3, 0, 3, 3, 0, 0, 0, 3, 3, 0, 3, 0, 0, 0, 1, 0, 1, 0]",7,68.4931506849315
Premier_League,2022,Arsenal,"[3, 3, 3, 3, 3, 0, 3, 3, 3, 3, 1, 3, 3, 3, 3, 3, 1, 3, 3, 0, 1, 0, 3, 3, 3, 3, 3, 3, 3, 1, 1, 1, 0, 3, 3, 0, 0, 3]","[3, 3, 3, 3, 3, 0, 3, 3, 3, 3, 1, 3, 3, 3, 3, 3, 1, 3, 3, 0, 1, 0, 3, 3, 3, 3, 3, 3, 3, 1, 1, 1, 0, 3, 3, 0, 0, 3]",9,80.1924619085806
Premier_League,2022,Aston Villa,"[0, 3, 0, 0, 0, 1, 3, 1, 1, 0, 0, 3, 0, 3, 3, 0, 3, 1, 3, 3, 0, 0, 0, 3, 3, 1, 3, 3, 3, 3, 3, 1, 3, 0, 0, 3, 1, 3]","[0, 3, 0, 0, 0, 1, 3, 1, 1, 0, 0, 3, 0, 3, 3, 0, 3, 1, 3, 3, 0, 0, 0, 3, 3, 1, 3, 3, 3, 3, 3, 1, 3, 0, 0, 3, 1, 3]",5,2.1186440677966103
Premier_League,2022,Bournemouth,"[3, 0, 0, 0, 1, 3, 1, 1, 3, 1, 0, 0, 0, 0, 3, 0, 0, 0, 0, 1, 0, 1, 3, 0, 0, 3, 0, 3, 0, 3, 3, 0, 3, 3, 0, 0, 0, 0]","[3, 0, 0, 0, 1, 3, 1, 1, 3, 1, 0, 0, 0, 0, 3, 0, 0, 0, 0, 1, 0, 1, 3, 0, 0, 3, 0, 3, 0, 3, 3, 0, 3, 3, 0, 0, 0, 0]",4,13.333333333333334
Premier_League,2022,Brentford,"[1, 3, 0, 1, 1, 3, 0, 1, 0, 3, 1, 0, 1, 1, 3, 1, 3, 3, 3, 1, 3, 1, 1, 3, 0, 3, 1, 1, 0, 0, 0, 1, 3, 3, 0, 3, 3, 3]","[1, 3, 0, 1, 1, 3, 0, 1, 0, 3, 1, 0, 1, 1, 3, 1, 3, 3, 3, 1, 3, 1, 1, 3, 0, 3, 1, 1, 0, 0, 0, 1, 3, 3, 0, 3, 3, 3]",12,2.0618556701030926
Premier_League,2022,Brighton,"[3, 1, 3, 3, 0, 3, 1, 0, 0, 1, 0, 3, 3, 0, 3, 0, 3, 3, 1, 3, 1, 0, 3, 1, 3, 1, 3, 0, 3, 0, 3, 3, 0, 3, 0, 3, 1, 0]","[3, 1, 3, 3, 0, 3, 1, 0, 0, 1, 0, 3, 3, 0, 3, 0, 3, 3, 1, 3, 1, 0, 3, 1, 3, 1, 3, 0, 3, 0, 3, 3, 0, 3, 0, 3, 1, 0]",2,4.149377593360996
Premier_League,2022,Chelsea,"[3, 1, 0, 3, 0, 3, 3, 3, 3, 1, 1, 0, 0, 0, 3, 1, 0, 0, 3, 1, 1, 1, 0, 0, 3, 3, 1, 0, 1, 0, 0, 0, 0, 3, 1, 0, 0, 1]","[3, 1, 0, 3, 0, 3, 3, 3, 3, 1, 1, 0, 0, 0, 3, 1, 0, 0, 3, 1, 1, 1, 0, 0, 3, 3, 1, 0, 1, 0, 0, 0, 0, 3, 1, 0, 0, 1]",11,32.25806451612903
Premier_League,2022,Crystal Palace,"[0, 1, 3, 0, 1, 1, 0, 3, 1, 3, 0, 3, 3, 0, 0, 3, 0, 0, 1, 1, 0, 1, 1, 1, 0, 0, 0, 0, 3, 3, 3, 1, 0, 3, 0, 3, 1, 1]","[0, 1, 3, 0, 1, 1, 0, 3, 1, 3, 0, 3, 3, 0, 0, 3, 0, 0, 1, 1, 0, 1, 1, 1, 0, 0, 0, 0, 3, 3, 3, 1, 0, 3, 0, 3, 1, 1]",2,2.0964360587002098
Premier_League,2022,Everton,"[0, 0, 1, 1, 1, 1, 3, 3, 0, 0, 0, 3, 1, 0, 0, 0, 1, 0, 0, 0, 3, 0, 3, 0, 0, 1, 3, 1, 1, 0, 0, 1, 0, 1, 3, 0, 1, 3]","[0, 0, 1, 1, 1, 1, 3, 3, 0, 0, 0, 3, 1, 0, 0, 0, 1, 0, 0, 0, 3, 0, 3, 0, 0, 1, 3, 1, 1, 0, 0, 1, 0, 1, 3, 0, 1, 3]",10,1.6129032258064515
Premier_League,2022,Fulham,"[1, 1, 3, 0, 3, 0, 3, 0, 0, 1, 3, 3, 1, 0, 0, 3, 3, 3, 3, 0, 0, 1, 3, 3, 1, 0, 0, 0, 0, 3, 3, 0, 0, 0, 3, 3, 1, 0]","[1, 1, 3, 0, 3, 0, 3, 0, 0, 1, 3, 3, 1, 0, 0, 3, 3, 3, 3, 0, 0, 1, 3, 3, 1, 0, 0, 0, 0, 3, 3, 0, 0, 0, 3, 3, 1, 0]",14,6.578947368421052
Premier_League,2022,Leeds,"[3, 1, 3, 0, 1, 0, 1, 0, 0, 0, 0, 3, 3, 0, 0, 1, 1, 0, 1, 0, 1, 0, 0, 3, 0, 1, 3, 0, 3, 0, 0, 0, 1, 0, 0, 1, 0, 0]","[3, 1, 3, 0, 1, 0, 1, 0, 0, 0, 0, 3, 3, 0, 0, 1, 1, 0, 1, 0, 1, 0, 0, 3, 0, 1, 3, 0, 3, 0, 0, 0, 1, 0, 0, 1, 0, 0]",9,21.27659574468085
Premier_League,2022,Leicester,"[1, 0, 0, 0, 0, 0, 0, 3, 0, 1, 3, 3, 0, 3, 3, 0, 0, 0, 0, 1, 3, 3, 0, 0, 0, 0, 1, 0, 0, 0, 0, 3, 1, 1, 0, 0, 1, 3]","[1, 0, 0, 0, 0, 0, 0, 3, 0, 1, 3, 3, 0, 3, 3, 0, 0, 0, 0, 1, 3, 3, 0, 0, 0, 0, 1, 0, 0, 0, 0, 3, 1, 1, 0, 0, 1, 3]",16,6.7114093959731544
Premier_League,2022,Liverpool,"[1, 1, 0, 3, 3, 1, 1, 0, 3, 3, 0, 0, 3, 3, 3, 3, 0, 0, 1, 0, 3, 3, 1, 3, 3, 0, 0, 1, 1, 3, 3, 3, 3, 3, 3, 3, 1, 1]","[1, 1, 0, 3, 3, 1, 1, 0, 3, 3, 0, 0, 3, 3, 3, 3, 0, 0, 1, 0, 3, 3, 1, 3, 3, 0, 0, 1, 1, 3, 3, 3, 3, 3, 3, 3, 1, 1]",2,4.0
Premier_League,2022,Man City,"[3, 3, 1, 3, 3, 1, 3, 3, 3, 0, 3, 3, 3, 0, 3, 1, 3, 0, 3, 3, 0, 3, 3, 1, 3, 3, 3, 3, 3, 3, 3, 3, 3, 3, 3, 3, 1, 0]","[3, 3, 1, 3, 3, 1, 3, 3, 3, 0, 3, 3, 3, 0, 3, 1, 3, 0, 3, 3, 0, 3, 3, 1, 3, 3, 3, 3, 3, 3, 3, 3, 3, 3, 3, 3, 1, 0]",2,18.51851851851852
Premier_League,2022,Man United,"[0, 0, 3, 3, 3, 3, 0, 3, 1, 3, 1, 3, 0, 3, 3, 3, 3, 3, 1, 0, 3, 1, 3, 3, 0, 1, 0, 3, 3, 3, 1, 3, 0, 0, 3, 3, 3, 3]","[0, 0, 3, 3, 3, 3, 0, 3, 1, 3, 1, 3, 0, 3, 3, 3, 3, 3, 1, 0, 3, 1, 3, 3, 0, 1, 0, 3, 3, 3, 1, 3, 0, 0, 3, 3, 3, 3]",14,2.487562189054726
Premier_League,2022,Newcastle,"[3, 1, 1, 1, 0, 1, 1, 3, 3, 1, 3, 3, 3, 3, 3, 3, 1, 1, 3, 1, 1, 1, 0, 0, 3, 3, 3, 3, 3, 0, 3, 3, 3, 0, 1, 3, 1, 1]","[3, 1, 1, 1, 0, 1, 1, 3, 3, 1, 3, 3, 3, 3, 3, 3, 1, 1, 3, 1, 1, 1, 0, 0, 3, 3, 3, 3, 3, 0, 3, 3, 3, 0, 1, 3, 1, 1]",5,7.633587786259542
Premier_League,2022,Nottm Forest,"[0, 3, 1, 0, 0, 0, 0, 0, 1, 0, 1, 3, 0, 1, 3, 0, 1, 3, 3, 1, 3, 0, 1, 0, 1, 0, 0, 1, 0, 0, 0, 0, 3, 0, 3, 1, 3, 1]","[0, 3, 1, 0, 0, 0, 0, 0, 1, 0, 1, 3, 0, 1, 3, 0, 1, 3, 3, 1, 3, 0, 1, 0, 1, 0, 0, 1, 0, 0, 0, 0, 3, 0, 3, 1, 3, 1]",17,3.9682539682539684
Premier_League,2022,Southampton,"[0, 1, 3, 0, 3, 0, 0, 0, 0, 1, 3, 1, 0, 0, 0, 0, 0, 0, 3, 0, 0, 0, 3, 0, 3, 1, 0, 1, 0, 0, 0, 1, 0, 0, 0, 0, 0, 1]","[0, 1, 3, 0, 3, 0, 0, 0, 0, 1, 3, 1, 0, 0, 0, 0, 0, 0, 3, 0, 0, 0, 3, 0, 3, 1, 0, 1, 0, 0, 0, 1, 0, 0, 0, 0, 0, 1]",12,13.513513513513514
Premier_League,2022,Tottenham,"[3, 1, 3, 3, 1, 3, 3, 0, 3, 3, 0, 0, 3, 0, 3, 1, 0, 3, 0, 0, 3, 3, 0, 3, 3, 0, 3, 1, 1, 3, 0, 0, 1, 0, 3, 0, 0, 3]","[3, 1, 3, 3, 1, 3, 3, 0, 3, 3, 0, 0, 3, 0, 3, 1, 0, 3, 0, 0, 3, 3, 0, 3, 3, 0, 3, 1, 1, 3, 0, 0, 1, 0, 3, 0, 0, 3]",8,12.195121951219512
Premier_League,2022,West Ham,"[0, 0, 0, 3, 1, 0, 0, 3, 3, 1, 0, 3, 0, 0, 0, 0, 0, 1, 0, 3, 1, 1, 0, 3, 0, 1, 3, 0, 3, 1, 3, 0, 0, 0, 3, 0, 3, 0]","[0, 0, 0, 3, 1, 0, 0, 3, 3, 1, 0, 3, 0, 0, 0, 0, 0, 1, 0, 3, 1, 1, 0, 3, 0, 1, 3, 0, 3, 1, 3, 0, 0, 0, 3, 0, 3, 0]",7,2.6041666666666665
Premier_League,2022,Wolves,"[0, 1, 0, 1, 1, 3, 0, 0, 0, 3, 0, 0, 1, 0, 0, 3, 0, 1, 3, 0, 3, 3, 0, 1, 0, 3, 0, 0, 1, 3, 3, 0, 3, 0, 3, 0, 1, 0]","[0, 1, 0, 1, 1, 3, 0, 0, 0, 3, 0, 0, 1, 0, 0, 3, 0, 1, 3, 0, 3, 3, 0, 1, 0, 3, 0, 0, 1, 3, 3, 0, 3, 0, 3, 0, 1, 0]",3,3.6231884057971016
Premier_League,2023,Arsenal,"[3, 3, 1, 3, 3, 1, 3, 3, 1, 3, 0, 3, 3, 3, 3, 0, 3, 1, 0, 0, 3, 3, 3, 3, 3, 3, 3, 3, 1, 3, 3, 0, 3, 3, 3, 3, 3, 3]","[3, 3, 1, 3, 3, 1, 3, 3, 1, 3, 0, 3, 3, 3, 3, 0, 3, 1, 0, 0, 3, 3, 3, 3, 3, 3, 3, 3, 1, 3, 3, 0, 3, 3, 3, 3, 3, 3]",10,1.297016861219196
Premier_League,2023,Aston Villa,"[0, 3, 3, 0, 3, 3, 3, 1, 3, 3, 0, 3, 3, 1, 3, 3, 3, 1, 0, 3, 1, 0, 3, 0, 3, 3, 3, 0, 1, 3, 0, 1, 3, 3, 1, 0, 1, 0]","[0, 3, 3, 0, 3, 3, 3, 1, 3, 3, 0, 3, 3, 1, 3, 3, 3, 1, 0, 3, 1, 0, 3, 0, 3, 3, 3, 0, 1, 3, 0, 1, 3, 3, 1, 0, 1, 0]",4,25.0
Premier_League,2023,Bournemouth,"[1, 0, 0, 1, 1, 0, 0, 0, 0, 3, 0, 3, 3, 1, 3, 3, 3, 3, 0, 0, 1, 1, 0, 1, 0, 3, 1, 3, 3, 3, 0, 1, 0, 3, 3, 0, 0, 0]","[1, 0, 0, 1, 1, 0, 0, 0, 0, 3, 0, 3, 3, 1, 3, 3, 3, 3, 0, 0, 1, 1, 0, 1, 0, 3, 1, 3, 3, 3, 0, 1, 0, 3, 3, 0, 0, 0]",3,13.513513513513514
Premier_League,2023,Brentford,"[1, 3, 1, 1, 0, 0, 1, 0, 3, 3, 3, 0, 0, 3, 0, 0, 0, 0, 0, 3, 0, 0, 3, 0, 0, 0, 1, 0, 0, 1, 1, 1, 3, 3, 0, 1, 3, 0]","[1, 3, 1, 1, 0, 0, 1, 0, 3, 3, 3, 0, 0, 3, 0, 0, 0, 0, 0, 3, 0, 0, 3, 0, 0, 0, 1, 0, 0, 1, 1, 1, 3, 3, 0, 1, 3, 0]",18,2.4813895781637716
Premier_League,2023,Brighton,"[3, 3, 0, 3, 3, 3, 0, 1, 0, 1, 1, 1, 3, 0, 3, 1, 0, 1, 3, 1, 1, 0, 3, 0, 3, 1, 0, 3, 0, 1, 0, 1, 0, 0, 3, 1, 0, 0]","[3, 3, 0, 3, 3, 3, 0, 1, 0, 1, 1, 1, 3, 0, 3, 1, 0, 1, 3, 1, 1, 0, 3, 0, 3, 1, 0, 3, 0, 1, 0, 1, 0, 0, 3, 1, 0, 0]",10,19.23076923076923
Premier_League,2023,Burnley,"[0, 0, 0, 1, 0, 0, 3, 0, 0, 0, 0, 0, 0, 3, 0, 1, 0, 3, 0, 0, 1, 0, 1, 0, 0, 0, 0, 1, 3, 1, 1, 0, 1, 3, 1, 0, 0, 0]","[0, 0, 0, 1, 0, 0, 3, 0, 0, 0, 0, 0, 0, 3, 0, 1, 0, 3, 0, 0, 1, 0, 1, 0, 0, 0, 0, 1, 3, 1, 1, 0, 1, 3, 1, 0, 0, 0]",3,5.0
Premier_League,2023,Chelsea,"[1, 0, 3, 0, 1, 0, 3, 3, 1, 0, 3, 1, 0, 3, 0, 0, 3, 0, 3, 3, 3, 0, 0, 3, 1, 1, 3, 1, 3, 1, 3, 0, 1, 3, 3, 3, 3, 3]","[1, 0, 3, 0, 1, 0, 3, 3, 1, 0, 3, 1, 0, 3, 0, 0, 3, 0, 3, 3, 3, 0, 0, 3, 1, 1, 3, 1, 3, 1, 3, 0, 1, 3, 3, 3, 3, 3]",17,1.1655011655011656
Premier_League,2023,Crystal Palace,"[3, 0, 1, 3, 0, 1, 3, 1, 0, 0, 3, 0, 0, 1, 0, 0, 1, 1, 0, 3, 0, 3, 0, 0, 1, 3, 0, 1, 1, 0, 0, 3, 3, 3, 1, 3, 3, 3]","[3, 0, 1, 3, 0, 1, 3, 1, 0, 0, 3, 0, 0, 1, 0, 0, 1, 1, 0, 3, 0, 3, 0, 0, 1, 3, 0, 1, 1, 0, 0, 3, 3, 3, 1, 3, 3, 3]",16,1.1123470522803114
Premier_League,2023,Everton,"[0, 0, 0, 1, 0, 3, 0, 3, 0, 3, 1, 3, 0, 3, 3, 3, 3, 0, 0, 0, 1, 1, 1, 0, 1, 1, 0, 0, 0, 1, 3, 0, 3, 3, 3, 1, 3, 0]","[0, 0, 0, 1, 0, 3, 0, 3, 0, 3, 1, 3, 0, 3, 3, 3, 3, 0, 0, 0, 1, 1, 1, 0, 1, 1, 0, 0, 0, 1, 3, 0, 3, 3, 3, 1, 3, 0]",19,2.6954177897574123
Premier_League,2023,Fulham,"[3, 0, 1, 0, 3, 1, 0, 3, 0, 1, 0, 0, 3, 0, 3, 3, 0, 0, 0, 3, 0, 1, 1, 3, 0, 3, 3, 0, 3, 1, 0, 0, 3, 0, 1, 1, 0, 3]","[3, 0, 1, 0, 3, 1, 0, 3, 0, 1, 0, 0, 3, 0, 3, 3, 0, 0, 0, 3, 0, 1, 1, 3, 0, 3, 3, 0, 3, 1, 0, 0, 3, 0, 1, 1, 0, 3]",9,3.134796238244514
Premier_League,2023,Liverpool,"[1, 3, 3, 3, 3, 3, 0, 1, 3, 3, 1, 3, 1, 3, 3, 3, 1, 1, 3, 3, 3, 3, 0, 3, 3, 3, 3, 1, 3, 3, 1, 0, 3, 0, 1, 3, 1, 3]","[1, 3, 3, 3, 3, 3, 0, 1, 3, 3, 1, 3, 1, 3, 3, 3, 1, 1, 3, 3, 3, 3, 0, 3, 3, 3, 3, 1, 3, 3, 1, 0, 3, 0, 1, 3, 1, 3]",8,16.39344262295082
Premier_League,2023,Luton,"[0, 0, 0, 0, 1, 3, 0, 0, 1, 0, 1, 0, 3, 0, 0, 0, 3, 3, 0, 1, 3, 1, 0, 0, 0, 0, 1, 0, 1, 0, 0, 3, 0, 0, 0, 1, 0, 0]","[0, 0, 0, 0, 1, 3, 0, 0, 1, 0, 1, 0, 3, 0, 0, 0, 3, 3, 0, 1, 3, 1, 0, 0, 0, 0, 1, 0, 1, 0, 0, 3, 0, 0, 0, 1, 0, 0]",16,10.638297872340425
Premier_League,2023,Man City,"[3, 3, 3, 3, 3, 3, 0, 0, 3, 3, 3, 1, 1, 1, 0, 3, 1, 3, 3, 3, 3, 3, 3, 1, 3, 3, 3, 1, 1, 3, 3, 3, 3, 3, 3, 3, 3, 3]","[3, 3, 3, 3, 3, 3, 0, 0, 3, 3, 3, 1, 1, 1, 0, 3, 1, 3, 3, 3, 3, 3, 3, 1, 3, 3, 3, 1, 1, 3, 3, 3, 3, 3, 3, 3, 3, 3]",15,1.1641443538998837
Premier_League,2023,Man United,"[3, 0, 3, 0, 0, 3, 0, 3, 3, 0, 3, 3, 3, 0, 3, 0, 1, 0, 3, 0, 1, 3, 3, 3, 3, 0, 0, 3, 1, 0, 1, 1, 3, 1, 0, 0, 3, 3]","[3, 0, 3, 0, 0, 3, 0, 3, 3, 0, 3, 3, 3, 0, 3, 0, 1, 0, 3, 0, 1, 3, 3, 3, 3, 0, 0, 3, 1, 0, 1, 1, 3, 1, 0, 0, 3, 3]",13,6.329113924050633
Premier_League,2023,Newcastle,"[3, 0, 0, 0, 3, 3, 3, 1, 3, 1, 3, 0, 3, 3, 0, 0, 3, 0, 0, 0, 0, 3, 1, 3, 1, 0, 3, 0, 3, 1, 3, 3, 0, 3, 3, 1, 0, 3]","[3, 0, 0, 0, 3, 3, 3, 1, 3, 1, 3, 0, 3, 3, 0, 0, 3, 0, 0, 0, 0, 3, 1, 3, 1, 0, 3, 0, 3, 1, 3, 3, 0, 3, 3, 1, 0, 3]",3,1.8726591760299625
Premier_League,2023,Nottm Forest,"[0, 3, 0, 3, 1, 0, 1, 1, 1, 0, 3, 0, 0, 0, 0, 1, 0, 0, 3, 3, 0, 0, 1, 0, 3, 0, 0, 0, 1, 1, 3, 0, 1, 0, 0, 3, 0, 3]","[0, 3, 0, 3, 1, 0, 1, 1, 1, 0, 3, 0, 0, 0, 0, 1, 0, 0, 3, 3, 0, 0, 1, 0, 3, 0, 0, 0, 1, 1, 3, 0, 1, 0, 0, 3, 0, 3]",18,2.2123893805309733
Premier_League,2023,Sheffield United,"[0, 0, 0, 1, 0, 0, 0, 0, 0, 0, 3, 1, 0, 0, 0, 3, 0, 1, 0, 0, 1, 0, 0, 3, 0, 0, 0, 1, 1, 0, 1, 0, 0, 0, 0, 0, 0, 0]","[0, 0, 0, 1, 0, 0, 0, 0, 0, 0, 3, 1, 0, 0, 0, 3, 0, 1, 0, 0, 1, 0, 0, 3, 0, 0, 0, 1, 1, 0, 1, 0, 0, 0, 0, 0, 0, 0]",7,12.048192771084338
Premier_League,2023,Tottenham,"[1, 3, 3, 3, 3, 1, 3, 3, 3, 3, 0, 0, 0, 1, 0, 3, 3, 3, 0, 3, 1, 3, 1, 3, 0, 3, 3, 0, 3, 1, 3, 0, 0, 0, 0, 3, 0, 3]","[1, 3, 3, 3, 3, 1, 3, 3, 3, 3, 0, 0, 0, 1, 0, 3, 3, 3, 0, 3, 1, 3, 1, 3, 0, 3, 3, 0, 3, 1, 3, 0, 0, 0, 0, 3, 0, 3]",7,26.31578947368421
Premier_League,2023,West Ham,"[1, 3, 3, 3, 0, 0, 3, 1, 0, 0, 0, 3, 3, 1, 3, 0, 3, 3, 3, 1, 1, 1, 0, 0, 0, 3, 3, 1, 1, 0, 1, 3, 0, 0, 1, 0, 3, 0]","[1, 3, 3, 3, 0, 0, 3, 1, 0, 0, 0, 3, 3, 1, 3, 0, 3, 3, 3, 1, 1, 1, 0, 0, 0, 3, 3, 1, 1, 0, 1, 3, 0, 0, 1, 0, 3, 0]",19,18.51851851851852
Premier_League,2023,Wolves,"[0, 0, 3, 0, 0, 1, 3, 1, 3, 1, 0, 3, 0, 0, 3, 1, 0, 3, 3, 3, 1, 0, 3, 0, 3, 3, 0, 3, 0, 1, 0, 1, 0, 0, 3, 0, 0, 0]","[0, 0, 3, 0, 0, 1, 3, 1, 3, 1, 0, 3, 0, 0, 3, 1, 0, 3, 3, 3, 1, 0, 3, 0, 3, 3, 0, 3, 0, 1, 0, 1, 0, 0, 3, 0, 0, 0]",10,29.41176470588235
Premier_League,2024,Arsenal,"[3, 3, 1, 3, 1, 3, 3, 0, 1, 0, 1, 3, 3, 3, 1, 1, 3, 3, 3, 1, 3, 1, 3, 3, 3, 0, 1, 1, 3, 3, 1, 1, 3, 1, 0, 1, 3, 3]","[3, 3, 1, 3, 1, 3, 3, 0, 1, 0, 1, 3, 3, 3, 1, 1, 3, 3, 3, 1, 3, 1, 3, 3, 3, 0, 1, 1, 3, 3, 1, 1, 3, 1, 0, 1, 3, 3]",13,6.993006993006993
Premier_League,2024,Aston Villa,"[3, 0, 3, 3, 3, 1, 1, 3, 1, 0, 0, 1, 0, 3, 3, 0, 3, 0, 1, 3, 3, 1, 1, 0, 1, 1, 3, 0, 3, 3, 3, 3, 3, 0, 3, 3, 3, 0]","[3, 0, 3, 3, 3, 1, 1, 3, 1, 0, 0, 1, 0, 3, 3, 0, 3, 0, 1, 3, 3, 1, 1, 0, 1, 1, 3, 0, 3, 3, 3, 3, 3, 0, 3, 3, 3, 0]",1,3.6363636363636362
Premier_League,2024,Bournemouth,"[1, 1, 3, 0, 0, 3, 0, 3, 1, 3, 0, 0, 3, 3, 3, 1, 3, 1, 1, 3, 1, 3, 3, 0, 3, 0, 0, 1, 0, 0, 1, 3, 1, 1, 3, 0, 0, 3]","[1, 1, 3, 0, 0, 3, 0, 3, 1, 3, 0, 0, 3, 3, 3, 1, 3, 1, 1, 3, 1, 3, 3, 0, 3, 0, 0, 1, 0, 0, 1, 3, 1, 1, 3, 0, 0, 3]",13,13.333333333333334
Premier_League,2024,Brentford,"[3, 0, 3, 0, 0, 1, 3, 0, 3, 0, 3, 1, 3, 0, 3, 0, 0, 1, 0, 3, 1, 0, 3, 0, 3, 3, 1, 0, 3, 0, 1, 1, 3, 3, 3, 3, 0, 1]","[3, 0, 3, 0, 0, 1, 3, 0, 3, 0, 3, 1, 3, 0, 3, 0, 0, 1, 0, 3, 1, 0, 3, 0, 3, 3, 1, 0, 3, 0, 1, 1, 3, 3, 3, 3, 0, 1]",2,3.663003663003663
Premier_League,2024,Brighton,"[3, 3, 1, 1, 1, 0, 3, 3, 1, 0, 3, 3, 1, 0, 1, 0, 1, 1, 1, 1, 3, 3, 0, 0, 3, 3, 3, 3, 1, 0, 0, 1, 0, 3, 1, 3, 3, 3]","[3, 3, 1, 1, 1, 0, 3, 3, 1, 0, 3, 3, 1, 0, 1, 0, 1, 1, 1, 1, 3, 3, 0, 0, 3, 3, 3, 3, 1, 0, 0, 1, 0, 3, 1, 3, 3, 3]",10,2.232142857142857
Premier_League,2024,Chelsea,"[0, 3, 1, 3, 3, 3, 1, 0, 3, 1, 1, 3, 3, 3, 3, 3, 1, 0, 0, 1, 1, 3, 0, 3, 0, 0, 3, 3, 0, 3, 1, 1, 3, 3, 3, 0, 3, 3]","[0, 3, 1, 3, 3, 3, 1, 0, 3, 1, 1, 3, 3, 3, 3, 3, 1, 0, 0, 1, 1, 3, 0, 3, 0, 0, 3, 3, 0, 3, 1, 1, 3, 3, 3, 0, 3, 3]",19,2.0366598778004072
Premier_League,2024,Crystal Palace,"[0, 0, 1, 1, 1, 0, 0, 0, 3, 1, 0, 1, 1, 3, 1, 3, 0, 1, 3, 1, 3, 3, 0, 3, 0, 3, 3, 3, 1, 3, 0, 0, 1, 1, 1, 3, 3, 1]","[0, 0, 1, 1, 1, 0, 0, 0, 3, 1, 0, 1, 1, 3, 1, 3, 0, 1, 3, 1, 3, 3, 0, 3, 0, 3, 3, 3, 1, 3, 0, 0, 1, 1, 1, 3, 3, 1]",8,2.2988505747126435
Premier_League,2024,Everton,"[0, 0, 0, 0, 1, 3, 1, 3, 1, 0, 1, 1, 0, 3, 1, 1, 1, 0, 0, 0, 3, 3, 3, 1, 3, 1, 1, 1, 1, 0, 1, 3, 0, 0, 1, 3, 3, 3]","[0, 0, 0, 0, 1, 3, 1, 3, 1, 0, 1, 1, 0, 3, 1, 1, 1, 0, 0, 0, 3, 3, 3, 1, 3, 1, 1, 1, 1, 0, 1, 3, 0, 0, 1, 3, 3, 3]",13,1.375515818431912
Premier_League,2024,Fulham,"[0, 3, 1, 1, 3, 3, 0, 0, 1, 3, 3, 0, 1, 3, 1, 1, 1, 3, 1, 1, 0, 3, 0, 3, 3, 0, 3, 0, 3, 0, 3, 0, 0, 3, 0, 0, 3, 0]","[0, 3, 1, 1, 3, 3, 0, 0, 1, 3, 3, 0, 1, 3, 1, 1, 1, 3, 1, 1, 0, 3, 0, 3, 3, 0, 3, 0, 3, 0, 3, 0, 0, 3, 0, 0, 3, 0]",7,6.622516556291391
Premier_League,2024,Ipswich,"[0, 0, 1, 1, 1, 1, 0, 0, 0, 1, 3, 1, 0, 0, 0, 3, 0, 0, 3, 1, 0, 0, 0, 0, 1, 0, 0, 0, 0, 3, 0, 1, 0, 0, 1, 0, 0, 0]","[0, 0, 1, 1, 1, 1, 0, 0, 0, 1, 3, 1, 0, 0, 0, 3, 0, 0, 3, 1, 0, 0, 0, 0, 1, 0, 0, 0, 0, 3, 0, 1, 0, 0, 1, 0, 0, 0]",18,11.363636363636363
Premier_League,2024,Leicester,"[1, 0, 0, 1, 1, 0, 3, 3, 0, 1, 0, 0, 0, 3, 1, 0, 0, 0, 0, 0, 0, 0, 3, 0, 0, 0, 0, 0, 0, 0, 0, 1, 0, 0, 3, 1, 3, 0]","[1, 0, 0, 1, 1, 0, 3, 3, 0, 1, 0, 0, 0, 3, 1, 0, 0, 0, 0, 0, 0, 0, 3, 0, 0, 0, 0, 0, 0, 0, 0, 1, 0, 0, 3, 1, 3, 0]",15,3.0120481927710845
Premier_League,2024,Liverpool,"[3, 3, 3, 0, 3, 3, 3, 3, 1, 3, 3, 3, 3, 1, 1, 3, 3, 3, 1, 1, 3, 3, 3, 1, 3, 1, 3, 3, 3, 3, 0, 3, 3, 3, 0, 1, 0, 1]","[3, 3, 3, 0, 3, 3, 3, 3, 1, 3, 3, 3, 3, 1, 1, 3, 3, 3, 1, 1, 3, 3, 3, 1, 3, 1, 3, 3, 3, 3, 0, 3, 3, 3, 0, 1, 0, 1]",4,319.4888178913738
Premier_League,2024,Man City,"[3, 3, 3, 3, 1, 1, 3, 3, 3, 0, 0, 0, 0, 3, 1, 0, 0, 1, 3, 3, 1, 3, 3, 0, 3, 0, 3, 0, 1, 3, 1, 3, 3, 3, 3, 1, 3, 3]","[3, 3, 3, 3, 1, 1, 3, 3, 3, 0, 0, 0, 0, 3, 1, 0, 0, 1, 3, 3, 1, 3, 3, 0, 3, 0, 3, 0, 1, 3, 1, 3, 3, 3, 3, 1, 3, 3]",15,1.3850415512465375
Premier_League,2024,Man United,"[3, 0, 0, 3, 1, 0, 1, 3, 0, 1, 3, 1, 3, 0, 0, 3, 0, 0, 0, 1, 3, 0, 3, 0, 0, 1, 3, 1, 3, 0, 1, 0, 0, 1, 0, 0, 0, 3]","[3, 0, 0, 3, 1, 0, 1, 3, 0, 1, 3, 1, 3, 0, 0, 3, 0, 0, 0, 1, 3, 0, 3, 0, 0, 1, 3, 1, 3, 0, 1, 0, 0, 1, 0, 0, 0, 3]",9,9.00900900900901
Premier_League,2024,Newcastle,"[3, 1, 3, 3, 0, 1, 1, 0, 0, 3, 3, 0, 1, 1, 0, 3, 3, 3, 3, 3, 3, 0, 3, 0, 0, 3, 0, 3, 3, 3, 3, 3, 0, 3, 1, 3, 0, 0]","[3, 1, 3, 3, 0, 1, 1, 0, 0, 3, 3, 0, 1, 1, 0, 3, 3, 3, 3, 3, 3, 0, 3, 0, 0, 3, 0, 3, 3, 3, 3, 3, 0, 3, 1, 3, 0, 0]",2,9.615384615384615
Premier_League,2024,Nottm Forest,"[3, 3, 3, 1, 3, 0, 3, 0, 0, 1, 3, 3, 3, 0, 0, 3, 0, 1, 1, 3, 0, 1, 3, 1, 3, 1, 0, 1, 3, 3, 3, 0, 0, 3, 0, 3, 3, 3]","[3, 3, 3, 1, 3, 0, 3, 0, 0, 1, 3, 3, 3, 0, 0, 3, 0, 1, 1, 3, 0, 1, 3, 1, 3, 1, 0, 1, 3, 3, 3, 0, 0, 3, 0, 3, 3, 3]",7,1.8726591760299625
Premier_League,2024,Southampton,"[0, 0, 0, 0, 1, 0, 0, 0, 0, 3, 0, 0, 1, 0, 0, 0, 1, 0, 0, 0, 0, 0, 0, 3, 0, 0, 0, 0, 0, 1, 0, 0, 1, 0, 0, 1, 0, 0]","[0, 0, 0, 0, 1, 0, 0, 0, 0, 3, 0, 0, 1, 0, 0, 0, 1, 0, 0, 0, 0, 0, 0, 3, 0, 0, 0, 0, 0, 1, 0, 0, 1, 0, 0, 1, 0, 0]",14,2.793296089385475
Premier_League,2024,Tottenham,"[1, 3, 0, 0, 3, 3, 0, 3, 0, 3, 0, 3, 1, 0, 0, 3, 0, 0, 1, 0, 0, 0, 0, 3, 3, 3, 0, 1, 0, 0, 3, 0, 0, 0, 1, 0, 0, 0]","[1, 3, 0, 0, 3, 3, 0, 3, 0, 3, 0, 3, 1, 0, 0, 3, 0, 0, 1, 0, 0, 0, 0, 3, 3, 3, 0, 1, 0, 0, 3, 0, 0, 0, 1, 0, 0, 0]",7,23.25581395348837
Premier_League,2024,West Ham,"[0, 3, 0, 1, 0, 1, 3, 0, 3, 0, 1, 3, 0, 0, 3, 1, 1, 3, 0, 0, 3, 0, 1, 0, 0, 3, 3, 0, 1, 0, 1, 0, 1, 0, 1, 3, 0, 3]","[0, 3, 0, 1, 0, 1, 3, 0, 3, 0, 1, 3, 0, 0, 3, 1, 1, 3, 0, 0, 3, 0, 1, 0, 0, 3, 3, 0, 1, 0, 1, 0, 1, 0, 1, 3, 0, 3]",11,3.367003367003367
Premier_League,2024,Wolves,"[0, 0, 1, 0, 0, 0, 0, 0, 1, 1, 3, 3, 0, 0, 0, 0, 3, 3, 1, 0, 0, 0, 0, 3, 0, 3, 0, 1, 3, 3, 3, 3, 3, 3, 0, 0, 0, 1]","[0, 0, 1, 0, 0, 0, 0, 0, 1, 1, 3, 3, 0, 0, 0, 0, 3, 3, 1, 0, 0, 0, 0, 3, 0, 3, 0, 1, 3, 3, 3, 3, 3, 3, 0, 0, 0, 1]",4,6.756756756756757
La_Liga,2000,Alaves,"[3, 0, 1, 3, 1, 3, 3, 0, 3, 0, 1, 0, 3, 0, 3, 0, 0, 0, 0, 3, 0, 3, 3, 1, 1, 3, 1, 1, 3, 3, 0, 0, 3, 0, 0, 0, 0, 0]","[3, 0, 1, 3, 1, 3, 3, 0, 3, 0, 1, 0, 3, 0, 3, 0, 0, 0, 0, 3, 0, 3, 3, 1, 1, 3, 1, 1, 3, 3, 0, 0, 3, 0, 0, 0, 0, 0]",5,81.30081300813008
La_Liga,2000,Ath Bilbao,"[0, 3, 0, 3, 1, 0, 1, 0, 1, 3, 0, 3, 0, 3, 1, 1, 0, 3, 3, 1, 0, 3, 0, 3, 1, 1, 1, 0, 0, 0, 3, 3, 0, 1, 0, 0, 0, 0]","[0, 3, 0, 3, 1, 0, 1, 0, 1, 3, 0, 3, 0, 3, 1, 1, 0, 3, 3, 1, 0, 3, 0, 3, 1, 1, 1, 0, 0, 0, 3, 3, 0, 1, 0, 0, 0, 0]",4,34.48275862068966
La_Liga,2000,Barcelona,"[3, 0, 3, 0, 3, 3, 0, 1, 3, 0, 0, 3, 1, 3, 1, 3, 3, 3, 3, 1, 3, 0, 0, 3, 1, 1, 1, 3, 1, 1, 0, 1, 1, 3, 3, 0, 1, 3]","[3, 0, 3, 0, 3, 3, 0, 1, 3, 0, 0, 3, 1, 3, 1, 3, 3, 3, 3, 1, 3, 0, 0, 3, 1, 1, 1, 3, 1, 1, 0, 1, 1, 3, 3, 0, 1, 3]",17,8.130081300813009
La_Liga,2000,Celta,"[3, 3, 3, 0, 1, 0, 3, 0, 3, 0, 1, 0, 1, 0, 1, 0, 0, 0, 1, 3, 1, 3, 1, 1, 3, 3, 3, 3, 3, 0, 3, 1, 3, 0, 1, 3, 3, 1]","[3, 3, 3, 0, 1, 0, 3, 0, 3, 0, 1, 0, 1, 0, 1, 0, 0, 0, 1, 3, 1, 3, 1, 1, 3, 3, 3, 3, 3, 0, 3, 1, 3, 0, 1, 3, 3, 1]",1,1.7361111111111112
La_Liga,2000,Espanol,"[3, 0, 0, 1, 0, 0, 3, 1, 3, 1, 3, 3, 0, 0, 0, 0, 3, 0, 3, 3, 3, 0, 0, 1, 1, 1, 3, 3, 0, 3, 3, 0, 1, 1, 0, 0, 3, 0]","[3, 0, 0, 1, 0, 0, 3, 1, 3, 1, 3, 3, 0, 0, 0, 0, 3, 0, 3, 3, 3, 0, 0, 1, 1, 1, 3, 3, 0, 3, 3, 0, 1, 1, 0, 0, 3, 0]",7,7.575757575757576
La_Liga,2000,La Coruna,"[3, 3, 1, 3, 0, 1, 3, 3, 0, 3, 1, 3, 3, 1, 0, 3, 0, 3, 3, 1, 3, 3, 3, 1, 0, 3, 0, 3, 0, 3, 0, 3, 1, 3, 3, 0, 3, 3]","[3, 3, 1, 3, 0, 1, 3, 3, 0, 3, 1, 3, 3, 1, 0, 3, 0, 3, 3, 1, 3, 3, 3, 1, 0, 3, 0, 3, 0, 3, 0, 3, 1, 3, 3, 0, 3, 3]",15,3.289473684210526
La_Liga,2000,Las Palmas,"[0, 1, 1, 0, 3, 3, 3, 0, 0, 0, 3, 3, 1, 0, 0, 3, 3, 3, 1, 0, 3, 0, 0, 0, 1, 0, 3, 0, 0, 0, 1, 3, 0, 3, 1, 0, 0, 3]","[0, 1, 1, 0, 3, 3, 3, 0, 0, 0, 3, 3, 1, 0, 0, 3, 3, 3, 1, 0, 3, 0, 0, 0, 1, 0, 3, 0, 0, 0, 1, 3, 0, 3, 1, 0, 0, 3]",17,9.090909090909092
La_Liga,2000,Malaga,"[0, 1, 3, 0, 0, 3, 1, 3, 0, 1, 0, 3, 0, 3, 0, 3, 3, 3, 0, 1, 0, 0, 0, 3, 3, 3, 1, 0, 3, 1, 3, 1, 1, 3, 0, 3, 3, 0]","[0, 1, 3, 0, 0, 3, 1, 3, 0, 1, 0, 3, 0, 3, 0, 3, 3, 3, 0, 1, 0, 0, 0, 3, 3, 3, 1, 0, 3, 1, 3, 1, 1, 3, 0, 3, 3, 0]",1,2.5
La_Liga,2000,Mallorca,"[1, 0, 0, 0, 3, 1, 3, 3, 3, 3, 0, 3, 1, 1, 1, 3, 1, 3, 1, 0, 1, 3, 3, 0, 3, 1, 3, 1, 3, 3, 1, 3, 0, 3, 3, 3, 3, 3]","[1, 0, 0, 0, 3, 1, 3, 3, 3, 3, 0, 3, 1, 1, 1, 3, 1, 3, 1, 0, 1, 3, 3, 0, 3, 1, 3, 1, 3, 3, 1, 3, 0, 3, 3, 3, 3, 3]",19,1.1074197120708749
La_Liga,2000,Numancia,"[3, 0, 0, 3, 1, 0, 0, 1, 3, 0, 0, 0, 1, 1, 0, 3, 0, 0, 3, 0, 1, 0, 3, 0, 3, 0, 1, 0, 0, 1, 1, 0, 0, 3, 1, 3, 0, 3]","[3, 0, 0, 3, 1, 0, 0, 1, 3, 0, 0, 0, 1, 1, 0, 3, 0, 0, 3, 0, 1, 0, 3, 0, 3, 0, 1, 0, 0, 1, 1, 0, 0, 3, 1, 3, 0, 3]",13,2.0408163265306123
La_Liga,2000,Osasuna,"[0, 3, 1, 0, 1, 1, 0, 0, 1, 1, 1, 0, 0, 1, 3, 0, 3, 0, 1, 0, 0, 0, 0, 3, 3, 0, 1, 3, 1, 0, 3, 1, 3, 0, 1, 0, 3, 3]","[0, 3, 1, 0, 1, 1, 0, 0, 1, 1, 1, 0, 0, 1, 3, 0, 3, 0, 1, 0, 0, 0, 0, 3, 3, 0, 1, 3, 1, 0, 3, 1, 3, 0, 1, 0, 3, 3]",5,1.277139208173691
La_Liga,2000,Oviedo,"[0, 1, 0, 3, 1, 3, 0, 3, 0, 3, 3, 0, 3, 0, 3, 0, 0, 0, 1, 3, 0, 0, 0, 0, 0, 1, 3, 1, 0, 0, 1, 1, 3, 0, 0, 3, 1, 0]","[0, 1, 0, 3, 1, 3, 0, 3, 0, 3, 3, 0, 3, 0, 3, 0, 0, 0, 1, 3, 0, 0, 0, 0, 0, 1, 3, 1, 0, 0, 1, 1, 3, 0, 0, 3, 1, 0]",18,9.345794392523365
La_Liga,2000,Real Madrid,"[3, 1, 3, 1, 3, 0, 3, 0, 0, 3, 3, 3, 3, 3, 3, 3, 3, 1, 3, 3, 3, 0, 3, 1, 1, 3, 0, 3, 3, 3, 3, 1, 0, 1, 3, 3, 1, 3]","[3, 1, 3, 1, 3, 0, 3, 0, 0, 3, 3, 3, 3, 3, 3, 3, 3, 1, 3, 3, 3, 0, 3, 1, 1, 3, 0, 3, 3, 3, 3, 1, 0, 1, 3, 3, 1, 3]",17,5.2631578947368425
La_Liga,2000,Santander,"[1, 0, 0, 1, 0, 3, 0, 3, 0, 1, 1, 0, 0, 3, 0, 1, 0, 0, 0, 0, 0, 3, 0, 3, 0, 3, 0, 3, 1, 3, 0, 1, 0, 3, 1, 1, 0, 3]","[1, 0, 0, 1, 0, 3, 0, 3, 0, 1, 1, 0, 0, 3, 0, 1, 0, 0, 0, 0, 0, 3, 0, 3, 0, 3, 0, 3, 1, 3, 0, 1, 0, 3, 1, 1, 0, 3]",8,1.5337423312883436
La_Liga,2000,Sociedad,"[1, 0, 1, 0, 3, 0, 0, 3, 0, 0, 3, 0, 1, 0, 0, 0, 1, 0, 1, 3, 1, 0, 3, 0, 3, 0, 1, 1, 3, 1, 3, 0, 0, 3, 3, 1, 3, 0]","[1, 0, 1, 0, 3, 0, 0, 3, 0, 0, 3, 0, 1, 0, 0, 0, 1, 0, 1, 3, 1, 0, 3, 0, 3, 0, 1, 1, 3, 1, 3, 0, 0, 3, 3, 1, 3, 0]",1,2.288329519450801
La_Liga,2000,Valencia,"[0, 3, 3, 3, 1, 3, 3, 3, 0, 1, 1, 3, 1, 3, 3, 1, 3, 0, 0, 0, 1, 3, 3, 3, 1, 3, 0, 0, 3, 0, 1, 3, 3, 0, 3, 1, 0, 0]","[0, 3, 3, 3, 1, 3, 3, 3, 0, 1, 1, 3, 1, 3, 3, 1, 3, 0, 0, 0, 1, 3, 3, 3, 1, 3, 0, 0, 3, 0, 1, 3, 3, 0, 3, 1, 0, 0]",12,14.925373134328359
La_Liga,2000,Valladolid,"[1, 3, 1, 1, 1, 1, 0, 1, 0, 3, 0, 3, 1, 0, 1, 1, 3, 0, 1, 3, 1, 3, 0, 3, 0, 0, 0, 0, 0, 3, 0, 0, 1, 1, 1, 3, 1, 0]","[1, 3, 1, 1, 1, 1, 0, 1, 0, 3, 0, 3, 1, 0, 1, 1, 3, 0, 1, 3, 1, 3, 0, 3, 0, 0, 0, 0, 0, 3, 0, 0, 1, 1, 1, 3, 1, 0]",14,13.333333333333334
La_Liga,2000,Vallecano,"[3, 1, 1, 3, 1, 3, 0, 0, 3, 1, 3, 0, 3, 1, 1, 0, 1, 3, 1, 0, 0, 3, 1, 1, 0, 0, 0, 3, 0, 1, 0, 1, 1, 0, 0, 0, 3, 0]","[3, 1, 1, 3, 1, 3, 0, 0, 3, 1, 3, 0, 3, 1, 1, 0, 1, 3, 1, 0, 0, 3, 1, 1, 0, 0, 0, 3, 0, 1, 0, 1, 1, 0, 0, 0, 3, 0]",19,41.666666666666664
La_Liga,2000,Villarreal,"[0, 3, 3, 1, 1, 0, 1, 0, 3, 3, 0, 0, 1, 3, 3, 1, 0, 3, 0, 3, 3, 3, 3, 0, 0, 1, 3, 0, 1, 0, 1, 3, 3, 0, 1, 3, 0, 3]","[0, 3, 3, 1, 1, 0, 1, 0, 3, 3, 0, 0, 1, 3, 3, 1, 0, 3, 0, 3, 3, 3, 3, 0, 0, 1, 3, 0, 1, 0, 1, 3, 3, 0, 1, 3, 0, 3]",15,4.651162790697675
La_Liga,2000,Zaragoza,"[0, 1, 1, 0, 1, 0, 1, 3, 3, 0, 3, 1, 1, 3, 1, 1, 3, 1, 0, 0, 3, 0, 3, 0, 1, 0, 1, 0, 3, 1, 0, 0, 3, 0, 1, 1, 0, 1]","[0, 1, 1, 0, 1, 0, 1, 3, 3, 0, 3, 1, 1, 3, 1, 1, 3, 1, 0, 0, 3, 0, 3, 0, 1, 0, 1, 0, 3, 1, 0, 0, 3, 0, 1, 1, 0, 1]",15,8.695652173913043
La_Liga,2001,Alaves,"[3, 3, 1, 0, 1, 3, 0, 1, 3, 3, 0, 3, 3, 0, 3, 3, 0, 0, 3, 3, 0, 0, 3, 0, 0, 0, 0, 3, 0, 0, 3, 0, 3, 0, 3, 0, 0, 3]","[3, 3, 1, 0, 1, 3, 0, 1, 3, 3, 0, 3, 3, 0, 3, 3, 0, 0, 3, 3, 0, 0, 3, 0, 0, 0, 0, 3, 0, 0, 3, 0, 3, 0, 3, 0, 0, 3]",18,16.39344262295082
La_Liga,2001,Ath Bilbao,"[3, 0, 3, 1, 3, 1, 0, 0, 1, 1, 3, 3, 1, 3, 3, 1, 1, 3, 0, 3, 0, 1, 0, 3, 1, 3, 0, 3, 0, 3, 0, 0, 0, 1, 0, 0, 1, 3]","[3, 0, 3, 1, 3, 1, 0, 0, 1, 1, 3, 3, 1, 3, 3, 1, 1, 3, 0, 3, 0, 1, 0, 3, 1, 3, 0, 3, 0, 3, 0, 0, 0, 1, 0, 0, 1, 3]",8,22.22222222222222
La_Liga,2001,Barcelona,"[3, 1, 1, 3, 3, 3, 0, 1, 1, 3, 0, 3, 1, 0, 0, 1, 3, 0, 3, 3, 0, 0, 3, 3, 1, 3, 0, 3, 0, 1, 3, 1, 3, 3, 0, 3, 3, 1]","[3, 1, 1, 3, 3, 3, 0, 1, 1, 3, 0, 3, 1, 0, 0, 1, 3, 0, 3, 3, 0, 0, 3, 3, 1, 3, 0, 3, 0, 1, 3, 1, 3, 3, 0, 3, 3, 1]",1,1.8484288354898337
La_Liga,2001,Betis,"[0, 3, 3, 3, 3, 1, 3, 0, 1, 0, 0, 1, 3, 3, 3, 1, 3, 0, 0, 1, 1, 1, 3, 1, 1, 3, 3, 1, 3, 1, 1, 1, 1, 0, 3, 3, 0, 0]","[0, 3, 3, 3, 3, 1, 3, 0, 1, 0, 0, 1, 3, 3, 3, 1, 3, 0, 0, 1, 1, 1, 3, 1, 1, 3, 3, 1, 3, 1, 1, 1, 1, 0, 3, 3, 0, 0]",2,21.27659574468085
La_Liga,2001,Celta,"[3, 3, 1, 3, 1, 1, 1, 3, 1, 1, 0, 0, 0, 3, 3, 1, 3, 3, 1, 1, 1, 3, 3, 0, 1, 1, 0, 0, 3, 3, 3, 3, 0, 0, 3, 3, 0, 0]","[3, 3, 1, 3, 1, 1, 1, 3, 1, 1, 0, 0, 0, 3, 3, 1, 3, 3, 1, 1, 1, 3, 3, 0, 1, 1, 0, 0, 3, 3, 3, 3, 0, 0, 3, 3, 0, 0]",2,15.873015873015873
La_Liga,2001,Espanol,"[3, 0, 0, 0, 3, 3, 1, 0, 3, 1, 0, 0, 3, 0, 3, 1, 0, 3, 0, 1, 1, 0, 3, 1, 3, 1, 3, 1, 3, 0, 0, 0, 3, 0, 3, 0, 0, 0]","[3, 0, 0, 0, 3, 3, 1, 0, 3, 1, 0, 0, 3, 0, 3, 1, 0, 3, 0, 1, 1, 0, 3, 1, 3, 1, 3, 1, 3, 0, 0, 0, 3, 0, 3, 0, 0, 0]",3,13.513513513513514
La_Liga,2001,La Coruna,"[3, 3, 0, 3, 1, 1, 3, 3, 3, 0, 3, 0, 3, 0, 0, 3, 1, 3, 0, 0, 3, 1, 0, 3, 1, 0, 3, 3, 1, 3, 3, 1, 3, 3, 0, 1, 3, 3]","[3, 3, 0, 3, 1, 1, 3, 3, 3, 0, 3, 0, 3, 0, 0, 3, 1, 3, 0, 0, 3, 1, 0, 3, 1, 0, 3, 3, 1, 3, 3, 1, 3, 3, 0, 1, 3, 3]",4,1.7761989342806395
La_Liga,2001,Las Palmas,"[3, 0, 0, 1, 0, 3, 0, 3, 1, 0, 3, 0, 1, 0, 3, 1, 1, 3, 1, 3, 0, 0, 1, 1, 0, 1, 0, 0, 3, 0, 3, 1, 1, 1, 0, 0, 0, 1]","[3, 0, 0, 1, 0, 3, 0, 3, 1, 0, 3, 0, 1, 0, 3, 1, 1, 3, 1, 3, 0, 0, 1, 1, 0, 1, 0, 0, 3, 0, 3, 1, 1, 1, 0, 0, 0, 1]",18,15.873015873015873
La_Liga,2001,Malaga,"[3, 1, 0, 1, 0, 0, 1, 3, 1, 3, 0, 0, 3, 0, 3, 1, 1, 0, 3, 1, 1, 1, 1, 0, 3, 1, 3, 0, 3, 3, 1, 3, 3, 0, 1, 1, 0, 3]","[3, 1, 0, 1, 0, 0, 1, 3, 1, 3, 0, 0, 3, 0, 3, 1, 1, 0, 3, 1, 1, 1, 1, 0, 3, 1, 3, 0, 3, 3, 1, 3, 3, 0, 1, 1, 0, 3]",5,3.6496350364963503
La_Liga,2001,Mallorca,"[0, 3, 1, 0, 0, 0, 0, 1, 3, 0, 3, 3, 0, 3, 1, 1, 0, 1, 0, 0, 3, 3, 0, 0, 1, 0, 0, 3, 3, 1, 0, 3, 0, 1, 1, 0, 1, 3]","[0, 3, 1, 0, 0, 0, 0, 1, 3, 0, 3, 3, 0, 3, 1, 1, 0, 1, 0, 0, 3, 3, 0, 0, 1, 0, 0, 3, 3, 1, 0, 3, 0, 1, 1, 0, 1, 3]",16,2.242152466367713
La_Liga,2001,Osasuna,"[0, 0, 1, 3, 3, 3, 1, 0, 0, 3, 0, 1, 0, 0, 0, 3, 1, 0, 3, 1, 1, 3, 1, 1, 3, 1, 0, 1, 0, 0, 0, 0, 1, 3, 0, 3, 1, 0]","[0, 0, 1, 3, 3, 3, 1, 0, 0, 3, 0, 1, 0, 0, 0, 3, 1, 0, 3, 1, 1, 3, 1, 1, 3, 1, 0, 1, 0, 0, 0, 0, 1, 3, 0, 3, 1, 0]",13,6.896551724137931
La_Liga,2001,Real Madrid,"[0, 1, 0, 3, 1, 0, 3, 1, 1, 3, 3, 0, 3, 3, 3, 3, 3, 1, 3, 3, 1, 1, 0, 0, 3, 0, 3, 3, 3, 1, 3, 3, 3, 0, 3, 0, 1, 0]","[0, 1, 0, 3, 1, 0, 3, 1, 1, 3, 3, 0, 3, 3, 3, 3, 3, 1, 3, 3, 1, 1, 0, 0, 3, 0, 3, 3, 3, 1, 3, 3, 3, 0, 3, 0, 1, 0]",3,17.54385964912281
La_Liga,2001,Sevilla,"[0, 1, 3, 3, 0, 3, 1, 1, 0, 1, 3, 1, 0, 3, 0, 1, 3, 0, 3, 0, 3, 3, 0, 1, 1, 0, 3, 0, 0, 0, 1, 0, 1, 1, 3, 3, 3, 3]","[0, 1, 3, 3, 0, 3, 1, 1, 0, 1, 3, 1, 0, 3, 0, 1, 3, 0, 3, 0, 3, 3, 0, 1, 1, 0, 3, 0, 0, 0, 1, 0, 1, 1, 3, 3, 3, 3]",16,3.0395136778115504
La_Liga,2001,Sociedad,"[0, 0, 1, 0, 0, 0, 1, 0, 3, 3, 3, 0, 0, 3, 0, 1, 0, 3, 1, 0, 0, 0, 3, 0, 3, 3, 1, 1, 0, 3, 3, 1, 0, 3, 0, 3, 3, 1]","[0, 0, 1, 0, 0, 0, 1, 0, 3, 3, 3, 0, 0, 3, 0, 1, 0, 3, 1, 0, 0, 0, 3, 0, 3, 3, 1, 1, 0, 3, 3, 1, 0, 3, 0, 3, 3, 1]",1,1.5698587127158556
La_Liga,2001,Tenerife,"[0, 0, 3, 0, 1, 0, 3, 3, 0, 0, 0, 3, 1, 3, 0, 0, 1, 0, 3, 0, 1, 0, 0, 1, 1, 0, 3, 1, 3, 1, 0, 0, 0, 3, 0, 0, 3, 0]","[0, 0, 3, 0, 1, 0, 3, 3, 0, 0, 0, 3, 1, 3, 0, 0, 1, 0, 3, 0, 1, 0, 0, 1, 1, 0, 3, 1, 3, 1, 0, 0, 0, 3, 0, 0, 3, 0]",8,3.289473684210526
La_Liga,2001,Valencia,"[3, 1, 3, 1, 1, 1, 3, 1, 3, 1, 3, 1, 1, 0, 1, 0, 3, 3, 3, 0, 0, 3, 3, 3, 1, 1, 3, 3, 3, 0, 3, 3, 3, 1, 3, 3, 3, 3]","[3, 1, 3, 1, 1, 1, 3, 1, 3, 1, 3, 1, 1, 0, 1, 0, 3, 3, 3, 0, 0, 3, 3, 3, 1, 1, 3, 3, 3, 0, 3, 3, 3, 1, 3, 3, 3, 3]",19,1.1049723756906078
La_Liga,2001,Valladolid,"[0, 1, 3, 0, 1, 0, 3, 3, 0, 1, 3, 0, 3, 0, 3, 0, 1, 0, 3, 3, 3, 1, 0, 3, 0, 1, 3, 0, 0, 1, 0, 1, 1, 0, 3, 3, 0, 0]","[0, 1, 3, 0, 1, 0, 3, 3, 0, 1, 3, 0, 3, 0, 3, 0, 1, 0, 3, 3, 3, 1, 0, 3, 0, 1, 3, 0, 0, 1, 0, 1, 1, 0, 3, 3, 0, 0]",11,7.874015748031496
La_Liga,2001,Vallecano,"[0, 1, 0, 0, 0, 0, 0, 3, 0, 3, 0, 3, 0, 0, 0, 1, 1, 1, 1, 3, 3, 0, 3, 1, 0, 3, 1, 0, 1, 3, 1, 1, 0, 3, 3, 3, 3, 3]","[0, 1, 0, 0, 0, 0, 0, 3, 0, 3, 0, 3, 0, 0, 0, 1, 1, 1, 1, 3, 3, 0, 3, 1, 0, 3, 1, 0, 1, 3, 1, 1, 0, 3, 3, 3, 3, 3]",17,1.0362694300518134
La_Liga,2001,Villarreal,"[3, 3, 0, 3, 3, 1, 0, 0, 1, 0, 0, 3, 1, 3, 0, 1, 0, 0, 0, 1, 1, 3, 0, 3, 1, 1, 0, 1, 0, 1, 0, 3, 0, 3, 0, 0, 3, 0]","[3, 3, 0, 3, 3, 1, 0, 0, 1, 0, 0, 3, 1, 3, 0, 1, 0, 0, 0, 1, 1, 3, 0, 3, 1, 1, 0, 1, 0, 1, 0, 3, 0, 3, 0, 0, 3, 0]",12,3.4482758620689653
La_Liga,2001,Zaragoza,"[0, 1, 3, 0, 1, 3, 3, 0, 0, 0, 3, 3, 0, 3, 0, 0, 0, 3, 0, 1, 0, 3, 1, 1, 0, 3, 0, 0, 0, 1, 0, 1, 1, 1, 0, 0, 0, 1]","[0, 1, 3, 0, 1, 3, 3, 0, 0, 0, 3, 3, 0, 3, 0, 0, 0, 3, 0, 1, 0, 3, 1, 1, 0, 3, 0, 0, 0, 1, 0, 1, 1, 1, 0, 0, 0, 1]",12,31.25
La_Liga,2002,Alaves,"[1, 0, 3, 0, 0, 1, 0, 3, 0, 3, 1, 1, 0, 3, 0, 3, 1, 1, 3, 1, 0, 3, 0, 0, 0, 1, 0, 1, 0, 0, 0, 1, 3, 0, 0, 0, 0, 1]","[1, 0, 3, 0, 0, 1, 0, 3, 0, 3, 1, 1, 0, 3, 0, 3, 1, 1, 3, 1, 0, 3, 0, 0, 0, 1, 0, 1, 0, 0, 0, 1, 3, 0, 0, 0, 0, 1]",16,40.0
La_Liga,2002,Ath Bilbao,"[0, 0, 1, 0, 3, 1, 0, 3, 1, 3, 3, 0, 0, 0, 3, 3, 0, 0, 1, 3, 1, 3, 1, 0, 0, 3, 0, 3, 1, 1, 3, 3, 1, 3, 3, 1, 3, 0]","[0, 0, 1, 0, 3, 1, 0, 3, 1, 3, 3, 0, 0, 0, 3, 3, 0, 0, 1, 3, 1, 3, 1, 0, 0, 3, 0, 3, 1, 1, 3, 3, 1, 3, 3, 1, 3, 0]",1,2.865329512893983
La_Liga,2002,Ath Madrid,"[1, 1, 3, 1, 0, 1, 1, 3, 1, 3, 3, 0, 3, 0, 0, 0, 3, 1, 0, 3, 1, 3, 0, 3, 3, 0, 1, 0, 1, 1, 0, 0, 0, 3, 3, 0, 0, 0]","[1, 1, 3, 1, 0, 1, 1, 3, 1, 3, 3, 0, 3, 0, 0, 0, 3, 1, 0, 3, 1, 3, 0, 3, 3, 0, 1, 0, 1, 1, 0, 0, 0, 3, 3, 0, 0, 0]",13,35.714285714285715
La_Liga,2002,Barcelona,"[1, 3, 3, 0, 1, 0, 3, 1, 3, 0, 1, 0, 0, 0, 3, 3, 1, 0, 0, 0, 1, 3, 3, 1, 1, 1, 3, 0, 0, 1, 3, 3, 1, 0, 3, 3, 3, 3]","[1, 3, 3, 0, 1, 0, 3, 1, 3, 0, 1, 0, 0, 0, 3, 3, 1, 0, 0, 0, 1, 3, 3, 1, 1, 1, 3, 0, 0, 1, 3, 3, 1, 0, 3, 3, 3, 3]",15,1.1627906976744187
La_Liga,2002,Betis,"[3, 1, 3, 1, 1, 0, 1, 3, 1, 3, 0, 3, 3, 0, 3, 0, 1, 3, 3, 0, 0, 3, 0, 0, 0, 1, 1, 3, 0, 1, 0, 1, 1, 0, 1, 3, 3, 3]","[3, 1, 3, 1, 1, 0, 1, 3, 1, 3, 0, 3, 3, 0, 3, 0, 1, 3, 3, 0, 0, 3, 0, 0, 0, 1, 1, 3, 0, 1, 0, 1, 1, 0, 1, 3, 3, 3]",19,12.195121951219512
La_Liga,2002,Celta,"[3, 3, 3, 1, 3, 0, 1, 0, 3, 0, 1, 3, 3, 0, 3, 0, 0, 0, 3, 0, 3, 3, 1, 1, 0, 3, 3, 1, 3, 3, 1, 1, 1, 0, 3, 1, 3, 0]","[3, 3, 3, 1, 3, 0, 1, 0, 3, 0, 1, 3, 3, 0, 3, 0, 0, 0, 3, 0, 3, 3, 1, 1, 0, 3, 3, 1, 3, 3, 1, 1, 1, 0, 3, 1, 3, 0]",8,4.385964912280702
La_Liga,2002,Espanol,"[0, 0, 0, 1, 0, 3, 3, 0, 0, 0, 0, 3, 0, 0, 3, 0, 3, 1, 3, 1, 1, 0, 0, 3, 1, 3, 1, 1, 1, 1, 3, 1, 1, 1, 3, 0, 1, 0]","[0, 0, 0, 1, 0, 3, 3, 0, 0, 0, 0, 3, 0, 0, 3, 0, 3, 1, 3, 1, 1, 0, 0, 3, 1, 3, 1, 1, 1, 1, 3, 1, 1, 1, 3, 0, 1, 0]",3,4.62962962962963
La_Liga,2002,La Coruna,"[0, 3, 3, 3, 0, 0, 3, 1, 1, 3, 1, 1, 1, 3, 3, 3, 0, 3, 0, 3, 1, 3, 3, 3, 3, 3, 0, 3, 3, 3, 0, 3, 3, 0, 0, 3, 0, 3]","[0, 3, 3, 3, 0, 0, 3, 1, 1, 3, 1, 1, 1, 3, 3, 3, 0, 3, 0, 3, 1, 3, 3, 3, 3, 3, 0, 3, 3, 3, 0, 3, 3, 0, 0, 3, 0, 3]",5,7.6923076923076925
La_Liga,2002,Malaga,"[3, 3, 1, 1, 3, 1, 0, 0, 3, 1, 1, 0, 1, 0, 0, 1, 1, 1, 3, 3, 0, 0, 1, 0, 3, 0, 1, 3, 3, 3, 1, 1, 0, 0, 0, 0, 3, 0]","[3, 3, 1, 1, 3, 1, 0, 0, 3, 1, 1, 0, 1, 0, 0, 1, 1, 1, 3, 3, 0, 0, 1, 0, 3, 0, 1, 3, 3, 3, 1, 1, 0, 0, 0, 0, 3, 0]",6,10.989010989010989
La_Liga,2002,Mallorca,"[0, 0, 0, 3, 3, 3, 3, 3, 3, 3, 1, 1, 0, 0, 0, 0, 3, 1, 0, 0, 0, 0, 1, 0, 3, 1, 3, 1, 1, 1, 3, 3, 0, 3, 0, 1, 1, 3]","[0, 0, 0, 3, 3, 3, 3, 3, 3, 3, 1, 1, 0, 0, 0, 0, 3, 1, 0, 0, 0, 0, 1, 0, 3, 1, 3, 1, 1, 1, 3, 3, 0, 3, 0, 1, 1, 3]",19,2.293577981651376
La_Liga,2002,Osasuna,"[1, 0, 0, 0, 1, 3, 0, 0, 0, 3, 1, 3, 3, 3, 0, 0, 1, 1, 3, 0, 1, 3, 0, 1, 0, 1, 1, 0, 0, 0, 3, 0, 1, 3, 1, 3, 3, 3]","[1, 0, 0, 0, 1, 3, 0, 0, 0, 3, 1, 3, 3, 3, 0, 0, 1, 1, 3, 0, 1, 3, 0, 1, 0, 1, 1, 0, 0, 0, 3, 0, 1, 3, 1, 3, 3, 3]",16,1.6474464579901154
La_Liga,2002,Real Madrid,"[3, 3, 1, 3, 1, 0, 1, 1, 3, 1, 1, 3, 3, 3, 3, 3, 3, 1, 1, 1, 3, 0, 3, 3, 3, 3, 3, 3, 0, 1, 3, 0, 1, 3, 3, 1, 3, 3]","[3, 3, 1, 3, 1, 0, 1, 1, 3, 1, 1, 3, 3, 3, 3, 3, 3, 1, 1, 1, 3, 0, 3, 3, 3, 3, 3, 3, 0, 1, 3, 0, 1, 3, 3, 1, 3, 3]",10,3.952569169960474
La_Liga,2002,Recreativo,"[0, 0, 0, 1, 0, 0, 1, 3, 0, 0, 3, 0, 1, 0, 0, 0, 1, 1, 3, 0, 1, 0, 3, 3, 1, 1, 1, 3, 3, 0, 3, 0, 1, 0, 0, 0, 1, 1]","[0, 0, 0, 1, 0, 0, 1, 3, 0, 0, 3, 0, 1, 0, 0, 0, 1, 1, 3, 0, 1, 0, 3, 3, 1, 1, 1, 3, 3, 0, 3, 0, 1, 0, 0, 0, 1, 1]",7,7.874015748031496
La_Liga,2002,Santander,"[0, 3, 0, 1, 3, 3, 0, 1, 0, 0, 0, 3, 0, 3, 3, 0, 0, 0, 0, 0, 3, 3, 3, 0, 0, 0, 0, 3, 1, 3, 1, 3, 1, 0, 0, 3, 0, 0]","[0, 3, 0, 1, 3, 3, 0, 1, 0, 0, 0, 3, 0, 3, 3, 0, 0, 0, 0, 0, 3, 3, 3, 0, 0, 0, 0, 3, 1, 3, 1, 3, 1, 0, 0, 3, 0, 0]",5,4.405286343612334
La_Liga,2002,Sevilla,"[0, 1, 1, 1, 1, 0, 3, 0, 3, 0, 1, 0, 3, 3, 0, 3, 1, 1, 0, 3, 1, 0, 3, 3, 3, 1, 3, 0, 3, 0, 0, 0, 1, 1, 3, 3, 0, 0]","[0, 1, 1, 1, 1, 0, 3, 0, 3, 0, 1, 0, 3, 3, 0, 3, 1, 1, 0, 3, 1, 0, 3, 3, 3, 1, 3, 0, 3, 0, 0, 0, 1, 1, 3, 3, 0, 0]",2,7.751937984496124
La_Liga,2002,Sociedad,"[3, 3, 1, 3, 3, 1, 3, 3, 1, 1, 1, 3, 3, 3, 3, 1, 1, 3, 3, 0, 1, 0, 3, 0, 3, 3, 1, 0, 3, 3, 0, 3, 3, 3, 3, 1, 0, 3]","[3, 3, 1, 3, 3, 1, 3, 3, 1, 1, 1, 3, 3, 3, 3, 1, 1, 3, 3, 0, 1, 0, 3, 0, 3, 3, 1, 0, 3, 3, 0, 3, 3, 3, 3, 1, 0, 3]",19,6.993006993006993
La_Liga,2002,Valencia,"[3, 3, 1, 3, 0, 1, 3, 3, 1, 0, 3, 1, 3, 3, 0, 0, 1, 3, 3, 3, 1, 3, 3, 1, 0, 0, 1, 0, 3, 0, 3, 0, 0, 3, 0, 1, 0, 3]","[3, 3, 1, 3, 0, 1, 3, 3, 1, 0, 3, 1, 3, 3, 0, 0, 1, 3, 3, 3, 1, 3, 3, 1, 0, 0, 1, 0, 3, 0, 3, 0, 0, 3, 0, 1, 0, 3]",15,47.1253534401508
La_Liga,2002,Valladolid,"[3, 3, 0, 1, 0, 3, 0, 0, 3, 1, 0, 0, 0, 3, 0, 3, 1, 3, 0, 3, 0, 0, 0, 3, 1, 1, 0, 0, 0, 3, 1, 3, 1, 1, 1, 0, 3, 1]","[3, 3, 0, 1, 0, 3, 0, 0, 3, 1, 0, 0, 0, 3, 0, 3, 1, 3, 0, 3, 0, 0, 0, 3, 1, 1, 0, 0, 0, 3, 1, 3, 1, 1, 1, 0, 3, 1]",18,3.787878787878788
La_Liga,2002,Vallecano,"[1, 0, 3, 0, 1, 3, 0, 0, 0, 0, 1, 0, 3, 3, 0, 3, 0, 0, 0, 1, 3, 0, 0, 0, 3, 0, 1, 0, 1, 0, 0, 0, 1, 1, 1, 1, 0, 1]","[1, 0, 3, 0, 1, 3, 0, 0, 0, 0, 1, 0, 3, 3, 0, 3, 0, 0, 0, 1, 3, 0, 0, 0, 3, 0, 1, 0, 1, 0, 0, 0, 1, 1, 1, 1, 0, 1]",17,7.462686567164179
La_Liga,2002,Villarreal,"[1, 0, 0, 1, 1, 3, 1, 0, 0, 3, 1, 3, 1, 0, 0, 3, 3, 1, 0, 3, 3, 0, 0, 3, 0, 0, 1, 3, 0, 1, 0, 1, 3, 3, 0, 1, 1, 0]","[1, 0, 0, 1, 1, 3, 1, 0, 0, 3, 1, 3, 1, 0, 0, 3, 3, 1, 0, 3, 3, 0, 0, 3, 0, 0, 1, 3, 0, 1, 0, 1, 3, 3, 0, 1, 1, 0]",4,5.0761421319796955
La_Liga,2003,Albacete,"[0, 0, 0, 0, 3, 0, 3, 0, 3, 0, 0, 0, 3, 1, 3, 3, 1, 0, 0, 1, 1, 0, 0, 1, 3, 3, 3, 0, 3, 1, 0, 1, 0, 3, 3, 1, 0, 3]","[0, 0, 0, 0, 3, 0, 3, 0, 3, 0, 0, 0, 3, 1, 3, 3, 1, 0, 0, 1, 1, 0, 0, 1, 3, 3, 3, 0, 3, 1, 0, 1, 0, 3, 3, 1, 0, 3]",9,1.5797788309636651
La_Liga,2003,Ath Bilbao,"[0, 0, 3, 1, 3, 1, 3, 0, 3, 0, 3, 3, 0, 1, 0, 3, 1, 1, 0, 1, 3, 3, 3, 1, 1, 3, 0, 0, 3, 0, 1, 3, 3, 1, 0, 1, 3, 0]","[0, 0, 3, 1, 3, 1, 3, 0, 3, 0, 3, 3, 0, 1, 0, 3, 1, 1, 0, 1, 3, 3, 3, 1, 1, 3, 0, 0, 3, 0, 1, 3, 3, 1, 0, 1, 3, 0]",5,3.7037037037037037
La_Liga,2003,Ath Madrid,"[0, 3, 0, 0, 1, 0, 3, 3, 3, 3, 3, 0, 3, 0, 3, 1, 1, 1, 3, 3, 1, 1, 0, 0, 1, 3, 1, 0, 3, 1, 3, 0, 0, 0, 3, 1, 0, 3]","[0, 3, 0, 0, 1, 0, 3, 3, 3, 3, 3, 0, 3, 0, 3, 1, 1, 1, 3, 3, 1, 1, 0, 0, 1, 3, 1, 0, 3, 1, 3, 0, 0, 0, 3, 1, 0, 3]",18,6.4935064935064934
La_Liga,2003,Barcelona,"[3, 1, 3, 1, 1, 0, 0, 3, 3, 1, 3, 0, 1, 0, 0, 3, 1, 0, 3, 1, 3, 3, 3, 3, 3, 3, 3, 3, 3, 1, 3, 1, 3, 3, 3, 0, 3, 0]","[3, 1, 3, 1, 1, 0, 0, 3, 3, 1, 3, 0, 1, 0, 0, 3, 1, 0, 3, 1, 3, 3, 3, 3, 3, 3, 3, 3, 3, 1, 3, 1, 3, 3, 3, 0, 3, 0]",3,6.578947368421052
La_Liga,2003,Betis,"[0, 1, 3, 1, 3, 1, 1, 3, 0, 0, 0, 1, 0, 1, 3, 0, 0, 1, 3, 1, 3, 3, 3, 3, 1, 1, 0, 1, 0, 1, 0, 1, 3, 3, 0, 0, 3, 3]","[0, 1, 3, 1, 3, 1, 1, 3, 0, 0, 0, 1, 0, 1, 3, 0, 0, 1, 3, 1, 3, 3, 3, 3, 1, 1, 0, 1, 0, 1, 0, 1, 3, 3, 0, 0, 3, 3]",14,2.898550724637681
La_Liga,2003,Celta,"[1, 1, 0, 1, 3, 0, 0, 3, 1, 0, 1, 0, 3, 1, 0, 1, 1, 0, 3, 1, 0, 0, 3, 3, 0, 0, 0, 0, 1, 0, 1, 1, 3, 3, 0, 3, 0, 0]","[1, 1, 0, 1, 3, 0, 0, 3, 1, 0, 1, 0, 3, 1, 0, 1, 1, 0, 3, 1, 0, 0, 3, 3, 0, 0, 0, 0, 1, 0, 1, 1, 3, 3, 0, 3, 0, 0]",2,6.25
La_Liga,2003,Espanol,"[1, 1, 0, 0, 0, 0, 0, 0, 3, 0, 0, 3, 0, 0, 0, 0, 0, 3, 3, 0, 0, 3, 3, 0, 0, 3, 3, 0, 1, 3, 0, 1, 3, 3, 0, 3, 0, 3]","[1, 1, 0, 0, 0, 0, 0, 0, 3, 0, 0, 3, 0, 0, 0, 0, 0, 3, 3, 0, 0, 3, 3, 0, 0, 3, 3, 0, 1, 3, 0, 1, 3, 3, 0, 3, 0, 3]",4,1.2706480304955527
La_Liga,2003,La Coruna,"[3, 3, 3, 3, 0, 3, 3, 3, 0, 1, 3, 1, 0, 1, 3, 0, 3, 3, 1, 3, 0, 3, 3, 3, 1, 0, 0, 0, 3, 3, 1, 3, 1, 1, 3, 0, 3, 3]","[3, 3, 3, 3, 0, 3, 3, 3, 0, 1, 3, 1, 0, 1, 3, 0, 3, 3, 1, 3, 0, 3, 3, 3, 1, 0, 0, 0, 3, 3, 1, 3, 1, 1, 3, 0, 3, 3]",14,5.405405405405405
La_Liga,2003,Malaga,"[1, 0, 0, 0, 3, 3, 0, 3, 0, 3, 3, 1, 0, 3, 0, 3, 3, 0, 0, 0, 0, 0, 0, 3, 3, 3, 0, 3, 3, 1, 1, 3, 0, 1, 0, 3, 1, 0]","[1, 0, 0, 0, 3, 3, 0, 3, 0, 3, 3, 1, 0, 3, 0, 3, 3, 0, 0, 0, 0, 0, 0, 3, 3, 3, 0, 3, 3, 1, 1, 3, 0, 1, 0, 3, 1, 0]",6,5.181347150259067
La_Liga,2003,Mallorca,"[0, 3, 0, 1, 0, 1, 0, 0, 3, 0, 3, 3, 3, 3, 3, 0, 0, 0, 0, 1, 3, 0, 0, 1, 1, 0, 0, 3, 0, 0, 1, 3, 0, 3, 3, 3, 3, 3]","[0, 3, 0, 1, 0, 1, 0, 0, 3, 0, 3, 3, 3, 3, 3, 0, 0, 0, 0, 1, 3, 0, 0, 1, 1, 0, 0, 3, 0, 0, 1, 3, 0, 3, 3, 3, 3, 3]",17,1.529051987767584
La_Liga,2003,Murcia,"[1, 1, 0, 1, 0, 3, 0, 0, 0, 1, 0, 1, 1, 1, 1, 1, 0, 0, 0, 1, 0, 3, 0, 0, 0, 0, 1, 0, 0, 3, 0, 0, 0, 0, 3, 0, 3, 0]","[1, 1, 0, 1, 0, 3, 0, 0, 0, 1, 0, 1, 1, 1, 1, 1, 0, 0, 0, 1, 0, 3, 0, 0, 0, 0, 1, 0, 0, 3, 0, 0, 0, 0, 3, 0, 3, 0]",16,2.336448598130841
La_Liga,2003,Osasuna,"[3, 0, 3, 1, 3, 1, 3, 0, 3, 0, 1, 1, 1, 3, 3, 1, 0, 1, 1, 1, 3, 1, 0, 0, 1, 3, 1, 1, 3, 1, 1, 3, 0, 0, 0, 0, 0, 0]","[3, 0, 3, 1, 3, 1, 3, 0, 3, 0, 1, 1, 1, 3, 3, 1, 0, 1, 1, 1, 3, 1, 0, 0, 1, 3, 1, 1, 3, 1, 1, 3, 0, 0, 0, 0, 0, 0]",6,2777.777777777778
La_Liga,2003,Real Madrid,"[3, 1, 3, 3, 0, 3, 3, 3, 1, 3, 0, 3, 1, 3, 3, 3, 3, 3, 0, 1, 3, 3, 3, 1, 3, 3, 1, 1, 0, 3, 3, 0, 3, 0, 0, 0, 0, 0]","[3, 1, 3, 3, 0, 3, 3, 3, 1, 3, 0, 3, 1, 3, 3, 3, 3, 3, 0, 1, 3, 3, 3, 1, 3, 3, 1, 1, 0, 3, 3, 0, 3, 0, 0, 0, 0, 0]",5,1818.1818181818182
La_Liga,2003,Santander,"[3, 1, 0, 1, 0, 3, 3, 0, 0, 3, 3, 0, 3, 0, 0, 1, 1, 3, 1, 1, 3, 0, 0, 0, 3, 0, 1, 3, 1, 0, 1, 0, 0, 0, 3, 1, 0, 0]","[3, 1, 0, 1, 0, 3, 3, 0, 0, 3, 3, 0, 3, 0, 0, 1, 1, 3, 1, 1, 3, 0, 0, 0, 3, 0, 1, 3, 1, 0, 1, 0, 0, 0, 3, 1, 0, 0]",17,14.705882352941176
La_Liga,2003,Sevilla,"[3, 1, 0, 1, 3, 1, 1, 1, 1, 0, 3, 0, 0, 3, 3, 0, 0, 3, 1, 0, 0, 0, 3, 3, 3, 1, 3, 0, 0, 0, 3, 1, 3, 1, 3, 0, 3, 3]","[3, 1, 0, 1, 3, 1, 1, 1, 1, 0, 3, 0, 0, 3, 3, 0, 0, 3, 1, 0, 0, 0, 3, 3, 3, 1, 3, 0, 0, 0, 3, 1, 3, 1, 3, 0, 3, 3]",11,1.485884101040119
La_Liga,2003,Sociedad,"[1, 1, 3, 3, 0, 1, 0, 3, 0, 1, 0, 0, 1, 1, 0, 0, 0, 3, 3, 3, 3, 3, 0, 1, 0, 0, 1, 3, 0, 0, 1, 3, 1, 0, 1, 1, 1, 3]","[1, 1, 3, 3, 0, 1, 0, 3, 0, 1, 0, 0, 1, 1, 0, 0, 0, 3, 3, 3, 3, 3, 0, 1, 0, 0, 1, 3, 0, 0, 1, 3, 1, 0, 1, 1, 1, 3]",16,4.405286343612334
La_Liga,2003,Valencia,"[1, 3, 3, 3, 3, 3, 3, 0, 1, 3, 0, 1, 3, 1, 3, 3, 3, 3, 3, 1, 0, 3, 3, 1, 0, 0, 3, 3, 3, 3, 3, 3, 1, 1, 3, 3, 0, 0]","[1, 3, 3, 3, 3, 3, 3, 0, 1, 3, 0, 1, 3, 1, 3, 3, 3, 3, 3, 1, 0, 3, 3, 1, 0, 0, 3, 3, 3, 3, 3, 3, 1, 1, 3, 3, 0, 0]",2,27.77777777777778
La_Liga,2003,Valladolid,"[1, 3, 0, 3, 0, 0, 0, 3, 1, 3, 1, 3, 1, 1, 0, 1, 3, 1, 0, 1, 3, 0, 0, 0, 0, 0, 3, 3, 0, 1, 0, 0, 1, 0, 0, 1, 0, 3]","[1, 3, 0, 3, 0, 0, 0, 3, 1, 3, 1, 3, 1, 1, 0, 1, 3, 1, 0, 1, 3, 0, 0, 0, 0, 0, 3, 3, 0, 1, 0, 0, 1, 0, 0, 1, 0, 3]",17,20.833333333333332
La_Liga,2003,Villarreal,"[1, 1, 3, 1, 3, 1, 0, 1, 0, 3, 0, 3, 3, 0, 1, 3, 3, 0, 3, 3, 0, 0, 0, 3, 0, 0, 0, 3, 0, 1, 1, 0, 3, 3, 1, 3, 3, 0]","[1, 1, 3, 1, 3, 1, 0, 1, 0, 3, 0, 3, 3, 0, 1, 3, 3, 0, 3, 3, 0, 0, 0, 3, 0, 0, 0, 3, 0, 1, 1, 0, 3, 3, 1, 3, 3, 0]",18,5.524861878453039
La_Liga,2003,Zaragoza,"[0, 0, 3, 0, 0, 1, 3, 0, 1, 3, 1, 3, 0, 1, 0, 0, 3, 1, 0, 0, 0, 0, 3, 0, 3, 3, 3, 1, 1, 3, 1, 0, 0, 1, 0, 3, 3, 3]","[0, 0, 3, 0, 0, 1, 3, 0, 1, 3, 1, 3, 0, 1, 0, 0, 3, 1, 0, 0, 0, 0, 3, 0, 3, 3, 3, 1, 1, 3, 1, 0, 0, 1, 0, 3, 3, 3]",8,1.466275659824047
La_Liga,2004,Albacete,"[0, 0, 0, 1, 1, 3, 0, 3, 1, 1, 0, 0, 1, 1, 3, 1, 0, 0, 0, 1, 0, 0, 0, 0, 3, 0, 1, 0]","[0, 0, 0, 1, 1, 3, 0, 3, 1, 1, 0, 0, 1, 1, 3, 1, 0, 0, 0, 1, 0, 0, 0, 0, 3, 0, 1, 0]",12,11.494252873563218
La_Liga,2004,Ath Bilbao,"[1, 1, 0, 0, 3, 0, 3, 0, 1, 0, 0, 3, 3, 3, 1, 1, 3, 0, 0, 3, 0, 1, 3, 0, 0, 0]","[1, 1, 0, 0, 3, 0, 3, 0, 1, 0, 0, 3, 3, 3, 1, 1, 3, 0, 0, 3, 0, 1, 3, 0, 0, 0]",3,11.494252873563218
La_Liga,2004,Ath Madrid,"[3, 3, 1, 0, 3, 0, 3, 0, 1, 1, 3, 0, 3, 0, 0, 1, 0, 3, 0, 3, 3, 0, 1, 0, 0, 1, 1]","[3, 3, 1, 0, 3, 0, 3, 0, 1, 1, 3, 0, 3, 0, 0, 1, 0, 3, 0, 3, 3, 0, 1, 0, 0, 1, 1]",6,14.084507042253522
La_Liga,2004,Barcelona,"[3, 3, 1, 3, 3, 3, 3, 3, 1, 3, 3, 3, 1, 3, 0, 3, 3, 3, 1, 1, 3, 3, 3, 3, 1, 1, 1]","[3, 3, 1, 3, 3, 3, 3, 3, 1, 3, 3, 3, 1, 3, 0, 3, 3, 3, 1, 1, 3, 3, 3, 3, 1, 1, 1]",3,28.571428571428573
La_Liga,2004,Betis,"[1, 0, 0, 3, 1, 1, 1, 3, 1, 1, 0, 3, 0, 3, 0, 3, 3, 1, 0, 0, 3, 0, 1, 3, 3, 3, 1]","[1, 0, 0, 3, 1, 1, 1, 3, 1, 1, 0, 3, 0, 3, 0, 3, 3, 1, 0, 0, 3, 0, 1, 3, 3, 3, 1]",1,1.6051364365971108
La_Liga,2004,Espanol,"[1, 3, 3, 0, 3, 0, 0, 3, 1, 3, 3, 1, 0, 3, 1, 0, 1, 3, 1, 0, 1, 3, 0, 3, 1, 1, 3]","[1, 3, 3, 0, 3, 0, 0, 3, 1, 3, 3, 1, 0, 3, 1, 0, 1, 3, 1, 0, 1, 3, 0, 3, 1, 1, 3]",13,3.1446540880503147
La_Liga,2004,Getafe,"[0, 0, 0, 3, 0, 3, 0, 0, 0, 3, 1, 0, 1, 3, 1, 1, 3, 0, 1, 3, 3, 3, 0, 3, 0, 1, 1]","[0, 0, 0, 3, 0, 3, 0, 0, 0, 3, 1, 0, 1, 3, 1, 1, 3, 0, 1, 3, 3, 3, 0, 3, 0, 1, 1]",3,3.952569169960474
La_Liga,2004,La Coruna,"[1, 0, 3, 0, 1, 3, 3, 1, 1, 0, 1, 1, 0, 0, 1, 1, 3, 1, 3, 1, 3, 0, 0, 0, 3, 1, 0, 1]","[1, 0, 3, 0, 1, 3, 3, 1, 1, 0, 1, 1, 0, 0, 1, 1, 3, 1, 3, 1, 3, 0, 0, 0, 3, 1, 0, 1]",7,5.9880239520958085
La_Liga,2004,Levante,"[1, 3, 0, 3, 0, 3, 3, 0, 3, 3, 0, 1, 0, 1, 0, 0, 0, 3, 1, 3, 1, 3, 0, 0, 0, 0, 1, 1, 0]","[1, 3, 0, 3, 0, 3, 3, 0, 3, 3, 0, 1, 0, 1, 0, 0, 0, 3, 1, 3, 1, 3, 0, 0, 0, 0, 1, 1, 0]",7,43.47826086956522
La_Liga,2004,Malaga,"[0, 1, 3, 3, 0, 3, 0, 1, 1, 0, 3, 0, 0, 0, 3, 3, 3, 3, 0, 0, 3, 0, 3, 3, 3]","[0, 1, 3, 3, 0, 3, 0, 1, 1, 0, 3, 0, 0, 0, 3, 3, 3, 3, 0, 0, 3, 0, 3, 3, 3]",7,1.466275659824047
La_Liga,2004,Mallorca,"[0, 3, 0, 1, 0, 0, 1, 0, 0, 0, 3, 0, 0, 0, 1, 0, 0, 3, 0, 0, 0, 3, 3, 1, 3, 3, 1]","[0, 3, 0, 1, 0, 0, 1, 0, 0, 0, 3, 0, 0, 0, 1, 0, 0, 3, 0, 0, 0, 3, 3, 1, 3, 3, 1]",1,1.3477088948787062
La_Liga,2004,Numancia,"[1, 0, 3, 0, 1, 0, 0, 0, 0, 0, 0, 1, 0, 1, 1, 0, 0, 1, 1, 0, 0, 0, 1, 0, 1, 3, 1]","[1, 0, 3, 0, 1, 0, 0, 0, 0, 0, 0, 1, 0, 1, 1, 0, 0, 1, 1, 0, 0, 0, 1, 0, 1, 3, 1]",12,1.3774104683195592
La_Liga,2004,Osasuna,"[1, 3, 3, 0, 3, 0, 3, 0, 0, 3, 0, 1, 3, 3, 0, 1, 0, 1, 0, 1, 0, 3, 3, 0, 1, 1, 1, 0]","[1, 3, 3, 0, 3, 0, 3, 0, 0, 3, 0, 1, 3, 3, 0, 1, 0, 1, 0, 1, 0, 3, 3, 0, 1, 1, 1, 0]",14,15.151515151515152
La_Liga,2004,Real Madrid,"[3, 3, 0, 3, 0, 0, 1, 3, 3, 3, 1, 3, 0, 3, 3, 3, 3, 3, 0, 3, 0, 3, 3, 3, 3, 1, 1, 3]","[3, 3, 0, 3, 0, 0, 1, 3, 3, 3, 1, 3, 0, 3, 3, 3, 3, 3, 0, 3, 0, 3, 3, 3, 3, 1, 1, 3]",3,3.663003663003663
La_Liga,2004,Santander,"[0, 0, 1, 3, 0, 1, 0, 3, 3, 1, 0, 0, 0, 3, 1, 0, 1, 1, 3, 3, 3, 1, 0, 3, 0, 3]","[0, 0, 1, 3, 0, 1, 0, 3, 3, 1, 0, 0, 0, 3, 1, 0, 1, 1, 3, 3, 3, 1, 0, 3, 0, 3]",5,1.4705882352941178
La_Liga,2004,Sevilla,"[3, 0, 3, 1, 3, 1, 3, 3, 0, 0, 3, 1, 3, 3, 1, 0, 3, 0, 1, 0, 3, 3, 3, 0, 1, 1, 0]","[3, 0, 3, 1, 3, 1, 3, 3, 0, 0, 3, 1, 3, 3, 1, 0, 3, 0, 1, 0, 3, 3, 3, 0, 1, 1, 0]",4,18.867924528301888
La_Liga,2004,Sociedad,"[1, 1, 0, 0, 0, 3, 0, 3, 3, 3, 1, 3, 0, 0, 0, 0, 0, 3, 1, 3, 0, 0, 0, 1, 1]","[1, 1, 0, 0, 0, 3, 0, 3, 3, 3, 1, 3, 0, 0, 0, 0, 0, 3, 1, 3, 0, 0, 0, 1, 1]",5,7.575757575757576
La_Liga,2004,Valencia,"[3, 1, 3, 3, 3, 1, 0, 0, 1, 0, 3, 3, 3, 1, 3, 3, 1, 0, 3, 0, 3, 1, 0, 1, 1, 3]","[3, 1, 3, 3, 3, 1, 0, 0, 1, 0, 3, 3, 3, 1, 3, 3, 1, 0, 3, 0, 3, 1, 0, 1, 1, 3]",10,6.7114093959731544
La_Liga,2004,Villarreal,"[0, 1, 1, 1, 0, 3, 1, 3, 1, 1, 3, 3, 1, 3, 3, 3, 3, 0, 3, 0, 0, 3, 3, 3, 1, 3]","[0, 1, 1, 1, 0, 3, 1, 3, 1, 1, 3, 3, 1, 3, 3, 3, 3, 0, 3, 0, 0, 3, 3, 3, 1, 3]",9,1.9880715705765408
La_Liga,2004,Zaragoza,"[3, 1, 3, 0, 3, 0, 3, 0, 3, 1, 0, 1, 0, 3, 3, 0, 0, 3, 3, 0, 3, 0, 1, 0, 0]","[3, 1, 3, 0, 3, 0, 3, 0, 3, 1, 0, 1, 0, 3, 3, 0, 0, 3, 3, 0, 3, 0, 1, 0, 0]",4,11.764705882352942
La_Liga,2005,Alaves,"[1, 0, 0, 1, 0, 3, 1, 0, 1, 1, 0, 3, 0, 0, 1, 0, 0, 0, 3, 0, 3, 1, 3, 0, 1, 0, 3, 1, 3, 1, 1, 0, 1, 0, 0, 3, 0, 3]","[1, 0, 0, 1, 0, 3, 1, 0, 1, 1, 0, 3, 0, 0, 1, 0, 0, 0, 3, 0, 3, 1, 3, 0, 1, 0, 3, 1, 3, 1, 1, 0, 1, 0, 0, 3, 0, 3]",7,1.845018450184502
La_Liga,2005,Ath Bilbao,"[3, 1, 0, 0, 1, 0, 0, 0, 0, 1, 1, 0, 3, 1, 1, 3, 0, 0, 0, 1, 3, 0, 0, 3, 1, 0, 3, 3, 1, 3, 1, 1, 0, 0, 1, 3, 3, 3]","[3, 1, 0, 0, 1, 0, 0, 0, 0, 1, 1, 0, 3, 1, 1, 3, 0, 0, 0, 1, 3, 0, 0, 3, 1, 0, 3, 3, 1, 3, 1, 1, 0, 0, 1, 3, 3, 3]",8,1.1682242990654206
La_Liga,2005,Ath Madrid,"[1, 0, 3, 0, 0, 3, 0, 3, 3, 1, 1, 0, 1, 1, 1, 1, 0, 1, 0, 3, 3, 3, 3, 3, 3, 0, 3, 1, 0, 1, 0, 1, 3, 3, 0, 0, 1, 1]","[1, 0, 3, 0, 0, 3, 0, 3, 3, 1, 1, 0, 1, 1, 1, 1, 0, 1, 0, 3, 3, 3, 3, 3, 3, 0, 3, 1, 0, 1, 0, 1, 3, 3, 0, 0, 1, 1]",4,7.518796992481203
La_Liga,2005,Barcelona,"[1, 3, 0, 1, 3, 1, 1, 3, 3, 3, 3, 3, 3, 3, 3, 3, 3, 3, 3, 3, 3, 0, 0, 3, 3, 3, 0, 3, 3, 1, 1, 1, 3, 3, 3, 3, 0, 0]","[1, 3, 0, 1, 3, 1, 1, 3, 3, 3, 3, 3, 3, 3, 3, 3, 3, 3, 3, 3, 3, 0, 0, 3, 3, 3, 0, 3, 3, 1, 1, 1, 3, 3, 3, 3, 0, 0]",2,46.75081813931744
La_Liga,2005,Betis,"[0, 3, 1, 1, 0, 1, 3, 0, 0, 0, 1, 0, 1, 0, 1, 0, 3, 1, 3, 0, 3, 0, 0, 0, 3, 0, 1, 1, 3, 3, 3, 1, 0, 0, 1, 0, 3, 1]","[0, 3, 1, 1, 0, 1, 3, 0, 0, 0, 1, 0, 1, 0, 1, 0, 3, 1, 3, 0, 3, 0, 0, 0, 3, 0, 1, 1, 3, 3, 3, 1, 0, 0, 1, 0, 3, 1]",7,2.9761904761904763
La_Liga,2005,Cadiz,"[0, 3, 1, 1, 0, 1, 3, 3, 0, 1, 0, 0, 1, 0, 0, 0, 0, 3, 3, 0, 1, 1, 0, 0, 0, 3, 0, 1, 0, 1, 0, 1, 3, 1, 0, 1, 0, 3]","[0, 3, 1, 1, 0, 1, 3, 3, 0, 1, 0, 0, 1, 0, 0, 0, 0, 3, 3, 0, 1, 1, 0, 0, 0, 3, 0, 1, 0, 1, 0, 1, 3, 1, 0, 1, 0, 3]",19,2.6455026455026456
La_Liga,2005,Celta,"[3, 3, 0, 3, 3, 1, 0, 3, 0, 1, 3, 3, 0, 3, 0, 0, 0, 3, 1, 3, 0, 3, 3, 0, 3, 3, 0, 0, 0, 3, 3, 0, 3, 3, 3, 0, 1, 3]","[3, 3, 0, 3, 3, 1, 0, 3, 0, 1, 3, 3, 0, 3, 0, 0, 0, 3, 1, 3, 0, 3, 3, 0, 3, 3, 0, 0, 0, 3, 3, 0, 3, 3, 3, 0, 1, 3]",12,2.3529411764705883
La_Liga,2005,Espanol,"[0, 3, 3, 0, 0, 1, 0, 0, 1, 0, 1, 3, 1, 0, 1, 1, 3, 0, 3, 0, 3, 0, 0, 0, 3, 0, 3, 0, 1, 1, 1, 1, 0, 3, 1, 0, 0, 3]","[0, 3, 3, 0, 0, 1, 0, 0, 1, 0, 1, 3, 1, 0, 1, 1, 3, 0, 3, 0, 3, 0, 0, 0, 3, 0, 3, 0, 1, 1, 1, 1, 0, 3, 1, 0, 0, 3]",17,2.386634844868735
La_Liga,2005,Getafe,"[3, 1, 3, 1, 3, 3, 0, 3, 0, 0, 0, 1, 3, 0, 0, 0, 3, 0, 1, 3, 0, 1, 1, 0, 1, 3, 3, 0, 0, 3, 3, 3, 1, 3, 1, 0, 3, 0]","[3, 1, 3, 1, 3, 3, 0, 3, 0, 0, 0, 1, 3, 0, 0, 0, 3, 0, 1, 3, 0, 1, 1, 0, 1, 3, 3, 0, 0, 3, 3, 3, 1, 3, 1, 0, 3, 0]",1,2.9154518950437316
La_Liga,2005,La Coruna,"[3, 3, 1, 1, 1, 0, 1, 0, 3, 3, 1, 3, 0, 3, 3, 3, 0, 3, 0, 1, 0, 0, 3, 1, 3, 0, 0, 3, 3, 0, 3, 1, 1, 1, 0, 3, 0, 0]","[3, 3, 1, 1, 1, 0, 1, 0, 3, 3, 1, 3, 0, 3, 3, 3, 0, 3, 0, 1, 0, 0, 3, 1, 3, 0, 0, 3, 3, 0, 3, 1, 1, 1, 0, 3, 0, 0]",2,11.904761904761905
La_Liga,2005,Malaga,"[0, 0, 3, 1, 3, 0, 0, 3, 0, 1, 1, 3, 0, 0, 0, 1, 1, 0, 0, 0, 0, 3, 0, 0, 0, 1, 1, 0, 0, 1, 0, 0, 1, 0, 0, 0, 0, 0]","[0, 0, 3, 1, 3, 0, 0, 3, 0, 1, 1, 3, 0, 0, 0, 1, 1, 0, 0, 0, 0, 3, 0, 0, 0, 1, 1, 0, 0, 1, 0, 0, 1, 0, 0, 0, 0, 0]",16,29.41176470588235
La_Liga,2005,Mallorca,"[0, 0, 3, 1, 0, 0, 1, 0, 3, 1, 3, 0, 0, 3, 0, 1, 0, 1, 0, 1, 0, 0, 1, 3, 3, 1, 1, 1, 3, 0, 1, 1, 1, 0, 3, 3, 0, 3]","[0, 0, 3, 1, 0, 0, 1, 0, 3, 1, 3, 0, 0, 3, 0, 1, 0, 1, 0, 1, 0, 0, 1, 3, 3, 1, 1, 1, 3, 0, 1, 1, 1, 0, 3, 3, 0, 3]",2,1.3368983957219251
La_Liga,2005,Osasuna,"[3, 0, 3, 0, 3, 3, 3, 0, 3, 3, 3, 1, 3, 3, 3, 1, 3, 1, 0, 0, 0, 3, 1, 3, 0, 0, 3, 3, 3, 0, 0, 3, 1, 3, 0, 3, 0, 3]","[3, 0, 3, 0, 3, 3, 3, 0, 3, 3, 3, 1, 3, 3, 3, 1, 3, 1, 0, 0, 0, 3, 1, 3, 0, 0, 3, 3, 3, 0, 0, 3, 1, 3, 0, 3, 0, 3]",19,7.575757575757576
La_Liga,2005,Real Madrid,"[3, 0, 0, 3, 3, 3, 3, 0, 0, 3, 3, 0, 1, 3, 3, 1, 0, 1, 3, 3, 3, 3, 3, 3, 0, 3, 1, 1, 1, 3, 1, 1, 1, 3, 3, 3, 1, 0]","[3, 0, 0, 3, 3, 3, 3, 0, 0, 3, 3, 0, 1, 3, 3, 1, 0, 1, 3, 3, 3, 3, 3, 3, 0, 3, 1, 1, 1, 3, 1, 1, 1, 3, 3, 3, 1, 0]",2,6.289308176100629
La_Liga,2005,Santander,"[0, 0, 3, 3, 1, 0, 1, 0, 1, 1, 1, 0, 0, 1, 3, 1, 3, 1, 3, 0, 1, 0, 3, 0, 1, 1, 0, 3, 0, 1, 0, 1, 0, 0, 3, 0, 3, 0]","[0, 0, 3, 3, 1, 0, 1, 0, 1, 1, 1, 0, 0, 1, 3, 1, 3, 1, 3, 0, 1, 0, 3, 0, 1, 1, 0, 3, 0, 1, 0, 1, 0, 0, 3, 0, 3, 0]",19,4.132231404958677
La_Liga,2005,Sevilla,"[3, 1, 0, 1, 0, 1, 3, 3, 3, 1, 1, 3, 3, 0, 0, 3, 0, 3, 0, 3, 3, 0, 3, 3, 0, 3, 0, 1, 3, 3, 0, 1, 1, 3, 3, 3, 3, 3]","[3, 1, 0, 1, 0, 1, 3, 3, 3, 1, 1, 3, 3, 0, 0, 3, 0, 3, 0, 3, 3, 0, 3, 3, 0, 3, 0, 1, 3, 3, 0, 1, 1, 3, 3, 3, 3, 3]",14,1.3966480446927374
La_Liga,2005,Sociedad,"[0, 3, 0, 3, 0, 1, 3, 3, 3, 0, 0, 0, 1, 1, 0, 0, 3, 0, 0, 1, 0, 3, 0, 0, 0, 0, 3, 0, 0, 0, 3, 1, 3, 3, 0, 1, 1, 0]","[0, 3, 0, 3, 0, 1, 3, 3, 3, 0, 0, 0, 1, 1, 0, 0, 3, 0, 0, 1, 0, 3, 0, 0, 0, 0, 3, 0, 0, 0, 3, 1, 3, 3, 0, 1, 1, 0]",4,4.310344827586207
La_Liga,2005,Valencia,"[3, 1, 1, 1, 3, 0, 3, 3, 0, 1, 0, 3, 3, 3, 1, 3, 3, 1, 3, 3, 1, 3, 3, 3, 1, 1, 1, 0, 1, 0, 3, 3, 3, 3, 3, 0, 1, 0]","[3, 1, 1, 1, 3, 0, 3, 3, 0, 1, 0, 3, 3, 3, 1, 3, 3, 1, 3, 3, 1, 3, 3, 3, 1, 1, 1, 0, 1, 0, 3, 3, 3, 3, 3, 0, 1, 0]",3,27.77777777777778
La_Liga,2005,Villarreal,"[0, 1, 1, 0, 3, 3, 1, 3, 3, 1, 3, 1, 3, 0, 3, 3, 1, 1, 0, 3, 0, 1, 0, 3, 1, 3, 1, 1, 1, 0, 3, 1, 0, 0, 1, 3, 1, 3]","[0, 1, 1, 0, 3, 3, 1, 3, 3, 1, 3, 1, 3, 0, 3, 3, 1, 1, 0, 3, 0, 1, 0, 3, 1, 3, 1, 1, 1, 0, 3, 1, 0, 0, 1, 3, 1, 3]",18,6.172839506172839
La_Liga,2005,Zaragoza,"[1, 1, 1, 3, 1, 1, 0, 0, 1, 1, 0, 1, 0, 3, 3, 1, 3, 3, 3, 0, 1, 3, 1, 1, 0, 3, 0, 3, 1, 1, 0, 1, 0, 0, 1, 0, 3, 0]","[1, 1, 1, 3, 1, 1, 0, 0, 1, 1, 0, 1, 0, 3, 3, 1, 3, 3, 3, 0, 1, 3, 1, 1, 0, 3, 0, 3, 1, 1, 0, 1, 0, 0, 1, 0, 3, 0]",10,14.705882352941176
La_Liga,2007,Almeria,"[3, 0, 0, 1, 3, 0, 1, 3, 0, 0, 0, 1, 1, 3, 3, 0, 0, 1, 3, 3, 3, 3, 1, 3, 0, 1, 0, 1, 1, 3, 0, 3, 3, 0, 1, 0, 0, 3]","[3, 0, 0, 1, 3, 0, 1, 3, 0, 0, 0, 1, 1, 3, 3, 0, 0, 1, 3, 3, 3, 3, 1, 3, 0, 1, 0, 1, 1, 3, 0, 3, 3, 0, 1, 0, 0, 3]",5,4.8076923076923075
La_Liga,2007,Ath Bilbao,"[1, 0, 1, 3, 0, 0, 1, 3, 1, 0, 3, 0, 1, 3, 0, 1, 1, 0, 3, 0, 1, 0, 3, 3, 0, 1, 3, 3, 3, 1, 3, 0, 3, 0, 0, 3, 1, 0]","[1, 0, 1, 3, 0, 0, 1, 3, 1, 0, 3, 0, 1, 3, 0, 1, 1, 0, 3, 0, 1, 0, 3, 3, 0, 1, 3, 3, 3, 1, 3, 0, 3, 0, 0, 3, 1, 0]",5,4.566210045662101
La_Liga,2007,Ath Madrid,"[0, 1, 1, 3, 3, 3, 0, 3, 3, 3, 0, 1, 3, 3, 3, 1, 0, 3, 3, 0, 0, 1, 3, 0, 0, 3, 0, 3, 3, 0, 3, 1, 0, 1, 3, 3, 3, 0]","[0, 1, 1, 3, 3, 3, 0, 3, 3, 3, 0, 1, 3, 3, 3, 1, 0, 3, 3, 0, 0, 1, 3, 0, 0, 3, 0, 3, 3, 0, 3, 1, 0, 1, 3, 3, 3, 0]",19,6.944444444444445
La_Liga,2007,Barcelona,"[1, 3, 1, 3, 3, 3, 3, 0, 3, 1, 3, 0, 3, 1, 3, 3, 0, 3, 3, 3, 1, 3, 1, 3, 3, 0, 0, 1, 3, 0, 1, 1, 1, 0, 3, 0, 0, 3]","[1, 3, 1, 3, 3, 3, 3, 0, 3, 1, 3, 0, 3, 1, 3, 3, 0, 3, 3, 3, 1, 3, 1, 3, 3, 0, 0, 1, 3, 0, 1, 1, 1, 0, 3, 0, 0, 3]",13,145.5604075691412
La_Liga,2007,Betis,"[1, 1, 0, 0, 0, 3, 1, 1, 1, 0, 0, 3, 0, 0, 3, 3, 1, 0, 3, 1, 3, 0, 0, 3, 1, 3, 0, 0, 3, 3, 3, 0, 3, 0, 1, 1, 0, 1]","[1, 1, 0, 0, 0, 3, 1, 1, 1, 0, 0, 3, 0, 0, 3, 3, 1, 0, 3, 1, 3, 0, 0, 3, 1, 3, 0, 0, 3, 3, 3, 0, 3, 0, 1, 1, 0, 1]",5,6.451612903225806
La_Liga,2007,Espanol,"[0, 1, 3, 0, 3, 3, 3, 3, 1, 1, 1, 3, 3, 1, 1, 3, 3, 3, 0, 0, 0, 3, 0, 0, 0, 3, 0, 3, 0, 0, 0, 0, 1, 1, 1, 0, 0, 0]","[0, 1, 3, 0, 3, 3, 3, 3, 1, 1, 1, 3, 3, 1, 1, 3, 3, 3, 0, 0, 0, 3, 0, 0, 0, 3, 0, 3, 0, 0, 0, 0, 1, 1, 1, 0, 0, 0]",19,450.45045045045043
La_Liga,2007,Getafe,"[0, 1, 0, 1, 0, 0, 0, 3, 0, 3, 3, 3, 1, 3, 0, 0, 3, 0, 0, 3, 3, 0, 1, 1, 3, 1, 3, 3, 0, 0, 1, 1, 0, 1, 0, 3, 1, 1]","[0, 1, 0, 1, 0, 0, 0, 3, 0, 3, 3, 3, 1, 3, 0, 0, 3, 0, 0, 3, 3, 0, 1, 1, 3, 1, 3, 3, 0, 0, 1, 1, 0, 1, 0, 3, 1, 1]",10,8.130081300813009
La_Liga,2007,La Coruna,"[0, 1, 3, 1, 0, 0, 3, 0, 0, 1, 3, 0, 1, 0, 0, 1, 3, 0, 0, 0, 3, 3, 1, 0, 3, 3, 1, 3, 0, 3, 3, 3, 3, 3, 0, 3, 0, 0]","[0, 1, 3, 1, 0, 0, 3, 0, 0, 1, 3, 0, 1, 0, 0, 1, 3, 0, 0, 0, 3, 3, 1, 0, 3, 3, 1, 3, 0, 3, 3, 3, 3, 3, 0, 3, 0, 0]",2,6.211180124223603
La_Liga,2007,Levante,"[0, 1, 0, 0, 0, 0, 0, 0, 0, 0, 3, 0, 3, 0, 0, 0, 0, 1, 0, 1, 3, 1, 0, 3, 0, 3, 0, 0, 0, 0, 0, 3, 3, 0, 1, 0, 0, 0]","[0, 1, 0, 0, 0, 0, 0, 0, 0, 0, 3, 0, 3, 0, 0, 0, 0, 1, 0, 1, 3, 1, 0, 3, 0, 3, 0, 0, 0, 0, 0, 3, 3, 0, 1, 0, 0, 0]",5,3.7313432835820897
La_Liga,2007,Mallorca,"[3, 1, 0, 1, 3, 0, 3, 3, 1, 1, 0, 0, 3, 1, 0, 1, 0, 0, 1, 1, 3, 1, 1, 1, 1, 1, 3, 0, 3, 3, 1, 0, 3, 3, 3, 3, 3, 3]","[3, 1, 0, 1, 3, 0, 3, 3, 1, 1, 0, 0, 3, 1, 0, 1, 0, 0, 1, 1, 3, 1, 1, 1, 1, 1, 3, 0, 3, 3, 1, 0, 3, 3, 3, 3, 3, 3]",17,1.02880658436214
La_Liga,2007,Murcia,"[3, 1, 1, 0, 0, 3, 1, 0, 3, 1, 0, 0, 1, 1, 0, 3, 1, 3, 0, 0, 0, 1, 0, 0, 0, 0, 0, 0, 3, 0, 3, 0, 0, 1, 0, 0, 0, 0]","[3, 1, 1, 0, 0, 3, 1, 0, 3, 1, 0, 0, 1, 1, 0, 3, 1, 3, 0, 0, 0, 1, 0, 0, 0, 0, 0, 0, 3, 0, 3, 0, 0, 1, 0, 0, 0, 0]",19,29.41176470588235
La_Liga,2007,Osasuna,"[1, 1, 0, 3, 0, 3, 0, 1, 3, 0, 0, 0, 3, 1, 1, 0, 3, 0, 0, 3, 0, 0, 3, 0, 3, 1, 3, 1, 0, 3, 0, 3, 0, 0, 0, 0, 3, 0]","[1, 1, 0, 3, 0, 3, 0, 1, 3, 0, 0, 0, 3, 1, 1, 0, 3, 0, 0, 3, 0, 0, 3, 0, 3, 1, 3, 1, 0, 3, 0, 3, 0, 0, 0, 0, 3, 0]",6,8.130081300813009
La_Liga,2007,Real Madrid,"[3, 3, 3, 1, 3, 3, 3, 0, 3, 3, 0, 3, 1, 3, 3, 3, 3, 3, 3, 3, 3, 0, 3, 0, 0, 3, 3, 0, 0, 3, 1, 3, 3, 3, 3, 3, 1, 3]","[3, 3, 3, 1, 3, 3, 3, 0, 3, 3, 0, 3, 1, 3, 3, 3, 3, 3, 3, 3, 3, 0, 3, 0, 0, 3, 3, 0, 0, 3, 1, 3, 3, 3, 3, 3, 1, 3]",17,12.195121951219512
La_Liga,2007,Recreativo,"[1, 1, 0, 3, 3, 0, 0, 0, 0, 1, 0, 3, 0, 3, 3, 1, 1, 1, 0, 1, 0, 0, 3, 3, 1, 0, 0, 3, 0, 1, 3, 1, 0, 3, 0, 0, 3, 1]","[1, 1, 0, 3, 3, 0, 0, 0, 0, 1, 0, 3, 0, 3, 3, 1, 1, 1, 0, 1, 0, 0, 3, 3, 1, 0, 0, 3, 0, 1, 3, 1, 0, 3, 0, 0, 3, 1]",4,1.9193857965451055
La_Liga,2007,Santander,"[1, 1, 3, 0, 0, 3, 3, 1, 3, 1, 1, 3, 3, 0, 3, 0, 0, 3, 3, 0, 1, 1, 0, 1, 3, 3, 3, 0, 3, 3, 0, 3, 0, 0, 3, 0, 1, 3]","[1, 1, 3, 0, 0, 3, 3, 1, 3, 1, 1, 3, 3, 0, 3, 0, 0, 3, 3, 0, 1, 1, 0, 1, 3, 3, 3, 0, 3, 3, 0, 3, 0, 0, 3, 0, 1, 3]",6,3.508771929824561
La_Liga,2007,Sevilla,"[3, 3, 0, 0, 0, 0, 3, 3, 0, 3, 0, 0, 0, 1, 3, 1, 3, 3, 0, 0, 3, 3, 1, 3, 3, 0, 3, 3, 0, 0, 3, 3, 0, 1, 3, 3, 3, 3]","[3, 3, 0, 0, 0, 0, 3, 3, 0, 3, 0, 0, 0, 1, 3, 1, 3, 3, 0, 0, 3, 3, 1, 3, 3, 0, 3, 3, 0, 0, 3, 3, 0, 1, 3, 3, 3, 3]",10,1.3175230566534915
La_Liga,2007,Valencia,"[0, 3, 3, 3, 3, 3, 0, 3, 0, 0, 3, 3, 0, 0, 1, 0, 1, 1, 0, 0, 0, 3, 3, 1, 1, 0, 1, 0, 3, 0, 0, 0, 0, 3, 0, 3, 3, 3]","[0, 3, 3, 3, 3, 3, 0, 3, 0, 0, 3, 3, 0, 0, 1, 0, 1, 1, 0, 0, 0, 3, 3, 1, 1, 0, 1, 0, 3, 0, 0, 0, 0, 3, 0, 3, 3, 3]",15,2.770083102493075
La_Liga,2007,Valladolid,"[3, 1, 0, 1, 0, 0, 0, 0, 1, 1, 3, 3, 0, 3, 0, 1, 1, 3, 3, 3, 0, 0, 0, 1, 3, 0, 0, 1, 0, 3, 3, 1, 0, 3, 0, 1, 1, 1]","[3, 1, 0, 1, 0, 0, 0, 0, 1, 1, 3, 3, 0, 3, 0, 1, 1, 3, 3, 3, 0, 0, 0, 1, 3, 0, 0, 1, 0, 3, 3, 1, 0, 3, 0, 1, 1, 1]",18,4.587155963302752
La_Liga,2007,Villarreal,"[3, 0, 3, 3, 3, 3, 0, 3, 0, 3, 3, 3, 1, 0, 0, 3, 1, 0, 3, 3, 0, 1, 3, 1, 3, 1, 3, 3, 3, 3, 0, 0, 3, 3, 3, 3, 3, 3]","[3, 0, 3, 3, 3, 3, 0, 3, 0, 3, 3, 3, 1, 0, 0, 3, 1, 0, 3, 3, 0, 1, 3, 1, 3, 1, 3, 3, 3, 3, 0, 0, 3, 3, 3, 3, 3, 3]",8,1.3477088948787062
La_Liga,2007,Zaragoza,"[0, 1, 1, 3, 0, 3, 3, 0, 3, 3, 0, 0, 1, 0, 1, 1, 1, 0, 1, 3, 1, 3, 0, 0, 0, 0, 3, 0, 1, 0, 0, 1, 3, 1, 3, 0, 1, 0]","[0, 1, 1, 3, 0, 3, 3, 0, 3, 3, 0, 0, 1, 0, 1, 1, 1, 0, 1, 3, 1, 3, 0, 0, 0, 0, 3, 0, 1, 0, 0, 1, 3, 1, 3, 0, 1, 0]",16,6.993006993006993
La_Liga,2008,Almeria,"[3, 1, 3, 0, 3, 1, 0, 0, 1, 0, 3, 0, 0, 0, 1, 0, 3, 1, 1, 3, 0, 0, 3, 1, 3, 0, 0, 0, 3, 0, 3, 0, 3, 3, 3, 0, 0, 0]","[3, 1, 3, 0, 3, 1, 0, 0, 1, 0, 3, 0, 0, 0, 1, 0, 3, 1, 1, 3, 0, 0, 3, 1, 3, 0, 0, 0, 3, 0, 3, 0, 3, 3, 3, 0, 0, 0]",3,9.615384615384615
La_Liga,2008,Ath Bilbao,"[0, 1, 3, 1, 0, 0, 0, 0, 0, 1, 3, 0, 3, 1, 3, 3, 1, 3, 3, 0, 3, 0, 1, 1, 0, 0, 0, 0, 3, 0, 0, 3, 3, 1, 3, 0, 0, 0]","[0, 1, 3, 1, 0, 0, 0, 0, 0, 1, 3, 0, 3, 1, 3, 3, 1, 3, 3, 0, 3, 0, 1, 1, 0, 0, 0, 0, 3, 0, 0, 3, 3, 1, 3, 0, 0, 0]",3,11.363636363636363
La_Liga,2008,Ath Madrid,"[3, 0, 3, 3, 0, 0, 0, 1, 3, 1, 3, 1, 3, 3, 3, 3, 0, 0, 1, 1, 0, 3, 1, 0, 3, 1, 3, 0, 0, 3, 3, 0, 3, 3, 3, 3, 3, 3]","[3, 0, 3, 3, 0, 0, 0, 1, 3, 1, 3, 1, 3, 3, 3, 3, 0, 0, 1, 1, 0, 3, 1, 0, 3, 1, 3, 0, 0, 3, 3, 0, 3, 3, 3, 3, 3, 3]",19,1.3192612137203166
La_Liga,2008,Barcelona,"[0, 1, 3, 3, 3, 3, 3, 3, 3, 3, 3, 1, 3, 3, 3, 3, 3, 3, 3, 3, 3, 3, 1, 0, 0, 3, 3, 3, 3, 3, 3, 3, 1, 3, 1, 0, 0, 1]","[0, 1, 3, 3, 3, 3, 3, 3, 3, 3, 3, 1, 3, 3, 3, 3, 3, 3, 3, 3, 3, 3, 1, 0, 0, 3, 3, 3, 3, 3, 3, 3, 1, 3, 1, 0, 0, 1]",4,326.797385620915
La_Liga,2008,Betis,"[0, 1, 1, 0, 0, 0, 3, 3, 0, 3, 3, 3, 0, 1, 0, 0, 0, 0, 3, 0, 1, 3, 1, 0, 1, 1, 1, 1, 1, 3, 3, 0, 0, 0, 0, 3, 1, 1]","[0, 1, 1, 0, 0, 0, 3, 3, 0, 3, 3, 3, 0, 1, 0, 0, 0, 0, 3, 0, 1, 3, 1, 0, 1, 1, 1, 1, 1, 3, 3, 0, 0, 0, 0, 3, 1, 1]",7,4.25531914893617
La_Liga,2008,Espanol,"[3, 3, 1, 0, 0, 1, 1, 0, 3, 0, 0, 0, 0, 1, 0, 0, 1, 1, 0, 1, 1, 1, 0, 3, 0, 0, 1, 0, 3, 1, 3, 3, 3, 3, 0, 3, 3, 3]","[3, 3, 1, 0, 0, 1, 1, 0, 3, 0, 0, 0, 0, 1, 0, 0, 1, 1, 0, 1, 1, 1, 0, 3, 0, 0, 1, 0, 3, 1, 3, 3, 3, 3, 0, 3, 3, 3]",4,1.037344398340249
La_Liga,2008,Getafe,"[3, 1, 1, 0, 3, 1, 0, 3, 1, 0, 0, 1, 3, 1, 3, 0, 0, 0, 0, 3, 1, 1, 1, 1, 0, 0, 0, 3, 0, 3, 0, 0, 0, 0, 3, 1, 3, 1]","[3, 1, 1, 0, 3, 1, 0, 3, 1, 0, 0, 1, 3, 1, 3, 0, 0, 0, 0, 3, 1, 1, 1, 1, 0, 0, 0, 3, 0, 3, 0, 0, 0, 0, 3, 1, 3, 1]",18,2.770083102493075
La_Liga,2008,La Coruna,"[3, 0, 1, 1, 0, 3, 1, 0, 3, 3, 0, 3, 3, 3, 0, 3, 3, 0, 0, 0, 3, 1, 1, 1, 3, 3, 0, 1, 0, 0, 3, 3, 1, 3, 3, 1, 0, 1]","[3, 0, 1, 1, 0, 3, 1, 0, 3, 3, 0, 3, 3, 3, 0, 3, 3, 0, 0, 0, 3, 1, 1, 1, 3, 3, 0, 1, 0, 0, 3, 3, 1, 3, 3, 1, 0, 1]",3,5.813953488372093
La_Liga,2008,Malaga,"[0, 1, 0, 0, 3, 3, 3, 3, 0, 0, 1, 1, 3, 0, 3, 1, 3, 3, 3, 1, 0, 3, 1, 3, 0, 3, 1, 0, 0, 3, 1, 3, 1, 0, 3, 0, 1, 0]","[0, 1, 0, 0, 3, 3, 3, 3, 0, 0, 1, 1, 3, 0, 3, 1, 3, 3, 3, 1, 0, 3, 1, 3, 0, 3, 1, 0, 0, 3, 1, 3, 1, 0, 3, 0, 1, 0]",3,8.474576271186441
La_Liga,2008,Mallorca,"[0, 1, 1, 3, 3, 0, 0, 3, 0, 1, 0, 1, 0, 0, 0, 1, 0, 0, 0, 3, 0, 1, 3, 3, 3, 1, 1, 3, 0, 3, 1, 3, 3, 3, 0, 3, 3, 0]","[0, 1, 1, 3, 3, 0, 0, 3, 0, 1, 0, 1, 0, 0, 0, 1, 0, 0, 0, 3, 0, 1, 3, 3, 3, 1, 1, 3, 0, 3, 1, 3, 3, 3, 0, 3, 3, 0]",1,2.4630541871921183
La_Liga,2008,Numancia,"[3, 0, 0, 0, 1, 0, 0, 3, 0, 0, 3, 1, 0, 3, 0, 3, 0, 3, 0, 0, 0, 0, 0, 0, 0, 3, 0, 3, 1, 1, 0, 0, 0, 3, 1, 3, 0, 0]","[3, 0, 0, 0, 1, 0, 0, 3, 0, 0, 3, 1, 0, 3, 0, 3, 0, 3, 0, 0, 0, 0, 0, 0, 0, 3, 0, 3, 1, 1, 0, 0, 0, 3, 1, 3, 0, 0]",19,3.0211480362537766
La_Liga,2008,Osasuna,"[1, 1, 0, 1, 1, 0, 0, 0, 0, 1, 0, 3, 0, 1, 0, 3, 1, 0, 0, 1, 3, 3, 1, 3, 1, 0, 1, 3, 3, 3, 0, 0, 1, 0, 0, 1, 3, 3]","[1, 1, 0, 1, 1, 0, 0, 0, 0, 1, 0, 3, 0, 1, 0, 3, 1, 0, 0, 1, 3, 3, 1, 3, 1, 0, 1, 3, 3, 3, 0, 0, 1, 0, 0, 1, 3, 3]",8,2.202643171806167
La_Liga,2008,Real Madrid,"[0, 3, 3, 3, 3, 1, 3, 3, 1, 3, 0, 3, 0, 0, 0, 3, 3, 3, 3, 3, 3, 3, 3, 3, 3, 1, 3, 3, 3, 3, 3, 3, 3, 0, 0, 0, 0, 0]","[0, 3, 3, 3, 3, 1, 3, 3, 1, 3, 0, 3, 0, 0, 0, 3, 3, 3, 3, 3, 3, 3, 3, 3, 3, 1, 3, 3, 3, 3, 3, 3, 3, 0, 0, 0, 0, 0]",5,2127.659574468085
La_Liga,2008,Recreativo,"[3, 0, 0, 1, 0, 0, 1, 1, 1, 0, 0, 0, 0, 3, 3, 0, 3, 1, 3, 3, 1, 0, 1, 1, 3, 0, 1, 0, 0, 0, 0, 0, 0, 3, 0, 0, 0, 0]","[3, 0, 0, 1, 0, 0, 1, 1, 1, 0, 0, 0, 0, 3, 3, 0, 3, 1, 3, 3, 1, 0, 1, 1, 3, 0, 1, 0, 0, 0, 0, 0, 0, 3, 0, 0, 0, 0]",13,37.03703703703704
La_Liga,2008,Santander,"[1, 1, 0, 0, 0, 3, 1, 0, 3, 3, 0, 3, 0, 1, 1, 1, 3, 1, 3, 3, 0, 0, 1, 0, 1, 0, 3, 0, 3, 0, 0, 3, 0, 0, 0, 3, 3, 1]","[1, 1, 0, 0, 0, 3, 1, 0, 3, 3, 0, 3, 0, 1, 1, 1, 3, 1, 3, 3, 0, 0, 1, 0, 1, 0, 3, 0, 3, 0, 0, 3, 0, 0, 0, 3, 3, 1]",18,5.0761421319796955
La_Liga,2008,Sevilla,"[1, 3, 1, 3, 3, 3, 3, 0, 0, 3, 3, 1, 0, 3, 3, 1, 1, 3, 3, 0, 0, 0, 3, 3, 3, 3, 1, 3, 3, 0, 0, 0, 0, 3, 3, 1, 3, 3]","[1, 3, 1, 3, 3, 3, 3, 0, 0, 3, 3, 1, 0, 3, 3, 1, 1, 3, 3, 0, 0, 0, 3, 3, 3, 3, 1, 3, 3, 0, 0, 0, 0, 3, 3, 1, 3, 3]",9,5.291005291005291
La_Liga,2008,Sp Gijon,"[0, 0, 0, 0, 0, 3, 3, 3, 3, 0, 3, 0, 3, 0, 0, 3, 0, 3, 0, 0, 3, 0, 0, 0, 0, 3, 3, 0, 0, 0, 0, 0, 0, 1, 0, 3, 3, 3]","[0, 0, 0, 0, 0, 3, 3, 3, 3, 0, 3, 0, 3, 0, 0, 3, 0, 3, 0, 0, 3, 0, 0, 0, 0, 3, 3, 0, 0, 0, 0, 0, 0, 1, 0, 3, 3, 3]",17,3.401360544217687
La_Liga,2008,Valencia,"[3, 1, 3, 3, 3, 3, 3, 1, 0, 3, 0, 1, 3, 0, 3, 0, 3, 1, 0, 0, 3, 0, 1, 1, 0, 0, 1, 3, 3, 3, 3, 3, 1, 0, 3, 0, 0, 3]","[3, 1, 3, 3, 3, 3, 3, 1, 0, 3, 0, 1, 3, 0, 3, 0, 3, 1, 0, 0, 3, 0, 1, 1, 0, 0, 1, 3, 3, 3, 3, 3, 1, 0, 3, 0, 0, 3]",6,3.9840637450199203
La_Liga,2008,Valladolid,"[0, 3, 0, 3, 0, 0, 1, 0, 3, 0, 3, 3, 3, 1, 3, 0, 0, 0, 0, 1, 3, 3, 0, 0, 3, 3, 3, 0, 0, 0, 1, 0, 1, 0, 1, 0, 0, 1]","[0, 3, 0, 3, 0, 0, 1, 0, 3, 0, 3, 3, 3, 1, 3, 0, 0, 0, 0, 1, 3, 3, 0, 0, 3, 3, 3, 0, 0, 0, 1, 0, 1, 0, 1, 0, 0, 1]",11,76.51109410864575
La_Liga,2008,Villarreal,"[1, 3, 3, 3, 3, 3, 1, 1, 3, 3, 1, 0, 3, 1, 0, 0, 0, 1, 3, 1, 0, 3, 1, 3, 1, 3, 0, 3, 0, 0, 1, 3, 3, 0, 1, 3, 3, 3]","[1, 3, 3, 3, 3, 3, 1, 1, 3, 3, 1, 0, 3, 1, 0, 0, 0, 1, 3, 1, 0, 3, 1, 3, 1, 3, 0, 3, 0, 0, 1, 3, 3, 0, 1, 3, 3, 3]",19,1.9646365422396856
La_Liga,2009,Almeria,"[1, 0, 3, 1, 1, 0, 3, 0, 0, 3, 0, 0, 0, 1, 0, 3, 1, 1, 0, 1, 3, 1, 3, 3, 1, 3, 0, 3, 0, 1, 0, 0, 1, 0, 0, 3, 1, 0]","[1, 0, 3, 1, 1, 0, 3, 0, 0, 3, 0, 0, 0, 1, 0, 3, 1, 1, 0, 1, 3, 1, 3, 3, 1, 3, 0, 3, 0, 1, 0, 0, 1, 0, 0, 3, 1, 0]",10,12.195121951219512
La_Liga,2009,Ath Bilbao,"[3, 3, 3, 0, 0, 1, 0, 0, 3, 3, 1, 3, 0, 3, 3, 0, 1, 3, 0, 0, 3, 0, 3, 1, 3, 1, 1, 0, 3, 0, 3, 0, 1, 1, 0, 1, 0, 3]","[3, 3, 3, 0, 0, 1, 0, 0, 3, 3, 1, 3, 0, 3, 3, 0, 1, 3, 0, 0, 3, 0, 3, 1, 3, 1, 1, 0, 3, 0, 3, 0, 1, 1, 0, 1, 0, 3]",7,8.064516129032258
La_Liga,2009,Ath Madrid,"[0, 1, 0, 1, 1, 3, 0, 1, 0, 0, 0, 3, 3, 0, 1, 3, 3, 3, 0, 0, 1, 3, 0, 3, 1, 3, 0, 3, 0, 3, 0, 0, 0, 3, 0, 3, 1, 0]","[0, 1, 0, 1, 1, 3, 0, 1, 0, 0, 0, 3, 3, 0, 1, 3, 3, 3, 0, 0, 1, 3, 0, 3, 1, 3, 0, 3, 0, 3, 0, 0, 0, 3, 0, 3, 1, 0]",8,3.9840637450199203
La_Liga,2009,Barcelona,"[3, 3, 3, 3, 3, 3, 1, 3, 1, 3, 1, 3, 3, 3, 3, 1, 3, 3, 3, 3, 3, 0, 3, 3, 1, 3, 3, 3, 3, 3, 3, 3, 1, 3, 3, 3, 3, 3]","[3, 3, 3, 3, 3, 3, 1, 3, 1, 3, 1, 3, 3, 3, 3, 1, 3, 3, 3, 3, 3, 0, 3, 3, 1, 3, 3, 3, 3, 3, 3, 3, 1, 3, 3, 3, 3, 3]",17,2.0202020202020203
La_Liga,2009,Espanol,"[0, 0, 3, 3, 1, 1, 3, 1, 1, 0, 0, 0, 0, 0, 3, 0, 3, 0, 1, 3, 0, 3, 0, 1, 1, 0, 3, 1, 1, 1, 3, 0, 1, 3, 0, 0, 3, 0]","[0, 0, 3, 3, 1, 1, 3, 1, 1, 0, 0, 0, 0, 0, 3, 0, 3, 0, 1, 3, 0, 3, 0, 1, 1, 0, 3, 1, 1, 1, 3, 0, 1, 3, 0, 0, 3, 0]",4,3.1055900621118013
La_Liga,2009,Getafe,"[3, 0, 0, 3, 0, 3, 0, 3, 0, 0, 3, 3, 0, 3, 3, 3, 0, 0, 3, 1, 0, 1, 0, 0, 1, 3, 1, 0, 3, 1, 3, 3, 0, 3, 1, 1, 3, 3]","[3, 0, 0, 3, 0, 3, 0, 3, 0, 0, 3, 3, 0, 3, 3, 3, 0, 0, 3, 1, 0, 1, 0, 0, 1, 3, 1, 0, 3, 1, 3, 3, 0, 3, 1, 1, 3, 3]",19,2.207505518763797
La_Liga,2009,La Coruna,"[0, 3, 0, 3, 3, 3, 3, 0, 1, 3, 3, 3, 0, 1, 1, 1, 3, 0, 3, 0, 1, 0, 3, 0, 3, 1, 0, 0, 0, 0, 1, 0, 1, 0, 0, 0, 3, 0]","[0, 3, 0, 3, 3, 3, 3, 0, 1, 3, 3, 3, 0, 1, 1, 1, 3, 0, 3, 0, 1, 0, 3, 0, 3, 1, 0, 0, 0, 0, 1, 0, 1, 0, 0, 0, 3, 0]",13,177.3049645390071
La_Liga,2009,Malaga,"[3, 0, 0, 0, 0, 1, 0, 0, 0, 1, 1, 1, 1, 1, 3, 1, 1, 3, 0, 3, 1, 3, 3, 0, 0, 0, 3, 0, 1, 0, 0, 1, 1, 1, 1, 1, 0, 1]","[3, 0, 0, 0, 0, 1, 0, 0, 0, 1, 1, 1, 1, 1, 3, 1, 1, 3, 0, 3, 1, 3, 3, 0, 0, 0, 3, 0, 1, 0, 0, 1, 1, 1, 1, 1, 0, 1]",15,8.620689655172415
La_Liga,2009,Mallorca,"[3, 1, 3, 0, 3, 0, 3, 1, 3, 0, 3, 1, 3, 3, 0, 3, 0, 3, 1, 0, 3, 0, 0, 3, 3, 0, 3, 1, 0, 1, 3, 1, 3, 1, 3, 0, 0, 3]","[3, 1, 3, 0, 3, 0, 3, 1, 3, 0, 3, 1, 3, 3, 0, 3, 0, 3, 1, 0, 3, 0, 0, 3, 3, 0, 3, 1, 0, 1, 3, 1, 3, 1, 3, 0, 0, 3]",19,3.717472118959108
La_Liga,2009,Osasuna,"[1, 0, 0, 3, 3, 0, 3, 1, 1, 0, 0, 3, 1, 0, 0, 1, 0, 3, 3, 3, 3, 0, 1, 0, 1, 0, 0, 0, 3, 0, 3, 1, 0, 1, 0, 3, 0, 1]","[1, 0, 0, 3, 3, 0, 3, 1, 1, 0, 0, 3, 1, 0, 0, 1, 0, 3, 3, 3, 3, 0, 1, 0, 1, 0, 0, 0, 3, 0, 3, 1, 0, 1, 0, 3, 0, 1]",17,9.523809523809524
La_Liga,2009,Real Madrid,"[3, 3, 3, 3, 3, 0, 3, 1, 3, 3, 3, 0, 3, 3, 3, 1, 3, 0, 3, 3, 3, 3, 3, 3, 3, 3, 3, 3, 3, 3, 0, 3, 3, 3, 3, 3, 3, 1]","[3, 3, 3, 3, 3, 0, 3, 1, 3, 3, 3, 0, 3, 3, 3, 1, 3, 0, 3, 3, 3, 3, 3, 3, 3, 3, 3, 3, 3, 3, 0, 3, 3, 3, 3, 3, 3, 1]",1,5.1020408163265305
La_Liga,2009,Santander,"[0, 1, 3, 0, 1, 0, 1, 1, 0, 0, 0, 0, 3, 3, 0, 3, 3, 1, 3, 1, 1, 0, 0, 0, 1, 1, 3, 1, 0, 0, 1, 3, 1, 0, 0, 0, 0, 3]","[0, 1, 3, 0, 1, 0, 1, 1, 0, 0, 0, 0, 3, 3, 0, 3, 3, 1, 3, 1, 1, 0, 0, 0, 1, 1, 3, 1, 0, 0, 1, 3, 1, 0, 0, 0, 0, 3]",18,4.854368932038835
La_Liga,2009,Sevilla,"[0, 3, 3, 3, 3, 3, 0, 1, 3, 3, 3, 1, 1, 3, 0, 0, 0, 0, 3, 3, 0, 3, 3, 1, 0, 1, 0, 1, 0, 3, 3, 0, 3, 0, 3, 3, 0, 3]","[0, 3, 3, 3, 3, 3, 0, 1, 3, 3, 3, 1, 1, 3, 0, 0, 0, 0, 3, 3, 0, 3, 3, 1, 0, 1, 0, 1, 0, 3, 3, 0, 3, 0, 3, 3, 0, 3]",15,4.201680672268908
La_Liga,2009,Sp Gijon,"[0, 3, 1, 1, 0, 3, 3, 1, 1, 3, 1, 3, 0, 0, 0, 1, 3, 0, 0, 0, 0, 1, 3, 3, 0, 1, 0, 3, 1, 1, 0, 0, 0, 0, 1, 1, 1, 0]","[0, 3, 1, 1, 0, 3, 3, 1, 1, 3, 1, 3, 0, 0, 0, 1, 3, 0, 0, 0, 0, 1, 3, 3, 0, 1, 0, 3, 1, 1, 0, 0, 0, 0, 1, 1, 1, 0]",8,19.607843137254903
La_Liga,2009,Tenerife,"[0, 3, 0, 3, 0, 0, 0, 3, 0, 1, 0, 1, 3, 0, 1, 0, 0, 1, 1, 0, 0, 3, 0, 0, 0, 3, 0, 1, 1, 0, 1, 3, 3, 0, 3, 0, 1, 0]","[0, 3, 0, 3, 0, 0, 0, 3, 0, 1, 0, 1, 3, 0, 1, 0, 0, 1, 1, 0, 0, 3, 0, 0, 0, 3, 0, 1, 1, 0, 1, 3, 3, 0, 3, 0, 1, 0]",3,3.0120481927710845
La_Liga,2009,Valencia,"[3, 3, 1, 0, 1, 3, 1, 3, 3, 3, 3, 1, 3, 0, 1, 3, 3, 3, 1, 0, 3, 1, 3, 0, 1, 0, 3, 3, 0, 3, 0, 3, 0, 3, 3, 3, 0, 3]","[3, 3, 1, 0, 1, 3, 1, 3, 3, 3, 3, 1, 3, 0, 1, 3, 3, 3, 1, 0, 3, 1, 3, 0, 1, 0, 3, 3, 0, 3, 0, 3, 0, 3, 3, 3, 0, 3]",19,4.237288135593221
La_Liga,2009,Valladolid,"[1, 0, 3, 0, 0, 1, 0, 3, 1, 1, 0, 1, 1, 1, 3, 0, 0, 1, 0, 1, 0, 1, 1, 0, 0, 0, 3, 1, 0, 0, 1, 3, 1, 3, 1, 0, 3, 0]","[1, 0, 3, 0, 0, 1, 0, 3, 1, 1, 0, 1, 1, 1, 3, 0, 0, 1, 0, 1, 0, 1, 1, 0, 0, 0, 3, 1, 0, 0, 1, 3, 1, 3, 1, 0, 3, 0]",1,2.4390243902439024
La_Liga,2009,Villarreal,"[1, 1, 0, 0, 0, 1, 0, 3, 3, 0, 3, 0, 3, 3, 3, 1, 1, 0, 3, 0, 0, 3, 0, 3, 1, 3, 0, 1, 3, 3, 3, 0, 3, 3, 0, 0, 3, 1]","[1, 1, 0, 0, 0, 1, 0, 3, 3, 0, 3, 0, 3, 3, 3, 1, 1, 0, 3, 0, 0, 3, 0, 3, 1, 3, 0, 1, 3, 3, 3, 0, 3, 3, 0, 0, 3, 1]",4,3.1446540880503147
La_Liga,2009,Xerez,"[0, 0, 0, 0, 1, 1, 3, 0, 0, 1, 1, 0, 0, 0, 0, 0, 0, 1, 0, 3, 0, 0, 0, 1, 3, 0, 3, 1, 3, 1, 0, 3, 1, 0, 3, 0, 3, 1]","[0, 0, 0, 0, 1, 1, 3, 0, 0, 1, 1, 0, 0, 0, 0, 0, 0, 1, 0, 3, 0, 0, 0, 1, 3, 0, 3, 1, 3, 1, 0, 3, 1, 0, 3, 0, 3, 1]",1,1.2642225031605563
La_Liga,2009,Zaragoza,"[3, 0, 0, 1, 3, 0, 1, 0, 3, 0, 1, 0, 0, 0, 0, 1, 0, 1, 0, 3, 3, 1, 0, 3, 1, 1, 0, 0, 3, 3, 0, 1, 1, 0, 3, 3, 0, 1]","[3, 0, 0, 1, 3, 0, 1, 0, 3, 0, 1, 0, 0, 0, 0, 1, 0, 1, 0, 3, 3, 1, 0, 3, 1, 1, 0, 0, 3, 3, 0, 1, 1, 0, 3, 3, 0, 1]",2,2.277904328018223
La_Liga,2010,Almeria,"[1, 1, 0, 0, 3, 1, 0, 1, 1, 1, 0, 0, 0, 1, 3, 0, 0, 0, 1, 3, 0, 3, 0, 1, 0, 1, 3, 1, 0, 0, 0, 0, 0, 0, 0, 1, 3, 0]","[1, 1, 0, 0, 3, 1, 0, 1, 1, 1, 0, 0, 0, 1, 3, 0, 0, 0, 1, 3, 0, 3, 0, 1, 0, 1, 3, 1, 0, 0, 0, 0, 0, 0, 0, 1, 3, 0]",10,10.204081632653061
La_Liga,2010,Ath Bilbao,"[3, 0, 1, 3, 0, 0, 3, 0, 3, 0, 3, 0, 3, 0, 3, 3, 0, 1, 3, 3, 3, 3, 0, 0, 0, 0, 3, 1, 0, 3, 0, 3, 3, 0, 3, 0, 1, 3]","[3, 0, 1, 3, 0, 0, 3, 0, 3, 0, 3, 0, 3, 0, 3, 3, 0, 1, 3, 3, 3, 3, 0, 0, 0, 0, 3, 1, 0, 3, 0, 3, 3, 0, 3, 0, 1, 3]",16,5.319148936170213
La_Liga,2010,Ath Madrid,"[3, 3, 0, 1, 3, 0, 3, 0, 1, 0, 3, 3, 0, 0, 3, 3, 1, 0, 3, 0, 0, 0, 0, 3, 1, 1, 3, 1, 0, 3, 3, 1, 3, 3, 0, 0, 3, 3]","[3, 3, 0, 1, 3, 0, 3, 0, 1, 0, 3, 3, 0, 0, 3, 3, 1, 0, 3, 0, 0, 0, 0, 3, 1, 1, 3, 1, 0, 3, 3, 1, 3, 3, 0, 0, 3, 3]",19,2.183406113537118
La_Liga,2010,Barcelona,"[3, 0, 3, 3, 3, 1, 3, 3, 3, 3, 3, 3, 3, 3, 3, 3, 3, 3, 3, 3, 3, 3, 1, 3, 3, 3, 3, 1, 3, 3, 3, 1, 3, 0, 3, 1, 1, 3]","[3, 0, 3, 3, 3, 1, 3, 3, 3, 3, 3, 3, 3, 3, 3, 3, 3, 3, 3, 3, 3, 3, 1, 3, 3, 3, 3, 1, 3, 3, 3, 1, 3, 0, 3, 1, 1, 3]",7,53.333333333333336
La_Liga,2010,Espanol,"[3, 0, 3, 0, 3, 0, 3, 3, 0, 3, 1, 3, 3, 3, 0, 0, 0, 3, 3, 3, 0, 0, 0, 0, 3, 0, 0, 3, 0, 0, 1, 1, 0, 3, 0, 1, 0, 0]","[3, 0, 3, 0, 3, 0, 3, 3, 0, 3, 1, 3, 3, 3, 0, 0, 0, 3, 3, 3, 0, 0, 0, 0, 3, 0, 0, 3, 0, 0, 1, 1, 0, 3, 0, 1, 0, 0]",18,142.65335235378032
La_Liga,2010,Getafe,"[0, 3, 1, 0, 3, 3, 0, 3, 0, 0, 0, 1, 3, 3, 3, 3, 0, 1, 0, 0, 0, 3, 1, 0, 1, 1, 0, 1, 0, 0, 0, 3, 0, 0, 3, 0, 3, 1]","[0, 3, 1, 0, 3, 3, 0, 3, 0, 0, 0, 1, 3, 3, 3, 3, 0, 1, 0, 0, 0, 3, 1, 0, 1, 1, 0, 1, 0, 0, 0, 3, 0, 0, 3, 0, 3, 1]",19,8.403361344537815
La_Liga,2010,Hercules,"[0, 3, 0, 1, 3, 0, 1, 1, 0, 0, 3, 0, 3, 0, 3, 1, 0, 3, 0, 0, 0, 0, 3, 0, 1, 0, 0, 0, 0, 3, 1, 0, 3, 0, 0, 1, 0, 1]","[0, 3, 0, 1, 3, 0, 1, 1, 0, 0, 3, 0, 3, 0, 3, 1, 0, 3, 0, 0, 0, 0, 3, 0, 1, 0, 0, 0, 0, 3, 1, 0, 3, 0, 0, 1, 0, 1]",19,7.462686567164179
La_Liga,2010,La Coruna,"[1, 1, 1, 0, 0, 0, 1, 0, 3, 3, 1, 3, 0, 3, 0, 1, 3, 0, 0, 0, 1, 0, 3, 1, 1, 1, 3, 0, 0, 3, 1, 3, 0, 0, 1, 3, 1, 0]","[1, 1, 1, 0, 0, 0, 1, 0, 3, 3, 1, 3, 0, 3, 0, 1, 3, 0, 0, 0, 1, 0, 3, 1, 1, 1, 3, 0, 0, 3, 1, 3, 0, 0, 1, 3, 1, 0]",6,2.9761904761904763
La_Liga,2010,Levante,"[0, 0, 0, 3, 1, 1, 3, 0, 0, 0, 0, 3, 0, 3, 1, 0, 0, 0, 0, 0, 3, 3, 3, 0, 3, 1, 3, 1, 3, 3, 1, 3, 0, 1, 0, 1, 1, 0]","[0, 0, 0, 3, 1, 1, 3, 0, 0, 0, 0, 3, 0, 3, 1, 0, 0, 0, 0, 0, 3, 3, 3, 0, 3, 1, 3, 1, 3, 3, 1, 3, 0, 1, 0, 1, 1, 0]",6,9.433962264150944
La_Liga,2010,Malaga,"[0, 3, 0, 3, 0, 1, 0, 0, 0, 0, 3, 0, 0, 3, 0, 0, 3, 1, 0, 0, 0, 1, 1, 1, 3, 0, 0, 3, 3, 0, 1, 3, 3, 3, 3, 3, 1, 0]","[0, 3, 0, 3, 0, 1, 0, 0, 0, 0, 3, 0, 0, 3, 0, 0, 3, 1, 0, 0, 0, 1, 1, 1, 3, 0, 0, 3, 3, 0, 1, 3, 3, 3, 3, 3, 1, 0]",2,2.6881720430107525
La_Liga,2010,Mallorca,"[1, 0, 3, 0, 3, 1, 0, 3, 3, 0, 1, 3, 3, 0, 0, 0, 3, 3, 0, 0, 0, 1, 3, 0, 0, 3, 0, 1, 3, 0, 1, 0, 3, 0, 1, 1, 0, 0]","[1, 0, 3, 0, 3, 1, 0, 3, 3, 0, 1, 3, 3, 0, 0, 0, 3, 3, 0, 0, 0, 1, 3, 0, 0, 3, 0, 1, 3, 0, 1, 0, 3, 0, 1, 1, 0, 0]",5,9.433962264150944
La_Liga,2010,Osasuna,"[1, 0, 0, 3, 0, 1, 1, 3, 0, 3, 0, 3, 0, 0, 1, 1, 0, 1, 0, 0, 3, 1, 0, 3, 0, 1, 3, 3, 3, 0, 0, 0, 0, 3, 3, 3, 0, 3]","[1, 0, 0, 3, 0, 1, 1, 3, 0, 3, 0, 3, 0, 0, 1, 1, 0, 1, 0, 0, 3, 1, 0, 3, 0, 1, 3, 3, 3, 0, 0, 0, 0, 3, 3, 3, 0, 3]",9,1.5105740181268883
La_Liga,2010,Real Madrid,"[1, 3, 3, 3, 1, 3, 3, 3, 3, 3, 3, 3, 0, 3, 3, 3, 3, 3, 1, 3, 0, 3, 3, 3, 1, 3, 3, 3, 3, 0, 3, 1, 3, 0, 3, 3, 3, 3]","[1, 3, 3, 3, 1, 3, 3, 3, 3, 3, 3, 3, 0, 3, 3, 3, 3, 3, 1, 3, 0, 3, 3, 3, 1, 3, 3, 3, 3, 0, 3, 1, 3, 0, 3, 3, 3, 3]",9,4.716981132075472
La_Liga,2010,Santander,"[0, 0, 3, 1, 0, 0, 3, 0, 3, 0, 1, 0, 3, 0, 3, 1, 1, 1, 0, 0, 1, 1, 3, 3, 1, 1, 0, 0, 3, 3, 1, 0, 0, 3, 3, 3, 0, 0]","[0, 0, 3, 1, 0, 0, 3, 0, 3, 0, 1, 0, 3, 0, 3, 1, 1, 1, 0, 0, 1, 1, 3, 3, 1, 1, 0, 0, 3, 3, 1, 0, 0, 3, 3, 3, 0, 0]",2,6.329113924050633
La_Liga,2010,Sevilla,"[3, 1, 3, 1, 0, 3, 0, 3, 0, 3, 3, 0, 0, 0, 0, 0, 3, 3, 0, 3, 1, 1, 0, 3, 1, 3, 0, 1, 3, 3, 1, 0, 3, 3, 0, 0, 3, 3]","[3, 1, 3, 1, 0, 3, 0, 3, 0, 3, 3, 0, 0, 0, 0, 0, 3, 3, 0, 3, 1, 1, 0, 3, 1, 3, 0, 1, 3, 3, 1, 0, 3, 3, 0, 0, 3, 3]",4,1.733102253032929
La_Liga,2010,Sociedad,"[3, 1, 0, 0, 0, 3, 0, 3, 3, 3, 0, 0, 3, 3, 0, 0, 0, 0, 3, 0, 3, 0, 3, 3, 0, 1, 0, 0, 0, 0, 0, 3, 0, 3, 0, 3, 0, 1]","[3, 1, 0, 0, 0, 3, 0, 3, 3, 3, 0, 0, 3, 3, 0, 0, 0, 0, 3, 0, 3, 0, 3, 3, 0, 1, 0, 0, 0, 0, 0, 3, 0, 3, 0, 3, 0, 1]",14,8.130081300813009
La_Liga,2010,Sp Gijon,"[0, 3, 1, 0, 0, 1, 3, 0, 1, 1, 0, 0, 0, 0, 1, 1, 0, 1, 3, 3, 3, 0, 1, 1, 1, 0, 3, 1, 3, 3, 3, 0, 3, 1, 1, 0, 3, 1]","[0, 3, 1, 0, 0, 1, 3, 0, 1, 1, 0, 0, 0, 0, 1, 1, 0, 1, 3, 3, 3, 0, 1, 1, 1, 0, 3, 1, 3, 3, 3, 0, 3, 1, 1, 0, 3, 1]",5,1.8181818181818181
La_Liga,2010,Valencia,"[3, 3, 3, 1, 3, 3, 0, 0, 1, 0, 3, 1, 3, 0, 1, 3, 3, 3, 3, 3, 1, 3, 3, 1, 3, 0, 3, 0, 0, 3, 3, 3, 0, 0, 3, 1, 1, 3]","[3, 3, 3, 1, 3, 3, 0, 0, 1, 0, 3, 1, 3, 0, 1, 3, 3, 3, 3, 3, 1, 3, 3, 1, 3, 0, 3, 0, 0, 3, 3, 3, 0, 0, 3, 1, 1, 3]",13,6.097560975609756
La_Liga,2010,Villarreal,"[0, 3, 3, 3, 3, 3, 1, 3, 1, 3, 0, 1, 3, 3, 0, 3, 3, 0, 3, 3, 3, 0, 0, 1, 1, 3, 0, 1, 3, 0, 0, 3, 0, 3, 1, 1, 0, 0]","[0, 3, 3, 3, 3, 3, 1, 3, 1, 3, 0, 1, 3, 3, 0, 3, 3, 0, 3, 3, 3, 0, 0, 1, 1, 3, 0, 1, 3, 0, 0, 3, 0, 3, 1, 1, 0, 0]",17,146.6275659824047
La_Liga,2010,Zaragoza,"[1, 0, 0, 1, 0, 1, 0, 0, 1, 3, 0, 1, 0, 1, 0, 1, 3, 0, 3, 3, 3, 1, 0, 0, 1, 3, 0, 3, 0, 0, 3, 0, 3, 3, 0, 0, 3, 3]","[1, 0, 0, 1, 0, 1, 0, 0, 1, 3, 0, 1, 0, 1, 0, 1, 3, 0, 3, 3, 3, 1, 0, 0, 1, 3, 0, 3, 0, 0, 3, 0, 3, 3, 0, 0, 3, 3]",4,1.3054830287206267
La_Liga,2011,Ath Bilbao,"[1, 0, 0, 0, 1, 3, 3, 1, 3, 1, 1, 3, 0, 1, 1, 3, 1, 3, 0, 3, 1, 0, 3, 1, 3, 0, 0, 0, 1, 0, 3, 1, 3, 3, 0, 0, 1, 0]","[1, 0, 0, 0, 1, 3, 3, 1, 3, 1, 1, 3, 0, 1, 1, 3, 1, 3, 0, 3, 1, 0, 3, 1, 3, 0, 0, 0, 1, 0, 3, 1, 3, 3, 0, 0, 1, 0]",4,12.5
La_Liga,2011,Ath Madrid,"[1, 0, 3, 3, 0, 1, 1, 1, 0, 3, 0, 3, 0, 3, 0, 0, 1, 3, 3, 3, 1, 1, 1, 0, 1, 3, 0, 3, 0, 3, 0, 0, 3, 3, 1, 1, 3, 3]","[1, 0, 3, 3, 0, 1, 1, 1, 0, 3, 0, 3, 0, 3, 0, 0, 1, 3, 3, 3, 1, 1, 1, 0, 1, 3, 0, 3, 0, 3, 0, 0, 3, 3, 1, 1, 3, 3]",18,1.7182130584192439
La_Liga,2011,Barcelona,"[3, 1, 3, 1, 3, 3, 3, 1, 3, 3, 1, 3, 0, 3, 3, 3, 1, 3, 3, 1, 3, 0, 3, 3, 3, 3, 3, 3, 3, 3, 3, 3, 3, 0, 3, 3, 3, 1]","[3, 1, 3, 1, 3, 3, 3, 1, 3, 3, 1, 3, 0, 3, 3, 3, 1, 3, 3, 1, 3, 0, 3, 3, 3, 3, 3, 3, 3, 3, 3, 3, 3, 0, 3, 3, 3, 1]",1,3.802281368821293
La_Liga,2011,Betis,"[3, 3, 3, 3, 0, 0, 0, 0, 0, 0, 1, 0, 0, 0, 3, 3, 3, 0, 1, 0, 0, 3, 3, 1, 0, 0, 0, 1, 1, 3, 3, 1, 3, 0, 1, 3, 0, 1]","[3, 3, 3, 3, 0, 0, 0, 0, 0, 0, 1, 0, 0, 0, 3, 3, 3, 0, 1, 0, 0, 3, 3, 1, 0, 0, 0, 1, 1, 3, 3, 1, 3, 0, 1, 3, 0, 1]",2,2.5316455696202533
La_Liga,2011,Espanol,"[0, 3, 0, 3, 0, 0, 3, 3, 3, 0, 1, 1, 0, 0, 3, 3, 1, 1, 3, 3, 1, 0, 1, 0, 0, 3, 3, 1, 0, 1, 1, 0, 3, 0, 0, 0, 0, 1]","[0, 3, 0, 3, 0, 0, 3, 3, 3, 0, 1, 1, 0, 0, 3, 3, 1, 1, 3, 3, 1, 0, 1, 0, 0, 3, 3, 1, 0, 1, 1, 0, 3, 0, 0, 0, 0, 1]",5,21.27659574468085
La_Liga,2011,Getafe,"[1, 0, 0, 0, 3, 0, 1, 1, 1, 0, 3, 0, 3, 0, 3, 3, 1, 1, 3, 3, 0, 0, 1, 1, 0, 3, 3, 1, 3, 0, 3, 0, 3, 0, 0, 1, 1, 0]","[1, 0, 0, 0, 3, 0, 1, 1, 1, 0, 3, 0, 3, 0, 3, 3, 1, 1, 3, 3, 0, 0, 1, 1, 0, 3, 3, 1, 3, 0, 3, 0, 3, 0, 0, 1, 1, 0]",5,10.526315789473685
La_Liga,2011,Granada,"[0, 0, 3, 0, 1, 0, 1, 0, 0, 3, 1, 3, 3, 1, 0, 3, 0, 0, 0, 3, 3, 0, 3, 0, 0, 0, 3, 0, 0, 3, 1, 1, 0, 3, 0, 3, 0, 0]","[0, 0, 3, 0, 1, 0, 1, 0, 0, 3, 1, 3, 3, 1, 0, 3, 0, 0, 0, 3, 3, 0, 3, 0, 0, 0, 3, 0, 0, 3, 1, 1, 0, 3, 0, 3, 0, 0]",2,3.8314176245210727
La_Liga,2011,Levante,"[1, 1, 3, 3, 3, 3, 3, 3, 3, 0, 0, 0, 3, 0, 3, 0, 1, 0, 1, 0, 1, 0, 0, 3, 3, 0, 3, 3, 0, 1, 3, 0, 0, 1, 3, 0, 0, 3]","[1, 1, 3, 3, 3, 3, 3, 3, 3, 0, 0, 0, 3, 0, 3, 0, 1, 0, 1, 0, 1, 0, 0, 3, 3, 0, 3, 3, 0, 1, 3, 0, 0, 1, 3, 0, 0, 3]",10,5.05050505050505
La_Liga,2011,Malaga,"[0, 3, 3, 3, 1, 3, 0, 0, 0, 3, 1, 3, 3, 0, 1, 0, 1, 0, 0, 3, 0, 3, 0, 3, 3, 3, 1, 3, 3, 0, 3, 0, 1, 1, 3, 0, 0, 3]","[0, 3, 3, 3, 1, 3, 0, 0, 0, 3, 1, 3, 3, 0, 1, 0, 1, 0, 0, 3, 0, 3, 0, 3, 3, 3, 1, 3, 3, 0, 3, 0, 1, 1, 3, 0, 0, 3]",7,3.5587188612099645
La_Liga,2011,Mallorca,"[3, 0, 0, 0, 3, 1, 1, 1, 0, 0, 1, 3, 1, 1, 3, 0, 1, 0, 3, 0, 3, 0, 3, 0, 1, 1, 3, 3, 0, 0, 1, 3, 0, 3, 3, 3, 3, 0]","[3, 0, 0, 0, 3, 1, 1, 1, 0, 0, 1, 3, 1, 1, 3, 0, 1, 0, 3, 0, 3, 0, 3, 0, 1, 1, 3, 3, 0, 0, 1, 3, 0, 3, 3, 3, 3, 0]",1,3.048780487804878
La_Liga,2011,Osasuna,"[1, 3, 0, 1, 1, 1, 0, 3, 1, 3, 0, 1, 3, 3, 1, 3, 1, 0, 1, 0, 1, 3, 0, 3, 1, 3, 1, 1, 3, 0, 0, 3, 0, 1, 1, 0, 3, 3]","[1, 3, 0, 1, 1, 1, 0, 3, 1, 3, 0, 1, 3, 3, 1, 3, 1, 0, 1, 0, 1, 3, 0, 3, 1, 3, 1, 1, 3, 0, 0, 3, 0, 1, 1, 0, 3, 3]",9,2.9154518950437316
La_Liga,2011,Real Madrid,"[3, 3, 0, 1, 3, 3, 3, 3, 3, 3, 3, 3, 3, 3, 0, 3, 3, 3, 3, 3, 3, 3, 3, 3, 3, 3, 1, 1, 3, 3, 1, 3, 3, 3, 3, 3, 3, 3]","[3, 3, 0, 1, 3, 3, 3, 3, 3, 3, 3, 3, 3, 3, 0, 3, 3, 3, 3, 3, 3, 3, 3, 3, 3, 3, 1, 1, 3, 3, 1, 3, 3, 3, 3, 3, 3, 3]",12,3.4246575342465753
La_Liga,2011,Santander,"[0, 1, 0, 1, 1, 1, 0, 0, 1, 3, 1, 0, 0, 3, 1, 1, 3, 3, 0, 1, 1, 1, 0, 1, 0, 0, 0, 0, 1, 0, 0, 0, 1, 0, 0, 1, 0, 0]","[0, 1, 0, 1, 1, 1, 0, 0, 1, 3, 1, 0, 0, 3, 1, 1, 3, 3, 0, 1, 1, 1, 0, 1, 0, 0, 0, 0, 1, 0, 0, 0, 1, 0, 0, 1, 0, 0]",16,255.10204081632654
La_Liga,2011,Sevilla,"[3, 1, 3, 1, 3, 1, 3, 1, 1, 0, 1, 0, 3, 3, 0, 0, 0, 1, 1, 0, 0, 0, 3, 3, 1, 0, 0, 3, 3, 3, 0, 3, 0, 1, 0, 0, 3, 1]","[3, 1, 3, 1, 3, 1, 3, 1, 1, 0, 1, 0, 3, 3, 0, 0, 0, 1, 1, 0, 0, 0, 3, 3, 1, 0, 0, 3, 3, 3, 0, 3, 0, 1, 0, 0, 3, 1]",6,4.901960784313726
La_Liga,2011,Sociedad,"[3, 1, 0, 3, 0, 0, 0, 1, 0, 0, 0, 1, 3, 3, 1, 1, 1, 3, 0, 3, 0, 3, 0, 3, 0, 3, 0, 0, 0, 3, 1, 1, 1, 1, 3, 1, 0, 3]","[3, 1, 0, 3, 0, 0, 0, 1, 0, 0, 0, 1, 3, 3, 1, 1, 1, 3, 0, 3, 0, 3, 0, 3, 0, 3, 0, 0, 0, 3, 1, 1, 1, 1, 3, 1, 0, 3]",12,2.0618556701030926
La_Liga,2011,Sp Gijon,"[0, 0, 0, 0, 1, 0, 0, 3, 3, 1, 1, 3, 0, 0, 3, 0, 0, 3, 0, 0, 1, 0, 1, 1, 0, 3, 0, 0, 1, 0, 0, 3, 0, 3, 3, 0, 3, 0]","[0, 0, 0, 0, 1, 0, 0, 3, 3, 1, 1, 3, 0, 0, 3, 0, 0, 3, 0, 0, 1, 0, 1, 1, 0, 3, 0, 0, 1, 0, 0, 3, 0, 3, 3, 0, 3, 0]",1,1.7094017094017093
La_Liga,2011,Valencia,"[3, 3, 3, 1, 0, 3, 1, 1, 3, 3, 3, 0, 3, 3, 0, 3, 1, 0, 1, 1, 1, 3, 0, 0, 3, 1, 3, 0, 0, 1, 1, 3, 0, 3, 0, 3, 3, 0]","[3, 3, 3, 1, 0, 3, 1, 1, 3, 3, 3, 0, 3, 3, 0, 3, 1, 0, 1, 1, 1, 3, 0, 0, 3, 1, 3, 0, 0, 1, 1, 3, 0, 3, 0, 3, 3, 0]",16,7.633587786259542
La_Liga,2011,Vallecano,"[1, 1, 3, 0, 0, 1, 0, 3, 3, 0, 3, 1, 0, 0, 0, 0, 3, 3, 0, 0, 3, 3, 3, 0, 3, 0, 3, 0, 0, 0, 3, 0, 0, 0, 0, 0, 0, 3]","[1, 1, 3, 0, 0, 1, 0, 3, 3, 0, 3, 1, 0, 0, 0, 0, 3, 3, 0, 0, 3, 3, 3, 0, 3, 0, 3, 0, 0, 0, 3, 0, 0, 0, 0, 0, 0, 3]",11,18.181818181818183
La_Liga,2011,Villarreal,"[0, 1, 0, 3, 1, 1, 1, 0, 0, 3, 1, 3, 0, 0, 1, 0, 1, 0, 3, 1, 3, 3, 0, 1, 0, 0, 0, 1, 3, 1, 0, 3, 1, 1, 1, 3, 0, 0]","[0, 1, 0, 3, 1, 1, 1, 0, 0, 3, 1, 3, 0, 0, 1, 0, 1, 0, 3, 1, 3, 3, 0, 1, 0, 0, 0, 1, 3, 1, 0, 3, 1, 1, 1, 3, 0, 0]",2,6.451612903225806
La_Liga,2011,Zaragoza,"[0, 1, 3, 0, 1, 1, 3, 0, 0, 0, 1, 0, 0, 0, 0, 0, 0, 1, 1, 0, 0, 3, 0, 0, 3, 0, 1, 3, 3, 3, 0, 0, 3, 0, 3, 3, 3, 3]","[0, 1, 3, 0, 1, 1, 3, 0, 0, 0, 1, 0, 0, 0, 0, 0, 0, 1, 1, 0, 0, 3, 0, 0, 3, 0, 1, 3, 3, 3, 0, 0, 3, 0, 3, 3, 3, 3]",8,1.027749229188078
La_Liga,2012,Ath Bilbao,"[0, 0, 3, 1, 1, 0, 3, 0, 0, 3, 3, 0, 1, 0, 3, 3, 0, 0, 0, 1, 3, 1, 0, 0, 0, 3, 3, 0, 3, 0, 0, 1, 1, 1, 3, 3, 0, 1]","[0, 0, 3, 1, 1, 0, 3, 0, 0, 3, 3, 0, 1, 0, 3, 3, 0, 0, 0, 1, 3, 1, 0, 0, 0, 3, 3, 0, 3, 0, 0, 1, 1, 1, 3, 3, 0, 1]",2,2.277904328018223
La_Liga,2012,Ath Madrid,"[1, 3, 3, 3, 3, 3, 3, 3, 3, 0, 3, 3, 3, 0, 3, 0, 3, 1, 3, 3, 0, 3, 0, 3, 3, 1, 0, 3, 1, 1, 3, 3, 0, 1, 3, 0, 1, 3]","[1, 3, 3, 3, 3, 3, 3, 3, 3, 0, 3, 3, 3, 0, 3, 0, 3, 1, 3, 3, 0, 3, 0, 3, 3, 1, 0, 3, 1, 1, 3, 3, 0, 1, 3, 0, 1, 3]",18,27.77777777777778
La_Liga,2012,Barcelona,"[3, 3, 3, 3, 3, 3, 1, 3, 3, 3, 3, 3, 3, 3, 3, 3, 3, 3, 3, 0, 3, 1, 3, 3, 3, 0, 3, 3, 1, 3, 3, 3, 1, 3, 3, 3, 3, 3]","[3, 3, 3, 3, 3, 3, 1, 3, 3, 3, 3, 3, 3, 3, 3, 3, 3, 3, 3, 0, 3, 1, 3, 3, 3, 0, 3, 3, 1, 3, 3, 3, 1, 3, 3, 3, 3, 3]",19,16.39344262295082
La_Liga,2012,Betis,"[3, 0, 3, 3, 0, 0, 3, 1, 3, 3, 0, 0, 3, 3, 0, 3, 0, 3, 3, 1, 0, 0, 1, 0, 3, 1, 3, 0, 1, 3, 1, 0, 1, 0, 3, 0, 3, 1]","[3, 0, 3, 3, 0, 0, 3, 1, 3, 3, 0, 0, 3, 3, 0, 3, 0, 3, 3, 1, 0, 0, 1, 0, 3, 1, 3, 0, 1, 3, 1, 0, 1, 0, 3, 0, 3, 1]",19,10.869565217391305
La_Liga,2012,Celta,"[0, 0, 3, 0, 3, 0, 3, 0, 1, 0, 0, 1, 3, 1, 0, 0, 0, 3, 0, 1, 1, 0, 0, 0, 3, 0, 0, 0, 1, 0, 0, 3, 3, 1, 0, 0, 3, 3]","[0, 0, 3, 0, 3, 0, 3, 0, 1, 0, 0, 1, 3, 1, 0, 0, 0, 3, 0, 1, 1, 0, 0, 0, 3, 0, 0, 0, 1, 0, 0, 3, 3, 1, 0, 0, 3, 3]",17,1.6778523489932886
La_Liga,2012,Espanol,"[0, 0, 0, 1, 0, 0, 1, 3, 1, 3, 0, 0, 0, 1, 1, 1, 3, 0, 3, 3, 1, 3, 3, 3, 0, 1, 0, 3, 1, 3, 1, 3, 0, 0, 1, 0, 0, 0]","[0, 0, 0, 1, 0, 0, 1, 3, 1, 3, 0, 0, 0, 1, 1, 1, 3, 0, 3, 3, 1, 3, 3, 3, 0, 1, 0, 3, 1, 3, 1, 3, 0, 0, 1, 0, 0, 0]",6,49.65243296921549
La_Liga,2012,Getafe,"[0, 3, 1, 0, 0, 3, 3, 0, 3, 0, 0, 3, 3, 3, 1, 1, 0, 0, 1, 1, 0, 3, 0, 3, 3, 3, 1, 3, 1, 1, 0, 0, 0, 3, 0, 0, 0, 0]","[0, 3, 1, 0, 0, 3, 3, 0, 3, 0, 0, 3, 3, 3, 1, 1, 0, 0, 1, 1, 0, 3, 0, 3, 3, 3, 1, 3, 1, 1, 0, 0, 0, 3, 0, 0, 0, 0]",8,43.47826086956522
La_Liga,2012,Granada,"[0, 1, 0, 1, 0, 3, 3, 0, 0, 0, 3, 0, 0, 1, 0, 1, 3, 0, 1, 3, 0, 3, 3, 0, 0, 0, 1, 1, 0, 0, 0, 1, 3, 3, 1, 3, 0, 3]","[0, 1, 0, 1, 0, 3, 3, 0, 0, 0, 3, 0, 0, 1, 0, 1, 3, 0, 1, 3, 0, 3, 3, 0, 0, 0, 1, 1, 0, 0, 0, 1, 3, 3, 1, 3, 0, 3]",15,2.044989775051125
La_Liga,2012,La Coruna,"[3, 1, 1, 1, 0, 0, 0, 0, 1, 3, 0, 0, 1, 0, 0, 1, 0, 3, 1, 0, 0, 0, 0, 0, 0, 1, 0, 3, 3, 3, 3, 1, 1, 1, 0, 3, 0, 0]","[3, 1, 1, 1, 0, 0, 0, 0, 1, 3, 0, 0, 1, 0, 0, 1, 0, 3, 1, 0, 0, 0, 0, 0, 0, 1, 0, 3, 3, 3, 3, 1, 1, 1, 0, 3, 0, 0]",2,4.545454545454546
La_Liga,2012,Levante,"[1, 0, 3, 0, 3, 0, 3, 3, 3, 1, 0, 3, 0, 1, 3, 3, 0, 3, 0, 0, 3, 0, 0, 1, 0, 1, 1, 1, 3, 0, 0, 0, 0, 1, 1, 0, 3, 1]","[1, 0, 3, 0, 3, 0, 3, 3, 3, 1, 0, 3, 0, 1, 3, 3, 0, 3, 0, 0, 3, 0, 0, 1, 0, 1, 1, 1, 3, 0, 0, 0, 0, 1, 1, 0, 3, 1]",17,24.390243902439025
La_Liga,2012,Malaga,"[3, 1, 3, 3, 1, 3, 0, 3, 1, 0, 0, 1, 3, 0, 3, 3, 3, 0, 0, 1, 3, 1, 3, 3, 0, 1, 1, 0, 3, 0, 3, 0, 3, 0, 0, 1, 3, 0]","[3, 1, 3, 3, 1, 3, 0, 3, 1, 0, 0, 1, 3, 0, 3, 3, 3, 0, 0, 1, 3, 1, 3, 3, 0, 1, 1, 0, 3, 0, 3, 0, 3, 0, 0, 1, 3, 0]",14,12.345679012345679
La_Liga,2012,Mallorca,"[3, 1, 3, 1, 3, 0, 0, 0, 0, 0, 0, 1, 0, 1, 0, 0, 3, 1, 0, 0, 0, 0, 1, 0, 0, 3, 3, 0, 0, 0, 3, 1, 0, 1, 0, 3, 1, 3]","[3, 1, 3, 1, 3, 0, 0, 0, 0, 0, 0, 1, 0, 1, 0, 0, 3, 1, 0, 0, 0, 0, 1, 0, 0, 3, 3, 0, 0, 0, 3, 1, 0, 1, 0, 3, 1, 3]",19,1.5313935681470139
La_Liga,2012,Osasuna,"[0, 0, 0, 1, 0, 3, 0, 1, 0, 0, 3, 1, 1, 3, 0, 1, 0, 0, 1, 3, 0, 3, 1, 3, 3, 0, 0, 0, 3, 0, 0, 1, 1, 0, 3, 0, 3, 0]","[0, 0, 0, 1, 0, 3, 0, 1, 0, 0, 3, 1, 1, 3, 0, 1, 0, 0, 1, 3, 0, 3, 1, 3, 3, 0, 0, 0, 3, 0, 0, 1, 1, 0, 3, 0, 3, 0]",13,3.1847133757961785
La_Liga,2012,Real Madrid,"[1, 0, 3, 0, 3, 3, 1, 3, 3, 3, 3, 3, 0, 3, 3, 1, 0, 3, 1, 3, 3, 0, 3, 3, 3, 3, 3, 3, 1, 3, 3, 3, 3, 3, 3, 1, 1, 3]","[1, 0, 3, 0, 3, 3, 1, 3, 3, 3, 3, 3, 0, 3, 3, 1, 0, 3, 1, 3, 3, 0, 3, 3, 3, 3, 3, 3, 1, 3, 3, 3, 3, 3, 3, 1, 1, 3]",3,4.25531914893617
La_Liga,2012,Sevilla,"[3, 1, 1, 3, 3, 0, 0, 3, 0, 1, 0, 3, 0, 0, 1, 0, 0, 3, 0, 1, 3, 3, 0, 3, 0, 3, 0, 3, 0, 3, 1, 0, 1, 3, 1, 0, 0, 3]","[3, 1, 1, 3, 3, 0, 0, 3, 0, 1, 0, 3, 0, 0, 1, 0, 0, 3, 0, 1, 3, 3, 0, 3, 0, 3, 0, 3, 0, 3, 1, 0, 1, 3, 1, 0, 0, 3]",8,2.7027027027027026
La_Liga,2012,Sociedad,"[0, 3, 0, 3, 0, 3, 0, 0, 1, 0, 3, 3, 1, 3, 1, 1, 3, 0, 1, 3, 1, 3, 3, 1, 3, 1, 3, 3, 1, 3, 3, 1, 3, 0, 1, 3, 1, 3]","[0, 3, 0, 3, 0, 3, 0, 0, 1, 0, 3, 3, 1, 3, 1, 1, 3, 0, 1, 3, 1, 3, 3, 1, 3, 1, 3, 3, 1, 3, 3, 1, 3, 0, 1, 3, 1, 3]",5,2.0
La_Liga,2012,Valencia,"[1, 1, 0, 3, 0, 3, 0, 3, 0, 3, 1, 3, 0, 0, 3, 0, 3, 3, 3, 0, 3, 1, 3, 3, 1, 1, 0, 3, 1, 3, 1, 3, 0, 3, 3, 3, 3, 0]","[1, 1, 0, 3, 0, 3, 0, 3, 0, 3, 1, 3, 0, 0, 3, 0, 3, 3, 3, 0, 3, 1, 3, 3, 1, 1, 0, 3, 1, 3, 1, 3, 0, 3, 3, 3, 3, 0]",1,3.5335689045936394
La_Liga,2012,Valladolid,"[3, 3, 0, 0, 0, 3, 1, 0, 1, 3, 1, 0, 3, 3, 0, 1, 0, 0, 3, 3, 0, 1, 1, 0, 3, 1, 1, 0, 0, 0, 3, 1, 1, 0, 3, 0, 0, 0]","[3, 3, 0, 0, 0, 3, 1, 0, 1, 3, 1, 0, 3, 3, 0, 1, 0, 0, 3, 3, 0, 1, 1, 0, 3, 1, 1, 0, 0, 0, 3, 1, 1, 0, 3, 0, 0, 0]",3,11.764705882352942
La_Liga,2012,Vallecano,"[3, 3, 1, 0, 0, 0, 3, 0, 0, 3, 3, 0, 3, 0, 0, 3, 3, 3, 3, 0, 3, 0, 3, 0, 0, 1, 3, 0, 0, 3, 0, 1, 1, 0, 0, 3, 3, 1]","[3, 3, 1, 0, 0, 0, 3, 0, 0, 3, 3, 0, 3, 0, 0, 3, 3, 3, 3, 0, 3, 0, 3, 0, 0, 1, 3, 0, 0, 3, 0, 1, 1, 0, 0, 3, 3, 1]",15,7.874015748031496
La_Liga,2012,Zaragoza,"[0, 3, 0, 0, 3, 0, 0, 3, 3, 0, 3, 0, 0, 1, 3, 0, 3, 0, 0, 0, 1, 1, 0, 0, 1, 0, 1, 0, 1, 0, 0, 0, 3, 3, 1, 0, 0, 0]","[0, 3, 0, 0, 3, 0, 0, 3, 3, 0, 3, 0, 0, 1, 3, 0, 3, 0, 0, 0, 1, 1, 0, 0, 1, 0, 1, 0, 1, 0, 0, 0, 3, 3, 1, 0, 0, 0]",19,8.064516129032258
La_Liga,2013,Almeria,"[0, 1, 1, 0, 1, 0, 0, 0, 0, 0, 3, 3, 3, 0, 0, 1, 3, 3, 0, 0, 3, 0, 3, 0, 1, 0, 0, 0, 3, 1, 0, 0, 0, 0, 3, 3, 3, 1]","[0, 1, 1, 0, 1, 0, 0, 0, 0, 0, 3, 3, 3, 0, 0, 1, 3, 3, 0, 0, 3, 0, 3, 0, 1, 0, 0, 0, 3, 1, 0, 0, 0, 0, 3, 3, 3, 1]",15,2.0120724346076457
La_Liga,2013,Ath Bilbao,"[3, 3, 0, 3, 0, 3, 0, 1, 3, 3, 1, 0, 3, 3, 3, 1, 3, 0, 3, 3, 3, 1, 1, 0, 3, 3, 1, 1, 3, 1, 0, 3, 3, 0, 3, 3, 1, 1]","[3, 3, 0, 3, 0, 3, 0, 1, 3, 3, 1, 0, 3, 3, 3, 1, 3, 0, 3, 3, 3, 1, 1, 0, 3, 3, 1, 1, 3, 1, 0, 3, 3, 0, 3, 3, 1, 1]",2,4.854368932038835
La_Liga,2013,Ath Madrid,"[3, 3, 3, 3, 3, 3, 3, 3, 0, 3, 3, 3, 1, 3, 3, 3, 3, 3, 1, 1, 3, 3, 0, 3, 0, 1, 3, 3, 3, 3, 3, 3, 3, 3, 3, 0, 1, 1]","[3, 3, 3, 3, 3, 3, 3, 3, 0, 3, 3, 3, 1, 3, 3, 3, 3, 3, 1, 1, 3, 3, 0, 3, 0, 1, 3, 3, 3, 3, 3, 3, 3, 3, 3, 0, 1, 1]",3,80.58017727639
La_Liga,2013,Barcelona,"[3, 3, 3, 3, 3, 3, 3, 3, 1, 3, 3, 3, 3, 3, 0, 3, 3, 3, 1, 1, 3, 0, 3, 3, 0, 3, 0, 3, 3, 3, 3, 3, 0, 3, 3, 1, 1, 1]","[3, 3, 3, 3, 3, 3, 3, 3, 1, 3, 3, 3, 3, 3, 0, 3, 3, 3, 1, 1, 3, 0, 3, 3, 0, 3, 0, 3, 3, 3, 3, 3, 0, 3, 3, 1, 1, 1]",19,22.22222222222222
La_Liga,2013,Betis,"[0, 0, 1, 3, 1, 0, 3, 0, 0, 0, 1, 0, 0, 0, 1, 0, 0, 1, 0, 0, 0, 3, 0, 0, 0, 1, 3, 1, 0, 3, 0, 0, 0, 0, 0, 0, 3, 0]","[0, 0, 1, 3, 1, 0, 3, 0, 0, 0, 1, 0, 0, 0, 1, 0, 0, 1, 0, 0, 0, 3, 0, 0, 0, 1, 3, 1, 0, 3, 0, 0, 0, 0, 0, 0, 3, 0]",8,4.048582995951417
La_Liga,2013,Celta,"[1, 3, 1, 0, 1, 0, 0, 0, 0, 3, 0, 3, 0, 0, 3, 0, 1, 0, 3, 0, 3, 3, 1, 3, 1, 0, 0, 3, 0, 0, 3, 0, 1, 3, 3, 3, 3, 0]","[1, 3, 1, 0, 1, 0, 0, 0, 0, 3, 0, 3, 0, 0, 3, 0, 1, 0, 3, 0, 3, 3, 1, 3, 1, 0, 0, 3, 0, 0, 3, 0, 1, 3, 3, 3, 3, 0]",1,2.242152466367713
La_Liga,2013,Elche,"[0, 1, 1, 1, 0, 0, 3, 3, 3, 0, 1, 0, 1, 3, 0, 0, 0, 0, 1, 3, 0, 3, 1, 1, 0, 3, 0, 1, 0, 1, 1, 3, 0, 0, 1, 3, 1, 0]","[0, 1, 1, 1, 0, 0, 3, 3, 3, 0, 1, 0, 1, 3, 0, 0, 0, 0, 1, 3, 0, 3, 1, 1, 0, 3, 0, 1, 0, 1, 1, 3, 0, 0, 1, 3, 1, 0]",12,2.5510204081632653
La_Liga,2013,Espanol,"[1, 3, 1, 3, 3, 0, 0, 0, 3, 0, 1, 0, 0, 3, 0, 1, 3, 0, 0, 3, 1, 0, 3, 3, 0, 1, 3, 0, 1, 3, 0, 0, 1, 0, 0, 0, 1, 0]","[1, 3, 1, 3, 3, 0, 0, 0, 3, 0, 1, 0, 0, 3, 0, 1, 3, 0, 0, 3, 1, 0, 3, 3, 0, 1, 3, 0, 1, 3, 0, 0, 1, 0, 0, 0, 1, 0]",8,49.26108374384236
La_Liga,2013,Getafe,"[0, 1, 0, 3, 0, 3, 3, 3, 3, 0, 3, 0, 1, 0, 3, 0, 0, 0, 0, 1, 0, 1, 0, 0, 1, 1, 0, 1, 0, 0, 3, 0, 0, 1, 3, 1, 3, 3]","[0, 1, 0, 3, 0, 3, 3, 3, 3, 0, 3, 0, 1, 0, 3, 0, 0, 0, 0, 1, 0, 1, 0, 0, 1, 1, 0, 1, 0, 0, 3, 0, 0, 1, 3, 1, 3, 3]",19,2.7472527472527473
La_Liga,2013,Granada,"[3, 0, 1, 0, 1, 0, 3, 0, 0, 3, 0, 3, 3, 0, 0, 3, 0, 0, 3, 1, 0, 0, 0, 3, 0, 0, 3, 1, 3, 0, 0, 0, 3, 0, 0, 1, 0, 3]","[3, 0, 1, 0, 1, 0, 3, 0, 0, 3, 0, 3, 3, 0, 0, 3, 0, 0, 3, 1, 0, 0, 0, 3, 0, 0, 3, 1, 3, 0, 0, 0, 3, 0, 0, 1, 0, 3]",9,3.215434083601286
La_Liga,2013,Levante,"[0, 1, 3, 1, 1, 1, 3, 0, 3, 3, 1, 0, 0, 0, 0, 3, 0, 0, 3, 1, 3, 1, 1, 3, 1, 3, 0, 0, 1, 0, 3, 0, 0, 1, 1, 3, 3, 0]","[0, 1, 3, 1, 1, 1, 3, 0, 3, 3, 1, 0, 0, 0, 0, 3, 0, 0, 3, 1, 3, 1, 1, 3, 1, 3, 0, 0, 1, 0, 3, 0, 0, 1, 1, 3, 3, 0]",12,4.3478260869565215
La_Liga,2013,Malaga,"[0, 0, 1, 3, 1, 3, 1, 0, 0, 0, 1, 3, 0, 0, 1, 3, 3, 0, 0, 1, 0, 3, 0, 0, 1, 1, 3, 0, 3, 0, 3, 3, 0, 3, 0, 0, 1, 3]","[0, 0, 1, 3, 1, 3, 1, 0, 0, 0, 1, 3, 0, 0, 1, 3, 3, 0, 0, 1, 0, 3, 0, 0, 1, 1, 3, 0, 3, 0, 3, 3, 0, 3, 0, 0, 1, 3]",4,2.0491803278688523
La_Liga,2013,Osasuna,"[0, 0, 0, 0, 3, 0, 0, 3, 1, 0, 3, 0, 0, 3, 0, 1, 1, 3, 3, 1, 0, 0, 3, 1, 3, 0, 0, 0, 0, 0, 1, 3, 1, 1, 0, 0, 1, 3]","[0, 0, 0, 0, 3, 0, 0, 3, 1, 0, 3, 0, 0, 3, 0, 1, 1, 3, 3, 1, 0, 0, 3, 1, 3, 0, 0, 0, 0, 0, 1, 3, 1, 1, 0, 0, 1, 3]",13,4.761904761904762
La_Liga,2013,Real Madrid,"[3, 3, 3, 1, 3, 3, 0, 3, 3, 0, 3, 3, 3, 3, 3, 1, 3, 3, 3, 3, 3, 1, 3, 3, 3, 1, 3, 3, 0, 0, 3, 3, 3, 3, 1, 1, 0, 3]","[3, 3, 3, 1, 3, 3, 0, 3, 3, 0, 3, 3, 3, 3, 3, 1, 3, 3, 3, 3, 3, 1, 3, 3, 3, 1, 3, 3, 0, 0, 3, 3, 3, 3, 1, 1, 0, 3]",10,22.727272727272727
La_Liga,2013,Sevilla,"[0, 1, 1, 0, 0, 3, 1, 3, 1, 3, 0, 0, 3, 3, 3, 1, 3, 3, 1, 1, 0, 0, 0, 1, 3, 3, 3, 3, 3, 3, 0, 3, 3, 3, 0, 1, 0, 3]","[0, 1, 1, 0, 0, 3, 1, 3, 1, 3, 0, 0, 3, 3, 3, 1, 3, 3, 1, 1, 0, 0, 0, 1, 3, 3, 3, 3, 3, 3, 0, 3, 3, 3, 0, 1, 0, 3]",4,4.385964912280702
La_Liga,2013,Sociedad,"[3, 1, 0, 1, 1, 0, 1, 0, 3, 3, 1, 3, 0, 3, 3, 3, 3, 3, 0, 1, 3, 0, 1, 3, 3, 0, 0, 3, 0, 3, 1, 0, 1, 3, 3, 1, 1, 0]","[3, 1, 0, 1, 1, 0, 1, 0, 3, 3, 1, 3, 0, 3, 3, 3, 3, 3, 0, 1, 3, 0, 1, 3, 3, 0, 0, 3, 0, 3, 1, 0, 1, 3, 3, 1, 1, 0]",13,6.666666666666667
La_Liga,2013,Valencia,"[3, 0, 0, 0, 3, 3, 3, 1, 0, 0, 0, 3, 1, 0, 3, 0, 0, 3, 0, 1, 1, 3, 3, 1, 3, 0, 1, 0, 3, 1, 0, 1, 3, 1, 0, 1, 0, 3]","[3, 0, 0, 0, 3, 3, 3, 1, 0, 0, 0, 3, 1, 0, 3, 0, 0, 3, 0, 1, 1, 3, 3, 1, 3, 0, 1, 0, 3, 1, 0, 1, 3, 1, 0, 1, 0, 3]",13,3.508771929824561
La_Liga,2013,Valladolid,"[0, 0, 3, 1, 0, 1, 1, 0, 1, 3, 1, 0, 1, 0, 0, 3, 0, 1, 0, 0, 3, 1, 1, 0, 1, 1, 3, 0, 1, 0, 3, 1, 1, 0, 3, 1, 0, 0]","[0, 0, 3, 1, 0, 1, 1, 0, 1, 3, 1, 0, 1, 0, 0, 3, 0, 1, 0, 0, 3, 1, 1, 0, 1, 1, 3, 0, 1, 0, 3, 1, 1, 0, 3, 1, 0, 0]",2,6.0606060606060606
La_Liga,2013,Vallecano,"[3, 0, 0, 0, 0, 0, 0, 3, 3, 0, 0, 0, 3, 0, 1, 0, 0, 0, 3, 0, 0, 1, 3, 0, 0, 3, 3, 3, 1, 3, 0, 3, 1, 3, 3, 0, 0, 0]","[3, 0, 0, 0, 0, 0, 0, 3, 3, 0, 0, 0, 3, 0, 1, 0, 0, 0, 3, 0, 0, 1, 3, 0, 0, 3, 3, 3, 1, 3, 0, 3, 1, 3, 3, 0, 0, 0]",3,6.410256410256411
La_Liga,2013,Villarreal,"[3, 3, 3, 1, 1, 3, 0, 3, 0, 3, 0, 3, 1, 3, 1, 0, 0, 3, 3, 3, 0, 3, 0, 0, 3, 1, 0, 1, 0, 3, 1, 0, 3, 0, 0, 1, 3, 3]","[3, 3, 3, 1, 1, 3, 0, 3, 0, 3, 0, 3, 1, 3, 1, 0, 0, 3, 3, 3, 0, 3, 0, 0, 3, 1, 0, 1, 0, 3, 1, 0, 3, 0, 0, 1, 3, 3]",16,8.620689655172415
La_Liga,2014,Almeria,"[1, 0, 1, 3, 0, 3, 1, 0, 0, 0, 0, 1, 0, 0, 0, 3, 3, 0, 0, 0, 3, 3, 1, 0, 1, 0, 1, 0, 0, 0, 3, 0, 3, 0, 1, 0, 0, 0]","[1, 0, 1, 3, 0, 3, 1, 0, 0, 0, 0, 1, 0, 0, 0, 3, 3, 0, 0, 0, 3, 3, 1, 0, 1, 0, 1, 0, 0, 0, 3, 0, 3, 0, 1, 0, 0, 0]",5,6.802721088435374
La_Liga,2014,Ath Bilbao,"[0, 3, 0, 0, 0, 1, 0, 1, 3, 3, 1, 3, 3, 0, 1, 0, 0, 0, 0, 1, 3, 0, 1, 3, 3, 3, 3, 3, 0, 1, 0, 3, 3, 1, 1, 1, 3, 3]","[0, 3, 0, 0, 0, 1, 0, 1, 3, 3, 1, 3, 3, 0, 1, 0, 0, 0, 0, 1, 3, 0, 1, 3, 3, 3, 3, 3, 0, 1, 0, 3, 3, 1, 1, 1, 3, 3]",10,1.4164305949008498
La_Liga,2014,Ath Madrid,"[1, 3, 3, 1, 3, 3, 0, 3, 3, 3, 0, 3, 3, 3, 0, 3, 3, 0, 3, 3, 3, 3, 0, 3, 1, 1, 1, 3, 3, 3, 1, 3, 3, 3, 1, 1, 0, 1]","[1, 3, 3, 1, 3, 3, 0, 3, 3, 3, 0, 3, 3, 3, 0, 3, 3, 0, 3, 3, 3, 3, 0, 3, 1, 1, 1, 3, 3, 3, 1, 3, 3, 3, 1, 1, 0, 1]",4,31.25
La_Liga,2014,Barcelona,"[3, 3, 3, 3, 1, 3, 3, 3, 0, 0, 3, 3, 3, 3, 1, 3, 0, 3, 3, 3, 3, 3, 3, 0, 3, 3, 3, 3, 3, 3, 1, 3, 3, 3, 3, 3, 3, 1]","[3, 3, 3, 3, 1, 3, 3, 3, 0, 0, 3, 3, 3, 3, 1, 3, 0, 3, 3, 3, 3, 3, 3, 0, 3, 3, 3, 3, 3, 3, 1, 3, 3, 3, 3, 3, 3, 1]",1,5.1020408163265305
La_Liga,2014,Celta,"[3, 1, 1, 1, 3, 3, 0, 1, 3, 3, 1, 0, 0, 0, 0, 0, 0, 1, 0, 0, 3, 1, 3, 3, 1, 0, 0, 3, 0, 1, 3, 3, 0, 3, 1, 1, 1, 3]","[3, 1, 1, 1, 3, 3, 0, 1, 3, 3, 1, 0, 0, 0, 0, 0, 0, 1, 0, 0, 3, 1, 3, 3, 1, 0, 0, 3, 0, 1, 3, 3, 0, 3, 1, 1, 1, 3]",4,1.524390243902439
La_Liga,2014,Cordoba,"[0, 1, 1, 0, 0, 1, 1, 0, 1, 0, 1, 1, 0, 3, 1, 0, 3, 3, 1, 0, 0, 0, 0, 0, 0, 0, 0, 0, 0, 1, 0, 1, 0, 0, 0, 0, 0, 0]","[0, 1, 1, 0, 0, 1, 1, 0, 1, 0, 1, 1, 0, 3, 1, 0, 3, 3, 1, 0, 0, 0, 0, 0, 0, 0, 0, 0, 0, 1, 0, 1, 0, 0, 0, 0, 0, 0]",19,1724.1379310344828
La_Liga,2014,Eibar,"[3, 0, 0, 3, 1, 1, 1, 0, 1, 3, 0, 0, 3, 3, 1, 0, 3, 3, 1, 0, 0, 0, 0, 0, 0, 0, 0, 1, 0, 3, 0, 0, 0, 0, 0, 0, 1, 3]","[3, 0, 0, 3, 1, 1, 1, 0, 1, 3, 0, 0, 3, 3, 1, 0, 3, 3, 1, 0, 0, 0, 0, 0, 0, 0, 0, 1, 0, 3, 0, 0, 0, 0, 0, 0, 1, 3]",19,119.18951132300357
La_Liga,2014,Elche,"[0, 1, 3, 0, 0, 0, 1, 0, 0, 3, 1, 1, 0, 0, 0, 0, 1, 3, 3, 0, 0, 3, 3, 0, 1, 3, 0, 0, 1, 0, 3, 3, 0, 3, 3, 0, 0, 1]","[0, 1, 3, 0, 0, 0, 1, 0, 0, 3, 1, 1, 0, 0, 0, 0, 1, 3, 3, 0, 0, 3, 3, 0, 1, 3, 0, 0, 1, 0, 3, 3, 0, 3, 3, 0, 0, 1]",3,3.484320557491289
La_Liga,2014,Espanol,"[1, 0, 0, 1, 3, 1, 3, 0, 1, 0, 1, 0, 3, 0, 3, 3, 0, 0, 3, 3, 0, 0, 3, 0, 3, 0, 1, 1, 1, 3, 3, 1, 0, 3, 1, 3, 0, 0]","[1, 0, 0, 1, 3, 1, 3, 0, 1, 0, 1, 0, 3, 0, 3, 3, 0, 0, 3, 3, 0, 0, 3, 0, 3, 0, 1, 1, 1, 3, 3, 1, 0, 3, 1, 3, 0, 0]",2,6.802721088435374
La_Liga,2014,Getafe,"[0, 3, 0, 0, 0, 3, 1, 3, 0, 3, 1, 0, 0, 1, 1, 1, 0, 0, 0, 3, 0, 3, 0, 3, 0, 3, 0, 0, 3, 3, 1, 0, 0, 0, 0, 0, 1, 0]","[0, 3, 0, 0, 0, 3, 1, 3, 0, 3, 1, 0, 0, 1, 1, 1, 0, 0, 0, 3, 0, 3, 0, 3, 0, 3, 0, 0, 3, 3, 1, 0, 0, 0, 0, 0, 1, 0]",8,25.0
La_Liga,2014,Granada,"[3, 1, 1, 3, 0, 0, 0, 0, 1, 0, 1, 1, 0, 1, 0, 1, 0, 1, 0, 1, 3, 0, 1, 0, 0, 3, 0, 1, 0, 1, 0, 1, 0, 0, 3, 3, 3, 1]","[3, 1, 1, 3, 0, 0, 0, 0, 1, 0, 1, 1, 0, 1, 0, 1, 0, 1, 0, 1, 3, 0, 1, 0, 0, 3, 0, 1, 0, 1, 0, 1, 0, 0, 3, 3, 3, 1]",17,1.4265335235378032
La_Liga,2014,La Coruna,"[0, 1, 3, 0, 0, 0, 0, 3, 1, 0, 1, 1, 0, 0, 3, 0, 3, 1, 0, 1, 3, 3, 0, 0, 1, 0, 0, 1, 0, 1, 1, 0, 1, 0, 1, 1, 3, 1]","[0, 1, 3, 0, 0, 0, 0, 3, 1, 0, 1, 1, 0, 0, 3, 0, 3, 1, 0, 1, 3, 3, 0, 0, 1, 0, 0, 1, 0, 1, 1, 0, 1, 0, 1, 1, 3, 1]",16,5.847953216374269
La_Liga,2014,Levante,"[0, 0, 1, 0, 3, 0, 1, 0, 0, 3, 1, 3, 0, 1, 1, 1, 0, 1, 0, 0, 0, 3, 0, 3, 0, 3, 0, 0, 3, 0, 0, 1, 3, 3, 0, 1, 0, 1]","[0, 0, 1, 0, 3, 0, 1, 0, 0, 3, 1, 3, 0, 1, 1, 1, 0, 1, 0, 0, 0, 3, 0, 3, 0, 3, 0, 0, 3, 0, 0, 1, 3, 3, 0, 1, 0, 1]",4,3.5714285714285716
La_Liga,2014,Malaga,"[3, 0, 1, 1, 1, 0, 3, 3, 3, 3, 3, 0, 0, 3, 3, 3, 0, 1, 0, 1, 3, 0, 0, 3, 3, 0, 3, 0, 1, 0, 1, 0, 1, 0, 0, 3, 0, 0]","[3, 0, 1, 1, 1, 0, 3, 3, 3, 3, 3, 0, 0, 3, 3, 3, 0, 1, 0, 1, 3, 0, 0, 3, 3, 0, 3, 0, 1, 0, 1, 0, 1, 0, 0, 3, 0, 0]",11,63.81620931716656
La_Liga,2014,Real Madrid,"[3, 0, 0, 3, 3, 3, 3, 3, 3, 3, 3, 3, 3, 3, 3, 0, 3, 3, 3, 3, 3, 0, 3, 3, 1, 0, 3, 0, 3, 3, 3, 3, 3, 3, 3, 1, 3, 3]","[3, 0, 0, 3, 3, 3, 3, 3, 3, 3, 3, 3, 3, 3, 3, 0, 3, 3, 3, 3, 3, 0, 3, 3, 1, 0, 3, 0, 3, 3, 3, 3, 3, 3, 3, 1, 3, 3]",17,4.366812227074236
La_Liga,2014,Sevilla,"[1, 3, 3, 3, 3, 0, 3, 3, 3, 0, 1, 0, 3, 3, 1, 3, 3, 3, 0, 3, 0, 0, 3, 0, 1, 3, 3, 3, 3, 3, 1, 1, 3, 3, 0, 1, 3, 3]","[1, 3, 3, 3, 3, 0, 3, 3, 3, 0, 1, 0, 3, 3, 1, 3, 3, 3, 0, 3, 0, 0, 3, 0, 1, 3, 3, 3, 3, 3, 1, 1, 3, 3, 0, 1, 3, 3]",18,2.793296089385475
La_Liga,2014,Sociedad,"[0, 3, 1, 0, 0, 1, 0, 0, 1, 0, 3, 1, 3, 0, 1, 1, 3, 1, 0, 3, 0, 1, 1, 3, 0, 3, 3, 3, 1, 0, 1, 0, 1, 1, 3, 0, 0, 3]","[0, 3, 1, 0, 0, 1, 0, 0, 1, 0, 3, 1, 3, 0, 1, 1, 3, 1, 0, 3, 0, 1, 1, 3, 0, 3, 3, 3, 1, 0, 1, 0, 1, 1, 3, 0, 0, 3]",9,2.932551319648094
La_Liga,2014,Valencia,"[1, 3, 3, 3, 3, 1, 3, 0, 3, 3, 1, 0, 0, 1, 3, 3, 3, 1, 3, 3, 0, 3, 3, 3, 3, 1, 3, 3, 1, 1, 3, 0, 3, 1, 3, 1, 1, 3]","[1, 3, 3, 3, 3, 1, 3, 0, 3, 3, 1, 0, 0, 1, 3, 3, 3, 1, 3, 3, 0, 3, 3, 3, 3, 1, 3, 3, 1, 1, 3, 0, 3, 1, 3, 1, 1, 3]",10,4.854368932038835
La_Liga,2014,Vallecano,"[1, 1, 0, 0, 3, 3, 0, 3, 0, 0, 0, 3, 3, 0, 0, 0, 3, 0, 3, 0, 0, 0, 3, 0, 3, 0, 3, 3, 3, 0, 0, 3, 0, 1, 1, 3, 3, 0]","[1, 1, 0, 0, 3, 3, 0, 3, 0, 0, 0, 3, 3, 0, 0, 0, 3, 0, 3, 0, 0, 0, 3, 0, 3, 0, 3, 3, 3, 0, 0, 3, 0, 1, 1, 3, 3, 0]",9,2.1645021645021645
La_Liga,2014,Villarreal,"[3, 0, 1, 3, 1, 0, 3, 3, 0, 0, 1, 3, 3, 3, 3, 3, 1, 1, 3, 3, 0, 3, 0, 3, 1, 3, 1, 0, 1, 0, 1, 1, 1, 0, 1, 3, 3, 0]","[3, 0, 1, 3, 1, 0, 3, 3, 0, 0, 1, 3, 3, 3, 3, 3, 1, 1, 3, 3, 0, 3, 0, 3, 1, 3, 1, 0, 1, 0, 1, 1, 1, 0, 1, 3, 3, 0]",12,34.48275862068966
La_Liga,2015,Ath Bilbao,"[0, 0, 3, 0, 0, 1, 3, 1, 3, 3, 3, 0, 3, 1, 0, 3, 3, 1, 0, 0, 3, 3, 1, 0, 0, 3, 3, 3, 3, 0, 1, 3, 3, 0, 1, 3, 1, 3]","[0, 0, 3, 0, 0, 1, 3, 1, 3, 3, 3, 0, 3, 1, 0, 3, 3, 1, 0, 0, 3, 3, 1, 0, 0, 3, 3, 3, 3, 0, 1, 3, 3, 0, 1, 3, 1, 3]",5,1.876172607879925
La_Liga,2015,Ath Madrid,"[3, 3, 0, 3, 3, 0, 1, 3, 3, 1, 3, 3, 3, 3, 3, 0, 3, 3, 3, 3, 1, 0, 3, 3, 1, 3, 3, 3, 3, 0, 3, 3, 3, 3, 3, 3, 0, 3]","[3, 3, 0, 3, 3, 0, 1, 3, 3, 1, 3, 3, 3, 3, 3, 0, 3, 3, 3, 3, 1, 0, 3, 3, 1, 3, 3, 3, 3, 0, 3, 3, 3, 3, 3, 3, 0, 3]",2,3.1055900621118013
La_Liga,2015,Barcelona,"[3, 3, 3, 3, 0, 3, 0, 3, 3, 3, 3, 3, 3, 1, 1, 3, 1, 3, 3, 3, 3, 3, 3, 3, 3, 3, 3, 3, 3, 1, 0, 0, 0, 3, 3, 3, 3, 3]","[3, 3, 3, 3, 0, 3, 0, 3, 3, 3, 3, 3, 3, 1, 1, 3, 1, 3, 3, 3, 3, 3, 3, 3, 3, 3, 3, 3, 3, 1, 0, 0, 0, 3, 3, 3, 3, 3]",9,16.666666666666668
La_Liga,2015,Betis,"[1, 0, 3, 1, 0, 3, 3, 0, 1, 0, 3, 0, 3, 1, 0, 1, 0, 0, 0, 1, 1, 0, 3, 1, 1, 1, 3, 3, 0, 0, 0, 3, 1, 3, 0, 0, 1, 3]","[1, 0, 3, 1, 0, 3, 3, 0, 1, 0, 3, 0, 3, 1, 0, 1, 0, 0, 0, 1, 1, 0, 3, 1, 1, 1, 3, 3, 0, 0, 0, 3, 1, 3, 0, 0, 1, 3]",10,2.232142857142857
La_Liga,2015,Celta,"[3, 3, 1, 3, 3, 1, 1, 3, 0, 3, 0, 0, 3, 1, 3, 3, 0, 0, 0, 3, 0, 0, 1, 0, 3, 3, 1, 0, 3, 3, 1, 3, 1, 1, 3, 0, 3, 0]","[3, 3, 1, 3, 3, 1, 1, 3, 0, 3, 0, 0, 3, 1, 3, 3, 0, 0, 0, 3, 0, 0, 1, 0, 3, 3, 1, 0, 3, 3, 1, 3, 1, 1, 3, 0, 3, 0]",3,3.5211267605633805
La_Liga,2015,Eibar,"[3, 3, 1, 0, 1, 1, 3, 1, 0, 3, 3, 1, 0, 0, 1, 0, 3, 3, 3, 3, 0, 0, 0, 3, 0, 0, 0, 0, 1, 1, 0, 0, 3, 0, 1, 0, 1, 0]","[3, 3, 1, 0, 1, 1, 3, 1, 0, 3, 3, 1, 0, 0, 1, 0, 3, 3, 3, 3, 0, 0, 0, 3, 0, 0, 0, 0, 1, 1, 0, 0, 3, 0, 1, 0, 1, 0]",18,201.2072434607646
La_Liga,2015,Espanol,"[3, 0, 0, 3, 3, 0, 0, 3, 0, 1, 0, 3, 0, 1, 0, 3, 0, 1, 0, 0, 1, 0, 0, 0, 3, 3, 0, 3, 1, 3, 1, 0, 0, 1, 0, 3, 0, 3]","[3, 0, 0, 3, 3, 0, 0, 3, 0, 1, 0, 3, 0, 1, 0, 3, 0, 1, 0, 0, 1, 0, 0, 0, 3, 3, 0, 3, 1, 3, 1, 0, 0, 1, 0, 3, 0, 3]",8,2.1691973969631237
La_Liga,2015,Getafe,"[0, 0, 0, 3, 0, 3, 1, 3, 0, 0, 0, 1, 3, 0, 1, 1, 1, 3, 3, 3, 0, 0, 0, 0, 0, 0, 0, 1, 0, 1, 0, 0, 0, 3, 1, 3, 1, 0]","[0, 0, 0, 3, 0, 3, 1, 3, 0, 0, 0, 1, 3, 0, 1, 1, 1, 3, 3, 3, 0, 0, 0, 0, 0, 0, 0, 1, 0, 1, 0, 0, 0, 3, 1, 3, 1, 0]",18,20.0
La_Liga,2015,Granada,"[0, 3, 0, 0, 0, 0, 1, 1, 1, 1, 0, 3, 1, 0, 3, 0, 0, 3, 0, 0, 3, 0, 0, 0, 0, 3, 3, 0, 1, 1, 1, 1, 0, 3, 0, 3, 3, 0]","[0, 3, 0, 0, 0, 0, 1, 1, 1, 1, 0, 3, 1, 0, 3, 0, 0, 3, 0, 0, 3, 0, 0, 0, 0, 3, 3, 0, 1, 1, 1, 1, 0, 3, 0, 3, 3, 0]",1,1.9342359767891684
La_Liga,2015,La Coruna,"[1, 1, 3, 0, 3, 3, 1, 1, 0, 1, 1, 3, 3, 1, 1, 3, 1, 0, 0, 1, 1, 1, 1, 1, 0, 0, 0, 1, 0, 3, 1, 0, 1, 0, 1, 0, 3, 0]","[1, 1, 3, 0, 3, 3, 1, 1, 0, 1, 1, 3, 3, 1, 1, 3, 1, 0, 0, 1, 1, 1, 1, 1, 0, 0, 0, 1, 0, 3, 1, 0, 1, 0, 1, 0, 3, 0]",15,21.27659574468085
La_Liga,2015,Las Palmas,"[0, 1, 1, 0, 3, 0, 0, 0, 1, 0, 3, 1, 0, 0, 3, 0, 3, 1, 1, 0, 0, 3, 0, 0, 0, 3, 3, 3, 0, 3, 3, 3, 1, 0, 3, 0, 1, 0]","[0, 1, 1, 0, 3, 0, 0, 0, 1, 0, 3, 1, 0, 0, 3, 0, 3, 1, 1, 0, 0, 3, 0, 0, 0, 3, 3, 3, 0, 3, 3, 3, 1, 0, 3, 0, 1, 0]",3,4.184100418410042
La_Liga,2015,Levante,"[0, 1, 1, 0, 1, 0, 3, 0, 0, 0, 1, 3, 0, 1, 0, 0, 0, 0, 3, 0, 3, 0, 0, 0, 3, 0, 0, 1, 3, 0, 1, 0, 3, 0, 1, 0, 3, 0]","[0, 1, 1, 0, 1, 0, 3, 0, 0, 0, 1, 3, 0, 1, 0, 0, 0, 0, 3, 0, 3, 0, 0, 0, 3, 0, 0, 1, 3, 0, 1, 0, 3, 0, 1, 0, 3, 0]",1,1.8050541516245486
La_Liga,2015,Malaga,"[1, 0, 1, 0, 0, 1, 3, 0, 3, 0, 0, 0, 1, 1, 3, 3, 3, 3, 1, 0, 0, 3, 3, 0, 1, 1, 0, 1, 3, 3, 1, 1, 0, 1, 0, 3, 0, 3]","[1, 0, 1, 0, 0, 1, 3, 0, 3, 0, 0, 0, 1, 1, 3, 3, 3, 3, 1, 0, 0, 3, 3, 0, 1, 1, 0, 1, 3, 3, 1, 1, 0, 1, 0, 3, 0, 3]",8,2.4271844660194173
La_Liga,2015,Real Madrid,"[1, 3, 3, 3, 3, 1, 1, 3, 3, 3, 0, 0, 3, 3, 0, 3, 3, 1, 3, 3, 1, 3, 3, 3, 1, 0, 3, 3, 3, 3, 3, 3, 3, 3, 3, 3, 3, 3]","[1, 3, 3, 3, 3, 1, 1, 3, 3, 3, 0, 0, 3, 3, 0, 3, 3, 1, 3, 3, 1, 3, 3, 3, 1, 0, 3, 3, 3, 3, 3, 3, 3, 3, 3, 3, 3, 3]",14,1.1025358324145536
La_Liga,2015,Sevilla,"[1, 0, 1, 0, 0, 3, 3, 1, 3, 0, 3, 0, 3, 1, 3, 1, 3, 0, 3, 3, 1, 3, 1, 3, 1, 0, 3, 1, 3, 0, 0, 0, 1, 0, 3, 0, 0, 0]","[1, 0, 1, 0, 0, 3, 3, 1, 3, 0, 3, 0, 3, 1, 3, 1, 3, 0, 3, 3, 1, 3, 1, 3, 1, 0, 3, 1, 3, 0, 0, 0, 1, 0, 3, 0, 0, 0]",9,110.74197120708749
La_Liga,2015,Sociedad,"[1, 1, 0, 0, 3, 1, 0, 0, 3, 0, 0, 3, 0, 3, 1, 0, 0, 1, 3, 1, 0, 3, 3, 3, 3, 1, 0, 1, 0, 0, 3, 3, 0, 0, 1, 0, 3, 3]","[1, 1, 0, 0, 3, 1, 0, 0, 3, 0, 0, 3, 0, 3, 1, 0, 0, 1, 3, 1, 0, 3, 3, 3, 3, 1, 0, 1, 0, 0, 3, 3, 0, 0, 1, 0, 3, 3]",13,2.444987775061125
La_Liga,2015,Sp Gijon,"[1, 1, 0, 3, 0, 0, 3, 1, 0, 3, 0, 0, 0, 3, 0, 0, 0, 0, 0, 3, 3, 1, 1, 0, 1, 0, 0, 0, 0, 3, 1, 0, 1, 3, 0, 3, 1, 3]","[1, 1, 0, 3, 0, 0, 3, 1, 0, 3, 0, 0, 0, 3, 0, 0, 0, 0, 0, 3, 3, 1, 1, 0, 1, 0, 0, 0, 0, 3, 1, 0, 1, 3, 0, 3, 1, 3]",17,1.639344262295082
La_Liga,2015,Valencia,"[1, 1, 3, 1, 0, 3, 0, 3, 0, 3, 3, 1, 0, 1, 1, 1, 0, 1, 0, 1, 1, 0, 0, 3, 3, 0, 3, 0, 0, 0, 0, 3, 3, 3, 1, 0, 0, 0]","[1, 1, 3, 1, 0, 3, 0, 3, 0, 3, 3, 1, 0, 1, 1, 1, 0, 1, 0, 1, 1, 0, 0, 3, 3, 0, 3, 0, 0, 0, 0, 3, 3, 3, 1, 0, 0, 0]",3,14.705882352941176
La_Liga,2015,Vallecano,"[1, 0, 0, 3, 3, 0, 0, 0, 3, 0, 3, 1, 0, 0, 0, 0, 0, 1, 0, 1, 3, 1, 3, 1, 1, 1, 0, 0, 1, 1, 3, 0, 3, 1, 0, 0, 0, 3]","[1, 0, 0, 3, 3, 0, 0, 0, 3, 0, 3, 1, 0, 0, 0, 0, 0, 1, 0, 1, 3, 1, 3, 1, 1, 1, 0, 0, 1, 1, 3, 0, 3, 1, 0, 0, 0, 3]",4,2.4691358024691357
La_Liga,2015,Villarreal,"[1, 3, 3, 3, 3, 3, 0, 0, 1, 3, 0, 1, 0, 3, 3, 3, 3, 3, 3, 1, 1, 3, 1, 3, 1, 3, 1, 0, 0, 1, 3, 3, 0, 0, 1, 3, 0, 0]","[1, 3, 3, 3, 3, 3, 0, 0, 1, 3, 0, 1, 0, 3, 3, 3, 3, 3, 3, 1, 1, 3, 1, 3, 1, 3, 1, 0, 0, 1, 3, 3, 0, 0, 1, 3, 0, 0]",12,48.899755501222494
La_Liga,2016,Alaves,"[1, 1, 3, 1, 0, 3, 0, 1, 0, 0, 3, 0, 3, 1, 1, 3, 1, 0, 1, 1, 3, 0, 3, 3, 0, 1, 3, 3, 0, 0, 0, 3, 1, 1, 3, 3, 3, 1]","[1, 1, 3, 1, 0, 3, 0, 1, 0, 0, 3, 0, 3, 1, 1, 3, 1, 0, 1, 1, 3, 0, 3, 3, 0, 1, 3, 3, 0, 0, 0, 3, 1, 1, 3, 3, 3, 1]",10,1.5797788309636651
La_Liga,2016,Ath Bilbao,"[0, 0, 3, 3, 3, 3, 0, 3, 0, 1, 1, 3, 0, 3, 0, 3, 1, 1, 1, 3, 0, 3, 0, 3, 0, 3, 3, 0, 3, 3, 0, 3, 3, 3, 3, 0, 1, 0]","[0, 0, 3, 3, 3, 3, 0, 3, 0, 1, 1, 3, 0, 3, 0, 3, 1, 1, 1, 3, 0, 3, 0, 3, 0, 3, 3, 0, 3, 3, 0, 3, 3, 3, 3, 0, 1, 0]",3,11.627906976744185
La_Liga,2016,Ath Madrid,"[1, 1, 3, 3, 1, 3, 3, 3, 0, 3, 0, 0, 3, 1, 0, 3, 3, 3, 1, 1, 3, 3, 3, 0, 1, 3, 3, 3, 3, 3, 1, 3, 3, 0, 3, 3, 1, 3]","[1, 1, 3, 3, 1, 3, 3, 3, 0, 3, 0, 0, 3, 1, 0, 3, 3, 3, 1, 1, 3, 3, 3, 0, 1, 3, 3, 3, 3, 3, 1, 3, 3, 0, 3, 3, 1, 3]",5,1.845018450184502
La_Liga,2016,Barcelona,"[3, 3, 0, 3, 1, 3, 0, 3, 3, 3, 3, 1, 1, 1, 3, 3, 1, 3, 3, 1, 3, 3, 3, 3, 3, 3, 0, 3, 3, 3, 0, 3, 3, 3, 3, 3, 3, 3]","[3, 3, 0, 3, 1, 3, 0, 3, 3, 3, 3, 1, 1, 1, 3, 3, 1, 3, 3, 1, 3, 3, 3, 3, 3, 3, 0, 3, 3, 3, 0, 3, 3, 3, 3, 3, 3, 3]",12,1.394700139470014
La_Liga,2016,Betis,"[0, 1, 3, 1, 0, 3, 0, 0, 3, 0, 0, 3, 0, 1, 3, 0, 3, 0, 1, 1, 1, 0, 0, 3, 0, 1, 0, 3, 0, 0, 0, 3, 3, 0, 0, 0, 1, 1]","[0, 1, 3, 1, 0, 3, 0, 0, 3, 0, 0, 3, 0, 1, 3, 0, 3, 0, 1, 1, 1, 0, 0, 3, 0, 1, 0, 3, 0, 0, 0, 3, 3, 0, 0, 0, 1, 1]",5,6.25
La_Liga,2016,Celta,"[0, 0, 0, 1, 3, 3, 3, 0, 3, 1, 3, 0, 3, 1, 0, 0, 3, 3, 0, 3, 0, 3, 1, 1, 0, 0, 3, 3, 0, 0, 3, 0, 0, 0, 0, 0, 0, 1]","[0, 0, 0, 1, 3, 3, 3, 0, 3, 1, 3, 0, 3, 1, 0, 0, 3, 3, 0, 3, 0, 3, 1, 1, 0, 0, 3, 3, 0, 0, 3, 0, 0, 0, 0, 0, 0, 1]",7,58.9622641509434
La_Liga,2016,Eibar,"[0, 3, 3, 1, 0, 3, 1, 0, 1, 3, 0, 3, 3, 0, 1, 1, 0, 3, 0, 3, 3, 3, 0, 3, 1, 0, 1, 1, 3, 3, 3, 0, 0, 1, 3, 0, 0, 0]","[0, 3, 3, 1, 0, 3, 1, 0, 1, 3, 0, 3, 3, 0, 1, 1, 0, 3, 0, 3, 3, 3, 0, 3, 1, 0, 1, 1, 3, 3, 3, 0, 0, 1, 3, 0, 0, 0]",3,20.408163265306122
La_Liga,2016,Espanol,"[0, 1, 1, 0, 3, 0, 1, 1, 1, 3, 1, 3, 3, 1, 3, 0, 1, 0, 3, 3, 3, 0, 0, 3, 1, 0, 3, 1, 3, 0, 3, 3, 0, 1, 0, 3, 0, 3]","[0, 1, 1, 0, 3, 0, 1, 1, 1, 3, 1, 3, 3, 1, 3, 0, 1, 0, 3, 3, 3, 0, 0, 3, 1, 0, 3, 1, 3, 0, 3, 3, 0, 1, 0, 3, 0, 3]",6,3.2467532467532467
La_Liga,2016,Granada,"[1, 0, 0, 1, 0, 0, 0, 0, 1, 0, 1, 1, 0, 3, 1, 0, 0, 1, 0, 0, 3, 0, 3, 0, 3, 0, 0, 0, 0, 1, 0, 0, 0, 0, 0, 0, 0, 0]","[1, 0, 0, 1, 0, 0, 0, 0, 1, 0, 1, 1, 0, 3, 1, 0, 0, 1, 0, 0, 3, 0, 3, 0, 3, 0, 0, 0, 0, 1, 0, 0, 0, 0, 0, 0, 0, 0]",13,63.85696040868455
La_Liga,2016,La Coruna,"[3, 1, 0, 1, 0, 0, 3, 0, 0, 1, 1, 0, 0, 3, 0, 3, 1, 1, 1, 0, 0, 0, 0, 1, 3, 1, 3, 0, 0, 1, 0, 3, 0, 0, 1, 0, 1, 3]","[3, 1, 0, 1, 0, 0, 3, 0, 0, 1, 1, 0, 0, 3, 0, 3, 1, 1, 1, 0, 0, 0, 0, 1, 3, 1, 3, 0, 0, 1, 0, 3, 0, 0, 1, 0, 1, 3]",11,2.358490566037736
La_Liga,2016,Las Palmas,"[3, 3, 0, 3, 0, 1, 1, 1, 0, 1, 3, 0, 3, 1, 1, 0, 3, 0, 1, 3, 0, 0, 0, 0, 1, 3, 0, 3, 0, 0, 3, 0, 1, 0, 0, 0, 0, 0]","[3, 3, 0, 3, 0, 1, 1, 1, 0, 1, 3, 0, 3, 1, 1, 0, 3, 0, 1, 3, 0, 0, 0, 0, 1, 3, 0, 3, 0, 0, 3, 0, 1, 0, 0, 0, 0, 0]",5,43.04778303917348
La_Liga,2016,Leganes,"[3, 1, 0, 0, 3, 0, 3, 0, 0, 0, 0, 3, 0, 1, 1, 1, 0, 1, 1, 0, 0, 0, 0, 3, 0, 3, 1, 1, 1, 0, 0, 0, 0, 3, 0, 3, 1, 1]","[3, 1, 0, 0, 3, 0, 3, 0, 0, 0, 0, 3, 0, 1, 1, 1, 0, 1, 1, 0, 0, 0, 0, 3, 0, 3, 1, 1, 1, 0, 0, 0, 0, 3, 0, 3, 1, 1]",19,2.0242914979757085
La_Liga,2016,Malaga,"[1, 1, 0, 0, 3, 0, 3, 1, 3, 0, 3, 1, 3, 1, 1, 0, 0, 0, 0, 1, 0, 1, 3, 0, 0, 0, 0, 1, 0, 3, 3, 0, 3, 3, 3, 3, 1, 0]","[1, 1, 0, 0, 3, 0, 3, 1, 3, 0, 3, 1, 3, 1, 1, 0, 0, 0, 0, 1, 0, 1, 3, 0, 0, 0, 0, 1, 0, 3, 3, 0, 3, 3, 3, 3, 1, 0]",2,2.487562189054726
La_Liga,2016,Osasuna,"[1, 0, 0, 1, 0, 0, 1, 3, 0, 1, 0, 0, 0, 0, 0, 0, 1, 1, 0, 1, 0, 0, 0, 0, 0, 0, 1, 0, 0, 3, 3, 0, 1, 0, 1, 0, 3, 0]","[1, 0, 0, 1, 0, 0, 1, 3, 0, 1, 0, 0, 0, 0, 0, 0, 1, 1, 0, 1, 0, 0, 0, 0, 0, 0, 1, 0, 0, 3, 3, 0, 1, 0, 1, 0, 3, 0]",1,1.5847860538827259
La_Liga,2016,Real Madrid,"[3, 3, 3, 3, 1, 1, 1, 3, 3, 3, 3, 3, 3, 1, 3, 3, 0, 3, 3, 3, 3, 0, 3, 1, 3, 3, 3, 3, 3, 1, 3, 0, 3, 3, 3, 3, 3, 3]","[3, 3, 3, 3, 1, 1, 1, 3, 3, 3, 3, 3, 3, 1, 3, 3, 0, 3, 3, 3, 3, 0, 3, 1, 3, 3, 3, 3, 3, 1, 3, 0, 3, 3, 3, 3, 3, 3]",17,2.044989775051125
La_Liga,2016,Sevilla,"[3, 1, 3, 1, 3, 0, 3, 3, 3, 1, 0, 3, 3, 0, 3, 3, 3, 3, 3, 0, 1, 3, 3, 3, 3, 1, 1, 0, 1, 0, 3, 1, 3, 3, 0, 1, 0, 3]","[3, 1, 3, 1, 3, 0, 3, 3, 3, 1, 0, 3, 3, 0, 3, 3, 3, 3, 3, 0, 1, 3, 3, 3, 3, 1, 1, 0, 1, 0, 3, 1, 3, 3, 0, 1, 0, 3]",13,37.03703703703704
La_Liga,2016,Sociedad,"[0, 3, 1, 0, 3, 0, 3, 0, 3, 3, 3, 3, 1, 0, 3, 3, 0, 3, 3, 0, 3, 3, 0, 3, 1, 3, 0, 0, 1, 0, 3, 0, 3, 3, 3, 1, 1, 1]","[0, 3, 1, 0, 3, 0, 3, 0, 3, 3, 3, 3, 1, 0, 3, 3, 0, 3, 3, 0, 3, 3, 0, 3, 1, 3, 0, 0, 1, 0, 3, 0, 3, 3, 3, 1, 1, 1]",12,5.747126436781609
La_Liga,2016,Sp Gijon,"[3, 1, 3, 0, 0, 0, 0, 0, 1, 1, 0, 0, 0, 3, 0, 0, 0, 0, 1, 0, 0, 3, 0, 1, 0, 0, 1, 3, 1, 0, 0, 0, 1, 1, 0, 3, 3, 1]","[3, 1, 3, 0, 0, 0, 0, 0, 1, 1, 0, 0, 0, 3, 0, 0, 0, 0, 1, 0, 0, 3, 0, 1, 0, 0, 1, 3, 1, 0, 0, 0, 1, 1, 0, 3, 3, 1]",16,1.349527665317139
La_Liga,2016,Valencia,"[0, 0, 0, 0, 3, 3, 0, 3, 0, 1, 0, 1, 0, 1, 0, 1, 3, 3, 0, 0, 1, 3, 3, 0, 3, 0, 1, 0, 3, 3, 3, 1, 0, 0, 0, 3, 3, 0]","[0, 0, 0, 0, 3, 3, 0, 3, 0, 1, 0, 1, 0, 1, 0, 1, 3, 3, 0, 0, 1, 3, 3, 0, 3, 0, 1, 0, 3, 3, 3, 1, 0, 0, 0, 3, 3, 0]",6,2.638522427440633
La_Liga,2016,Villarreal,"[1, 1, 3, 3, 1, 3, 1, 3, 3, 0, 3, 0, 0, 1, 3, 3, 1, 1, 0, 3, 1, 1, 3, 0, 3, 3, 3, 0, 0, 3, 3, 0, 3, 3, 3, 0, 1, 3]","[1, 1, 3, 3, 1, 3, 1, 3, 3, 0, 3, 0, 0, 1, 3, 3, 1, 1, 0, 3, 1, 1, 3, 0, 3, 3, 3, 0, 0, 3, 3, 0, 3, 3, 3, 0, 1, 3]",3,2.5510204081632653
La_Liga,2017,Alaves,"[0, 0, 0, 0, 0, 0, 3, 0, 0, 0, 3, 0, 0, 3, 3, 0, 3, 0, 3, 1, 0, 3, 3, 3, 0, 3, 0, 0, 0, 1, 3, 3, 0, 3, 0, 3, 3, 0]","[0, 0, 0, 0, 0, 0, 3, 0, 0, 0, 3, 0, 0, 3, 3, 0, 3, 0, 3, 1, 0, 3, 3, 3, 0, 3, 0, 0, 0, 1, 3, 3, 0, 3, 0, 3, 3, 0]",1,1.7543859649122806
La_Liga,2017,Ath Bilbao,"[1, 3, 3, 0, 0, 1, 0, 3, 0, 0, 0, 1, 1, 1, 3, 1, 3, 3, 1, 1, 1, 0, 1, 0, 3, 1, 0, 3, 0, 1, 3, 0, 1, 0, 0, 3, 0, 0]","[1, 3, 3, 0, 0, 1, 0, 3, 0, 0, 0, 1, 1, 1, 3, 1, 3, 3, 1, 1, 1, 0, 1, 0, 3, 1, 0, 3, 0, 1, 3, 0, 1, 0, 0, 3, 0, 0]",7,8.333333333333334
La_Liga,2017,Ath Madrid,"[1, 3, 1, 3, 3, 3, 1, 1, 3, 1, 3, 1, 3, 3, 3, 3, 0, 3, 3, 1, 3, 3, 3, 3, 3, 3, 0, 3, 0, 3, 1, 3, 0, 1, 3, 0, 3, 1]","[1, 3, 1, 3, 3, 3, 1, 1, 3, 1, 3, 1, 3, 3, 3, 3, 0, 3, 3, 1, 3, 3, 3, 3, 3, 3, 0, 3, 0, 3, 1, 3, 0, 1, 3, 0, 3, 1]",12,31.25
La_Liga,2017,Barcelona,"[3, 3, 3, 3, 3, 3, 3, 1, 3, 3, 3, 3, 1, 1, 3, 3, 3, 3, 3, 3, 3, 1, 1, 3, 3, 1, 3, 3, 3, 1, 3, 3, 1, 3, 1, 3, 0, 3]","[3, 3, 3, 3, 3, 3, 3, 1, 3, 3, 3, 3, 1, 1, 3, 3, 3, 3, 3, 3, 3, 1, 1, 3, 3, 1, 3, 3, 3, 1, 3, 3, 1, 3, 1, 3, 0, 3]",17,19.23076923076923
La_Liga,2017,Betis,"[0, 3, 0, 3, 3, 3, 1, 0, 3, 0, 1, 0, 1, 0, 0, 3, 0, 3, 3, 0, 0, 3, 3, 0, 3, 1, 0, 3, 3, 3, 3, 3, 3, 1, 3, 0, 1, 0]","[0, 3, 0, 3, 3, 3, 1, 0, 3, 0, 1, 0, 1, 0, 0, 3, 0, 3, 3, 0, 0, 3, 3, 0, 3, 1, 0, 3, 3, 3, 3, 3, 3, 1, 3, 0, 1, 0]",3,8.849557522123893
La_Liga,2017,Celta,"[0, 0, 3, 0, 1, 3, 1, 3, 0, 0, 3, 0, 3, 1, 0, 0, 3, 1, 3, 3, 3, 0, 1, 0, 3, 0, 3, 0, 1, 1, 3, 0, 1, 1, 0, 1, 0, 3]","[0, 0, 3, 0, 1, 3, 1, 3, 0, 0, 3, 0, 3, 1, 0, 0, 3, 1, 3, 3, 3, 0, 1, 0, 3, 0, 3, 0, 1, 1, 3, 0, 1, 1, 0, 1, 0, 3]",17,4.878048780487805
La_Liga,2017,Eibar,"[3, 0, 0, 3, 0, 0, 0, 1, 0, 1, 0, 3, 3, 3, 1, 3, 3, 3, 0, 1, 1, 3, 3, 0, 0, 3, 1, 0, 0, 1, 0, 0, 3, 0, 1, 3, 3, 1]","[3, 0, 0, 3, 0, 0, 0, 1, 0, 1, 0, 3, 3, 3, 1, 3, 3, 3, 0, 1, 1, 3, 3, 0, 0, 3, 1, 0, 0, 1, 0, 0, 3, 0, 1, 3, 3, 1]",15,5.291005291005291
La_Liga,2017,Espanol,"[1, 0, 0, 3, 1, 3, 0, 1, 1, 3, 0, 0, 3, 0, 0, 1, 3, 3, 1, 0, 0, 1, 1, 1, 1, 3, 1, 3, 0, 1, 0, 0, 0, 3, 1, 3, 3, 3]","[1, 0, 0, 3, 1, 3, 0, 1, 1, 3, 0, 0, 3, 0, 0, 1, 3, 3, 1, 0, 0, 1, 1, 1, 1, 3, 1, 3, 0, 1, 0, 0, 0, 3, 1, 3, 3, 3]",19,1.639344262295082
La_Liga,2017,Getafe,"[1, 0, 3, 0, 1, 3, 0, 0, 1, 3, 1, 3, 0, 3, 1, 0, 3, 0, 3, 1, 1, 1, 1, 3, 0, 3, 0, 0, 3, 0, 0, 3, 3, 3, 1, 3, 0, 3]","[1, 0, 3, 0, 1, 3, 0, 0, 1, 3, 1, 3, 0, 3, 1, 0, 3, 0, 3, 1, 1, 1, 1, 3, 0, 3, 0, 0, 3, 0, 0, 3, 3, 3, 1, 3, 0, 3]",2,1.5772870662460567
La_Liga,2017,Girona,"[1, 3, 0, 0, 1, 0, 1, 0, 3, 3, 3, 1, 1, 0, 3, 3, 0, 0, 3, 1, 1, 3, 0, 3, 0, 3, 3, 3, 0, 1, 0, 0, 3, 0, 1, 0, 0, 3]","[1, 3, 0, 0, 1, 0, 1, 0, 3, 3, 3, 1, 1, 0, 3, 3, 0, 0, 3, 1, 1, 3, 0, 3, 0, 3, 3, 3, 0, 1, 0, 0, 3, 0, 1, 0, 0, 3]",10,10.638297872340425
La_Liga,2017,La Coruna,"[0, 1, 0, 0, 3, 0, 3, 1, 0, 3, 0, 0, 1, 0, 3, 0, 0, 1, 0, 0, 1, 0, 0, 0, 1, 0, 1, 0, 1, 0, 3, 3, 1, 1, 0, 1, 0, 0]","[0, 1, 0, 0, 3, 0, 3, 1, 0, 3, 0, 0, 1, 0, 3, 0, 0, 1, 0, 0, 1, 0, 0, 0, 1, 0, 1, 0, 1, 0, 3, 3, 1, 1, 0, 1, 0, 0]",4,3.7735849056603774
La_Liga,2017,Las Palmas,"[0, 0, 3, 3, 0, 0, 0, 0, 0, 0, 0, 0, 1, 3, 0, 1, 0, 0, 0, 3, 0, 3, 1, 0, 1, 1, 0, 0, 1, 0, 0, 0, 0, 0, 1, 0, 0, 0]","[0, 0, 3, 3, 0, 0, 0, 0, 0, 0, 0, 0, 1, 3, 0, 1, 0, 0, 0, 3, 0, 3, 1, 0, 1, 1, 0, 0, 1, 0, 0, 0, 0, 0, 1, 0, 0, 0]",12,19.607843137254903
La_Liga,2017,Leganes,"[3, 3, 0, 0, 1, 3, 1, 3, 3, 0, 0, 0, 0, 3, 0, 1, 3, 0, 1, 3, 1, 0, 0, 0, 1, 0, 3, 0, 3, 0, 0, 3, 0, 1, 0, 0, 0, 3]","[3, 3, 0, 0, 1, 3, 1, 3, 3, 0, 0, 0, 0, 3, 0, 1, 3, 0, 1, 3, 1, 0, 0, 0, 1, 0, 3, 0, 3, 0, 0, 3, 0, 1, 0, 0, 0, 3]",18,8.064516129032258
La_Liga,2017,Levante,"[3, 1, 1, 1, 3, 0, 0, 1, 1, 1, 0, 3, 0, 1, 0, 1, 1, 0, 0, 0, 1, 1, 0, 0, 0, 0, 1, 3, 3, 1, 3, 0, 3, 3, 3, 3, 3, 0]","[3, 1, 1, 1, 3, 0, 0, 1, 1, 1, 0, 3, 0, 1, 0, 1, 1, 0, 0, 0, 1, 1, 0, 0, 0, 0, 1, 3, 3, 1, 3, 0, 3, 3, 3, 3, 3, 0]",1,2.6041666666666665
La_Liga,2017,Malaga,"[0, 0, 0, 0, 0, 1, 0, 0, 0, 3, 0, 3, 0, 1, 3, 0, 0, 0, 0, 1, 1, 0, 0, 0, 0, 0, 0, 0, 1, 3, 0, 0, 0, 3, 0, 0, 0, 0]","[0, 0, 0, 0, 0, 1, 0, 0, 0, 3, 0, 3, 0, 1, 3, 0, 0, 0, 0, 1, 1, 0, 0, 0, 0, 0, 0, 0, 1, 3, 0, 0, 0, 3, 0, 0, 0, 0]",4,3.5714285714285716
La_Liga,2017,Real Madrid,"[3, 1, 1, 3, 0, 3, 3, 3, 3, 0, 3, 1, 3, 1, 3, 0, 1, 0, 3, 3, 1, 3, 3, 3, 3, 0, 3, 3, 3, 3, 1, 3, 1, 3, 1, 0, 3, 1]","[3, 1, 1, 3, 0, 3, 3, 3, 3, 0, 3, 1, 3, 1, 3, 0, 1, 0, 3, 3, 1, 3, 3, 3, 3, 0, 3, 3, 3, 3, 1, 3, 1, 3, 1, 0, 3, 1]",4,6.7114093959731544
La_Liga,2017,Sevilla,"[1, 3, 3, 3, 3, 0, 3, 0, 0, 3, 0, 3, 3, 3, 0, 1, 0, 0, 0, 3, 1, 0, 3, 3, 0, 3, 3, 0, 0, 1, 0, 1, 1, 0, 3, 3, 1, 3]","[1, 3, 3, 3, 3, 0, 3, 0, 0, 3, 0, 3, 3, 3, 0, 1, 0, 0, 0, 3, 1, 0, 3, 3, 0, 3, 3, 0, 0, 1, 0, 1, 1, 0, 3, 3, 1, 3]",11,4.524886877828054
La_Liga,2017,Sociedad,"[3, 3, 3, 0, 0, 0, 1, 3, 1, 0, 3, 1, 1, 0, 0, 1, 3, 0, 0, 0, 0, 3, 0, 3, 0, 1, 3, 0, 0, 1, 3, 3, 3, 0, 3, 0, 3, 0]","[3, 3, 3, 0, 0, 0, 1, 3, 1, 0, 3, 1, 1, 0, 0, 1, 3, 0, 0, 0, 0, 3, 0, 3, 0, 1, 3, 0, 0, 1, 3, 3, 3, 0, 3, 0, 3, 0]",1,2.197802197802198
La_Liga,2017,Valencia,"[3, 1, 1, 1, 3, 3, 3, 3, 3, 3, 3, 3, 1, 0, 3, 0, 0, 3, 3, 0, 0, 0, 3, 3, 3, 1, 3, 3, 3, 3, 3, 0, 0, 1, 1, 0, 3, 3]","[3, 1, 1, 1, 3, 3, 3, 3, 3, 3, 3, 3, 1, 0, 3, 0, 0, 3, 3, 0, 0, 0, 3, 3, 3, 1, 3, 3, 3, 3, 3, 0, 0, 1, 1, 0, 3, 3]",7,14.084507042253522
La_Liga,2017,Villarreal,"[0, 0, 3, 3, 1, 0, 3, 3, 3, 1, 3, 1, 0, 0, 0, 3, 3, 1, 3, 3, 3, 0, 0, 1, 3, 0, 0, 3, 3, 0, 0, 1, 3, 3, 3, 0, 3, 1]","[0, 0, 3, 3, 1, 0, 3, 3, 3, 1, 3, 1, 0, 0, 0, 3, 3, 1, 3, 3, 3, 0, 0, 1, 3, 0, 0, 3, 3, 0, 0, 1, 3, 3, 3, 0, 3, 1]",17,3.787878787878788
La_Liga,2018,Alaves,"[0, 1, 3, 3, 3, 1, 0, 3, 3, 3, 0, 3, 0, 1, 0, 1, 3, 3, 1, 0, 0, 0, 3, 1, 1, 3, 1, 3, 0, 0, 1, 0, 1, 0, 1, 0, 0, 3]","[0, 1, 3, 3, 3, 1, 0, 3, 3, 3, 0, 3, 0, 1, 0, 1, 3, 3, 1, 0, 0, 0, 3, 1, 1, 3, 1, 3, 0, 0, 1, 0, 1, 0, 1, 0, 0, 3]",10,27.027027027027028
La_Liga,2018,Ath Bilbao,"[3, 1, 1, 1, 0, 1, 0, 1, 1, 1, 0, 0, 1, 0, 3, 1, 1, 3, 3, 1, 3, 0, 1, 3, 3, 0, 1, 3, 3, 3, 0, 3, 0, 3, 1, 0, 3, 0]","[3, 1, 1, 1, 0, 1, 0, 1, 1, 1, 0, 0, 1, 0, 3, 1, 1, 3, 3, 1, 3, 0, 1, 3, 3, 0, 1, 3, 3, 3, 0, 3, 0, 3, 1, 0, 3, 0]",1,3.3112582781456954
La_Liga,2018,Ath Madrid,"[1, 3, 0, 1, 3, 3, 1, 3, 1, 3, 1, 3, 1, 1, 3, 3, 3, 1, 3, 3, 3, 0, 0, 3, 3, 3, 3, 0, 3, 3, 0, 3, 3, 3, 3, 0, 1, 1]","[1, 3, 0, 1, 3, 3, 1, 3, 1, 3, 1, 3, 1, 1, 3, 3, 3, 1, 3, 3, 3, 0, 0, 3, 3, 3, 3, 0, 3, 3, 0, 3, 3, 3, 3, 0, 1, 1]",3,15.151515151515152
La_Liga,2018,Barcelona,"[3, 3, 3, 3, 1, 0, 1, 1, 3, 3, 3, 0, 1, 3, 3, 3, 3, 3, 3, 3, 3, 1, 1, 3, 3, 3, 3, 3, 3, 1, 3, 1, 3, 3, 3, 0, 3, 1]","[3, 3, 3, 3, 1, 0, 1, 1, 3, 3, 3, 0, 1, 3, 3, 3, 3, 3, 3, 3, 3, 1, 1, 3, 3, 3, 3, 3, 3, 1, 3, 1, 3, 3, 3, 0, 3, 1]",3,8.403361344537815
La_Liga,2018,Betis,"[0, 1, 3, 1, 1, 3, 3, 0, 0, 0, 1, 3, 0, 3, 3, 3, 1, 0, 0, 3, 0, 3, 0, 1, 3, 0, 3, 0, 1, 0, 3, 0, 0, 0, 1, 0, 3, 3]","[0, 1, 3, 1, 1, 3, 3, 0, 0, 0, 1, 3, 0, 3, 3, 3, 1, 0, 0, 3, 0, 3, 0, 1, 3, 0, 3, 0, 1, 0, 3, 0, 0, 0, 1, 0, 3, 3]",11,4.651162790697675
La_Liga,2018,Celta,"[1, 3, 3, 0, 1, 1, 1, 0, 0, 3, 1, 0, 0, 3, 3, 1, 0, 0, 0, 0, 0, 3, 0, 0, 1, 0, 0, 0, 3, 1, 3, 0, 3, 1, 1, 3, 0, 1]","[1, 3, 3, 0, 1, 1, 1, 0, 0, 3, 1, 0, 0, 3, 3, 1, 0, 0, 0, 0, 0, 3, 0, 0, 1, 0, 0, 0, 3, 1, 3, 0, 3, 1, 1, 3, 0, 1]",2,2.1413276231263385
La_Liga,2018,Eibar,"[0, 0, 3, 1, 3, 0, 0, 3, 1, 0, 3, 1, 3, 0, 1, 1, 1, 1, 0, 3, 1, 3, 1, 1, 0, 3, 1, 0, 1, 3, 0, 1, 0, 0, 3, 3, 0, 1]","[0, 0, 3, 1, 3, 0, 0, 3, 1, 0, 3, 1, 3, 0, 1, 1, 1, 1, 0, 3, 1, 3, 1, 1, 0, 3, 1, 0, 1, 3, 0, 1, 0, 0, 3, 3, 0, 1]",8,2.8901734104046244
La_Liga,2018,Espanol,"[1, 3, 0, 3, 0, 3, 1, 3, 3, 1, 3, 0, 0, 0, 0, 0, 0, 3, 0, 0, 0, 1, 3, 1, 1, 3, 1, 0, 0, 1, 3, 3, 1, 1, 1, 3, 3, 3]","[1, 3, 0, 3, 0, 3, 1, 3, 3, 1, 3, 0, 0, 0, 0, 0, 0, 3, 0, 0, 0, 1, 3, 1, 1, 3, 1, 0, 0, 1, 3, 3, 1, 1, 1, 3, 3, 3]",19,1.2987012987012987
La_Liga,2018,Getafe,"[0, 3, 1, 3, 0, 1, 1, 0, 3, 3, 1, 0, 1, 3, 1, 3, 1, 0, 3, 3, 0, 1, 3, 1, 3, 3, 3, 1, 0, 1, 3, 1, 3, 1, 0, 3, 0, 1]","[0, 3, 1, 3, 0, 1, 1, 0, 3, 3, 1, 0, 1, 3, 1, 3, 1, 0, 3, 3, 0, 1, 3, 1, 3, 3, 3, 1, 0, 1, 3, 1, 3, 1, 0, 3, 0, 1]",5,5.405405405405405
La_Liga,2018,Girona,"[1, 0, 3, 3, 1, 0, 1, 0, 1, 3, 3, 1, 3, 1, 0, 0, 1, 1, 1, 0, 0, 0, 0, 3, 1, 3, 0, 3, 0, 0, 0, 0, 0, 0, 3, 0, 0, 0]","[1, 0, 3, 3, 1, 0, 1, 0, 1, 3, 3, 1, 3, 1, 0, 0, 1, 1, 1, 0, 0, 0, 0, 3, 1, 3, 0, 3, 0, 0, 0, 0, 0, 0, 3, 0, 0, 0]",10,41.271151465125875
La_Liga,2018,Huesca,"[3, 1, 0, 0, 0, 0, 1, 0, 0, 0, 1, 0, 1, 0, 0, 1, 0, 3, 0, 0, 1, 3, 3, 0, 1, 3, 0, 0, 0, 1, 1, 1, 1, 3, 1, 0, 0, 3]","[3, 1, 0, 0, 0, 0, 1, 0, 0, 0, 1, 0, 1, 0, 0, 1, 0, 3, 0, 0, 1, 3, 3, 0, 1, 3, 0, 0, 0, 1, 1, 1, 1, 3, 1, 0, 0, 3]",12,1.5479876160990713
La_Liga,2018,Leganes,"[0, 1, 0, 0, 0, 3, 0, 3, 1, 0, 1, 1, 3, 3, 1, 1, 1, 0, 3, 0, 1, 3, 3, 0, 1, 3, 0, 0, 3, 3, 1, 1, 0, 0, 1, 3, 0, 0]","[0, 1, 0, 0, 0, 3, 0, 3, 1, 0, 1, 1, 3, 3, 1, 1, 1, 0, 3, 0, 1, 3, 3, 0, 1, 3, 0, 0, 3, 3, 1, 1, 0, 0, 1, 3, 0, 0]",2,7.407407407407407
La_Liga,2018,Levante,"[3, 0, 1, 0, 0, 0, 3, 3, 3, 3, 1, 0, 1, 3, 1, 0, 0, 1, 0, 3, 0, 1, 0, 3, 0, 0, 0, 1, 1, 0, 1, 0, 1, 3, 0, 3, 3, 1]","[3, 0, 1, 0, 0, 0, 3, 3, 3, 3, 1, 0, 1, 3, 1, 0, 0, 1, 0, 3, 0, 1, 0, 3, 0, 0, 0, 1, 1, 0, 1, 0, 1, 3, 0, 3, 3, 1]",18,3.4722222222222223
La_Liga,2018,Real Madrid,"[3, 3, 3, 1, 3, 0, 1, 0, 0, 0, 3, 3, 0, 3, 3, 3, 1, 0, 3, 3, 3, 3, 3, 0, 3, 0, 3, 3, 3, 0, 3, 1, 3, 1, 0, 3, 0, 0]","[3, 3, 3, 1, 3, 0, 1, 0, 0, 0, 3, 3, 0, 3, 3, 3, 1, 0, 3, 3, 3, 3, 3, 0, 3, 0, 3, 3, 3, 0, 3, 1, 3, 1, 0, 3, 0, 0]",2,11.627906976744185
La_Liga,2018,Sevilla,"[3, 1, 0, 0, 3, 3, 3, 3, 0, 3, 1, 3, 3, 1, 1, 3, 1, 1, 0, 0, 3, 0, 1, 0, 0, 0, 3, 3, 0, 3, 3, 3, 0, 3, 0, 0, 1, 3]","[3, 1, 0, 0, 3, 3, 3, 3, 0, 3, 1, 3, 3, 1, 1, 3, 1, 1, 0, 0, 3, 0, 1, 0, 0, 0, 3, 3, 0, 3, 3, 3, 0, 3, 0, 0, 1, 3]",19,4.11522633744856
La_Liga,2018,Sociedad,"[3, 1, 0, 0, 3, 1, 0, 3, 1, 0, 1, 3, 3, 0, 0, 0, 0, 3, 3, 1, 1, 3, 1, 3, 1, 0, 0, 1, 1, 3, 0, 1, 0, 0, 3, 3, 3, 0]","[3, 1, 0, 0, 3, 1, 0, 3, 1, 0, 1, 3, 3, 0, 0, 0, 0, 3, 3, 1, 1, 3, 1, 3, 1, 0, 0, 1, 1, 3, 0, 1, 0, 0, 3, 3, 3, 0]",14,3.194888178913738
La_Liga,2018,Valencia,"[1, 0, 1, 1, 1, 1, 3, 1, 1, 1, 0, 3, 3, 0, 1, 1, 3, 0, 1, 3, 3, 1, 1, 1, 1, 3, 3, 1, 3, 3, 0, 3, 3, 0, 0, 3, 3, 3]","[1, 0, 1, 1, 1, 1, 3, 1, 1, 1, 0, 3, 3, 0, 1, 1, 3, 0, 1, 3, 3, 1, 1, 1, 1, 3, 3, 1, 3, 3, 0, 3, 3, 0, 0, 3, 3, 3]",5,1.3850415512465375
La_Liga,2018,Valladolid,"[1, 0, 1, 0, 1, 3, 3, 3, 3, 1, 0, 1, 0, 0, 3, 0, 1, 0, 1, 0, 3, 0, 1, 0, 0, 0, 0, 3, 1, 0, 0, 1, 1, 3, 0, 3, 3, 0]","[1, 0, 1, 0, 1, 3, 3, 3, 3, 1, 0, 1, 0, 0, 3, 0, 1, 0, 1, 0, 3, 0, 1, 0, 0, 0, 0, 3, 1, 0, 0, 1, 1, 3, 0, 3, 3, 0]",17,3.1545741324921135
La_Liga,2018,Vallecano,"[0, 0, 3, 0, 1, 1, 0, 0, 1, 0, 0, 1, 0, 3, 0, 0, 3, 3, 3, 1, 3, 0, 0, 0, 0, 0, 0, 0, 1, 0, 3, 0, 1, 0, 3, 0, 0, 1]","[0, 0, 3, 0, 1, 1, 0, 0, 1, 0, 0, 1, 0, 3, 0, 0, 3, 3, 3, 1, 3, 0, 0, 0, 0, 0, 0, 0, 1, 0, 3, 0, 1, 0, 3, 0, 0, 1]",17,11.764705882352942
La_Liga,2018,Villarreal,"[0, 1, 0, 3, 1, 3, 0, 0, 1, 0, 1, 1, 3, 0, 0, 1, 1, 1, 0, 1, 0, 1, 1, 3, 0, 0, 3, 3, 0, 1, 0, 3, 3, 3, 1, 0, 3, 1]","[0, 1, 0, 3, 1, 3, 0, 0, 1, 0, 1, 1, 3, 0, 0, 1, 1, 1, 0, 1, 0, 1, 1, 3, 0, 0, 3, 3, 0, 1, 0, 3, 3, 3, 1, 0, 3, 1]",4,1.5698587127158556
La_Liga,2019,Alaves,"[3, 1, 1, 0, 0, 0, 3, 0, 3, 0, 1, 0, 3, 3, 0, 0, 1, 0, 1, 3, 0, 1, 3, 0, 3, 1, 1, 0, 3, 0, 0, 0, 0, 0, 0, 1, 3, 0]","[3, 1, 1, 0, 0, 0, 3, 0, 3, 0, 1, 0, 3, 3, 0, 0, 1, 0, 1, 3, 0, 1, 3, 0, 3, 1, 1, 0, 3, 0, 0, 0, 0, 0, 0, 1, 3, 0]",9,18.51851851851852
La_Liga,2019,Ath Bilbao,"[3, 1, 3, 1, 3, 1, 0, 0, 1, 0, 3, 1, 3, 3, 3, 0, 1, 1, 1, 1, 1, 0, 0, 0, 0, 3, 3, 1, 1, 3, 0, 3, 3, 0, 0, 3, 0, 0]","[3, 1, 3, 1, 3, 1, 0, 0, 1, 0, 3, 1, 3, 3, 3, 0, 1, 1, 1, 1, 1, 0, 0, 0, 0, 3, 3, 1, 1, 3, 0, 3, 3, 0, 0, 3, 0, 0]",2,10.526315789473685
La_Liga,2019,Ath Madrid,"[3, 3, 3, 0, 1, 3, 1, 1, 1, 3, 1, 1, 3, 1, 0, 1, 3, 3, 3, 0, 1, 0, 3, 1, 3, 1, 1, 1, 3, 3, 3, 3, 1, 3, 1, 3, 3, 1]","[3, 3, 3, 0, 1, 3, 1, 1, 1, 3, 1, 1, 3, 1, 0, 1, 3, 3, 3, 0, 1, 0, 3, 1, 3, 1, 1, 1, 3, 3, 3, 3, 1, 3, 1, 3, 3, 1]",1,1.8050541516245486
La_Liga,2019,Barcelona,"[0, 3, 1, 3, 0, 3, 3, 3, 3, 3, 0, 3, 3, 3, 3, 1, 1, 3, 1, 3, 0, 3, 3, 3, 3, 0, 3, 3, 3, 1, 3, 1, 1, 3, 3, 3, 0, 3]","[0, 3, 1, 3, 0, 3, 3, 3, 3, 3, 0, 3, 3, 3, 3, 1, 1, 3, 1, 3, 0, 3, 3, 3, 3, 0, 3, 3, 3, 1, 3, 1, 1, 3, 3, 3, 0, 3]",2,2.9239766081871346
La_Liga,2019,Betis,"[0, 0, 3, 1, 1, 3, 0, 1, 0, 0, 3, 1, 0, 3, 3, 3, 1, 0, 1, 3, 0, 1, 0, 1, 1, 0, 3, 0, 1, 0, 3, 0, 0, 1, 3, 0, 0, 0]","[0, 0, 3, 1, 1, 3, 0, 1, 0, 0, 3, 1, 0, 3, 3, 3, 1, 0, 1, 3, 0, 1, 0, 1, 1, 0, 3, 0, 1, 0, 3, 0, 0, 1, 3, 0, 0, 0]",3,13.88888888888889
La_Liga,2019,Celta,"[0, 3, 1, 0, 1, 1, 0, 3, 0, 0, 0, 0, 0, 3, 1, 0, 1, 0, 1, 1, 1, 0, 3, 1, 3, 1, 1, 0, 1, 3, 3, 1, 0, 1, 1, 0, 0, 1]","[0, 3, 1, 0, 1, 1, 0, 3, 0, 0, 0, 0, 0, 3, 1, 0, 1, 0, 1, 1, 1, 0, 3, 1, 3, 1, 1, 0, 1, 3, 3, 1, 0, 1, 1, 0, 0, 1]",6,5.813953488372093
La_Liga,2019,Eibar,"[0, 1, 0, 0, 1, 3, 3, 1, 0, 0, 3, 3, 0, 0, 0, 0, 1, 3, 0, 3, 1, 1, 0, 0, 3, 0, 0, 0, 1, 1, 3, 3, 0, 0, 1, 3, 3, 0]","[0, 1, 0, 0, 1, 3, 3, 1, 0, 0, 3, 3, 0, 0, 0, 0, 1, 3, 0, 3, 1, 1, 0, 0, 3, 0, 0, 0, 1, 1, 3, 3, 0, 0, 1, 3, 3, 0]",1,2.197802197802198
La_Liga,2019,Espanol,"[0, 1, 0, 3, 0, 1, 0, 0, 0, 3, 0, 0, 0, 1, 0, 0, 1, 0, 1, 3, 1, 0, 3, 1, 0, 1, 0, 3, 1, 0, 0, 0, 0, 0, 0, 0, 0, 1]","[0, 1, 0, 3, 0, 1, 0, 0, 0, 3, 0, 0, 0, 1, 0, 0, 1, 0, 1, 3, 1, 0, 3, 1, 0, 1, 0, 3, 1, 0, 0, 0, 0, 0, 0, 0, 0, 1]",9,20.408163265306122
La_Liga,2019,Getafe,"[0, 1, 1, 1, 3, 1, 0, 3, 3, 0, 3, 3, 1, 1, 3, 3, 3, 0, 0, 3, 3, 3, 3, 0, 0, 3, 1, 0, 1, 1, 1, 3, 0, 1, 0, 1, 0, 0]","[0, 1, 1, 1, 3, 1, 0, 3, 3, 0, 3, 3, 1, 1, 3, 3, 3, 0, 0, 3, 3, 3, 3, 0, 0, 3, 1, 0, 1, 1, 1, 3, 0, 1, 0, 1, 0, 0]",15,90.57971014492753
La_Liga,2019,Granada,"[1, 0, 3, 3, 3, 1, 3, 0, 3, 3, 0, 0, 0, 1, 0, 3, 0, 0, 3, 0, 0, 3, 0, 3, 3, 1, 1, 3, 1, 0, 1, 0, 3, 1, 3, 0, 3, 3]","[1, 0, 3, 3, 3, 1, 3, 0, 3, 3, 0, 0, 0, 1, 0, 3, 0, 0, 3, 0, 0, 3, 0, 3, 3, 1, 1, 3, 1, 0, 1, 0, 3, 1, 3, 0, 3, 3]",10,1.7006802721088434
La_Liga,2019,Leganes,"[0, 0, 0, 0, 1, 1, 0, 0, 0, 3, 0, 0, 1, 0, 0, 3, 1, 3, 1, 0, 1, 3, 0, 1, 0, 1, 3, 0, 0, 1, 1, 0, 0, 3, 1, 3, 3, 1]","[0, 0, 0, 0, 1, 1, 0, 0, 0, 3, 0, 0, 1, 0, 0, 3, 1, 3, 1, 0, 1, 3, 0, 1, 0, 1, 3, 0, 0, 1, 1, 0, 0, 3, 1, 3, 3, 1]",1,1.2706480304955527
La_Liga,2019,Levante,"[0, 3, 3, 0, 1, 0, 1, 3, 0, 0, 3, 3, 0, 3, 0, 0, 3, 3, 0, 0, 0, 0, 3, 0, 3, 0, 1, 1, 1, 3, 0, 3, 1, 1, 0, 0, 3, 3]","[0, 3, 3, 0, 1, 0, 1, 3, 0, 0, 3, 3, 0, 3, 0, 0, 3, 3, 0, 0, 0, 0, 3, 0, 3, 0, 1, 1, 1, 3, 0, 3, 1, 1, 0, 0, 3, 3]",19,2.3923444976076556
La_Liga,2019,Mallorca,"[3, 0, 0, 1, 0, 0, 0, 3, 3, 0, 1, 0, 3, 0, 0, 0, 1, 0, 0, 3, 0, 0, 0, 3, 1, 0, 3, 0, 0, 1, 0, 0, 3, 0, 3, 0, 0, 1]","[3, 0, 0, 1, 0, 0, 0, 3, 3, 0, 1, 0, 3, 0, 0, 0, 1, 0, 0, 3, 0, 0, 0, 3, 1, 0, 3, 0, 0, 1, 0, 0, 3, 0, 3, 0, 0, 1]",3,2.6954177897574123
La_Liga,2019,Osasuna,"[3, 1, 1, 1, 1, 0, 1, 3, 0, 3, 1, 3, 1, 0, 3, 1, 0, 0, 1, 1, 3, 0, 0, 3, 0, 0, 3, 1, 0, 0, 3, 3, 3, 1, 0, 3, 3, 1]","[3, 1, 1, 1, 1, 0, 1, 3, 0, 3, 1, 3, 1, 0, 3, 1, 0, 0, 1, 1, 3, 0, 0, 3, 0, 0, 3, 1, 0, 0, 3, 3, 3, 1, 0, 3, 3, 1]",1,1.5822784810126582
La_Liga,2019,Real Madrid,"[3, 1, 1, 3, 3, 3, 1, 3, 0, 3, 1, 3, 3, 3, 3, 1, 1, 1, 3, 3, 3, 3, 3, 1, 0, 3, 0, 3, 3, 3, 3, 3, 3, 3, 3, 3, 3, 1]","[3, 1, 1, 3, 3, 3, 1, 3, 0, 3, 1, 3, 3, 3, 3, 1, 1, 1, 3, 3, 3, 3, 3, 1, 0, 3, 0, 3, 3, 3, 3, 3, 3, 3, 3, 3, 3, 1]",1,3.125
La_Liga,2019,Sevilla,"[3, 3, 1, 3, 0, 0, 3, 0, 3, 3, 1, 1, 3, 3, 3, 1, 0, 3, 1, 0, 3, 1, 0, 1, 3, 3, 1, 3, 1, 1, 1, 1, 3, 3, 3, 3, 1, 3]","[3, 3, 1, 3, 0, 0, 3, 0, 3, 3, 1, 1, 3, 3, 3, 1, 0, 3, 1, 0, 3, 1, 0, 1, 3, 3, 1, 3, 1, 1, 1, 1, 3, 3, 3, 3, 1, 3]",19,1.8248175182481752
La_Liga,2019,Sociedad,"[1, 3, 0, 3, 3, 3, 0, 0, 3, 3, 0, 3, 1, 0, 3, 1, 1, 3, 0, 0, 3, 0, 3, 3, 3, 0, 3, 1, 0, 0, 0, 0, 3, 1, 0, 3, 1, 1]","[1, 3, 0, 3, 3, 3, 0, 0, 3, 3, 0, 3, 1, 0, 3, 1, 1, 3, 0, 0, 3, 0, 3, 3, 3, 0, 3, 1, 0, 0, 0, 0, 3, 1, 0, 3, 1, 1]",11,14.084507042253522
La_Liga,2019,Valencia,"[1, 0, 3, 0, 1, 1, 3, 3, 1, 0, 1, 3, 3, 0, 3, 3, 1, 1, 3, 0, 3, 3, 0, 1, 0, 3, 1, 1, 0, 3, 0, 0, 0, 1, 3, 0, 3, 0]","[1, 0, 3, 0, 1, 1, 3, 3, 1, 0, 1, 3, 3, 0, 3, 3, 1, 1, 3, 0, 3, 3, 0, 1, 0, 3, 1, 1, 0, 3, 0, 0, 0, 1, 3, 0, 3, 0]",16,13.88888888888889
La_Liga,2019,Valladolid,"[3, 1, 0, 1, 0, 1, 3, 1, 1, 3, 0, 3, 0, 0, 1, 1, 0, 1, 1, 1, 0, 3, 1, 0, 3, 0, 0, 3, 1, 0, 1, 1, 1, 3, 0, 0, 0, 3]","[3, 1, 0, 1, 0, 1, 3, 1, 1, 3, 0, 3, 0, 0, 1, 1, 0, 1, 1, 1, 0, 3, 1, 0, 3, 0, 0, 3, 1, 0, 1, 1, 1, 3, 0, 0, 0, 3]",4,2.785515320334262
La_Liga,2019,Villarreal,"[1, 0, 1, 3, 3, 0, 3, 0, 3, 3, 0, 1, 0, 0, 0, 1, 3, 3, 3, 0, 3, 3, 1, 3, 0, 0, 0, 3, 3, 3, 1, 3, 3, 0, 3, 0, 0, 3]","[1, 0, 1, 3, 3, 0, 3, 0, 3, 3, 0, 1, 0, 0, 0, 1, 3, 3, 3, 0, 3, 3, 1, 3, 0, 0, 0, 3, 3, 3, 1, 3, 3, 0, 3, 0, 0, 3]",5,3.067484662576687
La_Liga,2020,Alaves,"[0, 0, 1, 0, 3, 0, 3, 1, 1, 1, 3, 1, 0, 0, 3, 1, 0, 0, 0, 0, 1, 3, 0, 0, 0, 0, 1, 0, 0, 1, 3, 3, 1, 0, 1, 3, 3, 0]","[0, 0, 1, 0, 3, 0, 3, 1, 1, 1, 3, 1, 0, 0, 3, 1, 0, 0, 0, 0, 1, 3, 0, 0, 0, 0, 1, 0, 0, 1, 3, 3, 1, 0, 1, 3, 3, 0]",1,1.941747572815534
La_Liga,2020,Ath Bilbao,"[0, 3, 0, 0, 3, 0, 3, 0, 3, 1, 0, 1, 0, 3, 1, 0, 3, 0, 3, 0, 1, 3, 1, 1, 3, 0, 1, 1, 1, 1, 1, 3, 1, 3, 1, 0, 0, 0]","[0, 3, 0, 0, 3, 0, 3, 0, 3, 1, 0, 1, 0, 3, 1, 0, 3, 0, 3, 0, 1, 3, 1, 1, 3, 0, 1, 1, 1, 1, 1, 3, 1, 3, 1, 0, 0, 0]",3,25.641025641025642
La_Liga,2020,Ath Madrid,"[3, 1, 1, 3, 3, 3, 3, 3, 3, 3, 0, 3, 3, 3, 3, 3, 3, 3, 3, 1, 3, 1, 0, 3, 1, 3, 1, 3, 0, 1, 3, 3, 0, 3, 1, 3, 3, 3]","[3, 1, 1, 3, 3, 3, 3, 3, 3, 3, 0, 3, 3, 3, 3, 3, 3, 3, 3, 1, 3, 1, 0, 3, 1, 3, 1, 3, 0, 1, 3, 3, 0, 3, 1, 3, 3, 3]",19,43.47826086956522
La_Liga,2020,Barcelona,"[3, 3, 1, 0, 0, 1, 3, 0, 3, 0, 3, 3, 1, 3, 1, 3, 3, 3, 3, 3, 3, 3, 1, 3, 3, 3, 3, 3, 3, 0, 3, 3, 0, 3, 1, 1, 0, 3]","[3, 3, 1, 0, 0, 1, 3, 0, 3, 0, 3, 3, 1, 3, 1, 3, 3, 3, 3, 3, 3, 3, 1, 3, 3, 3, 3, 3, 3, 0, 3, 3, 0, 3, 1, 1, 0, 3]",6,10.416666666666666
La_Liga,2020,Betis,"[3, 3, 0, 0, 3, 0, 0, 3, 0, 0, 0, 3, 1, 0, 3, 0, 1, 3, 3, 1, 3, 0, 3, 3, 3, 3, 0, 3, 1, 1, 1, 1, 1, 1, 3, 1, 3, 3]","[3, 3, 0, 0, 3, 0, 0, 3, 0, 0, 0, 3, 1, 0, 3, 0, 1, 3, 3, 1, 3, 0, 3, 3, 3, 3, 0, 3, 1, 1, 1, 1, 1, 1, 3, 1, 3, 3]",12,1.9230769230769231
La_Liga,2020,Cadiz,"[0, 3, 0, 3, 1, 3, 1, 3, 0, 0, 1, 3, 0, 0, 0, 1, 1, 3, 1, 0, 0, 0, 0, 1, 0, 3, 1, 0, 3, 3, 1, 0, 1, 3, 3, 0, 0, 1]","[0, 3, 0, 3, 1, 3, 1, 3, 0, 0, 1, 3, 0, 0, 0, 1, 1, 3, 1, 0, 0, 0, 0, 1, 0, 3, 1, 0, 3, 3, 1, 0, 1, 3, 3, 0, 0, 1]",3,4.444444444444445
La_Liga,2020,Celta,"[1, 3, 1, 0, 0, 0, 1, 0, 1, 0, 3, 3, 3, 3, 1, 3, 0, 0, 0, 1, 1, 1, 3, 0, 1, 3, 1, 0, 3, 0, 1, 0, 3, 3, 3, 3, 3, 0]","[1, 3, 1, 0, 0, 0, 1, 0, 1, 0, 3, 3, 3, 3, 1, 3, 0, 0, 0, 1, 1, 1, 3, 0, 1, 3, 1, 0, 3, 0, 1, 0, 3, 3, 3, 3, 3, 0]",1,3.0959752321981426
La_Liga,2020,Eibar,"[1, 0, 0, 0, 3, 1, 3, 0, 1, 1, 3, 1, 1, 0, 0, 1, 3, 0, 0, 1, 0, 0, 1, 0, 1, 0, 0, 1, 0, 0, 0, 0, 0, 3, 3, 1, 0, 0]","[1, 0, 0, 0, 3, 1, 3, 0, 1, 1, 3, 1, 1, 0, 0, 1, 3, 0, 0, 1, 0, 0, 1, 0, 1, 0, 0, 1, 0, 0, 0, 0, 0, 3, 3, 1, 0, 0]",18,7.518796992481203
La_Liga,2020,Elche,"[0, 3, 1, 3, 3, 0, 1, 1, 1, 1, 0, 0, 1, 1, 0, 0, 1, 0, 0, 1, 0, 3, 0, 0, 3, 0, 0, 1, 1, 0, 0, 1, 3, 0, 0, 0, 3, 3]","[0, 3, 1, 3, 3, 0, 1, 1, 1, 1, 0, 0, 1, 1, 0, 0, 1, 0, 0, 1, 0, 3, 0, 0, 3, 0, 0, 1, 1, 0, 0, 1, 3, 0, 0, 0, 3, 3]",13,1.9607843137254901
La_Liga,2020,Getafe,"[3, 1, 3, 0, 3, 0, 1, 0, 1, 1, 0, 0, 3, 1, 0, 0, 3, 3, 0, 1, 0, 0, 0, 0, 3, 0, 1, 1, 1, 0, 1, 0, 3, 0, 0, 0, 3, 1]","[3, 1, 3, 0, 3, 0, 1, 0, 1, 1, 0, 0, 3, 1, 0, 0, 3, 3, 0, 1, 0, 0, 0, 0, 3, 0, 1, 1, 1, 0, 1, 0, 3, 0, 0, 0, 3, 1]",18,5.649717514124294
La_Liga,2020,Granada,"[3, 3, 0, 1, 3, 3, 1, 0, 0, 0, 1, 3, 3, 0, 3, 0, 0, 3, 1, 0, 1, 1, 0, 0, 3, 0, 3, 0, 0, 3, 3, 0, 3, 0, 0, 0, 0, 1]","[3, 3, 0, 1, 3, 3, 1, 0, 0, 0, 1, 3, 3, 0, 3, 0, 0, 3, 1, 0, 1, 1, 0, 0, 3, 0, 3, 0, 0, 3, 3, 0, 3, 0, 0, 0, 0, 1]",5,15.625
La_Liga,2020,Huesca,"[1, 0, 1, 1, 1, 1, 0, 0, 1, 1, 0, 1, 3, 0, 1, 0, 0, 0, 0, 1, 3, 0, 0, 3, 1, 0, 0, 1, 3, 3, 0, 0, 0, 3, 0, 3, 0, 1]","[1, 0, 1, 1, 1, 1, 0, 0, 1, 1, 0, 1, 3, 0, 1, 0, 0, 0, 0, 1, 3, 0, 0, 3, 1, 0, 0, 1, 3, 3, 0, 0, 0, 3, 0, 3, 0, 1]",8,1.9120458891013383
La_Liga,2020,Levante,"[0, 3, 0, 0, 0, 1, 1, 1, 1, 1, 3, 0, 3, 1, 3, 0, 3, 1, 1, 3, 1, 0, 1, 3, 1, 0, 3, 0, 0, 3, 0, 0, 0, 0, 1, 1, 0, 1]","[0, 3, 0, 0, 0, 1, 1, 1, 1, 1, 3, 0, 3, 1, 3, 0, 3, 1, 1, 3, 1, 0, 1, 3, 1, 0, 3, 0, 0, 3, 0, 0, 0, 0, 1, 1, 0, 1]",8,28.571428571428573
La_Liga,2020,Osasuna,"[3, 0, 0, 3, 1, 3, 0, 0, 1, 0, 0, 0, 0, 1, 1, 1, 1, 0, 1, 3, 0, 3, 3, 0, 3, 0, 1, 1, 1, 3, 3, 3, 0, 0, 1, 3, 0, 0]","[3, 0, 0, 3, 1, 3, 0, 0, 1, 0, 0, 0, 0, 1, 1, 1, 1, 0, 1, 3, 0, 3, 3, 0, 3, 0, 1, 1, 1, 3, 3, 3, 0, 0, 1, 3, 0, 0]",2,6.211180124223603
La_Liga,2020,Real Madrid,"[1, 3, 3, 3, 0, 3, 3, 0, 1, 0, 3, 3, 3, 3, 3, 1, 3, 1, 3, 0, 3, 3, 3, 3, 1, 1, 3, 3, 3, 3, 1, 3, 1, 3, 1, 3, 3, 3]","[1, 3, 3, 3, 0, 3, 3, 0, 1, 0, 3, 3, 3, 3, 3, 1, 3, 1, 3, 0, 3, 3, 3, 3, 1, 1, 3, 3, 3, 3, 1, 3, 1, 3, 1, 3, 3, 3]",8,1.7271157167530224
La_Liga,2020,Sevilla,"[3, 3, 1, 0, 0, 0, 3, 3, 3, 0, 3, 1, 3, 3, 1, 3, 0, 3, 3, 3, 3, 3, 3, 0, 0, 3, 3, 1, 3, 3, 3, 3, 3, 0, 1, 3, 0, 3]","[3, 3, 1, 0, 0, 0, 3, 3, 3, 0, 3, 1, 3, 3, 1, 3, 0, 3, 3, 3, 3, 3, 3, 0, 0, 3, 3, 1, 3, 3, 3, 3, 3, 0, 1, 3, 0, 3]",5,5.128205128205129
La_Liga,2020,Sociedad,"[1, 1, 3, 0, 3, 3, 3, 3, 3, 3, 1, 1, 1, 0, 0, 0, 3, 1, 0, 1, 1, 3, 3, 3, 1, 3, 0, 0, 1, 1, 0, 3, 3, 0, 3, 0, 3, 3]","[1, 1, 3, 0, 3, 3, 3, 3, 3, 3, 1, 1, 1, 0, 0, 0, 3, 1, 0, 1, 1, 3, 3, 3, 1, 3, 0, 0, 1, 1, 0, 3, 3, 0, 3, 0, 3, 3]",12,3.2679738562091503
La_Liga,2020,Valencia,"[3, 0, 1, 3, 0, 0, 0, 1, 3, 1, 0, 1, 1, 1, 0, 0, 1, 3, 1, 0, 3, 1, 0, 3, 0, 3, 0, 3, 0, 1, 1, 0, 1, 0, 3, 0, 3, 1]","[3, 0, 1, 3, 0, 0, 0, 1, 3, 1, 0, 1, 1, 1, 0, 0, 1, 3, 1, 0, 3, 1, 0, 3, 0, 3, 0, 3, 0, 1, 1, 0, 1, 0, 3, 0, 3, 1]",10,2.450980392156863
La_Liga,2020,Valladolid,"[1, 0, 1, 0, 0, 1, 0, 0, 3, 3, 1, 0, 3, 1, 0, 1, 3, 0, 1, 1, 0, 0, 1, 0, 1, 3, 1, 1, 0, 0, 1, 1, 1, 1, 0, 0, 0, 0]","[1, 0, 1, 0, 0, 1, 0, 0, 3, 3, 1, 0, 3, 1, 0, 1, 3, 0, 1, 1, 0, 0, 1, 0, 1, 3, 1, 1, 0, 0, 1, 1, 1, 1, 0, 0, 0, 0]",4,32.25806451612903
La_Liga,2020,Villarreal,"[1, 3, 0, 3, 1, 3, 1, 3, 3, 1, 1, 1, 1, 3, 1, 0, 3, 3, 1, 1, 1, 1, 0, 1, 0, 0, 3, 3, 3, 0, 3, 0, 0, 3, 0, 3, 3, 0]","[1, 3, 0, 3, 1, 3, 1, 3, 3, 1, 1, 1, 1, 3, 1, 0, 3, 3, 1, 1, 1, 1, 0, 1, 0, 0, 3, 3, 3, 0, 3, 0, 0, 3, 0, 3, 3, 0]",19,5.0761421319796955
La_Liga,2021,Alaves,"[0, 0, 0, 0, 0, 3, 0, 0, 3, 3, 1, 3, 1, 0, 0, 1, 0, 0, 1, 1, 0, 0, 0, 3, 0, 1, 1, 0, 0, 0, 0, 3, 0, 3, 0, 3, 0, 0]","[0, 0, 0, 0, 0, 3, 0, 0, 3, 3, 1, 3, 1, 0, 0, 1, 0, 0, 1, 1, 0, 0, 0, 3, 0, 1, 1, 0, 0, 0, 0, 3, 0, 3, 0, 3, 0, 0]",2,2.717391304347826
La_Liga,2021,Ath Bilbao,"[1, 1, 3, 3, 1, 0, 1, 3, 3, 1, 1, 0, 1, 1, 0, 1, 0, 3, 0, 3, 1, 3, 3, 0, 3, 0, 3, 0, 1, 3, 1, 0, 3, 3, 1, 0, 3, 0]","[1, 1, 3, 3, 1, 0, 1, 3, 3, 1, 1, 0, 1, 1, 0, 1, 0, 3, 0, 3, 1, 3, 3, 0, 3, 0, 3, 0, 1, 3, 1, 0, 3, 3, 1, 0, 3, 0]",1,3.690036900369004
La_Liga,2021,Ath Madrid,"[3, 3, 1, 3, 1, 3, 0, 3, 1, 1, 3, 1, 3, 3, 0, 0, 0, 0, 3, 1, 3, 0, 3, 0, 3, 3, 3, 3, 3, 3, 0, 3, 1, 0, 3, 3, 1, 3]","[3, 3, 1, 3, 1, 3, 0, 3, 1, 1, 3, 1, 3, 3, 0, 0, 0, 0, 3, 1, 3, 0, 3, 0, 3, 3, 3, 3, 3, 3, 0, 3, 1, 0, 3, 3, 1, 3]",8,2.1459227467811157
La_Liga,2021,Barcelona,"[3, 1, 3, 1, 1, 3, 0, 3, 0, 0, 1, 1, 3, 3, 0, 1, 3, 1, 3, 1, 3, 3, 1, 3, 3, 3, 3, 3, 3, 3, 0, 3, 0, 3, 3, 3, 1, 0]","[3, 1, 3, 1, 1, 3, 0, 3, 0, 0, 1, 1, 3, 3, 0, 1, 3, 1, 3, 1, 3, 3, 1, 3, 3, 3, 3, 3, 3, 3, 0, 3, 0, 3, 3, 3, 1, 0]",2,7.042253521126761
La_Liga,2021,Betis,"[1, 1, 0, 3, 1, 3, 3, 0, 3, 3, 3, 0, 0, 3, 3, 3, 3, 0, 0, 1, 3, 3, 0, 3, 3, 0, 0, 3, 1, 3, 3, 1, 0, 1, 0, 3, 3, 1]","[1, 1, 0, 3, 1, 3, 3, 0, 3, 3, 3, 0, 0, 3, 3, 3, 3, 0, 0, 1, 3, 3, 0, 3, 3, 0, 0, 3, 1, 3, 3, 1, 0, 1, 0, 3, 3, 1]",7,4.310344827586207
La_Liga,2021,Cadiz,"[1, 1, 0, 0, 3, 1, 0, 1, 0, 0, 1, 1, 3, 0, 0, 0, 1, 1, 0, 0, 1, 3, 0, 1, 1, 1, 3, 0, 3, 1, 0, 3, 0, 1, 3, 0, 1, 3]","[1, 1, 0, 0, 3, 1, 0, 1, 0, 0, 1, 1, 3, 0, 0, 0, 1, 1, 0, 0, 1, 3, 0, 1, 1, 1, 3, 0, 3, 1, 0, 3, 0, 1, 3, 0, 1, 3]",3,1.2484394506866416
La_Liga,2021,Celta,"[0, 1, 0, 0, 0, 3, 3, 0, 0, 3, 0, 1, 1, 1, 3, 0, 1, 3, 3, 0, 3, 1, 3, 1, 1, 0, 3, 0, 1, 0, 0, 3, 0, 1, 3, 0, 3, 0]","[0, 1, 0, 0, 0, 3, 3, 0, 0, 3, 0, 1, 1, 1, 3, 0, 1, 3, 3, 0, 3, 1, 3, 1, 1, 0, 3, 0, 1, 0, 0, 3, 0, 1, 3, 0, 3, 0]",11,2.898550724637681
La_Liga,2021,Elche,"[1, 0, 1, 3, 1, 0, 0, 3, 0, 1, 0, 0, 1, 0, 1, 3, 0, 0, 1, 3, 3, 1, 3, 0, 3, 0, 0, 3, 0, 0, 0, 3, 3, 1, 0, 0, 0, 3]","[1, 0, 1, 3, 1, 0, 0, 3, 0, 1, 0, 0, 1, 0, 1, 3, 0, 0, 1, 3, 3, 1, 3, 0, 3, 0, 0, 3, 0, 0, 0, 3, 3, 1, 0, 0, 0, 3]",4,2.7247956403269753
La_Liga,2021,Espanol,"[1, 1, 0, 0, 1, 3, 0, 3, 3, 1, 1, 0, 3, 0, 3, 0, 3, 0, 3, 0, 1, 0, 0, 1, 1, 0, 3, 1, 3, 0, 3, 0, 0, 0, 1, 0, 1, 1]","[1, 1, 0, 0, 1, 3, 0, 3, 3, 1, 1, 0, 3, 0, 3, 0, 3, 0, 3, 0, 1, 0, 0, 1, 1, 0, 3, 1, 3, 0, 3, 0, 0, 0, 1, 0, 1, 1]",7,14.705882352941176
La_Liga,2021,Getafe,"[0, 0, 0, 0, 0, 0, 0, 1, 1, 0, 1, 3, 0, 3, 1, 1, 1, 3, 3, 0, 3, 1, 3, 0, 1, 1, 0, 1, 1, 3, 0, 0, 3, 1, 1, 1, 1, 0]","[0, 0, 0, 0, 0, 0, 0, 1, 1, 0, 1, 3, 0, 3, 1, 1, 1, 3, 3, 0, 3, 1, 3, 0, 1, 1, 0, 1, 1, 3, 0, 0, 3, 1, 1, 1, 1, 0]",15,2.570694087403599
La_Liga,2021,Granada,"[1, 1, 0, 0, 1, 0, 0, 3, 1, 1, 3, 0, 0, 1, 3, 1, 3, 3, 1, 1, 0, 0, 0, 0, 0, 1, 0, 0, 3, 1, 0, 0, 1, 1, 3, 3, 0, 1]","[1, 1, 0, 0, 1, 0, 0, 3, 1, 1, 3, 0, 0, 1, 3, 1, 3, 3, 1, 1, 0, 0, 0, 0, 0, 1, 0, 0, 3, 1, 0, 0, 1, 1, 3, 3, 0, 1]",18,6.211180124223603
La_Liga,2021,Levante,"[1, 1, 0, 1, 1, 0, 0, 0, 1, 0, 1, 0, 0, 1, 0, 1, 0, 0, 0, 3, 0, 0, 0, 3, 1, 3, 0, 1, 0, 3, 0, 3, 0, 1, 3, 0, 3, 3]","[1, 1, 0, 1, 1, 0, 0, 0, 1, 0, 1, 0, 0, 1, 0, 1, 0, 0, 0, 3, 0, 0, 0, 3, 1, 3, 0, 1, 0, 3, 0, 3, 0, 1, 3, 0, 3, 3]",3,1.0427528675703859
La_Liga,2021,Mallorca,"[1, 3, 3, 0, 1, 0, 0, 3, 0, 1, 1, 1, 1, 0, 1, 3, 1, 0, 0, 0, 0, 3, 3, 0, 0, 0, 0, 0, 0, 0, 3, 0, 3, 0, 0, 1, 3, 3]","[1, 3, 3, 0, 1, 0, 0, 3, 0, 1, 1, 1, 1, 0, 1, 3, 1, 0, 0, 0, 0, 3, 3, 0, 0, 0, 0, 0, 0, 0, 3, 0, 3, 0, 0, 1, 3, 3]",15,3.257328990228013
La_Liga,2021,Osasuna,"[1, 1, 3, 0, 3, 0, 3, 3, 3, 1, 1, 0, 0, 0, 1, 1, 1, 0, 0, 3, 0, 3, 1, 3, 0, 0, 3, 0, 3, 0, 3, 3, 0, 1, 1, 1, 0, 0]","[1, 1, 3, 0, 3, 0, 3, 3, 3, 1, 1, 0, 0, 0, 1, 1, 1, 0, 0, 3, 0, 3, 1, 3, 0, 0, 3, 0, 3, 0, 3, 3, 0, 1, 1, 1, 0, 0]",6,11.363636363636363
La_Liga,2021,Real Madrid,"[3, 1, 3, 3, 3, 3, 1, 0, 3, 1, 3, 3, 3, 3, 3, 3, 3, 1, 3, 0, 3, 1, 3, 1, 3, 3, 3, 3, 0, 3, 3, 3, 3, 3, 0, 3, 1, 1]","[3, 1, 3, 3, 3, 3, 1, 0, 3, 1, 3, 3, 3, 3, 3, 3, 3, 1, 3, 0, 3, 1, 3, 1, 3, 3, 3, 3, 0, 3, 3, 3, 3, 3, 0, 3, 1, 1]",4,19.607843137254903
La_Liga,2021,Sevilla,"[3, 3, 1, 1, 3, 3, 0, 3, 3, 1, 3, 3, 1, 0, 3, 3, 3, 1, 3, 3, 1, 1, 1, 3, 1, 3, 1, 1, 1, 0, 3, 0, 3, 1, 1, 1, 1, 3]","[3, 3, 1, 1, 3, 3, 0, 3, 3, 1, 3, 3, 1, 0, 3, 3, 3, 1, 3, 3, 1, 1, 1, 3, 1, 3, 1, 1, 1, 0, 3, 0, 3, 1, 1, 1, 1, 3]",18,43.47826086956522
La_Liga,2021,Sociedad,"[0, 3, 3, 3, 1, 3, 3, 1, 3, 1, 3, 1, 3, 1, 0, 0, 0, 0, 1, 3, 1, 1, 3, 0, 3, 3, 0, 3, 1, 3, 3, 1, 0, 1, 0, 3, 3, 0]","[0, 3, 3, 3, 1, 3, 3, 1, 3, 1, 3, 1, 3, 1, 0, 0, 0, 0, 1, 3, 1, 1, 3, 0, 3, 3, 0, 3, 1, 3, 3, 1, 0, 1, 0, 3, 3, 0]",7,4.926108374384237
La_Liga,2021,Valencia,"[3, 1, 3, 3, 0, 0, 1, 1, 0, 1, 0, 3, 1, 1, 1, 3, 3, 3, 0, 0, 1, 0, 1, 0, 0, 3, 3, 1, 3, 1, 1, 0, 0, 1, 1, 0, 1, 3]","[3, 1, 3, 3, 0, 0, 1, 1, 0, 1, 0, 3, 1, 1, 1, 3, 3, 3, 0, 0, 1, 0, 1, 0, 0, 3, 3, 1, 3, 1, 1, 0, 0, 1, 1, 0, 1, 3]",19,5.405405405405405
La_Liga,2021,Vallecano,"[0, 0, 3, 1, 3, 3, 3, 0, 3, 0, 3, 1, 0, 3, 1, 3, 0, 3, 0, 1, 0, 0, 0, 0, 0, 0, 1, 0, 1, 1, 0, 3, 3, 1, 1, 0, 0, 0]","[0, 0, 3, 1, 3, 3, 3, 0, 3, 0, 3, 1, 0, 3, 1, 3, 0, 3, 0, 1, 0, 0, 0, 0, 0, 0, 1, 0, 1, 1, 0, 3, 3, 1, 1, 0, 0, 0]",19,65.10416666666667
La_Liga,2021,Villarreal,"[1, 1, 1, 1, 3, 1, 3, 0, 0, 1, 0, 3, 1, 0, 0, 3, 3, 3, 3, 1, 0, 3, 3, 1, 3, 3, 0, 3, 0, 0, 1, 3, 3, 0, 1, 3, 0, 3]","[1, 1, 1, 1, 3, 1, 3, 0, 0, 1, 0, 3, 1, 0, 0, 3, 3, 3, 3, 1, 0, 3, 3, 1, 3, 3, 0, 3, 0, 0, 1, 3, 3, 0, 1, 3, 0, 3]",10,2.5316455696202533
La_Liga,2022,Almeria,"[0, 1, 3, 0, 0, 0, 0, 3, 0, 3, 0, 3, 0, 3, 1, 0, 1, 1, 3, 0, 0, 0, 3, 0, 0, 1, 1, 3, 0, 0, 3, 0, 3, 0, 3, 0, 1, 1]","[0, 1, 3, 0, 0, 0, 0, 3, 0, 3, 0, 3, 0, 3, 1, 0, 1, 1, 3, 0, 0, 0, 3, 0, 0, 1, 1, 3, 0, 0, 3, 0, 3, 0, 3, 0, 1, 1]",3,2.8011204481792715
La_Liga,2022,Ath Bilbao,"[1, 3, 3, 0, 3, 3, 3, 1, 0, 1, 0, 3, 0, 3, 1, 1, 0, 0, 0, 3, 3, 0, 0, 1, 0, 3, 1, 3, 3, 3, 0, 1, 0, 0, 3, 0, 0, 1]","[1, 3, 3, 0, 3, 3, 3, 1, 0, 1, 0, 3, 0, 3, 1, 1, 0, 0, 0, 3, 3, 0, 0, 1, 0, 3, 1, 3, 3, 3, 0, 1, 0, 0, 3, 0, 0, 1]",8,17.24137931034483
La_Liga,2022,Ath Madrid,"[3, 0, 3, 1, 3, 0, 3, 3, 3, 1, 3, 0, 1, 0, 3, 0, 1, 3, 3, 1, 3, 3, 1, 3, 3, 3, 3, 3, 3, 0, 3, 3, 3, 0, 3, 1, 3, 1]","[3, 0, 3, 1, 3, 0, 3, 3, 3, 1, 3, 0, 1, 0, 3, 0, 1, 3, 3, 1, 3, 3, 1, 3, 3, 3, 3, 3, 3, 0, 3, 3, 3, 0, 3, 1, 3, 1]",5,3.937007874015748
La_Liga,2022,Barcelona,"[1, 3, 3, 3, 3, 3, 3, 3, 0, 3, 3, 3, 3, 3, 1, 3, 3, 3, 3, 3, 3, 3, 0, 3, 3, 3, 3, 1, 1, 3, 0, 3, 3, 3, 0, 0, 3, 0]","[1, 3, 3, 3, 3, 3, 3, 3, 0, 3, 3, 3, 3, 3, 1, 3, 3, 3, 3, 3, 3, 3, 0, 3, 3, 3, 3, 1, 1, 3, 0, 3, 3, 3, 0, 0, 3, 0]",4,95.51098376313276
La_Liga,2022,Betis,"[3, 3, 3, 0, 3, 3, 0, 1, 3, 1, 0, 3, 1, 0, 1, 3, 0, 3, 0, 0, 3, 3, 3, 1, 1, 3, 0, 0, 3, 0, 1, 0, 3, 3, 1, 0, 3, 1]","[3, 3, 3, 0, 3, 3, 0, 1, 3, 1, 0, 3, 1, 0, 1, 3, 0, 3, 0, 0, 3, 3, 3, 1, 1, 3, 0, 0, 3, 0, 1, 0, 3, 3, 1, 0, 3, 1]",12,4.926108374384237
La_Liga,2022,Cadiz,"[0, 0, 0, 0, 0, 3, 1, 1, 1, 1, 0, 3, 1, 0, 1, 3, 1, 0, 3, 0, 3, 0, 3, 1, 1, 1, 0, 3, 0, 1, 0, 3, 0, 0, 3, 0, 3, 1]","[0, 0, 0, 0, 0, 3, 1, 1, 1, 1, 0, 3, 1, 0, 1, 3, 1, 0, 3, 0, 3, 0, 3, 1, 1, 1, 0, 3, 0, 1, 0, 3, 0, 0, 3, 0, 3, 1]",10,1.7605633802816902
La_Liga,2022,Celta,"[1, 0, 3, 3, 0, 0, 3, 0, 0, 0, 1, 0, 0, 1, 1, 3, 1, 0, 3, 3, 0, 1, 3, 1, 3, 3, 1, 1, 0, 0, 3, 0, 0, 0, 0, 1, 0, 3]","[1, 0, 3, 3, 0, 0, 3, 0, 0, 0, 1, 0, 0, 1, 1, 3, 1, 0, 3, 3, 0, 1, 3, 1, 3, 3, 1, 1, 0, 0, 3, 0, 0, 0, 0, 1, 0, 3]",7,7.299270072992701
La_Liga,2022,Elche,"[0, 1, 0, 0, 0, 0, 0, 1, 1, 0, 1, 0, 0, 0, 0, 0, 1, 1, 0, 3, 0, 0, 0, 3, 1, 0, 0, 0, 0, 0, 0, 3, 0, 3, 1, 1, 3, 1]","[0, 1, 0, 0, 0, 0, 0, 1, 1, 0, 1, 0, 0, 0, 0, 0, 1, 1, 0, 3, 0, 0, 0, 3, 1, 0, 0, 0, 0, 0, 0, 3, 0, 3, 1, 1, 3, 1]",1,1.1312217194570136
La_Liga,2022,Espanol,"[1, 0, 0, 3, 0, 0, 1, 1, 3, 0, 1, 1, 1, 0, 1, 1, 3, 3, 0, 1, 0, 3, 3, 0, 0, 0, 0, 0, 0, 1, 0, 3, 0, 0, 3, 1, 1, 1]","[1, 0, 0, 3, 0, 0, 1, 1, 3, 0, 1, 1, 1, 0, 1, 1, 3, 3, 0, 1, 0, 3, 3, 0, 0, 0, 0, 0, 0, 1, 0, 3, 0, 0, 3, 1, 1, 1]",15,9.00900900900901
La_Liga,2022,Getafe,"[0, 0, 1, 0, 3, 3, 0, 0, 1, 1, 1, 3, 1, 0, 3, 0, 0, 0, 0, 1, 1, 3, 0, 3, 1, 3, 1, 0, 1, 0, 0, 0, 3, 0, 1, 3, 3, 1]","[0, 0, 1, 0, 3, 3, 0, 0, 1, 1, 1, 3, 1, 0, 3, 0, 0, 0, 0, 1, 1, 3, 0, 3, 1, 3, 1, 0, 1, 0, 0, 0, 3, 0, 1, 3, 3, 1]",12,1.8656716417910448
La_Liga,2022,Girona,"[0, 3, 0, 1, 3, 0, 0, 0, 1, 0, 1, 1, 3, 3, 1, 1, 3, 0, 0, 3, 0, 3, 3, 0, 0, 1, 3, 1, 3, 0, 3, 3, 3, 1, 0, 1, 0, 0]","[0, 3, 0, 1, 3, 0, 0, 0, 1, 0, 1, 1, 3, 3, 1, 1, 3, 0, 0, 3, 0, 3, 3, 0, 0, 1, 3, 1, 3, 0, 3, 3, 3, 1, 0, 1, 0, 0]",5,14.492753623188406
La_Liga,2022,Mallorca,"[1, 0, 3, 1, 0, 3, 0, 1, 0, 0, 3, 1, 3, 3, 0, 3, 0, 3, 0, 3, 0, 3, 0, 0, 1, 0, 1, 1, 3, 3, 0, 1, 0, 3, 0, 3, 0, 3]","[1, 0, 3, 1, 0, 3, 0, 1, 0, 0, 3, 1, 3, 3, 0, 3, 0, 3, 0, 3, 0, 3, 0, 0, 1, 0, 1, 1, 3, 3, 0, 1, 0, 3, 0, 3, 0, 3]",16,2.840909090909091
La_Liga,2022,Osasuna,"[3, 3, 0, 3, 3, 0, 1, 0, 0, 3, 1, 3, 3, 0, 0, 1, 3, 1, 0, 1, 1, 0, 3, 1, 0, 0, 1, 3, 0, 3, 3, 0, 0, 3, 0, 3, 0, 3]","[3, 3, 0, 3, 3, 0, 1, 0, 0, 3, 1, 3, 3, 0, 0, 1, 3, 1, 0, 1, 1, 0, 3, 1, 0, 0, 1, 3, 0, 3, 3, 0, 0, 3, 0, 3, 0, 3]",19,2.272727272727273
La_Liga,2022,Real Madrid,"[3, 3, 3, 3, 3, 3, 1, 3, 3, 3, 3, 1, 0, 3, 3, 0, 3, 1, 3, 0, 3, 3, 1, 1, 3, 0, 3, 0, 3, 3, 0, 3, 0, 3, 0, 3, 3, 1]","[3, 3, 3, 3, 3, 3, 1, 3, 3, 3, 3, 1, 0, 3, 3, 0, 3, 1, 3, 0, 3, 3, 1, 1, 3, 0, 3, 0, 3, 3, 0, 3, 0, 3, 0, 3, 3, 1]",19,12.048192771084338
La_Liga,2022,Sevilla,"[0, 1, 0, 0, 3, 1, 0, 1, 3, 1, 0, 0, 1, 0, 1, 3, 0, 3, 3, 0, 3, 1, 0, 0, 3, 0, 3, 1, 3, 3, 3, 0, 3, 3, 1, 1, 0, 0]","[0, 1, 0, 0, 3, 1, 0, 1, 3, 1, 0, 0, 1, 0, 1, 3, 0, 3, 3, 0, 3, 1, 0, 0, 3, 0, 3, 1, 3, 3, 3, 0, 3, 3, 1, 1, 0, 0]",4,7.142857142857143
La_Liga,2022,Sociedad,"[3, 0, 3, 1, 0, 3, 3, 3, 3, 3, 0, 0, 1, 3, 3, 3, 3, 3, 1, 0, 3, 1, 0, 1, 1, 3, 0, 3, 0, 3, 1, 3, 3, 1, 3, 3, 0, 3]","[3, 0, 3, 1, 0, 3, 3, 3, 3, 3, 0, 0, 1, 3, 3, 3, 3, 3, 1, 0, 3, 1, 0, 1, 1, 3, 0, 3, 0, 3, 1, 3, 3, 1, 3, 3, 0, 3]",19,4.048582995951417
La_Liga,2022,Valencia,"[3, 0, 0, 3, 0, 3, 1, 3, 1, 1, 0, 0, 1, 3, 0, 0, 1, 0, 0, 0, 0, 0, 3, 0, 3, 0, 1, 0, 0, 3, 3, 0, 1, 3, 3, 0, 1, 1]","[3, 0, 0, 3, 0, 3, 1, 3, 1, 1, 0, 0, 1, 3, 0, 0, 1, 0, 0, 0, 0, 0, 3, 0, 3, 0, 1, 0, 0, 3, 3, 0, 1, 3, 3, 0, 1, 1]",3,3.0120481927710845
La_Liga,2022,Valladolid,"[0, 1, 0, 3, 0, 0, 3, 1, 0, 3, 3, 0, 3, 0, 0, 0, 0, 0, 3, 3, 1, 0, 0, 3, 1, 0, 0, 1, 3, 3, 0, 0, 0, 0, 0, 3, 1, 1]","[0, 1, 0, 3, 0, 0, 3, 1, 0, 3, 3, 0, 3, 0, 0, 0, 0, 0, 3, 3, 1, 0, 0, 3, 1, 0, 0, 1, 3, 3, 0, 0, 0, 0, 0, 3, 1, 1]",8,5.0761421319796955
La_Liga,2022,Vallecano,"[1, 3, 0, 0, 3, 0, 3, 0, 1, 1, 3, 3, 3, 1, 1, 0, 3, 0, 3, 3, 1, 1, 0, 1, 0, 1, 1, 0, 3, 0, 3, 0, 3, 0, 0, 0, 3, 0]","[1, 3, 0, 0, 3, 0, 3, 0, 1, 1, 3, 3, 3, 1, 1, 0, 3, 0, 3, 3, 1, 1, 0, 1, 0, 1, 1, 0, 3, 0, 3, 0, 3, 0, 0, 0, 3, 0]",18,13.698630136986301
La_Liga,2022,Villarreal,"[3, 3, 1, 3, 0, 1, 1, 0, 3, 0, 3, 0, 0, 3, 3, 3, 1, 3, 0, 0, 0, 0, 3, 3, 1, 3, 3, 3, 0, 0, 3, 3, 1, 3, 3, 3, 0, 1]","[3, 3, 1, 3, 0, 1, 1, 0, 3, 0, 3, 0, 0, 3, 3, 3, 1, 3, 0, 0, 0, 0, 3, 3, 1, 3, 3, 3, 0, 0, 3, 3, 1, 3, 3, 3, 0, 1]",2,5.0761421319796955
La_Liga,2023,Alaves,"[0, 3, 0, 3, 0, 0, 1, 0, 1, 1, 0, 3, 0, 3, 1, 0, 0, 0, 1, 3, 3, 3, 0, 1, 1, 1, 0, 3, 0, 0, 0, 3, 3, 3, 1, 0, 3, 1]","[0, 3, 0, 3, 0, 0, 1, 0, 1, 1, 0, 3, 0, 3, 1, 0, 0, 0, 1, 3, 3, 3, 0, 1, 1, 1, 0, 3, 0, 0, 0, 3, 3, 3, 1, 0, 3, 1]",16,1.639344262295082
La_Liga,2023,Almeria,"[0, 0, 1, 0, 0, 1, 0, 1, 0, 0, 0, 0, 0, 0, 1, 0, 1, 0, 0, 1, 0, 0, 0, 1, 1, 1, 0, 1, 3, 0, 1, 0, 0, 3, 0, 0, 1, 3]","[0, 0, 1, 0, 0, 1, 0, 1, 0, 0, 0, 0, 0, 0, 1, 0, 1, 0, 0, 1, 0, 0, 0, 1, 1, 1, 0, 1, 3, 0, 1, 0, 0, 3, 0, 0, 1, 3]",4,1.0976948408342482
La_Liga,2023,Ath Bilbao,"[0, 3, 3, 1, 3, 3, 1, 0, 3, 0, 1, 3, 3, 1, 3, 1, 3, 3, 3, 3, 0, 1, 3, 1, 3, 0, 1, 3, 3, 0, 1, 1, 0, 3, 1, 0, 3, 3]","[0, 3, 3, 1, 3, 3, 1, 0, 3, 0, 1, 3, 3, 1, 3, 1, 3, 3, 3, 3, 0, 1, 3, 1, 3, 0, 1, 3, 3, 0, 1, 1, 0, 3, 1, 0, 3, 3]",18,8.695652173913043
La_Liga,2023,Ath Madrid,"[3, 1, 3, 0, 3, 3, 3, 3, 3, 3, 0, 3, 3, 0, 3, 0, 1, 3, 0, 3, 3, 3, 1, 0, 3, 1, 3, 0, 0, 3, 3, 0, 3, 3, 3, 3, 0, 3]","[3, 1, 3, 0, 3, 3, 3, 3, 3, 3, 0, 3, 3, 0, 3, 0, 1, 3, 0, 3, 3, 3, 1, 0, 3, 1, 3, 0, 0, 3, 3, 0, 3, 3, 3, 3, 0, 3]",16,3.5714285714285716
La_Liga,2023,Barcelona,"[1, 3, 3, 3, 3, 3, 1, 3, 1, 3, 0, 3, 3, 1, 3, 0, 1, 3, 3, 3, 0, 3, 3, 1, 3, 3, 1, 3, 3, 3, 3, 0, 3, 0, 3, 3, 3, 3]","[1, 3, 3, 3, 3, 3, 1, 3, 1, 3, 0, 3, 3, 1, 3, 0, 1, 3, 3, 3, 0, 3, 3, 1, 3, 3, 1, 3, 3, 3, 3, 0, 3, 0, 3, 3, 3, 3]",7,2.197802197802198
La_Liga,2023,Betis,"[3, 1, 0, 3, 0, 1, 1, 3, 1, 1, 3, 3, 1, 3, 1, 1, 1, 1, 0, 3, 0, 3, 1, 3, 1, 3, 0, 0, 0, 0, 3, 3, 1, 3, 3, 1, 0, 1]","[3, 1, 0, 3, 0, 1, 1, 3, 1, 1, 3, 3, 1, 3, 1, 1, 1, 1, 0, 3, 0, 3, 1, 3, 1, 3, 0, 0, 0, 0, 3, 3, 1, 3, 3, 1, 0, 1]",3,5.4945054945054945
La_Liga,2023,Cadiz,"[3, 0, 1, 3, 0, 1, 1, 0, 0, 0, 1, 0, 0, 1, 1, 1, 1, 1, 0, 0, 0, 1, 1, 0, 0, 1, 1, 3, 0, 3, 0, 0, 1, 0, 3, 3, 1, 0]","[3, 0, 1, 3, 0, 1, 1, 0, 0, 0, 1, 0, 0, 1, 1, 1, 1, 1, 0, 0, 0, 1, 1, 0, 0, 1, 1, 3, 0, 3, 0, 0, 1, 0, 3, 3, 1, 0]",1,2.202643171806167
La_Liga,2023,Celta,"[0, 1, 0, 3, 0, 0, 1, 0, 1, 0, 0, 1, 0, 1, 1, 1, 3, 0, 3, 1, 0, 0, 3, 0, 0, 1, 3, 0, 3, 1, 0, 3, 0, 3, 0, 3, 3, 1]","[0, 1, 0, 3, 0, 0, 1, 0, 1, 0, 0, 1, 0, 1, 1, 1, 3, 0, 3, 1, 0, 0, 3, 0, 0, 1, 3, 0, 3, 1, 0, 3, 0, 3, 0, 3, 3, 1]",1,1.3477088948787062
La_Liga,2023,Getafe,"[1, 0, 3, 0, 3, 0, 1, 1, 1, 1, 1, 3, 1, 3, 0, 3, 3, 1, 0, 0, 3, 0, 1, 3, 1, 0, 1, 0, 3, 0, 1, 1, 3, 0, 0, 0, 0, 0]","[1, 0, 3, 0, 3, 0, 1, 1, 1, 1, 1, 3, 1, 3, 0, 3, 3, 1, 0, 0, 3, 0, 1, 3, 1, 0, 1, 0, 3, 0, 1, 1, 3, 0, 0, 0, 0, 0]",5,171.52658662092625
La_Liga,2023,Girona,"[1, 3, 3, 3, 3, 3, 3, 0, 3, 3, 3, 3, 3, 1, 3, 3, 3, 1, 3, 1, 3, 3, 1, 0, 0, 3, 0, 3, 0, 3, 0, 3, 3, 3, 1, 0, 3, 3]","[1, 3, 3, 3, 3, 3, 3, 0, 3, 3, 3, 3, 3, 1, 3, 3, 3, 1, 3, 1, 3, 3, 1, 0, 0, 3, 0, 3, 0, 3, 0, 3, 3, 3, 1, 0, 3, 3]",16,41.666666666666664
La_Liga,2023,Granada,"[0, 0, 3, 0, 0, 0, 1, 1, 1, 0, 0, 0, 1, 0, 0, 1, 0, 0, 3, 0, 0, 0, 1, 1, 1, 0, 0, 0, 0, 0, 3, 1, 3, 0, 0, 0, 0, 0]","[0, 0, 3, 0, 0, 0, 1, 1, 1, 0, 0, 0, 1, 0, 0, 1, 0, 0, 3, 0, 0, 0, 1, 1, 1, 0, 0, 0, 0, 0, 3, 1, 3, 0, 0, 0, 0, 0]",5,9.090909090909092
La_Liga,2023,Las Palmas,"[1, 0, 1, 0, 0, 3, 0, 3, 3, 0, 3, 3, 1, 0, 3, 3, 1, 0, 0, 3, 3, 0, 1, 3, 0, 1, 1, 0, 0, 0, 0, 0, 0, 0, 0, 1, 1, 1]","[1, 0, 1, 0, 0, 3, 0, 3, 3, 0, 3, 3, 1, 0, 3, 3, 1, 0, 0, 3, 3, 0, 1, 3, 0, 1, 1, 0, 0, 0, 0, 0, 0, 0, 0, 1, 1, 1]",14,216.45021645021646
La_Liga,2023,Mallorca,"[1, 0, 0, 1, 3, 0, 1, 1, 1, 0, 1, 0, 0, 1, 1, 3, 1, 3, 0, 1, 1, 0, 0, 3, 0, 1, 3, 0, 3, 1, 0, 0, 1, 0, 3, 1, 1, 3]","[1, 0, 0, 1, 3, 0, 1, 1, 1, 0, 1, 0, 0, 1, 1, 3, 1, 3, 0, 1, 1, 0, 0, 3, 0, 1, 3, 0, 3, 1, 0, 0, 1, 0, 3, 1, 1, 3]",9,1.5527950310559007
La_Liga,2023,Osasuna,"[3, 0, 3, 0, 0, 1, 0, 3, 0, 3, 0, 0, 1, 0, 1, 1, 3, 0, 3, 3, 1, 0, 0, 3, 3, 1, 3, 0, 0, 3, 0, 0, 0, 0, 1, 1, 3, 1]","[3, 0, 3, 0, 0, 1, 0, 3, 0, 3, 0, 0, 1, 0, 1, 1, 3, 0, 3, 3, 1, 0, 0, 3, 3, 1, 3, 0, 0, 3, 0, 0, 0, 0, 1, 1, 3, 1]",11,5.9523809523809526
La_Liga,2023,Real Madrid,"[3, 3, 3, 3, 3, 0, 3, 3, 3, 1, 3, 1, 3, 3, 3, 1, 3, 3, 3, 3, 3, 3, 1, 3, 1, 3, 1, 3, 3, 3, 3, 3, 3, 3, 3, 3, 1, 1]","[3, 3, 3, 3, 3, 0, 3, 3, 3, 1, 3, 1, 3, 3, 3, 1, 3, 3, 3, 3, 3, 3, 1, 3, 1, 3, 1, 3, 3, 3, 3, 3, 3, 3, 3, 3, 1, 1]",2,21.27659574468085
La_Liga,2023,Sevilla,"[0, 0, 0, 3, 1, 3, 0, 1, 1, 1, 1, 1, 0, 1, 0, 0, 3, 0, 0, 0, 0, 1, 3, 3, 1, 0, 3, 1, 0, 3, 3, 3, 1, 3, 0, 0, 0, 0]","[0, 0, 0, 3, 1, 3, 0, 1, 1, 1, 1, 1, 0, 1, 0, 0, 3, 0, 0, 0, 0, 1, 3, 3, 1, 0, 3, 1, 0, 3, 3, 3, 1, 3, 0, 0, 0, 0]",4,33.333333333333336
La_Liga,2023,Sociedad,"[1, 1, 1, 3, 0, 3, 3, 3, 0, 3, 1, 0, 3, 3, 1, 3, 1, 1, 1, 0, 3, 1, 1, 0, 3, 0, 0, 3, 3, 3, 1, 1, 0, 3, 0, 3, 3, 0]","[1, 1, 1, 3, 0, 3, 3, 3, 0, 3, 1, 0, 3, 3, 1, 3, 1, 1, 1, 0, 3, 1, 1, 0, 3, 0, 0, 3, 3, 3, 1, 1, 0, 3, 0, 3, 3, 0]",1,3.6363636363636362
La_Liga,2023,Valencia,"[3, 3, 0, 0, 3, 1, 0, 0, 1, 3, 1, 3, 0, 1, 0, 0, 1, 3, 3, 3, 3, 0, 3, 0, 1, 1, 3, 0, 1, 3, 3, 0, 0, 0, 1, 0, 0, 1]","[3, 3, 0, 0, 3, 1, 0, 0, 1, 3, 1, 3, 0, 1, 0, 0, 1, 3, 3, 3, 3, 0, 3, 0, 1, 1, 3, 0, 1, 3, 3, 0, 0, 0, 1, 0, 0, 1]",7,65.57377049180327
La_Liga,2023,Vallecano,"[3, 3, 0, 0, 3, 1, 1, 1, 1, 3, 1, 1, 0, 1, 0, 1, 0, 0, 3, 0, 1, 0, 0, 0, 1, 0, 1, 0, 3, 1, 1, 3, 0, 0, 1, 3, 0, 0]","[3, 3, 0, 0, 3, 1, 1, 1, 1, 3, 1, 1, 0, 1, 0, 1, 0, 0, 3, 0, 1, 0, 0, 0, 1, 0, 1, 0, 3, 1, 1, 3, 0, 0, 1, 3, 0, 0]",19,6.369426751592357
La_Liga,2023,Villarreal,"[0, 3, 0, 0, 3, 1, 0, 1, 0, 1, 3, 0, 0, 3, 1, 0, 0, 3, 0, 0, 1, 3, 1, 1, 1, 3, 3, 3, 3, 0, 1, 3, 3, 0, 3, 3, 1, 1]","[0, 3, 0, 0, 3, 1, 0, 1, 0, 1, 3, 0, 0, 3, 1, 0, 0, 3, 0, 0, 1, 3, 1, 1, 1, 3, 3, 3, 3, 0, 1, 3, 3, 0, 3, 3, 1, 1]",2,2.4752475247524752
La_Liga,2024,Alaves,"[0, 1, 3, 3, 0, 3, 0, 0, 0, 0, 0, 3, 0, 0, 1, 1, 1, 1, 0, 3, 1, 0, 0, 1, 0, 1, 3, 1, 0, 3, 0, 1, 3, 1, 0, 3, 3, 1]","[0, 1, 3, 3, 0, 3, 0, 0, 0, 0, 0, 3, 0, 0, 1, 1, 1, 1, 0, 3, 1, 0, 0, 1, 0, 1, 3, 1, 0, 3, 0, 1, 3, 1, 0, 3, 3, 1]",1,1.3458950201884252
La_Liga,2024,Ath Bilbao,"[1, 0, 3, 0, 3, 3, 3, 1, 0, 3, 1, 1, 1, 3, 3, 3, 3, 1, 3, 3, 1, 1, 3, 1, 3, 0, 1, 3, 1, 1, 3, 0, 3, 1, 3, 3, 3, 0]","[1, 0, 3, 0, 3, 3, 3, 1, 0, 3, 1, 1, 1, 3, 3, 3, 3, 1, 3, 3, 1, 1, 3, 1, 3, 0, 1, 3, 1, 1, 3, 0, 3, 1, 3, 3, 3, 0]",1,6.896551724137931
La_Liga,2024,Ath Madrid,"[1, 3, 1, 3, 3, 1, 3, 1, 1, 3, 0, 3, 3, 3, 3, 3, 3, 3, 3, 0, 1, 3, 1, 1, 3, 3, 0, 0, 1, 3, 3, 0, 3, 1, 3, 0, 3, 3]","[1, 3, 1, 3, 3, 1, 3, 1, 1, 3, 0, 3, 3, 3, 3, 3, 3, 3, 3, 0, 1, 3, 1, 1, 3, 3, 0, 0, 1, 3, 3, 0, 3, 1, 3, 0, 3, 3]",19,13.333333333333334
La_Liga,2024,Barcelona,"[3, 3, 3, 3, 3, 3, 3, 0, 3, 3, 3, 3, 0, 1, 0, 3, 1, 0, 0, 1, 3, 3, 3, 3, 3, 3, 3, 3, 3, 1, 3, 3, 3, 3, 3, 3, 0, 3]","[3, 3, 3, 3, 3, 3, 3, 0, 3, 3, 3, 3, 0, 1, 0, 3, 1, 0, 0, 1, 3, 3, 3, 3, 3, 3, 3, 3, 3, 1, 3, 3, 3, 3, 3, 3, 0, 3]",2,3.2467532467532467
La_Liga,2024,Betis,"[1, 1, 0, 3, 3, 0, 1, 3, 0, 3, 3, 1, 1, 0, 0, 1, 3, 1, 0, 0, 3, 1, 0, 3, 3, 3, 3, 3, 3, 1, 0, 3, 3, 3, 1, 1, 0, 1]","[1, 1, 0, 3, 3, 0, 1, 3, 0, 3, 3, 1, 1, 0, 0, 1, 3, 1, 0, 0, 3, 1, 0, 3, 3, 3, 3, 3, 3, 1, 0, 3, 3, 3, 1, 1, 0, 1]",4,9.70873786407767
La_Liga,2024,Celta,"[3, 3, 0, 0, 3, 0, 0, 1, 3, 0, 0, 3, 1, 1, 0, 3, 0, 3, 0, 0, 1, 0, 3, 1, 3, 1, 3, 3, 1, 3, 0, 0, 3, 0, 3, 3, 0, 3]","[3, 3, 0, 0, 3, 0, 0, 1, 3, 0, 0, 3, 1, 1, 0, 3, 0, 3, 0, 0, 1, 0, 3, 1, 3, 1, 3, 3, 1, 3, 0, 0, 3, 0, 3, 3, 0, 3]",8,1.7035775127768313
La_Liga,2024,Espanol,"[0, 0, 1, 3, 3, 0, 0, 0, 3, 0, 0, 0, 0, 3, 0, 1, 1, 0, 1, 3, 1, 3, 0, 1, 3, 1, 0, 1, 3, 3, 3, 1, 0, 0, 0, 0, 0, 3]","[0, 0, 1, 3, 3, 0, 0, 0, 3, 0, 0, 0, 0, 3, 0, 1, 1, 0, 1, 3, 1, 3, 0, 1, 3, 1, 0, 1, 3, 3, 3, 1, 0, 0, 0, 0, 0, 3]",6,6.289308176100629
La_Liga,2024,Getafe,"[1, 1, 1, 0, 0, 1, 0, 3, 1, 1, 1, 0, 0, 3, 0, 3, 0, 0, 3, 1, 3, 1, 3, 3, 0, 0, 3, 3, 0, 3, 0, 0, 0, 0, 0, 0, 3, 0]","[1, 1, 1, 0, 0, 1, 0, 3, 1, 1, 1, 0, 0, 3, 0, 3, 0, 0, 3, 1, 3, 1, 3, 3, 0, 0, 3, 3, 0, 3, 0, 0, 0, 0, 0, 0, 3, 0]",8,24.390243902439025
La_Liga,2024,Girona,"[1, 0, 3, 3, 0, 0, 1, 1, 3, 0, 0, 3, 3, 3, 1, 0, 0, 3, 3, 0, 0, 3, 0, 0, 0, 1, 1, 1, 0, 0, 0, 0, 1, 3, 0, 3, 0, 0]","[1, 0, 3, 3, 0, 0, 1, 1, 3, 0, 0, 3, 3, 3, 1, 0, 0, 3, 3, 0, 0, 3, 0, 0, 0, 1, 1, 1, 0, 0, 0, 0, 1, 3, 0, 3, 0, 0]",16,27.027027027027028
La_Liga,2024,Las Palmas,"[1, 0, 1, 0, 0, 0, 1, 0, 0, 3, 3, 0, 3, 0, 3, 3, 1, 3, 0, 0, 1, 0, 0, 0, 0, 1, 0, 1, 1, 0, 3, 3, 0, 0, 0, 0, 0, 0]","[1, 0, 1, 0, 0, 0, 1, 0, 0, 3, 3, 0, 3, 0, 3, 3, 1, 3, 0, 0, 1, 0, 0, 0, 0, 1, 0, 1, 1, 0, 3, 3, 0, 0, 0, 0, 0, 0]",6,35.714285714285715
La_Liga,2024,Leganes,"[1, 3, 1, 0, 0, 0, 1, 1, 1, 0, 3, 0, 3, 0, 1, 0, 3, 0, 1, 3, 1, 0, 0, 1, 0, 3, 0, 0, 0, 1, 0, 1, 1, 1, 3, 0, 3, 3]","[1, 3, 1, 0, 0, 0, 1, 1, 1, 0, 3, 0, 3, 0, 1, 0, 3, 0, 1, 3, 1, 0, 0, 1, 0, 3, 0, 0, 0, 1, 0, 1, 1, 1, 3, 0, 3, 3]",18,2.2172949002217295
La_Liga,2024,Mallorca,"[1, 0, 1, 3, 0, 3, 3, 3, 0, 3, 1, 0, 0, 3, 3, 0, 0, 3, 3, 0, 0, 0, 1, 3, 1, 1, 1, 3, 0, 0, 3, 1, 0, 0, 3, 0, 0, 1]","[1, 0, 1, 3, 0, 3, 3, 3, 0, 3, 1, 0, 0, 3, 3, 0, 0, 3, 3, 0, 0, 0, 1, 3, 1, 1, 1, 3, 0, 0, 3, 1, 0, 0, 3, 0, 0, 1]",19,13.157894736842104
La_Liga,2024,Osasuna,"[1, 3, 0, 3, 0, 3, 1, 3, 1, 0, 3, 3, 0, 1, 1, 1, 1, 0, 0, 1, 1, 3, 1, 1, 0, 1, 0, 0, 1, 1, 3, 3, 3, 0, 1, 3, 3, 1]","[1, 3, 0, 3, 0, 3, 1, 3, 1, 0, 3, 3, 0, 1, 1, 1, 1, 0, 0, 1, 1, 3, 1, 1, 0, 1, 0, 0, 1, 1, 3, 3, 3, 0, 1, 3, 3, 1]",16,1.8018018018018018
La_Liga,2024,Real Madrid,"[1, 3, 1, 3, 3, 3, 3, 1, 3, 3, 0, 3, 3, 3, 0, 3, 1, 3, 3, 3, 3, 0, 1, 1, 3, 0, 3, 3, 3, 0, 3, 3, 3, 3, 0, 3, 3, 3]","[1, 3, 1, 3, 3, 3, 3, 1, 3, 3, 0, 3, 3, 3, 0, 3, 1, 3, 3, 3, 3, 0, 1, 1, 3, 0, 3, 3, 3, 0, 3, 3, 3, 3, 0, 3, 3, 3]",17,3.4965034965034967
La_Liga,2024,Sevilla,"[1, 0, 1, 0, 3, 0, 3, 1, 3, 0, 3, 0, 0, 3, 1, 0, 3, 0, 1, 3, 1, 1, 0, 3, 1, 1, 3, 0, 0, 0, 0, 1, 0, 1, 0, 3, 0, 0]","[1, 0, 1, 0, 3, 0, 3, 1, 3, 0, 3, 0, 0, 3, 1, 0, 3, 0, 1, 3, 1, 1, 0, 3, 1, 1, 3, 0, 0, 0, 0, 1, 0, 1, 0, 3, 0, 0]",11,43.47826086956522
La_Liga,2024,Sociedad,"[0, 3, 0, 1, 0, 0, 1, 3, 1, 3, 0, 3, 3, 0, 3, 3, 1, 0, 3, 0, 0, 0, 3, 0, 3, 0, 0, 1, 3, 3, 0, 1, 0, 1, 0, 0, 3, 0]","[0, 3, 0, 1, 0, 0, 1, 3, 1, 3, 0, 3, 3, 0, 3, 3, 1, 0, 3, 0, 0, 0, 3, 0, 3, 0, 0, 1, 3, 3, 0, 1, 0, 1, 0, 0, 3, 0]",8,10.416666666666666
La_Liga,2024,Valencia,"[0, 0, 0, 1, 0, 3, 1, 0, 1, 0, 1, 3, 0, 0, 0, 1, 1, 0, 1, 3, 0, 3, 3, 1, 0, 1, 3, 1, 3, 3, 3, 1, 1, 3, 3, 0, 0, 1]","[0, 0, 0, 1, 0, 3, 1, 0, 1, 0, 1, 3, 0, 0, 0, 1, 1, 0, 1, 3, 0, 3, 3, 1, 0, 1, 3, 1, 3, 3, 3, 1, 1, 3, 3, 0, 0, 1]",3,4.975124378109452
La_Liga,2024,Valladolid,"[3, 0, 1, 0, 0, 1, 0, 0, 0, 3, 0, 0, 1, 0, 0, 0, 3, 0, 3, 0, 0, 0, 0, 0, 0, 1, 0, 0, 0, 0, 0, 0, 0, 0, 0, 0, 0, 0]","[3, 0, 1, 0, 0, 1, 0, 0, 0, 3, 0, 0, 1, 0, 0, 0, 3, 0, 3, 0, 0, 0, 0, 0, 0, 1, 0, 0, 0, 0, 0, 0, 0, 0, 0, 0, 0, 0]",19,90.57971014492753
La_Liga,2024,Vallecano,"[3, 1, 0, 0, 3, 1, 1, 1, 3, 0, 3, 0, 0, 0, 3, 1, 1, 1, 3, 1, 3, 3, 3, 0, 0, 1, 0, 1, 3, 0, 0, 1, 0, 3, 3, 1, 3, 1]","[3, 1, 0, 0, 3, 1, 1, 1, 3, 0, 3, 0, 0, 0, 3, 1, 1, 1, 3, 1, 3, 3, 3, 0, 0, 1, 0, 1, 3, 0, 0, 1, 0, 3, 3, 1, 3, 1]",15,4.694835680751174
La_Liga,2024,Villarreal,"[1, 3, 3, 1, 3, 0, 3, 3, 0, 1, 3, 3, 1, 1, 0, 0, 1, 3, 0, 3, 1, 3, 3, 1, 3, 0, 0, 3, 1, 3, 1, 0, 3, 3, 3, 3, 3, 3]","[1, 3, 3, 1, 3, 0, 3, 3, 0, 1, 3, 3, 1, 1, 0, 0, 1, 3, 0, 3, 1, 3, 3, 1, 3, 0, 0, 3, 1, 3, 1, 0, 3, 3, 3, 3, 3, 3]",13,1.3175230566534915
