League,Season,Team,Sequence,n,n1,n2,k,k1,k2,c1,c2,c3
Bundesliga,2000,Bayern Munich,"[1, 1, 1, 0, 1, 1, 0, 0, 1, 1, 0, 0, 1, 1, 1, 1, 1, 1, 0, 0, 1, 1, 0, 0, 1, 1, 1, 1]",28,14,14,19,9,10,1.4142084474522654,1.5217617602932305,1.2330456226880395
Bundesliga,2000,Bochum,"[1, 0, 0, 0, 1, 1, 0, 0, 0, 0, 0, 1, 0, 1, 0, 0, 0, 0, 0, 0, 0, 1, 1, 0, 0, 0, 0, 0]",28,14,14,7,5,2,3.557103300669816,10.50253231719744,4.975124378109452
Bundesliga,2000,Cottbus,"[0, 0, 0, 1, 0, 0, 1, 0, 1, 1, 0, 0, 1, 0, 0, 1, 0, 1, 0, 0, 1, 0, 0, 1, 0, 0, 1, 0, 0, 1, 1]",31,16,15,12,6,6,1.5401026560662618,1.79604172854337,1.443001443001443
Bundesliga,2000,Dortmund,"[1, 1, 0, 1, 1, 0, 1, 0, 0, 0, 1, 1, 1, 1, 1, 1, 0, 1, 1, 0, 1, 0, 1, 1]",24,12,12,16,7,9,1.221184094120891,1.239523109694232,1.1185682326621924
Bundesliga,2000,Ein Frankfurt,"[1, 0, 1, 0, 1, 0, 0, 1, 0, 1, 1, 0, 0, 0, 0, 0, 0, 1, 1, 0, 0, 0, 0, 0, 0, 0, 1, 0, 1]",29,15,14,10,6,4,2.2783586204333575,3.863889620287177,2.4330900243309004
Bundesliga,2000,FC Koln,"[0, 1, 0, 0, 0, 1, 0, 1, 1, 1, 1, 1, 0, 1, 0, 0, 0, 1, 1, 1, 0, 1, 0, 0]",24,12,12,12,7,5,2.5825977301387137,4.828396632130076,3.0120481927710845
Bundesliga,2000,Freiburg,"[1, 1, 0, 0, 0, 1, 0, 0, 0, 1, 1, 1, 1, 1, 1, 0, 0, 1, 1, 1, 0, 1, 1, 1]",24,12,12,15,6,9,1.12808850362943,1.1147670582566984,1.0548523206751055
Bundesliga,2000,Hamburg,"[0, 1, 1, 0, 1, 1, 0, 1, 0, 0, 0, 0, 1, 0, 0, 0, 0, 1, 0, 1, 1, 1, 0]",23,12,11,10,5,5,1.4888918213567126,1.7463541946265306,1.364256480218281
Bundesliga,2000,Hansa Rostock,"[0, 0, 0, 1, 1, 1, 0, 1, 0, 0, 1, 0, 0, 1, 0, 0, 0, 1, 1, 1, 0, 1, 0, 1, 0, 1, 0]",27,14,13,12,6,6,1.5175105332061893,1.759386916159739,1.3869625520110958
Bundesliga,2000,Hertha,"[0, 1, 1, 0, 1, 0, 1, 1, 1, 1, 1, 0, 0, 1, 0, 0, 0, 1, 1, 0, 1, 0, 1, 1, 0, 1, 0, 1, 0, 1, 0, 1]",32,16,16,18,9,9,1.6806258940555632,2.0,1.51285930408472
Bundesliga,2000,Kaiserslautern,"[0, 0, 1, 1, 0, 1, 1, 1, 1, 0, 0, 0, 1, 1, 1, 0, 1, 1, 0, 1, 1, 1, 0, 0, 1, 0, 0, 0, 0]",29,15,14,15,9,6,2.8927652183629156,5.619271194285363,3.236245954692557
Bundesliga,2000,Leverkusen,"[1, 0, 1, 0, 1, 1, 1, 1, 1, 1, 0, 1, 0, 0, 1, 1, 1, 0, 0, 0, 1, 1, 0, 1, 0, 1, 0, 1]",28,14,14,17,9,8,2.0327100704732444,2.8620860603416816,2.032520325203252
Bundesliga,2000,Munich 1860,"[1, 1, 0, 1, 0, 0, 0, 0, 0, 1, 1, 1, 0, 1, 0, 1, 1, 0, 0, 0, 0, 1, 1, 0, 1, 0]",26,13,13,12,6,6,1.63540341789661,2.0,1.545595054095827
Bundesliga,2000,Schalke 04,"[1, 1, 1, 1, 0, 1, 0, 0, 1, 1, 1, 0, 1, 1, 1, 0, 1, 0, 0, 1, 1, 1, 1, 1, 0, 1]",26,13,13,18,9,9,1.6581246534155312,2.0,1.4880952380952381
Bundesliga,2000,Stuttgart,"[0, 1, 0, 1, 0, 0, 1, 0, 0, 0, 0, 1, 0, 1, 0, 0, 1, 0, 1, 0, 1, 1, 0]",23,12,11,9,4,5,1.294771086918406,1.3810708078069203,1.1750881316098707
Bundesliga,2000,Unterhaching,"[0, 0, 0, 1, 0, 0, 1, 1, 1, 0, 0, 1, 0, 0, 0, 1, 1, 0, 0, 0, 1, 0, 0]",23,12,11,8,5,3,2.3169831150268667,4.263807401259858,2.5
Bundesliga,2000,Werder Bremen,"[1, 0, 0, 0, 1, 0, 0, 1, 1, 1, 0, 0, 1, 1, 1, 1, 1, 0, 0, 1, 1, 1, 0, 0, 1, 1]",26,13,13,15,6,9,1.14894499498751,1.1323123378609816,1.0559662090813093
Bundesliga,2000,Wolfsburg,"[0, 1, 0, 1, 0, 1, 1, 0, 1, 1, 0, 1, 0, 1, 0, 0, 1, 1, 0, 1, 0, 1, 0]",23,12,11,12,7,5,2.2658448587424314,3.7257172078854355,2.3640661938534278
Bundesliga,2001,Bayern Munich,"[0, 1, 1, 1, 1, 1, 1, 1, 1, 1, 1, 0, 0, 0, 0, 1, 0, 1, 1, 1, 1, 1, 1, 1, 1, 1]",26,13,13,20,10,10,1.6489719930562854,2.0,1.4970059880239521
Bundesliga,2001,Cottbus,"[1, 0, 1, 1, 0, 0, 0, 0, 0, 0, 0, 0, 0, 1, 0, 1, 0, 1, 0, 1, 0, 1, 0, 1, 0, 0]",26,13,13,9,3,6,1.1404595918962377,1.1212023997753857,1.0471204188481675
Bundesliga,2001,Dortmund,"[1, 1, 1, 1, 0, 0, 1, 1, 0, 1, 1, 1, 1, 1, 1, 1, 1, 0, 1, 1, 1, 0, 1, 0, 1, 1, 1]",27,14,13,21,11,10,1.7313070044652699,2.1786232127604483,1.557632398753894
Bundesliga,2001,FC Koln,"[1, 0, 0, 1, 0, 0, 0, 0, 0, 0, 0, 1, 0, 0, 0, 0, 0, 0, 0, 1, 0, 0, 1, 0, 1, 1]",26,13,13,7,3,4,1.345455675609176,1.490743003650105,1.2285012285012284
Bundesliga,2001,Freiburg,"[1, 0, 0, 0, 1, 0, 1, 1, 0, 0, 0, 0, 1, 0, 0, 0, 0, 0, 0, 0, 0, 0, 1, 0, 1]",25,13,12,7,5,2,3.2926615611315295,8.877048632583316,4.587155963302752
Bundesliga,2001,Hamburg,"[0, 1, 0, 0, 0, 1, 1, 0, 0, 0, 1, 0, 1, 0, 1, 1, 0, 1, 1, 0, 0, 1, 0, 0]",24,12,12,10,4,6,1.233447599421348,1.2559863036669832,1.122334455667789
Bundesliga,2001,Hansa Rostock,"[0, 1, 0, 0, 0, 0, 1, 1, 0, 0, 0, 1, 1, 0, 0, 1, 0, 1, 0, 0, 1, 0, 0, 1, 0, 0, 0]",27,14,13,9,5,4,1.8114671956806268,2.5466317660905053,1.757469244288225
Bundesliga,2001,Hertha,"[0, 1, 0, 1, 0, 1, 0, 1, 1, 1, 1, 1, 1, 0, 0, 1, 1, 1, 1, 1, 1, 0, 1, 1, 0, 1, 0]",27,14,13,18,9,9,1.4758492050635255,1.6465663139247086,1.3623978201634876
Bundesliga,2001,Kaiserslautern,"[1, 1, 1, 1, 1, 1, 1, 0, 1, 0, 0, 1, 0, 1, 1, 0, 1, 1, 0, 1, 0, 1, 0, 0, 0, 1, 0, 1, 0]",29,15,14,17,11,6,5.656916997835949,20.85893760147531,10.058338362502514
Bundesliga,2001,Leverkusen,"[1, 1, 1, 1, 1, 1, 1, 1, 1, 1, 1, 0, 1, 0, 0, 1, 0, 0, 1, 1, 1, 1, 1, 1, 1, 0, 0, 1]",28,14,14,21,12,9,3.8689898428937823,10.502532317197415,4.901960784313726
Bundesliga,2001,MGladbach,"[1, 0, 1, 0, 0, 0, 1, 0, 0, 0, 0, 0, 1, 0, 1, 1, 0, 1, 1, 1, 0, 0]",22,11,11,9,3,6,1.1247651807459151,1.1069888345665397,1.0298661174047374
Bundesliga,2001,Munich 1860,"[0, 0, 1, 1, 0, 1, 0, 0, 0, 1, 0, 1, 1, 1, 1, 1, 0, 1, 0, 0, 1, 1, 0, 0, 0, 1, 0, 1, 1]",29,15,14,15,8,7,1.8069284951620663,2.332250535873808,1.7094017094017093
Bundesliga,2001,Nurnberg,"[0, 1, 0, 0, 0, 0, 1, 0, 0, 0, 0, 1, 0, 0, 0, 1, 1, 1, 0, 1, 0, 0, 0, 0, 1, 0, 0, 0, 1, 1]",30,15,15,10,3,7,1.0967697479454057,1.0645858982458871,1.02880658436214
Bundesliga,2001,Schalke 04,"[0, 1, 1, 1, 0, 1, 0, 1, 1, 0, 1, 0, 1, 1, 1, 1, 1, 1, 0, 1, 1, 1, 1, 0, 1, 0, 0]",27,14,13,18,9,9,1.4758492050635255,1.6465663139247086,1.287001287001287
Bundesliga,2001,St Pauli,"[0, 0, 0, 0, 0, 1, 0, 0, 0, 0, 0, 0, 1, 0, 1, 0, 1, 0, 0, 0, 0, 0, 0, 0]",24,12,12,4,1,3,1.1430898010584611,1.158293339793587,1.0405827263267429
Bundesliga,2001,Stuttgart,"[0, 1, 1, 1, 0, 1, 0, 1, 0, 1, 0, 1, 1, 0, 0, 1, 0, 0, 0, 1, 1, 1, 1]",23,12,11,13,7,6,1.7780854752345217,2.339846425731408,1.6556291390728477
Bundesliga,2001,Werder Bremen,"[0, 1, 0, 0, 1, 1, 1, 0, 1, 1, 1, 1, 1, 1, 1, 0, 0, 0, 1, 0, 0, 1, 0, 0, 1, 1, 1, 1, 0]",29,15,14,17,11,6,5.656916997835949,20.85893760147531,10.117361392148927
Bundesliga,2001,Wolfsburg,"[0, 0, 0, 0, 1, 1, 0, 0, 1, 0, 1, 1, 1, 1, 0, 1, 0, 0, 0, 1, 1, 0, 0, 1, 1, 0, 1]",27,14,13,13,7,6,1.8045361146662608,2.376436250286031,1.7857142857142858
Bundesliga,2002,Bayern Munich,"[1, 1, 1, 1, 1, 0, 1, 1, 0, 1, 1, 1, 1, 1, 1, 1, 1, 1, 1, 0, 0, 1, 1, 1, 1, 0]",26,13,13,21,11,10,2.1288119673002748,3.232288800021739,2.0366598778004072
Bundesliga,2002,Bielefeld,"[1, 0, 1, 0, 0, 1, 0, 1, 0, 0, 0, 1, 1, 0, 1, 0, 1, 0, 0, 0, 0]",21,11,10,8,4,4,1.4705492403979321,1.760448810825132,1.3531799729364005
Bundesliga,2002,Bochum,"[1, 1, 1, 0, 0, 0, 1, 1, 0, 1, 0, 0, 1, 0, 1, 0, 0, 0, 0, 0, 1, 1, 1, 1]",24,12,12,12,6,6,1.6318725099601594,2.0,1.4792899408284024
Bundesliga,2002,Cottbus,"[0, 0, 1, 0, 0, 0, 0, 0, 0, 0, 1, 0, 0, 1, 1, 1, 0, 0, 0, 0, 0, 0, 0, 1]",24,12,12,6,2,4,1.187146070227026,1.2090279954402507,1.0683760683760684
Bundesliga,2002,Dortmund,"[1, 1, 1, 1, 1, 0, 1, 0, 1, 1, 1, 0, 1, 1, 0, 1, 0, 1, 1]",19,10,9,14,8,6,2.2927280807201136,3.9223879312857126,2.2522522522522523
Bundesliga,2002,Hamburg,"[1, 0, 0, 0, 1, 0, 1, 0, 1, 0, 1, 1, 1, 1, 0, 1, 1, 0, 1, 1, 1, 1]",22,11,11,14,5,9,1.0531781055261438,1.0396415907676637,1.0090817356205852
Bundesliga,2002,Hannover,"[0, 0, 0, 0, 1, 1, 0, 1, 1, 0, 0, 0, 0, 1, 1, 1, 1, 0, 1, 0, 1, 0, 0, 1, 1]",25,13,12,12,4,8,1.0587861151518532,1.037707234546176,1.0111223458038423
Bundesliga,2002,Hansa Rostock,"[1, 1, 1, 0, 1, 0, 0, 0, 0, 0, 1, 0, 0, 1, 0, 0, 1, 0, 1, 0, 0, 1, 0, 1, 0]",25,13,12,10,5,5,1.503287936727688,1.770193161216196,1.408450704225352
Bundesliga,2002,Hertha,"[0, 1, 1, 0, 1, 1, 0, 1, 1, 0, 0, 0, 1, 0, 1, 0, 1, 1, 1, 0, 1, 1, 1, 0, 0, 0, 1]",27,14,13,15,7,8,1.316508931008271,1.3760742381167328,1.1947431302270013
Bundesliga,2002,Kaiserslautern,"[0, 0, 0, 0, 1, 0, 0, 0, 0, 0, 1, 0, 1, 0, 1, 1, 1, 1, 1, 1, 0, 1, 0, 0]",24,12,12,10,2,8,1.0209910634453736,1.006533901196204,1.0
Bundesliga,2002,Leverkusen,"[0, 1, 0, 0, 1, 0, 1, 0, 1, 0, 1, 0, 0, 0, 0, 1, 0, 0, 1, 0, 0, 1, 0, 1, 1]",25,13,12,10,5,5,1.503287936727688,1.770193161216196,1.3679890560875514
Bundesliga,2002,MGladbach,"[0, 1, 1, 0, 0, 1, 0, 0, 0, 1, 0, 1, 0, 0, 0, 0, 1, 0, 1, 0, 1, 1, 1]",23,12,11,10,5,5,1.4888918213567126,1.7463541946265306,1.3623978201634876
Bundesliga,2002,Munich 1860,"[0, 1, 1, 0, 1, 0, 1, 1, 1, 0, 0, 1, 0, 1, 0, 0, 0, 1, 0, 1, 1, 0, 0]",23,12,11,11,7,4,3.0723288004779326,6.848083641913098,3.875968992248062
Bundesliga,2002,Nurnberg,"[0, 0, 1, 0, 0, 1, 1, 0, 0, 1, 1, 0, 0, 1, 0, 0, 0, 0, 0, 1, 0, 0, 0, 0, 0, 0]",26,13,13,7,5,2,3.60271151593285,10.82839615446654,5.025125628140704
Bundesliga,2002,Schalke 04,"[1, 1, 1, 0, 1, 0, 1, 0, 1, 1, 1, 0, 0, 1, 1, 0, 0, 0, 0, 1]",20,10,10,11,7,4,3.8231750823624497,11.26571093720506,5.05050505050505
Bundesliga,2002,Stuttgart,"[0, 1, 0, 1, 1, 1, 1, 1, 0, 0, 1, 1, 1, 1, 1, 1, 0, 1, 1, 0, 1, 0, 0, 1]",24,12,12,16,8,8,1.6476491652327578,2.0,1.4771048744460857
Bundesliga,2002,Werder Bremen,"[0, 1, 0, 1, 1, 1, 1, 0, 1, 0, 1, 1, 1, 1, 0, 0, 0, 1, 0, 0, 1, 1, 0, 0, 1, 1, 1, 0]",28,14,14,16,10,6,4.803973456066435,15.793988527051958,8.019889325527307
Bundesliga,2002,Wolfsburg,"[0, 1, 0, 1, 0, 1, 1, 0, 1, 0, 1, 0, 1, 0, 0, 0, 1, 1, 0, 1, 1, 0, 1, 0]",24,12,12,12,6,6,1.6318725099601594,2.0,1.5220700152207
Bundesliga,2003,Bayern Munich,"[1, 1, 1, 1, 0, 1, 1, 1, 0, 1, 1, 1, 1, 0, 1]",15,8,7,12,7,5,2.362484502101667,4.570824168435551,2.197802197802198
Bundesliga,2003,Bochum,"[0, 1, 1, 1, 0, 0, 1, 1, 1, 1, 0, 0, 1, 1]",14,7,7,9,4,5,1.285058825967541,1.4054805499345742,1.1286681715575622
Bundesliga,2003,Dortmund,"[1, 0, 1, 1, 1, 0, 0, 0, 1, 0, 0, 1, 1, 1, 1, 0, 1]",17,9,8,10,5,5,1.41102340158278,1.6280270076080123,1.2903225806451613
Bundesliga,2003,Ein Frankfurt,"[0, 0, 0, 0, 1, 0, 0, 1, 1, 0, 1, 0, 0, 0, 0, 0, 1]",17,9,8,5,3,2,1.764476625984921,2.830336698222467,1.7985611510791366
Bundesliga,2003,FC Koln,"[0, 0, 0, 0, 1, 0, 0, 1, 1, 0, 0, 0, 0, 0, 0, 1, 0, 0, 0]",19,10,9,4,3,1,2.4687786902230946,6.3843318405493,3.0211480362537766
Bundesliga,2003,Freiburg,"[0, 1, 0, 1, 0, 0, 0, 1, 0, 0, 1, 0, 0, 1, 0, 1, 0, 0, 0]",19,10,9,6,3,3,1.443446282474708,1.7793198438707436,1.3513513513513513
Bundesliga,2003,Hamburg,"[0, 1, 1, 0, 1, 1, 0, 1, 0, 1, 0, 1, 0, 0, 1, 1]",16,8,8,9,5,4,2.025236268514512,3.25576651572519,1.941747572815534
Bundesliga,2003,Hannover,"[1, 1, 0, 0, 0, 1, 0, 1, 0, 0, 0, 0, 1, 1, 0]",15,8,7,6,4,2,2.3814967230605095,5.024813540419161,2.849002849002849
Bundesliga,2003,Hansa Rostock,"[0, 0, 0, 0, 0, 0, 1, 0, 0, 1, 1, 0, 1, 0, 0, 1, 0]",17,9,8,5,1,4,1.0565380539430196,1.0411288969783878,1.0070493454179255
Bundesliga,2003,Hertha,"[0, 0, 0, 1, 0, 0, 1, 1, 1, 0, 0, 1, 1]",13,7,6,6,2,4,1.0838088891114326,1.0926474909767443,1.0224948875255624
Bundesliga,2003,Kaiserslautern,"[0, 1, 1, 1, 0, 1, 0, 0, 0, 0, 1, 0, 1, 1, 0, 0, 0, 1, 0]",19,10,9,8,4,4,1.4535527617057926,1.7311137178256986,1.3717421124828533
Bundesliga,2003,Leverkusen,"[1, 1, 1, 1, 1, 0, 1, 0, 0, 0, 0, 1, 1, 1, 1, 1, 1, 1]",18,9,9,13,6,7,1.3132297262630732,1.4272716628881084,1.179245283018868
Bundesliga,2003,MGladbach,"[1, 0, 0, 0, 0, 1, 1, 0, 0, 0, 1, 0, 1, 0, 1, 0, 1]",17,9,8,7,3,4,1.2382635024407562,1.3208690124394369,1.1299435028248588
Bundesliga,2003,Munich 1860,"[1, 0, 0, 0, 1, 1, 0, 0, 1, 1, 0, 0, 1, 0, 0, 0, 0, 0]",18,9,9,6,4,2,2.651266163793101,6.302974375068753,3.236245954692557
Bundesliga,2003,Schalke 04,"[0, 1, 0, 1, 1, 1, 1, 1, 1, 0, 1, 1, 0, 0, 0]",15,8,7,9,6,3,3.4507508833922254,9.761149845648184,4.310344827586207
Bundesliga,2003,Stuttgart,"[1, 1, 1, 1, 1, 1, 0, 0, 1, 0, 1, 1, 1, 1, 1, 1, 0]",17,9,8,13,7,6,1.6800657081999102,2.24015499177463,1.4684287812041117
Bundesliga,2003,Werder Bremen,"[1, 1, 1, 1, 0, 1, 1, 1, 1, 1, 1, 1, 1, 1, 1]",15,8,7,14,7,7,1.0,1.1997036310207658,1.0
Bundesliga,2003,Wolfsburg,"[1, 0, 1, 0, 0, 1, 0, 1, 1, 0, 0, 1, 0, 0, 0, 0, 0, 1, 1]",19,10,9,8,5,3,2.323474621408479,4.324072538095866,2.525252525252525
Bundesliga,2004,Bayern Munich,"[1, 0, 1, 1, 1, 0, 1, 1, 0, 1, 1, 1, 1, 1, 1, 0, 1, 1, 1, 0, 1, 1, 1, 1, 1, 1, 1, 1, 1]",29,15,14,24,12,12,1.3829090659031402,1.5196980469249557,1.2453300124533002
Bundesliga,2004,Bielefeld,"[0, 0, 1, 1, 0, 1, 1, 0, 0, 1, 1, 1, 0, 0, 0, 0, 1, 1, 0, 0, 0, 1, 0, 1, 0, 0, 0]",27,14,13,11,7,4,3.004756359851972,6.460827370308542,3.937007874015748
Bundesliga,2004,Bochum,"[1, 0, 0, 0, 0, 1, 0, 0, 0, 1, 0, 0, 0, 0, 1, 0, 0, 0, 1, 1, 1, 0, 0, 0, 1, 1]",26,13,13,9,3,6,1.1404595918962377,1.1212023997753857,1.0416666666666667
Bundesliga,2004,Dortmund,"[0, 1, 0, 0, 1, 1, 0, 0, 1, 0, 0, 1, 1, 1, 0, 1, 0, 1, 1, 1, 1, 1, 1, 1]",24,12,12,15,5,10,1.0300064063629293,1.0178194646175127,1.0070493454179255
Bundesliga,2004,Freiburg,"[1, 0, 0, 0, 1, 0, 0, 0, 0, 0, 0, 0, 1, 0, 0, 0, 0, 0, 0, 0, 0, 0, 0, 0, 0]",25,13,12,3,3,0,4.636688648466324,26.290349888404165,7.9936051159072745
Bundesliga,2004,Hamburg,"[0, 0, 1, 0, 0, 1, 0, 0, 1, 1, 0, 1, 1, 1, 0, 1, 0, 1, 1, 1, 1, 0, 1, 1, 0, 0, 1, 1, 0, 0, 0]",31,16,15,16,8,8,1.536836202224237,1.7433214000368964,1.4104372355430184
Bundesliga,2004,Hannover,"[0, 0, 1, 0, 1, 1, 1, 1, 1, 0, 1, 1, 0, 0, 1, 0, 0, 0, 0, 0, 1, 1, 0, 0, 0, 1, 0, 1]",28,14,14,13,8,5,3.3492437066346437,7.824018803295653,4.3478260869565215
Bundesliga,2004,Hansa Rostock,"[0, 1, 0, 0, 0, 1, 0, 0, 0, 0, 0, 0, 0, 0, 0, 1, 1, 0, 1, 0, 1, 0, 1, 0, 0]",25,13,12,7,2,5,1.0973483252439795,1.0774044319505338,1.0214504596527068
Bundesliga,2004,Hertha,"[0, 1, 1, 0, 0, 1, 1, 1, 1, 1, 1, 1, 0, 1, 1, 0, 1, 1, 1, 0, 1]",21,11,10,15,8,7,1.7294266340001494,2.2469229507104775,1.5723270440251573
Bundesliga,2004,Kaiserslautern,"[0, 0, 0, 1, 1, 0, 0, 0, 0, 1, 1, 0, 1, 1, 1, 1, 1, 0, 1, 0, 0, 1, 0, 0, 0, 1, 0, 0]",28,14,14,12,6,6,1.6379481654980252,2.0,1.5432098765432098
Bundesliga,2004,Leverkusen,"[1, 1, 0, 0, 1, 0, 1, 0, 1, 0, 1, 1, 1, 1, 0, 1, 1, 0, 1, 0, 0, 1, 1, 1, 1]",25,13,12,16,8,8,1.4708481968310905,1.6522935832009673,1.3280212483399734
Bundesliga,2004,MGladbach,"[0, 1, 0, 0, 1, 0, 0, 1, 1, 0, 0, 0, 1, 1, 0, 0, 1, 0, 0, 0, 1, 0]",22,11,11,8,4,4,1.5818429472822768,2.0,1.4367816091954022
Bundesliga,2004,Mainz,"[0, 1, 1, 1, 1, 0, 1, 0, 0, 1, 0, 0, 0, 0, 0, 0, 0, 0, 1, 1, 0, 0, 1, 1, 0, 1, 1]",27,14,13,12,6,6,1.5175105332061893,1.759386916159739,1.4903129657228018
Bundesliga,2004,Nurnberg,"[1, 0, 0, 1, 0, 0, 1, 1, 0, 0, 1, 0, 1, 0, 0, 0, 0, 1, 0, 0, 1, 1, 0, 1, 0, 0]",26,13,13,10,6,4,2.521191968354289,4.760627558633163,3.1446540880503147
Bundesliga,2004,Schalke 04,"[0, 1, 0, 0, 1, 0, 1, 1, 1, 1, 1, 1, 0, 1, 1, 1, 1, 0, 1, 1, 1, 1, 1, 0, 1, 0, 0, 0, 1, 0, 1]",31,16,15,20,11,9,2.2146543254239877,3.274057671838239,2.178649237472767
Bundesliga,2004,Stuttgart,"[1, 1, 1, 1, 1, 1, 0, 0, 0, 1, 0, 1, 1, 1, 0, 0, 1, 1, 1, 1, 1, 1, 0, 0, 1, 0, 0]",27,14,13,17,10,7,2.9423240739360157,5.805456874013267,3.5587188612099645
Bundesliga,2004,Werder Bremen,"[1, 1, 0, 0, 1, 1, 0, 0, 1, 1, 0, 1, 1, 0, 1, 1, 1, 1, 1, 0, 1, 0, 1, 0, 0, 1, 0, 1, 1]",29,15,14,18,9,9,1.5045342972249258,1.6836809411641154,1.321003963011889
Bundesliga,2004,Wolfsburg,"[1, 0, 1, 1, 1, 1, 1, 0, 1, 0, 1, 0, 1, 0, 0, 0, 1, 0, 0, 0, 0, 1, 0, 1, 0, 0, 1, 0, 1, 0, 1]",31,16,15,15,9,6,2.862765580742819,5.47058459211256,3.6101083032490973
Bundesliga,2005,Bayern Munich,"[1, 1, 1, 1, 1, 1, 0, 1, 1, 1, 1, 1, 1, 1, 1, 1, 1, 1, 1, 0, 1, 1, 0, 1, 1]",25,13,12,22,12,10,2.3179676404647673,4.079306397635297,2.092050209205021
Bundesliga,2005,Bielefeld,"[0, 0, 1, 0, 0, 1, 1, 1, 0, 0, 0, 1, 0, 0, 1, 0, 1, 0, 1, 0, 1, 1, 0, 0, 0, 0, 0]",27,14,13,10,5,5,1.5148471428733075,1.7898317226824547,1.4064697609001406
Bundesliga,2005,Dortmund,"[0, 1, 0, 1, 1, 0, 1, 1, 0, 0, 0, 1, 1, 0, 0, 1, 1, 0, 0, 1, 1]",21,11,10,11,5,6,1.271809969845994,1.337842294670583,1.1534025374855825
Bundesliga,2005,Duisburg,"[0, 0, 0, 0, 1, 0, 0, 1, 0, 0, 0, 1, 0, 0, 1, 0, 0, 0, 0, 0, 0, 1]",22,11,11,5,2,3,1.2924968664422045,1.4398117926016154,1.1682242990654206
Bundesliga,2005,Ein Frankfurt,"[0, 0, 1, 0, 0, 0, 0, 1, 1, 0, 1, 1, 1, 0, 0, 1, 0, 0, 0, 0, 1, 0, 0, 1, 0]",25,13,12,9,6,3,3.123826759304197,7.381478532763724,4.016064257028113
Bundesliga,2005,FC Koln,"[1, 1, 0, 0, 1, 0, 0, 0, 0, 0, 0, 0, 0, 0, 0, 0, 0, 1, 0, 0, 1, 1, 0, 0, 1]",25,13,12,7,3,4,1.2910484283133583,1.3969029727520257,1.1862396204033214
Bundesliga,2005,Hamburg,"[1, 1, 1, 1, 1, 1, 0, 1, 1, 1, 1, 1, 0, 1, 0, 1, 1, 0, 1, 1, 1, 0, 1, 1, 1, 0, 1, 0, 0]",29,15,14,21,12,9,2.960677196808087,5.812522545340308,3.5587188612099645
Bundesliga,2005,Hannover,"[1, 0, 0, 0, 1, 0, 1, 1, 1, 1, 0, 0, 1, 0, 0, 0, 0]",17,9,8,7,5,2,3.4329514965551176,9.932847280100495,4.8076923076923075
Bundesliga,2005,Hertha,"[1, 0, 1, 1, 1, 0, 0, 1, 1, 0, 1, 0, 0, 0, 0, 1, 1, 1, 1, 0, 1, 0]",22,11,11,12,7,5,2.641091910859272,5.104581978565195,2.932551319648094
Bundesliga,2005,Kaiserslautern,"[0, 1, 1, 0, 0, 0, 0, 0, 0, 0, 0, 0, 0, 1, 0, 1, 1, 1, 0, 0, 1, 0, 0, 0, 1]",25,13,12,8,2,6,1.0570945176071416,1.032944012405063,1.0121457489878543
Bundesliga,2005,Leverkusen,"[1, 0, 0, 1, 1, 0, 0, 1, 0, 0, 1, 0, 1, 0, 1, 1, 0, 0, 1, 1, 1, 1, 1, 1]",24,12,12,14,5,9,1.0719642326915546,1.0513533321374784,1.0141987829614605
Bundesliga,2005,MGladbach,"[0, 1, 0, 1, 1, 1, 1, 0, 0, 1, 0, 0, 1, 0, 1, 0, 0, 1, 0, 0, 0, 1]",22,11,11,10,6,4,2.595532227374539,5.104581978565192,3.215434083601286
Bundesliga,2005,Mainz,"[0, 0, 0, 0, 0, 1, 0, 1, 0, 1, 0, 1, 0, 1, 0, 0, 0, 0, 1, 1, 0, 1, 1]",23,12,11,9,4,5,1.294771086918406,1.3810708078069203,1.160092807424594
Bundesliga,2005,Nurnberg,"[0, 0, 0, 0, 1, 0, 0, 0, 0, 1, 0, 1, 1, 0, 0, 1, 0, 1, 1, 1, 1, 0, 1, 0, 1, 1]",26,13,13,12,4,8,1.0893016695204993,1.061335592111114,1.0245901639344261
Bundesliga,2005,Schalke 04,"[1, 1, 1, 1, 0, 1, 1, 1, 1, 0, 1, 1, 1, 1, 1, 1, 0, 0, 1, 0, 1]",21,11,10,16,9,7,2.280991489170337,3.806679779244293,2.192982456140351
Bundesliga,2005,Stuttgart,"[0, 1, 0, 1, 1, 1, 1, 0, 0, 1, 1, 0, 0, 1, 0, 0, 1, 0]",18,9,9,9,5,4,2.0,3.137983956620695,1.9841269841269842
Bundesliga,2005,Werder Bremen,"[1, 1, 1, 1, 0, 1, 1, 1, 1, 0, 1, 0, 1, 1, 1, 1, 0, 1, 1, 0, 0, 1, 1, 1, 1, 1, 1]",27,14,13,21,11,10,1.7313070044652699,2.1786232127604483,1.5600624024960998
Bundesliga,2005,Wolfsburg,"[1, 0, 1, 1, 0, 1, 0, 0, 0, 0, 0, 0, 1, 0, 0, 1, 0, 0, 1, 0, 0]",21,11,10,7,4,3,1.7880632267441845,2.6407726868231305,1.7921146953405018
Bundesliga,2006,Aachen,"[0, 0, 1, 1, 0, 1, 1, 0, 0, 0, 0, 0, 1, 0, 0, 0, 1, 1, 1, 1, 0, 0, 0, 0, 0, 0, 0]",27,14,13,9,5,4,1.8114671956806268,2.5466317660905053,1.8315018315018314
Bundesliga,2006,Bayern Munich,"[1, 1, 0, 1, 0, 1, 0, 1, 0, 1, 1, 1, 1, 1, 0, 0, 1, 0, 1, 1, 0, 1, 1, 1, 0, 0, 1, 1]",28,14,14,18,10,8,2.623469456875555,4.648755263783788,2.949852507374631
Bundesliga,2006,Bielefeld,"[0, 0, 1, 0, 1, 1, 1, 1, 0, 0, 0, 0, 0, 0, 0, 1, 0, 0, 1, 0, 1, 1, 1, 1, 0]",25,13,12,11,5,6,1.312366537696454,1.3903095941809698,1.1750881316098707
Bundesliga,2006,Bochum,"[0, 0, 0, 1, 0, 0, 0, 1, 0, 1, 0, 1, 0, 1, 0, 0, 1, 0, 1, 0, 1, 1, 0, 1, 1, 1, 0, 1]",28,14,14,13,5,8,1.1655130865903642,1.1465412140302207,1.0775862068965518
Bundesliga,2006,Cottbus,"[0, 1, 1, 0, 0, 1, 1, 0, 0, 0, 0, 0, 1, 0, 0, 1, 1, 0, 1, 1, 1, 0, 1, 0, 0, 0]",26,13,13,11,5,6,1.398057804285396,1.5283489660964467,1.256281407035176
Bundesliga,2006,Dortmund,"[0, 1, 1, 0, 1, 1, 0, 1, 0, 0, 1, 0, 0, 0, 1, 0, 0, 0, 0, 1, 0, 1, 1, 1, 1, 0]",26,13,13,12,6,6,1.63540341789661,2.0,1.550387596899225
Bundesliga,2006,Ein Frankfurt,"[1, 0, 1, 1, 0, 0, 1, 0, 0, 0, 0, 0, 1, 1, 0, 1, 0, 0, 1, 1, 0]",21,11,10,9,4,5,1.2786443652153643,1.3589406012658827,1.1668611435239207
Bundesliga,2006,Hamburg,"[0, 0, 1, 0, 0, 0, 0, 0, 1, 1, 1, 1, 1, 0, 1, 1, 0, 1, 1]",19,10,9,10,3,7,1.0290189955296434,1.0189987543833756,1.0040160642570282
Bundesliga,2006,Hannover,"[0, 0, 0, 1, 0, 0, 1, 0, 1, 1, 1, 0, 0, 1, 1, 1, 1, 0, 0, 0, 0, 1, 1, 1, 0, 0]",26,13,13,12,5,7,1.2530304227800353,1.275023464644205,1.1415525114155252
Bundesliga,2006,Hertha,"[1, 1, 0, 1, 0, 1, 1, 1, 0, 0, 1, 1, 0, 1, 0, 0, 0, 0, 0, 0, 1, 0, 1, 0, 0, 1]",26,13,13,12,8,4,4.919015616099991,17.303747393331143,8.4774499830451
Bundesliga,2006,Leverkusen,"[1, 0, 0, 1, 0, 0, 1, 1, 0, 0, 1, 1, 1, 1, 0, 0, 0, 1, 1, 1, 1, 0, 0, 1, 0, 0, 1, 1]",28,14,14,15,8,7,2.010548201001965,2.837933762005623,2.004008016032064
Bundesliga,2006,MGladbach,"[1, 0, 1, 0, 1, 0, 1, 0, 0, 0, 0, 0, 0, 0, 0, 1, 0, 0, 1, 0, 0, 0, 0, 0, 0, 0]",26,13,13,6,4,2,2.5408985452370243,5.683759506913711,2.73224043715847
Bundesliga,2006,Mainz,"[1, 0, 0, 0, 0, 0, 0, 0, 0, 1, 1, 1, 1, 1, 0, 1, 0, 0, 0, 0, 0, 0, 1, 0]",24,12,12,8,4,4,1.583479333524026,2.0,1.51285930408472
Bundesliga,2006,Nurnberg,"[1, 1, 0, 0, 1, 1, 1, 1, 1, 1, 0, 0, 1, 0, 1, 0, 0, 0, 1]",19,10,9,11,8,3,8.01925653660181,50.41222085049323,18.231540565177756
Bundesliga,2006,Schalke 04,"[1, 1, 0, 1, 0, 1, 1, 0, 1, 1, 1, 1, 1, 1, 1, 1, 1, 1, 0, 0, 1, 0, 1, 1, 1, 0, 1, 0, 1]",29,15,14,21,12,9,2.960677196808087,5.812522545340308,3.3003300330033003
Bundesliga,2006,Stuttgart,"[0, 1, 0, 1, 1, 1, 1, 1, 1, 0, 1, 1, 0, 1, 1, 1, 1, 0, 0, 1, 1, 1, 1, 1, 1, 1, 1]",27,14,13,21,10,11,1.2190598741690837,1.2580313487629697,1.1185682326621924
Bundesliga,2006,Werder Bremen,"[1, 1, 0, 0, 1, 1, 1, 1, 1, 0, 1, 1, 1, 1, 1, 1, 0, 0, 0, 1, 1, 1, 1, 1, 0, 1, 0, 1]",28,14,14,20,11,9,2.7077050625657972,4.965444303155276,2.824858757062147
Bundesliga,2006,Wolfsburg,"[0, 0, 1, 0, 1, 1, 1, 0, 0, 0, 0, 1, 0, 1, 1, 0, 1, 0, 0, 0, 0]",21,11,10,8,4,4,1.4705492403979321,1.760448810825132,1.3717421124828533
Bundesliga,2007,Bayern Munich,"[1, 1, 1, 1, 1, 1, 1, 1, 0, 1, 1, 1, 1, 1, 1, 0, 1, 1, 1, 1, 1, 1, 1, 1]",24,12,12,22,11,11,1.543199464743451,2.0,1.3157894736842106
Bundesliga,2007,Bielefeld,"[1, 1, 0, 1, 0, 0, 0, 0, 0, 1, 0, 0, 0, 1, 0, 0, 0, 0, 0, 1, 0, 1, 1, 0]",24,12,12,8,4,4,1.583479333524026,2.0,1.485884101040119
Bundesliga,2007,Bochum,"[1, 1, 0, 0, 0, 0, 0, 0, 1, 1, 1, 0, 0, 1, 0, 1, 1, 0, 1, 0, 0, 1, 0]",23,12,11,10,5,5,1.4888918213567126,1.7463541946265306,1.3850415512465375
Bundesliga,2007,Cottbus,"[0, 0, 0, 0, 0, 0, 1, 0, 0, 1, 1, 0, 0, 0, 0, 1, 0, 1, 1, 1, 0, 1, 0, 1, 0]",25,13,12,9,3,6,1.1074455194233837,1.0876527314740125,1.0384215991692627
Bundesliga,2007,Dortmund,"[0, 0, 1, 1, 1, 0, 0, 0, 1, 0, 0, 1, 1, 0, 0, 1, 1, 0, 0, 1, 0, 0, 1, 0]",24,12,12,10,5,5,1.612302051746704,2.0,1.4947683109118086
Bundesliga,2007,Duisburg,"[1, 0, 0, 1, 0, 0, 0, 0, 0, 1, 0, 0, 0, 0, 1, 0, 0, 0, 1, 0, 0, 1, 0, 1, 0, 1, 0, 0, 0]",29,15,14,8,4,4,1.510027862632342,1.8326720868116895,1.402524544179523
Bundesliga,2007,Ein Frankfurt,"[1, 1, 0, 1, 0, 1, 0, 0, 1, 1, 1, 0, 1, 0, 1, 1, 1, 0, 0, 0, 0, 0, 0, 1]",24,12,12,12,7,5,2.5825977301387137,4.828396632130076,2.9940119760479043
Bundesliga,2007,Hamburg,"[1, 1, 0, 0, 1, 1, 1, 1, 1, 1, 1, 0, 1, 1, 1, 0, 0, 0, 1, 0, 0, 1]",22,11,11,14,9,5,5.788814622485842,26.226031060683805,10.856584518510477
Bundesliga,2007,Hannover,"[0, 1, 0, 1, 0, 1, 1, 1, 1, 0, 0, 1, 1, 0, 0, 0, 1, 0, 0, 1, 1, 1, 0, 1]",24,12,12,13,7,6,2.0133858647001284,2.932355002629789,1.9841269841269842
Bundesliga,2007,Hansa Rostock,"[0, 0, 0, 0, 0, 1, 1, 1, 0, 0, 1, 0, 0, 0, 1, 0, 1, 0, 0, 0, 0, 1, 0, 0, 0, 0, 0, 1]",28,14,14,8,4,4,1.5855812118384875,2.0,1.5479876160990713
Bundesliga,2007,Hertha,"[0, 1, 0, 1, 1, 1, 0, 0, 0, 1, 0, 1, 0, 0, 0, 0, 1, 1, 1, 0, 0, 0, 1, 1, 1, 0]",26,13,13,12,6,6,1.63540341789661,2.0,1.5748031496062993
Bundesliga,2007,Karlsruhe,"[1, 0, 0, 1, 1, 0, 1, 1, 1, 1, 0, 1, 0, 1, 0, 1, 0, 0, 0, 0, 1, 0, 0, 0]",24,12,12,11,8,3,8.177398142856338,49.35331331151717,19.782393669634025
Bundesliga,2007,Leverkusen,"[0, 1, 1, 1, 1, 0, 0, 0, 1, 1, 1, 1, 1, 0, 1, 1, 0, 1, 1, 0, 0, 0, 1, 0, 0, 0, 1, 0]",28,14,14,15,9,6,3.3867106476777153,7.824018803295667,4.366812227074236
Bundesliga,2007,Nurnberg,"[0, 1, 0, 0, 0, 0, 1, 0, 0, 0, 1, 0, 1, 0, 0, 0, 0, 0, 1, 0, 1, 1, 0, 0]",24,12,12,7,3,4,1.3416496587301465,1.4851863748254122,1.256281407035176
Bundesliga,2007,Schalke 04,"[1, 1, 1, 1, 0, 0, 1, 1, 1, 1, 1, 0, 0, 0, 1, 1, 1, 1, 0, 1, 1, 1, 1, 1]",24,12,12,18,9,9,1.6411603226794442,2.0,1.4814814814814814
Bundesliga,2007,Stuttgart,"[0, 1, 0, 1, 0, 1, 0, 0, 0, 1, 1, 1, 1, 0, 1, 0, 0, 0, 1, 1, 1, 1, 1, 1, 0, 1, 0, 1, 0, 0]",30,15,15,16,8,8,1.6683818641526431,2.0,1.5625
Bundesliga,2007,Werder Bremen,"[0, 1, 1, 0, 1, 1, 1, 1, 1, 1, 1, 1, 0, 1, 0, 1, 0, 1, 0, 0, 0, 1, 1, 1, 1, 1, 1, 1]",28,14,14,20,11,9,2.7077050625657972,4.965444303155276,2.9585798816568047
Bundesliga,2007,Wolfsburg,"[0, 1, 0, 0, 1, 1, 1, 0, 0, 0, 0, 1, 1, 1, 1, 0, 1, 1, 1, 1, 0, 0, 1, 1, 1]",25,13,12,15,6,9,1.0910400032676595,1.0760359284489371,1.0319917440660475
Bundesliga,2008,Bayern Munich,"[1, 1, 0, 0, 1, 1, 1, 1, 1, 1, 1, 1, 0, 1, 0, 0, 1, 1, 1, 0, 1, 1, 0, 1, 1, 1, 1]",27,14,13,20,11,9,2.238201664125662,3.4482962377163235,2.178649237472767
Bundesliga,2008,Bielefeld,"[0, 0, 1, 0, 0, 0, 0, 1, 0, 1, 0, 1, 0, 0, 0, 0, 0, 0]",18,9,9,4,2,2,1.4747065927778513,2.0,1.440922190201729
Bundesliga,2008,Bochum,"[0, 0, 1, 0, 0, 0, 0, 0, 0, 1, 0, 1, 1, 0, 1, 0, 1, 0, 0, 0, 0, 0, 1]",23,12,11,7,3,4,1.2820079862218985,1.3832121067883727,1.1614401858304297
Bundesliga,2008,Cottbus,"[0, 0, 0, 1, 0, 0, 0, 0, 0, 1, 0, 1, 0, 0, 1, 1, 0, 0, 0, 0, 0, 1, 0, 1, 0, 0, 0, 1]",28,14,14,8,3,5,1.2267334582687894,1.252178551393171,1.1185682326621924
Bundesliga,2008,Dortmund,"[1, 1, 0, 1, 1, 0, 1, 1, 1, 0, 0, 1, 1, 1, 1, 1, 1, 1, 0, 1]",20,10,10,15,7,8,1.3227954691389017,1.4342846107068594,1.1778563015312131
Bundesliga,2008,Ein Frankfurt,"[0, 0, 0, 0, 1, 1, 0, 1, 0, 1, 0, 1, 0, 0, 0, 1, 0, 1, 0, 1, 0, 0, 0, 0, 0]",25,13,12,8,5,3,2.315101232328993,4.246384611822067,2.444987775061125
Bundesliga,2008,FC Koln,"[0, 1, 0, 0, 1, 1, 1, 0, 0, 1, 1, 0, 0, 0, 0, 1, 1, 0, 0, 1, 0, 0, 0, 0, 1, 0, 0, 1]",28,14,14,11,6,5,1.9683259886695428,2.862086060341679,2.044989775051125
Bundesliga,2008,Hamburg,"[1, 1, 1, 0, 1, 1, 0, 1, 0, 1, 0, 1, 1, 1, 1, 0, 1, 1, 0, 0, 1, 1, 1, 0, 1, 0, 0, 1, 0, 1]",30,15,15,19,11,8,3.438684206026544,7.821532955724354,4.291845493562231
Bundesliga,2008,Hannover,"[0, 0, 1, 0, 1, 0, 0, 1, 0, 0, 1, 0, 1, 0, 0, 1, 0, 0, 1, 0, 1, 1, 1, 0]",24,12,12,10,4,6,1.233447599421348,1.2559863036669832,1.124859392575928
Bundesliga,2008,Hertha,"[1, 0, 1, 0, 1, 1, 1, 0, 1, 1, 1, 1, 0, 1, 1, 1, 0, 1, 1, 1, 0, 0, 0, 1, 1, 1, 1, 0]",28,14,14,19,10,9,2.057873193112623,2.916583536972888,1.941747572815534
Bundesliga,2008,Hoffenheim,"[1, 1, 0, 1, 0, 1, 1, 1, 1, 1, 0, 1, 1, 1, 0, 1, 0, 0, 0, 0, 0, 1, 1, 1]",24,12,12,15,9,6,3.691133500977665,9.71330166678411,5.208333333333333
Bundesliga,2008,Karlsruhe,"[1, 0, 0, 0, 1, 1, 0, 0, 0, 0, 0, 0, 0, 0, 1, 0, 0, 1, 0, 0, 0, 0, 0, 0, 1, 0, 0, 1, 1]",29,15,14,8,4,4,1.510027862632342,1.8326720868116895,1.3888888888888888
Bundesliga,2008,Leverkusen,"[0, 1, 1, 0, 1, 1, 0, 1, 1, 1, 1, 1, 0, 0, 1, 0, 1, 0, 0, 0, 1, 0, 0, 1, 0, 1, 0]",27,14,13,14,9,5,4.068661615511714,11.133362611814682,5.865102639296188
Bundesliga,2008,MGladbach,"[0, 0, 1, 0, 0, 0, 0, 1, 0, 0, 1, 0, 0, 0, 0, 0, 1, 0, 1, 1, 0, 0, 0, 0, 1, 1, 0]",27,14,13,8,3,5,1.1874522040770383,1.1996231660868324,1.0729613733905579
Bundesliga,2008,Schalke 04,"[1, 1, 1, 0, 1, 1, 0, 0, 1, 0, 1, 0, 1, 0, 1, 1, 0, 0, 1, 1, 1, 1, 0, 0, 0, 0]",26,13,13,14,8,6,2.5738033064258965,4.636053386548998,2.9673590504451037
Bundesliga,2008,Stuttgart,"[1, 0, 1, 1, 0, 1, 0, 1, 0, 0, 0, 1, 1, 1, 1, 1, 1, 0, 1, 1, 1, 1, 1, 1, 1, 1, 0]",27,14,13,19,8,11,1.072014517551029,1.0628555002656164,1.016260162601626
Bundesliga,2008,Werder Bremen,"[0, 1, 1, 1, 0, 0, 1, 1, 0, 1, 0, 1, 0, 0, 0, 1, 0, 1, 0, 1, 0, 1, 1, 0, 0]",25,13,12,12,7,5,2.261000651366145,3.686354390433831,2.3923444976076556
Bundesliga,2008,Wolfsburg,"[1, 1, 0, 1, 0, 1, 0, 1, 0, 1, 1, 0, 1, 1, 1, 1, 1, 1, 1, 1, 1, 1, 0, 1, 0, 1, 1, 1]",28,14,14,21,9,12,1.1123079199226675,1.1052351064558052,1.0309278350515463
Bundesliga,2009,Bayern Munich,"[0, 1, 1, 1, 0, 1, 1, 1, 1, 1, 1, 1, 1, 1, 1, 1, 1, 1, 0, 0, 1, 1, 1, 1]",24,12,12,20,10,10,1.6163774630092107,2.0,1.4164305949008498
Bundesliga,2009,Bochum,"[0, 1, 0, 0, 0, 1, 0, 0, 0, 0, 1, 0, 1, 1, 1, 0, 0, 0, 0, 0, 0, 0, 0, 0]",24,12,12,6,3,3,1.5413578271663737,2.0,1.5037593984962405
Bundesliga,2009,Dortmund,"[1, 0, 0, 0, 1, 1, 1, 1, 1, 1, 1, 1, 1, 0, 0, 0, 1, 0, 1, 1, 1, 1, 0, 1, 0]",25,13,12,16,10,6,4.250982277285033,12.408657587544567,6.119576525304449
Bundesliga,2009,Ein Frankfurt,"[1, 1, 0, 0, 1, 0, 1, 0, 0, 1, 1, 1, 0, 1, 1, 0, 0, 0, 1, 1, 1, 0, 0, 0]",24,12,12,12,7,5,2.5825977301387137,4.828396632130076,3.067484662576687
Bundesliga,2009,FC Koln,"[0, 0, 0, 0, 1, 0, 1, 0, 1, 0, 1, 0, 1, 1, 0, 0, 0, 1, 0, 1, 1, 0, 0]",23,12,11,9,4,5,1.294771086918406,1.3810708078069203,1.2019230769230769
Bundesliga,2009,Freiburg,"[0, 0, 1, 0, 1, 1, 0, 0, 0, 0, 1, 0, 1, 0, 0, 0, 0, 0, 0, 0, 0, 1, 0, 1, 1, 1]",26,13,13,9,5,4,1.9517684369333521,2.9404417872016517,1.9455252918287937
Bundesliga,2009,Hamburg,"[1, 1, 1, 1, 1, 1, 0, 0, 1, 1, 1, 0, 1, 0, 1, 0, 0, 1, 0, 0, 1]",21,11,10,13,9,4,7.343772987529967,41.033577655238034,16.07200257152041
Bundesliga,2009,Hannover,"[0, 1, 0, 0, 1, 0, 1, 1, 0, 0, 0, 0, 0, 0, 0, 0, 0, 0, 0, 1, 1, 0, 0, 1, 0, 0, 1, 1]",28,14,14,9,4,5,1.3819950543360615,1.5217617602932303,1.2642225031605563
Bundesliga,2009,Hertha,"[1, 0, 0, 0, 0, 0, 0, 0, 0, 0, 0, 0, 0, 0, 1, 0, 1, 0, 0, 0, 1, 1, 0, 0, 0]",25,13,12,5,1,4,1.0782316348659655,1.0578174321508553,1.017293997965412
Bundesliga,2009,Hoffenheim,"[0, 1, 1, 1, 1, 0, 0, 1, 1, 0, 1, 0, 0, 0, 0, 0, 1, 0, 1, 0, 0, 0, 0, 1, 1]",25,13,12,11,7,4,3.033829299860689,6.623806683184078,3.389830508474576
Bundesliga,2009,Leverkusen,"[1, 1, 1, 1, 1, 1, 1, 1, 1, 1, 1, 1, 1, 0, 1, 0, 0, 0, 0, 1]",20,10,10,15,10,5,12.799687507629208,203.59809740317195,62.5
Bundesliga,2009,MGladbach,"[1, 0, 1, 0, 0, 0, 0, 0, 1, 1, 1, 0, 1, 0, 0, 1, 0, 1, 0, 0, 1, 0, 1, 0, 0]",25,13,12,10,6,4,2.2821764058767533,3.896418200653083,2.5188916876574305
Bundesliga,2009,Mainz,"[1, 0, 1, 1, 0, 1, 0, 1, 1, 0, 0, 0, 1, 0, 1, 0, 1, 1, 0, 0, 0, 1, 1]",23,12,11,12,6,6,1.4825489081507597,1.7056624863795589,1.342281879194631
Bundesliga,2009,Nurnberg,"[0, 0, 1, 0, 0, 0, 1, 0, 0, 1, 0, 0, 0, 0, 0, 1, 0, 0, 1, 1, 0, 1, 0, 0, 0, 0, 1]",27,14,13,8,3,5,1.1874522040770383,1.1996231660868324,1.079913606911447
Bundesliga,2009,Schalke 04,"[1, 1, 0, 1, 0, 1, 1, 1, 1, 0, 1, 1, 1, 1, 1, 1, 0, 1, 1, 1, 1, 0, 0, 1, 1, 0]",26,13,13,19,10,9,2.0832218290208626,3.0377264526688816,2.0533880903490758
Bundesliga,2009,Stuttgart,"[0, 1, 0, 0, 1, 0, 0, 0, 0, 1, 1, 1, 1, 1, 0, 1, 1, 0, 1, 1, 1, 1, 1, 1]",24,12,12,15,5,10,1.0300064063629293,1.0178194646175127,1.0030090270812437
Bundesliga,2009,Werder Bremen,"[0, 1, 1, 1, 1, 1, 1, 1, 0, 0, 0, 0, 0, 1, 1, 1, 1, 1, 1, 0, 1, 1, 1, 1]",24,12,12,17,7,10,1.1047059340293766,1.097631304329303,1.0395010395010396
Bundesliga,2009,Wolfsburg,"[1, 1, 0, 0, 0, 1, 1, 1, 1, 0, 0, 0, 0, 0, 0, 1, 1, 1, 1, 0, 1, 1, 1, 0, 0, 1]",26,13,13,14,6,8,1.255166117708699,1.275023464644205,1.146788990825688
Bundesliga,2010,Bayern Munich,"[1, 0, 1, 0, 0, 1, 1, 1, 1, 0, 1, 1, 1, 1, 0, 1, 1, 0, 0, 1, 1, 1, 1, 1, 1, 1]",26,13,13,19,9,10,1.3842146906710033,1.4907430036501048,1.2135922330097086
Bundesliga,2010,Dortmund,"[0, 1, 1, 1, 1, 1, 1, 1, 1, 1, 1, 1, 1, 1, 1, 0, 1, 1, 1, 1, 1, 0, 1, 1, 0, 1, 0, 1]",28,14,14,23,13,10,4.337309916143041,14.410079610760047,6.17093489663684
Bundesliga,2010,Ein Frankfurt,"[0, 0, 1, 0, 0, 1, 1, 1, 1, 1, 0, 0, 1, 0, 1, 0, 0, 0, 0, 0, 0, 0, 1, 0, 0, 0, 0]",27,14,13,9,7,2,7.208129882812492,35.34213399780986,15.137753557372086
Bundesliga,2010,FC Koln,"[0, 0, 1, 0, 0, 0, 0, 1, 0, 0, 1, 0, 1, 0, 1, 0, 1, 1, 1, 0, 1, 0, 1, 0, 0, 0, 1, 1, 1]",29,15,14,13,5,8,1.1315443717727154,1.1096503965983031,1.037344398340249
Bundesliga,2010,Freiburg,"[0, 1, 1, 1, 0, 0, 1, 0, 1, 0, 1, 1, 0, 0, 1, 1, 1, 0, 1, 0, 0, 0, 0, 1, 0, 0, 1, 0, 0]",29,15,14,13,8,5,2.922830080056166,5.875355368060922,3.676470588235294
Bundesliga,2010,Hamburg,"[1, 1, 0, 0, 1, 1, 0, 1, 0, 0, 1, 0, 0, 1, 1, 1, 0, 1, 0, 1, 0, 0, 1, 0, 0]",25,13,12,12,6,6,1.502153325177417,1.7353597143161648,1.3550135501355014
Bundesliga,2010,Hannover,"[1, 1, 0, 1, 1, 0, 0, 1, 0, 0, 1, 1, 1, 1, 1, 0, 1, 0, 0, 1, 1, 1, 1, 0, 1, 0, 1, 1, 0, 0, 1]",31,16,15,19,10,9,1.7978820450629376,2.2562155527070686,1.6501650165016502
Bundesliga,2010,Hoffenheim,"[1, 1, 1, 0, 0, 1, 1, 0, 0, 1, 0, 1, 1, 0, 0, 0, 1, 0, 0, 1, 0, 0, 1, 0]",24,12,12,11,7,4,3.5190661753505195,9.129735089970106,4.672897196261682
Bundesliga,2010,Kaiserslautern,"[1, 1, 0, 0, 0, 0, 0, 0, 1, 0, 1, 1, 0, 1, 0, 0, 0, 0, 1, 1, 0, 1, 0, 1, 1, 1, 1]",27,14,13,13,6,7,1.3258749661237057,1.3966438877911838,1.1933174224343674
Bundesliga,2010,Leverkusen,"[1, 0, 1, 1, 1, 0, 1, 1, 1, 1, 1, 0, 1, 1, 0, 1, 1, 1, 1, 1, 1, 1, 0, 1, 0, 1]",26,13,13,20,10,10,1.6489719930562854,2.0,1.492537313432836
Bundesliga,2010,MGladbach,"[1, 0, 0, 0, 0, 0, 0, 1, 0, 0, 0, 0, 0, 1, 0, 1, 0, 0, 1, 0, 1, 0, 0, 1, 0, 1, 1, 1]",28,14,14,10,3,7,1.0916966315859582,1.0608124763740796,1.0256410256410255
Bundesliga,2010,Mainz,"[1, 1, 1, 1, 1, 1, 1, 0, 1, 0, 0, 0, 1, 1, 0, 0, 1, 0, 0, 1, 0, 0, 1, 1, 0, 0, 1, 1, 1, 1]",30,15,15,18,10,8,2.562874721767961,4.3854211561191985,2.793296089385475
Bundesliga,2010,Nurnberg,"[0, 1, 0, 1, 0, 1, 1, 1, 0, 0, 0, 0, 1, 0, 1, 1, 1, 1, 1, 1, 0, 0, 1, 0, 0, 0]",26,13,13,13,6,7,1.40949759119064,1.5324338893736429,1.2919896640826873
Bundesliga,2010,Schalke 04,"[0, 0, 0, 0, 1, 0, 0, 1, 1, 0, 1, 1, 1, 0, 1, 0, 1, 0, 0, 1, 0, 1, 1, 0, 0, 0, 0]",27,14,13,11,6,5,1.8100308448907698,2.4499781008658434,1.7825311942959001
Bundesliga,2010,St Pauli,"[1, 0, 0, 1, 0, 1, 1, 0, 0, 0, 0, 0, 1, 0, 0, 1, 1, 1, 0, 0, 0, 0, 0, 0, 0, 0, 0, 0, 0]",29,15,14,8,5,3,2.312646433765005,4.22367554689059,2.557544757033248
Bundesliga,2010,Stuttgart,"[0, 0, 0, 1, 0, 0, 0, 1, 0, 1, 0, 0, 0, 0, 1, 0, 1, 0, 0, 1, 1, 1, 0, 1, 1, 1, 1, 0]",28,14,14,12,3,9,1.0305826158969216,1.011095136713979,1.0040160642570282
Bundesliga,2010,Werder Bremen,"[0, 1, 0, 0, 1, 1, 1, 0, 0, 0, 1, 0, 0, 1, 0, 0, 0, 1, 1, 1, 0, 1, 0]",23,12,11,10,5,5,1.4888918213567126,1.7463541946265306,1.394700139470014
Bundesliga,2010,Wolfsburg,"[0, 0, 0, 1, 1, 1, 0, 0, 1, 0, 1, 0, 0, 0, 0, 1, 0, 0, 0, 1, 1, 0, 1]",23,12,11,9,5,4,1.796127693917587,2.5169099126555867,1.7605633802816902
Bundesliga,2011,Augsburg,"[0, 0, 0, 0, 1, 0, 0, 0, 1, 0, 1, 0, 0, 1, 1, 1, 0, 0, 1, 1]",20,10,10,8,2,6,1.0579344828927288,1.0351372981693368,1.0070493454179255
Bundesliga,2011,Bayern Munich,"[0, 1, 1, 1, 1, 1, 1, 1, 0, 1, 1, 0, 0, 1, 1, 1, 0, 1, 1, 1, 0, 1, 1, 1, 1, 1, 0, 1, 1, 1]",30,15,15,23,11,12,1.3969282162711942,1.4992327223211641,1.2453300124533002
Bundesliga,2011,Dortmund,"[1, 0, 1, 0, 0, 1, 1, 1, 1, 1, 1, 1, 1, 1, 1, 1, 1, 1, 1, 1, 1, 1, 1, 1, 1, 1, 1, 1]",28,14,14,25,11,14,1.0,1.0345530735231832,1.0
Bundesliga,2011,FC Koln,"[0, 0, 1, 0, 1, 1, 0, 1, 0, 1, 0, 0, 1, 0, 0, 0, 1, 0, 0, 0, 1, 0, 0, 0, 0, 0, 0, 0]",28,14,14,8,6,2,5.2514209950652235,21.21693848944363,9.582215408202376
Bundesliga,2011,Freiburg,"[0, 0, 1, 0, 0, 0, 1, 0, 0, 0, 1, 0, 0, 1, 0, 0, 0, 1, 1, 1, 1, 1, 1, 0]",24,12,12,10,3,7,1.07831695472985,1.0513533321374784,1.0298661174047374
Bundesliga,2011,Hamburg,"[0, 0, 0, 0, 0, 1, 0, 1, 1, 1, 0, 1, 1, 0, 0, 0, 0, 0, 1, 0, 1, 0]",22,11,11,8,4,4,1.5818429472822768,2.0,1.5197568389057752
Bundesliga,2011,Hannover,"[1, 1, 0, 1, 1, 0, 1, 0, 0, 1, 1, 1, 0, 0, 1, 0, 1, 0, 1, 0, 0, 1]",22,11,11,12,7,5,2.641091910859272,5.104581978565195,2.857142857142857
Bundesliga,2011,Hertha,"[0, 1, 1, 0, 1, 0, 1, 0, 0, 0, 0, 0, 0, 0, 0, 1, 0, 0, 1, 0, 0, 0, 0, 1]",24,12,12,7,4,3,1.9292488785114401,3.0610636487057916,1.9455252918287937
Bundesliga,2011,Hoffenheim,"[0, 1, 1, 0, 1, 1, 0, 0, 1, 0, 0, 0, 1, 0, 1, 0, 0, 1, 1, 1, 0, 0, 0]",23,12,11,10,5,5,1.4888918213567126,1.7463541946265306,1.3736263736263736
Bundesliga,2011,Kaiserslautern,"[0, 0, 0, 1, 0, 0, 1, 1, 0, 0, 0, 0, 0, 0, 0, 0, 0, 0, 0, 0, 1, 0, 0]",23,12,11,4,3,1,2.466775561606247,6.356310677628795,3.003003003003003
Bundesliga,2011,Leverkusen,"[0, 1, 1, 1, 0, 0, 1, 0, 1, 1, 1, 0, 1, 0, 1, 1, 1, 0, 0, 0, 0, 1, 1, 1, 1]",25,13,12,15,8,7,1.7799238820934309,2.298375589859719,1.6835016835016836
Bundesliga,2011,MGladbach,"[1, 1, 0, 1, 1, 1, 0, 0, 1, 1, 1, 1, 0, 1, 1, 1, 1, 1, 0, 1, 0, 0, 1, 0, 1]",25,13,12,17,9,8,1.7603977362480616,2.2452062810280946,1.5873015873015872
Bundesliga,2011,Mainz,"[1, 1, 0, 0, 0, 0, 0, 0, 1, 1, 0, 0, 1, 1, 0, 1, 0, 0, 1, 0, 1, 0]",22,11,11,9,4,5,1.364144444450398,1.497631278940987,1.2091898428053205
Bundesliga,2011,Nurnberg,"[1, 0, 0, 1, 1, 0, 0, 0, 0, 0, 1, 0, 0, 1, 1, 0, 0, 1, 1, 1, 0, 0, 0, 0, 1, 1, 1, 0]",28,14,14,12,5,7,1.2628830120791827,1.2861808449421503,1.1261261261261262
Bundesliga,2011,Schalke 04,"[0, 1, 1, 1, 0, 0, 1, 1, 0, 1, 1, 1, 0, 1, 1, 1, 1, 1, 0, 1, 0, 0, 1, 1, 1, 1, 0, 0, 1, 1]",30,15,15,20,10,10,1.6780347465021415,2.0,1.5015015015015014
Bundesliga,2011,Stuttgart,"[1, 0, 0, 1, 1, 0, 1, 1, 0, 1, 0, 0, 0, 0, 0, 1, 0, 1, 1, 1, 1, 1, 1, 1, 0, 1]",26,13,13,15,6,9,1.14894499498751,1.1323123378609816,1.0764262648008611
Bundesliga,2011,Werder Bremen,"[1, 0, 1, 1, 1, 1, 0, 0, 1, 1, 0, 1, 0, 1, 0, 1, 0, 0, 1, 0, 0, 0, 0, 0, 0]",25,13,12,11,8,3,6.6588500596727815,30.32496174021604,13.528138528138529
Bundesliga,2011,Wolfsburg,"[1, 0, 0, 0, 1, 0, 1, 0, 1, 0, 0, 1, 0, 0, 1, 1, 0, 1, 0, 0, 1, 1, 1, 1, 0, 0, 0, 1, 0]",29,15,14,13,6,7,1.34114775695508,1.4168712447854608,1.2300123001230012
Bundesliga,2012,Augsburg,"[0, 0, 0, 0, 1, 0, 0, 0, 0, 0, 0, 1, 0, 1, 1, 0, 1, 0, 0, 1, 0, 1, 0, 0, 1]",25,13,12,8,2,6,1.0570945176071416,1.032944012405063,1.0131712259371835
Bundesliga,2012,Bayern Munich,"[1, 1, 1, 1, 1, 1, 1, 1, 0, 1, 1, 1, 1, 1, 1, 1, 1, 1, 1, 1, 1, 1, 1, 1, 1, 1, 1, 1, 1, 1]",30,15,15,29,14,15,1.0,1.1828077361313036,1.0
Bundesliga,2012,Dortmund,"[1, 1, 0, 1, 0, 1, 1, 1, 1, 0, 1, 1, 1, 1, 0, 1, 1, 0, 1, 1, 1, 1, 1, 1, 0]",25,13,12,19,10,9,1.7308507224448817,2.1967338249334194,1.550387596899225
Bundesliga,2012,Ein Frankfurt,"[1, 1, 1, 1, 1, 0, 1, 0, 0, 1, 0, 0, 1, 1, 0, 1, 1, 0, 0, 0, 1, 0, 0, 1, 1]",25,13,12,14,8,6,2.248194346315489,3.562068713935695,2.3255813953488373
Bundesliga,2012,Fortuna Dusseldorf,"[1, 1, 0, 0, 0, 0, 0, 1, 1, 0, 1, 0, 0, 1, 0, 1, 0, 0, 0, 0, 0, 0, 0, 0, 0]",25,13,12,7,5,2,3.2926615611315295,8.877048632583316,4.048582995951417
Bundesliga,2012,Freiburg,"[0, 1, 0, 0, 1, 1, 0, 1, 1, 0, 1, 1, 0, 1, 1, 0, 0, 1, 1, 1, 0, 0, 1, 1, 0]",25,13,12,14,7,7,1.491683348287143,1.6968541310991798,1.3333333333333333
Bundesliga,2012,Greuther Furth,"[0, 1, 0, 0, 0, 0, 0, 0, 0, 0, 0, 0, 0, 1, 0, 0, 0, 0, 0, 0, 1, 0, 1, 0, 0]",25,13,12,4,1,3,1.1253258519008256,1.1352481271084158,1.0416666666666667
Bundesliga,2012,Hamburg,"[0, 0, 0, 1, 1, 1, 0, 1, 0, 1, 0, 1, 1, 0, 1, 0, 1, 1, 0, 1, 0, 0, 0, 1, 1, 0, 1, 0]",28,14,14,14,7,7,1.653613241824788,2.0,1.4970059880239521
Bundesliga,2012,Hannover,"[1, 1, 0, 1, 0, 0, 0, 1, 1, 0, 0, 1, 0, 1, 0, 0, 1, 0, 1, 1, 0, 0, 1, 0, 0, 1, 0, 1]",28,14,14,13,7,6,1.9895619021522117,2.837933762005624,1.976284584980237
Bundesliga,2012,Hoffenheim,"[0, 0, 0, 1, 1, 0, 0, 1, 0, 0, 0, 0, 0, 0, 0, 1, 0, 0, 0, 0, 1, 0, 1, 0, 1, 0, 1]",27,14,13,8,3,5,1.1874522040770383,1.1996231660868324,1.098901098901099
Bundesliga,2012,Leverkusen,"[0, 1, 0, 1, 1, 1, 1, 0, 1, 1, 1, 1, 0, 1, 1, 0, 1, 1, 0, 0, 1, 1, 1, 1, 1, 1]",26,13,13,19,9,10,1.3842146906710033,1.4907430036501048,1.2658227848101267
Bundesliga,2012,MGladbach,"[1, 0, 0, 1, 0, 1, 1, 0, 1, 1, 1, 0, 0, 1, 1, 0, 1, 0, 1, 0, 0, 1, 0]",23,12,11,12,7,5,2.2658448587424314,3.7257172078854355,2.262443438914027
Bundesliga,2012,Mainz,"[0, 0, 1, 0, 1, 1, 1, 0, 1, 0, 0, 1, 1, 0, 1, 1, 0, 1, 0, 0, 0, 0]",22,11,11,10,5,5,1.6093503924934975,2.0,1.550387596899225
Bundesliga,2012,Nurnberg,"[1, 1, 0, 0, 0, 0, 0, 1, 0, 1, 0, 1, 0, 1, 1, 1, 1, 0, 0, 0, 0, 1, 1]",23,12,11,11,5,6,1.294649921034118,1.3668759169539026,1.1961722488038278
Bundesliga,2012,Schalke 04,"[1, 1, 0, 1, 1, 1, 1, 0, 1, 0, 0, 0, 0, 1, 0, 0, 1, 1, 1, 0, 1, 1, 0, 1, 1, 0, 1]",27,14,13,16,8,8,1.4988137311976597,1.6896655883305112,1.3869625520110958
Bundesliga,2012,Stuttgart,"[0, 0, 0, 1, 1, 1, 0, 1, 0, 1, 1, 1, 0, 0, 0, 0, 0, 1, 0, 0, 1, 0, 1, 1, 0, 0, 1]",27,14,13,12,7,5,2.2576231382650804,3.659049460573796,2.336448598130841
Bundesliga,2012,Werder Bremen,"[0, 1, 0, 1, 0, 0, 1, 1, 0, 1, 0, 1, 0, 0, 0, 1, 1, 0, 0, 0, 0, 0, 0, 0]",24,12,12,8,6,2,5.521120761303185,24.019835581121114,10.150223304912709
Bundesliga,2012,Wolfsburg,"[1, 0, 0, 0, 0, 0, 1, 0, 1, 1, 0, 1, 0, 1, 0, 1, 0, 0, 1, 1, 1]",21,11,10,10,4,6,1.156864447978527,1.1619394826693832,1.0604453870625663
Bundesliga,2013,Augsburg,"[0, 0, 1, 1, 1, 0, 0, 0, 0, 1, 0, 1, 1, 1, 1, 1, 0, 1, 1, 0, 0, 0, 1, 0, 1, 1, 1]",27,14,13,15,7,8,1.316508931008271,1.3760742381167328,1.2077294685990339
Bundesliga,2013,Bayern Munich,"[1, 1, 1, 1, 1, 1, 1, 1, 1, 1, 1, 1, 1, 1, 1, 1, 1, 1, 1, 1, 1, 1, 1, 1, 1, 0, 0, 1, 1, 1, 1]",31,16,15,29,16,13,3.9708861795135078,15.26565711663159,4.62962962962963
Bundesliga,2013,Braunschweig,"[0, 0, 0, 0, 0, 0, 1, 0, 0, 1, 0, 0, 0, 0, 1, 0, 0, 1, 0, 0, 1, 1, 0, 0, 0, 0, 0]",27,14,13,6,2,4,1.1651185618719728,1.1787545769411427,1.079913606911447
Bundesliga,2013,Dortmund,"[1, 1, 1, 1, 1, 1, 0, 1, 1, 1, 0, 0, 1, 0, 0, 1, 1, 1, 0, 1, 1, 0, 1, 1, 1, 1, 1, 1, 1]",29,15,14,22,10,12,1.1287348262605967,1.1305757742961293,1.053740779768177
Bundesliga,2013,Ein Frankfurt,"[0, 0, 1, 0, 1, 0, 0, 0, 0, 0, 1, 1, 0, 1, 0, 1, 0, 1, 1, 0, 1, 0, 0, 0, 0]",25,13,12,9,4,5,1.307599339125011,1.399220074579398,1.1961722488038278
Bundesliga,2013,Freiburg,"[0, 0, 0, 0, 0, 1, 0, 1, 0, 0, 0, 1, 1, 0, 0, 0, 0, 1, 1, 1, 0, 1, 1, 0, 0]",25,13,12,9,4,5,1.307599339125011,1.399220074579398,1.2062726176115801
Bundesliga,2013,Hamburg,"[0, 0, 1, 0, 0, 1, 1, 0, 0, 1, 0, 0, 0, 0, 0, 0, 0, 1, 0, 1, 0, 0, 1, 0, 0, 0, 0, 0]",28,14,14,7,4,3,1.918134184918154,3.0187741327422106,1.893939393939394
Bundesliga,2013,Hannover,"[1, 0, 1, 1, 0, 1, 0, 0, 0, 0, 0, 1, 0, 0, 1, 1, 0, 0, 0, 1, 0, 0, 0, 0, 1, 1, 1, 1]",28,14,14,12,5,7,1.2628830120791827,1.2861808449421503,1.160092807424594
Bundesliga,2013,Hertha,"[1, 1, 0, 0, 1, 1, 0, 0, 1, 0, 1, 1, 1, 0, 0, 1, 0, 1, 0, 0, 0, 0, 0, 1, 0, 0]",26,13,13,11,8,3,7.713887902603629,42.40183698751707,17.68346595932803
Bundesliga,2013,Hoffenheim,"[1, 0, 1, 0, 0, 1, 0, 0, 0, 1, 0, 0, 1, 1, 1, 0, 0, 1, 1, 1, 0, 0, 1]",23,12,11,11,4,7,1.0960557420235881,1.0788332563223442,1.0298661174047374
Bundesliga,2013,Leverkusen,"[1, 1, 1, 0, 1, 1, 1, 1, 1, 0, 1, 1, 1, 1, 0, 0, 0, 1, 1, 0, 0, 0, 0, 0, 1, 0, 1, 1, 1, 1]",30,15,15,19,12,7,7.023270225458648,34.37598556466439,15.743073047858942
Bundesliga,2013,MGladbach,"[0, 1, 0, 1, 0, 1, 1, 0, 1, 1, 1, 1, 1, 1, 0, 0, 0, 0, 1, 1, 0, 1, 1, 0, 1, 1, 0]",27,14,13,16,10,6,4.062430395933416,11.006613112651943,5.747126436781609
Bundesliga,2013,Mainz,"[1, 1, 1, 0, 0, 0, 0, 0, 1, 0, 1, 1, 0, 1, 1, 1, 0, 1, 1, 1, 0, 0, 1, 0, 1, 0, 1, 0, 1]",29,15,14,16,8,8,1.5200667549213656,1.7192277091237715,1.3623978201634876
Bundesliga,2013,Nurnberg,"[0, 0, 0, 0, 0, 0, 1, 1, 0, 1, 1, 0, 0, 0, 0, 1, 0, 0, 0, 0, 0, 0, 0]",23,12,11,5,4,1,3.655596770990566,12.56848491651499,5.2631578947368425
Bundesliga,2013,Schalke 04,"[0, 0, 1, 1, 0, 1, 1, 0, 1, 1, 1, 0, 1, 1, 1, 1, 1, 0, 1, 1, 1, 1, 1, 0, 0, 1, 1]",27,14,13,19,9,10,1.2668993463503269,1.3092630452820975,1.1574074074074074
Bundesliga,2013,Stuttgart,"[0, 0, 0, 1, 1, 1, 0, 1, 0, 0, 1, 0, 0, 0, 0, 0, 0, 0, 0, 1, 0, 0, 1, 1, 0, 0]",26,13,13,8,5,3,2.5194689863238007,5.0579649609928685,2.949852507374631
Bundesliga,2013,Werder Bremen,"[1, 1, 0, 0, 0, 1, 0, 1, 0, 0, 0, 0, 1, 0, 0, 1, 1, 0, 0, 1, 0, 1, 0, 1, 0]",25,13,12,10,5,5,1.503287936727688,1.770193161216196,1.394700139470014
Bundesliga,2013,Wolfsburg,"[0, 1, 0, 1, 0, 1, 0, 0, 1, 1, 1, 1, 1, 1, 0, 0, 1, 1, 1, 0, 0, 1, 1, 0, 1, 1, 1, 1]",28,14,14,18,9,9,1.668616179586344,2.0,1.5822784810126582
Bundesliga,2014,Augsburg,"[0, 0, 1, 1, 0, 1, 0, 0, 1, 0, 1, 1, 1, 1, 0, 0, 1, 1, 1, 0, 0, 1, 0, 0, 0, 1, 0, 1, 0, 1]",30,15,15,15,8,7,2.0,2.7972002359528982,2.0366598778004072
Bundesliga,2014,Bayern Munich,"[1, 1, 1, 1, 1, 1, 1, 1, 1, 1, 1, 1, 1, 1, 0, 1, 1, 1, 1, 1, 1, 0, 1, 1, 1, 1, 0, 0, 0, 1]",30,15,15,25,14,11,4.319295875403551,14.119837431482388,6.05070490712168
Bundesliga,2014,Dortmund,"[0, 1, 1, 0, 0, 0, 0, 0, 0, 1, 0, 1, 0, 0, 0, 1, 1, 1, 1, 1, 0, 0, 1, 1, 1, 0, 1]",27,14,13,13,4,9,1.0358168749616565,1.0176173103265147,1.0050251256281406
Bundesliga,2014,Ein Frankfurt,"[1, 0, 1, 1, 0, 0, 0, 0, 1, 1, 1, 0, 0, 1, 0, 1, 0, 1, 0, 0, 0, 0, 1, 1]",24,12,12,11,6,5,1.9867909498578886,2.932355002629788,1.9841269841269842
Bundesliga,2014,FC Koln,"[1, 0, 0, 0, 1, 1, 0, 1, 0, 0, 0, 1, 0, 1, 0, 0, 1, 0, 1, 1, 0]",21,11,10,9,4,5,1.2786443652153643,1.3589406012658827,1.1723329425556859
Bundesliga,2014,Freiburg,"[0, 0, 0, 0, 1, 1, 0, 0, 1, 0, 0, 1, 0, 0, 0, 1, 1, 0, 0, 1, 0]",21,11,10,7,3,4,1.2708548553719,1.366710012733838,1.1820330969267139
Bundesliga,2014,Hamburg,"[0, 0, 0, 0, 1, 0, 1, 0, 1, 0, 1, 0, 0, 1, 1, 0, 0, 0, 0, 0, 0, 0, 1, 1, 0, 1]",26,13,13,9,4,5,1.3773750381549292,1.5153465600439986,1.2239902080783354
Bundesliga,2014,Hannover,"[1, 1, 0, 1, 0, 0, 0, 1, 1, 1, 0, 0, 0, 1, 0, 0, 0, 0, 0, 0, 0, 0, 1, 1]",24,12,12,9,6,3,3.5414566772855562,9.71330166678411,5.05050505050505
Bundesliga,2014,Hertha,"[0, 0, 1, 0, 1, 0, 1, 0, 0, 1, 0, 0, 1, 0, 0, 0, 1, 0, 0, 1, 1, 1, 0, 0, 0, 0]",26,13,13,9,5,4,1.9517684369333521,2.9404417872016517,1.9920318725099602
Bundesliga,2014,Hoffenheim,"[1, 1, 1, 1, 0, 0, 0, 1, 0, 1, 0, 1, 0, 0, 0, 1, 1, 0, 1, 0, 0, 0, 1, 0, 0, 1]",26,13,13,12,7,5,2.539518674235522,4.636053386548997,2.865329512893983
Bundesliga,2014,Leverkusen,"[1, 1, 0, 1, 1, 0, 1, 1, 0, 1, 1, 0, 0, 1, 1, 1, 1, 1, 1, 1, 1, 0, 1, 0]",24,12,12,17,8,9,1.3760927318813545,1.485186374825412,1.2269938650306749
Bundesliga,2014,MGladbach,"[1, 1, 1, 1, 1, 0, 0, 0, 1, 1, 0, 1, 1, 0, 1, 1, 1, 1, 1, 1, 1, 1, 1, 1, 0]",25,13,12,19,9,10,1.2163212555531946,1.2574294753184234,1.0940919037199124
Bundesliga,2014,Mainz,"[1, 1, 1, 0, 0, 0, 0, 0, 1, 0, 0, 1, 0, 1, 0, 1, 1, 0, 0, 1, 0]",21,11,10,9,4,5,1.2786443652153643,1.3589406012658827,1.183431952662722
Bundesliga,2014,Paderborn,"[1, 1, 0, 0, 1, 0, 1, 0, 0, 0, 0, 0, 1, 0, 0, 0, 0, 0, 1, 0, 1, 0, 0, 0]",24,12,12,7,4,3,1.9292488785114401,3.0610636487057916,1.9920318725099602
Bundesliga,2014,Schalke 04,"[0, 0, 1, 1, 0, 1, 0, 1, 0, 1, 1, 1, 0, 1, 1, 1, 0, 0, 1, 0, 0, 1, 0, 1, 0]",25,13,12,13,7,6,1.793021001945255,2.3598786832236693,1.8181818181818181
Bundesliga,2014,Stuttgart,"[0, 0, 0, 1, 0, 1, 0, 0, 0, 1, 0, 1, 0, 0, 0, 0, 0, 1, 0, 1, 0, 0, 1, 1, 1]",25,13,12,9,4,5,1.307599339125011,1.399220074579398,1.221001221001221
Bundesliga,2014,Werder Bremen,"[0, 0, 0, 0, 0, 1, 1, 0, 1, 0, 0, 1, 1, 1, 1, 1, 0, 1, 0, 0, 1, 1, 0, 0]",24,12,12,11,4,7,1.1407915843460017,1.123005238046899,1.0526315789473684
Bundesliga,2014,Wolfsburg,"[0, 1, 0, 1, 1, 1, 1, 1, 1, 0, 1, 1, 1, 1, 1, 1, 1, 1, 0, 1, 1, 1, 0, 1, 1]",25,13,12,20,10,10,1.3790781022621135,1.5254605728542812,1.2422360248447204
Bundesliga,2015,Augsburg,"[0, 0, 0, 1, 0, 0, 0, 0, 0, 1, 1, 1, 1, 0, 0, 1, 0, 0, 0, 1, 1, 1, 0]",23,12,11,9,4,5,1.294771086918406,1.3810708078069203,1.1750881316098707
Bundesliga,2015,Bayern Munich,"[1, 1, 1, 1, 1, 1, 1, 1, 1, 1, 1, 1, 1, 0, 1, 1, 1, 1, 1, 1, 1, 0, 1, 1, 1, 1, 1, 1, 1, 1]",30,15,15,28,14,14,1.551023315653171,2.0,1.2936610608020698
Bundesliga,2015,Darmstadt,"[1, 0, 1, 0, 1, 0, 0, 0, 1, 0, 0, 1, 0, 1, 0, 0, 0, 1, 1, 0, 0, 1, 0]",23,12,11,9,5,4,1.796127693917587,2.5169099126555867,1.8050541516245486
Bundesliga,2015,Dortmund,"[1, 1, 1, 1, 1, 0, 1, 1, 1, 1, 0, 1, 1, 1, 0, 1, 1, 1, 1, 1, 1, 1, 1, 1, 1, 1, 1, 0]",28,14,14,24,12,12,1.6263983744239265,2.0,1.443001443001443
Bundesliga,2015,Ein Frankfurt,"[0, 1, 1, 0, 0, 0, 1, 0, 0, 0, 0, 1, 1, 0, 0, 0, 0, 1, 0, 0, 0, 1, 1, 1, 0]",25,13,12,9,5,4,1.8045939709170182,2.5330520271144654,1.8018018018018018
Bundesliga,2015,FC Koln,"[1, 1, 0, 1, 0, 1, 0, 0, 1, 0, 1, 0, 1, 0, 0, 0, 1, 0, 0, 1, 1]",21,11,10,10,6,4,2.289592941803353,3.959960951529355,2.331002331002331
Bundesliga,2015,Hamburg,"[0, 1, 0, 1, 1, 0, 0, 1, 0, 1, 1, 0, 0, 0, 0, 1, 0, 1, 0, 0, 1, 0, 0, 1, 0, 1]",26,13,13,11,6,5,1.9765389138057148,2.8926884770650925,2.0120724346076457
Bundesliga,2015,Hannover,"[0, 0, 0, 0, 0, 1, 1, 0, 1, 0, 0, 1, 0, 0, 0, 0, 0, 0, 0, 0, 1, 0, 0, 0, 0, 0, 1, 0, 1, 0]",30,15,15,7,4,3,1.913887829371405,3.0030738276740676,1.8796992481203008
Bundesliga,2015,Hertha,"[1, 0, 1, 0, 1, 1, 0, 1, 0, 1, 1, 0, 1, 1, 1, 0, 1, 1, 0, 1, 1, 0, 0, 0, 0, 0]",26,13,13,14,8,6,2.5738033064258965,4.636053386548998,2.8735632183908044
Bundesliga,2015,Hoffenheim,"[0, 0, 0, 0, 1, 0, 0, 0, 1, 0, 0, 0, 1, 0, 1, 0, 1, 1, 1, 1, 0, 1, 0, 0]",24,12,12,9,2,7,1.0405767921708569,1.0178194646175127,1.002004008016032
Bundesliga,2015,Ingolstadt,"[1, 0, 1, 1, 0, 1, 0, 0, 1, 0, 0, 0, 1, 0, 1, 0, 1, 0, 1, 1, 0, 0, 0, 0]",24,12,12,10,5,5,1.612302051746704,2.0,1.6313213703099512
Bundesliga,2015,Leverkusen,"[1, 1, 0, 0, 0, 1, 1, 1, 0, 0, 1, 0, 1, 1, 1, 1, 0, 0, 0, 1, 1, 1, 1, 1, 1, 1, 0, 1]",28,14,14,18,8,10,1.2568957638688394,1.2740660657418257,1.1235955056179776
Bundesliga,2015,MGladbach,"[0, 0, 0, 0, 0, 1, 1, 1, 1, 1, 1, 1, 1, 0, 1, 0, 0, 1, 0, 1, 1, 0, 1, 0, 1, 0, 0, 1, 1, 1]",30,15,15,17,9,8,2.0191974896040747,2.8068338874262353,1.9342359767891684
Bundesliga,2015,Mainz,"[0, 1, 1, 0, 1, 0, 0, 1, 0, 0, 1, 1, 1, 0, 0, 1, 1, 1, 0, 1, 1, 0, 1, 0, 0, 1]",26,13,13,14,7,7,1.6495536668280881,2.0,1.4792899408284024
Bundesliga,2015,Schalke 04,"[1, 0, 1, 1, 1, 1, 0, 1, 0, 0, 0, 1, 0, 1, 0, 1, 1, 0, 1, 1, 0, 1, 0, 0, 0, 1, 1]",27,14,13,15,8,7,1.795150764623751,2.316851763863742,1.7761989342806395
Bundesliga,2015,Stuttgart,"[0, 0, 0, 0, 0, 1, 0, 1, 0, 1, 0, 0, 0, 1, 1, 1, 1, 1, 0, 0, 1, 0, 0, 0, 0, 0, 0, 0]",28,14,14,9,4,5,1.3819950543360615,1.5217617602932303,1.2804097311139564
Bundesliga,2015,Werder Bremen,"[0, 1, 1, 0, 0, 0, 0, 0, 1, 0, 1, 0, 0, 0, 1, 0, 0, 1, 1, 0, 0, 0, 1, 0, 1, 1]",26,13,13,10,4,6,1.2421188280651394,1.2659130648831014,1.1286681715575622
Bundesliga,2015,Wolfsburg,"[1, 1, 1, 0, 0, 1, 1, 1, 0, 1, 0, 0, 0, 0, 1, 0, 1, 1, 0, 0, 0, 0, 0, 1, 1]",25,13,12,12,7,5,2.261000651366145,3.686354390433831,2.262443438914027
Bundesliga,2016,Augsburg,"[0, 1, 0, 1, 0, 0, 0, 1, 0, 1, 0, 1, 1, 0, 0, 1, 0, 0, 0, 0, 1, 0, 1]",23,12,11,9,5,4,1.796127693917587,2.5169099126555867,1.8416206261510129
Bundesliga,2016,Bayern Munich,"[1, 1, 1, 1, 1, 1, 1, 0, 1, 1, 1, 1, 1, 1, 1, 1, 1, 1, 1, 1, 1, 0, 1, 1, 1, 1, 1]",27,14,13,25,13,12,1.5815225649569464,2.0908247390999124,1.3227513227513228
Bundesliga,2016,Darmstadt,"[0, 1, 0, 0, 0, 1, 0, 0, 0, 0, 0, 0, 0, 0, 0, 0, 1, 0, 0, 0, 1, 0, 0, 0, 0, 1, 1, 1, 0, 0]",30,15,15,7,2,5,1.1288737667110216,1.108230375501664,1.0395010395010396
Bundesliga,2016,Dortmund,"[1, 0, 1, 1, 1, 0, 1, 1, 0, 1, 1, 1, 0, 1, 1, 1, 0, 1, 1, 0, 1, 1, 1, 1]",24,12,12,18,9,9,1.6411603226794442,2.0,1.4684287812041117
Bundesliga,2016,Ein Frankfurt,"[1, 0, 1, 1, 0, 1, 1, 1, 1, 0, 1, 0, 1, 1, 0, 0, 0, 0, 0, 0, 0, 1, 0, 0, 0]",25,13,12,11,9,2,20.54465318225777,244.98184479953184,90.00900090009002
Bundesliga,2016,FC Koln,"[1, 1, 1, 1, 0, 1, 0, 1, 0, 1, 1, 0, 0, 0, 1, 0, 1, 0, 0, 1, 1]",21,11,10,12,8,4,4.588803955275043,15.368811318149108,7.110858280594468
Bundesliga,2016,Freiburg,"[0, 1, 0, 1, 0, 1, 0, 1, 1, 0, 0, 0, 1, 1, 0, 1, 0, 1, 0, 1, 0, 1, 1, 0, 1, 0, 1, 0]",28,14,14,14,7,7,1.653613241824788,2.0,1.51285930408472
Bundesliga,2016,Hamburg,"[0, 0, 0, 0, 0, 0, 0, 0, 1, 1, 0, 1, 0, 0, 1, 1, 0, 1, 1, 1, 0, 1, 0, 0, 0, 1]",26,13,13,10,3,7,1.0856472264657993,1.0564479778026155,1.019367991845056
Bundesliga,2016,Hertha,"[1, 1, 1, 0, 1, 1, 0, 1, 1, 1, 0, 0, 1, 0, 0, 1, 0, 1, 0, 1, 0, 0, 0, 1, 0, 1, 0, 0, 1, 0]",30,15,15,15,9,6,3.2935973464669814,7.317385186919355,4.444444444444445
Bundesliga,2016,Hoffenheim,"[1, 1, 1, 1, 1, 1, 1, 0, 1, 0, 1, 1, 1, 1, 1, 0, 1, 1, 0, 1]",20,10,10,16,8,8,1.6020753627734325,2.0,1.4204545454545454
Bundesliga,2016,Ingolstadt,"[0, 0, 0, 0, 0, 0, 0, 0, 1, 0, 1, 1, 0, 0, 1, 0, 0, 1, 0, 0, 0, 1, 1, 1, 0, 0]",26,13,13,8,3,5,1.221969926728363,1.2464289390402543,1.1148272017837235
Bundesliga,2016,Leverkusen,"[0, 1, 0, 1, 1, 0, 0, 1, 1, 0, 0, 1, 0, 1, 0, 0, 1, 1, 0, 0, 0, 1, 0, 0, 0, 1]",26,13,13,11,6,5,1.9765389138057148,2.8926884770650925,2.127659574468085
Bundesliga,2016,MGladbach,"[1, 0, 1, 1, 0, 0, 0, 0, 0, 1, 0, 0, 1, 1, 1, 0, 1, 1, 0, 0, 1, 1, 0, 0, 1]",25,13,12,12,5,7,1.1869577653597851,1.190775755267861,1.0834236186348862
Bundesliga,2016,Mainz,"[0, 1, 1, 0, 1, 0, 1, 0, 1, 0, 0, 0, 1, 0, 0, 1, 0, 1, 0, 0, 0, 0, 0, 1, 0, 1, 0]",27,14,13,10,6,4,2.2799905565484173,3.8777810582059935,2.4271844660194173
Bundesliga,2016,RB Leipzig,"[1, 1, 1, 1, 1, 1, 1, 1, 1, 1, 0, 1, 0, 1, 1, 0, 0, 1, 1, 0, 0, 1, 1, 1, 1, 1, 0]",27,14,13,20,12,8,4.3497661809901365,13.152947096835119,6.0606060606060606
Bundesliga,2016,Schalke 04,"[0, 0, 0, 0, 0, 1, 1, 1, 1, 1, 0, 0, 0, 1, 0, 1, 0, 1, 1, 0, 1, 0, 1, 0]",24,12,12,11,5,6,1.3895210785133645,1.5175032530974257,1.2594458438287153
Bundesliga,2016,Werder Bremen,"[0, 0, 0, 0, 1, 1, 0, 0, 0, 0, 1, 1, 0, 0, 0, 0, 1, 1, 1, 1, 1, 1, 1, 1, 1, 0, 0, 0]",28,14,14,13,4,9,1.056475851765413,1.0299388881489515,1.0111223458038423
Bundesliga,2016,Wolfsburg,"[1, 0, 0, 0, 0, 0, 1, 0, 0, 0, 1, 1, 1, 0, 0, 1, 0, 0, 1, 1, 0, 0, 1, 0, 0, 1, 0]",27,14,13,10,5,5,1.5148471428733075,1.7898317226824547,1.3717421124828533
Bundesliga,2017,Augsburg,"[0, 1, 1, 1, 0, 0, 1, 0, 1, 1, 0, 1, 0, 1, 0, 0, 0, 1, 0, 0, 1, 0, 0]",23,12,11,10,7,3,4.539850323938444,14.998348354855354,7.066139061616733
Bundesliga,2017,Bayern Munich,"[1, 1, 0, 1, 1, 1, 1, 1, 1, 1, 0, 1, 1, 1, 1, 1, 1, 1, 1, 1, 1, 1, 1, 0, 1, 1, 1, 1, 1, 1, 0]",31,16,15,27,14,13,1.6826030253653537,2.1167215292859627,1.5267175572519085
Bundesliga,2017,Dortmund,"[1, 1, 1, 1, 1, 1, 0, 0, 0, 0, 0, 1, 1, 1, 1, 1, 1, 1, 0, 1, 0, 1, 0, 0]",24,12,12,15,7,8,1.3934751313833396,1.5074884257582135,1.2484394506866416
Bundesliga,2017,Ein Frankfurt,"[0, 1, 0, 1, 0, 1, 1, 1, 0, 1, 0, 1, 1, 1, 0, 1, 1, 0, 1, 0, 1, 0, 0, 0, 0, 1, 0]",27,14,13,14,9,5,4.068661615511714,11.133362611814682,5.916109566349169
Bundesliga,2017,FC Koln,"[0, 0, 0, 0, 0, 0, 0, 0, 0, 0, 0, 0, 0, 1, 1, 1, 0, 0, 1, 0, 0, 1, 0, 0, 0, 0, 0]",27,14,13,5,1,4,1.08159811127344,1.0606174107887676,1.017293997965412
Bundesliga,2017,Freiburg,"[0, 0, 1, 0, 0, 0, 0, 1, 1, 1, 1, 0, 1, 0, 0, 0, 0, 0, 0, 1, 0, 1]",22,11,11,8,5,3,2.57516125718696,5.327662064543003,2.898550724637681
Bundesliga,2017,Hamburg,"[1, 1, 0, 0, 0, 0, 0, 0, 0, 1, 0, 1, 0, 0, 0, 0, 0, 0, 0, 0, 0, 1, 0, 1, 1, 0, 1]",27,14,13,8,4,4,1.5028513556869714,1.819094957669333,1.447178002894356
Bundesliga,2017,Hannover,"[1, 1, 1, 0, 0, 1, 1, 0, 0, 0, 1, 0, 1, 0, 1, 0, 0, 0, 0, 0, 1, 0, 0, 1, 0]",25,13,12,10,7,3,4.437792045059089,14.1516773767228,6.172839506172839
Bundesliga,2017,Hertha,"[1, 0, 1, 0, 0, 1, 0, 1, 0, 1, 1, 0, 1, 0, 0, 1, 0, 1, 1, 0, 0]",21,11,10,10,6,4,2.289592941803353,3.959960951529355,2.380952380952381
Bundesliga,2017,Hoffenheim,"[1, 1, 1, 1, 0, 0, 1, 0, 1, 0, 1, 0, 0, 0, 1, 0, 1, 1, 1, 1, 1, 1, 0, 1]",24,12,12,15,7,8,1.3934751313833396,1.5074884257582135,1.2755102040816326
Bundesliga,2017,Leverkusen,"[0, 0, 1, 0, 1, 1, 1, 1, 1, 1, 0, 1, 1, 0, 1, 0, 1, 1, 0, 1, 1, 0, 0, 1]",24,12,12,15,8,7,2.041997230671358,2.9704882894736944,2.0661157024793386
Bundesliga,2017,MGladbach,"[1, 0, 1, 0, 1, 1, 0, 1, 1, 1, 0, 0, 1, 0, 1, 0, 0, 0, 0, 1, 0, 1, 0, 1, 1, 0]",26,13,13,13,8,5,3.4420168067226893,8.35713231434736,4.62962962962963
Bundesliga,2017,Mainz,"[0, 0, 1, 0, 0, 1, 1, 0, 1, 0, 0, 0, 0, 1, 0, 0, 0, 1, 0, 0, 1, 0, 1, 1, 0]",25,13,12,9,4,5,1.307599339125011,1.399220074579398,1.2004801920768307
Bundesliga,2017,RB Leipzig,"[0, 1, 1, 0, 1, 1, 1, 1, 0, 1, 1, 0, 0, 1, 0, 1, 1, 0, 0, 1, 1, 0, 0, 0, 1, 1]",26,13,13,15,8,7,2.0240247325146057,2.892688477065093,2.004008016032064
Bundesliga,2017,Schalke 04,"[1, 0, 1, 1, 0, 0, 1, 1, 1, 1, 1, 0, 1, 0, 0, 1, 1, 1, 1, 1, 1, 0, 1, 1, 1]",25,13,12,18,9,9,1.4361742775093487,1.597741235674202,1.297016861219196
Bundesliga,2017,Stuttgart,"[0, 1, 0, 1, 0, 0, 1, 0, 1, 0, 1, 0, 0, 0, 0, 1, 0, 0, 1, 1, 1, 1, 1, 0, 1, 1, 1, 1]",28,14,14,15,5,10,1.0538080750492778,1.0299388881489515,1.0060362173038229
Bundesliga,2017,Werder Bremen,"[0, 0, 0, 0, 0, 0, 1, 0, 1, 1, 0, 0, 1, 1, 0, 1, 1, 1, 1, 0, 0, 1]",22,11,11,10,3,7,1.0692668512262187,1.0453516251747186,1.016260162601626
Bundesliga,2017,Wolfsburg,"[0, 1, 0, 1, 0, 1, 0, 0, 1, 0, 0, 0, 0, 0, 1, 0, 0, 0, 1]",19,10,9,6,4,2,2.3731218122472084,4.935988133173971,2.6109660574412534
Bundesliga,2018,Augsburg,"[1, 0, 0, 1, 0, 1, 0, 0, 0, 0, 0, 0, 0, 1, 0, 0, 0, 1, 1, 0, 0, 1, 1, 0, 0, 0]",26,13,13,8,3,5,1.221969926728363,1.2464289390402543,1.095290251916758
Bundesliga,2018,Bayern Munich,"[1, 1, 1, 1, 0, 0, 1, 1, 0, 1, 1, 1, 1, 1, 1, 1, 0, 1, 1, 1, 1, 1, 1, 1, 1, 1, 1, 1]",28,14,14,24,11,13,1.1306376598772285,1.1628496587572033,1.0395010395010396
Bundesliga,2018,Dortmund,"[1, 1, 1, 1, 1, 1, 1, 1, 1, 1, 1, 1, 0, 1, 1, 1, 1, 0, 1, 1, 1, 0, 1, 1, 0, 1, 1]",27,14,13,23,13,10,3.3221702367808534,8.189681645445557,4.048582995951417
Bundesliga,2018,Ein Frankfurt,"[1, 0, 0, 0, 1, 1, 1, 1, 1, 1, 0, 0, 1, 0, 1, 1, 1, 1, 1, 1, 1, 0, 0, 0, 0]",25,13,12,15,8,7,1.7799238820934309,2.298375589859719,1.7182130584192439
Bundesliga,2018,Fortuna Dusseldorf,"[0, 1, 0, 0, 0, 0, 0, 0, 1, 0, 0, 1, 1, 1, 1, 0, 1, 0, 1, 1, 0, 0, 1, 1, 0, 0, 1, 0, 1]",29,15,14,13,6,7,1.34114775695508,1.4168712447854608,1.1961722488038278
Bundesliga,2018,Freiburg,"[0, 0, 1, 1, 0, 1, 0, 0, 1, 0, 1, 0, 0, 1, 0, 1, 0, 0, 0, 0, 0, 1]",22,11,11,8,5,3,2.57516125718696,5.327662064543003,3.048780487804878
Bundesliga,2018,Hannover,"[0, 0, 0, 0, 1, 0, 0, 1, 0, 0, 0, 0, 0, 0, 0, 1, 0, 0, 0, 0, 0, 0, 0, 0, 1, 0, 1, 0]",28,14,14,5,2,3,1.2996425339950777,1.4510683163945035,1.1723329425556859
Bundesliga,2018,Hertha,"[1, 1, 1, 0, 1, 0, 0, 1, 1, 0, 0, 1, 0, 1, 0, 1, 0, 0, 0, 0, 0, 1, 1, 0]",24,12,12,11,7,4,3.5190661753505195,9.129735089970106,4.975124378109452
Bundesliga,2018,Hoffenheim,"[0, 1, 0, 1, 0, 0, 1, 1, 1, 1, 0, 1, 1, 0, 1, 1, 1, 1, 1, 0, 0, 0]",22,11,11,13,6,7,1.379687590591288,1.497631278940987,1.25
Bundesliga,2018,Leverkusen,"[0, 0, 0, 1, 1, 0, 1, 0, 0, 1, 1, 0, 1, 1, 0, 1, 1, 1, 1, 0, 1, 1, 0, 0, 0, 1, 1, 1, 1, 1]",30,15,15,18,7,11,1.099507522490159,1.0729827456147283,1.0266940451745379
Bundesliga,2018,MGladbach,"[1, 1, 0, 1, 1, 1, 0, 1, 1, 1, 0, 1, 1, 0, 1, 1, 1, 0, 0, 0, 1, 0, 1, 0, 0, 1, 0]",27,14,13,16,10,6,4.062430395933416,11.006613112651943,5.291005291005291
Bundesliga,2018,Mainz,"[1, 1, 0, 0, 0, 0, 1, 1, 0, 1, 0, 1, 1, 0, 0, 0, 1, 0, 0, 0, 0, 1, 0, 1, 0, 1, 1]",27,14,13,12,7,5,2.2576231382650804,3.659049460573796,2.197802197802198
Bundesliga,2018,Nurnberg,"[0, 1, 0, 1, 0, 0, 0, 0, 0, 0, 0, 0, 0, 0, 0, 0, 0, 0, 0, 1, 0, 0, 0, 0]",24,12,12,3,2,1,1.8291436040384508,3.7237431069311233,2.1141649048625792
Bundesliga,2018,RB Leipzig,"[0, 1, 1, 1, 1, 1, 1, 0, 1, 0, 1, 0, 1, 0, 1, 1, 1, 1, 1, 1, 1, 1, 1, 1, 0]",25,13,12,19,9,10,1.2163212555531946,1.2574294753184234,1.088139281828074
Bundesliga,2018,Schalke 04,"[0, 0, 0, 0, 0, 1, 1, 0, 1, 0, 1, 0, 0, 1, 1, 0, 0, 0, 0, 0, 0, 1, 0, 0, 1]",25,13,12,8,4,4,1.4942436441850095,1.8030797910643035,1.447178002894356
Bundesliga,2018,Stuttgart,"[0, 0, 0, 1, 0, 0, 0, 0, 1, 0, 1, 0, 1, 0, 0, 0, 0, 0, 0, 1, 0, 0, 0, 0, 1, 0, 1]",27,14,13,7,4,3,1.8076228848441553,2.685338722840389,1.890359168241966
Bundesliga,2018,Werder Bremen,"[1, 1, 1, 0, 1, 1, 0, 0, 0, 0, 1, 0, 0, 1, 1, 1, 1, 1, 1, 0, 0, 1, 1]",23,12,11,14,6,8,1.1506266149142665,1.1524644288201953,1.0660980810234542
Bundesliga,2018,Wolfsburg,"[1, 1, 0, 0, 0, 1, 0, 0, 1, 1, 1, 1, 1, 0, 0, 1, 1, 1, 0, 1, 0, 1, 0, 1, 1, 0, 1]",27,14,13,16,8,8,1.4988137311976597,1.6896655883305112,1.3831258644536653
Bundesliga,2019,Augsburg,"[0, 0, 1, 0, 0, 0, 1, 1, 1, 1, 1, 0, 0, 0, 1, 0, 0, 0, 0, 0, 1, 0, 1, 0, 0]",25,13,12,9,6,3,3.123826759304197,7.381478532763724,4.484304932735426
Bundesliga,2019,Bayern Munich,"[1, 1, 1, 1, 0, 1, 0, 1, 1, 0, 0, 1, 1, 1, 1, 1, 1, 1, 1, 1, 1, 1, 1, 1, 1, 1, 1, 1, 1, 1]",30,15,15,26,11,15,1.0,1.0160982418428164,1.0
Bundesliga,2019,Dortmund,"[1, 1, 0, 1, 1, 1, 0, 1, 1, 1, 0, 1, 1, 1, 0, 1, 1, 1, 1, 1, 1, 0, 1, 1, 1, 0, 1, 0]",28,14,14,21,11,10,2.0891654144095986,3.0187741327422097,2.0618556701030926
Bundesliga,2019,Ein Frankfurt,"[1, 0, 1, 0, 1, 1, 0, 1, 0, 0, 0, 0, 0, 0, 1, 1, 1, 0, 0, 0, 0, 0, 1, 1, 0, 1, 1, 1]",28,14,14,13,5,8,1.1655130865903642,1.1465412140302207,1.0604453870625663
Bundesliga,2019,FC Koln,"[0, 0, 1, 0, 0, 0, 1, 0, 0, 0, 0, 0, 1, 1, 1, 1, 0, 1, 0, 1, 1, 1, 0, 0, 0, 0, 0, 0]",28,14,14,10,4,6,1.2490699517070094,1.2740660657418257,1.152073732718894
Bundesliga,2019,Fortuna Dusseldorf,"[1, 0, 0, 0, 0, 0, 1, 0, 1, 0, 0, 0, 0, 1, 0, 0, 0, 1, 1, 0, 0, 0]",22,11,11,6,3,3,1.540529103817548,2.0,1.422475106685633
Bundesliga,2019,Freiburg,"[1, 1, 0, 1, 1, 0, 1, 1, 0, 1, 0, 0, 1, 0, 0, 1, 0, 0, 1, 0, 0, 1, 1, 0, 1]",25,13,12,13,8,5,2.991423634697006,6.241756210562176,3.7037037037037037
Bundesliga,2019,Hertha,"[0, 0, 0, 1, 1, 1, 0, 0, 0, 0, 0, 1, 1, 0, 1, 0, 1, 0, 1, 1, 1, 0, 0, 0, 1, 0]",26,13,13,11,5,6,1.398057804285396,1.5283489660964467,1.2738853503184713
Bundesliga,2019,Hoffenheim,"[0, 1, 0, 0, 1, 1, 1, 1, 1, 0, 0, 0, 1, 1, 0, 1, 1, 0, 0, 0, 0, 1, 1, 0, 1, 1, 1]",27,14,13,15,8,7,1.795150764623751,2.316851763863742,1.6722408026755853
Bundesliga,2019,Leverkusen,"[1, 1, 0, 1, 1, 0, 0, 1, 1, 1, 0, 0, 1, 1, 1, 0, 1, 1, 1, 1, 1, 1, 0, 1, 0, 1, 0, 1]",28,14,14,19,9,10,1.4142084474522654,1.5217617602932305,1.277139208173691
Bundesliga,2019,MGladbach,"[1, 0, 1, 1, 1, 1, 0, 1, 1, 1, 0, 1, 1, 0, 1, 0, 1, 1, 1, 0, 1, 1, 0, 1, 0, 0, 1, 1, 1]",29,15,14,20,11,9,2.223744144141939,3.340558766918102,2.2831050228310503
Bundesliga,2019,Mainz,"[0, 0, 0, 1, 0, 0, 1, 0, 1, 0, 0, 1, 1, 0, 0, 1, 0, 0, 0, 0, 1, 0, 1, 0, 0, 1, 0, 1, 1, 0]",30,15,15,11,5,6,1.4100571929439547,1.5441465800036185,1.2987012987012987
Bundesliga,2019,Paderborn,"[0, 0, 0, 0, 0, 0, 0, 1, 0, 0, 0, 1, 0, 1, 0, 1, 0, 0, 0, 0, 0, 0, 0, 0, 0, 0]",26,13,13,4,2,2,1.4764377908951483,2.0,1.4265335235378032
Bundesliga,2019,RB Leipzig,"[1, 1, 1, 1, 0, 0, 1, 1, 1, 1, 1, 1, 1, 1, 0, 1, 1, 1, 1, 1, 0, 1]",22,11,11,18,9,9,1.6099169986096316,2.0,1.4684287812041117
Bundesliga,2019,Schalke 04,"[0, 1, 1, 1, 1, 0, 1, 1, 1, 0, 1, 1, 0, 0, 0, 0, 0, 0, 0, 0, 0, 0]",22,11,11,9,8,1,37.84407925256454,832.5910295065453,259.0673575129534
Bundesliga,2019,Union Berlin,"[0, 1, 0, 0, 0, 0, 1, 0, 1, 1, 1, 0, 1, 0, 0, 0, 1, 0, 1, 0, 1, 0, 0, 0, 0, 1, 1, 0, 1]",29,15,14,12,6,6,1.5298926367629486,1.7792767844805109,1.3831258644536653
Bundesliga,2019,Werder Bremen,"[0, 0, 1, 1, 0, 0, 0, 1, 0, 0, 0, 0, 1, 0, 0, 0, 0, 0, 0, 1, 1, 0, 0, 1, 0, 0, 1]",27,14,13,8,4,4,1.5028513556869714,1.819094957669333,1.455604075691412
Bundesliga,2019,Wolfsburg,"[1, 1, 1, 1, 0, 0, 1, 0, 0, 1, 0, 0, 0, 1, 1, 1, 1, 0, 1, 0, 1, 0, 1, 0]",24,12,12,13,6,7,1.3969725010740741,1.5175032530974255,1.277139208173691
Bundesliga,2020,Augsburg,"[1, 1, 0, 0, 1, 0, 0, 1, 0, 1, 0, 0, 0, 1, 0, 0, 0, 1, 0, 1, 0, 1, 0, 0, 0, 0, 1, 0]",28,14,14,10,6,4,2.4956263855575216,4.648755263783786,3.0120481927710845
Bundesliga,2020,Bayern Munich,"[1, 0, 1, 1, 1, 1, 1, 1, 1, 1, 1, 0, 1, 1, 1, 1, 1, 0, 1, 1, 1, 1, 1, 1, 1, 0, 1, 1]",28,14,14,24,12,12,1.6263983744239265,2.0,1.440922190201729
Bundesliga,2020,Bielefeld,"[1, 0, 0, 0, 0, 0, 0, 0, 1, 0, 0, 1, 0, 1, 1, 0, 0, 0, 0, 0, 1, 0, 1, 1, 0, 1]",26,13,13,9,3,6,1.1404595918962377,1.1212023997753857,1.0582010582010581
Bundesliga,2020,Dortmund,"[1, 0, 1, 1, 1, 1, 0, 1, 0, 0, 1, 0, 1, 1, 0, 0, 1, 0, 1, 1, 0, 1, 0, 1, 1, 1, 1, 1, 1, 1]",30,15,15,20,9,11,1.2646065024762174,1.2808837286823989,1.1350737797956867
Bundesliga,2020,Ein Frankfurt,"[1, 1, 0, 0, 1, 1, 1, 1, 1, 1, 1, 1, 1, 0, 1, 1, 1, 0, 1, 0, 0, 1]",22,11,11,16,9,7,2.850039143012628,5.911008789214102,3.048780487804878
Bundesliga,2020,FC Koln,"[0, 0, 0, 0, 0, 1, 1, 0, 0, 0, 1, 0, 1, 1, 0, 0, 0, 0, 0, 0, 0, 1, 1, 0, 1]",25,13,12,8,4,4,1.4942436441850095,1.8030797910643035,1.394700139470014
Bundesliga,2020,Freiburg,"[1, 0, 0, 0, 0, 1, 1, 1, 1, 1, 0, 1, 0, 1, 0, 1, 0, 0, 1, 0, 0, 1, 0, 1, 0]",25,13,12,12,7,5,2.261000651366145,3.686354390433831,2.3529411764705883
Bundesliga,2020,Hertha,"[1, 0, 0, 0, 0, 1, 0, 1, 0, 1, 0, 0, 0, 0, 0, 0, 0, 1, 0, 1, 1, 1, 0]",23,12,11,8,4,4,1.4837210236050076,1.7838897422229418,1.366120218579235
Bundesliga,2020,Hoffenheim,"[1, 1, 0, 0, 0, 0, 1, 0, 0, 1, 0, 0, 1, 1, 0, 0, 1, 1, 0, 0, 0, 1, 1, 1]",24,12,12,11,4,7,1.1407915843460017,1.123005238046899,1.0362694300518134
Bundesliga,2020,Leverkusen,"[1, 1, 1, 1, 1, 1, 1, 1, 0, 0, 0, 1, 0, 0, 1, 0, 1, 0, 0, 1, 1, 0, 1, 0]",24,12,12,14,9,5,5.283616548119264,20.472933077115467,9.324878776575904
Bundesliga,2020,MGladbach,"[0, 1, 1, 1, 0, 1, 0, 1, 1, 1, 1, 0, 0, 0, 0, 0, 1, 1, 1, 0, 1, 0, 0, 1]",24,12,12,13,8,5,3.567255163229085,9.129735089970096,4.201680672268908
Bundesliga,2020,Mainz,"[0, 0, 0, 0, 0, 0, 1, 0, 0, 0, 0, 0, 0, 1, 0, 1, 1, 0, 1, 1, 1, 1, 1, 0, 1]",25,13,12,10,1,9,1.0028181030672483,1.0002996277799925,1.0
Bundesliga,2020,RB Leipzig,"[1, 1, 1, 1, 0, 1, 1, 1, 1, 1, 0, 1, 0, 1, 1, 1, 1, 1, 1, 1, 0, 1, 0, 1, 0, 0]",26,13,13,19,10,9,2.0832218290208626,3.0377264526688816,1.9120458891013383
Bundesliga,2020,Schalke 04,"[0, 0, 0, 0, 0, 0, 0, 0, 0, 0, 1, 0, 0, 0, 0, 0, 0, 0, 0, 0, 1, 0, 0, 0, 0, 1, 0]",27,14,13,3,1,2,1.2028948310805243,1.3297402047654594,1.1185682326621924
Bundesliga,2020,Stuttgart,"[0, 1, 1, 0, 1, 1, 0, 0, 1, 0, 0, 1, 0, 1, 1, 1, 0, 1, 0, 0, 0, 0, 1, 1, 0]",25,13,12,12,6,6,1.502153325177417,1.7353597143161648,1.4598540145985401
Bundesliga,2020,Union Berlin,"[0, 1, 1, 1, 1, 0, 1, 1, 1, 0, 0, 0, 1, 1, 0, 1, 0, 1, 0, 1]",20,10,10,12,7,5,2.725562493301657,5.535406238226222,2.949852507374631
Bundesliga,2020,Werder Bremen,"[0, 1, 1, 0, 0, 0, 0, 1, 0, 1, 0, 1, 0, 1, 1, 0, 0, 0, 0, 0, 0, 0, 0, 0]",24,12,12,7,5,2,3.658918706026657,11.242616411505427,4.926108374384237
Bundesliga,2020,Wolfsburg,"[1, 1, 1, 1, 1, 0, 1, 0, 1, 1, 1, 1, 1, 1, 0, 1, 1, 1, 0, 0, 1, 0, 1, 0]",24,12,12,17,10,7,3.9269749711351483,11.242616411505427,5.780346820809249
Bundesliga,2021,Augsburg,"[0, 0, 1, 0, 0, 0, 1, 0, 1, 0, 1, 0, 0, 1, 0, 0, 1, 0, 1, 1, 0, 0, 1, 0, 0, 1]",26,13,13,10,4,6,1.2421188280651394,1.2659130648831014,1.122334455667789
Bundesliga,2021,Bayern Munich,"[1, 1, 1, 1, 1, 0, 1, 1, 1, 1, 0, 1, 1, 1, 1, 1, 0, 1, 1, 1, 0, 1, 1, 1, 1, 1, 1, 1, 0]",29,15,14,24,13,11,2.2527862547980755,3.5451928949507465,2.237136465324385
Bundesliga,2021,Bielefeld,"[0, 0, 0, 0, 0, 1, 0, 0, 1, 1, 1, 0, 1, 0, 0, 0, 0, 0, 0, 0, 0]",21,11,10,5,4,1,3.6776396062731793,12.772883833285094,5.58659217877095
Bundesliga,2021,Bochum,"[0, 1, 0, 0, 0, 0, 1, 1, 0, 1, 0, 1, 1, 0, 0, 1, 0, 1, 0, 1, 0, 0, 1, 0, 0, 1, 1, 0]",28,14,14,12,6,6,1.6379481654980252,2.0,1.524390243902439
Bundesliga,2021,Dortmund,"[1, 0, 1, 1, 1, 0, 1, 1, 1, 1, 0, 1, 1, 0, 1, 0, 1, 1, 1, 0, 1, 1, 1, 1, 0, 1, 1, 0, 0, 1, 1]",31,16,15,22,11,11,1.4833409599852136,1.6376604709033058,1.3297872340425532
Bundesliga,2021,Ein Frankfurt,"[0, 1, 0, 0, 1, 1, 1, 0, 1, 1, 1, 0, 0, 1, 0, 0, 0, 1, 1, 0, 0, 0]",22,11,11,10,7,3,5.467065821916066,23.049926461234183,10.063399416322834
Bundesliga,2021,FC Koln,"[1, 0, 1, 1, 0, 0, 1, 0, 1, 1, 1, 0, 1, 0, 1, 0, 1, 0, 1, 1, 1, 1, 0, 0]",24,12,12,14,7,7,1.643725067944255,2.0,1.51285930408472
Bundesliga,2021,Freiburg,"[1, 1, 1, 1, 1, 1, 0, 0, 0, 1, 0, 1, 0, 1, 0, 1, 1, 1, 0, 1, 1, 1, 0, 0]",24,12,12,15,8,7,2.041997230671358,2.9704882894736944,1.996007984031936
Bundesliga,2021,Greuther Furth,"[0, 0, 0, 0, 0, 0, 0, 0, 0, 0, 0, 0, 0, 1, 0, 1, 0, 1, 0, 0, 0, 0, 0, 0, 0]",25,13,12,3,0,3,1.048671638251262,1.0280848614195104,1.0
Bundesliga,2021,Hertha,"[0, 0, 0, 1, 1, 0, 0, 1, 1, 0, 0, 1, 0, 1, 0, 0, 0, 0, 0, 0, 0, 1, 0, 0, 1, 1, 0, 0]",28,14,14,9,6,3,3.414243374684537,8.898170404005489,4.901960784313726
Bundesliga,2021,Hoffenheim,"[1, 0, 0, 1, 0, 1, 0, 1, 0, 1, 1, 1, 1, 1, 0, 0, 0, 1, 1, 1, 1, 0, 0, 0, 0, 0, 0]",27,14,13,13,9,4,6.071891208297265,24.51456861068925,11.307100859339664
Bundesliga,2021,Leverkusen,"[1, 1, 0, 1, 1, 1, 0, 0, 1, 1, 1, 0, 0, 1, 1, 1, 1, 0, 1, 0, 1, 1, 0, 1, 1, 1, 1]",27,14,13,19,9,10,1.2668993463503269,1.3092630452820975,1.1507479861910241
Bundesliga,2021,MGladbach,"[0, 0, 1, 0, 1, 1, 0, 1, 1, 0, 0, 0, 0, 1, 0, 0, 1, 0, 0, 1, 1, 1, 0, 1, 1]",25,13,12,12,5,7,1.1869577653597851,1.190775755267861,1.1061946902654867
Bundesliga,2021,Mainz,"[1, 0, 1, 1, 0, 0, 0, 1, 1, 0, 1, 0, 1, 0, 0, 1, 0, 1, 1, 0, 0, 1, 0, 0, 0, 1, 1]",27,14,13,13,7,6,1.8045361146662608,2.376436250286031,1.7064846416382253
Bundesliga,2021,RB Leipzig,"[0, 1, 0, 0, 1, 1, 1, 1, 0, 0, 0, 1, 0, 1, 1, 1, 0, 1, 1, 1, 1, 1, 1, 1, 0, 0, 1]",27,14,13,17,7,10,1.0954068871666387,1.0797723095043374,1.0204081632653061
Bundesliga,2021,Stuttgart,"[1, 0, 0, 0, 1, 0, 0, 0, 1, 1, 0, 0, 0, 0, 0, 0, 0, 1, 1, 0, 0, 1]",22,11,11,7,4,3,1.9367303716156414,3.0905171041813846,2.0120724346076457
Bundesliga,2021,Union Berlin,"[1, 0, 1, 1, 1, 0, 1, 0, 1, 0, 1, 1, 1, 0, 0, 0, 1, 0, 0, 1, 1, 1, 1, 1, 1]",25,13,12,16,9,7,2.2428629049510174,3.5048840568790505,2.1551724137931036
Bundesliga,2021,Wolfsburg,"[1, 1, 1, 1, 0, 0, 0, 0, 1, 1, 0, 0, 0, 0, 0, 0, 0, 1, 1, 0, 1, 0, 0, 0, 1, 0, 1, 1]",28,14,14,12,6,6,1.6379481654980252,2.0,1.5360983102918586
Bundesliga,2022,Augsburg,"[0, 1, 0, 0, 0, 1, 1, 1, 0, 0, 0, 0, 0, 1, 0, 1, 0, 1, 0, 1, 0, 0, 0, 1, 0, 0, 0]",27,14,13,9,5,4,1.8114671956806268,2.5466317660905053,1.8148820326678765
Bundesliga,2022,Bayern Munich,"[1, 1, 1, 0, 1, 1, 1, 1, 1, 1, 1, 1, 1, 0, 1, 1, 1, 0, 1, 1, 0, 1, 1, 1, 0, 1]",26,13,13,21,12,9,4.358980661132917,14.76242900266488,6.024096385542169
Bundesliga,2022,Bochum,"[0, 0, 0, 0, 0, 0, 0, 1, 0, 1, 0, 0, 1, 1, 1, 0, 0, 1, 0, 0, 0, 0, 1, 1, 0, 0, 0, 1, 1]",29,15,14,10,5,5,1.5243442158298037,1.8063123857418013,1.4771048744460857
Bundesliga,2022,Dortmund,"[1, 1, 0, 1, 1, 0, 1, 0, 0, 1, 1, 1, 0, 0, 1, 1, 1, 1, 1, 1, 1, 1, 1, 0, 1, 1, 1, 1, 1]",29,15,14,22,9,13,1.0213561402897722,1.0197874604144903,1.0060362173038229
Bundesliga,2022,Ein Frankfurt,"[0, 1, 1, 0, 1, 1, 0, 1, 1, 0, 1, 1, 1, 1, 0, 1, 0, 0, 0, 0, 0, 1, 1]",23,12,11,13,8,5,3.045442276422052,6.550520181328769,3.7037037037037037
Bundesliga,2022,FC Koln,"[1, 1, 0, 1, 0, 1, 0, 0, 0, 0, 1, 1, 0, 0, 0, 0, 1, 1, 0, 1, 1, 0]",22,11,11,10,5,5,1.6093503924934975,2.0,1.5313935681470139
Bundesliga,2022,Freiburg,"[1, 0, 1, 1, 1, 1, 0, 1, 1, 1, 0, 1, 0, 1, 0, 1, 1, 1, 0, 1, 1, 1, 0, 0, 1, 0]",26,13,13,17,9,8,2.050675732872643,2.940441787201651,1.876172607879925
Bundesliga,2022,Hertha,"[0, 0, 0, 1, 0, 1, 0, 0, 0, 1, 0, 0, 0, 0, 1, 0, 1, 0, 0, 0, 0, 0, 0, 1, 0, 1]",26,13,13,7,3,4,1.345455675609176,1.490743003650105,1.2422360248447204
Bundesliga,2022,Hoffenheim,"[0, 1, 1, 1, 0, 1, 0, 1, 0, 0, 0, 0, 0, 0, 0, 0, 0, 0, 0, 0, 1, 1, 1, 0, 0, 1, 0, 1]",28,14,14,10,5,5,1.6159647757861433,2.0,1.5015015015015014
Bundesliga,2022,Leverkusen,"[0, 0, 0, 1, 0, 0, 1, 0, 0, 1, 1, 1, 1, 1, 0, 0, 1, 0, 1, 1, 1, 1, 1, 1, 0, 0]",26,13,13,14,6,8,1.255166117708699,1.275023464644205,1.1534025374855825
Bundesliga,2022,MGladbach,"[1, 1, 0, 1, 0, 1, 0, 0, 1, 0, 1, 0, 0, 1, 0, 1, 0, 0, 1, 0, 0, 1, 0, 1]",24,12,12,11,6,5,1.9867909498578886,2.932355002629788,1.9193857965451055
Bundesliga,2022,Mainz,"[1, 1, 0, 1, 0, 0, 1, 1, 0, 0, 0, 0, 1, 0, 1, 1, 1, 1, 1, 1, 0, 0, 0, 0]",24,12,12,12,5,7,1.2404603270745003,1.261205955414189,1.1337868480725624
Bundesliga,2022,RB Leipzig,"[0, 1, 0, 1, 0, 1, 1, 1, 1, 1, 1, 1, 1, 0, 1, 1, 0, 1, 0, 0, 1, 1, 0, 1, 1, 1, 1, 1]",28,14,14,20,10,10,1.6668659918797977,2.0,1.485884101040119
Bundesliga,2022,Schalke 04,"[0, 0, 1, 0, 0, 0, 0, 0, 0, 0, 1, 0, 0, 0, 1, 1, 0, 0, 1, 0, 1, 1, 0, 0]",24,12,12,7,2,5,1.1174262611548593,1.097631304329303,1.027749229188078
Bundesliga,2022,Stuttgart,"[0, 0, 0, 0, 1, 0, 1, 0, 1, 0, 0, 0, 0, 1, 0, 0, 0, 0, 1, 1, 0, 1]",22,11,11,7,3,4,1.3368665744895294,1.4783505468574414,1.2048192771084338
Bundesliga,2022,Union Berlin,"[1, 1, 1, 1, 1, 0, 1, 1, 0, 1, 0, 0, 1, 1, 1, 1, 1, 0, 1, 1, 0, 1, 0, 1, 0, 1]",26,13,13,18,9,9,1.6581246534155312,2.0,1.51285930408472
Bundesliga,2022,Werder Bremen,"[1, 0, 1, 0, 1, 1, 0, 0, 1, 1, 0, 0, 0, 0, 1, 1, 0, 0, 1, 0, 0, 0, 0, 1, 0, 0, 0, 0]",28,14,14,10,6,4,2.4956263855575216,4.648755263783786,2.9239766081871346
Bundesliga,2022,Wolfsburg,"[0, 0, 0, 1, 0, 1, 1, 1, 1, 1, 1, 1, 0, 0, 0, 1, 1, 0, 1, 1, 0, 1, 0, 0]",24,12,12,13,8,5,3.567255163229085,9.129735089970096,5.025125628140704
Bundesliga,2023,Augsburg,"[0, 0, 1, 0, 0, 1, 1, 1, 0, 0, 0, 1, 0, 0, 1, 1, 1, 1, 0, 1, 0, 0, 0, 0, 0]",25,13,12,10,5,5,1.503287936727688,1.770193161216196,1.392757660167131
Bundesliga,2023,Bayern Munich,"[1, 1, 1, 1, 1, 1, 1, 1, 1, 1, 0, 1, 1, 1, 0, 1, 1, 1, 0, 0, 1, 1, 1, 0, 0, 1, 1, 1, 0, 1, 0]",31,16,15,23,14,9,5.9990911038878485,24.892212448695425,10.969723562966212
Bundesliga,2023,Bochum,"[0, 0, 0, 0, 1, 1, 0, 1, 0, 1, 0, 1, 0, 0, 0, 0, 0, 0, 1, 1, 0, 0]",22,11,11,7,4,3,1.9367303716156414,3.0905171041813846,2.1367521367521367
Bundesliga,2023,Darmstadt,"[0, 0, 0, 0, 1, 1, 0, 0, 0, 0, 0, 0, 0, 0, 0, 0, 0, 0, 0, 0, 0, 1, 0, 0, 0, 0]",26,13,13,3,2,1,1.8261136463109904,3.7084108024514855,1.9880715705765408
Bundesliga,2023,Dortmund,"[1, 1, 1, 1, 1, 1, 0, 0, 1, 0, 1, 1, 1, 1, 0, 1, 1, 1, 1, 0, 1, 0, 1, 0, 1]",25,13,12,18,10,8,2.2463342016918695,3.5195074581232078,2.320185614849188
Bundesliga,2023,Ein Frankfurt,"[1, 0, 1, 1, 1, 0, 0, 1, 0, 1, 1, 1, 0, 1, 1, 0, 0, 1, 0, 0]",20,10,10,11,6,5,2.0177749493992296,3.062341080606125,1.968503937007874
Bundesliga,2023,FC Koln,"[0, 0, 0, 0, 0, 0, 1, 0, 0, 1, 0, 0, 0, 1, 0, 0, 0, 1, 0, 0, 1, 0]",22,11,11,5,2,3,1.2924968664422045,1.4398117926016154,1.2019230769230769
Bundesliga,2023,Freiburg,"[1, 1, 0, 0, 1, 0, 1, 0, 0, 1, 1, 1, 0, 1, 0, 0, 0, 0, 1, 0, 1, 0, 1, 0, 0]",25,13,12,11,7,4,3.033829299860689,6.623806683184078,3.7037037037037037
Bundesliga,2023,Heidenheim,"[0, 0, 1, 0, 1, 0, 0, 0, 1, 0, 0, 1, 1, 1, 1, 0, 0, 0, 1, 0, 1, 1]",22,11,11,10,3,7,1.0692668512262187,1.0453516251747186,1.0131712259371835
Bundesliga,2023,Hoffenheim,"[0, 1, 1, 1, 1, 0, 1, 0, 1, 0, 0, 1, 0, 0, 0, 0, 1, 1, 0, 0, 0, 1, 0, 1, 0, 1, 1]",27,14,13,13,7,6,1.8045361146662608,2.376436250286031,1.7793594306049823
Bundesliga,2023,Leverkusen,"[1, 1, 1, 1, 1, 1, 1, 1, 1, 1, 1, 1, 1, 1, 1, 1, 1, 1, 1, 1, 1, 1, 1, 1, 1, 1, 1, 1]",28,14,14,28,14,14,1.0,,1.0
Bundesliga,2023,MGladbach,"[0, 0, 0, 1, 0, 1, 1, 0, 1, 0, 0, 1, 0, 0, 0, 1, 0, 1, 0, 0, 0]",21,11,10,7,4,3,1.7880632267441845,2.6407726868231305,1.7825311942959001
Bundesliga,2023,Mainz,"[0, 0, 0, 0, 0, 0, 1, 0, 0, 0, 0, 0, 1, 0, 0, 1, 1, 1, 1, 1]",20,10,10,7,1,6,1.0267196399000071,1.0096300136722172,1.002004008016032
Bundesliga,2023,RB Leipzig,"[0, 1, 1, 1, 1, 1, 1, 0, 1, 0, 1, 1, 1, 0, 0, 0, 1, 1, 0, 1, 1, 1, 1, 1, 1, 1]",26,13,13,19,10,9,2.0832218290208626,3.0377264526688816,1.949317738791423
Bundesliga,2023,Stuttgart,"[1, 0, 1, 1, 1, 1, 1, 1, 0, 0, 1, 1, 1, 0, 1, 0, 0, 1, 1, 1, 1, 1, 1, 1, 1, 1, 0, 1, 1, 1]",30,15,15,23,11,12,1.3969282162711942,1.4992327223211641,1.2468827930174564
Bundesliga,2023,Union Berlin,"[1, 1, 0, 0, 0, 0, 0, 0, 0, 0, 0, 1, 0, 1, 0, 1, 0, 1, 1, 0, 0, 1, 0, 0, 0, 0, 0, 1]",28,14,14,9,4,5,1.3819950543360615,1.5217617602932303,1.2936610608020698
Bundesliga,2023,Werder Bremen,"[0, 0, 1, 0, 1, 0, 0, 0, 1, 0, 0, 1, 1, 1, 1, 0, 1, 0, 0, 0, 0, 0, 1, 1, 1]",25,13,12,11,5,6,1.312366537696454,1.3903095941809698,1.2077294685990339
Bundesliga,2023,Wolfsburg,"[1, 1, 0, 1, 0, 1, 0, 0, 0, 0, 1, 0, 0, 1, 0, 0, 0, 0, 0, 1, 0, 0, 1, 1, 1, 0, 0]",27,14,13,10,6,4,2.2799905565484173,3.8777810582059935,2.4752475247524752
Bundesliga,2024,Augsburg,"[0, 1, 0, 0, 1, 0, 1, 0, 1, 0, 0, 0, 1, 1, 1, 1, 1, 1, 0, 1, 0, 0, 0, 0]",24,12,12,11,4,7,1.1407915843460017,1.123005238046899,1.0548523206751055
Bundesliga,2024,Bayern Munich,"[1, 1, 1, 1, 1, 1, 1, 1, 1, 1, 0, 1, 1, 1, 1, 1, 1, 1, 1, 1, 0, 1, 1, 1, 1, 1, 1]",27,14,13,25,13,12,1.5815225649569464,2.0908247390999124,1.3623978201634876
Bundesliga,2024,Bochum,"[0, 0, 0, 0, 0, 0, 0, 0, 0, 0, 0, 1, 0, 1, 0, 0, 1, 0, 1, 0, 0, 0, 0, 0, 0, 1]",26,13,13,5,1,4,1.0945174921125358,1.0726615919185754,1.0204081632653061
Bundesliga,2024,Dortmund,"[1, 1, 0, 1, 0, 1, 0, 1, 0, 1, 1, 0, 0, 0, 1, 0, 0, 1, 1, 0, 0, 1, 1, 1, 1, 1, 1, 1]",28,14,14,17,7,10,1.1570622831436264,1.14005537587158,1.0695187165775402
Bundesliga,2024,Ein Frankfurt,"[0, 1, 1, 1, 1, 0, 1, 1, 1, 1, 0, 0, 1, 1, 1, 1, 0, 0, 0, 1, 1, 0, 1, 1, 1]",25,13,12,17,9,8,1.7603977362480616,2.2452062810280946,1.5923566878980893
Bundesliga,2024,Freiburg,"[1, 0, 1, 1, 0, 1, 1, 0, 0, 1, 1, 0, 1, 0, 0, 0, 1, 1, 1, 1, 0, 0, 1, 1, 1, 1, 0]",27,14,13,16,8,8,1.4988137311976597,1.6896655883305112,1.4005602240896358
Bundesliga,2024,Heidenheim,"[1, 1, 0, 0, 1, 0, 0, 0, 0, 0, 0, 0, 0, 0, 1, 0, 0, 0, 0, 0, 0, 1, 1, 0, 0, 0, 1, 1, 0]",29,15,14,8,4,4,1.510027862632342,1.8326720868116895,1.4144271570014144
Bundesliga,2024,Hoffenheim,"[1, 0, 0, 0, 0, 1, 0, 1, 0, 0, 0, 0, 1, 0, 0, 1, 1, 0, 0, 1, 0, 0, 0]",23,12,11,7,3,4,1.2820079862218985,1.3832121067883727,1.1750881316098707
Bundesliga,2024,Holstein Kiel,"[0, 0, 0, 0, 0, 0, 1, 0, 0, 0, 0, 0, 1, 0, 1, 0, 0, 0, 0, 1, 0, 0, 0, 1, 1, 0, 0]",27,14,13,6,2,4,1.1651185618719728,1.1787545769411427,1.0729613733905579
Bundesliga,2024,Leverkusen,"[1, 0, 1, 1, 1, 1, 1, 1, 1, 1, 1, 1, 1, 1, 1, 1, 0, 1, 1, 1, 1, 0]",22,11,11,19,10,9,2.2007985533640975,3.7423183447116575,2.2123893805309733
Bundesliga,2024,M'gladbach,"[0, 0, 0, 1, 1, 1, 0, 1, 0, 1, 1, 0, 0, 0, 0, 0]",16,8,8,6,4,2,2.704639355163728,6.629110930717097,3.3783783783783785
Bundesliga,2024,MGladbach,"[0, 1, 0, 0, 1, 0, 1, 1, 1, 0, 1, 1]",12,6,6,7,2,5,1.041016478200768,1.0411149729363274,1.0040160642570282
Bundesliga,2024,Mainz,"[0, 1, 0, 1, 0, 1, 1, 1, 0, 1, 1, 1, 0, 0, 1, 0, 1, 1, 1, 1, 0, 0, 0, 1]",24,12,12,14,8,6,2.6331808739613374,4.906459000638235,2.840909090909091
Bundesliga,2024,RB Leipzig,"[1, 1, 1, 1, 1, 1, 0, 0, 0, 1, 1, 0, 1, 0, 1, 0, 1, 0, 1, 1, 0, 0]",22,11,11,13,8,5,3.746162999985622,10.346769726499527,5.555555555555555
Bundesliga,2024,St Pauli,"[0, 0, 0, 1, 0, 0, 1, 0, 0, 1, 0, 0, 1, 0, 0, 1, 1, 0, 0, 0, 0, 1, 0, 1, 0, 0]",26,13,13,8,4,4,1.584677267025257,2.0,1.4970059880239521
Bundesliga,2024,Stuttgart,"[0, 1, 1, 0, 1, 0, 1, 1, 1, 0, 1, 1, 1, 0, 0, 1, 0, 0, 0, 0, 1, 0, 0, 1, 1, 1]",26,13,13,14,9,5,4.952093938005713,17.303747393331143,8.415383320710259
Bundesliga,2024,Union Berlin,"[1, 1, 0, 1, 1, 0, 0, 0, 0, 0, 0, 0, 1, 0, 1, 0, 0, 0, 1, 1, 1, 0, 1]",23,12,11,10,4,6,1.174158679023041,1.1801632941294171,1.0905125408942202
Bundesliga,2024,Werder Bremen,"[1, 0, 1, 0, 1, 0, 1, 0, 1, 1, 1, 0, 0, 1, 0, 0, 0, 0, 1, 0, 1, 1, 1, 1, 1]",25,13,12,14,7,7,1.491683348287143,1.6968541310991798,1.3458950201884252
Bundesliga,2024,Wolfsburg,"[0, 1, 0, 0, 1, 0, 1, 1, 1, 1, 0, 0, 1, 1, 0, 1, 1, 0, 0, 0, 0, 0, 0, 1]",24,12,12,11,6,5,1.9867909498578886,2.932355002629788,1.9801980198019802
Premier_League,2000,Arsenal,"[0, 1, 1, 1, 1, 1, 1, 1, 1, 0, 0, 1, 1, 0, 1, 0, 1, 1, 1, 0, 1, 1, 1, 0, 1, 1, 1, 0]",28,14,14,20,10,10,1.6668659918797977,2.0,1.5552099533437014
Premier_League,2000,Aston Villa,"[0, 1, 1, 1, 0, 1, 1, 1, 0, 1, 0, 0, 0, 0, 0, 1, 0, 1, 1, 1, 1, 1, 0]",23,12,11,13,7,6,1.7780854752345217,2.339846425731408,1.6891891891891893
Premier_League,2000,Bradford,"[0, 1, 0, 0, 0, 0, 0, 0, 0, 0, 1, 0, 0, 0, 1, 0, 0, 0, 0, 0, 0, 0, 1, 1, 0, 0, 0]",27,14,13,5,2,3,1.26353190974014,1.3858205225840645,1.1933174224343674
Premier_League,2000,Charlton,"[1, 0, 0, 1, 1, 0, 1, 0, 1, 0, 1, 0, 0, 0, 1, 0, 1, 1, 1, 1, 0, 1, 0, 0, 1, 1, 0, 0]",28,14,14,14,6,8,1.2689954302532724,1.2900660638831267,1.1286681715575622
Premier_League,2000,Chelsea,"[1, 0, 0, 1, 0, 1, 1, 0, 0, 0, 1, 1, 0, 1, 1, 1, 1, 0, 1, 0, 1, 1, 1, 1, 0, 0, 1, 1]",28,14,14,17,7,10,1.1570622831436264,1.14005537587158,1.0672358591248665
Premier_League,2000,Coventry,"[0, 1, 1, 0, 0, 0, 1, 0, 0, 0, 0, 0, 0, 1, 0, 1, 0, 0, 0, 0, 0, 1, 1, 0, 1, 0, 0, 0]",28,14,14,8,4,4,1.5855812118384875,2.0,1.4749262536873156
Premier_League,2000,Derby,"[0, 0, 0, 0, 0, 0, 1, 0, 1, 0, 1, 1, 0, 1, 0, 0, 1, 1, 1, 0, 0, 0, 1, 0, 0, 1]",26,13,13,10,4,6,1.2421188280651394,1.2659130648831014,1.1415525114155252
Premier_League,2000,Everton,"[0, 1, 0, 1, 0, 0, 1, 0, 0, 1, 1, 1, 0, 0, 0, 0, 0, 1, 0, 1, 0, 0, 1, 1, 0, 0, 0, 1, 0]",29,15,14,11,6,5,1.8172633910426899,2.462670581832049,1.7889087656529516
Premier_League,2000,Ipswich,"[0, 1, 0, 0, 1, 1, 1, 1, 0, 1, 1, 1, 0, 1, 1, 0, 1, 0, 1, 0, 0, 0, 1, 1, 0, 1, 1, 1, 1, 1, 0, 1]",32,16,16,20,10,10,1.6855781975741024,2.0,1.597444089456869
Premier_League,2000,Leeds,"[1, 1, 0, 0, 1, 1, 0, 1, 0, 1, 0, 0, 1, 0, 0, 1, 0, 1, 1, 1, 1, 1, 1, 1, 1, 1, 1, 0, 1, 1]",30,15,15,20,7,13,1.0197953445319419,1.0101707790000722,1.0030090270812437
Premier_League,2000,Leicester,"[1, 1, 1, 1, 0, 0, 1, 1, 1, 0, 1, 0, 1, 1, 0, 0, 0, 0, 1, 0, 1, 1, 0, 0, 0, 0, 0, 0, 0, 0, 1, 0]",32,16,16,14,10,4,9.802523807247915,61.52058338109255,27.367268746579093
Premier_League,2000,Liverpool,"[1, 0, 1, 1, 0, 1, 1, 1, 0, 1, 0, 0, 1, 0, 1, 1, 0, 1, 1, 1, 0, 1, 0, 1, 1, 1, 1, 1, 1]",29,15,14,20,9,11,1.1650387502133732,1.1628164841583333,1.0729613733905579
Premier_League,2000,Man City,"[0, 1, 0, 1, 0, 0, 1, 1, 0, 0, 0, 0, 0, 0, 1, 0, 0, 0, 0, 1, 0, 0, 0, 0, 1, 1, 0, 0]",28,14,14,8,4,4,1.5855812118384875,2.0,1.4903129657228018
Premier_League,2000,Man United,"[1, 1, 1, 1, 0, 1, 1, 1, 1, 1, 1, 1, 1, 0, 1, 1, 1, 1, 1, 1, 1, 1, 1, 0, 1, 1, 1, 0, 0, 0]",30,15,15,24,13,11,2.8422180015290257,5.535406238226226,3.278688524590164
Premier_League,2000,Middlesbrough,"[1, 0, 0, 1, 0, 0, 0, 0, 0, 0, 0, 0, 1, 1, 1, 0, 1, 0, 1, 0, 1, 0, 1]",23,12,11,9,2,7,1.0260986643835954,1.0106794299506638,1.002004008016032
Premier_League,2000,Newcastle,"[0, 1, 1, 1, 0, 0, 1, 1, 0, 0, 1, 0, 1, 0, 1, 0, 1, 0, 1, 1, 0, 0, 0, 0, 0, 1, 1, 0, 1]",29,15,14,14,8,6,2.2392671791806773,3.492564201602757,2.4630541871921183
Premier_League,2000,Southampton,"[0, 0, 1, 1, 0, 0, 0, 1, 1, 0, 0, 1, 0, 1, 1, 0, 1, 1, 1, 1, 1, 0, 0, 0, 0, 0, 1, 1]",28,14,14,14,6,8,1.2689954302532724,1.2900660638831267,1.146788990825688
Premier_League,2000,Sunderland,"[1, 0, 0, 0, 1, 1, 1, 0, 1, 1, 1, 1, 0, 1, 1, 1, 1, 0, 0, 0, 1, 0, 0, 0, 1, 1]",26,13,13,15,8,7,2.0240247325146057,2.892688477065093,2.0661157024793386
Premier_League,2000,Tottenham,"[1, 0, 1, 1, 0, 0, 0, 1, 0, 1, 0, 1, 1, 0, 0, 0, 1, 1, 0, 0, 1, 0, 1, 1, 0, 0, 0, 1]",28,14,14,13,7,6,1.9895619021522117,2.837933762005624,2.1052631578947367
Premier_League,2000,West Ham,"[0, 0, 0, 1, 0, 1, 1, 1, 1, 1, 0, 1, 0, 0, 0, 1, 0, 0, 0, 0, 1, 0, 0, 0, 1, 0]",26,13,13,10,7,3,5.035065225419199,18.71542646747687,8.789663355893468
Premier_League,2001,Arsenal,"[1, 0, 1, 1, 1, 1, 0, 1, 1, 1, 0, 1, 1, 1, 1, 1, 1, 1, 1, 1, 1, 1, 1, 1, 1, 1, 1, 1, 1]",29,15,14,26,12,14,1.0,1.0401448584420148,1.0
Premier_League,2001,Aston Villa,"[1, 1, 1, 1, 0, 1, 1, 0, 0, 0, 1, 0, 0, 1, 1, 0, 1, 0, 0, 0, 0, 0, 1, 1]",24,12,12,12,7,5,2.5825977301387137,4.828396632130076,3.0395136778115504
Premier_League,2001,Blackburn,"[0, 1, 0, 1, 0, 1, 1, 0, 0, 0, 1, 0, 0, 0, 1, 0, 0, 0, 0, 1, 1, 0, 0, 1, 1, 1, 0, 1]",28,14,14,12,5,7,1.2628830120791827,1.2861808449421503,1.124859392575928
Premier_League,2001,Bolton,"[1, 1, 1, 0, 0, 0, 1, 0, 1, 0, 0, 0, 0, 0, 0, 1, 0, 0, 1, 1, 0, 1, 0, 0, 0]",25,13,12,9,5,4,1.8045939709170182,2.5330520271144654,1.7889087656529516
Premier_League,2001,Charlton,"[0, 1, 0, 1, 0, 0, 1, 0, 1, 1, 0, 1, 1, 0, 0, 1, 0, 1, 1, 0, 0, 0, 0, 0]",24,12,12,10,6,4,2.5534582227681693,4.906459000638238,2.898550724637681
Premier_League,2001,Chelsea,"[1, 1, 1, 0, 1, 1, 0, 1, 1, 0, 1, 0, 1, 1, 1, 0, 1, 1, 1, 0, 1, 1, 0, 1, 0]",25,13,12,17,9,8,1.7603977362480616,2.2452062810280946,1.550387596899225
Premier_League,2001,Derby,"[1, 0, 0, 0, 0, 0, 0, 1, 0, 0, 1, 0, 0, 1, 0, 1, 0, 0, 0, 0, 1, 0, 1, 0, 1, 0, 0, 0, 0, 0, 0, 0]",32,16,16,8,5,3,2.4692143901991512,4.828396632130076,3.134796238244514
Premier_League,2001,Everton,"[1, 1, 0, 0, 0, 1, 1, 0, 1, 0, 1, 0, 0, 0, 0, 0, 1, 0, 0, 0, 1, 1, 0, 1, 0, 1, 0, 0]",28,14,14,11,6,5,1.9683259886695428,2.862086060341679,1.9646365422396856
Premier_League,2001,Fulham,"[0, 1, 0, 0, 1, 1, 1, 1, 0, 0, 1, 1, 0, 1, 0, 0, 0, 0, 0, 0, 0, 1, 1, 0]",24,12,12,10,7,3,5.219315448873108,20.472933077115478,9.298000929800093
Premier_League,2001,Ipswich,"[0, 1, 0, 0, 0, 0, 0, 0, 0, 0, 0, 1, 1, 1, 0, 1, 1, 1, 1, 0, 0, 0, 0, 0, 0, 0, 1, 0, 0]",29,15,14,9,4,5,1.3267542937818892,1.4272484050108833,1.2165450121654502
Premier_League,2001,Leeds,"[1, 1, 1, 1, 1, 1, 0, 1, 1, 0, 1, 1, 1, 0, 0, 0, 1, 1, 1, 0, 0, 1, 1, 0, 1, 1]",26,13,13,18,11,7,5.505114790724586,22.423430531569778,9.994003597841296
Premier_League,2001,Leicester,"[0, 0, 1, 0, 0, 0, 0, 0, 1, 0, 1, 0, 0, 0, 0, 0, 0, 0, 0, 0, 0, 1, 0, 0, 1]",25,13,12,5,3,2,1.7910049511836112,2.9030923568024134,1.7730496453900708
Premier_League,2001,Liverpool,"[1, 0, 0, 1, 1, 1, 1, 1, 1, 1, 1, 1, 0, 0, 1, 0, 1, 1, 1, 1, 1, 1, 1, 1, 1, 1, 1, 0, 1, 1]",30,15,15,24,11,13,1.2006614695049904,1.2204874155641445,1.1013215859030836
Premier_League,2001,Man United,"[1, 1, 0, 1, 1, 1, 0, 0, 1, 0, 0, 0, 1, 1, 1, 1, 1, 1, 1, 1, 0, 1, 1, 1, 1, 1, 1, 0, 1, 1, 1, 1, 0]",33,17,16,24,11,13,1.1713050774181653,1.1669977778685074,1.0893246187363834
Premier_League,2001,Middlesbrough,"[0, 0, 0, 0, 1, 1, 0, 1, 0, 1, 1, 0, 0, 0, 0, 1, 0, 1, 1, 0, 1, 0, 1, 1, 1, 0, 0, 0, 0]",29,15,14,12,5,7,1.214734340436965,1.2213665586351092,1.1198208286674132
Premier_League,2001,Newcastle,"[1, 1, 0, 1, 0, 1, 0, 1, 1, 0, 1, 1, 1, 1, 1, 1, 0, 0, 1, 1, 1, 1, 1, 0, 0, 1, 1, 1, 1, 0]",30,15,15,21,11,10,2.063945400892388,2.897172134819273,1.9342359767891684
Premier_League,2001,Southampton,"[0, 0, 0, 1, 0, 1, 0, 0, 0, 0, 0, 1, 0, 1, 1, 0, 1, 0, 1, 1, 0, 1, 0, 1, 0, 1, 0, 0, 1]",29,15,14,12,5,7,1.214734340436965,1.2213665586351092,1.1273957158962795
Premier_League,2001,Sunderland,"[1, 0, 1, 0, 1, 0, 0, 0, 1, 0, 1, 0, 1, 1, 0, 0, 0, 0, 1, 0, 0, 1, 0, 0, 1, 0, 0, 0]",28,14,14,10,7,3,4.892629387655304,17.443994055572396,8.552856654122477
Premier_League,2001,Tottenham,"[0, 1, 0, 1, 0, 0, 1, 1, 1, 0, 1, 1, 0, 1, 0, 0, 1, 0, 0, 0, 1, 1, 0, 0, 0, 1, 1, 0, 1, 0]",30,15,15,14,8,6,2.4961507090976705,4.308354880446086,2.824858757062147
Premier_League,2001,West Ham,"[0, 0, 1, 0, 0, 1, 1, 1, 0, 0, 0, 1, 1, 0, 1, 0, 0, 1, 0, 1, 0, 1, 0, 1, 1, 1, 1, 0, 0, 1]",30,15,15,15,7,8,1.4359963188570928,1.5564210264360374,1.2987012987012987
Premier_League,2002,Arsenal,"[1, 1, 1, 1, 1, 1, 1, 0, 0, 1, 1, 1, 0, 1, 0, 1, 1, 1, 1, 1, 1, 1, 1, 0, 1, 1, 0, 1, 1]",29,15,14,23,11,12,1.2213713439024632,1.25849968994697,1.088139281828074
Premier_League,2002,Aston Villa,"[0, 0, 1, 0, 1, 0, 1, 0, 0, 1, 1, 0, 0, 1, 0, 0, 1, 1, 0, 1, 1, 0, 0, 0, 0, 1, 0, 1, 0]",29,15,14,12,6,6,1.5298926367629486,1.7792767844805109,1.4184397163120568
Premier_League,2002,Birmingham,"[0, 0, 1, 1, 0, 0, 1, 0, 1, 0, 1, 0, 1, 0, 0, 0, 0, 0, 0, 1, 1, 0, 1, 0, 1, 1, 1, 1, 0]",29,15,14,13,6,7,1.34114775695508,1.4168712447854608,1.2004801920768307
Premier_League,2002,Blackburn,"[1, 0, 0, 1, 1, 0, 1, 1, 0, 0, 1, 0, 1, 1, 0, 0, 1, 1, 1, 1, 0, 1, 1, 0, 1, 1]",26,13,13,16,7,9,1.2478274684880988,1.2659130648831014,1.1415525114155252
Premier_League,2002,Bolton,"[0, 0, 1, 1, 0, 0, 0, 0, 0, 1, 0, 0, 1, 0, 0, 0, 1, 0, 1, 1, 1, 0, 1, 1]",24,12,12,10,3,7,1.07831695472985,1.0513533321374784,1.017293997965412
Premier_League,2002,Charlton,"[0, 1, 0, 1, 0, 0, 0, 0, 1, 0, 0, 1, 1, 1, 1, 1, 0, 1, 1, 1, 1, 1, 0, 0, 0, 0, 0, 0, 1, 0, 0]",31,16,15,14,8,6,2.236566916934633,3.4717038192097363,2.320185614849188
Premier_League,2002,Chelsea,"[1, 1, 1, 0, 0, 1, 1, 1, 1, 1, 1, 1, 0, 0, 1, 0, 1, 1, 0, 0, 1, 1, 1, 1, 0, 1, 0, 1]",28,14,14,19,10,9,2.057873193112623,2.916583536972888,1.9723865877712032
Premier_League,2002,Everton,"[1, 0, 0, 1, 0, 1, 0, 1, 1, 1, 1, 1, 1, 0, 0, 1, 0, 1, 1, 1, 0, 1, 0, 1, 1, 0, 0, 1, 0, 0]",30,15,15,17,9,8,2.0191974896040747,2.8068338874262353,2.032520325203252
Premier_League,2002,Fulham,"[1, 0, 1, 1, 0, 1, 0, 0, 0, 0, 1, 0, 1, 0, 0, 0, 1, 0, 0, 1, 1, 1, 0, 0, 0, 1, 0, 1, 1]",29,15,14,13,6,7,1.34114775695508,1.4168712447854608,1.2091898428053205
Premier_League,2002,Leeds,"[1, 1, 0, 0, 1, 1, 0, 0, 0, 0, 1, 0, 0, 0, 0, 1, 1, 1, 1, 0, 0, 0, 1, 0, 0, 0, 0, 1, 0, 1, 0, 1, 1]",33,17,16,14,7,7,1.5521739641567665,1.7875692400458891,1.4903129657228018
Premier_League,2002,Liverpool,"[1, 1, 1, 1, 1, 1, 1, 1, 1, 0, 0, 0, 0, 0, 0, 1, 1, 0, 1, 1, 1, 0, 1, 1, 1, 1, 0, 0]",28,14,14,18,9,9,1.668616179586344,2.0,1.550387596899225
Premier_League,2002,Man City,"[0, 1, 0, 1, 0, 0, 0, 0, 1, 1, 1, 0, 0, 1, 1, 0, 1, 1, 1, 0, 1, 0, 0, 0, 1, 0, 0, 1, 1, 0, 1, 0]",32,16,16,15,7,8,1.4441161147724728,1.5663603036350555,1.2903225806451613
Premier_League,2002,Man United,"[1, 1, 0, 0, 1, 1, 1, 1, 0, 1, 1, 1, 1, 0, 0, 1, 1, 1, 1, 1, 1, 1, 1, 1, 1, 1, 1, 1, 1, 1]",30,15,15,25,10,15,1.0,1.007204472370678,1.0
Premier_League,2002,Middlesbrough,"[1, 0, 1, 0, 1, 1, 1, 0, 0, 1, 0, 1, 0, 0, 1, 0, 0, 0, 0, 1, 1, 1, 1, 0, 0, 0, 1, 0]",28,14,14,13,7,6,1.9895619021522117,2.837933762005624,1.9841269841269842
Premier_League,2002,Newcastle,"[1, 0, 0, 0, 1, 1, 1, 0, 1, 1, 0, 1, 0, 1, 1, 1, 0, 1, 1, 1, 1, 1, 1, 1, 0, 1, 1, 0, 0, 0, 1, 1]",32,16,16,21,10,11,1.4439098214850439,1.5500855683384027,1.3071895424836601
Premier_League,2002,Southampton,"[0, 0, 1, 0, 1, 1, 1, 0, 0, 1, 1, 1, 1, 1, 0, 1, 0, 0, 0, 1, 1, 0, 0, 0, 1]",25,13,12,13,8,5,2.991423634697006,6.241756210562176,3.4246575342465753
Premier_League,2002,Sunderland,"[0, 1, 0, 0, 0, 1, 0, 0, 1, 0, 0, 0, 1, 0, 0, 0, 0, 0, 0, 0, 0, 0, 0, 0, 0, 0, 0, 0, 0, 0, 0]",31,16,15,4,4,0,7.942714371370804,52.64808596108152,17.63979537837361
Premier_League,2002,Tottenham,"[1, 1, 1, 0, 1, 0, 0, 1, 1, 0, 0, 0, 1, 1, 1, 0, 0, 1, 1, 0, 1, 0, 0, 0, 1, 0, 1, 0, 0, 0]",30,15,15,14,9,5,4.542665438796399,13.963076700807273,7.261109497531223
Premier_League,2002,West Brom,"[0, 0, 0, 1, 1, 1, 0, 0, 0, 0, 0, 0, 1, 0, 0, 0, 0, 0, 0, 1, 0, 0, 0, 0, 0, 0, 0, 1, 0, 0]",30,15,15,6,4,2,2.512416303240131,5.535406238226222,3.0211480362537766
Premier_League,2002,West Ham,"[0, 0, 0, 0, 1, 0, 1, 1, 0, 0, 0, 0, 0, 0, 0, 0, 1, 0, 0, 1, 1, 1, 0, 1, 1, 1]",26,13,13,10,3,7,1.0856472264657993,1.0564479778026155,1.017293997965412
Premier_League,2003,Arsenal,"[1, 1, 1, 1, 1, 1, 1, 1, 1, 1, 1, 1, 1, 1, 1, 1, 1, 1, 1, 1, 1, 1]",22,11,11,22,11,11,1.0,,1.0
Premier_League,2003,Aston Villa,"[0, 0, 1, 0, 1, 0, 0, 0, 1, 0, 1, 1, 1, 1, 0, 0, 1, 1, 1, 0, 1, 0, 1, 1, 1]",25,13,12,14,6,8,1.1767143482253397,1.1778155004847752,1.0706638115631693
Premier_League,2003,Birmingham,"[1, 1, 1, 1, 0, 1, 0, 0, 0, 0, 1, 1, 0, 0, 1, 1, 1, 1, 0, 0, 1, 0]",22,11,11,12,6,6,1.6267501106170124,2.0,1.4992503748125936
Premier_League,2003,Blackburn,"[1, 0, 0, 1, 0, 0, 0, 0, 0, 1, 0, 1, 1, 0, 0, 1, 0, 0, 1, 0, 0, 1, 0, 1, 1, 0]",26,13,13,10,5,5,1.6144076428525194,2.0,1.5527950310559007
Premier_League,2003,Bolton,"[0, 0, 1, 0, 0, 1, 1, 1, 0, 1, 0, 0, 1, 1, 1, 0, 0, 0, 0, 1, 0, 1, 1, 1]",24,12,12,12,5,7,1.2404603270745003,1.261205955414189,1.1135857461024499
Premier_League,2003,Charlton,"[0, 1, 0, 0, 1, 1, 1, 1, 1, 0, 0, 1, 1, 1, 1, 0, 0, 0, 1, 0, 1, 0, 0, 0, 0]",25,13,12,12,8,4,4.258720629846728,12.621164397817209,5.780346820809249
Premier_League,2003,Chelsea,"[1, 1, 1, 1, 1, 1, 0, 1, 1, 1, 1, 1, 0, 1, 0, 1, 0, 1, 1, 1, 1, 0, 1, 1, 1, 1, 0, 1]",28,14,14,22,12,10,2.843482019820793,5.602534042157461,3.1847133757961785
Premier_League,2003,Everton,"[0, 1, 0, 0, 1, 0, 0, 0, 1, 0, 1, 1, 0, 1, 0, 0, 0, 0, 1, 1, 0, 0, 0, 0]",24,12,12,8,5,3,2.5440458409926445,5.174962496422871,3.076923076923077
Premier_League,2003,Fulham,"[1, 0, 1, 1, 1, 0, 1, 0, 0, 1, 1, 0, 0, 1, 0, 0, 1, 0, 1, 0, 0, 1, 0, 1]",24,12,12,12,7,5,2.5825977301387137,4.828396632130076,2.985074626865672
Premier_League,2003,Leeds,"[0, 1, 0, 0, 0, 1, 0, 0, 0, 0, 0, 1, 1, 0, 0, 0, 0, 0, 0, 1, 0, 1, 0, 0, 0]",25,13,12,6,4,2,2.368268470276317,4.884559057439188,2.8328611898016995
Premier_League,2003,Leicester,"[0, 0, 1, 0, 0, 0, 0, 0, 1, 1, 1, 0, 0, 0, 0, 0, 1, 1]",18,9,9,6,2,4,1.1693797528517105,1.1885734173450602,1.0649627263045793
Premier_League,2003,Liverpool,"[0, 1, 1, 1, 0, 0, 0, 1, 1, 0, 1, 0, 1, 1, 1, 0, 1, 0, 1, 1, 1, 1, 1]",23,12,11,15,6,9,1.066480869113727,1.0579234755360898,1.0121457489878543
Premier_League,2003,Man City,"[1, 1, 0, 1, 0, 1, 0, 1, 0, 0, 0, 0, 0, 0, 0, 0, 1, 0, 1, 0, 1, 0]",22,11,11,8,5,3,2.57516125718696,5.327662064543003,2.898550724637681
Premier_League,2003,Man United,"[1, 1, 1, 0, 1, 1, 1, 1, 0, 1, 1, 1, 0, 1, 1, 1, 1, 1, 1, 0, 1, 1, 0, 0, 1, 1, 0, 0]",28,14,14,20,11,9,2.7077050625657972,4.965444303155276,2.9585798816568047
Premier_League,2003,Middlesbrough,"[0, 0, 0, 0, 1, 1, 0, 0, 1, 1, 1, 0, 1, 0, 1, 0, 1, 0, 0, 1, 0, 1, 1, 0, 0, 0, 1]",27,14,13,12,6,6,1.5175105332061893,1.759386916159739,1.4144271570014144
Premier_League,2003,Newcastle,"[0, 0, 0, 1, 1, 1, 1, 0, 1, 1, 0, 1, 1, 1, 1, 0, 1, 0, 1, 1, 0]",21,11,10,13,6,7,1.2499575403450318,1.3041157392001559,1.124859392575928
Premier_League,2003,Portsmouth,"[1, 1, 0, 0, 0, 1, 0, 0, 1, 0, 0, 0, 0, 1, 0, 0, 1, 0, 0, 0, 0, 0, 1, 1, 1, 0]",26,13,13,9,4,5,1.3773750381549292,1.5153465600439986,1.2150668286755772
Premier_League,2003,Southampton,"[1, 1, 1, 0, 0, 1, 0, 0, 0, 1, 1, 1, 0, 0, 0, 1, 0, 0, 1, 0, 1, 0, 0]",23,12,11,10,7,3,4.539850323938444,14.998348354855354,7.009673349221926
Premier_League,2003,Tottenham,"[0, 1, 0, 0, 0, 1, 1, 0, 0, 1, 0, 1, 0, 0, 0, 0, 1, 1, 1, 0, 1, 1, 0, 1, 0, 0, 0, 1]",28,14,14,12,5,7,1.2628830120791827,1.2861808449421503,1.1534025374855825
Premier_League,2003,Wolves,"[0, 0, 0, 0, 0, 1, 1, 0, 0, 0, 0, 0, 1, 0, 1, 0, 0, 1, 0, 0, 0, 1, 1]",23,12,11,7,2,5,1.0908090999033375,1.0717645456222658,1.0298661174047374
Premier_League,2004,Arsenal,"[1, 1, 1, 1, 1, 1, 1, 1, 0, 1, 0, 1, 1, 1, 1, 1, 0, 1, 0, 1, 1, 1, 1, 1, 1]",25,13,12,21,11,10,1.6820603468634376,2.149641506029287,1.3717421124828533
Premier_League,2004,Aston Villa,"[1, 0, 1, 0, 1, 1, 1, 1, 0, 0, 0, 0, 0, 1, 0, 1, 0, 0, 1, 0, 1, 0, 1, 1]",24,12,12,12,6,6,1.6318725099601594,2.0,1.492537313432836
Premier_League,2004,Birmingham,"[0, 1, 0, 0, 0, 1, 0, 0, 1, 1, 1, 1, 0, 0, 0, 0, 1, 0, 1, 0, 0, 1, 0]",23,12,11,9,6,3,3.1524310523127923,7.558906938085354,4.329004329004329
Premier_League,2004,Blackburn,"[0, 0, 0, 1, 0, 0, 0, 1, 0, 1, 0, 1, 1, 0, 0, 0, 1, 1, 0, 1, 1]",21,11,10,9,3,6,1.0859888208318986,1.069595179298994,1.0235414534288638
Premier_League,2004,Bolton,"[1, 0, 1, 1, 0, 1, 1, 1, 0, 0, 0, 0, 0, 0, 0, 1, 1, 1, 1, 1, 0, 1, 1, 0, 1, 1]",26,13,13,15,6,9,1.14894499498751,1.1323123378609816,1.0593220338983051
Premier_League,2004,Charlton,"[0, 1, 1, 0, 1, 0, 0, 0, 1, 1, 0, 0, 1, 1, 1, 1, 0, 0, 1, 1, 0, 1, 0, 0, 0]",25,13,12,12,6,6,1.502153325177417,1.7353597143161648,1.3679890560875514
Premier_League,2004,Chelsea,"[1, 1, 1, 1, 1, 1, 0, 1, 1, 1, 1, 1, 1, 1, 1, 1, 1, 1, 1, 1, 1, 1, 1, 1, 1, 1]",26,13,13,25,12,13,1.0,1.1819083901602732,1.0
Premier_League,2004,Crystal Palace,"[0, 0, 0, 0, 0, 1, 0, 1, 1, 0, 0, 0, 0, 0, 0, 1, 0, 1, 0, 0, 1, 0, 0, 0, 0]",25,13,12,6,3,3,1.4716416311930953,1.8356077008650071,1.366120218579235
Premier_League,2004,Everton,"[0, 1, 1, 1, 1, 1, 0, 1, 1, 0, 1, 1, 1, 1, 1, 0, 0, 1, 0, 1, 0, 1, 0, 0, 0, 1, 1]",27,14,13,17,11,6,6.019926172244229,24.585067301426836,11.014428901861438
Premier_League,2004,Fulham,"[1, 0, 0, 0, 1, 0, 0, 0, 1, 1, 0, 0, 0, 1, 0, 0, 0, 1, 1, 1, 0, 0, 0, 1, 0]",25,13,12,9,4,5,1.307599339125011,1.399220074579398,1.2315270935960592
Premier_League,2004,Liverpool,"[1, 0, 1, 0, 1, 0, 1, 1, 0, 1, 0, 1, 0, 1, 1, 1, 0, 1, 0, 0, 1, 1, 0, 0, 1, 1, 0, 1]",28,14,14,16,8,8,1.6638410088511535,2.0,1.5151515151515151
Premier_League,2004,Man City,"[0, 0, 1, 0, 1, 0, 1, 0, 1, 1, 0, 0, 1, 0, 1, 1, 0, 0, 1, 0, 0, 1, 1]",23,12,11,11,5,6,1.294649921034118,1.3668759169539026,1.1737089201877935
Premier_League,2004,Man United,"[0, 1, 1, 1, 1, 0, 1, 1, 1, 1, 1, 1, 1, 1, 1, 1, 1, 1, 1, 1, 1, 0, 0]",23,12,11,19,10,9,1.6817675629289275,2.165185505280741,1.5220700152207
Premier_League,2004,Middlesbrough,"[0, 1, 1, 1, 0, 0, 1, 1, 1, 1, 0, 1, 1, 0, 1, 0, 0, 0, 1, 0, 0, 1, 0]",23,12,11,12,8,4,4.393858028165594,13.685001820945512,6.540650140623978
Premier_League,2004,Newcastle,"[0, 0, 1, 1, 1, 1, 0, 0, 0, 1, 0, 0, 0, 1, 1, 0, 1, 1, 0, 0, 0]",21,11,10,9,5,4,1.7854213182284127,2.4973834298606308,1.7301038062283738
Premier_League,2004,Norwich,"[0, 0, 0, 0, 0, 1, 0, 1, 0, 0, 0, 0, 0, 0, 1, 0, 0, 0, 0, 0, 1, 1]",22,11,11,5,2,3,1.2924968664422045,1.4398117926016154,1.1990407673860912
Premier_League,2004,Portsmouth,"[0, 1, 1, 0, 0, 1, 1, 0, 0, 0, 1, 1, 0, 1, 0, 0, 0, 0, 1, 0, 0, 0, 0, 0, 1, 0]",26,13,13,9,6,3,3.470513486154155,9.25066171835886,4.854368932038835
Premier_League,2004,Southampton,"[0, 1, 0, 0, 0, 0, 0, 1, 0, 0, 0, 0, 0, 0, 1, 0, 1, 1, 0, 0, 0]",21,11,10,5,2,3,1.2453382793729286,1.3562928722382623,1.1389521640091116
Premier_League,2004,Tottenham,"[1, 1, 0, 1, 0, 0, 0, 0, 0, 0, 1, 1, 1, 1, 1, 1, 0, 0, 0, 1, 1, 0, 0, 1, 1]",25,13,12,13,6,7,1.3068688953698475,1.3722517042282367,1.2062726176115801
Premier_League,2004,West Brom,"[0, 0, 0, 1, 0, 0, 0, 0, 0, 0, 0, 0, 0, 1, 0, 1, 0, 1, 1]",19,10,9,5,1,4,1.0637209345752767,1.0463948218286554,1.0111223458038423
Premier_League,2005,Arsenal,"[1, 0, 1, 0, 1, 1, 0, 1, 1, 1, 1, 0, 0, 0, 1, 1, 1, 0, 0, 1, 0, 0, 1, 1, 1, 1, 0, 1, 1, 1, 1]",31,16,15,20,10,10,1.5092252912631492,1.6786172846719813,1.375515818431912
Premier_League,2005,Aston Villa,"[0, 1, 0, 0, 0, 1, 0, 0, 0, 1, 1, 0, 1, 1, 0, 1, 0, 1, 0, 0, 0, 1, 0, 0, 0, 1]",26,13,13,10,5,5,1.6144076428525194,2.0,1.5037593984962405
Premier_League,2005,Birmingham,"[0, 0, 1, 0, 0, 0, 0, 0, 0, 1, 0, 1, 0, 0, 0, 1, 0, 1, 0, 0, 1, 0, 0, 0, 1, 0, 1, 0]",28,14,14,8,3,5,1.2267334582687894,1.252178551393171,1.122334455667789
Premier_League,2005,Blackburn,"[0, 1, 0, 0, 1, 1, 0, 1, 0, 1, 0, 0, 1, 0, 1, 1, 1, 1, 1, 0, 0, 1, 1, 0, 1, 1, 1, 0, 0, 1, 1, 1]",32,16,16,19,8,11,1.1823387403855967,1.1629437259903608,1.0845986984815619
Premier_League,2005,Bolton,"[0, 1, 1, 1, 1, 0, 0, 1, 1, 1, 0, 1, 1, 0, 1, 1, 0, 1, 1, 0, 0, 0, 0, 0, 1, 0, 1]",27,14,13,15,9,6,2.932327819116243,5.823339342313051,3.4246575342465753
Premier_League,2005,Charlton,"[1, 1, 1, 1, 0, 1, 0, 1, 0, 0, 0, 0, 0, 1, 0, 0, 1, 0, 1, 0, 1, 0, 1, 0, 1, 0, 1, 0, 0, 0]",30,15,15,13,7,6,1.981164112156975,2.8068338874262353,2.1141649048625792
Premier_League,2005,Chelsea,"[1, 1, 1, 1, 1, 1, 1, 1, 1, 1, 0, 1, 1, 1, 1, 1, 1, 1, 1, 1, 1, 1, 0, 1, 1, 1, 0, 1, 1, 1, 1, 1, 0, 0]",34,17,17,29,16,13,4.291078820116208,13.66994699527393,5.681818181818182
Premier_League,2005,Everton,"[0, 1, 0, 0, 0, 0, 0, 0, 1, 1, 0, 1, 1, 0, 0, 0, 0, 1, 1, 1, 1, 1, 1, 0, 1, 1, 0, 0, 0, 1]",30,15,15,14,5,9,1.1083657756943939,1.0771421802925631,1.0330578512396693
Premier_League,2005,Fulham,"[0, 0, 1, 0, 0, 0, 1, 0, 1, 0, 1, 0, 1, 0, 0, 1, 1, 0, 1, 0, 1, 0, 0, 0, 0, 1, 0, 1, 1, 1, 0, 1]",32,16,16,14,6,8,1.2886834708583226,1.3123647998416588,1.183431952662722
Premier_League,2005,Liverpool,"[1, 0, 1, 0, 1, 1, 1, 1, 1, 1, 1, 1, 1, 1, 1, 0, 0, 0, 1, 1, 1, 0, 1, 1, 1, 1, 1, 1, 1, 1, 1]",31,16,15,25,13,12,1.7319403675500633,2.150885509061355,1.5822784810126582
Premier_League,2005,Man City,"[1, 1, 1, 0, 0, 1, 1, 0, 1, 0, 0, 1, 0, 1, 0, 0, 0, 1, 0, 1, 0, 1, 0, 1, 0, 0, 0, 0, 0, 0, 1, 0, 0, 0]",34,17,17,13,8,5,3.174219616525553,6.902996856596594,4.3478260869565215
Premier_League,2005,Man United,"[1, 1, 1, 0, 1, 1, 0, 1, 1, 1, 1, 1, 1, 1, 1, 0, 1, 0, 1, 1, 1, 1, 1, 1, 1, 1, 1, 1, 0, 1]",30,15,15,25,13,12,2.1377793052424194,3.2040698620013544,2.0618556701030926
Premier_League,2005,Middlesbrough,"[0, 1, 0, 1, 0, 1, 0, 1, 0, 1, 0, 0, 0, 0, 0, 1, 0, 1, 1, 1, 0, 0, 1, 1, 0, 0, 1, 0, 0]",29,15,14,12,5,7,1.214734340436965,1.2213665586351092,1.1049723756906078
Premier_League,2005,Newcastle,"[0, 0, 0, 1, 1, 0, 1, 1, 1, 0, 0, 1, 1, 0, 0, 0, 0, 0, 1, 1, 1, 1, 0, 0, 0, 1, 1, 1, 1, 1, 1]",31,16,15,17,7,10,1.1336617836420047,1.1111665162585505,1.0482180293501049
Premier_League,2005,Portsmouth,"[0, 0, 0, 1, 0, 0, 1, 0, 0, 0, 0, 0, 1, 0, 1, 0, 0, 0, 0, 0, 0, 0, 1, 1, 1, 1, 0, 1, 1, 0]",30,15,15,10,4,6,1.2547664644895893,1.2808837286823986,1.1494252873563218
Premier_League,2005,Sunderland,"[0, 0, 0, 0, 0, 1, 0, 0, 0, 0, 0, 0, 0, 0, 0, 0, 0, 0, 1, 0, 0, 0, 0, 0, 0, 0, 0, 0, 0, 0, 1, 0]",32,16,16,3,1,2,1.2263268769880782,1.3738123461770075,1.1273957158962795
Premier_League,2005,Tottenham,"[1, 1, 0, 1, 1, 1, 0, 1, 1, 1, 1, 0, 1, 1, 0, 0, 1, 1, 0, 1, 1, 0, 1, 1, 0, 1, 0]",27,14,13,18,11,7,4.144080286335882,11.542477622405748,6.134969325153374
Premier_League,2005,West Brom,"[1, 0, 0, 0, 0, 0, 1, 0, 0, 0, 1, 1, 0, 0, 1, 0, 0, 1, 0, 1, 0, 0, 0, 0, 0, 0, 0, 0, 0]",29,15,14,7,5,2,3.2606382925418447,8.658388436833057,4.424778761061947
Premier_League,2005,West Ham,"[1, 0, 1, 1, 0, 1, 0, 1, 0, 1, 0, 1, 0, 0, 0, 0, 1, 1, 1, 1, 1, 0, 0, 1, 0, 0, 1, 0, 0, 1, 1]",31,16,15,16,7,9,1.223024685568934,1.2236843928116912,1.1312217194570136
Premier_League,2005,Wigan,"[0, 0, 1, 1, 1, 1, 1, 1, 1, 1, 0, 0, 0, 0, 0, 1, 1, 1, 0, 0, 0, 1, 0, 0, 1, 1, 0, 0, 1, 0, 0, 0]",32,16,16,15,9,6,3.2216357774467346,6.946836150742856,4.219409282700422
Premier_League,2006,Arsenal,"[0, 1, 1, 1, 1, 1, 0, 1, 0, 0, 1, 1, 1, 1, 0, 1, 1, 1, 1, 1, 1, 0, 0, 0, 1, 1, 1]",27,14,13,19,10,9,1.7612042304154774,2.22085967034325,1.6778523489932886
Premier_League,2006,Aston Villa,"[1, 1, 1, 0, 1, 1, 0, 0, 0, 0, 0, 0, 1, 0, 1, 0, 0, 1, 1, 1, 1]",21,11,10,11,5,6,1.271809969845994,1.337842294670583,1.1494252873563218
Premier_League,2006,Blackburn,"[0, 0, 1, 1, 1, 0, 0, 0, 0, 1, 0, 0, 1, 0, 1, 1, 1, 0, 1, 0, 0, 1, 0, 1, 1, 0, 0, 0, 1, 1, 1]",31,16,15,15,7,8,1.3527739369351137,1.4221048488770875,1.2121212121212122
Premier_League,2006,Bolton,"[1, 0, 1, 1, 1, 1, 1, 0, 0, 0, 1, 0, 0, 1, 1, 1, 1, 1, 0, 0, 1, 1, 0, 0, 0, 1, 1, 0, 0, 0]",30,15,15,16,9,7,2.523078708371905,4.308354880446086,2.849002849002849
Premier_League,2006,Charlton,"[0, 0, 1, 0, 0, 0, 0, 0, 1, 0, 0, 0, 1, 0, 0, 0, 1, 0, 0, 1, 0, 0, 1, 1, 1, 0, 0, 0]",28,14,14,8,3,5,1.2267334582687894,1.252178551393171,1.1086474501108647
Premier_League,2006,Chelsea,"[1, 0, 1, 1, 1, 1, 1, 1, 1, 0, 1, 1, 1, 1, 1, 1, 1, 0, 1, 1, 1, 1, 1, 1, 1, 1, 1]",27,14,13,24,12,12,1.2759665931614046,1.414383722412259,1.1350737797956867
Premier_League,2006,Everton,"[1, 1, 1, 0, 1, 0, 0, 1, 0, 1, 0, 0, 1, 1, 0, 1, 1, 0, 1, 1, 1, 1, 0, 0, 1]",25,13,12,15,7,8,1.2908843777904582,1.3452540105481041,1.1764705882352942
Premier_League,2006,Fulham,"[0, 1, 1, 0, 1, 0, 1, 0, 0, 1, 0, 0, 1, 0, 1, 0, 0, 0, 0, 0, 0, 1, 0]",23,12,11,8,5,3,2.3169831150268667,4.263807401259858,2.638522427440633
Premier_League,2006,Liverpool,"[1, 0, 0, 1, 1, 0, 0, 1, 1, 0, 1, 1, 1, 1, 1, 0, 1, 1, 1, 1, 1, 0, 1, 0, 1, 1, 1, 1, 0, 0]",30,15,15,20,10,10,1.6780347465021415,2.0,1.5151515151515151
Premier_League,2006,Man City,"[0, 1, 0, 0, 1, 0, 1, 0, 1, 0, 1, 0, 0, 0, 1, 1, 1, 0, 0, 0, 0, 0, 1, 1, 1, 0, 0, 0, 0]",29,15,14,11,6,5,1.8172633910426899,2.462670581832049,1.8484288354898337
Premier_League,2006,Man United,"[1, 1, 1, 1, 0, 1, 1, 1, 1, 1, 1, 1, 1, 1, 1, 0, 1, 1, 1, 1, 0, 1, 1, 1, 1, 1, 1, 1, 0, 1, 1, 1, 0]",33,17,16,28,15,13,2.2444940360427394,3.4725730451185077,2.1231422505307855
Premier_League,2006,Middlesbrough,"[0, 1, 0, 0, 0, 1, 1, 0, 0, 1, 0, 0, 0, 1, 0, 1, 1, 1, 0, 1, 0, 0, 1, 0, 0, 0, 1, 1]",28,14,14,12,5,7,1.2628830120791827,1.2861808449421503,1.148105625717566
Premier_League,2006,Newcastle,"[1, 0, 0, 1, 0, 0, 0, 0, 0, 1, 1, 1, 0, 1, 1, 0, 0, 1, 1, 0, 1, 0, 0, 0, 1, 0, 0, 0]",28,14,14,11,6,5,1.9683259886695428,2.862086060341679,1.9083969465648856
Premier_League,2006,Portsmouth,"[1, 1, 1, 1, 0, 0, 1, 0, 1, 0, 1, 0, 1, 1, 1, 0, 0, 0, 1, 0, 0, 1, 0, 1, 1, 0]",26,13,13,14,8,6,2.5738033064258965,4.636053386548998,2.9239766081871346
Premier_League,2006,Reading,"[1, 0, 0, 1, 1, 1, 0, 0, 0, 0, 1, 1, 1, 1, 0, 0, 0, 0, 1, 1, 1, 1, 1, 0, 0, 0, 0, 1, 1, 1, 0]",31,16,15,16,8,8,1.536836202224237,1.7433214000368964,1.3888888888888888
Premier_League,2006,Sheffield United,"[0, 0, 0, 0, 1, 0, 0, 1, 0, 0, 1, 1, 1, 0, 0, 1, 0, 0, 1, 0, 1, 0, 0, 0, 0, 1, 0, 1, 0, 0]",30,15,15,10,5,5,1.6171499702466807,2.0,1.5600624024960998
Premier_League,2006,Tottenham,"[0, 1, 0, 0, 0, 1, 1, 1, 0, 1, 0, 1, 1, 1, 0, 1, 0, 0, 0, 0, 1, 1, 1, 1, 1, 0, 1, 1, 1]",29,15,14,17,8,9,1.324311514137618,1.378895151920869,1.1976047904191616
Premier_League,2006,Watford,"[0, 0, 0, 0, 1, 0, 0, 0, 0, 0, 0, 0, 0, 1, 0, 0, 1, 0, 0, 0, 0, 1, 0, 0, 1]",25,13,12,5,1,4,1.0782316348659655,1.0578174321508553,1.0111223458038423
Premier_League,2006,West Ham,"[1, 0, 0, 0, 0, 0, 0, 1, 1, 0, 0, 1, 0, 0, 0, 1, 0, 0, 0, 0, 0, 0, 0, 0, 1, 1, 1, 0, 0, 1, 1, 1, 1]",33,17,16,12,5,7,1.2340814844032837,1.243894837106657,1.1402508551881414
Premier_League,2006,Wigan,"[0, 1, 0, 0, 0, 1, 1, 1, 1, 0, 0, 1, 0, 0, 0, 0, 0, 0, 0, 0, 1, 0, 1, 1, 0, 0, 0, 0, 0, 1]",30,15,15,10,6,4,2.4748506697611243,4.5601919865237965,2.824858757062147
Premier_League,2007,Arsenal,"[1, 1, 1, 1, 1, 1, 1, 1, 1, 1, 1, 0, 1, 1, 1, 1, 1, 1, 1, 1, 0, 1, 0, 1, 1, 1, 1]",27,14,13,24,13,11,2.3134016456553192,4.032690541061831,2.1141649048625792
Premier_League,2007,Aston Villa,"[0, 1, 1, 0, 1, 1, 0, 1, 1, 1, 1, 0, 0, 1, 1, 1, 0, 1, 1, 0, 0, 0, 1, 1, 1, 0]",26,13,13,16,8,8,1.6573792268189893,2.0,1.5432098765432098
Premier_League,2007,Birmingham,"[0, 0, 1, 0, 1, 0, 0, 0, 1, 0, 0, 0, 1, 0, 0, 1, 0, 0, 0, 1, 0, 0, 1, 0, 0, 0, 1]",27,14,13,8,4,4,1.5028513556869714,1.819094957669333,1.402524544179523
Premier_League,2007,Blackburn,"[1, 1, 0, 1, 1, 1, 1, 0, 0, 1, 0, 0, 0, 1, 1, 1, 0, 1, 1, 0, 1, 0, 1, 1, 0]",25,13,12,15,7,8,1.2908843777904582,1.3452540105481041,1.183431952662722
Premier_League,2007,Bolton,"[0, 0, 0, 1, 0, 0, 0, 0, 1, 0, 1, 0, 1, 0, 0, 1, 0, 1, 0, 0, 0, 0, 0, 0, 0, 1, 1, 1]",28,14,14,9,4,5,1.3819950543360615,1.5217617602932303,1.2547051442910917
Premier_League,2007,Chelsea,"[1, 1, 1, 0, 0, 1, 1, 1, 1, 1, 1, 1, 0, 1, 1, 1, 1, 1, 1, 1, 1, 1, 1, 1, 1, 1, 1, 1]",28,14,14,25,11,14,1.0,1.0345530735231832,1.0
Premier_League,2007,Derby,"[0, 0, 0, 0, 1, 0, 0, 0, 0, 0, 0, 0, 0, 0, 0, 0, 0, 0, 0, 0, 0, 0, 0, 0, 0, 0, 0, 0, 0, 0]",30,15,15,1,1,0,1.6628338329015944,6.470228017493412,2.0408163265306123
Premier_League,2007,Everton,"[1, 1, 0, 1, 0, 0, 1, 0, 0, 1, 1, 1, 1, 1, 0, 1, 0, 1, 1, 1, 1, 1, 1, 1, 0, 0, 1, 0, 0, 1]",30,15,15,19,9,10,1.4350114868619974,1.544146580003619,1.2987012987012987
Premier_League,2007,Fulham,"[0, 1, 0, 0, 0, 1, 0, 0, 0, 0, 0, 0, 0, 0, 1, 0, 0, 0, 1, 0, 0, 1, 0, 1, 1, 1]",26,13,13,8,2,6,1.0760234925245085,1.0466778650845106,1.016260162601626
Premier_League,2007,Liverpool,"[1, 1, 1, 1, 1, 1, 1, 1, 0, 0, 1, 1, 0, 1, 1, 1, 1, 1, 1, 0, 1, 1, 1, 1, 1]",25,13,12,21,10,11,1.1407845745908265,1.1870045283655593,1.0649627263045793
Premier_League,2007,Man City,"[1, 1, 1, 0, 0, 1, 1, 1, 1, 0, 1, 1, 0, 1, 1, 0, 0, 1, 0, 0, 1, 0, 0, 1, 1, 0, 0, 0]",28,14,14,15,10,5,7.041818327483349,34.40137399307591,15.730690577316345
Premier_League,2007,Man United,"[0, 1, 1, 1, 1, 1, 1, 1, 1, 1, 0, 1, 1, 1, 1, 1, 0, 1, 1, 1, 1, 0, 1, 1, 1, 1, 1, 1, 1, 0, 1, 1]",32,16,16,27,14,13,2.1413692131566213,3.193080665548612,2.044989775051125
Premier_League,2007,Middlesbrough,"[0, 0, 1, 1, 0, 0, 0, 0, 0, 0, 1, 1, 0, 0, 1, 0, 1, 1, 0, 0, 1, 0, 0, 0, 1, 1]",26,13,13,10,4,6,1.2421188280651394,1.2659130648831014,1.1415525114155252
Premier_League,2007,Newcastle,"[1, 1, 0, 1, 0, 1, 1, 0, 0, 0, 0, 1, 1, 0, 0, 0, 0, 0, 0, 0, 0, 0, 1, 1, 1, 1, 0, 0]",28,14,14,11,7,4,3.355383909897206,8.140032960369352,4.926108374384237
Premier_League,2007,Portsmouth,"[1, 0, 0, 1, 1, 1, 1, 1, 1, 1, 0, 0, 0, 1, 0, 1, 0, 1, 1, 0, 1, 1, 0, 1, 1, 0, 0, 0, 0]",29,15,14,16,9,7,2.228929924585753,3.398822208316722,2.34192037470726
Premier_League,2007,Reading,"[0, 1, 0, 0, 0, 1, 0, 1, 0, 1, 0, 0, 0, 1, 1, 0, 0, 0, 0, 0, 0, 0, 0, 1, 1, 0, 1, 0, 0, 0, 0, 1]",32,16,16,10,6,4,2.4576223190462674,4.4883249734785675,2.808988764044944
Premier_League,2007,Sunderland,"[1, 0, 0, 0, 1, 0, 0, 0, 0, 0, 1, 0, 0, 0, 1, 0, 1, 0, 1, 0, 1, 0, 0, 0, 1, 1, 1, 0, 0, 1, 0, 0]",32,16,16,11,4,7,1.1716889607796017,1.1521888830777374,1.0559662090813093
Premier_League,2007,Tottenham,"[0, 0, 1, 0, 0, 0, 0, 1, 0, 1, 1, 0, 1, 1, 0, 0, 1, 1, 0, 1, 0, 1, 0, 1, 0]",25,13,12,11,5,6,1.312366537696454,1.3903095941809698,1.1933174224343674
Premier_League,2007,West Ham,"[0, 1, 1, 1, 0, 0, 0, 1, 1, 0, 1, 0, 1, 1, 0, 1, 1, 0, 1, 0, 0, 0, 1, 0, 0, 0, 1, 0]",28,14,14,13,8,5,3.3492437066346437,7.824018803295653,4.854368932038835
Premier_League,2007,Wigan,"[0, 1, 1, 0, 0, 0, 0, 0, 0, 0, 0, 0, 0, 1, 1, 0, 1, 0, 0, 1, 0, 1, 1, 0, 0, 1, 1, 0]",28,14,14,10,3,7,1.0916966315859582,1.0608124763740796,1.019367991845056
Premier_League,2008,Arsenal,"[1, 0, 1, 1, 1, 0, 1, 1, 0, 1, 0, 0, 1, 1, 1, 1, 1, 1, 1, 1, 1, 1, 1, 1, 0, 1]",26,13,13,20,8,12,1.0341442470695272,1.0323206027458869,1.0050251256281406
Premier_League,2008,Aston Villa,"[1, 0, 1, 1, 1, 0, 1, 1, 0, 0, 1, 1, 1, 1, 1, 1, 1, 1, 1, 0, 0, 0, 0, 0, 1, 0, 1]",27,14,13,17,10,7,2.9423240739360157,5.805456874013267,3.215434083601286
Premier_League,2008,Blackburn,"[1, 0, 0, 1, 1, 0, 0, 0, 0, 0, 0, 0, 0, 1, 1, 0, 0, 1, 1, 0, 1, 0, 0, 1, 0, 1, 0]",27,14,13,10,4,6,1.199206116920428,1.2080967587926457,1.0845986984815619
Premier_League,2008,Bolton,"[1, 0, 0, 0, 0, 1, 0, 0, 1, 1, 0, 1, 1, 0, 0, 1, 0, 0, 0, 0, 1, 0, 1, 1, 0, 0, 1, 0, 0, 0]",30,15,15,11,6,5,1.961585401075573,2.837740117733259,2.0661157024793386
Premier_League,2008,Chelsea,"[1, 1, 1, 1, 1, 1, 0, 1, 1, 1, 1, 0, 1, 1, 0, 1, 1, 0, 1, 1, 1, 1, 0, 1, 1, 1, 1, 1, 1, 1]",30,15,15,25,12,13,1.350661211065961,1.4537061266705826,1.1848341232227488
Premier_League,2008,Everton,"[0, 1, 0, 1, 0, 0, 1, 1, 1, 0, 1, 0, 1, 1, 1, 1, 0, 1, 1, 1, 0, 1, 0, 1, 1, 1]",26,13,13,17,7,10,1.1347332546742004,1.1212023997753855,1.0604453870625663
Premier_League,2008,Fulham,"[0, 1, 1, 0, 0, 0, 1, 0, 1, 1, 1, 0, 0, 1, 0, 1, 0, 0, 1, 1, 0, 1, 1, 0, 1, 1, 0]",27,14,13,14,7,7,1.5121956885368906,1.7265138503815158,1.404494382022472
Premier_League,2008,Hull,"[1, 0, 1, 1, 1, 1, 1, 0, 0, 0, 1, 0, 0, 0, 0, 0, 0, 0, 0, 1, 0, 0, 0, 0, 0, 0, 0]",27,14,13,8,7,1,14.886088999921519,123.85463043407195,46.90431519699813
Premier_League,2008,Liverpool,"[1, 1, 1, 1, 1, 1, 1, 1, 0, 1, 1, 1, 1, 1, 1, 1, 0, 1, 1, 1, 1, 1, 1, 1, 1, 1, 1]",27,14,13,25,13,12,1.5815225649569464,2.0908247390999124,1.3386880856760375
Premier_League,2008,Man City,"[0, 1, 1, 0, 1, 0, 0, 1, 0, 0, 0, 1, 0, 0, 0, 1, 1, 1, 0, 1, 0, 0, 1, 0, 1, 0, 0, 1, 1, 1, 0, 0, 1]",33,17,16,15,7,8,1.3661355505795445,1.4398117926016152,1.2422360248447204
Premier_League,2008,Man United,"[1, 0, 1, 1, 1, 1, 1, 0, 1, 1, 1, 1, 1, 1, 1, 1, 1, 1, 1, 1, 1, 1, 0, 0, 1, 1, 1, 1, 1, 1, 1, 1]",32,16,16,28,14,14,1.6338126400690434,2.0,1.443001443001443
Premier_League,2008,Middlesbrough,"[1, 0, 1, 0, 0, 0, 1, 0, 1, 1, 0, 0, 0, 0, 0, 0, 0, 0, 1, 0, 0, 0, 1, 0, 0, 0, 0]",27,14,13,7,5,2,3.275052459136128,8.755765206813042,4.504504504504505
Premier_League,2008,Newcastle,"[1, 0, 0, 0, 0, 0, 1, 1, 0, 1, 1, 0, 0, 0, 0, 1, 0, 0, 0, 0, 0, 0, 1, 0, 0]",25,13,12,7,5,2,3.2926615611315295,8.877048632583316,4.237288135593221
Premier_League,2008,Portsmouth,"[0, 0, 1, 1, 0, 1, 1, 0, 0, 1, 1, 0, 0, 0, 0, 0, 0, 0, 1, 0, 1, 1, 0, 0, 0, 1, 0]",27,14,13,10,6,4,2.2799905565484173,3.8777810582059935,2.4390243902439024
Premier_League,2008,Stoke,"[0, 1, 0, 0, 0, 0, 1, 0, 1, 1, 0, 1, 0, 0, 0, 0, 0, 1, 0, 1, 0, 1, 1, 1, 0, 0, 1, 1, 0]",29,15,14,12,5,7,1.214734340436965,1.2213665586351092,1.1074197120708749
Premier_League,2008,Sunderland,"[0, 1, 0, 1, 0, 1, 0, 0, 0, 1, 0, 0, 0, 1, 1, 0, 0, 1, 1, 0, 0, 0, 0, 0, 1, 0, 0, 0, 0]",29,15,14,9,6,3,3.0836058245481537,7.141884251888991,4.291845493562231
Premier_League,2008,Tottenham,"[0, 0, 0, 0, 0, 0, 1, 1, 1, 0, 1, 0, 1, 0, 0, 0, 1, 0, 1, 1, 1, 1, 0, 1, 1, 0, 1, 1, 0]",29,15,14,14,5,9,1.0758230970182174,1.050170242609728,1.0214504596527068
Premier_League,2008,West Brom,"[0, 0, 1, 0, 1, 1, 0, 0, 0, 0, 0, 0, 0, 0, 1, 0, 1, 0, 1, 0, 0, 0, 0, 0, 0, 0, 1, 0, 1, 0]",30,15,15,8,4,4,1.5862804490834466,2.0,1.4619883040935673
Premier_League,2008,West Ham,"[1, 0, 1, 0, 1, 1, 0, 0, 0, 0, 0, 1, 0, 0, 1, 1, 1, 1, 0, 0, 1, 1, 1, 0, 0, 1, 0, 0, 1]",29,15,14,14,6,8,1.2136503743554463,1.2164843668925804,1.1098779134295227
Premier_League,2008,Wigan,"[0, 0, 1, 1, 0, 0, 0, 0, 1, 1, 1, 0, 1, 1, 1, 1, 0, 0, 0, 0, 1, 1, 0, 0, 0, 0, 0, 0, 1]",29,15,14,12,8,4,4.083455123877158,11.358749492184556,5.405405405405405
Premier_League,2009,Arsenal,"[1, 1, 0, 0, 1, 1, 1, 1, 1, 1, 0, 0, 1, 1, 1, 1, 1, 1, 1, 0, 0, 1, 1, 1, 1, 1, 1, 1, 0, 0, 0, 1]",32,16,16,23,12,11,2.0691409914532803,2.881065531983058,2.1186440677966103
Premier_League,2009,Aston Villa,"[0, 1, 1, 1, 1, 0, 1, 0, 1, 1, 1, 1, 1, 0, 0, 1, 1, 1, 0, 1, 1, 1, 1, 0, 0]",25,13,12,17,10,7,3.023293595710204,6.259805731294259,4.11522633744856
Premier_League,2009,Birmingham,"[0, 1, 0, 0, 1, 0, 0, 0, 1, 1, 1, 1, 1, 1, 1, 0, 1, 0, 0, 1, 1, 0, 0, 0, 0, 1, 0]",27,14,13,13,8,5,2.9523787926769582,6.029675402422016,3.4364261168384878
Premier_League,2009,Blackburn,"[0, 0, 1, 0, 1, 0, 1, 0, 0, 1, 1, 0, 0, 0, 0, 1, 1, 0, 1, 1, 0, 0, 1, 1, 0, 1, 1]",27,14,13,13,5,8,1.1191361179045518,1.0986839253964997,1.027749229188078
Premier_League,2009,Bolton,"[0, 0, 0, 1, 1, 0, 1, 0, 0, 0, 0, 1, 0, 0, 1, 0, 0, 0, 1, 1, 0, 1, 0, 0, 0, 0, 1, 0, 1]",29,15,14,10,5,5,1.5243442158298037,1.8063123857418013,1.447178002894356
Premier_League,2009,Burnley,"[0, 1, 1, 0, 0, 1, 0, 1, 0, 0, 1, 0, 0, 0, 0, 0, 0, 0, 1, 0, 0, 0, 0, 0, 0, 0, 0, 1, 0, 0, 0, 1]",32,16,16,8,5,3,2.4692143901991512,4.828396632130076,2.8328611898016995
Premier_League,2009,Chelsea,"[1, 1, 1, 1, 1, 1, 0, 1, 0, 1, 1, 1, 1, 1, 0, 1, 1, 1, 1, 1, 1, 0, 1, 0, 1, 1, 1, 1, 1, 0, 1, 1, 1]",33,17,16,27,14,13,1.7321654515180742,2.14002566924764,1.550387596899225
Premier_League,2009,Everton,"[0, 0, 1, 0, 1, 1, 0, 1, 0, 0, 0, 1, 1, 1, 1, 0, 1, 1, 0, 1, 1, 1, 1, 1, 1]",25,13,12,16,6,10,1.0379886622278,1.027223895953547,1.0070493454179255
Premier_League,2009,Fulham,"[1, 0, 0, 1, 0, 0, 1, 1, 0, 1, 1, 1, 0, 0, 0, 0, 0, 1, 1, 1, 0, 0, 0, 1, 0, 1, 0, 0]",28,14,14,12,7,5,2.5063847919407776,4.494293967166614,2.7777777777777777
Premier_League,2009,Hull,"[0, 0, 1, 0, 0, 0, 1, 0, 0, 1, 1, 0, 0, 0, 0, 1, 0, 0, 0, 0, 0, 1, 0, 0, 0, 0]",26,13,13,6,4,2,2.5408985452370243,5.683759506913711,3.225806451612903
Premier_League,2009,Liverpool,"[0, 1, 0, 1, 1, 1, 1, 0, 0, 1, 0, 1, 0, 1, 0, 1, 1, 1, 1, 1, 0, 1, 0, 1, 0, 1, 1, 1, 0]",29,15,14,18,8,10,1.1897484842078312,1.1873622442485658,1.0976948408342482
Premier_League,2009,Man City,"[1, 1, 1, 1, 0, 1, 1, 0, 1, 1, 1, 1, 0, 1, 0, 1, 1, 1, 0, 1, 1, 1, 0, 1, 0]",25,13,12,18,10,8,2.2463342016918695,3.5195074581232078,2.202643171806167
Premier_League,2009,Man United,"[1, 0, 1, 1, 1, 1, 1, 1, 0, 1, 0, 1, 1, 1, 0, 1, 0, 1, 1, 1, 1, 1, 1, 0, 1, 1, 1, 1, 1, 0, 1, 1, 1, 1]",34,17,17,27,12,15,1.1203310993216036,1.1131051986617722,1.0471204188481675
Premier_League,2009,Portsmouth,"[0, 0, 0, 0, 0, 0, 0, 1, 0, 1, 0, 0, 0, 1, 0, 1, 0, 0, 0, 0, 0, 0, 1, 0, 0, 1, 0, 0, 0, 1, 0]",31,16,15,7,4,3,1.8158189092996895,2.7051432076543205,1.9267822736030829
Premier_League,2009,Stoke,"[1, 0, 1, 0, 0, 1, 1, 0, 1, 0, 0, 0, 0, 1, 1, 1, 0, 0, 1, 1, 0, 0, 1, 0]",24,12,12,11,5,6,1.3895210785133645,1.5175032530974257,1.2422360248447204
Premier_League,2009,Sunderland,"[1, 0, 1, 0, 1, 0, 1, 1, 0, 0, 1, 0, 0, 0, 0, 0, 0, 0, 1, 1, 0, 1, 0, 1, 1, 0, 0]",27,14,13,11,6,5,1.8100308448907698,2.4499781008658434,1.7123287671232876
Premier_League,2009,Tottenham,"[1, 1, 1, 1, 0, 0, 1, 1, 0, 0, 1, 1, 0, 1, 1, 1, 0, 1, 0, 1, 1, 1, 1, 1, 0, 1, 1, 0, 1, 1, 0]",31,16,15,21,11,10,1.7830201103701138,2.2189871038353384,1.663893510815308
Premier_League,2009,West Ham,"[1, 0, 0, 0, 0, 0, 1, 0, 1, 0, 0, 0, 1, 0, 0, 1, 1, 0, 0, 0, 0, 0, 0, 1, 0, 1, 0]",27,14,13,8,4,4,1.5028513556869714,1.819094957669333,1.3966480446927374
Premier_League,2009,Wigan,"[1, 0, 0, 0, 1, 0, 1, 0, 1, 0, 0, 1, 0, 0, 0, 1, 0, 0, 0, 0, 1, 0, 0, 1, 0, 0, 1, 0, 0]",29,15,14,9,5,4,1.8171642779963417,2.5582213856154716,1.8552875695732838
Premier_League,2009,Wolves,"[0, 1, 0, 0, 1, 0, 0, 0, 0, 0, 1, 1, 0, 1, 0, 0, 0, 0, 1, 0, 0, 0, 1, 1, 0, 0, 1]",27,14,13,9,5,4,1.8114671956806268,2.5466317660905053,1.858736059479554
Premier_League,2010,Arsenal,"[1, 1, 1, 0, 0, 1, 1, 1, 0, 1, 1, 0, 1, 1, 0, 1, 1, 1, 1, 1, 1, 1, 1, 0, 1, 0, 0]",27,14,13,19,10,9,1.7612042304154774,2.22085967034325,1.6611295681063123
Premier_League,2010,Aston Villa,"[1, 0, 1, 0, 1, 0, 0, 1, 0, 0, 0, 1, 0, 0, 0, 1, 1, 0, 1, 0, 0, 1, 1, 0, 1, 1]",26,13,13,12,5,7,1.2530304227800353,1.275023464644205,1.1235955056179776
Premier_League,2010,Birmingham,"[1, 0, 0, 0, 1, 0, 1, 0, 0, 1, 0, 1, 1, 0, 0, 0, 1, 1, 0, 0, 0, 0, 0]",23,12,11,8,5,3,2.3169831150268667,4.263807401259858,2.5380710659898478
Premier_League,2010,Blackburn,"[1, 0, 0, 1, 0, 0, 0, 1, 1, 0, 1, 0, 1, 0, 0, 1, 0, 1, 0, 1, 0, 0, 0, 0, 0, 0, 1, 1]",28,14,14,11,6,5,1.9683259886695428,2.862086060341679,1.976284584980237
Premier_League,2010,Blackpool,"[1, 0, 1, 0, 0, 1, 0, 0, 1, 0, 1, 1, 1, 0, 0, 1, 0, 0, 0, 0, 0, 1, 0, 0, 0, 0, 0, 1, 0]",29,15,14,10,7,3,4.298108362791285,13.067995015264994,6.664889362836577
Premier_League,2010,Bolton,"[1, 0, 1, 0, 1, 1, 1, 0, 1, 0, 1, 0, 0, 0, 0, 1, 0, 1, 1, 0, 0, 1, 1, 0, 0, 0, 0, 0]",28,14,14,12,7,5,2.5063847919407776,4.494293967166614,3.134796238244514
Premier_League,2010,Chelsea,"[1, 1, 1, 1, 1, 0, 1, 1, 1, 0, 1, 0, 0, 0, 1, 0, 1, 1, 1, 0, 1, 1, 1, 1, 1, 1, 1, 1, 0, 0]",30,15,15,21,10,11,1.4222079174897297,1.5271002992542166,1.2453300124533002
Premier_League,2010,Everton,"[0, 0, 0, 1, 1, 1, 0, 0, 1, 0, 1, 0, 1, 0, 1, 1, 1, 1, 1, 0, 1, 0, 1]",23,12,11,13,5,8,1.085787923903219,1.0714369991837749,1.0204081632653061
Premier_League,2010,Fulham,"[1, 0, 0, 1, 0, 0, 0, 0, 1, 0, 1, 1, 0, 1, 1, 0, 1, 0, 1, 1, 0, 1]",22,11,11,11,4,7,1.1277533039647578,1.1116206796951165,1.0515247108307044
Premier_League,2010,Liverpool,"[0, 1, 0, 0, 0, 1, 1, 1, 0, 1, 0, 1, 0, 0, 1, 0, 0, 1, 1, 1, 1, 0, 1, 1, 0, 1, 1, 1, 1, 0, 0]",31,16,15,17,7,10,1.1336617836420047,1.1111665162585505,1.037344398340249
Premier_League,2010,Man City,"[1, 0, 1, 1, 1, 1, 0, 0, 1, 1, 1, 1, 0, 1, 1, 1, 1, 0, 1, 0, 1, 0, 1, 0, 1, 1, 0, 1, 1, 1]",30,15,15,21,11,10,2.063945400892388,2.897172134819273,1.968503937007874
Premier_League,2010,Man United,"[1, 1, 1, 1, 1, 1, 1, 1, 1, 1, 1, 1, 1, 1, 1, 0, 1, 1, 0, 0, 1, 1, 1, 1, 0, 1, 1]",27,14,13,23,14,9,8.779729220955149,81.53715640163713,24.826216484607745
Premier_League,2010,Newcastle,"[0, 1, 0, 1, 0, 0, 1, 1, 1, 0, 0, 0, 1, 0, 0, 1, 1, 0, 1, 0, 0, 1, 0, 0, 1]",25,13,12,11,6,5,1.8011572900901784,2.4350205521816366,1.7421602787456445
Premier_League,2010,Stoke,"[0, 0, 0, 1, 1, 1, 0, 0, 0, 0, 1, 1, 1, 0, 1, 0, 1, 0, 1, 0, 0, 1, 0, 0, 0, 1, 0, 1, 1, 0, 0]",31,16,15,13,7,6,1.8212226163167817,2.4023004238720205,1.7985611510791366
Premier_League,2010,Sunderland,"[0, 1, 1, 0, 1, 1, 0, 1, 1, 0, 0, 1, 1, 1, 0, 0, 0, 0, 0, 0, 0, 0, 1, 0, 1, 0, 1]",27,14,13,12,9,3,10.022991290418943,63.88124363639353,26.253609871357312
Premier_League,2010,Tottenham,"[1, 0, 1, 0, 1, 1, 0, 0, 1, 1, 1, 1, 1, 1, 0, 1, 1, 1, 0, 1, 0, 0, 1, 1]",24,12,12,16,8,8,1.6476491652327578,2.0,1.485884101040119
Premier_League,2010,West Brom,"[0, 1, 0, 1, 1, 1, 0, 0, 0, 0, 1, 1, 0, 0, 0, 0, 0, 1, 0, 0, 1, 1, 1, 0, 1, 0, 1]",27,14,13,12,6,6,1.5175105332061893,1.759386916159739,1.3966480446927374
Premier_League,2010,West Ham,"[0, 0, 0, 0, 1, 0, 0, 0, 1, 0, 0, 1, 1, 0, 0, 1, 0, 1, 1, 0, 0, 0, 0, 0, 0, 0]",26,13,13,7,4,3,1.9231719424486764,3.0377264526688803,1.9455252918287937
Premier_League,2010,Wigan,"[0, 0, 1, 0, 1, 0, 0, 1, 0, 0, 1, 0, 0, 0, 1, 0, 0, 1, 0, 1, 0, 1, 1]",23,12,11,9,4,5,1.294771086918406,1.3810708078069203,1.1778563015312131
Premier_League,2010,Wolves,"[1, 0, 0, 0, 0, 0, 1, 0, 0, 0, 0, 1, 0, 1, 0, 1, 0, 1, 0, 0, 0, 1, 0, 1, 1, 0, 0, 0, 1, 1, 0]",31,16,15,11,5,6,1.3478391270096877,1.4397425854163357,1.2391573729863692
Premier_League,2011,Arsenal,"[0, 0, 1, 0, 1, 0, 1, 1, 1, 1, 1, 1, 1, 0, 1, 1, 0, 0, 0, 1, 1, 1, 1, 1, 1, 1, 0, 1, 1, 0, 1]",31,16,15,21,11,10,1.7830201103701138,2.2189871038353384,1.6501650165016502
Premier_League,2011,Aston Villa,"[1, 1, 0, 0, 1, 0, 0, 1, 0, 0, 1, 0, 1, 0, 0, 1, 0, 0, 0, 0, 0]",21,11,10,7,5,2,3.342900815217388,9.236927206164427,4.366812227074236
Premier_League,2011,Blackburn,"[0, 0, 0, 1, 0, 0, 0, 0, 0, 1, 0, 0, 0, 1, 0, 1, 0, 0, 1, 0, 1, 1, 0, 0, 0, 0, 0, 1, 0, 0, 0]",31,16,15,8,4,4,1.5161054609588012,1.8443340688822452,1.485884101040119
Premier_League,2011,Bolton,"[1, 0, 0, 0, 0, 0, 0, 1, 0, 0, 1, 0, 0, 0, 0, 0, 1, 0, 1, 0, 1, 0, 0, 0, 0, 1, 1, 1, 0, 0, 1, 0]",32,16,16,10,3,7,1.1010830961100733,1.0678766015783263,1.0266940451745379
Premier_League,2011,Chelsea,"[1, 1, 1, 0, 1, 1, 1, 0, 0, 1, 0, 1, 1, 1, 0, 1, 1, 0, 1, 0, 1, 0, 1, 1, 1, 0, 0, 1]",28,14,14,18,10,8,2.623469456875555,4.648755263783788,2.7777777777777777
Premier_League,2011,Everton,"[0, 1, 1, 0, 0, 0, 1, 0, 0, 1, 1, 0, 0, 1, 1, 0, 0, 1, 1, 1, 0, 0, 1, 1, 1, 1, 1]",27,14,13,15,6,9,1.1108279912740078,1.0918230694676767,1.0341261633919339
Premier_League,2011,Fulham,"[0, 0, 1, 0, 0, 1, 0, 1, 0, 1, 0, 1, 0, 1, 0, 1, 1, 1, 0, 0, 0, 1, 1, 1, 0, 1, 1, 0]",28,14,14,14,6,8,1.2689954302532724,1.2900660638831267,1.1261261261261262
Premier_League,2011,Liverpool,"[1, 1, 0, 0, 1, 1, 1, 1, 0, 1, 1, 1, 0, 0, 1, 0, 0, 0, 1, 0, 0, 0, 1, 0, 1, 0, 1, 0]",28,14,14,14,9,5,4.71753527209905,15.317452113908853,7.835148476063622
Premier_League,2011,Man City,"[1, 1, 1, 1, 1, 1, 1, 1, 1, 1, 1, 1, 0, 1, 1, 0, 1, 1, 1, 0, 1, 1, 1, 1, 0, 1, 0, 1, 1, 1, 1, 1, 1]",33,17,16,28,15,13,2.2444940360427394,3.4725730451185077,2.2831050228310503
Premier_League,2011,Man United,"[1, 1, 1, 1, 1, 1, 0, 1, 1, 1, 1, 1, 1, 1, 1, 0, 0, 1, 1, 1, 1, 1, 1, 1, 1, 1, 1, 1, 0, 1, 0, 1, 1]",33,17,16,28,14,14,1.3856886359912752,1.5154299599902785,1.2150668286755772
Premier_League,2011,Newcastle,"[1, 1, 1, 1, 1, 1, 1, 0, 0, 0, 0, 1, 0, 1, 1, 0, 1, 1, 0, 0, 1, 1, 1, 1, 1, 1, 0, 1, 0, 0]",30,15,15,19,10,9,2.0399492326749757,2.837740117733257,2.0661157024793386
Premier_League,2011,Norwich,"[0, 0, 1, 1, 0, 1, 0, 0, 1, 0, 1, 0, 1, 1, 0, 1, 1, 0, 0, 0, 1, 0, 1, 0, 0, 0, 1]",27,14,13,12,7,5,2.2576231382650804,3.659049460573796,2.3980815347721824
Premier_League,2011,QPR,"[0, 1, 0, 1, 0, 1, 0, 0, 1, 0, 0, 0, 0, 0, 0, 0, 1, 0, 0, 0, 0, 1, 0, 1, 0, 1, 0, 1, 0, 1, 0]",31,16,15,10,4,6,1.216497445211547,1.2284627322488924,1.0905125408942202
Premier_League,2011,Stoke,"[1, 1, 0, 0, 1, 0, 0, 0, 0, 1, 1, 1, 1, 0, 1, 0, 0, 0, 0, 1, 1, 0, 0, 1, 0, 0]",26,13,13,11,7,4,3.426605806796671,8.557874164771274,4.878048780487805
Premier_League,2011,Sunderland,"[0, 0, 1, 0, 0, 1, 0, 0, 0, 1, 0, 1, 1, 1, 0, 1, 1, 1, 0, 0, 1, 0, 1, 0, 0, 0]",26,13,13,11,5,6,1.398057804285396,1.5283489660964467,1.2755102040816326
Premier_League,2011,Swansea,"[0, 0, 1, 0, 1, 0, 1, 0, 0, 1, 0, 1, 1, 0, 1, 0, 0, 1, 1, 1, 0, 0, 0, 0, 1, 0, 1]",27,14,13,12,6,6,1.5175105332061893,1.759386916159739,1.408450704225352
Premier_League,2011,Tottenham,"[0, 0, 1, 1, 1, 1, 1, 1, 1, 1, 1, 1, 0, 1, 1, 1, 1, 0, 1, 1, 0, 0, 0, 1, 0, 0, 1, 1, 1]",29,15,14,20,12,8,4.060403547956142,10.88867867560566,5.813953488372093
Premier_League,2011,West Brom,"[0, 0, 0, 1, 0, 1, 1, 0, 0, 1, 0, 0, 1, 1, 0, 0, 0, 1, 0, 1, 1, 1, 0, 0, 0, 1, 0, 1, 1, 0]",30,15,15,13,6,7,1.426420240978409,1.553454308643979,1.3003901170351104
Premier_League,2011,Wigan,"[1, 0, 0, 0, 0, 0, 0, 0, 0, 1, 0, 1, 0, 0, 0, 0, 0, 1, 0, 1, 1, 0, 1, 1, 0, 1, 1, 1]",28,14,14,11,3,8,1.0548851444488196,1.0272314659787647,1.0101010101010102
Premier_League,2011,Wolves,"[1, 1, 0, 0, 0, 0, 0, 0, 1, 0, 0, 1, 0, 0, 0, 0, 0, 1, 0, 0, 0, 0, 0, 0, 0, 0, 0, 0]",28,14,14,5,4,1,3.8838962667037493,14.410079610760041,6.0606060606060606
Premier_League,2012,Arsenal,"[1, 1, 0, 1, 0, 1, 0, 1, 0, 1, 1, 1, 1, 0, 0, 1, 1, 1, 1, 0, 1, 1, 1, 1, 1, 1, 1, 1]",28,14,14,21,9,12,1.1123079199226675,1.1052351064558052,1.037344398340249
Premier_League,2012,Aston Villa,"[0, 0, 1, 0, 0, 0, 1, 0, 0, 1, 1, 0, 0, 0, 0, 0, 1, 0, 0, 1, 1, 0, 1, 0, 1, 1, 0]",27,14,13,10,4,6,1.199206116920428,1.2080967587926457,1.0940919037199124
Premier_League,2012,Chelsea,"[1, 1, 1, 1, 1, 1, 1, 0, 0, 0, 1, 1, 1, 1, 0, 1, 1, 0, 1, 0, 1, 1, 0, 1, 1, 1, 1, 1, 1]",29,15,14,22,11,11,1.4423529422195214,1.5896412206283879,1.2755102040816326
Premier_League,2012,Everton,"[1, 1, 0, 1, 1, 1, 0, 1, 1, 1, 0, 1, 1, 0, 0, 1, 1, 1, 1, 0, 1, 1, 0]",23,12,11,16,9,7,2.2563325012552156,3.609520895309934,2.331002331002331
Premier_League,2012,Fulham,"[1, 0, 0, 1, 1, 0, 1, 0, 0, 0, 1, 0, 0, 0, 1, 0, 1, 0, 1, 1, 1, 0, 0, 0, 0, 0, 0, 1]",28,14,14,11,5,6,1.4047185470557153,1.5370321067848536,1.321003963011889
Premier_League,2012,Liverpool,"[0, 0, 0, 1, 1, 1, 0, 1, 1, 0, 1, 0, 1, 1, 0, 1, 0, 1, 1, 1, 0, 1, 1, 1, 1]",25,13,12,16,7,9,1.1563562930015143,1.1567034966686496,1.0615711252653928
Premier_League,2012,Man City,"[1, 1, 1, 1, 1, 1, 1, 1, 1, 0, 1, 1, 0, 1, 1, 1, 1, 0, 1, 1, 0, 1, 1, 1, 0, 1, 1, 1, 0]",29,15,14,23,13,10,3.070132652406014,6.422501078608916,3.5714285714285716
Premier_League,2012,Man United,"[0, 1, 1, 1, 1, 0, 1, 1, 1, 1, 1, 0, 1, 1, 1, 1, 1, 1, 1, 1, 1, 1, 1, 1, 1, 1, 1, 1, 0, 1, 1, 0, 1]",33,17,16,28,14,14,1.3856886359912752,1.5154299599902785,1.1820330969267139
Premier_League,2012,Newcastle,"[1, 0, 1, 0, 1, 0, 0, 0, 0, 1, 0, 0, 1, 0, 0, 0, 0, 1, 1, 0, 1, 0, 1, 0, 0, 1, 0, 0, 1, 0]",30,15,15,11,5,6,1.4100571929439547,1.5441465800036185,1.2987012987012987
Premier_League,2012,Norwich,"[0, 0, 0, 0, 1, 1, 1, 1, 1, 1, 0, 0, 0, 0, 0, 1, 0, 0, 0, 1, 0, 0, 1, 1]",24,12,12,10,6,4,2.5534582227681693,4.906459000638238,2.9069767441860463
Premier_League,2012,QPR,"[0, 0, 0, 0, 0, 0, 0, 0, 0, 1, 0, 0, 0, 1, 0, 0, 1, 1, 0, 0, 0, 0, 0, 0, 0]",25,13,12,4,1,3,1.1253258519008256,1.1352481271084158,1.0526315789473684
Premier_League,2012,Reading,"[0, 0, 0, 0, 1, 0, 0, 0, 0, 0, 0, 0, 1, 0, 1, 1, 1, 0, 0, 0, 0, 0, 0, 0, 0, 1, 0, 0]",28,14,14,6,2,4,1.19392127873262,1.2172716140370454,1.0787486515641855
Premier_League,2012,Southampton,"[0, 0, 0, 0, 1, 0, 0, 0, 0, 1, 1, 0, 1, 0, 1, 0, 1, 0, 0, 1, 1, 1, 0, 0]",24,12,12,9,3,6,1.133480333139697,1.1147670582566984,1.0593220338983051
Premier_League,2012,Stoke,"[0, 1, 0, 0, 1, 1, 1, 1, 1, 0, 0, 0, 0, 1, 0, 0, 0, 0, 0, 0, 1, 1, 0]",23,12,11,9,6,3,3.1524310523127923,7.558906938085354,3.8910505836575875
Premier_League,2012,Sunderland,"[1, 0, 0, 0, 1, 0, 0, 0, 1, 0, 1, 1, 0, 0, 1, 1, 0, 0, 0, 0, 0, 0, 1, 1, 0, 0]",26,13,13,9,5,4,1.9517684369333521,2.9404417872016517,1.9083969465648856
Premier_League,2012,Swansea,"[1, 1, 0, 0, 0, 1, 0, 1, 1, 1, 0, 0, 1, 1, 0, 1, 0, 1, 0, 0, 0, 0, 1, 0, 0]",25,13,12,11,7,4,3.033829299860689,6.623806683184078,3.8461538461538463
Premier_League,2012,Tottenham,"[0, 1, 1, 1, 1, 0, 1, 0, 0, 0, 1, 1, 1, 0, 1, 1, 1, 1, 1, 1, 1, 1, 0, 0, 1, 1, 1, 1, 1]",29,15,14,21,9,12,1.0741654582844626,1.0647206094192052,1.0266940451745379
Premier_League,2012,West Brom,"[1, 1, 0, 1, 1, 0, 0, 1, 1, 1, 1, 0, 0, 0, 1, 1, 0, 0, 0, 0, 0, 1, 1, 0, 1, 0, 0, 1, 0, 0, 0]",31,16,15,14,10,4,8.481570070008695,44.32064260608884,20.70822116380203
Premier_League,2012,West Ham,"[1, 0, 1, 1, 0, 1, 0, 1, 0, 0, 1, 0, 0, 0, 1, 0, 0, 0, 1, 0, 0, 1, 0, 1, 1, 0, 0, 1]",28,14,14,12,6,6,1.6379481654980252,2.0,1.615508885298869
Premier_League,2012,Wigan,"[0, 1, 0, 0, 0, 0, 1, 1, 0, 0, 1, 0, 0, 0, 0, 0, 1, 0, 0, 0, 1, 0, 1, 1, 0, 0, 1, 0, 0]",29,15,14,9,4,5,1.3267542937818892,1.4272484050108833,1.1933174224343674
Premier_League,2013,Arsenal,"[0, 1, 1, 1, 1, 1, 1, 1, 1, 0, 1, 1, 1, 0, 1, 1, 1, 1, 1, 1, 0, 1, 0, 1, 0, 0, 1, 1, 1, 1, 1]",31,16,15,24,13,11,2.2257622232100682,3.3427568975870385,2.1231422505307855
Premier_League,2013,Aston Villa,"[1, 0, 0, 0, 1, 1, 0, 0, 1, 1, 0, 0, 0, 0, 1, 0, 1, 0, 0, 0, 1, 1, 0, 0, 0, 0, 0, 1, 0, 0]",30,15,15,10,6,4,2.4748506697611243,4.5601919865237965,3.058103975535168
Premier_League,2013,Cardiff,"[0, 1, 0, 1, 0, 0, 1, 0, 0, 0, 1, 0, 0, 0, 0, 0, 0, 1, 0, 0, 0, 1, 0, 0, 0, 1, 0, 0, 0]",29,15,14,7,4,3,1.8120484192171662,2.695946560408866,1.7543859649122806
Premier_League,2013,Chelsea,"[1, 1, 0, 1, 1, 1, 1, 0, 1, 1, 1, 0, 1, 1, 1, 1, 1, 1, 1, 1, 1, 1, 1, 0, 1, 0, 1, 1, 0, 1, 1]",31,16,15,25,13,12,1.7319403675500633,2.150885509061355,1.567398119122257
Premier_League,2013,Crystal Palace,"[0, 0, 1, 0, 0, 0, 0, 0, 0, 0, 1, 0, 1, 1, 0, 0, 1, 0, 0, 1, 1, 0, 1, 0, 0, 0, 1, 1, 1, 1, 1, 0]",32,16,16,13,4,9,1.0691559560908022,1.037296180137538,1.0131712259371835
Premier_League,2013,Everton,"[1, 1, 1, 0, 1, 1, 1, 1, 1, 1, 0, 1, 1, 0, 1, 0, 0, 1, 1, 1, 1, 1, 1, 1, 0, 1, 0, 0, 1]",29,15,14,21,12,9,2.960677196808087,5.812522545340308,3.7735849056603774
Premier_League,2013,Fulham,"[1, 0, 0, 0, 0, 1, 1, 0, 0, 0, 0, 0, 0, 1, 0, 0, 1, 0, 1, 0, 0, 0, 0, 0, 0, 0, 1, 0, 0, 1, 1, 0, 0]",33,17,16,9,5,4,1.826072375116226,2.5769701834619956,1.9083969465648856
Premier_League,2013,Hull,"[0, 1, 0, 1, 1, 0, 0, 1, 0, 0, 1, 0, 0, 1, 0, 0, 0, 0, 1, 0, 1, 0, 0, 1, 0, 0, 1, 0, 0, 0, 0]",31,16,15,10,6,4,2.277106407302008,3.8532421201033102,2.6455026455026456
Premier_League,2013,Liverpool,"[1, 1, 1, 0, 1, 1, 1, 0, 1, 0, 1, 1, 1, 1, 0, 0, 1, 1, 1, 1, 1, 1, 1, 1, 1, 1, 1, 1, 1, 1, 0, 1]",32,16,16,26,11,15,1.0374222121779535,1.0362916254181271,1.0050251256281406
Premier_League,2013,Man City,"[1, 0, 1, 1, 0, 1, 1, 0, 1, 0, 1, 1, 1, 1, 1, 1, 1, 1, 1, 1, 1, 0, 1, 1, 1, 1, 1, 0, 1, 1, 1, 1, 1]",33,17,16,27,13,14,1.2250584642966895,1.259171243948532,1.1049723756906078
Premier_League,2013,Man United,"[1, 0, 1, 0, 0, 1, 1, 1, 1, 0, 0, 1, 1, 1, 1, 0, 1, 0, 1, 0, 1, 1, 0, 1, 0, 1, 1, 0, 1, 0, 1]",31,16,15,19,10,9,1.7978820450629376,2.2562155527070686,1.6920473773265652
Premier_League,2013,Newcastle,"[0, 1, 1, 0, 0, 1, 0, 1, 1, 1, 1, 0, 1, 1, 1, 0, 0, 0, 1, 0, 0, 0, 1, 1, 0, 1, 0, 0, 0, 0, 0, 0, 1, 0]",34,17,17,15,10,5,6.076255277324689,23.76102529945391,11.971746677840297
Premier_League,2013,Norwich,"[0, 1, 0, 0, 1, 0, 0, 0, 1, 0, 1, 0, 1, 0, 0, 0, 1, 0, 0, 1, 0, 0, 1, 0, 0, 0, 0, 0, 0]",29,15,14,8,5,3,2.312646433765005,4.22367554689059,2.506265664160401
Premier_League,2013,Southampton,"[1, 0, 1, 1, 1, 1, 1, 0, 0, 0, 0, 1, 0, 0, 1, 1, 1, 0, 0, 1, 1, 0, 1, 0, 0, 1, 1]",27,14,13,15,7,8,1.316508931008271,1.3760742381167328,1.183431952662722
Premier_League,2013,Stoke,"[0, 1, 1, 0, 0, 0, 0, 1, 0, 1, 1, 0, 0, 0, 0, 0, 1, 0, 1, 1, 1, 1, 0, 1, 0, 1, 1]",27,14,13,13,5,8,1.1191361179045518,1.0986839253964997,1.0341261633919339
Premier_League,2013,Sunderland,"[0, 0, 0, 0, 0, 0, 0, 1, 0, 1, 0, 0, 0, 1, 0, 1, 1, 1, 0, 0, 0, 0, 0, 0, 0, 1, 1, 1, 1, 0]",30,15,15,10,3,7,1.0967697479454057,1.0645858982458871,1.0298661174047374
Premier_League,2013,Swansea,"[0, 0, 1, 1, 0, 0, 1, 0, 1, 0, 1, 0, 0, 0, 0, 0, 1, 0, 1, 0, 0, 0, 1, 0, 0, 1, 1, 0, 1]",29,15,14,11,5,6,1.3381468479420802,1.4258931511871338,1.2195121951219512
Premier_League,2013,Tottenham,"[1, 1, 0, 1, 1, 0, 1, 1, 0, 0, 1, 1, 0, 1, 1, 1, 1, 1, 0, 1, 1, 0, 1, 0, 0, 1, 0, 1, 1, 1, 0, 1]",32,16,16,21,11,10,2.046084089127887,2.8178989916434563,2.0
Premier_League,2013,West Brom,"[0, 0, 1, 1, 0, 1, 0, 0, 0, 0, 1, 0, 0, 0, 0, 1, 0, 1, 0, 1, 0, 0, 0]",23,12,11,7,4,3,1.7959676272013094,2.6583380892469943,1.8691588785046729
Premier_League,2013,West Ham,"[1, 0, 0, 0, 1, 0, 0, 0, 1, 0, 0, 0, 0, 0, 1, 0, 1, 1, 1, 1, 0, 0, 0, 1, 1, 0, 0, 0, 0, 1, 0]",31,16,15,11,4,7,1.13799765185277,1.1158677033977469,1.0559662090813093
Premier_League,2014,Arsenal,"[1, 1, 0, 1, 1, 0, 0, 1, 1, 0, 1, 1, 1, 0, 1, 1, 1, 0, 1, 1, 1, 1, 1, 1, 1, 1, 1, 0, 1]",29,15,14,22,10,12,1.1287348262605967,1.1305757742961293,1.0482180293501049
Premier_League,2014,Aston Villa,"[1, 1, 1, 0, 0, 0, 0, 0, 0, 1, 1, 0, 0, 0, 0, 0, 0, 0, 0, 0, 1, 1, 0, 0, 1, 0, 1, 1, 0, 0]",30,15,15,10,5,5,1.6171499702466807,2.0,1.5105740181268883
Premier_League,2014,Burnley,"[0, 0, 0, 0, 0, 0, 1, 1, 0, 1, 0, 0, 1, 0, 0, 0, 0, 0, 1, 0, 0, 0, 0, 0, 1, 1]",26,13,13,7,4,3,1.9231719424486764,3.0377264526688803,2.0202020202020203
Premier_League,2014,Chelsea,"[1, 1, 1, 1, 1, 1, 1, 1, 1, 1, 1, 0, 1, 1, 1, 0, 1, 1, 1, 1, 1, 1, 1, 1, 1, 1, 1, 0, 1]",29,15,14,26,14,12,2.30952040080343,3.993591197600572,2.0242914979757085
Premier_League,2014,Crystal Palace,"[0, 0, 1, 1, 0, 0, 0, 0, 1, 0, 0, 0, 1, 1, 0, 1, 0, 1, 0, 1, 1, 1, 1, 0, 0, 0, 0, 1, 1]",29,15,14,13,5,8,1.1315443717727154,1.1096503965983031,1.0593220338983051
Premier_League,2014,Everton,"[0, 1, 0, 0, 1, 1, 1, 0, 0, 1, 0, 0, 0, 0, 1, 0, 0, 0, 1, 1, 1, 1, 1, 0, 0, 1, 0]",27,14,13,12,5,7,1.2022146177738968,1.207325242747786,1.1273957158962795
Premier_League,2014,Hull,"[1, 0, 0, 1, 0, 0, 0, 0, 0, 0, 1, 0, 1, 0, 0, 0, 1, 1, 0, 0, 0, 0, 1, 1, 0, 0, 0]",27,14,13,8,4,4,1.5028513556869714,1.819094957669333,1.394700139470014
Premier_League,2014,Leicester,"[0, 1, 1, 0, 0, 0, 0, 0, 0, 0, 0, 0, 0, 0, 1, 1, 0, 0, 0, 0, 0, 0, 1, 1, 1, 1, 0, 1, 1, 1]",30,15,15,11,3,8,1.059831174898504,1.0299616620477783,1.0060362173038229
Premier_League,2014,Liverpool,"[1, 0, 1, 0, 0, 1, 1, 0, 0, 0, 1, 1, 0, 1, 1, 1, 1, 1, 1, 1, 1, 1, 1, 0, 0, 1, 0, 1, 0, 0]",30,15,15,18,8,10,1.2775923302793615,1.2953842236711037,1.1547344110854503
Premier_League,2014,Man City,"[1, 1, 0, 1, 1, 1, 0, 1, 1, 1, 1, 1, 1, 1, 1, 1, 0, 1, 1, 0, 1, 0, 1, 0, 0, 1, 1, 1, 1, 1, 1]",31,16,15,24,14,10,4.223812925879863,12.075631429254784,5.681818181818182
Premier_League,2014,Man United,"[0, 1, 0, 1, 1, 0, 1, 1, 1, 1, 1, 1, 1, 0, 1, 1, 1, 0, 1, 1, 1, 1, 1, 1, 0, 0, 0, 1]",28,14,14,20,10,10,1.6668659918797977,2.0,1.663893510815308
Premier_League,2014,Newcastle,"[0, 0, 0, 1, 1, 1, 1, 1, 0, 1, 0, 0, 0, 1, 0, 0, 1, 0, 1, 0, 0, 0, 0, 0, 0, 0, 0, 0, 1]",29,15,14,10,7,3,4.298108362791285,13.067995015264994,6.692544505420961
Premier_League,2014,QPR,"[0, 0, 1, 0, 0, 0, 0, 1, 0, 0, 1, 0, 1, 0, 1, 0, 0, 0, 0, 0, 1, 0, 0, 0, 0, 0, 1, 0, 0, 0, 1, 0]",32,16,16,8,5,3,2.4692143901991512,4.828396632130076,2.865329512893983
Premier_League,2014,Southampton,"[0, 1, 1, 1, 1, 0, 1, 1, 1, 1, 0, 0, 0, 0, 1, 1, 1, 1, 1, 0, 1, 0, 0, 1, 1, 0, 1, 0, 0, 0, 1, 0]",32,16,16,18,10,8,2.517949205927246,4.2013850488496525,2.5510204081632653
Premier_League,2014,Stoke,"[0, 1, 0, 1, 0, 1, 0, 1, 0, 0, 0, 1, 0, 1, 1, 0, 1, 1, 0, 1, 1, 1, 0, 0, 0, 1, 0, 1, 1]",29,15,14,15,7,8,1.3365817510220201,1.4011932769302333,1.2150668286755772
Premier_League,2014,Sunderland,"[0, 1, 0, 0, 1, 0, 1, 0, 0, 0, 0, 1, 0, 0, 0, 0, 1, 0, 1, 1, 0]",21,11,10,7,3,4,1.2708548553719,1.366710012733838,1.1737089201877935
Premier_League,2014,Swansea,"[1, 1, 1, 0, 0, 0, 1, 1, 0, 1, 0, 0, 1, 1, 0, 0, 1, 0, 1, 1, 0, 0, 1, 1, 0, 1, 1, 1, 0, 0]",30,15,15,16,8,8,1.6683818641526431,2.0,1.5220700152207
Premier_League,2014,Tottenham,"[1, 1, 0, 0, 1, 0, 0, 1, 0, 1, 1, 0, 1, 1, 1, 1, 0, 1, 1, 1, 0, 1, 1, 0, 1, 0, 1, 0, 0, 1, 1]",31,16,15,19,10,9,1.7978820450629376,2.2562155527070686,1.6501650165016502
Premier_League,2014,West Brom,"[0, 0, 1, 1, 0, 1, 0, 0, 0, 0, 1, 0, 0, 0, 1, 0, 1, 1, 0, 1, 0, 0, 0, 1, 1, 1, 0]",27,14,13,11,4,7,1.1207238255659844,1.0999339125778373,1.0427528675703859
Premier_League,2014,West Ham,"[0, 1, 0, 1, 0, 1, 1, 1, 0, 1, 1, 1, 1, 0, 0, 1, 0, 0, 0, 0, 1, 0, 0, 1, 0, 0, 0]",27,14,13,12,9,3,10.022991290418943,63.88124363639353,26.102845210127903
Premier_League,2015,Arsenal,"[0, 1, 1, 1, 0, 1, 1, 1, 1, 1, 0, 1, 1, 1, 0, 1, 1, 0, 1, 1, 0, 0, 1, 1, 1, 1, 1]",27,14,13,20,11,9,2.238201664125662,3.4482962377163235,2.1459227467811157
Premier_League,2015,Aston Villa,"[1, 0, 0, 0, 0, 0, 0, 0, 0, 0, 0, 0, 0, 0, 0, 1, 0, 1, 0, 0, 0, 0, 0, 0, 0, 0, 0, 0, 0, 0]",30,15,15,3,1,2,1.2255819181281233,1.3724975073949208,1.1210762331838564
Premier_League,2015,Bournemouth,"[0, 0, 1, 0, 1, 0, 0, 0, 0, 0, 1, 1, 1, 0, 0, 1, 1, 0, 0, 1, 1, 1, 0, 0, 1, 0, 0, 0, 0]",29,15,14,11,5,6,1.3381468479420802,1.4258931511871338,1.2121212121212122
Premier_League,2015,Chelsea,"[0, 1, 0, 0, 1, 0, 1, 0, 0, 0, 1, 0, 0, 1, 1, 1, 1, 1, 1, 1, 0, 0, 1, 0]",24,12,12,12,4,8,1.0787463787200422,1.0540020228102087,1.019367991845056
Premier_League,2015,Crystal Palace,"[1, 0, 1, 1, 0, 0, 1, 1, 0, 0, 1, 0, 1, 1, 1, 0, 0, 0, 0, 0, 0, 0, 0, 0, 1, 0, 0, 1, 0]",29,15,14,11,9,2,18.233382512753504,178.0093914426987,70.47216349541931
Premier_League,2015,Everton,"[1, 0, 1, 1, 0, 0, 1, 1, 0, 1, 0, 0, 1, 1, 0, 1, 0, 0, 0, 0, 1, 0, 0, 1]",24,12,12,11,6,5,1.9867909498578886,2.932355002629788,1.9920318725099602
Premier_League,2015,Leicester,"[1, 1, 1, 0, 1, 1, 1, 1, 1, 1, 1, 1, 0, 1, 1, 1, 1, 0, 1, 1, 1, 1, 1, 1, 1, 1]",26,13,13,23,11,12,1.2549350830181452,1.3692202080625517,1.1312217194570136
Premier_League,2015,Liverpool,"[1, 1, 0, 0, 1, 1, 0, 1, 1, 0, 0, 1, 1, 0, 0, 1, 0, 1, 1, 1, 0, 1, 1, 1, 0, 1]",26,13,13,16,8,8,1.6573792268189893,2.0,1.492537313432836
Premier_League,2015,Man City,"[1, 1, 1, 1, 1, 0, 0, 1, 1, 1, 0, 1, 0, 1, 0, 1, 1, 1, 1, 0, 0, 0, 1, 0, 1, 1, 1, 1, 0]",29,15,14,19,10,9,1.7822531048924324,2.2402141126481725,1.7006802721088434
Premier_League,2015,Man United,"[1, 1, 0, 1, 1, 1, 0, 1, 1, 1, 0, 0, 0, 1, 1, 0, 1, 0, 1, 1, 0, 1, 1, 0, 1, 1, 1, 0, 1]",29,15,14,19,10,9,1.7822531048924324,2.2402141126481725,1.680672268907563
Premier_League,2015,Newcastle,"[0, 0, 0, 0, 0, 1, 0, 1, 0, 0, 1, 1, 0, 0, 0, 1, 0, 0, 1, 0, 0, 0, 0, 0, 0, 1, 1, 1]",28,14,14,9,4,5,1.3819950543360615,1.5217617602932303,1.2578616352201257
Premier_League,2015,Norwich,"[0, 1, 0, 1, 0, 0, 0, 0, 1, 0, 0, 1, 0, 1, 1, 0, 0, 0, 0, 0, 0, 0, 0, 1, 1, 0, 0, 0, 0, 1, 0]",31,16,15,9,6,3,3.068932870970817,7.0573966406618664,3.861003861003861
Premier_League,2015,Southampton,"[0, 1, 0, 1, 1, 1, 1, 0, 0, 0, 0, 1, 0, 0, 1, 1, 1, 1, 1, 0, 0, 1, 1, 0, 1, 1, 1, 1, 1]",29,15,14,18,7,11,1.0580269137100597,1.0399460889896046,1.016260162601626
Premier_League,2015,Stoke,"[0, 0, 0, 1, 1, 1, 0, 1, 1, 0, 1, 0, 1, 1, 0, 1, 0, 0, 0, 1, 1, 1, 0, 1, 0, 0, 0, 0, 1]",29,15,14,14,8,6,2.2392671791806773,3.492564201602757,2.2988505747126435
Premier_League,2015,Sunderland,"[0, 0, 0, 0, 0, 0, 1, 0, 0, 1, 1, 0, 0, 0, 0, 0, 1, 1, 0, 0, 1, 0, 0, 1, 1, 1]",26,13,13,9,3,6,1.1404595918962377,1.1212023997753857,1.0493179433368311
Premier_League,2015,Swansea,"[1, 1, 0, 0, 0, 1, 0, 0, 0, 0, 0, 1, 0, 0, 1, 1, 0, 0, 1, 1, 0, 1, 1, 0, 0, 1, 1]",27,14,13,12,4,8,1.0689553436212915,1.044374195426154,1.0121457489878543
Premier_League,2015,Tottenham,"[0, 1, 1, 1, 1, 1, 1, 0, 1, 1, 1, 0, 1, 1, 1, 1, 1, 1, 0, 1, 1, 1, 1, 0, 0]",25,13,12,19,10,9,1.7308507224448817,2.1967338249334194,1.6051364365971108
Premier_League,2015,Watford,"[0, 1, 1, 0, 0, 1, 1, 0, 0, 1, 1, 1, 1, 0, 0, 0, 0, 1, 0, 1, 0, 0, 0, 0, 1, 0, 1, 0, 0]",29,15,14,12,8,4,4.083455123877158,11.358749492184556,6.023007890140336
Premier_League,2015,West Brom,"[0, 0, 1, 1, 0, 0, 1, 1, 0, 0, 1, 0, 0, 1, 1, 0, 0, 1, 1, 1, 0, 0, 0, 0, 0]",25,13,12,10,5,5,1.503287936727688,1.770193161216196,1.394700139470014
Premier_League,2015,West Ham,"[1, 0, 0, 1, 1, 1, 1, 1, 0, 0, 1, 1, 1, 0, 1, 0, 1, 1, 1, 1, 1, 0, 1, 0]",24,12,12,16,8,8,1.6476491652327578,2.0,1.4792899408284024
Premier_League,2016,Arsenal,"[0, 1, 1, 1, 1, 1, 1, 1, 1, 1, 1, 0, 0, 1, 1, 1, 1, 0, 0, 1, 0, 0, 1, 0, 1, 1, 0, 1, 1, 1, 1, 1]",32,16,16,23,13,10,3.5713133228949046,8.396836156385978,4.784688995215311
Premier_League,2016,Bournemouth,"[0, 0, 1, 0, 1, 1, 0, 0, 1, 0, 1, 0, 1, 0, 0, 1, 0, 0, 0, 0, 0, 1, 1, 0, 0, 1, 1, 1]",28,14,14,12,6,6,1.6379481654980252,2.0,1.5723270440251573
Premier_League,2016,Burnley,"[0, 1, 0, 0, 1, 0, 0, 1, 1, 0, 0, 0, 1, 0, 0, 1, 1, 0, 1, 0, 1, 0, 0, 0, 0, 1, 0, 0, 1, 0, 0]",31,16,15,11,6,5,1.8232794953008047,2.473584629491664,1.838235294117647
Premier_League,2016,Chelsea,"[1, 1, 1, 0, 0, 1, 1, 1, 1, 1, 1, 1, 1, 1, 1, 1, 1, 1, 0, 1, 1, 1, 1, 1, 1, 0, 1, 1, 0, 1, 1, 1, 1, 1, 1]",35,18,17,30,16,14,2.24114546229291,3.443775437325638,2.1141649048625792
Premier_League,2016,Crystal Palace,"[0, 0, 1, 1, 1, 0, 0, 0, 0, 0, 0, 1, 0, 0, 0, 0, 0, 0, 1, 0, 0, 1, 1, 1, 1, 0, 1, 1, 0, 0, 0, 1, 0]",33,17,16,12,4,8,1.0915394049848879,1.0605300047045927,1.0235414534288638
Premier_League,2016,Everton,"[1, 1, 1, 1, 0, 0, 1, 0, 0, 0, 1, 0, 1, 1, 1, 1, 1, 1, 0, 1, 1, 0, 1, 1, 0, 0, 1, 0]",28,14,14,17,8,9,1.4245592388561574,1.537032106784853,1.277139208173691
Premier_League,2016,Hull,"[1, 1, 0, 0, 0, 0, 0, 0, 0, 1, 0, 0, 0, 0, 0, 0, 1, 0, 1, 0, 0, 1, 0, 1, 1, 0, 0, 1, 0, 0, 0]",31,16,15,9,3,6,1.1281393102293154,1.1066290067162186,1.0395010395010396
Premier_League,2016,Leicester,"[0, 1, 0, 1, 0, 0, 1, 0, 0, 0, 1, 0, 0, 1, 0, 0, 0, 0, 0, 1, 1, 1, 1, 1, 0, 0, 1, 1, 0, 0]",30,15,15,12,5,7,1.2708146454542482,1.2953842236711035,1.1325028312570782
Premier_League,2016,Liverpool,"[1, 0, 1, 1, 1, 1, 1, 1, 1, 1, 0, 1, 1, 1, 1, 0, 0, 1, 0, 1, 1, 1, 1, 1, 0, 1, 1, 1]",28,14,14,22,12,10,2.843482019820793,5.602534042157461,2.849002849002849
Premier_League,2016,Man City,"[1, 1, 1, 1, 1, 1, 0, 1, 1, 1, 0, 0, 1, 1, 1, 0, 1, 0, 1, 1, 1, 1, 0, 1, 1, 1, 1, 1, 1]",29,15,14,23,12,11,1.731660653462399,2.1635809693258823,1.6103059581320451
Premier_League,2016,Man United,"[1, 1, 1, 0, 0, 1, 0, 1, 1, 1, 1, 1, 1, 1, 1, 1, 1, 1, 1, 1, 0, 0, 1]",23,12,11,18,9,9,1.3765631932241689,1.529172399526806,1.2360939431396787
Premier_League,2016,Middlesbrough,"[1, 0, 0, 0, 0, 1, 0, 1, 0, 0, 1, 0, 0, 0, 0, 0, 0, 0, 0, 0, 0, 1, 0, 0, 0]",25,13,12,5,4,1,3.6379788070917107,12.408657587544567,5.2356020942408374
Premier_League,2016,Southampton,"[0, 0, 1, 1, 1, 0, 0, 1, 0, 1, 1, 0, 0, 0, 0, 1, 0, 0, 1, 1, 0, 1, 1, 0, 0, 0, 1, 0]",28,14,14,12,6,6,1.6379481654980252,2.0,1.5408320493066257
Premier_League,2016,Stoke,"[0, 0, 0, 0, 1, 1, 1, 0, 1, 1, 0, 0, 0, 1, 1, 0, 1, 0, 1, 0, 0, 0, 0, 1, 0, 0, 1]",27,14,13,11,6,5,1.8100308448907698,2.4499781008658434,1.845018450184502
Premier_League,2016,Sunderland,"[0, 0, 0, 0, 0, 0, 0, 0, 1, 1, 0, 1, 0, 0, 1, 0, 0, 0, 0, 1, 0, 0, 0, 0, 0, 0, 0, 0, 1, 0, 0, 0]",32,16,16,6,4,2,2.501353158717468,5.478997645669047,2.9154518950437316
Premier_League,2016,Swansea,"[1, 0, 0, 0, 0, 0, 0, 0, 0, 1, 0, 1, 0, 0, 0, 0, 1, 0, 1, 1, 0, 1, 0, 1, 0, 0, 0, 0, 0, 1, 1, 1, 1]",33,17,16,12,4,8,1.0915394049848879,1.0605300047045927,1.0341261633919339
Premier_League,2016,Tottenham,"[1, 1, 1, 1, 1, 1, 0, 1, 0, 1, 1, 1, 1, 1, 1, 1, 0, 1, 1, 1, 1, 1, 1, 1, 1, 1, 0, 1, 1, 1]",30,15,15,26,13,13,1.630363234410403,2.0,1.4104372355430184
Premier_League,2016,Watford,"[0, 0, 1, 1, 0, 1, 1, 0, 1, 0, 0, 1, 0, 0, 0, 0, 1, 1, 0, 0, 0, 1, 1, 0, 1, 0, 0, 0, 0, 0, 0]",31,16,15,11,6,5,1.8232794953008047,2.473584629491664,1.9157088122605364
Premier_League,2016,West Brom,"[1, 0, 0, 1, 0, 0, 1, 1, 1, 0, 1, 0, 0, 1, 1, 0, 1, 1, 1, 0, 0, 1, 0, 0, 0, 0, 0, 0, 0]",29,15,14,12,8,4,4.083455123877158,11.358749492184556,5.847953216374269
Premier_League,2016,West Ham,"[0, 1, 0, 0, 0, 0, 1, 1, 0, 0, 0, 1, 1, 1, 0, 0, 1, 1, 0, 1, 0, 0, 0, 0, 0, 1, 1, 0, 1]",29,15,14,12,6,6,1.5298926367629486,1.7792767844805109,1.443001443001443
Premier_League,2017,Arsenal,"[1, 0, 0, 1, 1, 1, 0, 1, 1, 0, 1, 1, 1, 0, 1, 1, 0, 1, 0, 1, 0, 0, 0, 1, 1, 1, 0, 1, 0, 1, 0, 1]",32,16,16,19,11,8,3.312685596589562,7.1370880892901445,4.504504504504505
Premier_League,2017,Bournemouth,"[0, 0, 0, 0, 1, 0, 0, 1, 0, 1, 1, 0, 0, 0, 0, 1, 1, 1, 1, 0, 0, 1, 0, 0, 0, 1, 1]",27,14,13,11,4,7,1.1207238255659844,1.0999339125778373,1.0395010395010396
Premier_League,2017,Brighton,"[0, 0, 1, 0, 1, 0, 1, 1, 0, 0, 0, 0, 1, 0, 0, 0, 1, 1, 1, 0, 0, 0, 1, 0, 0]",25,13,12,9,5,4,1.8045939709170182,2.5330520271144654,1.6920473773265652
Premier_League,2017,Burnley,"[1, 0, 1, 1, 0, 1, 1, 1, 0, 1, 0, 1, 1, 0, 0, 0, 0, 0, 1, 1, 1, 1, 1, 0, 0, 0]",26,13,13,14,9,5,4.952093938005713,17.303747393331143,8.43810648890389
Premier_League,2017,Chelsea,"[0, 1, 1, 1, 1, 0, 0, 1, 1, 1, 1, 1, 1, 0, 1, 1, 1, 1, 1, 0, 0, 1, 0, 0, 1, 0, 1, 1, 1, 1, 0]",31,16,15,21,12,9,2.8786667255329395,5.3770815054009695,3.278688524590164
Premier_League,2017,Crystal Palace,"[0, 0, 0, 0, 0, 0, 0, 1, 0, 0, 1, 1, 1, 0, 1, 1, 0, 0, 0, 0, 0, 1, 0, 1, 1, 1, 1]",27,14,13,11,4,7,1.1207238255659844,1.0999339125778373,1.0493179433368311
Premier_League,2017,Everton,"[1, 0, 0, 0, 1, 0, 0, 0, 1, 0, 1, 1, 1, 1, 0, 0, 0, 1, 0, 1, 0, 0, 1, 1, 0, 1, 1, 0]",28,14,14,13,7,6,1.9895619021522117,2.837933762005624,2.05761316872428
Premier_League,2017,Huddersfield,"[1, 1, 0, 0, 0, 1, 0, 1, 0, 0, 0, 0, 1, 0, 1, 0, 0, 0, 0, 0, 1, 1, 0, 0, 0, 1, 0, 0]",28,14,14,9,5,4,1.945292882465108,2.916583536972889,1.941747572815534
Premier_League,2017,Leicester,"[0, 1, 0, 0, 0, 1, 1, 0, 1, 1, 1, 1, 0, 0, 0, 1, 1, 0, 0, 1, 1, 0, 0, 0, 0, 1, 0]",27,14,13,12,7,5,2.2576231382650804,3.659049460573796,2.487562189054726
Premier_League,2017,Liverpool,"[1, 1, 0, 1, 0, 1, 1, 1, 1, 1, 1, 1, 1, 1, 1, 0, 1, 1, 1, 1, 0, 1, 1, 1, 0, 1]",26,13,13,21,11,10,2.1288119673002748,3.232288800021739,1.9455252918287937
Premier_League,2017,Man City,"[1, 1, 1, 1, 1, 1, 1, 1, 1, 1, 1, 1, 1, 1, 1, 1, 1, 1, 1, 1, 0, 1, 1, 1, 1, 1, 1, 1, 0, 1, 1, 1, 1, 1]",34,17,17,32,17,15,3.7860363457625343,13.801405160360831,4.219409282700422
Premier_League,2017,Man United,"[1, 1, 1, 1, 1, 1, 0, 1, 0, 1, 1, 1, 1, 0, 1, 1, 1, 1, 1, 0, 1, 0, 1, 1, 1, 1, 1, 0, 1, 1, 0, 1]",32,16,16,25,13,12,2.098588891053849,2.9898527317005703,1.953125
Premier_League,2017,Newcastle,"[0, 0, 1, 1, 1, 0, 1, 0, 0, 0, 0, 0, 0, 0, 0, 1, 0, 1, 0, 1, 0, 1, 1, 1, 1, 0, 0, 0, 0, 1]",30,15,15,12,4,8,1.1050302623732664,1.0729827456147283,1.0309278350515463
Premier_League,2017,Southampton,"[1, 0, 1, 0, 0, 1, 0, 0, 1, 0, 0, 0, 0, 0, 1, 0, 0, 0, 0, 0, 1, 1, 0]",23,12,11,7,4,3,1.7959676272013094,2.6583380892469943,1.7182130584192439
Premier_League,2017,Stoke,"[0, 1, 0, 0, 1, 0, 0, 1, 0, 0, 1, 0, 0, 0, 1, 0, 0, 0, 1, 0, 0, 0, 0, 0, 0, 1]",26,13,13,7,4,3,1.9231719424486764,3.0377264526688803,2.044989775051125
Premier_League,2017,Swansea,"[0, 1, 0, 0, 0, 1, 0, 0, 0, 0, 0, 0, 1, 0, 0, 0, 1, 0, 1, 1, 1, 0, 1, 0, 0, 0, 0, 0, 0]",29,15,14,8,3,5,1.194241822627874,1.207791234343046,1.098901098901099
Premier_League,2017,Tottenham,"[1, 0, 1, 1, 1, 1, 1, 0, 1, 0, 0, 1, 1, 0, 1, 1, 1, 1, 1, 1, 1, 1, 1, 1, 1, 0, 1, 0, 1, 1]",30,15,15,23,10,13,1.1153424241769883,1.108230375501664,1.02880658436214
Premier_League,2017,Watford,"[1, 1, 0, 1, 1, 0, 0, 0, 1, 1, 0, 0, 0, 0, 0, 1, 0, 0, 0, 1, 0, 1, 1, 0, 0, 0, 0, 0, 1, 0]",30,15,15,11,6,5,1.961585401075573,2.837740117733259,1.941747572815534
Premier_League,2017,West Brom,"[1, 1, 0, 0, 0, 0, 0, 0, 0, 0, 0, 0, 1, 0, 0, 0, 0, 0, 0, 0, 0, 1, 1, 1, 0]",25,13,12,6,3,3,1.4716416311930953,1.8356077008650071,1.392757660167131
Premier_League,2017,West Ham,"[0, 0, 0, 1, 0, 1, 0, 0, 0, 0, 0, 1, 1, 0, 1, 1, 0, 1, 0, 0, 0, 1, 0, 0, 1, 1]",26,13,13,10,4,6,1.2421188280651394,1.2659130648831014,1.1198208286674132
Premier_League,2018,Arsenal,"[0, 0, 1, 1, 1, 1, 1, 1, 1, 1, 1, 1, 0, 1, 0, 1, 0, 1, 1, 0, 1, 1, 1, 1, 1, 0, 1, 0, 0, 0, 1]",31,16,15,21,12,9,2.8786667255329395,5.3770815054009695,3.1545741324921135
Premier_League,2018,Bournemouth,"[1, 1, 0, 1, 0, 1, 1, 1, 0, 0, 0, 0, 1, 0, 0, 1, 0, 0, 0, 1, 1, 0, 0, 0, 0, 1, 0, 0, 1, 0, 1, 0]",32,16,16,13,8,5,3.2206778840762706,7.1370880892901445,4.184100418410042
Premier_League,2018,Brighton,"[0, 1, 0, 0, 0, 1, 1, 1, 0, 0, 1, 1, 0, 0, 0, 1, 0, 0, 0, 0, 0, 1, 1, 0, 0, 0, 0, 0, 0]",29,15,14,9,6,3,3.0836058245481537,7.141884251888991,4.201680672268908
Premier_League,2018,Burnley,"[0, 0, 0, 0, 1, 1, 0, 0, 0, 0, 0, 0, 1, 0, 0, 0, 1, 1, 1, 1, 1, 0, 0, 0, 0, 1, 1, 1, 0, 0, 0]",31,16,15,11,3,8,1.0482390088928275,1.0226573993471653,1.0050251256281406
Premier_League,2018,Cardiff,"[0, 0, 0, 0, 0, 0, 1, 0, 0, 1, 0, 1, 0, 1, 0, 0, 1, 0, 0, 0, 1, 1, 0, 0, 0, 1, 0, 0, 0, 1, 0, 0, 0, 1]",34,17,17,10,5,5,1.6188078226262497,2.0,1.51285930408472
Premier_League,2018,Chelsea,"[1, 1, 1, 1, 1, 1, 1, 1, 0, 1, 0, 1, 1, 0, 1, 1, 1, 0, 0, 1, 0, 1, 1, 0, 1, 1, 1, 0, 1]",29,15,14,21,12,9,2.960677196808087,5.812522545340308,3.597122302158273
Premier_League,2018,Crystal Palace,"[1, 0, 0, 0, 1, 0, 0, 0, 0, 0, 1, 0, 0, 1, 1, 0, 1, 0, 0, 1, 1, 0, 1, 0, 1, 0, 1, 0, 1, 1, 1]",31,16,15,14,5,9,1.0855282664839687,1.0570584371191878,1.0204081632653061
Premier_League,2018,Everton,"[1, 0, 0, 1, 1, 1, 0, 1, 1, 0, 0, 0, 1, 0, 0, 1, 0, 1, 0, 0, 0, 1, 0, 1, 1, 1, 0, 1, 1]",29,15,14,15,7,8,1.3365817510220201,1.4011932769302333,1.2269938650306749
Premier_League,2018,Fulham,"[0, 0, 1, 0, 0, 0, 0, 0, 0, 0, 1, 0, 0, 0, 1, 0, 0, 0, 1, 0, 0, 0, 0, 0, 0, 0, 0, 0, 1, 1, 1, 0, 0]",33,17,16,7,3,4,1.3148283296226588,1.4342995959754699,1.2269938650306749
Premier_League,2018,Huddersfield,"[0, 0, 0, 0, 0, 0, 0, 1, 1, 0, 0, 0, 0, 0, 0, 0, 0, 0, 0, 0, 0, 0, 1, 0, 0, 0, 0, 0, 0, 0, 0]",31,16,15,3,2,1,1.7655910090854823,3.43045512363755,1.8181818181818181
Premier_League,2018,Leicester,"[0, 1, 1, 0, 0, 1, 1, 0, 0, 1, 1, 0, 0, 1, 1, 0, 1, 0, 0, 0, 0, 0, 1, 0, 1, 1, 1, 1, 0, 1, 0]",31,16,15,15,8,7,1.816345496148979,2.3453130771566144,1.7482517482517483
Premier_League,2018,Liverpool,"[1, 1, 1, 1, 1, 1, 1, 1, 1, 1, 1, 1, 1, 1, 1, 1, 1, 0, 1, 1, 1, 1, 1, 1, 1, 1, 1, 1, 1, 1, 1]",31,16,15,30,16,14,2.573974139097947,6.807840024040478,2.1231422505307855
Premier_League,2018,Man City,"[1, 1, 1, 1, 1, 1, 1, 1, 1, 1, 1, 1, 1, 0, 1, 0, 0, 1, 1, 1, 1, 0, 1, 1, 1, 1, 1, 1, 1, 1, 1, 1, 1, 1, 1, 1]",36,18,18,32,15,17,1.1363898108273567,1.1688007570239354,1.0626992561105206
Premier_League,2018,Man United,"[1, 0, 0, 1, 1, 0, 1, 1, 1, 0, 1, 0, 1, 1, 1, 1, 1, 1, 1, 1, 1, 1, 0, 1, 0, 1, 0, 0, 0]",29,15,14,19,10,9,1.7822531048924324,2.2402141126481725,1.663893510815308
Premier_League,2018,Newcastle,"[0, 0, 0, 0, 0, 0, 0, 1, 1, 1, 0, 0, 1, 0, 0, 0, 1, 1, 0, 1, 1, 0, 1, 0, 0, 1, 1, 0, 1]",29,15,14,12,4,8,1.0776225398822463,1.0503551609893629,1.015228426395939
Premier_League,2018,Southampton,"[0, 0, 1, 0, 0, 0, 0, 0, 0, 0, 1, 1, 0, 0, 1, 1, 0, 0, 1, 0, 1, 1, 0, 1, 0, 0]",26,13,13,9,3,6,1.1404595918962377,1.1212023997753857,1.0548523206751055
Premier_League,2018,Tottenham,"[1, 1, 1, 0, 0, 1, 1, 1, 1, 0, 1, 1, 1, 0, 1, 1, 1, 1, 1, 0, 1, 0, 1, 1, 1, 1, 0, 0, 0, 0, 1, 1, 0, 1, 0, 0]",36,18,18,23,14,9,6.1398387066215685,24.169013817947803,12.26692836113837
Premier_League,2018,Watford,"[1, 1, 1, 1, 0, 0, 0, 1, 1, 0, 0, 0, 0, 1, 1, 0, 1, 0, 1, 1, 0, 1, 0, 0, 1, 0, 1, 0, 0, 0]",30,15,15,14,8,6,2.4961507090976705,4.308354880446086,2.717391304347826
Premier_League,2018,West Ham,"[0, 0, 0, 0, 1, 1, 0, 0, 1, 0, 1, 1, 1, 1, 0, 1, 0, 1, 0, 0, 1, 0, 1, 0, 1, 0, 0, 0, 1, 1, 1]",31,16,15,15,8,7,1.816345496148979,2.3453130771566144,1.8281535648994516
Premier_League,2018,Wolves,"[0, 1, 1, 1, 1, 0, 0, 0, 0, 0, 1, 1, 1, 0, 1, 0, 0, 1, 1, 1, 0, 1, 0, 1, 0, 1, 1, 1, 0]",29,15,14,16,8,8,1.5200667549213656,1.7192277091237715,1.375515818431912
Premier_League,2019,Arsenal,"[1, 1, 0, 1, 1, 0, 0, 0, 1, 0, 0, 1, 1, 1, 1, 0, 0, 1]",18,9,9,10,5,5,1.5982372738197201,2.0,1.3986013986013985
Premier_League,2019,Aston Villa,"[0, 0, 1, 0, 0, 1, 1, 0, 0, 0, 1, 0, 0, 0, 0, 1, 0, 1, 0, 1, 0, 0, 0, 0, 0, 0]",26,13,13,7,4,3,1.9231719424486764,3.0377264526688803,2.092050209205021
Premier_League,2019,Bournemouth,"[1, 0, 0, 1, 1, 0, 1, 0, 0, 0, 0, 0, 1, 0, 0, 0, 0, 0, 1, 1, 0, 0, 0, 0, 0]",25,13,12,7,5,2,3.2926615611315295,8.877048632583316,4.587155963302752
Premier_League,2019,Brighton,"[1, 0, 0, 0, 1, 0, 1, 1, 0, 0, 0, 1, 0, 0, 1, 0, 0, 0, 1, 0]",20,10,10,7,4,3,1.946180267227197,3.128874764752972,1.9920318725099602
Premier_League,2019,Burnley,"[1, 0, 0, 1, 1, 0, 0, 0, 1, 1, 0, 0, 0, 1, 1, 0, 0, 0, 0, 1, 1, 1, 1, 0, 1, 1]",26,13,13,13,5,8,1.1539653472320046,1.1359225248742462,1.0471204188481675
Premier_League,2019,Chelsea,"[0, 1, 1, 0, 1, 1, 1, 1, 1, 1, 0, 0, 1, 0, 0, 1, 0, 1, 1, 0, 0, 1, 1, 1, 1]",25,13,12,16,9,7,2.2428629049510174,3.5048840568790505,2.34192037470726
Premier_League,2019,Crystal Palace,"[0, 1, 1, 0, 1, 1, 0, 0, 0, 0, 1, 1, 0, 1, 0, 0, 0, 1, 1, 1, 1, 0, 0]",23,12,11,11,6,5,1.7899862238990818,2.417108064126459,1.721170395869191
Premier_League,2019,Everton,"[1, 0, 1, 0, 0, 0, 0, 1, 0, 1, 0, 0, 0, 1, 1, 1, 0, 1, 1, 1, 0, 0, 1]",23,12,11,11,4,7,1.0960557420235881,1.0788332563223442,1.0319917440660475
Premier_League,2019,Leicester,"[1, 1, 0, 1, 1, 0, 1, 1, 1, 1, 1, 1, 1, 1, 0, 0, 1, 1, 0, 0, 1, 0, 0, 1]",24,12,12,16,10,6,5.626750944954417,24.019835581121114,10.305028854080792
Premier_League,2019,Liverpool,"[1, 1, 1, 1, 1, 1, 1, 1, 1, 1, 1, 1, 1, 1, 1, 1, 1, 1, 1, 1, 1, 1, 1, 1, 1, 1, 0, 1, 1]",29,15,14,28,15,13,2.576281543157095,6.8458334831090655,2.1052631578947367
Premier_League,2019,Man City,"[1, 1, 1, 0, 1, 1, 0, 1, 1, 1, 0, 1, 1, 0, 1, 1, 0, 1, 1, 1, 1, 0, 1, 1, 0, 1, 1, 0]",28,14,14,20,10,10,1.6668659918797977,2.0,1.485884101040119
Premier_League,2019,Man United,"[1, 0, 1, 0, 0, 1, 0, 1, 1, 1, 0, 1, 1, 0, 1, 0, 0, 1, 1, 1, 1, 1]",22,11,11,14,6,8,1.2120587482619556,1.2310716467889455,1.1049723756906078
Premier_League,2019,Newcastle,"[0, 0, 1, 0, 0, 1, 0, 1, 1, 0, 1, 1, 0, 1, 0, 0, 0, 1, 0, 0, 1, 1]",22,11,11,10,5,5,1.6093503924934975,2.0,1.4880952380952381
Premier_League,2019,Norwich,"[0, 1, 0, 0, 1, 0, 0, 0, 0, 0, 0, 1, 0, 0, 0, 0, 0, 1, 0, 0, 0, 1, 0, 0, 0]",25,13,12,5,3,2,1.7910049511836112,2.9030923568024134,1.7921146953405018
Premier_League,2019,Sheffield United,"[1, 0, 0, 1, 0, 1, 1, 0, 1, 1, 1, 0, 0, 1, 0, 1, 1, 1, 0, 0]",20,10,10,11,6,5,2.0177749493992296,3.062341080606125,2.109704641350211
Premier_League,2019,Southampton,"[0, 0, 1, 1, 0, 0, 0, 0, 0, 0, 1, 1, 0, 0, 1, 1, 1, 1, 0, 1, 0, 0, 1, 0, 0, 1, 0, 1]",28,14,14,12,4,8,1.0979001863046656,1.0675950233550218,1.0183299389002036
Premier_League,2019,Tottenham,"[1, 0, 1, 0, 1, 0, 0, 1, 1, 0, 1, 1, 0, 1, 0, 0, 1, 1, 1, 0, 0, 1]",22,11,11,12,6,6,1.6267501106170124,2.0,1.4992503748125936
Premier_League,2019,Watford,"[0, 0, 0, 0, 0, 0, 1, 0, 0, 0, 0, 1, 1, 1, 1, 0, 0, 0, 1, 0, 0, 0]",22,11,11,6,1,5,1.0540146636658485,1.028547912021287,1.0030090270812437
Premier_League,2019,West Ham,"[0, 1, 1, 1, 0, 0, 0, 0, 0, 1, 0, 0, 1, 0, 0, 1, 0, 0, 0, 0, 0, 1, 0, 0, 0]",25,13,12,7,5,2,3.2926615611315295,8.877048632583316,4.608294930875576
Premier_League,2019,Wolves,"[0, 0, 1, 1, 1, 1, 1, 0, 1, 1, 0, 0, 1, 0, 1, 1, 1, 1, 1]",19,10,9,13,7,6,1.7282675077190934,2.283170200098046,1.6339869281045751
Premier_League,2020,Arsenal,"[1, 1, 0, 1, 0, 1, 1, 1, 0, 1, 0, 0, 1, 0, 0, 0, 0, 0, 1, 1, 1, 1, 1, 0, 0, 1, 0, 1, 1, 0, 1, 0, 1, 1, 1, 1, 1]",37,19,18,22,9,13,1.0948913653220163,1.065981399637439,1.0384215991692627
Premier_League,2020,Aston Villa,"[0, 0, 1, 1, 1, 1, 1, 1, 0, 0, 1, 0, 0, 1, 1, 1, 0, 0, 1, 0, 1, 0, 1, 0, 1, 0, 0, 1, 0, 0, 1, 0, 0, 1, 1]",35,18,17,18,10,8,2.2103784869010226,3.251007621520635,2.2573363431151243
Premier_League,2020,Bournemouth,"[0, 0, 1, 0, 0, 1]",6,3,3,2,1,1,1.3499999999999996,2.0,1.2531328320802004
Premier_League,2020,Brighton,"[1, 0, 0, 1, 0, 1, 0, 0, 0, 1, 0, 0, 0, 0, 1, 1, 1, 0, 0, 0, 1, 1, 0, 0, 1, 0, 1, 0]",28,14,14,11,4,7,1.159251560095326,1.1400553758715801,1.0672358591248665
Premier_League,2020,Burnley,"[1, 1, 0, 0, 0, 0, 0, 0, 1, 0, 1, 1, 0, 1, 0, 0, 1, 1, 0, 0, 1, 0, 1, 0, 0, 0, 1, 0, 1, 0, 0, 0]",32,16,16,12,6,6,1.6413023879555437,2.0,1.5384615384615385
Premier_League,2020,Chelsea,"[0, 1, 1, 0, 1, 0, 1, 1, 0, 1, 1, 1, 1, 1, 0, 0, 1, 0, 0, 1, 0, 1, 1, 1, 1, 1, 1, 0, 1, 1, 1, 1, 0, 1, 0]",35,18,17,23,11,12,1.3407893436385574,1.384034642895357,1.1990407673860912
Premier_League,2020,Crystal Palace,"[0, 0, 0, 0, 0, 1, 1, 0, 0, 1, 0, 1, 0, 0, 1, 0, 0, 1, 0, 0, 1, 1, 0, 0, 1, 0, 1, 0, 0, 0, 1, 0, 1, 0, 0]",35,18,17,12,6,6,1.5559791230120128,1.8227975524882853,1.4619883040935673
Premier_League,2020,Everton,"[1, 0, 0, 1, 0, 1, 1, 1, 1, 0, 0, 0, 1, 0, 1, 1, 1, 1, 0, 1, 0, 1, 0, 0, 1, 1, 1, 0, 0, 1, 0, 1, 0, 1, 0]",35,18,17,19,11,8,2.7802255813661914,4.947569809703217,3.003003003003003
Premier_League,2020,Fulham,"[0, 0, 0, 0, 0, 1, 0, 0, 1, 0, 0, 0, 0, 1, 1, 0, 1, 0, 0, 0, 0, 0, 0, 0, 0]",25,13,12,5,2,3,1.2585440197506457,1.3775869376594967,1.1441647597254005
Premier_League,2020,Leeds,"[0, 1, 1, 0, 1, 0, 0, 1, 0, 0, 1, 0, 1, 1, 0, 0, 1, 1, 0, 1, 0, 0, 1, 0, 0, 1, 1, 1, 0, 1, 1, 1, 1]",33,17,16,18,8,10,1.2308507405565043,1.229483691212686,1.1098779134295227
Premier_League,2020,Leicester,"[0, 1, 0, 1, 0, 0, 1, 1, 1, 0, 0, 1, 1, 1, 0, 0, 1, 1, 0, 1, 1, 1, 1, 0, 1, 1, 1, 0, 1, 1, 0, 0, 1, 1, 0, 1, 0, 0]",38,19,19,22,10,12,1.3254594966853253,1.3432718797202217,1.1820330969267139
Premier_League,2020,Liverpool,"[0, 1, 1, 0, 1, 1, 1, 1, 1, 0, 1, 1, 1, 1, 1, 1, 0, 0, 1, 1, 0, 0, 0, 0, 1, 0, 0, 1, 1, 1, 1, 1, 1, 1, 1]",35,18,17,24,13,11,2.2008717426657083,3.163936066966417,2.0876826722338206
Premier_League,2020,Man City,"[1, 0, 1, 1, 1, 1, 1, 1, 0, 1, 1, 0, 1, 1, 1, 1, 1, 1, 1, 1, 1, 1, 1, 1, 1, 1, 1, 1, 1, 0, 1, 1, 1, 0, 1, 1, 0, 1, 0, 1]",40,20,20,33,17,16,2.1113352992207504,2.9528210131181134,2.044989775051125
Premier_League,2020,Man United,"[1, 1, 1, 1, 0, 1, 0, 1, 0, 1, 1, 1, 1, 1, 1, 1, 1, 1, 1, 0, 1, 1, 1, 1, 1, 1, 1, 1, 0, 0, 1]",31,16,15,25,13,12,1.7319403675500633,2.150885509061355,1.5873015873015872
Premier_League,2020,Newcastle,"[1, 0, 0, 0, 0, 1, 0, 1, 0, 1, 0, 0, 1, 1, 0, 0, 0, 0, 0, 0, 0, 1, 0, 1, 0, 0, 0, 1, 1, 0, 1, 0, 1, 1]",34,17,17,13,6,7,1.4373065071050646,1.5675940256185863,1.3003901170351104
Premier_League,2020,Norwich,"[0, 0, 0, 0, 0, 0, 0]",7,4,3,0,0,0,1.0,,1.0
Premier_League,2020,Sheffield United,"[1, 1, 1, 0, 0, 0, 0, 0, 0, 0, 0, 0, 0, 0, 0, 0, 0, 0, 0, 0, 0, 1, 0, 1, 0, 1, 0, 0, 0, 0, 1, 0, 0, 0, 0, 0, 1, 0, 0, 1, 0, 1]",42,21,21,10,3,7,1.115580566566669,1.0795050845462293,1.0319917440660475
Premier_League,2020,Southampton,"[1, 1, 1, 0, 0, 1, 1, 1, 1, 1, 0, 1, 1, 0, 1, 0, 0, 0, 0, 0, 0, 0, 0, 1, 0, 0, 1, 0, 0, 0, 1, 1, 0, 0]",34,17,17,15,11,4,14.56552706036885,128.07439527589318,53.50454788657036
Premier_League,2020,Tottenham,"[0, 1, 1, 1, 1, 0, 1, 1, 1, 1, 1, 1, 1, 0, 0, 1, 1, 0, 0, 0, 1, 0, 0, 1, 1, 1, 0, 1, 0, 1, 1, 0, 1, 0, 1]",35,18,17,22,13,9,3.679648828455869,8.401839102981153,4.926108374384237
Premier_League,2020,Watford,"[0, 1, 1, 0, 0, 0]",6,3,3,2,2,0,3.374999999999999,24.019835581121114,5.0761421319796955
Premier_League,2020,West Brom,"[0, 0, 0, 0, 0, 0, 1, 0, 0, 0, 0, 0, 1, 0, 0, 0, 0, 1, 0, 0, 1, 1, 0, 0, 0, 0, 0]",27,14,13,5,2,3,1.26353190974014,1.3858205225840645,1.1820330969267139
Premier_League,2020,West Ham,"[1, 0, 1, 1, 0, 0, 1, 1, 0, 1, 1, 1, 0, 1, 0, 1, 1, 1, 1, 0, 1, 1, 1, 0, 1, 0, 1, 1, 0, 0, 1, 0, 1, 1]",34,17,17,22,11,11,1.6940559768780732,2.0,1.5479876160990713
Premier_League,2020,Wolves,"[0, 0, 1, 1, 0, 1, 0, 0, 1, 1, 1, 0, 1, 0, 0, 1, 0, 0, 0, 0, 0, 1, 1, 1, 0, 0, 0, 1, 1, 0, 1, 0, 0, 0]",34,17,17,14,8,6,2.447268735492138,4.116536534324099,2.8328611898016995
Premier_League,2021,Arsenal,"[0, 0, 0, 1, 1, 1, 1, 1, 1, 0, 1, 0, 0, 1, 1, 1, 1, 0, 1, 1, 1, 1, 1, 0, 1, 0, 0, 0, 1, 1, 1, 1, 0, 0, 1]",35,18,17,22,11,11,1.5359735729599868,1.703413291180666,1.402524544179523
Premier_League,2021,Aston Villa,"[0, 1, 0, 1, 1, 0, 0, 0, 0, 0, 1, 1, 0, 1, 0, 1, 0, 0, 1, 0, 0, 1, 1, 1, 0, 0, 0, 0, 1, 1, 0, 0]",32,16,16,13,7,6,1.9742450452383309,2.7820504103393975,1.8832391713747645
Premier_League,2021,Brentford,"[1, 0, 1, 1, 0, 0, 0, 0, 1, 0, 1, 0, 0, 1, 0, 0, 0, 0, 0, 0, 0, 1, 1, 0, 1, 1, 1, 0, 1, 1, 0]",31,16,15,13,6,7,1.3537084097988805,1.4339381695395683,1.2422360248447204
Premier_League,2021,Brighton,"[1, 1, 0, 1, 1, 0, 0, 0, 1, 1, 1, 0, 0, 0, 0, 0, 0, 1, 1, 0, 1, 1, 1]",23,12,11,12,7,5,2.2658448587424314,3.7257172078854355,2.183406113537118
Premier_League,2021,Burnley,"[0, 0, 0, 0, 0, 1, 0, 0, 0, 0, 1, 1, 0, 0, 0, 0, 1, 0, 1, 1, 1, 0, 0, 0]",24,12,12,7,3,4,1.3416496587301465,1.4851863748254122,1.1947431302270013
Premier_League,2021,Chelsea,"[1, 1, 1, 1, 0, 1, 1, 1, 1, 1, 1, 0, 1, 1, 0, 1, 1, 1, 1, 1, 0, 1, 0, 1, 0, 1, 1]",27,14,13,21,12,9,3.092768129149961,6.594262351834846,3.4246575342465753
Premier_League,2021,Crystal Palace,"[0, 1, 0, 1, 1, 0, 0, 0, 1, 0, 1, 0, 0, 0, 1, 1, 1, 0, 0, 1, 1, 0, 1]",23,12,11,11,5,6,1.294649921034118,1.3668759169539026,1.1933174224343674
Premier_League,2021,Everton,"[1, 1, 1, 0, 1, 0, 0, 0, 0, 0, 0, 1, 0, 0, 0, 0, 0, 1, 0, 0, 0, 0, 1, 0, 0, 1, 0, 1, 1, 0, 1, 0]",32,16,16,11,5,6,1.4144296022213771,1.5500855683384027,1.3106159895150722
Premier_League,2021,Leeds,"[0, 0, 0, 1, 0, 1, 0, 1, 0, 0, 0, 1, 1, 0, 0, 0, 0, 0, 0, 0, 1, 1, 1, 0, 0, 0, 1]",27,14,13,9,5,4,1.8114671956806268,2.5466317660905053,1.7421602787456445
Premier_League,2021,Leicester,"[1, 0, 1, 0, 0, 1, 1, 0, 0, 1, 0, 1, 0, 1, 0, 0, 0, 1, 1, 0, 1, 1, 0, 0, 0, 1, 1, 1]",28,14,14,14,7,7,1.653613241824788,2.0,1.567398119122257
Premier_League,2021,Liverpool,"[1, 1, 1, 1, 1, 1, 0, 1, 1, 1, 1, 1, 1, 0, 1, 1, 1, 1, 1, 1, 1, 1, 1, 1, 1, 1, 1, 1, 1, 1]",30,15,15,28,13,15,1.0,1.0771421802925631,1.0
Premier_League,2021,Man City,"[0, 1, 1, 1, 1, 1, 1, 0, 1, 1, 1, 1, 1, 1, 1, 1, 1, 1, 1, 1, 1, 1, 0, 1, 1, 1, 1, 1, 1, 1, 1, 1]",32,16,16,29,14,15,1.261032507627949,1.3738123461770075,1.1210762331838564
Premier_League,2021,Man United,"[1, 1, 1, 1, 0, 0, 0, 1, 0, 0, 1, 1, 1, 1, 0, 1, 1, 1, 1, 0, 1, 0, 1, 0, 0, 1, 0, 0]",28,14,14,16,9,7,2.567525473201,4.494293967166615,2.7548209366391183
Premier_League,2021,Newcastle,"[0, 0, 0, 0, 0, 0, 0, 1, 0, 0, 0, 1, 1, 1, 1, 1, 1, 0, 0, 0, 1, 1, 1, 1, 0, 0, 1, 1]",28,14,14,13,4,9,1.056475851765413,1.0299388881489515,1.0090817356205852
Premier_League,2021,Norwich,"[0, 0, 0, 0, 0, 0, 0, 0, 1, 1, 0, 0, 0, 0, 0, 0, 1, 1, 0, 0, 0, 0, 0, 0, 1, 0, 0, 0, 0, 0, 0]",31,16,15,5,2,3,1.2714126160128068,1.3990457979096294,1.1737089201877935
Premier_League,2021,Southampton,"[0, 0, 0, 1, 1, 1, 0, 0, 0, 1, 1, 0, 1, 1, 1, 0, 0, 0, 0, 1, 0, 0, 0, 0, 0]",25,13,12,9,6,3,3.123826759304197,7.381478532763724,4.310344827586207
Premier_League,2021,Tottenham,"[1, 1, 1, 0, 0, 0, 1, 1, 0, 0, 1, 1, 1, 1, 1, 1, 0, 0, 0, 1, 0, 1, 1, 0, 1, 1, 1, 1, 0, 1, 1, 1, 1]",33,17,16,22,11,11,1.513141448164525,1.6742749000819772,1.3831258644536653
Premier_League,2021,Watford,"[1, 0, 0, 0, 1, 0, 0, 1, 0, 0, 1, 0, 0, 0, 0, 0, 0, 0, 0, 0, 1, 0, 0, 0, 1, 0, 0, 0, 0, 0, 0, 0, 0]",33,17,16,6,4,2,2.365811508760211,4.85845275411259,3.076923076923077
Premier_League,2021,West Ham,"[1, 1, 0, 1, 0, 1, 1, 1, 1, 0, 0, 1, 0, 0, 1, 1, 1, 0, 0, 1, 1, 0, 1, 0, 1, 0, 0, 0, 1, 0]",30,15,15,16,9,7,2.523078708371905,4.308354880446086,2.6525198938992043
Premier_League,2021,Wolves,"[0, 0, 0, 1, 0, 1, 1, 1, 1, 0, 1, 0, 0, 1, 1, 1, 1, 0, 1, 1, 0, 0, 0, 1, 1, 0, 1, 0, 0, 0, 0, 0]",32,16,16,15,9,6,3.2216357774467346,6.946836150742856,4.237288135593221
Premier_League,2022,Arsenal,"[1, 1, 1, 1, 1, 0, 1, 1, 1, 1, 1, 1, 1, 1, 1, 1, 1, 0, 0, 1, 1, 1, 1, 1, 1, 1, 0, 1, 1, 0, 0, 1]",32,16,16,26,15,11,6.032363826362286,28.554566335309747,11.49029070435482
Premier_League,2022,Aston Villa,"[0, 1, 0, 0, 0, 1, 0, 0, 1, 0, 1, 1, 0, 1, 1, 1, 0, 0, 0, 1, 1, 1, 1, 1, 1, 1, 1, 0, 0, 1, 1]",31,16,15,18,8,10,1.2124268534482843,1.2101623693714945,1.1210762331838564
Premier_League,2022,Bournemouth,"[1, 0, 0, 0, 1, 1, 0, 0, 0, 0, 1, 0, 0, 0, 0, 0, 1, 0, 0, 1, 0, 1, 0, 1, 1, 0, 1, 1, 0, 0, 0, 0]",32,16,16,11,4,7,1.1716889607796017,1.1521888830777374,1.079913606911447
Premier_League,2022,Brentford,"[1, 0, 1, 0, 0, 1, 0, 1, 1, 1, 1, 1, 1, 0, 1, 0, 0, 0, 1, 1, 0, 1, 1, 1]",24,12,12,15,8,7,2.041997230671358,2.9704882894736944,2.0161290322580645
Premier_League,2022,Brighton,"[1, 1, 1, 0, 1, 0, 0, 0, 1, 1, 0, 1, 0, 1, 1, 1, 0, 1, 1, 1, 0, 1, 0, 1, 1, 0, 1, 0, 1, 0]",30,15,15,18,9,9,1.6756468783580716,2.0,1.5748031496062993
Premier_League,2022,Chelsea,"[1, 0, 1, 0, 1, 1, 1, 1, 0, 0, 0, 1, 0, 0, 1, 0, 0, 1, 1, 0, 0, 0, 0, 0, 1, 0, 0]",27,14,13,11,7,4,3.004756359851972,6.460827370308542,3.937007874015748
Premier_League,2022,Crystal Palace,"[0, 1, 0, 0, 1, 1, 0, 1, 1, 0, 0, 1, 0, 0, 0, 0, 0, 0, 0, 1, 1, 1, 0, 1, 0, 1]",26,13,13,11,6,5,1.9765389138057148,2.8926884770650925,2.1321961620469083
Premier_League,2022,Everton,"[0, 0, 1, 1, 0, 0, 0, 1, 0, 0, 0, 0, 0, 0, 1, 0, 1, 0, 0, 1, 0, 0, 0, 1, 0, 1]",26,13,13,8,3,5,1.221969926728363,1.2464289390402543,1.1049723756906078
Premier_League,2022,Fulham,"[1, 0, 1, 0, 1, 0, 0, 1, 1, 0, 0, 1, 1, 1, 1, 0, 0, 1, 1, 0, 0, 0, 0, 1, 1, 0, 0, 0, 1, 1, 0]",31,16,15,15,9,6,2.862765580742819,5.47058459211256,3.3222591362126246
Premier_League,2022,Leeds,"[1, 1, 0, 0, 0, 0, 0, 0, 1, 1, 0, 0, 0, 0, 0, 0, 1, 0, 1, 0, 1, 0, 0, 0, 0, 0, 0, 0]",28,14,14,7,4,3,1.918134184918154,3.0187741327422106,1.976284584980237
Premier_League,2022,Leicester,"[0, 0, 0, 0, 0, 0, 1, 0, 1, 1, 0, 1, 1, 0, 0, 0, 0, 1, 1, 0, 0, 0, 0, 0, 0, 0, 0, 1, 0, 0, 1]",31,16,15,9,5,4,1.8219668311652022,2.568232696913777,1.9083969465648856
Premier_League,2022,Liverpool,"[0, 1, 1, 0, 1, 1, 0, 0, 1, 1, 1, 1, 0, 0, 0, 1, 1, 1, 1, 0, 0, 1, 1, 1, 1, 1, 1, 1]",28,14,14,19,8,11,1.1403848103651506,1.126611601022543,1.0395010395010396
Premier_League,2022,Man City,"[1, 1, 1, 1, 1, 1, 1, 0, 1, 1, 1, 0, 1, 1, 0, 1, 1, 0, 1, 1, 1, 1, 1, 1, 1, 1, 1, 1, 1, 1, 1, 1, 0]",33,17,16,28,14,14,1.3856886359912752,1.5154299599902785,1.256281407035176
Premier_League,2022,Man United,"[0, 0, 1, 1, 1, 1, 0, 1, 1, 1, 0, 1, 1, 1, 1, 1, 0, 1, 1, 1, 0, 0, 1, 1, 1, 1, 0, 0, 1, 1, 1, 1]",32,16,16,23,12,11,2.0691409914532803,2.881065531983058,1.996007984031936
Premier_League,2022,Newcastle,"[1, 0, 1, 1, 1, 1, 1, 1, 1, 1, 1, 0, 0, 1, 1, 1, 1, 1, 0, 1, 1, 1, 0, 1]",24,12,12,19,10,9,2.123108429156708,3.2508264527152875,2.0
Premier_League,2022,Nottm Forest,"[0, 1, 0, 0, 0, 0, 0, 0, 1, 0, 1, 0, 1, 1, 1, 0, 0, 0, 0, 0, 0, 0, 0, 1, 0, 1, 1]",27,14,13,9,5,4,1.8114671956806268,2.5466317660905053,1.893939393939394
Premier_League,2022,Southampton,"[0, 1, 0, 1, 0, 0, 0, 0, 1, 0, 0, 0, 0, 0, 0, 1, 0, 0, 0, 1, 0, 1, 0, 0, 0, 0, 0, 0, 0, 0, 0]",31,16,15,6,4,2,2.366231518760444,4.86292276415419,2.710027100271003
Premier_League,2022,Tottenham,"[1, 1, 1, 1, 1, 0, 1, 1, 0, 0, 1, 0, 1, 0, 1, 0, 0, 1, 1, 0, 1, 1, 0, 1, 1, 0, 0, 0, 1, 0, 0, 1]",32,16,16,18,10,8,2.517949205927246,4.2013850488496525,2.710027100271003
Premier_League,2022,West Ham,"[0, 0, 0, 1, 0, 0, 1, 1, 0, 1, 0, 0, 0, 0, 0, 0, 1, 0, 1, 0, 1, 0, 1, 1, 0, 0, 0, 1, 0, 1, 0]",31,16,15,11,4,7,1.13799765185277,1.1158677033977469,1.0548523206751055
Premier_League,2022,Wolves,"[0, 0, 1, 0, 0, 0, 1, 0, 0, 0, 0, 1, 0, 1, 0, 1, 1, 0, 0, 1, 0, 0, 1, 1, 0, 1, 0, 1, 0, 0]",30,15,15,11,4,7,1.1660227687898326,1.1465946153878563,1.0660980810234542
Premier_League,2023,Arsenal,"[1, 1, 1, 1, 1, 1, 1, 0, 1, 1, 1, 1, 0, 1, 0, 0, 1, 1, 1, 1, 1, 1, 1, 1, 1, 1, 0, 1, 1, 1, 1, 1, 1]",33,17,16,28,13,15,1.0777737549222652,1.0908010400347226,1.0183299389002036
Premier_League,2023,Aston Villa,"[0, 1, 1, 0, 1, 1, 1, 1, 1, 0, 1, 1, 1, 1, 1, 0, 1, 0, 1, 0, 1, 1, 1, 0, 1, 0, 1, 1, 0, 0]",30,15,15,20,12,8,4.925163392299065,16.48325605371109,8.177283506419167
Premier_League,2023,Bournemouth,"[0, 0, 0, 0, 0, 0, 1, 0, 1, 1, 1, 1, 1, 1, 0, 0, 0, 0, 1, 1, 1, 1, 0, 0, 1, 1, 0, 0, 0]",29,15,14,13,7,6,1.8137160467771012,2.3903802471936064,1.7825311942959001
Premier_League,2023,Brentford,"[1, 0, 0, 0, 1, 1, 1, 0, 0, 1, 0, 0, 0, 0, 0, 1, 0, 0, 1, 0, 0, 0, 0, 0, 1, 1, 0, 1, 0]",29,15,14,10,5,5,1.5243442158298037,1.8063123857418013,1.4164305949008498
Premier_League,2023,Brighton,"[1, 1, 0, 1, 1, 1, 0, 0, 1, 0, 1, 0, 1, 0, 1, 0, 1, 0, 1, 0, 0, 0, 0, 1, 0, 0]",26,13,13,12,8,4,4.919015616099991,17.303747393331143,8.471704506946798
Premier_League,2023,Burnley,"[0, 0, 0, 0, 0, 1, 0, 0, 0, 0, 0, 0, 1, 0, 0, 1, 0, 0, 0, 0, 0, 0, 0, 1, 0, 1, 0, 0, 0]",29,15,14,5,2,3,1.2677687212207636,1.3928975292929033,1.1764705882352942
Premier_League,2023,Chelsea,"[0, 1, 0, 0, 1, 1, 0, 1, 0, 1, 0, 0, 1, 0, 1, 1, 1, 0, 0, 1, 1, 1, 1, 0, 1, 1, 1, 1, 1]",29,15,14,18,7,11,1.0580269137100597,1.0399460889896046,1.015228426395939
Premier_League,2023,Crystal Palace,"[1, 0, 1, 0, 1, 0, 0, 1, 0, 0, 0, 0, 0, 1, 0, 1, 0, 0, 1, 0, 0, 0, 1, 1, 1, 1, 1, 1]",28,14,14,13,5,8,1.1655130865903642,1.1465412140302207,1.0626992561105206
Premier_League,2023,Everton,"[0, 0, 0, 0, 1, 0, 1, 0, 1, 1, 0, 1, 1, 1, 1, 0, 0, 0, 0, 0, 0, 0, 1, 0, 1, 1, 1, 1, 0]",29,15,14,13,8,5,2.922830080056166,5.875355368060922,3.225806451612903
Premier_League,2023,Fulham,"[1, 0, 0, 1, 0, 1, 0, 0, 0, 1, 0, 1, 1, 0, 0, 0, 1, 0, 1, 0, 1, 1, 0, 1, 0, 0, 1, 0, 0, 1]",30,15,15,13,6,7,1.426420240978409,1.553454308643979,1.2642225031605563
Premier_League,2023,Liverpool,"[1, 1, 1, 1, 1, 0, 1, 1, 1, 1, 1, 1, 1, 1, 1, 1, 0, 1, 1, 1, 1, 1, 1, 0, 1, 0, 1, 1]",28,14,14,24,13,11,3.0980124107883453,7.140633069983435,3.4246575342465753
Premier_League,2023,Luton,"[0, 0, 0, 0, 1, 0, 0, 0, 0, 1, 0, 0, 0, 1, 1, 0, 1, 0, 0, 0, 0, 0, 0, 0, 1, 0, 0, 0, 0, 0]",30,15,15,6,4,2,2.512416303240131,5.535406238226222,3.2467532467532467
Premier_League,2023,Man City,"[1, 1, 1, 1, 1, 1, 0, 0, 1, 1, 1, 0, 1, 1, 1, 1, 1, 1, 1, 1, 1, 1, 1, 1, 1, 1, 1, 1, 1, 1, 1]",31,16,15,28,13,15,1.0,1.0403823203713451,1.0
Premier_League,2023,Man United,"[1, 0, 1, 0, 0, 1, 0, 1, 1, 0, 1, 1, 1, 0, 1, 0, 0, 1, 0, 1, 1, 1, 1, 0, 0, 1, 0, 1, 0, 0, 1, 1]",32,16,16,18,9,9,1.6806258940555632,2.0,1.5360983102918586
Premier_League,2023,Newcastle,"[1, 0, 0, 0, 1, 1, 1, 1, 1, 0, 1, 1, 0, 0, 1, 0, 0, 0, 0, 1, 1, 0, 1, 0, 1, 1, 1, 0, 1, 1, 0, 1]",32,16,16,18,9,9,1.6806258940555632,2.0,1.550387596899225
Premier_League,2023,Nottm Forest,"[0, 1, 0, 1, 0, 0, 1, 0, 0, 0, 0, 0, 0, 1, 1, 0, 0, 0, 1, 0, 0, 0, 1, 0, 0, 0, 1, 0, 1]",29,15,14,9,5,4,1.8171642779963417,2.5582213856154716,1.8315018315018314
Premier_League,2023,Sheffield United,"[0, 0, 0, 0, 0, 0, 0, 0, 0, 1, 0, 0, 0, 1, 0, 0, 0, 0, 0, 1, 0, 0, 0, 0, 0, 0, 0, 0, 0, 0, 0]",31,16,15,3,2,1,1.7655910090854823,3.43045512363755,1.8832391713747645
Premier_League,2023,Tottenham,"[1, 1, 1, 1, 1, 1, 1, 1, 0, 0, 0, 0, 1, 1, 1, 0, 1, 1, 1, 0, 1, 1, 0, 1, 1, 0, 0, 0, 0, 1, 0, 1]",32,16,16,20,11,9,2.559326799309099,4.299144643591379,2.9069767441860463
Premier_League,2023,West Ham,"[1, 1, 1, 0, 0, 1, 0, 0, 0, 1, 1, 1, 0, 1, 1, 1, 0, 0, 0, 1, 1, 0, 1, 0, 0, 0, 1, 0]",28,14,14,14,8,6,2.529956763434219,4.447490501346341,2.840909090909091
Premier_League,2023,Wolves,"[0, 0, 1, 0, 0, 1, 1, 0, 1, 0, 0, 1, 0, 1, 1, 1, 0, 1, 0, 1, 1, 0, 1, 0, 0, 0, 0, 1, 0, 0, 0]",31,16,15,13,8,5,2.8996857479598197,5.758225761303373,3.6101083032490973
Premier_League,2024,Arsenal,"[1, 1, 1, 1, 1, 0, 0, 1, 1, 1, 1, 1, 1, 1, 1, 1, 1, 0, 1, 1, 1, 0, 1, 1]",24,12,12,20,10,10,1.6163774630092107,2.0,1.4104372355430184
Premier_League,2024,Aston Villa,"[1, 0, 1, 1, 1, 1, 0, 0, 0, 1, 1, 0, 1, 0, 1, 1, 0, 1, 0, 1, 1, 1, 1, 1, 0, 1, 1, 1, 0]",29,15,14,19,9,10,1.3032041067182132,1.3491754685362924,1.1737089201877935
Premier_League,2024,Bournemouth,"[1, 0, 0, 1, 0, 1, 1, 0, 0, 1, 1, 1, 1, 1, 1, 1, 0, 1, 0, 0, 0, 0, 1, 1, 0, 0, 1]",27,14,13,15,9,6,2.932327819116243,5.823339342313051,3.389830508474576
Premier_League,2024,Brentford,"[1, 0, 1, 0, 0, 1, 0, 1, 0, 1, 1, 0, 1, 0, 0, 0, 1, 0, 1, 0, 1, 1, 0, 1, 0, 1, 1, 1, 1, 0]",30,15,15,16,7,9,1.2822733383313059,1.3022650338724133,1.145475372279496
Premier_League,2024,Brighton,"[1, 1, 0, 1, 1, 0, 1, 1, 0, 0, 1, 1, 0, 0, 1, 1, 1, 1, 0, 0, 0, 1, 1, 1, 1]",25,13,12,16,8,8,1.4708481968310905,1.6522935832009673,1.3458950201884252
Premier_League,2024,Chelsea,"[0, 1, 1, 1, 1, 0, 1, 1, 1, 1, 1, 1, 0, 0, 1, 0, 1, 0, 0, 1, 1, 0, 1, 1, 1, 1, 0, 1, 1]",29,15,14,20,11,9,2.223744144141939,3.340558766918102,2.237136465324385
Premier_League,2024,Crystal Palace,"[0, 0, 0, 0, 0, 1, 0, 1, 1, 0, 1, 1, 1, 0, 1, 0, 1, 1, 1, 1, 0, 0, 1, 1]",24,12,12,13,5,8,1.1393262544582814,1.1230052380468991,1.0427528675703859
Premier_League,2024,Everton,"[0, 0, 0, 0, 1, 1, 0, 0, 1, 0, 0, 0, 1, 1, 1, 1, 0, 1, 0, 0, 1, 1, 1]",23,12,11,11,3,8,1.0240578006127397,1.011165299765466,1.0040160642570282
Premier_League,2024,Fulham,"[0, 1, 1, 1, 0, 0, 1, 1, 0, 1, 1, 0, 1, 0, 1, 1, 0, 1, 0, 1, 0, 1, 0, 0, 1, 0, 0, 1, 0]",29,15,14,15,9,6,2.8927652183629156,5.619271194285363,3.236245954692557
Premier_League,2024,Ipswich,"[0, 0, 0, 0, 0, 1, 0, 0, 0, 1, 0, 0, 1, 0, 0, 0, 0, 0, 0, 0, 0, 1, 0, 0, 0, 0, 0, 0]",28,14,14,4,3,1,2.5964281531216575,7.140633069983433,3.5587188612099645
Premier_League,2024,Leicester,"[0, 0, 0, 1, 1, 0, 0, 0, 0, 1, 0, 0, 0, 0, 0, 0, 0, 1, 0, 0, 0, 0, 0, 0, 0, 0, 0, 0, 1, 1, 0]",31,16,15,6,3,3,1.4875281741654942,1.8688961605013035,1.4005602240896358
Premier_League,2024,Liverpool,"[1, 1, 1, 0, 1, 1, 1, 1, 1, 1, 1, 1, 1, 1, 1, 1, 1, 1, 1, 1, 1, 1, 1, 0, 1, 1, 1, 0, 0]",29,15,14,25,14,11,3.3034693603424374,8.021734535248276,3.7037037037037037
Premier_League,2024,Man City,"[1, 1, 1, 1, 1, 1, 1, 0, 0, 0, 0, 1, 0, 0, 1, 1, 1, 1, 0, 1, 0, 1, 0, 1, 1, 1, 1, 1, 1, 1]",30,15,15,21,9,12,1.1452493588570205,1.131220262965327,1.0515247108307044
Premier_League,2024,Man United,"[1, 0, 0, 1, 0, 1, 0, 1, 1, 0, 0, 1, 0, 0, 0, 1, 0, 1, 0, 0, 1, 1, 0, 0, 0, 0, 0, 0, 1]",29,15,14,11,6,5,1.8172633910426899,2.462670581832049,1.757469244288225
Premier_League,2024,Newcastle,"[1, 1, 1, 0, 0, 0, 1, 1, 0, 0, 1, 1, 1, 1, 1, 1, 0, 1, 0, 0, 1, 0, 1, 1, 1, 1, 1, 0, 1, 1, 0, 0]",32,16,16,20,11,9,2.559326799309099,4.299144643591379,2.73224043715847
Premier_League,2024,Nott'm Forest,"[1, 1, 1, 1, 0, 1, 0, 0, 1, 1, 1, 0, 0, 1, 0, 1, 0]",17,9,8,10,6,4,2.3075936651931186,4.116536534324099,2.320185614849188
Premier_League,2024,Nottm Forest,"[1, 1, 0, 1, 1, 1, 0, 0, 1, 0, 1, 1, 1]",13,7,6,9,5,4,1.6770281482263862,2.345005540791239,1.4880952380952381
Premier_League,2024,Southampton,"[0, 0, 0, 0, 0, 0, 0, 0, 1, 0, 0, 0, 0, 0, 0, 0, 0, 0, 0, 0, 1, 0, 0, 0, 0, 0, 0, 0, 0, 0, 0, 0]",32,16,16,2,1,1,1.3589051446337646,2.0,1.3054830287206267
Premier_League,2024,Tottenham,"[1, 0, 0, 1, 1, 0, 1, 0, 1, 0, 1, 0, 0, 1, 0, 0, 0, 0, 0, 0, 1, 1, 1, 0, 0, 0, 1, 0, 0, 0, 0, 0, 0]",33,17,16,11,7,4,2.9487804066051098,6.162691635194097,3.6496350364963503
Premier_League,2024,West Ham,"[0, 1, 0, 0, 1, 0, 1, 0, 1, 0, 0, 1, 1, 0, 0, 1, 0, 0, 0, 1, 1, 0, 0, 0, 0, 1, 0, 1]",28,14,14,11,6,5,1.9683259886695428,2.862086060341679,1.9841269841269842
Premier_League,2024,Wolves,"[0, 0, 0, 0, 0, 0, 0, 1, 1, 0, 0, 0, 0, 1, 1, 0, 0, 0, 0, 1, 0, 1, 0, 1, 1, 1, 1, 1, 1, 0, 0, 0]",32,16,16,12,4,8,1.1110339342837554,1.0776599678533099,1.0362694300518134
La_Liga,2000,Alaves,"[1, 0, 1, 1, 1, 0, 1, 0, 0, 1, 0, 1, 0, 0, 0, 0, 1, 0, 1, 1, 1, 1, 1, 0, 0, 1, 0, 0, 0, 0, 0]",31,16,15,14,7,7,1.5413791281547766,1.7706325310026498,1.4204545454545454
La_Liga,2000,Ath Bilbao,"[0, 1, 0, 1, 0, 0, 1, 0, 1, 0, 1, 0, 1, 1, 0, 1, 0, 1, 0, 0, 0, 1, 1, 0, 0, 0, 0, 0]",28,14,14,11,7,4,3.355383909897206,8.140032960369352,4.484304932735426
La_Liga,2000,Barcelona,"[1, 0, 1, 0, 1, 1, 0, 1, 0, 0, 1, 1, 1, 1, 1, 1, 1, 0, 0, 1, 1, 0, 1, 1, 0, 1]",26,13,13,17,8,9,1.4047741514484497,1.5153465600439988,1.267427122940431
La_Liga,2000,Celta,"[1, 1, 1, 0, 0, 1, 0, 1, 0, 0, 0, 0, 0, 0, 1, 1, 1, 1, 1, 1, 1, 0, 1, 1, 0, 1, 1]",27,14,13,16,5,11,1.011166853196928,1.0049081273606963,1.001001001001001
La_Liga,2000,Espanol,"[1, 0, 0, 0, 0, 1, 1, 1, 1, 0, 0, 0, 0, 1, 0, 1, 1, 1, 0, 0, 1, 1, 0, 1, 1, 0, 0, 0, 1, 0]",30,15,15,14,6,8,1.2798844210338414,1.3022650338724133,1.1389521640091116
La_Liga,2000,La Coruna,"[1, 1, 1, 0, 1, 1, 0, 1, 1, 1, 0, 1, 0, 1, 1, 1, 1, 1, 0, 1, 0, 1, 0, 1, 0, 1, 1, 1, 0, 1, 1]",31,16,15,22,12,10,2.2165941034170693,3.281522447058705,2.2573363431151243
La_Liga,2000,Las Palmas,"[0, 0, 1, 1, 1, 0, 0, 0, 1, 1, 0, 0, 1, 1, 1, 0, 1, 0, 0, 0, 0, 1, 0, 0, 0, 1, 0, 1, 0, 0, 1]",31,16,15,13,8,5,2.8996857479598197,5.758225761303373,3.3112582781456954
La_Liga,2000,Malaga,"[0, 1, 0, 0, 1, 1, 0, 0, 1, 0, 1, 0, 1, 1, 1, 0, 0, 0, 0, 1, 1, 1, 0, 1, 1, 1, 0, 1, 1, 0]",30,15,15,16,8,8,1.6683818641526431,2.0,1.5822784810126582
La_Liga,2000,Mallorca,"[0, 0, 0, 1, 1, 1, 1, 1, 0, 1, 1, 1, 0, 1, 1, 0, 1, 1, 1, 1, 1, 0, 1, 1, 1, 1, 1]",27,14,13,20,9,11,1.1263670771923944,1.1289363426218153,1.0362694300518134
La_Liga,2000,Numancia,"[1, 0, 0, 1, 0, 0, 1, 0, 0, 0, 0, 1, 0, 0, 1, 0, 0, 1, 0, 1, 0, 0, 0, 0, 0, 1, 1, 0, 1]",29,15,14,10,5,5,1.5243442158298037,1.8063123857418013,1.4347202295552368
La_Liga,2000,Osasuna,"[0, 1, 0, 0, 0, 0, 0, 1, 0, 1, 0, 0, 0, 0, 0, 1, 1, 0, 1, 0, 1, 1, 0, 0, 1, 1]",26,13,13,10,3,7,1.0856472264657993,1.0564479778026155,1.0224948875255624
La_Liga,2000,Oviedo,"[0, 0, 1, 1, 0, 1, 0, 1, 1, 0, 1, 0, 1, 0, 0, 0, 1, 0, 0, 0, 0, 0, 1, 0, 0, 1, 0, 0, 1, 0]",30,15,15,11,7,4,3.298789871535597,7.821532955724364,4.329004329004329
La_Liga,2000,Real Madrid,"[1, 1, 1, 0, 1, 0, 0, 1, 1, 1, 1, 1, 1, 1, 1, 1, 1, 1, 0, 1, 1, 0, 1, 1, 1, 1, 0, 1, 1, 1]",30,15,15,24,12,12,1.6611936130664853,2.0,1.4992503748125936
La_Liga,2000,Santander,"[0, 0, 0, 1, 0, 1, 0, 0, 0, 1, 0, 0, 0, 0, 0, 0, 1, 0, 1, 0, 1, 0, 1, 1, 0, 0, 1, 0, 1]",29,15,14,10,3,7,1.0746697676032568,1.0468039746724085,1.0204081632653061
La_Liga,2000,Sociedad,"[0, 0, 1, 0, 0, 1, 0, 0, 1, 0, 0, 0, 0, 0, 1, 0, 1, 0, 1, 0, 1, 1, 0, 0, 1, 1, 1, 0]",28,14,14,11,3,8,1.0548851444488196,1.0272314659787647,1.0121457489878543
La_Liga,2000,Valencia,"[0, 1, 1, 1, 1, 1, 1, 0, 1, 1, 1, 1, 0, 0, 0, 1, 1, 1, 1, 0, 0, 1, 0, 1, 1, 0, 1, 0, 0]",29,15,14,18,10,8,2.223595735426457,3.3480067646370975,2.4813895781637716
La_Liga,2000,Valladolid,"[1, 0, 0, 1, 0, 1, 0, 1, 0, 1, 1, 0, 1, 0, 0, 0, 0, 0, 1, 0, 0, 1, 0]",23,12,11,9,6,3,3.1524310523127923,7.558906938085354,4.132231404958677
La_Liga,2000,Vallecano,"[1, 1, 1, 0, 0, 1, 1, 0, 1, 0, 1, 0, 0, 1, 0, 0, 0, 1, 0, 0, 0, 0, 0, 1, 0]",25,13,12,10,7,3,4.437792045059089,14.1516773767228,6.940106877645916
La_Liga,2000,Villarreal,"[0, 1, 1, 0, 0, 1, 1, 0, 0, 1, 1, 0, 1, 0, 1, 1, 1, 1, 0, 0, 1, 0, 0, 1, 1, 0, 1, 0, 1]",29,15,14,16,8,8,1.5200667549213656,1.7192277091237715,1.4164305949008498
La_Liga,2000,Zaragoza,"[0, 0, 0, 1, 1, 0, 1, 1, 1, 0, 0, 1, 0, 1, 0, 0, 0, 1, 0, 0, 1, 0, 0]",23,12,11,9,6,3,3.1524310523127923,7.558906938085354,3.816793893129771
La_Liga,2001,Alaves,"[1, 1, 0, 1, 0, 1, 1, 0, 1, 1, 0, 1, 1, 0, 0, 1, 1, 0, 0, 1, 0, 0, 0, 0, 1, 0, 0, 1, 0, 1, 0, 1, 0, 0, 1]",35,18,17,17,11,6,5.062767127289619,15.788681065575648,8.571918395336876
La_Liga,2001,Ath Bilbao,"[1, 0, 1, 1, 0, 0, 1, 1, 1, 1, 1, 0, 1, 0, 0, 1, 1, 0, 1, 0, 1, 0, 0, 0, 0, 0, 1]",27,14,13,14,9,5,4.068661615511714,11.133362611814682,5.649717514124294
La_Liga,2001,Barcelona,"[1, 1, 1, 1, 0, 1, 0, 1, 0, 0, 1, 0, 1, 1, 0, 0, 1, 1, 1, 0, 1, 0, 1, 1, 1, 0, 1, 1]",28,14,14,18,9,9,1.668616179586344,2.0,1.5698587127158556
La_Liga,2001,Betis,"[0, 1, 1, 1, 1, 1, 0, 0, 0, 1, 1, 1, 1, 0, 0, 1, 1, 1, 1, 0, 1, 1, 0, 0]",24,12,12,15,8,7,2.041997230671358,2.9704882894736944,2.0161290322580645
La_Liga,2001,Celta,"[1, 1, 1, 1, 0, 0, 0, 1, 1, 1, 1, 1, 1, 0, 0, 0, 1, 1, 1, 1, 0, 0, 1, 1, 0, 0]",26,13,13,16,10,6,5.130203371589748,18.715426467476895,8.84251481121231
La_Liga,2001,Espanol,"[1, 0, 0, 0, 1, 1, 0, 1, 0, 0, 1, 0, 1, 0, 1, 0, 0, 1, 1, 1, 1, 0, 0, 0, 1, 0, 1, 0, 0, 0]",30,15,15,13,7,6,1.981164112156975,2.8068338874262353,2.05761316872428
La_Liga,2001,La Coruna,"[1, 1, 0, 1, 1, 1, 1, 0, 1, 0, 1, 0, 0, 1, 1, 0, 0, 1, 0, 1, 0, 1, 1, 1, 1, 1, 1, 0, 1, 1]",30,15,15,20,10,10,1.6780347465021415,2.0,1.5174506828528074
La_Liga,2001,Las Palmas,"[1, 0, 0, 0, 1, 0, 1, 0, 1, 0, 0, 1, 1, 1, 0, 0, 0, 0, 0, 1, 0, 1, 0, 0, 0]",25,13,12,9,6,3,3.123826759304197,7.381478532763724,3.745318352059925
La_Liga,2001,Malaga,"[1, 0, 0, 0, 1, 1, 0, 0, 1, 0, 1, 0, 1, 0, 1, 1, 0, 1, 1, 1, 1, 0, 0, 1]",24,12,12,13,5,8,1.1393262544582814,1.1230052380468991,1.0649627263045793
La_Liga,2001,Mallorca,"[0, 1, 0, 0, 0, 0, 1, 0, 1, 1, 0, 1, 0, 0, 0, 1, 1, 0, 0, 0, 0, 1, 1, 0, 1, 0, 0, 1]",28,14,14,11,5,6,1.4047185470557153,1.5370321067848536,1.2936610608020698
La_Liga,2001,Osasuna,"[0, 0, 1, 1, 1, 0, 0, 1, 0, 0, 0, 0, 1, 0, 1, 1, 1, 0, 0, 0, 0, 0, 1, 0, 1, 0]",26,13,13,10,5,5,1.6144076428525194,2.0,1.550387596899225
La_Liga,2001,Real Madrid,"[0, 0, 1, 0, 1, 1, 1, 0, 1, 1, 1, 1, 1, 1, 1, 0, 0, 1, 0, 1, 1, 1, 1, 1, 1, 0, 1, 0, 0]",29,15,14,19,11,8,2.9071441427411284,5.565768219774288,3.401360544217687
La_Liga,2001,Sevilla,"[0, 1, 1, 0, 1, 0, 1, 0, 1, 0, 1, 0, 1, 0, 1, 1, 0, 0, 1, 0, 0, 0, 0, 1, 1, 1, 1]",27,14,13,14,7,7,1.5121956885368906,1.7265138503815158,1.3908205841446453
La_Liga,2001,Sociedad,"[0, 0, 0, 0, 0, 0, 1, 1, 1, 0, 0, 1, 0, 0, 1, 0, 0, 0, 1, 0, 1, 1, 0, 1, 1, 0, 1, 0, 1, 1]",30,15,15,13,5,8,1.1748549394474508,1.1554171690220127,1.0764262648008611
La_Liga,2001,Tenerife,"[0, 0, 1, 0, 0, 1, 1, 0, 0, 0, 1, 1, 0, 0, 0, 1, 0, 0, 0, 0, 1, 1, 0, 0, 0, 1, 0, 0, 1, 0]",30,15,15,10,5,5,1.6171499702466807,2.0,1.4814814814814814
La_Liga,2001,Valencia,"[1, 1, 1, 1, 1, 0, 0, 1, 1, 1, 0, 0, 1, 1, 1, 1, 1, 1, 0, 1, 1, 1, 1, 1, 1, 1]",26,13,13,21,9,12,1.06639174482282,1.0726615919185754,1.0309278350515463
La_Liga,2001,Valladolid,"[0, 1, 0, 0, 1, 1, 0, 1, 0, 1, 0, 1, 0, 0, 1, 1, 1, 0, 1, 0, 1, 0, 0, 0, 0, 1, 1, 0, 0]",29,15,14,13,7,6,1.8137160467771012,2.3903802471936064,1.7889087656529516
La_Liga,2001,Vallecano,"[0, 0, 0, 0, 0, 0, 1, 0, 1, 0, 1, 0, 0, 0, 1, 1, 0, 1, 0, 1, 0, 1, 0, 1, 1, 1, 1, 1]",28,14,14,13,3,10,1.0153153441355702,1.0040106122304924,1.0
La_Liga,2001,Villarreal,"[1, 1, 0, 1, 1, 0, 0, 0, 0, 1, 1, 0, 0, 0, 0, 1, 0, 1, 0, 0, 0, 1, 0, 1, 0, 0, 1, 0]",28,14,14,11,6,5,1.9683259886695428,2.862086060341679,2.0366598778004072
La_Liga,2001,Zaragoza,"[0, 1, 0, 1, 1, 0, 0, 0, 1, 1, 0, 1, 0, 0, 0, 1, 0, 0, 1, 0, 1, 0, 0, 0, 0, 0, 0, 0]",28,14,14,9,6,3,3.414243374684537,8.898170404005489,4.25531914893617
La_Liga,2002,Alaves,"[0, 1, 0, 0, 0, 1, 0, 1, 0, 1, 0, 1, 1, 0, 1, 0, 0, 0, 0, 0, 0, 0, 1, 0, 0, 0, 0]",27,14,13,8,6,2,4.746730794489916,16.909506658513124,7.841907151819322
La_Liga,2002,Ath Bilbao,"[0, 0, 0, 1, 0, 1, 1, 1, 0, 0, 0, 1, 1, 0, 0, 1, 1, 0, 0, 1, 0, 1, 1, 1, 1, 1, 1, 0]",28,14,14,15,6,9,1.1649778789246619,1.1465412140302205,1.0787486515641855
La_Liga,2002,Ath Madrid,"[1, 0, 1, 1, 1, 0, 1, 0, 0, 0, 1, 0, 1, 1, 0, 1, 1, 0, 0, 0, 0, 0, 1, 1, 0, 0, 0]",27,14,13,12,8,4,4.159468507932459,11.89050938720815,6.0606060606060606
La_Liga,2002,Barcelona,"[1, 1, 0, 0, 1, 1, 0, 0, 0, 0, 1, 1, 0, 0, 0, 1, 1, 1, 0, 0, 1, 1, 0, 1, 1, 1, 1]",27,14,13,15,6,9,1.1108279912740078,1.0918230694676767,1.0405827263267429
La_Liga,2002,Betis,"[1, 1, 0, 1, 1, 0, 1, 1, 0, 1, 0, 1, 1, 0, 0, 1, 0, 0, 0, 1, 0, 0, 0, 1, 1, 1]",26,13,13,14,9,5,4.952093938005713,17.303747393331143,8.373806732540613
La_Liga,2002,Celta,"[1, 1, 1, 1, 0, 0, 1, 0, 1, 1, 0, 1, 0, 0, 0, 1, 0, 1, 1, 0, 1, 1, 1, 1, 0, 1, 1, 0]",28,14,14,17,8,9,1.4245592388561574,1.537032106784853,1.2468827930174564
La_Liga,2002,Espanol,"[0, 0, 0, 0, 1, 1, 0, 0, 0, 0, 1, 0, 0, 1, 0, 1, 1, 0, 0, 1, 1, 1, 1, 0, 0]",25,13,12,10,3,7,1.0607940218887384,1.0374625703380653,1.0090817356205852
La_Liga,2002,La Coruna,"[0, 1, 1, 1, 0, 0, 1, 1, 1, 1, 1, 0, 1, 0, 1, 1, 1, 1, 1, 1, 0, 1, 1, 1, 0, 1, 1, 0, 0, 1, 0, 1]",32,16,16,22,11,11,1.6860487706131637,2.0,1.6129032258064515
La_Liga,2002,Malaga,"[1, 1, 1, 0, 0, 1, 0, 0, 0, 1, 1, 0, 0, 0, 1, 0, 1, 1, 1, 0, 0, 0, 0, 1, 0]",25,13,12,11,6,5,1.8011572900901784,2.4350205521816366,1.7699115044247788
La_Liga,2002,Mallorca,"[0, 0, 0, 1, 1, 1, 1, 1, 1, 1, 0, 0, 0, 0, 1, 0, 0, 0, 0, 0, 1, 1, 1, 1, 0, 1, 0, 1]",28,14,14,14,7,7,1.653613241824788,2.0,1.550387596899225
La_Liga,2002,Osasuna,"[0, 0, 0, 1, 0, 0, 0, 1, 1, 1, 1, 0, 0, 1, 0, 1, 0, 0, 0, 0, 0, 1, 0, 1, 1, 1, 1]",27,14,13,12,6,6,1.5175105332061893,1.759386916159739,1.4245014245014245
La_Liga,2002,Real Madrid,"[1, 1, 1, 0, 1, 1, 1, 1, 1, 1, 1, 1, 0, 1, 1, 1, 1, 1, 1, 0, 1, 0, 1, 1, 1, 1]",26,13,13,22,11,11,1.6217929048170818,2.0,1.3869625520110958
La_Liga,2002,Recreativo,"[0, 0, 0, 0, 0, 1, 0, 0, 1, 0, 0, 0, 0, 1, 0, 0, 1, 1, 1, 1, 0, 1, 0, 0, 0, 0]",26,13,13,8,2,6,1.0760234925245085,1.0466778650845106,1.0101010101010102
La_Liga,2002,Santander,"[0, 1, 0, 1, 1, 0, 0, 0, 0, 1, 0, 1, 1, 0, 0, 0, 0, 0, 1, 1, 1, 0, 0, 0, 0, 1, 1, 1, 0, 0, 1, 0, 0]",33,17,16,13,6,7,1.3642317738787741,1.4485450053012874,1.2658227848101267
La_Liga,2002,Sevilla,"[0, 0, 1, 0, 1, 0, 0, 1, 1, 0, 1, 0, 1, 0, 1, 1, 1, 1, 0, 1, 0, 0, 0, 1, 1, 0, 0]",27,14,13,13,6,7,1.3258749661237057,1.3966438877911838,1.2224938875305624
La_Liga,2002,Sociedad,"[1, 1, 1, 1, 1, 1, 1, 1, 1, 1, 1, 1, 0, 0, 1, 0, 1, 1, 0, 1, 1, 0, 1, 1, 1, 1, 0, 1]",28,14,14,22,12,10,2.843482019820793,5.602534042157461,3.076923076923077
La_Liga,2002,Valencia,"[1, 1, 1, 0, 1, 1, 0, 1, 1, 1, 0, 0, 1, 1, 1, 1, 1, 0, 0, 0, 1, 0, 1, 0, 0, 1, 0, 0, 1]",29,15,14,17,11,6,5.656916997835949,20.85893760147531,10.262725779967159
La_Liga,2002,Valladolid,"[1, 1, 0, 0, 1, 0, 0, 1, 0, 0, 0, 1, 0, 1, 1, 0, 1, 0, 0, 0, 1, 0, 0, 0, 1, 1, 0, 1]",28,14,14,12,6,6,1.6379481654980252,2.0,1.594896331738437
La_Liga,2002,Vallecano,"[0, 1, 0, 1, 0, 0, 0, 0, 0, 1, 1, 0, 1, 0, 0, 0, 1, 0, 0, 0, 1, 0, 0, 0, 0, 0, 0]",27,14,13,7,5,2,3.275052459136128,8.755765206813042,4.901960784313726
La_Liga,2002,Villarreal,"[0, 0, 1, 0, 0, 1, 1, 0, 0, 1, 1, 0, 1, 1, 0, 0, 1, 0, 0, 1, 0, 0, 1, 1, 0, 0]",26,13,13,11,6,5,1.9765389138057148,2.8926884770650925,1.9880715705765408
La_Liga,2003,Albacete,"[0, 0, 0, 0, 1, 0, 1, 0, 1, 0, 0, 0, 1, 1, 1, 0, 0, 0, 0, 1, 1, 1, 0, 1, 0, 0, 1, 1, 0, 1]",30,15,15,13,6,7,1.426420240978409,1.553454308643979,1.2706480304955527
La_Liga,2003,Ath Bilbao,"[0, 0, 1, 1, 1, 0, 1, 0, 1, 1, 0, 0, 1, 0, 1, 1, 1, 1, 0, 0, 1, 0, 1, 1, 0, 1, 0]",27,14,13,15,7,8,1.316508931008271,1.3760742381167328,1.2077294685990339
La_Liga,2003,Ath Madrid,"[0, 1, 0, 0, 0, 1, 1, 1, 1, 1, 0, 1, 0, 1, 1, 1, 0, 0, 1, 0, 1, 1, 0, 0, 0, 1, 0, 1]",28,14,14,15,8,7,2.010548201001965,2.837933762005623,1.9157088122605364
La_Liga,2003,Barcelona,"[1, 1, 0, 0, 1, 1, 1, 0, 0, 0, 1, 0, 1, 1, 1, 1, 1, 1, 1, 1, 1, 1, 1, 1, 1, 1, 0, 1, 0]",29,15,14,21,9,12,1.0741654582844626,1.0647206094192052,1.019367991845056
La_Liga,2003,Betis,"[0, 1, 1, 1, 0, 0, 0, 0, 1, 0, 0, 1, 1, 1, 1, 1, 0, 0, 0, 1, 1, 0, 0, 1, 1]",25,13,12,13,6,7,1.3068688953698475,1.3722517042282367,1.2106537530266344
La_Liga,2003,Celta,"[0, 1, 0, 0, 1, 0, 0, 1, 0, 0, 1, 0, 0, 1, 1, 0, 0, 0, 0, 0, 1, 1, 0, 1, 0, 0]",26,13,13,9,4,5,1.3773750381549292,1.5153465600439986,1.2531328320802004
La_Liga,2003,Espanol,"[0, 0, 0, 0, 0, 0, 1, 0, 0, 1, 0, 0, 0, 0, 0, 1, 1, 0, 0, 1, 1, 0, 0, 1, 1, 0, 1, 0, 1, 1, 0, 1, 0, 1]",34,17,17,13,4,9,1.0741850215126545,1.0403897015854855,1.0256410256410255
La_Liga,2003,La Coruna,"[1, 1, 1, 1, 0, 1, 1, 1, 0, 1, 0, 1, 0, 1, 1, 1, 0, 1, 1, 1, 0, 0, 0, 1, 1, 1, 1, 0, 1, 1]",30,15,15,21,11,10,2.063945400892388,2.897172134819273,1.876172607879925
La_Liga,2003,Malaga,"[0, 0, 0, 1, 1, 0, 1, 0, 1, 1, 0, 1, 0, 1, 1, 0, 0, 0, 0, 0, 0, 1, 1, 1, 0, 1, 1, 1, 0, 0, 1, 0]",32,16,16,15,8,7,1.9914839302416356,2.765660470166652,1.9723865877712032
La_Liga,2003,Mallorca,"[0, 1, 0, 0, 0, 0, 1, 0, 1, 1, 1, 1, 1, 0, 0, 0, 0, 1, 0, 0, 0, 0, 1, 0, 0, 1, 0, 1, 1, 1, 1, 1]",32,16,16,15,7,8,1.4441161147724728,1.5663603036350555,1.3280212483399734
La_Liga,2003,Murcia,"[0, 0, 1, 0, 0, 0, 0, 0, 0, 0, 0, 1, 0, 0, 0, 0, 0, 0, 1, 0, 0, 0, 0, 1, 0, 1, 0]",27,14,13,5,2,3,1.26353190974014,1.3858205225840645,1.1441647597254005
La_Liga,2003,Osasuna,"[1, 0, 1, 1, 1, 0, 1, 0, 1, 1, 0, 1, 0, 0, 1, 1, 1, 0, 0, 0, 0, 0, 0]",23,12,11,11,8,3,6.954623973562538,33.981204314202294,14.226774790155071
La_Liga,2003,Real Madrid,"[1, 1, 1, 0, 1, 1, 1, 1, 0, 1, 1, 1, 1, 1, 1, 0, 1, 1, 1, 1, 1, 0, 1, 1, 0, 1, 0, 0, 0, 0, 0]",31,16,15,21,13,8,5.618992150336281,20.70772049179958,9.865824782951854
La_Liga,2003,Santander,"[1, 0, 0, 1, 1, 0, 0, 1, 1, 0, 1, 0, 0, 1, 1, 0, 0, 0, 1, 0, 1, 0, 0, 0, 0, 1, 0, 0]",28,14,14,11,7,4,3.355383909897206,8.140032960369352,4.291845493562231
La_Liga,2003,Sevilla,"[1, 0, 1, 0, 1, 0, 0, 1, 1, 0, 0, 1, 0, 0, 0, 1, 1, 1, 1, 0, 0, 0, 1, 1, 1, 0, 1, 1]",28,14,14,15,6,9,1.1649778789246619,1.1465412140302205,1.0660980810234542
La_Liga,2003,Sociedad,"[1, 1, 0, 0, 1, 0, 0, 0, 0, 0, 0, 1, 1, 1, 1, 1, 0, 0, 0, 1, 0, 0, 1, 0, 1]",25,13,12,11,5,6,1.312366537696454,1.3903095941809698,1.2062726176115801
La_Liga,2003,Valencia,"[1, 1, 1, 1, 1, 1, 0, 1, 0, 1, 1, 1, 1, 1, 1, 0, 1, 1, 0, 0, 1, 1, 1, 1, 1, 1, 1, 1, 0, 0]",30,15,15,23,13,10,3.8479796519292098,10.239550314455164,5.025125628140704
La_Liga,2003,Valladolid,"[1, 0, 1, 0, 0, 0, 1, 1, 1, 0, 1, 0, 1, 0, 0, 0, 0, 0, 1, 1, 0, 0, 0, 0, 0, 0, 1]",27,14,13,10,7,3,4.359740199597395,13.535678184741862,6.838074398249453
La_Liga,2003,Villarreal,"[1, 1, 0, 0, 1, 0, 1, 1, 0, 1, 1, 0, 1, 1, 0, 0, 0, 1, 0, 0, 0, 1, 0, 0, 1, 1, 1, 1, 0]",29,15,14,15,9,6,2.8927652183629156,5.619271194285363,3.289473684210526
La_Liga,2003,Zaragoza,"[0, 0, 1, 0, 0, 1, 0, 1, 1, 0, 0, 0, 1, 0, 0, 0, 0, 1, 0, 1, 1, 1, 1, 0, 0, 0, 1, 1, 1]",29,15,14,13,5,8,1.1315443717727154,1.1096503965983031,1.0438413361169103
La_Liga,2004,Albacete,"[0, 0, 0, 1, 0, 1, 0, 0, 1, 0, 0, 0, 0, 0, 0, 0, 1, 0, 0]",19,10,9,4,3,1,2.4687786902230946,6.3843318405493,3.1446540880503147
La_Liga,2004,Ath Bilbao,"[0, 0, 1, 0, 1, 0, 0, 0, 1, 1, 1, 1, 0, 0, 1, 0, 1, 0, 0, 0]",20,10,10,8,4,4,1.5795211728823682,2.0,1.440922190201729
La_Liga,2004,Ath Madrid,"[1, 1, 0, 1, 0, 1, 0, 1, 0, 1, 0, 0, 0, 1, 0, 1, 1, 0, 0, 0]",20,10,10,9,6,3,3.758862292685365,11.265710937205075,5.154639175257732
La_Liga,2004,Barcelona,"[1, 1, 1, 1, 1, 1, 1, 1, 1, 1, 1, 0, 1, 1, 1, 1, 1, 1, 1]",19,10,9,18,10,8,2.5954462419217785,7.1731234782951026,2.109704641350211
La_Liga,2004,Betis,"[0, 0, 1, 1, 0, 1, 0, 1, 0, 1, 1, 0, 0, 1, 0, 1, 1, 1]",18,9,9,10,4,6,1.1869323399543459,1.2068416173377783,1.0822510822510822
La_Liga,2004,Espanol,"[1, 1, 0, 1, 0, 0, 1, 1, 1, 0, 1, 0, 1, 0, 1, 0, 1, 1]",18,9,9,11,6,5,2.043273910604228,3.180938916864077,1.953125
La_Liga,2004,Getafe,"[0, 0, 0, 1, 0, 1, 0, 0, 0, 1, 0, 1, 1, 0, 1, 1, 1, 0, 1, 0]",20,10,10,9,3,6,1.1135794782840645,1.09741166550636,1.0330578512396693
La_Liga,2004,La Coruna,"[0, 1, 0, 1, 1, 0, 0, 0, 1, 1, 1, 0, 0, 0, 1, 0]",16,8,8,7,3,4,1.3106598031647594,1.4433082914516608,1.17096018735363
La_Liga,2004,Levante,"[1, 0, 1, 0, 1, 1, 0, 1, 1, 0, 0, 0, 0, 0, 1, 1, 1, 0, 0, 0, 0, 0]",22,11,11,9,6,3,3.63374422757062,10.346769726499527,4.926108374384237
La_Liga,2004,Malaga,"[0, 1, 1, 0, 1, 0, 0, 1, 0, 0, 0, 1, 1, 1, 1, 0, 0, 1, 0, 1, 1, 1]",22,11,11,12,4,8,1.0655245341205672,1.0453516251747186,1.0204081632653061
La_Liga,2004,Mallorca,"[0, 1, 0, 0, 0, 0, 0, 0, 1, 0, 0, 0, 0, 0, 1, 0, 0, 0, 1, 1, 1, 1]",22,11,11,7,2,5,1.1118715459877633,1.0927087428924895,1.0214504596527068
La_Liga,2004,Numancia,"[0, 1, 0, 0, 0, 0, 0, 0, 0, 0, 0, 0, 0, 0, 0, 0, 1]",17,9,8,2,1,1,1.3170154320220662,1.8679513884800731,1.2330456226880395
La_Liga,2004,Osasuna,"[1, 1, 0, 1, 0, 1, 0, 0, 1, 0, 1, 1, 0, 0, 0, 0, 1, 1, 0, 0]",20,10,10,9,5,4,1.9825354815328058,3.062341080606125,1.9646365422396856
La_Liga,2004,Real Madrid,"[1, 1, 0, 1, 0, 0, 1, 1, 1, 1, 0, 1, 1, 1, 1, 1, 0, 1, 0, 1, 1, 1, 1, 1]",24,12,12,18,8,10,1.188187176341435,1.2090279954402505,1.0857763300760044
La_Liga,2004,Santander,"[0, 0, 1, 0, 0, 1, 1, 0, 0, 0, 1, 0, 1, 1, 1, 0, 1, 0, 1]",19,10,9,9,3,6,1.0713140345158332,1.058192363201616,1.0214504596527068
La_Liga,2004,Sevilla,"[1, 0, 1, 1, 1, 1, 0, 0, 1, 1, 1, 0, 1, 0, 0, 1, 1, 1, 0, 0]",20,10,10,12,7,5,2.725562493301657,5.535406238226222,3.115264797507788
La_Liga,2004,Sociedad,"[0, 0, 0, 1, 0, 1, 1, 1, 1, 0, 0, 0, 0, 0, 1, 1, 0, 0, 0]",19,10,9,7,5,2,3.380488522454906,9.51947438830441,4.219409282700422
La_Liga,2004,Valencia,"[1, 1, 1, 1, 0, 0, 0, 1, 1, 1, 1, 1, 0, 1, 0, 1, 0, 1]",18,9,9,12,6,6,1.6055958887348067,2.0,1.4513788098693758
La_Liga,2004,Villarreal,"[0, 0, 1, 1, 1, 1, 1, 1, 1, 1, 0, 1, 0, 0, 1, 1, 1, 1]",18,9,9,13,7,6,2.0974144858672803,3.340431362193739,1.876172607879925
La_Liga,2004,Zaragoza,"[1, 1, 0, 1, 0, 1, 0, 1, 0, 0, 1, 1, 0, 0, 1, 1, 0, 1, 0, 0, 0]",21,11,10,10,6,4,2.289592941803353,3.959960951529355,2.444987775061125
La_Liga,2005,Alaves,"[0, 0, 0, 1, 0, 0, 1, 0, 0, 0, 0, 0, 1, 0, 1, 1, 0, 0, 1, 1, 0, 0, 0, 1, 0, 1]",26,13,13,9,3,6,1.1404595918962377,1.1212023997753857,1.0341261633919339
La_Liga,2005,Ath Bilbao,"[1, 0, 0, 0, 0, 0, 0, 0, 1, 1, 0, 0, 0, 1, 0, 0, 1, 0, 1, 1, 1, 0, 0, 1, 1, 1]",26,13,13,11,3,8,1.0490632742270825,1.0241535176398455,1.0080645161290323
La_Liga,2005,Ath Madrid,"[0, 1, 0, 0, 1, 0, 1, 1, 0, 0, 0, 1, 1, 1, 1, 1, 1, 0, 1, 0, 0, 1, 1, 0, 0]",25,13,12,13,6,7,1.3068688953698475,1.3722517042282367,1.2135922330097086
La_Liga,2005,Barcelona,"[1, 0, 1, 1, 1, 1, 1, 1, 1, 1, 1, 1, 1, 1, 1, 1, 1, 0, 0, 1, 1, 1, 0, 1, 1, 1, 1, 1, 1, 0, 0]",31,16,15,25,15,10,6.75672577867707,35.41820112035011,13.915947676036739
La_Liga,2005,Betis,"[0, 1, 0, 1, 0, 0, 0, 0, 0, 0, 1, 1, 0, 1, 0, 0, 0, 1, 0, 1, 1, 1, 0, 0, 0, 1]",26,13,13,10,4,6,1.2421188280651394,1.2659130648831014,1.122334455667789
La_Liga,2005,Cadiz,"[0, 1, 0, 1, 1, 0, 0, 0, 0, 0, 0, 0, 1, 1, 0, 0, 0, 0, 1, 0, 0, 0, 1, 0, 0, 1]",26,13,13,8,4,4,1.584677267025257,2.0,1.5082956259426847
La_Liga,2005,Celta,"[1, 1, 0, 1, 1, 0, 1, 0, 1, 1, 0, 1, 0, 0, 0, 1, 1, 0, 1, 1, 0, 1, 1, 0, 0, 0, 1, 1, 0, 1, 1, 1, 0, 1]",34,17,17,20,10,10,1.6909566796245026,2.0,1.5723270440251573
La_Liga,2005,Espanol,"[0, 1, 1, 0, 0, 0, 0, 0, 1, 0, 1, 0, 1, 0, 1, 0, 0, 0, 1, 0, 1, 0, 0, 1, 0, 0, 1]",27,14,13,10,5,5,1.5148471428733075,1.7898317226824547,1.422475106685633
La_Liga,2005,Getafe,"[1, 1, 1, 1, 0, 1, 0, 0, 0, 1, 0, 0, 0, 1, 0, 1, 0, 0, 1, 1, 0, 0, 1, 1, 1, 1, 0, 1, 0]",29,15,14,15,7,8,1.3365817510220201,1.4011932769302333,1.2004801920768307
La_Liga,2005,La Coruna,"[1, 1, 0, 0, 1, 1, 1, 0, 1, 1, 1, 0, 1, 0, 0, 0, 1, 1, 0, 0, 1, 1, 0, 1, 0, 1, 0, 0]",28,14,14,15,9,6,3.3867106476777153,7.824018803295667,4.366812227074236
La_Liga,2005,Malaga,"[0, 0, 1, 1, 0, 0, 1, 0, 1, 0, 0, 0, 0, 0, 0, 0, 1, 0, 0, 0, 0, 0, 0, 0, 0, 0, 0, 0, 0]",29,15,14,5,4,1,3.6115861154694056,12.175174512200078,5.2356020942408374
La_Liga,2005,Mallorca,"[0, 0, 1, 0, 0, 0, 1, 1, 0, 0, 1, 0, 0, 0, 0, 0, 1, 1, 1, 0, 0, 1, 1, 0, 1]",25,13,12,10,4,6,1.1879479721771757,1.1953140588265818,1.0810810810810811
La_Liga,2005,Osasuna,"[1, 0, 1, 0, 1, 1, 1, 0, 1, 1, 1, 1, 1, 1, 1, 0, 0, 0, 1, 1, 0, 0, 1, 1, 1, 0, 0, 1, 1, 0, 1, 0, 1]",33,17,16,21,12,9,2.822573410524107,5.10012779222011,3.1746031746031744
La_Liga,2005,Real Madrid,"[1, 0, 0, 1, 1, 1, 1, 0, 0, 1, 1, 0, 1, 1, 0, 1, 1, 1, 1, 1, 1, 0, 1, 1, 1, 1, 1, 0]",28,14,14,20,9,11,1.235215472934987,1.252178551393171,1.092896174863388
La_Liga,2005,Santander,"[0, 0, 1, 1, 0, 0, 0, 0, 1, 1, 1, 0, 0, 1, 0, 0, 1, 0, 0, 0, 0, 1, 0, 1, 0]",25,13,12,9,5,4,1.8045939709170182,2.5330520271144654,1.7761989342806395
La_Liga,2005,Sevilla,"[1, 0, 0, 1, 1, 1, 1, 1, 0, 0, 1, 0, 1, 0, 1, 1, 0, 1, 1, 0, 1, 0, 1, 1, 0, 1, 1, 1, 1, 1]",30,15,15,20,9,11,1.2646065024762174,1.2808837286823989,1.1494252873563218
La_Liga,2005,Sociedad,"[0, 1, 0, 1, 0, 1, 1, 1, 0, 0, 0, 0, 0, 1, 0, 0, 0, 1, 0, 0, 0, 0, 1, 0, 0, 0, 1, 1, 1, 0, 0]",31,16,15,11,6,5,1.8232794953008047,2.473584629491664,1.8416206261510129
La_Liga,2005,Valencia,"[1, 1, 0, 1, 1, 0, 0, 1, 1, 1, 1, 1, 1, 1, 1, 1, 1, 0, 0, 1, 1, 1, 1, 1, 0, 0]",26,13,13,19,10,9,2.0832218290208626,3.0377264526688816,2.0202020202020203
La_Liga,2005,Villarreal,"[0, 0, 1, 1, 1, 1, 1, 1, 0, 1, 1, 0, 1, 0, 0, 1, 1, 0, 1, 0, 0, 1, 1]",23,12,11,14,8,6,2.2560799073314435,3.6241842185578204,2.380952380952381
La_Liga,2005,Zaragoza,"[1, 0, 0, 0, 0, 1, 1, 1, 1, 1, 0, 1, 0, 1, 0, 1, 0, 0, 0, 0, 1, 0]",22,11,11,10,6,4,2.595532227374539,5.104581978565192,3.0211480362537766
La_Liga,2007,Almeria,"[1, 0, 0, 1, 0, 1, 0, 0, 0, 1, 1, 0, 0, 1, 1, 1, 1, 1, 0, 0, 1, 0, 1, 1, 0, 0, 0, 1]",28,14,14,14,6,8,1.2689954302532724,1.2900660638831267,1.148105625717566
La_Liga,2007,Ath Bilbao,"[0, 1, 0, 0, 1, 0, 1, 0, 1, 0, 0, 1, 0, 0, 1, 1, 0, 1, 1, 1, 1, 0, 1, 0, 0, 1, 0]",27,14,13,13,5,8,1.1191361179045518,1.0986839253964997,1.0460251046025104
La_Liga,2007,Ath Madrid,"[0, 1, 1, 1, 0, 1, 1, 1, 0, 1, 1, 1, 0, 1, 1, 0, 0, 1, 0, 0, 1, 0, 1, 1, 0, 1, 0, 1, 1, 1, 0]",31,16,15,19,11,8,2.8514998746410845,5.2840089508193175,3.289473684210526
La_Liga,2007,Barcelona,"[1, 1, 1, 1, 1, 0, 1, 1, 0, 1, 1, 1, 0, 1, 1, 1, 1, 1, 1, 0, 0, 1, 0, 0, 1, 0, 0, 1]",28,14,14,19,11,8,3.6178349396121874,8.898170404005489,4.566210045662101
La_Liga,2007,Betis,"[0, 0, 0, 1, 0, 0, 1, 0, 0, 1, 1, 0, 1, 1, 0, 0, 1, 1, 0, 0, 1, 1, 1, 0, 1, 0, 0]",27,14,13,12,6,6,1.5175105332061893,1.759386916159739,1.4164305949008498
La_Liga,2007,Espanol,"[0, 1, 0, 1, 1, 1, 1, 1, 1, 1, 1, 1, 0, 0, 0, 1, 0, 0, 0, 1, 0, 1, 0, 0, 0, 0, 0, 0, 0]",29,15,14,13,10,3,15.426214595582366,139.16009040000557,53.676865271068166
La_Liga,2007,Getafe,"[0, 0, 0, 0, 0, 1, 0, 1, 1, 1, 1, 0, 0, 1, 0, 0, 1, 1, 0, 1, 1, 1, 0, 0, 0, 0, 1]",27,14,13,12,6,6,1.5175105332061893,1.759386916159739,1.4492753623188406
La_Liga,2007,La Coruna,"[0, 1, 0, 0, 1, 0, 0, 1, 0, 0, 0, 1, 0, 0, 0, 1, 1, 0, 1, 1, 1, 0, 1, 1, 1, 1, 1, 0, 1, 0, 0]",31,16,15,15,5,10,1.048027936461765,1.0249152459584427,1.0121457489878543
La_Liga,2007,Levante,"[0, 0, 0, 0, 0, 0, 0, 0, 0, 1, 0, 1, 0, 0, 0, 0, 0, 1, 0, 1, 0, 1, 0, 0, 0, 0, 0, 1, 1, 0, 0, 0, 0]",33,17,16,7,2,5,1.1151000708938559,1.093605686471891,1.0395010395010396
La_Liga,2007,Mallorca,"[1, 0, 1, 0, 1, 1, 0, 0, 1, 0, 0, 0, 1, 1, 0, 1, 1, 0, 1, 1, 1, 1, 1, 1]",24,12,12,15,5,10,1.0300064063629293,1.0178194646175127,1.0050251256281406
La_Liga,2007,Murcia,"[1, 0, 0, 1, 0, 1, 0, 0, 0, 1, 1, 0, 0, 0, 0, 0, 0, 0, 0, 0, 1, 0, 1, 0, 0, 0, 0, 0, 0]",29,15,14,7,5,2,3.2606382925418447,8.658388436833057,4.291845493562231
La_Liga,2007,Osasuna,"[0, 1, 0, 1, 0, 1, 0, 0, 0, 1, 0, 1, 0, 0, 1, 0, 0, 1, 0, 1, 1, 0, 1, 0, 1, 0, 0, 0, 0, 1, 0]",31,16,15,12,6,6,1.5401026560662618,1.79604172854337,1.4144271570014144
La_Liga,2007,Real Madrid,"[1, 1, 1, 1, 1, 1, 0, 1, 1, 0, 1, 1, 1, 1, 1, 1, 1, 1, 1, 0, 1, 0, 0, 1, 1, 0, 0, 1, 1, 1, 1, 1, 1, 1]",34,17,17,27,15,12,3.815756335728955,9.84132658650273,5.780346820809249
La_Liga,2007,Recreativo,"[0, 1, 1, 0, 0, 0, 0, 0, 1, 0, 1, 1, 0, 0, 0, 1, 1, 0, 0, 1, 0, 1, 0, 1, 0, 0, 1]",27,14,13,11,5,6,1.3265380337551171,1.4096476408931427,1.1976047904191616
La_Liga,2007,Santander,"[1, 0, 0, 1, 1, 1, 1, 1, 0, 1, 0, 0, 1, 1, 0, 0, 1, 1, 1, 0, 1, 1, 0, 1, 0, 0, 1, 0, 1]",29,15,14,17,9,8,1.7967074443835742,2.2832411024109107,1.6528925619834711
La_Liga,2007,Sevilla,"[1, 1, 0, 0, 0, 0, 1, 1, 0, 1, 0, 0, 0, 1, 1, 1, 0, 0, 1, 1, 1, 1, 0, 1, 1, 0, 0, 1, 1, 0, 1, 1, 1, 1]",34,17,17,20,8,12,1.1196800087727143,1.0889442269906162,1.0384215991692627
La_Liga,2007,Valencia,"[0, 1, 1, 1, 1, 1, 0, 1, 0, 0, 1, 1, 0, 0, 0, 0, 0, 0, 1, 1, 0, 0, 1, 0, 0, 0, 0, 1, 0, 1, 1, 1]",32,16,16,15,8,7,1.9914839302416356,2.765660470166652,2.070393374741201
La_Liga,2007,Valladolid,"[1, 0, 0, 0, 0, 0, 1, 1, 0, 1, 0, 1, 1, 1, 0, 0, 0, 1, 0, 0, 0, 1, 1, 0, 1, 0]",26,13,13,11,6,5,1.9765389138057148,2.8926884770650925,1.9646365422396856
La_Liga,2007,Villarreal,"[1, 0, 1, 1, 1, 1, 0, 1, 0, 1, 1, 1, 0, 0, 1, 0, 1, 1, 0, 1, 1, 1, 1, 1, 1, 0, 0, 1, 1, 1, 1, 1, 1]",33,17,16,24,11,13,1.1713050774181653,1.1669977778685074,1.079913606911447
La_Liga,2007,Zaragoza,"[0, 1, 0, 1, 1, 0, 1, 1, 0, 0, 0, 0, 1, 1, 0, 0, 0, 0, 1, 0, 0, 0, 1, 1, 0, 0]",26,13,13,10,6,4,2.521191968354289,4.760627558633163,3.1055900621118013
La_Liga,2008,Almeria,"[1, 1, 0, 1, 0, 0, 0, 1, 0, 0, 0, 0, 1, 1, 0, 0, 1, 1, 0, 0, 0, 1, 0, 1, 0, 1, 1, 1, 0, 0, 0]",31,16,15,13,6,7,1.3537084097988805,1.4339381695395683,1.256281407035176
La_Liga,2008,Ath Bilbao,"[0, 1, 0, 0, 0, 0, 0, 1, 0, 1, 1, 1, 1, 1, 0, 1, 0, 0, 0, 0, 0, 1, 0, 0, 1, 1, 1, 0, 0, 0]",30,15,15,12,7,5,2.4800630803329655,4.385421156119201,2.6595744680851063
La_Liga,2008,Ath Madrid,"[1, 0, 1, 1, 0, 0, 0, 1, 1, 1, 1, 1, 1, 0, 0, 0, 1, 0, 1, 1, 0, 0, 1, 1, 0, 1, 1, 1, 1, 1, 1]",31,16,15,20,9,11,1.194719891804727,1.1908226487542424,1.0905125408942202
La_Liga,2008,Barcelona,"[0, 1, 1, 1, 1, 1, 1, 1, 1, 1, 1, 1, 1, 1, 1, 1, 1, 1, 1, 1, 0, 0, 1, 1, 1, 1, 1, 1, 1, 1, 0, 0]",32,16,16,27,15,12,4.304087647436723,13.876647102003396,5.780346820809249
La_Liga,2008,Betis,"[0, 0, 0, 0, 1, 1, 0, 1, 1, 1, 0, 0, 0, 0, 0, 1, 0, 1, 0, 1, 1, 0, 0, 0, 0, 1]",26,13,13,10,5,5,1.6144076428525194,2.0,1.5174506828528074
La_Liga,2008,Espanol,"[1, 1, 0, 0, 0, 1, 0, 0, 0, 0, 0, 0, 0, 0, 1, 0, 0, 0, 1, 1, 1, 1, 1, 0, 1, 1, 1]",27,14,13,12,3,9,1.018766457347914,1.0062905441329062,1.001001001001001
La_Liga,2008,Getafe,"[1, 0, 1, 0, 1, 0, 0, 1, 1, 0, 0, 0, 0, 1, 0, 0, 0, 1, 0, 1, 0, 0, 0, 0, 1, 1]",26,13,13,10,5,5,1.6144076428525194,2.0,1.5060240963855422
La_Liga,2008,La Coruna,"[1, 0, 0, 1, 0, 1, 1, 0, 1, 1, 1, 0, 1, 1, 0, 0, 0, 1, 1, 1, 0, 0, 0, 1, 1, 1, 1, 0]",28,14,14,16,9,7,2.567525473201,4.494293967166615,3.0395136778115504
La_Liga,2008,Malaga,"[0, 0, 0, 1, 1, 1, 1, 0, 0, 1, 0, 1, 1, 1, 1, 0, 1, 1, 0, 1, 0, 0, 1, 1, 0, 1, 0, 0]",28,14,14,15,8,7,2.010548201001965,2.837933762005623,2.1551724137931036
La_Liga,2008,Mallorca,"[0, 1, 1, 0, 0, 1, 0, 0, 0, 0, 0, 0, 0, 0, 1, 0, 1, 1, 1, 1, 0, 1, 1, 1, 1, 0, 1, 1, 0]",29,15,14,14,4,10,1.0216776129067362,1.0080292396947022,1.002004008016032
La_Liga,2008,Numancia,"[1, 0, 0, 0, 0, 0, 1, 0, 0, 1, 0, 1, 0, 1, 0, 1, 0, 0, 0, 0, 0, 0, 0, 1, 0, 1, 0, 0, 0, 1, 1, 0, 0]",33,17,16,10,6,4,2.2761236927959594,3.844892226387841,2.577319587628866
La_Liga,2008,Osasuna,"[0, 0, 0, 0, 0, 0, 1, 0, 0, 1, 0, 0, 1, 1, 1, 0, 1, 1, 1, 0, 0, 0, 0, 1, 1]",25,13,12,10,3,7,1.0607940218887384,1.0374625703380653,1.0141987829614605
La_Liga,2008,Real Madrid,"[0, 1, 1, 1, 1, 1, 1, 1, 0, 1, 0, 0, 0, 1, 1, 1, 1, 1, 1, 1, 1, 1, 1, 1, 1, 1, 1, 1, 1, 1, 0, 0, 0, 0, 0]",35,18,17,25,13,12,1.784105986322909,2.1861982713132693,1.597444089456869
La_Liga,2008,Recreativo,"[1, 0, 0, 0, 0, 0, 0, 0, 0, 1, 1, 0, 1, 1, 1, 0, 1, 0, 0, 0, 0, 0, 0, 0, 1, 0, 0, 0, 0]",29,15,14,8,6,2,4.694445925179631,16.451028798614196,7.668123610152596
La_Liga,2008,Santander,"[0, 0, 0, 1, 0, 1, 1, 0, 1, 0, 1, 1, 1, 0, 0, 0, 0, 1, 0, 1, 0, 0, 1, 0, 0, 0, 1, 1]",28,14,14,12,7,5,2.5063847919407776,4.494293967166614,2.8901734104046244
La_Liga,2008,Sevilla,"[1, 1, 1, 1, 1, 0, 0, 1, 1, 0, 1, 1, 1, 1, 0, 0, 0, 1, 1, 1, 1, 1, 1, 0, 0, 0, 0, 1, 1, 1, 1]",31,16,15,21,11,10,1.7830201103701138,2.2189871038353384,1.6339869281045751
La_Liga,2008,Sp Gijon,"[0, 0, 0, 0, 0, 1, 1, 1, 1, 0, 1, 0, 1, 0, 0, 1, 0, 1, 0, 0, 1, 0, 0, 0, 0, 1, 1, 0, 0, 0, 0, 0, 0, 0, 1, 1, 1]",37,19,18,14,8,6,2.2316790500668713,3.434123629907021,2.358490566037736
La_Liga,2008,Valencia,"[1, 1, 1, 1, 1, 1, 0, 1, 0, 1, 0, 1, 0, 1, 0, 0, 1, 0, 0, 0, 1, 1, 1, 1, 1, 0, 1, 0, 0, 1]",30,15,15,18,10,8,2.562874721767961,4.3854211561191985,2.73972602739726
La_Liga,2008,Valladolid,"[0, 1, 0, 1, 0, 0, 0, 1, 0, 1, 1, 1, 1, 0, 0, 0, 0, 1, 1, 0, 0, 1, 1, 1, 0, 0, 0, 0, 0, 0, 0]",31,16,15,12,7,5,2.253318089042998,3.624401646345724,2.3255813953488373
La_Liga,2008,Villarreal,"[1, 1, 1, 1, 1, 1, 1, 0, 1, 0, 0, 0, 1, 0, 1, 1, 1, 0, 1, 0, 0, 1, 1, 0, 1, 1, 1]",27,14,13,18,9,9,1.4758492050635255,1.6465663139247086,1.3531799729364005
La_Liga,2009,Almeria,"[0, 1, 0, 1, 0, 0, 1, 0, 0, 0, 0, 1, 0, 1, 1, 1, 1, 0, 1, 0, 0, 0, 0, 0, 1, 0]",26,13,13,10,4,6,1.2421188280651394,1.2659130648831014,1.1173184357541899
La_Liga,2009,Ath Bilbao,"[1, 1, 1, 0, 0, 0, 0, 1, 1, 1, 0, 1, 1, 0, 1, 0, 0, 1, 0, 1, 1, 0, 1, 0, 1, 0, 0, 0, 1]",29,15,14,15,9,6,2.8927652183629156,5.619271194285363,3.4129692832764507
La_Liga,2009,Ath Madrid,"[0, 0, 1, 0, 0, 0, 0, 1, 1, 0, 1, 1, 1, 0, 0, 1, 0, 1, 1, 0, 1, 0, 1, 0, 0, 0, 1, 0, 1, 0]",30,15,15,13,6,7,1.426420240978409,1.553454308643979,1.342281879194631
La_Liga,2009,Barcelona,"[1, 1, 1, 1, 1, 1, 1, 1, 1, 1, 1, 1, 1, 1, 1, 1, 1, 0, 1, 1, 1, 1, 1, 1, 1, 1, 1, 1, 1, 1, 1, 1]",32,16,16,31,16,15,2.510735297992956,6.459345307760026,1.9723865877712032
La_Liga,2009,Espanol,"[0, 0, 1, 1, 1, 0, 0, 0, 0, 0, 1, 0, 1, 0, 1, 0, 1, 0, 0, 1, 1, 0, 1, 0, 0, 1, 0]",27,14,13,11,5,6,1.3265380337551171,1.4096476408931427,1.2106537530266344
La_Liga,2009,Getafe,"[1, 0, 0, 1, 0, 1, 0, 1, 0, 0, 1, 1, 0, 1, 1, 1, 0, 0, 1, 0, 0, 0, 1, 0, 1, 1, 1, 0, 1, 1, 1]",31,16,15,17,9,8,1.808690566038217,2.2976353317176037,1.7513134851138354
La_Liga,2009,La Coruna,"[0, 1, 0, 1, 1, 1, 1, 0, 1, 1, 1, 0, 1, 0, 1, 0, 0, 1, 0, 1, 0, 0, 0, 0, 0, 0, 0, 0, 1, 0]",30,15,15,13,10,3,18.074803267020425,201.88208589273813,79.23930269413628
La_Liga,2009,Malaga,"[1, 0, 0, 0, 0, 0, 0, 0, 1, 1, 0, 1, 1, 1, 0, 0, 0, 1, 0, 0, 0, 0]",22,11,11,7,3,4,1.3368665744895294,1.4783505468574414,1.2048192771084338
La_Liga,2009,Mallorca,"[1, 1, 0, 1, 0, 1, 1, 0, 1, 1, 1, 0, 1, 0, 1, 0, 1, 0, 0, 1, 1, 0, 1, 0, 1, 1, 1, 0, 0, 1]",30,15,15,18,10,8,2.562874721767961,4.3854211561191985,3.215434083601286
La_Liga,2009,Osasuna,"[0, 0, 1, 1, 0, 1, 0, 0, 1, 0, 0, 0, 1, 1, 1, 1, 0, 0, 0, 0, 0, 1, 0, 1, 0, 0, 1, 0]",28,14,14,11,6,5,1.9683259886695428,2.862086060341679,2.0618556701030926
La_Liga,2009,Real Madrid,"[1, 1, 1, 1, 1, 0, 1, 1, 1, 1, 0, 1, 1, 1, 1, 0, 1, 1, 1, 1, 1, 1, 1, 1, 1, 1, 1, 1, 0, 1, 1, 1, 1, 1, 1]",35,18,17,31,15,16,1.1455476508511033,1.1878053847954788,1.0649627263045793
La_Liga,2009,Santander,"[0, 1, 0, 0, 0, 0, 0, 0, 1, 1, 0, 1, 1, 1, 0, 0, 0, 1, 0, 0, 1, 0, 0, 0, 0, 1]",26,13,13,9,5,4,1.9517684369333521,2.9404417872016517,2.0964360587002098
La_Liga,2009,Sevilla,"[0, 1, 1, 1, 1, 1, 0, 1, 1, 1, 1, 0, 0, 0, 0, 1, 1, 0, 1, 1, 0, 0, 0, 1, 1, 0, 1, 0, 1, 1, 0, 1]",32,16,16,19,10,9,2.026435807795531,2.7820504103393975,1.9047619047619047
La_Liga,2009,Sp Gijon,"[0, 1, 0, 1, 1, 1, 1, 0, 0, 0, 1, 0, 0, 0, 0, 1, 1, 0, 0, 1, 0, 0, 0, 0, 0]",25,13,12,9,6,3,3.123826759304197,7.381478532763724,3.690036900369004
La_Liga,2009,Tenerife,"[0, 1, 0, 1, 0, 0, 0, 1, 0, 0, 1, 0, 0, 0, 0, 0, 1, 0, 0, 0, 1, 0, 0, 1, 1, 0, 1, 0, 0]",29,15,14,9,4,5,1.3267542937818892,1.4272484050108833,1.2330456226880395
La_Liga,2009,Valencia,"[1, 1, 0, 1, 1, 1, 1, 1, 1, 0, 1, 1, 1, 0, 1, 1, 0, 0, 1, 1, 0, 1, 0, 1, 0, 1, 1, 1, 0, 1]",30,15,15,21,12,9,3.5922306686769345,8.620774241736092,4.424778761061947
La_Liga,2009,Valladolid,"[0, 1, 0, 0, 0, 1, 0, 1, 0, 0, 0, 0, 0, 0, 0, 1, 0, 0, 1, 1, 0, 1, 0]",23,12,11,7,3,4,1.2820079862218985,1.3832121067883727,1.1614401858304297
La_Liga,2009,Villarreal,"[0, 0, 0, 0, 1, 1, 0, 1, 0, 1, 1, 1, 0, 1, 0, 0, 1, 0, 1, 1, 0, 1, 1, 1, 0, 1, 1, 0, 0, 1]",30,15,15,16,7,9,1.2822733383313059,1.3022650338724133,1.1695906432748537
La_Liga,2009,Xerez,"[0, 0, 0, 0, 1, 0, 0, 0, 0, 0, 0, 0, 0, 0, 1, 0, 0, 0, 1, 0, 1, 1, 0, 1, 0, 1, 0, 1]",28,14,14,8,1,7,1.0240975333632574,1.0060735641123795,1.001001001001001
La_Liga,2009,Zaragoza,"[1, 0, 0, 1, 0, 0, 1, 0, 0, 0, 0, 0, 0, 0, 1, 1, 0, 1, 0, 0, 1, 1, 0, 0, 1, 1, 0]",27,14,13,10,3,7,1.068270728377306,1.0423997094101785,1.0214504596527068
La_Liga,2010,Almeria,"[0, 0, 1, 0, 0, 0, 0, 1, 0, 0, 0, 1, 0, 1, 0, 0, 1, 0, 0, 0, 0, 0, 0, 0, 1, 0]",26,13,13,6,3,3,1.5419769198261546,2.0,1.5037593984962405
La_Liga,2010,Ath Bilbao,"[1, 0, 1, 0, 0, 1, 0, 1, 0, 1, 0, 1, 0, 1, 1, 0, 1, 1, 1, 1, 0, 0, 0, 0, 1, 0, 1, 0, 1, 1, 0, 1, 0, 1]",34,17,17,18,9,9,1.6842984063523916,2.0,1.5649452269170578
La_Liga,2010,Ath Madrid,"[1, 1, 0, 1, 0, 1, 0, 0, 1, 1, 0, 0, 1, 1, 0, 1, 0, 0, 0, 0, 1, 1, 0, 1, 1, 1, 1, 0, 0, 1, 1]",31,16,15,17,9,8,1.808690566038217,2.2976353317176037,1.7241379310344827
La_Liga,2010,Barcelona,"[1, 0, 1, 1, 1, 1, 1, 1, 1, 1, 1, 1, 1, 1, 1, 1, 1, 1, 1, 1, 1, 1, 1, 1, 1, 1, 1, 1, 1, 0, 1, 1]",32,16,16,30,15,15,1.5529737929330627,2.0,1.3386880856760375
La_Liga,2010,Espanol,"[1, 0, 1, 0, 1, 0, 1, 1, 0, 1, 1, 1, 1, 0, 0, 0, 1, 1, 1, 0, 0, 0, 0, 1, 0, 0, 1, 0, 0, 0, 1, 0, 0, 0]",34,17,17,15,10,5,6.076255277324689,23.76102529945391,11.950286806883366
La_Liga,2010,Getafe,"[0, 1, 0, 1, 1, 0, 1, 0, 0, 0, 1, 1, 1, 1, 0, 0, 0, 0, 1, 0, 0, 0, 0, 0, 1, 0, 0, 1, 0, 1]",30,15,15,12,8,4,4.602405005187379,14.701868730438616,7.7095058206768945
La_Liga,2010,Hercules,"[0, 1, 0, 1, 0, 0, 0, 1, 0, 1, 0, 1, 0, 1, 0, 0, 0, 0, 1, 0, 0, 0, 0, 0, 1, 0, 1, 0, 0, 0]",30,15,15,9,6,3,3.3685012965781866,8.620774241736095,4.329004329004329
La_Liga,2010,La Coruna,"[0, 0, 0, 0, 1, 1, 1, 0, 1, 0, 1, 0, 0, 0, 0, 1, 1, 0, 0, 1, 1, 0, 0, 1, 0]",25,13,12,10,5,5,1.503287936727688,1.770193161216196,1.3623978201634876
La_Liga,2010,Levante,"[0, 0, 0, 1, 1, 0, 0, 0, 0, 1, 0, 1, 0, 0, 0, 0, 0, 1, 1, 1, 0, 1, 1, 1, 1, 1, 0, 0, 0]",29,15,14,12,4,8,1.0776225398822463,1.0503551609893629,1.0131712259371835
La_Liga,2010,Malaga,"[0, 1, 0, 1, 0, 0, 0, 0, 0, 1, 0, 0, 1, 0, 0, 1, 0, 0, 0, 1, 0, 0, 1, 1, 0, 1, 1, 1, 1, 1, 0]",31,16,15,13,5,8,1.1419874080797072,1.1192279825480216,1.0493179433368311
La_Liga,2010,Mallorca,"[0, 1, 0, 1, 0, 1, 1, 0, 1, 1, 0, 0, 0, 1, 1, 0, 0, 0, 1, 0, 0, 1, 0, 1, 0, 0, 1, 0, 0, 0]",30,15,15,12,8,4,4.602405005187379,14.701868730438616,7.55629439322956
La_Liga,2010,Osasuna,"[0, 0, 1, 0, 1, 0, 1, 0, 1, 0, 0, 0, 0, 0, 1, 0, 1, 0, 1, 1, 1, 0, 0, 0, 0, 1, 1, 1, 0, 1]",30,15,15,13,5,8,1.1748549394474508,1.1554171690220127,1.0764262648008611
La_Liga,2010,Real Madrid,"[1, 1, 1, 1, 1, 1, 1, 1, 1, 1, 0, 1, 1, 1, 1, 1, 1, 0, 1, 1, 1, 1, 1, 1, 1, 0, 1, 1, 0, 1, 1, 1, 1]",33,17,16,29,16,13,3.2739489461729665,7.761786587217268,3.5211267605633805
La_Liga,2010,Santander,"[0, 0, 1, 0, 0, 1, 0, 1, 0, 0, 1, 0, 1, 0, 0, 1, 1, 0, 0, 1, 1, 0, 0, 1, 1, 1, 0, 0]",28,14,14,12,5,7,1.2628830120791827,1.2861808449421503,1.1534025374855825
La_Liga,2010,Sevilla,"[1, 1, 0, 1, 0, 1, 0, 1, 1, 0, 0, 0, 0, 0, 1, 1, 0, 1, 0, 1, 1, 0, 1, 1, 0, 1, 1, 0, 0, 1, 1]",31,16,15,17,8,9,1.3452814221737757,1.4045792186863733,1.2224938875305624
La_Liga,2010,Sociedad,"[1, 0, 0, 0, 1, 0, 1, 1, 1, 0, 0, 1, 1, 0, 0, 0, 0, 1, 0, 1, 0, 1, 1, 0, 0, 0, 0, 0, 0, 1, 0, 1, 0, 1, 0]",35,18,17,14,8,6,2.2329371788967873,3.443775437325638,2.4038461538461537
La_Liga,2010,Sp Gijon,"[0, 1, 0, 0, 1, 0, 0, 0, 0, 0, 0, 1, 1, 1, 0, 0, 1, 1, 1, 1, 0, 1, 0, 1]",24,12,12,11,3,8,1.0421371988387684,1.0206811060403964,1.0030090270812437
La_Liga,2010,Valencia,"[1, 1, 1, 1, 1, 0, 0, 0, 1, 1, 0, 1, 1, 1, 1, 1, 1, 1, 1, 0, 1, 0, 0, 1, 1, 1, 0, 0, 1, 1]",30,15,15,21,11,10,2.063945400892388,2.897172134819273,1.941747572815534
La_Liga,2010,Villarreal,"[0, 1, 1, 1, 1, 1, 1, 1, 0, 1, 1, 0, 1, 1, 0, 1, 1, 1, 0, 0, 1, 0, 1, 0, 0, 1, 0, 1, 0, 0]",30,15,15,18,11,7,4.692562484287585,14.701868730438614,7.55629439322956
La_Liga,2010,Zaragoza,"[0, 0, 0, 0, 0, 1, 0, 0, 0, 1, 0, 1, 1, 1, 0, 0, 1, 0, 1, 0, 0, 1, 0, 1, 1, 0, 0, 1, 1]",29,15,14,12,5,7,1.214734340436965,1.2213665586351092,1.1148272017837235
La_Liga,2011,Ath Bilbao,"[0, 0, 0, 1, 1, 1, 1, 0, 1, 1, 0, 1, 0, 1, 1, 0, 0, 0, 0, 1, 1, 1, 0, 0, 0]",25,13,12,12,7,5,2.261000651366145,3.686354390433831,2.4271844660194173
La_Liga,2011,Ath Madrid,"[0, 1, 1, 0, 0, 1, 0, 1, 0, 1, 0, 0, 1, 1, 1, 0, 1, 0, 1, 0, 1, 0, 0, 1, 1, 1, 1]",27,14,13,15,7,8,1.316508931008271,1.3760742381167328,1.1890606420927468
La_Liga,2011,Barcelona,"[1, 1, 1, 1, 1, 1, 1, 1, 0, 1, 1, 1, 1, 1, 1, 0, 1, 1, 1, 1, 1, 1, 1, 1, 1, 1, 1, 0, 1, 1, 1]",31,16,15,28,14,14,1.277535089687671,1.411445572590267,1.1587485515643106
La_Liga,2011,Betis,"[1, 1, 1, 1, 0, 0, 0, 0, 0, 0, 0, 0, 0, 1, 1, 1, 0, 0, 0, 1, 1, 0, 0, 0, 1, 1, 1, 0, 1, 0]",30,15,15,13,6,7,1.426420240978409,1.553454308643979,1.3262599469496021
La_Liga,2011,Espanol,"[0, 1, 0, 1, 0, 0, 1, 1, 1, 0, 0, 0, 1, 1, 1, 1, 0, 0, 0, 1, 1, 0, 0, 1, 0, 0, 0, 0]",28,14,14,12,7,5,2.5063847919407776,4.494293967166614,2.73972602739726
La_Liga,2011,Getafe,"[0, 0, 0, 1, 0, 0, 1, 0, 1, 0, 1, 1, 1, 1, 0, 0, 0, 1, 1, 1, 0, 1, 0, 1, 0, 0, 0]",27,14,13,12,7,5,2.2576231382650804,3.659049460573796,2.5
La_Liga,2011,Granada,"[0, 0, 1, 0, 0, 0, 0, 1, 1, 1, 0, 1, 0, 0, 0, 1, 1, 0, 1, 0, 0, 0, 1, 0, 0, 1, 0, 1, 0, 1, 0, 0]",32,16,16,12,6,6,1.6413023879555437,2.0,1.5723270440251573
La_Liga,2011,Levante,"[1, 1, 1, 1, 1, 1, 1, 0, 0, 0, 1, 0, 1, 0, 0, 0, 0, 0, 1, 1, 0, 1, 1, 0, 1, 0, 0, 1, 0, 0, 1]",31,16,15,16,9,7,2.2249715405026316,3.369079631897783,2.202643171806167
La_Liga,2011,Malaga,"[0, 1, 1, 1, 1, 0, 0, 0, 1, 1, 1, 0, 0, 0, 0, 1, 0, 1, 0, 1, 1, 1, 1, 1, 0, 1, 0, 1, 0, 0, 1]",31,16,15,17,8,9,1.3452814221737757,1.4045792186863733,1.221001221001221
La_Liga,2011,Mallorca,"[1, 0, 0, 0, 1, 0, 0, 1, 1, 0, 0, 1, 0, 1, 0, 1, 0, 1, 1, 0, 0, 1, 0, 1, 1, 1, 1, 0]",28,14,14,14,6,8,1.2689954302532724,1.2900660638831267,1.152073732718894
La_Liga,2011,Osasuna,"[1, 0, 0, 1, 1, 0, 1, 1, 1, 0, 0, 1, 0, 1, 1, 1, 0, 0, 1, 0, 0, 1, 1]",23,12,11,13,7,6,1.7780854752345217,2.339846425731408,1.6920473773265652
La_Liga,2011,Real Madrid,"[1, 1, 0, 1, 1, 1, 1, 1, 1, 1, 1, 1, 1, 0, 1, 1, 1, 1, 1, 1, 1, 1, 1, 1, 1, 1, 1, 1, 1, 1, 1, 1, 1, 1]",34,17,17,32,15,17,1.0,1.078116424523182,1.0
La_Liga,2011,Santander,"[0, 0, 0, 0, 1, 0, 0, 1, 1, 1, 0, 0, 0, 0, 0, 0, 0, 0, 0, 0, 0, 0, 0]",23,12,11,4,4,0,8.17930844111545,56.9231012140658,18.328445747800586
La_Liga,2011,Sevilla,"[1, 1, 1, 1, 0, 0, 1, 1, 0, 0, 0, 0, 0, 0, 1, 1, 0, 0, 1, 1, 1, 0, 1, 0, 0, 0, 1]",27,14,13,13,6,7,1.3258749661237057,1.3966438877911838,1.2106537530266344
La_Liga,2011,Sociedad,"[1, 0, 1, 0, 0, 0, 0, 0, 0, 1, 1, 1, 0, 1, 0, 1, 0, 1, 0, 1, 0, 0, 0, 1, 1, 0, 1]",27,14,13,12,6,6,1.5175105332061893,1.759386916159739,1.3679890560875514
La_Liga,2011,Sp Gijon,"[0, 0, 0, 0, 0, 0, 1, 1, 1, 0, 0, 1, 0, 0, 1, 0, 0, 0, 0, 1, 0, 0, 0, 0, 1, 0, 1, 1, 0, 1, 0]",31,16,15,10,5,5,1.5322923892827864,1.8203532234702633,1.4749262536873156
La_Liga,2011,Valencia,"[1, 1, 1, 0, 1, 1, 1, 1, 0, 1, 1, 0, 1, 0, 1, 0, 0, 1, 1, 0, 0, 1, 0, 1, 0, 1, 1, 0]",28,14,14,17,10,7,3.4708529106829697,8.140032960369362,4.424778761061947
La_Liga,2011,Vallecano,"[1, 0, 0, 0, 1, 1, 0, 1, 0, 0, 0, 0, 1, 1, 0, 0, 1, 1, 1, 0, 1, 0, 1, 0, 0, 0, 1, 0, 0, 0, 0, 0, 0, 1]",34,17,17,13,7,6,1.9684360713209221,2.7618226317836254,2.0120724346076457
La_Liga,2011,Villarreal,"[0, 0, 1, 0, 0, 1, 1, 0, 0, 0, 0, 1, 1, 1, 0, 0, 0, 0, 1, 0, 1, 1, 0, 0]",24,12,12,9,4,5,1.3715906325853804,1.507488425758213,1.256281407035176
La_Liga,2011,Zaragoza,"[0, 1, 0, 1, 0, 0, 0, 0, 0, 0, 0, 0, 0, 0, 0, 1, 0, 0, 1, 0, 1, 1, 1, 0, 0, 1, 0, 1, 1, 1, 1]",31,16,15,12,3,9,1.027356563510801,1.0093132652249448,1.002004008016032
La_Liga,2012,Ath Bilbao,"[0, 0, 1, 0, 1, 0, 0, 1, 1, 0, 0, 1, 1, 0, 0, 0, 1, 0, 0, 0, 1, 1, 0, 1, 0, 0, 1, 1, 0]",29,15,14,12,6,6,1.5298926367629486,1.7792767844805109,1.447178002894356
La_Liga,2012,Ath Madrid,"[1, 1, 1, 1, 1, 1, 1, 1, 0, 1, 1, 1, 0, 1, 0, 1, 1, 1, 0, 1, 0, 1, 1, 0, 1, 1, 1, 0, 1, 0, 1]",31,16,15,23,13,10,2.9375884884888412,5.653627646715647,3.4246575342465753
La_Liga,2012,Barcelona,"[1, 1, 1, 1, 1, 1, 1, 1, 1, 1, 1, 1, 1, 1, 1, 1, 1, 1, 0, 1, 1, 1, 1, 0, 1, 1, 1, 1, 1, 1, 1, 1, 1, 1]",34,17,17,32,17,15,3.7860363457625343,13.801405160360831,4.291845493562231
La_Liga,2012,Betis,"[1, 0, 1, 1, 0, 0, 1, 1, 1, 0, 0, 1, 1, 0, 1, 0, 1, 1, 0, 0, 0, 1, 1, 0, 1, 0, 0, 1, 0, 1]",30,15,15,16,9,7,2.523078708371905,4.308354880446086,2.9411764705882355
La_Liga,2012,Celta,"[0, 0, 1, 0, 1, 0, 1, 0, 0, 0, 1, 0, 0, 0, 1, 0, 0, 0, 0, 1, 0, 0, 0, 0, 0, 1, 1, 0, 0, 1, 1]",31,16,15,10,5,5,1.5322923892827864,1.8203532234702633,1.375515818431912
La_Liga,2012,Espanol,"[0, 0, 0, 0, 0, 1, 1, 0, 0, 0, 1, 0, 1, 1, 1, 1, 1, 0, 0, 1, 1, 1, 0, 0, 0, 0, 0]",27,14,13,11,5,6,1.3265380337551171,1.4096476408931427,1.2091898428053205
La_Liga,2012,Getafe,"[0, 1, 0, 0, 1, 1, 0, 1, 0, 0, 1, 1, 1, 0, 0, 0, 1, 0, 1, 1, 1, 1, 0, 0, 0, 1, 0, 0, 0, 0]",30,15,15,13,7,6,1.981164112156975,2.8068338874262353,1.9230769230769231
La_Liga,2012,Granada,"[0, 0, 0, 1, 1, 0, 0, 0, 1, 0, 0, 0, 1, 0, 1, 0, 1, 1, 0, 0, 0, 0, 0, 0, 1, 1, 1, 0, 1]",29,15,14,11,5,6,1.3381468479420802,1.4258931511871338,1.2315270935960592
La_Liga,2012,La Coruna,"[1, 0, 0, 0, 0, 1, 0, 0, 0, 0, 0, 1, 0, 0, 0, 0, 0, 0, 0, 1, 1, 1, 1, 0, 1, 0, 0]",27,14,13,8,3,5,1.1874522040770383,1.1996231660868324,1.0940919037199124
La_Liga,2012,Levante,"[0, 1, 0, 1, 0, 1, 1, 1, 0, 1, 0, 1, 1, 0, 1, 0, 0, 1, 0, 0, 0, 1, 0, 0, 0, 0, 0, 1]",28,14,14,12,8,4,4.740539320074002,15.79398852705195,8.029548739360848
La_Liga,2012,Malaga,"[1, 1, 1, 1, 0, 1, 0, 0, 1, 0, 1, 1, 1, 0, 0, 1, 1, 1, 0, 0, 1, 0, 1, 0, 1, 0, 0, 1, 0]",29,15,14,16,9,7,2.228929924585753,3.398822208316722,2.314814814814815
La_Liga,2012,Mallorca,"[1, 1, 1, 0, 0, 0, 0, 0, 0, 0, 0, 0, 1, 0, 0, 0, 0, 0, 0, 1, 1, 0, 0, 0, 1, 0, 0, 1, 1]",29,15,14,9,4,5,1.3267542937818892,1.4272484050108833,1.2004801920768307
La_Liga,2012,Osasuna,"[0, 0, 0, 0, 1, 0, 0, 0, 1, 1, 0, 0, 0, 1, 0, 1, 1, 1, 0, 0, 0, 1, 0, 0, 0, 1, 0, 1, 0]",29,15,14,10,4,6,1.208575556758187,1.2190211924619851,1.1086474501108647
La_Liga,2012,Real Madrid,"[0, 1, 0, 1, 1, 1, 1, 1, 1, 1, 0, 1, 1, 0, 1, 1, 1, 0, 1, 1, 1, 1, 1, 1, 1, 1, 1, 1, 1, 1, 1]",31,16,15,26,12,14,1.0769808673728831,1.0901924194760086,1.0298661174047374
La_Liga,2012,Sevilla,"[1, 1, 1, 0, 0, 1, 0, 0, 1, 0, 0, 0, 0, 1, 0, 1, 1, 0, 1, 0, 1, 0, 1, 0, 1, 0, 1, 0, 0, 1]",30,15,15,14,6,8,1.2798844210338414,1.3022650338724133,1.146788990825688
La_Liga,2012,Sociedad,"[0, 1, 0, 1, 0, 1, 0, 0, 0, 1, 1, 1, 1, 0, 1, 1, 1, 1, 1, 1, 1, 1, 1, 0, 1, 1]",26,13,13,18,7,11,1.0603129298158085,1.0466778650845106,1.015228426395939
La_Liga,2012,Valencia,"[0, 1, 0, 1, 0, 1, 0, 1, 1, 0, 0, 1, 0, 1, 1, 1, 0, 1, 1, 1, 0, 1, 1, 1, 0, 1, 1, 1, 1, 0]",30,15,15,19,8,11,1.1640026115524602,1.1465946153878566,1.0626992561105206
La_Liga,2012,Valladolid,"[1, 1, 0, 0, 0, 1, 0, 1, 0, 1, 1, 0, 0, 0, 1, 1, 0, 0, 1, 0, 0, 0, 1, 0, 1, 0, 0, 0]",28,14,14,11,6,5,1.9683259886695428,2.862086060341679,1.9920318725099602
La_Liga,2012,Vallecano,"[1, 1, 0, 0, 0, 1, 0, 0, 1, 1, 0, 1, 0, 0, 1, 1, 1, 1, 0, 1, 0, 1, 0, 0, 1, 0, 0, 1, 0, 0, 0, 1, 1]",33,17,16,16,9,7,2.2220529131355087,3.3472564105288645,2.3094688221709005
La_Liga,2012,Zaragoza,"[0, 1, 0, 0, 1, 0, 0, 1, 1, 0, 1, 0, 0, 1, 0, 1, 0, 0, 0, 0, 0, 0, 0, 0, 0, 0, 1, 1, 0, 0, 0]",31,16,15,9,7,2,6.938022292542495,32.12869349126585,14.194464158977999
La_Liga,2013,Almeria,"[0, 0, 0, 0, 0, 0, 0, 1, 1, 1, 0, 0, 1, 1, 0, 0, 1, 0, 1, 0, 0, 0, 0, 1, 0, 0, 0, 0, 1, 1, 1]",31,16,15,11,5,6,1.3478391270096877,1.4397425854163357,1.2547051442910917
La_Liga,2013,Ath Bilbao,"[1, 1, 0, 1, 0, 1, 0, 1, 1, 0, 1, 1, 1, 1, 0, 1, 1, 1, 0, 1, 1, 1, 0, 1, 1, 0, 1, 1]",28,14,14,20,10,10,1.6668659918797977,2.0,1.492537313432836
La_Liga,2013,Ath Madrid,"[1, 1, 1, 1, 1, 1, 1, 1, 0, 1, 1, 1, 1, 1, 1, 1, 1, 1, 1, 0, 1, 0, 1, 1, 1, 1, 1, 1, 1, 1, 1, 0]",32,16,16,28,15,13,3.0967288118646974,7.016327513970717,3.401360544217687
La_Liga,2013,Barcelona,"[1, 1, 1, 1, 1, 1, 1, 1, 1, 1, 1, 1, 1, 0, 1, 1, 1, 1, 0, 1, 1, 0, 1, 0, 1, 1, 1, 1, 1, 0, 1, 1]",32,16,16,27,15,12,4.304087647436723,13.876647102003396,6.25
La_Liga,2013,Betis,"[0, 0, 1, 0, 1, 0, 0, 0, 0, 0, 0, 0, 0, 0, 0, 0, 1, 0, 0, 0, 1, 0, 1, 0, 0, 0, 0, 0, 0, 1, 0]",31,16,15,6,2,4,1.173709854949841,1.1893543288164303,1.091703056768559
La_Liga,2013,Celta,"[1, 0, 0, 0, 0, 0, 1, 0, 1, 0, 0, 1, 0, 0, 1, 0, 1, 1, 1, 0, 0, 1, 0, 0, 1, 0, 1, 1, 1, 1, 0]",31,16,15,14,5,9,1.0855282664839687,1.0570584371191878,1.019367991845056
La_Liga,2013,Elche,"[0, 0, 0, 1, 1, 1, 0, 0, 1, 0, 0, 0, 0, 1, 0, 1, 0, 1, 0, 0, 1, 0, 0, 1, 0]",25,13,12,9,4,5,1.307599339125011,1.399220074579398,1.1862396204033214
La_Liga,2013,Espanol,"[1, 1, 1, 0, 0, 0, 1, 0, 0, 0, 1, 0, 1, 0, 0, 1, 0, 1, 1, 0, 1, 0, 1, 0, 0, 0, 0, 0, 0]",29,15,14,11,6,5,1.8172633910426899,2.462670581832049,1.7391304347826086
La_Liga,2013,Getafe,"[0, 0, 1, 0, 1, 1, 1, 1, 0, 1, 0, 0, 1, 0, 0, 0, 0, 0, 0, 0, 0, 0, 0, 1, 0, 0, 1, 1, 1]",29,15,14,11,7,4,2.982025811724335,6.337254600096169,3.6496350364963503
La_Liga,2013,Granada,"[1, 0, 0, 0, 1, 0, 0, 1, 0, 1, 1, 0, 0, 1, 0, 0, 1, 0, 0, 0, 1, 0, 0, 1, 1, 0, 0, 0, 1, 0, 0, 0, 1]",33,17,16,12,7,5,2.2518913055822507,3.612954165274683,2.277904328018223
La_Liga,2013,Levante,"[0, 1, 1, 0, 1, 1, 0, 0, 0, 0, 1, 0, 0, 1, 1, 1, 1, 0, 0, 0, 1, 0, 0, 1, 1, 0]",26,13,13,12,5,7,1.2530304227800353,1.275023464644205,1.146788990825688
La_Liga,2013,Malaga,"[0, 0, 1, 1, 0, 0, 0, 1, 0, 0, 1, 1, 0, 0, 0, 1, 0, 0, 1, 0, 1, 0, 1, 1, 0, 1, 0, 0, 1]",29,15,14,12,5,7,1.214734340436965,1.2213665586351092,1.1210762331838564
La_Liga,2013,Osasuna,"[0, 0, 0, 0, 1, 0, 0, 1, 0, 1, 0, 0, 1, 0, 1, 1, 0, 0, 1, 1, 0, 0, 0, 0, 0, 1, 0, 0, 1]",29,15,14,10,5,5,1.5243442158298037,1.8063123857418013,1.4492753623188406
La_Liga,2013,Real Madrid,"[1, 1, 1, 1, 1, 0, 1, 1, 0, 1, 1, 1, 1, 1, 1, 1, 1, 1, 1, 1, 1, 1, 1, 1, 0, 0, 1, 1, 1, 1, 0, 1]",32,16,16,27,14,13,2.1413692131566213,3.193080665548612,2.028397565922921
La_Liga,2013,Sevilla,"[0, 0, 0, 1, 1, 1, 0, 0, 1, 1, 1, 1, 1, 0, 0, 0, 1, 1, 1, 1, 1, 1, 0, 1, 1, 1, 0, 0, 1]",29,15,14,18,8,10,1.1897484842078312,1.1873622442485658,1.0940919037199124
La_Liga,2013,Sociedad,"[1, 0, 0, 0, 1, 1, 1, 0, 1, 1, 1, 1, 1, 0, 1, 0, 1, 1, 0, 0, 1, 0, 1, 0, 1, 1, 0]",27,14,13,16,9,7,2.2345208905407152,3.4411223211727284,2.557544757033248
La_Liga,2013,Valencia,"[1, 0, 0, 0, 1, 1, 1, 0, 0, 0, 1, 0, 1, 0, 0, 1, 0, 1, 1, 1, 0, 0, 1, 0, 1, 0, 0, 1]",28,14,14,13,6,7,1.4189866924057202,1.5440892488469016,1.2836970474967908
La_Liga,2013,Valladolid,"[0, 0, 1, 0, 0, 1, 0, 0, 0, 1, 0, 0, 0, 1, 0, 1, 0, 0, 1, 0, 1, 0, 0]",23,12,11,7,3,4,1.2820079862218985,1.3832121067883727,1.1402508551881414
La_Liga,2013,Vallecano,"[1, 0, 0, 0, 0, 0, 0, 1, 1, 0, 0, 0, 1, 0, 0, 0, 0, 1, 0, 0, 1, 0, 0, 1, 1, 1, 1, 0, 1, 1, 1, 0, 0, 0]",34,17,17,13,4,9,1.0741850215126545,1.0403897015854855,1.0204081632653061
La_Liga,2013,Villarreal,"[1, 1, 1, 1, 0, 1, 0, 1, 0, 1, 1, 0, 0, 1, 1, 1, 0, 1, 0, 0, 1, 0, 0, 1, 0, 1, 0, 0, 1, 1]",30,15,15,17,10,7,3.3451044390048845,7.434295556228816,4.0
La_Liga,2014,Almeria,"[0, 1, 0, 1, 0, 0, 0, 0, 0, 0, 0, 1, 1, 0, 0, 0, 1, 1, 0, 0, 0, 0, 0, 1, 0, 1, 0, 0, 0, 0]",30,15,15,8,4,4,1.5862804490834466,2.0,1.5313935681470139
La_Liga,2014,Ath Bilbao,"[0, 1, 0, 0, 0, 0, 1, 1, 1, 1, 0, 0, 0, 0, 0, 1, 0, 1, 1, 1, 1, 1, 0, 0, 1, 1, 1, 1]",28,14,14,15,5,10,1.0538080750492778,1.0299388881489515,1.0121457489878543
La_Liga,2014,Ath Madrid,"[1, 1, 1, 1, 0, 1, 1, 1, 0, 1, 1, 1, 0, 1, 1, 0, 1, 1, 1, 1, 0, 1, 1, 1, 1, 1, 1, 1, 0]",29,15,14,23,12,11,1.731660653462399,2.1635809693258823,1.5408320493066257
La_Liga,2014,Barcelona,"[1, 1, 1, 1, 1, 1, 1, 0, 0, 1, 1, 1, 1, 1, 0, 1, 1, 1, 1, 1, 1, 0, 1, 1, 1, 1, 1, 1, 1, 1, 1, 1, 1, 1]",34,17,17,30,14,16,1.1352054535432305,1.1675869330991548,1.0471204188481675
La_Liga,2014,Celta,"[1, 1, 1, 0, 1, 1, 0, 0, 0, 0, 0, 0, 0, 0, 1, 1, 1, 0, 0, 1, 0, 1, 1, 0, 1, 1]",26,13,13,13,5,8,1.1539653472320046,1.1359225248742462,1.0438413361169103
La_Liga,2014,Cordoba,"[0, 0, 0, 0, 0, 0, 1, 0, 1, 1, 0, 0, 0, 0, 0, 0, 0, 0, 0, 0, 0, 0, 0, 0, 0, 0, 0]",27,14,13,3,3,0,4.623627006965765,26.082844168683884,7.972574344255761
La_Liga,2014,Eibar,"[1, 0, 0, 1, 0, 1, 0, 0, 1, 1, 0, 1, 1, 0, 0, 0, 0, 0, 0, 0, 0, 0, 1, 0, 0, 0, 0, 0, 0, 1]",30,15,15,9,7,2,7.884711973044741,43.135217328242156,18.433179723502302
La_Liga,2014,Elche,"[0, 1, 0, 0, 0, 0, 0, 1, 0, 0, 0, 0, 1, 1, 0, 0, 1, 1, 0, 1, 0, 0, 0, 1, 1, 0, 1, 1, 0, 0]",30,15,15,11,4,7,1.1660227687898326,1.1465946153878563,1.0695187165775402
La_Liga,2014,Espanol,"[0, 0, 1, 1, 0, 0, 0, 1, 0, 1, 1, 0, 0, 1, 1, 0, 0, 1, 0, 1, 0, 1, 1, 0, 1, 1, 0, 0]",28,14,14,13,6,7,1.4189866924057202,1.5440892488469016,1.3175230566534915
La_Liga,2014,Getafe,"[0, 1, 0, 0, 0, 1, 1, 0, 1, 0, 0, 0, 0, 0, 1, 0, 1, 0, 1, 0, 1, 0, 0, 1, 1, 0, 0, 0, 0, 0, 0]",31,16,15,10,5,5,1.5322923892827864,1.8203532234702633,1.4792899408284024
La_Liga,2014,Granada,"[1, 1, 0, 0, 0, 0, 0, 0, 0, 0, 0, 1, 0, 0, 0, 1, 0, 0, 0, 0, 0, 1, 1, 1]",24,12,12,7,3,4,1.3416496587301465,1.4851863748254122,1.2594458438287153
La_Liga,2014,La Coruna,"[0, 1, 0, 0, 0, 0, 1, 0, 0, 0, 1, 0, 1, 0, 1, 1, 0, 0, 0, 0, 0, 0, 0, 1]",24,12,12,7,3,4,1.3416496587301465,1.4851863748254122,1.2315270935960592
La_Liga,2014,Levante,"[0, 0, 0, 1, 0, 0, 0, 1, 1, 0, 0, 0, 0, 0, 1, 0, 1, 0, 1, 0, 0, 1, 0, 0, 1, 1, 0, 0]",28,14,14,9,3,6,1.1461734494925633,1.126611601022543,1.0548523206751055
La_Liga,2014,Malaga,"[1, 0, 0, 1, 1, 1, 1, 1, 0, 0, 1, 1, 1, 0, 0, 1, 0, 0, 1, 1, 0, 1, 0, 0, 0, 0, 0, 1, 0, 0]",30,15,15,14,9,5,4.542665438796399,13.963076700807273,7.366482504604051
La_Liga,2014,Real Madrid,"[1, 0, 0, 1, 1, 1, 1, 1, 1, 1, 1, 1, 1, 1, 1, 0, 1, 1, 1, 1, 1, 0, 1, 1, 0, 1, 0, 1, 1, 1, 1, 1, 1, 1, 1, 1]",36,18,18,30,15,15,1.6740725237070104,2.0,1.4727540500736378
La_Liga,2014,Sevilla,"[1, 1, 1, 1, 0, 1, 1, 1, 0, 0, 1, 1, 1, 1, 1, 0, 1, 0, 0, 1, 0, 1, 1, 1, 1, 1, 1, 1, 0, 1, 1]",31,16,15,23,12,11,1.7623004797669217,2.1843653322242824,1.680672268907563
La_Liga,2014,Sociedad,"[0, 1, 0, 0, 0, 0, 0, 1, 1, 0, 1, 0, 1, 0, 1, 0, 1, 1, 1, 0, 0, 1, 0, 0, 1]",25,13,12,11,5,6,1.312366537696454,1.3903095941809698,1.2019230769230769
La_Liga,2014,Valencia,"[1, 1, 1, 1, 1, 0, 1, 1, 0, 0, 1, 1, 1, 1, 1, 0, 1, 1, 1, 1, 1, 1, 1, 0, 1, 1, 1]",27,14,13,22,11,11,1.3811589845934296,1.522347239211495,1.272264631043257
La_Liga,2014,Vallecano,"[0, 0, 1, 1, 0, 1, 0, 0, 0, 1, 1, 0, 0, 0, 1, 0, 1, 0, 0, 0, 1, 0, 1, 0, 1, 1, 1, 0, 0, 1, 0, 1, 1, 0]",34,17,17,15,7,8,1.4506650775786598,1.5745512814486469,1.3477088948787062
La_Liga,2014,Villarreal,"[1, 0, 1, 0, 1, 1, 0, 0, 1, 1, 1, 1, 1, 1, 1, 0, 1, 0, 1, 1, 0, 0, 0, 1, 1, 0]",26,13,13,16,9,7,2.627583920273654,4.760627558633165,2.949852507374631
La_Liga,2015,Ath Bilbao,"[0, 0, 1, 0, 0, 1, 1, 1, 1, 0, 1, 0, 1, 1, 0, 0, 1, 1, 0, 0, 1, 1, 1, 1, 0, 1, 1, 0, 1, 1]",30,15,15,18,8,10,1.2775923302793615,1.2953842236711037,1.1587485515643106
La_Liga,2015,Ath Madrid,"[1, 1, 0, 1, 1, 0, 1, 1, 1, 1, 1, 1, 1, 0, 1, 1, 1, 1, 0, 1, 1, 1, 1, 1, 1, 0, 1, 1, 1, 1, 1, 1, 0, 1]",34,17,17,28,14,14,1.6703220384942294,2.0,1.4814814814814814
La_Liga,2015,Barcelona,"[1, 1, 1, 1, 0, 1, 0, 1, 1, 1, 1, 1, 1, 1, 1, 1, 1, 1, 1, 1, 1, 1, 1, 1, 1, 1, 0, 0, 0, 1, 1, 1, 1, 1]",34,17,17,29,15,14,2.14451232823994,3.183599778905171,1.9880715705765408
La_Liga,2015,Betis,"[0, 1, 0, 1, 1, 0, 0, 1, 0, 1, 0, 0, 0, 0, 0, 1, 1, 1, 0, 0, 0, 1, 1, 0, 0, 1]",26,13,13,11,5,6,1.398057804285396,1.5283489660964467,1.2531328320802004
La_Liga,2015,Celta,"[1, 1, 1, 1, 1, 0, 1, 0, 0, 1, 1, 1, 0, 0, 0, 1, 0, 0, 0, 1, 1, 0, 1, 1, 1, 1, 0, 1, 0]",29,15,14,17,9,8,1.7967074443835742,2.2832411024109107,1.721170395869191
La_Liga,2015,Eibar,"[1, 1, 0, 1, 0, 1, 1, 0, 0, 0, 1, 1, 1, 1, 0, 0, 0, 1, 0, 0, 0, 0, 0, 0, 1, 0, 0, 0]",28,14,14,11,9,2,22.451664823183826,296.06252697572927,103.30578512396694
La_Liga,2015,Espanol,"[1, 0, 0, 1, 1, 0, 0, 1, 0, 0, 1, 0, 0, 1, 0, 0, 0, 0, 0, 0, 1, 1, 0, 1, 1, 0, 0, 0, 1, 0, 1]",31,16,15,12,6,6,1.5401026560662618,1.79604172854337,1.4326647564469914
La_Liga,2015,Getafe,"[0, 0, 0, 1, 0, 1, 1, 0, 0, 0, 1, 0, 1, 1, 1, 0, 0, 0, 0, 0, 0, 0, 0, 0, 0, 0, 1, 1, 0]",29,15,14,9,7,2,7.059183062808769,33.53748649477896,14.492753623188406
La_Liga,2015,Granada,"[0, 1, 0, 0, 0, 0, 0, 1, 0, 1, 0, 0, 1, 0, 0, 1, 0, 0, 0, 0, 1, 1, 0, 0, 1, 0, 1, 1, 0]",29,15,14,10,4,6,1.208575556758187,1.2190211924619851,1.1111111111111112
La_Liga,2015,La Coruna,"[1, 0, 1, 1, 0, 1, 1, 1, 0, 0, 0, 0, 0, 0, 1, 0, 0, 0, 1, 0]",20,10,10,8,6,2,5.977652417320556,29.459786383708668,11.717834544176236
La_Liga,2015,Las Palmas,"[0, 0, 1, 0, 0, 0, 0, 1, 0, 0, 1, 0, 1, 0, 0, 1, 0, 0, 0, 1, 1, 1, 0, 1, 1, 1, 0, 1, 0, 0]",30,15,15,12,4,8,1.1050302623732664,1.0729827456147283,1.027749229188078
La_Liga,2015,Levante,"[0, 0, 0, 1, 0, 0, 0, 1, 0, 0, 0, 0, 0, 1, 0, 1, 0, 0, 0, 1, 0, 0, 1, 0, 0, 1, 0, 0, 1, 0]",30,15,15,8,3,5,1.230695202351907,1.2570404810656415,1.1148272017837235
La_Liga,2015,Malaga,"[0, 0, 0, 1, 0, 1, 0, 0, 0, 1, 1, 1, 1, 0, 0, 1, 1, 0, 0, 1, 1, 0, 0, 1, 0, 1]",26,13,13,12,6,6,1.63540341789661,2.0,1.5527950310559007
La_Liga,2015,Real Madrid,"[1, 1, 1, 1, 1, 1, 1, 0, 0, 1, 1, 0, 1, 1, 1, 1, 1, 1, 1, 0, 1, 1, 1, 1, 1, 1, 1, 1, 1, 1, 1, 1]",32,16,16,28,13,15,1.1338730931613314,1.1662143554648359,1.0615711252653928
La_Liga,2015,Sevilla,"[0, 0, 0, 1, 1, 1, 0, 1, 0, 1, 1, 1, 0, 1, 1, 1, 1, 0, 1, 1, 0, 0, 0, 0, 1, 0, 0, 0]",28,14,14,14,8,6,2.529956763434219,4.447490501346341,2.881844380403458
La_Liga,2015,Sociedad,"[0, 0, 1, 0, 0, 1, 0, 0, 1, 0, 1, 0, 0, 1, 0, 1, 1, 1, 1, 0, 0, 0, 1, 1, 0, 0, 0, 1, 1]",29,15,14,13,5,8,1.1315443717727154,1.1096503965983031,1.0362694300518134
La_Liga,2015,Sp Gijon,"[0, 1, 0, 0, 1, 0, 1, 0, 0, 0, 1, 0, 0, 0, 0, 0, 1, 1, 0, 0, 0, 0, 0, 1, 0, 1, 0, 1, 1]",29,15,14,10,4,6,1.208575556758187,1.2190211924619851,1.1235955056179776
La_Liga,2015,Valencia,"[1, 0, 1, 0, 1, 0, 1, 1, 0, 0, 0, 0, 0, 1, 1, 0, 1, 0, 0, 0, 0, 1, 1, 1, 0, 0, 0]",27,14,13,11,6,5,1.8100308448907698,2.4499781008658434,1.838235294117647
La_Liga,2015,Vallecano,"[0, 0, 1, 1, 0, 0, 0, 1, 0, 1, 0, 0, 0, 0, 0, 0, 1, 1, 0, 0, 1, 0, 1, 0, 0, 0, 1]",27,14,13,9,4,5,1.3180580357142848,1.4143837224122595,1.221001221001221
La_Liga,2015,Villarreal,"[1, 1, 1, 1, 1, 0, 0, 1, 0, 0, 1, 1, 1, 1, 1, 1, 1, 1, 1, 0, 0, 1, 1, 0, 0, 1, 0, 0]",28,14,14,18,10,8,2.623469456875555,4.648755263783788,3.0395136778115504
La_Liga,2016,Alaves,"[1, 0, 1, 0, 0, 0, 1, 0, 1, 1, 0, 1, 0, 1, 1, 0, 1, 1, 0, 0, 0, 1, 1, 1, 1]",25,13,12,14,6,8,1.1767143482253397,1.1778155004847752,1.088139281828074
La_Liga,2016,Ath Bilbao,"[0, 0, 1, 1, 1, 1, 0, 1, 0, 1, 0, 1, 0, 1, 1, 0, 1, 0, 1, 0, 1, 1, 0, 1, 1, 0, 1, 1, 1, 1, 0, 0]",32,16,16,19,9,10,1.4503129459570259,1.5611513536306454,1.314060446780552
La_Liga,2016,Ath Madrid,"[1, 1, 1, 1, 1, 0, 1, 0, 0, 1, 0, 1, 1, 1, 1, 1, 1, 0, 1, 1, 1, 1, 1, 1, 1, 0, 1, 1, 1]",29,15,14,23,11,12,1.2213713439024632,1.25849968994697,1.095290251916758
La_Liga,2016,Barcelona,"[1, 1, 0, 1, 1, 0, 1, 1, 1, 1, 1, 1, 1, 1, 1, 1, 1, 1, 1, 1, 0, 1, 1, 1, 0, 1, 1, 1, 1, 1, 1, 1]",32,16,16,28,14,14,1.6338126400690434,2.0,1.4513788098693758
La_Liga,2016,Betis,"[0, 1, 0, 1, 0, 0, 1, 0, 0, 1, 0, 1, 0, 1, 0, 0, 0, 1, 0, 0, 1, 0, 0, 0, 1, 1, 0, 0, 0]",29,15,14,10,6,4,2.2783586204333575,3.863889620287177,2.4813895781637716
La_Liga,2016,Celta,"[0, 0, 0, 1, 1, 1, 0, 1, 1, 0, 1, 0, 0, 1, 1, 0, 1, 0, 1, 0, 0, 1, 1, 0, 0, 1, 0, 0, 0, 0, 0, 0]",32,16,16,13,8,5,3.2206778840762706,7.1370880892901445,4.8076923076923075
La_Liga,2016,Eibar,"[0, 1, 1, 0, 1, 0, 1, 0, 1, 1, 0, 0, 1, 0, 1, 1, 1, 0, 1, 0, 1, 1, 1, 0, 0, 1, 0, 0, 0]",29,15,14,15,8,7,1.8069284951620663,2.332250535873808,1.721170395869191
La_Liga,2016,Espanol,"[0, 0, 1, 0, 1, 1, 1, 1, 0, 0, 1, 1, 1, 0, 0, 1, 0, 1, 1, 0, 1, 1, 0, 0, 1, 0, 1]",27,14,13,15,8,7,1.795150764623751,2.316851763863742,1.6474464579901154
La_Liga,2016,Granada,"[0, 0, 0, 0, 0, 0, 0, 0, 1, 0, 0, 0, 0, 1, 0, 1, 0, 1, 0, 0, 0, 0, 0, 0, 0, 0, 0, 0, 0, 0]",30,15,15,4,2,2,1.4768031636578263,2.0,1.3812154696132597
La_Liga,2016,La Coruna,"[1, 0, 0, 0, 1, 0, 0, 0, 0, 1, 0, 1, 0, 0, 0, 0, 1, 1, 0, 0, 0, 1, 0, 0, 0, 1]",26,13,13,8,4,4,1.584677267025257,2.0,1.485884101040119
La_Liga,2016,Las Palmas,"[1, 1, 0, 1, 0, 0, 1, 0, 1, 0, 1, 0, 1, 0, 0, 0, 0, 1, 0, 1, 0, 0, 1, 0, 0, 0, 0, 0, 0]",29,15,14,10,7,3,4.298108362791285,13.067995015264994,6.622955162593549
La_Liga,2016,Leganes,"[1, 0, 0, 1, 0, 1, 0, 0, 0, 0, 1, 0, 0, 0, 0, 0, 0, 1, 0, 1, 0, 0, 0, 0, 1, 0, 1]",27,14,13,8,4,4,1.5028513556869714,1.819094957669333,1.4164305949008498
La_Liga,2016,Malaga,"[0, 0, 1, 0, 1, 1, 0, 1, 1, 0, 0, 0, 0, 0, 1, 0, 0, 0, 0, 0, 1, 1, 0, 1, 1, 1, 1, 0]",28,14,14,12,5,7,1.2628830120791827,1.2861808449421503,1.1560693641618498
La_Liga,2016,Osasuna,"[0, 0, 0, 0, 1, 0, 0, 0, 0, 0, 0, 0, 0, 0, 0, 0, 0, 0, 0, 0, 0, 1, 1, 0, 0, 0, 1, 0]",28,14,14,4,1,3,1.146888509354352,1.1628496587572035,1.0548523206751055
La_Liga,2016,Real Madrid,"[1, 1, 1, 1, 1, 1, 1, 1, 1, 1, 1, 1, 0, 1, 1, 1, 1, 0, 1, 1, 1, 1, 1, 1, 1, 0, 1, 1, 1, 1, 1, 1]",32,16,16,29,15,14,2.220337983330651,3.675139037613488,2.0
La_Liga,2016,Sevilla,"[1, 1, 1, 0, 1, 1, 1, 0, 1, 1, 0, 1, 1, 1, 1, 1, 0, 1, 1, 1, 1, 0, 0, 1, 1, 1, 0, 0, 1]",29,15,14,21,12,9,2.960677196808087,5.812522545340308,3.3557046979865772
La_Liga,2016,Sociedad,"[0, 1, 0, 1, 0, 1, 0, 1, 1, 1, 1, 0, 1, 1, 0, 1, 1, 0, 1, 1, 0, 1, 1, 0, 0, 0, 1, 0, 1, 1, 1]",31,16,15,19,10,9,1.7978820450629376,2.2562155527070686,1.7006802721088434
La_Liga,2016,Sp Gijon,"[1, 1, 0, 0, 0, 0, 0, 0, 0, 0, 1, 0, 0, 0, 0, 0, 0, 1, 0, 0, 0, 1, 0, 0, 0, 0, 1, 1]",28,14,14,7,3,4,1.3485547369492805,1.4953501155880404,1.1976047904191616
La_Liga,2016,Valencia,"[0, 0, 0, 0, 1, 1, 0, 1, 0, 0, 0, 0, 1, 1, 0, 0, 1, 1, 0, 1, 0, 0, 1, 1, 1, 0, 0, 0, 1, 1, 0]",31,16,15,13,5,8,1.1419874080797072,1.1192279825480216,1.0582010582010581
La_Liga,2016,Villarreal,"[1, 1, 1, 1, 1, 0, 1, 0, 0, 1, 1, 0, 1, 1, 0, 1, 1, 1, 0, 0, 1, 1, 0, 1, 1, 1, 0, 1]",28,14,14,19,10,9,2.057873193112623,2.916583536972888,1.9267822736030829
La_Liga,2017,Alaves,"[0, 0, 0, 0, 0, 0, 1, 0, 0, 0, 1, 0, 0, 1, 1, 0, 1, 0, 1, 0, 1, 1, 1, 0, 1, 0, 0, 0, 1, 1, 0, 1, 0, 1, 1, 0]",36,18,18,15,5,10,1.0831299007039488,1.0476518953837235,1.0111223458038423
La_Liga,2017,Ath Bilbao,"[1, 1, 0, 0, 0, 1, 0, 0, 0, 1, 1, 1, 0, 0, 1, 0, 1, 0, 1, 0, 0, 0, 1, 0, 0]",25,13,12,10,6,4,2.2821764058767533,3.896418200653083,2.5641025641025643
La_Liga,2017,Ath Madrid,"[1, 1, 1, 1, 1, 1, 1, 1, 1, 1, 0, 1, 1, 1, 1, 1, 1, 1, 1, 0, 1, 0, 1, 1, 0, 1, 0, 1]",28,14,14,23,13,10,4.337309916143041,14.410079610760047,6.118827632625589
La_Liga,2017,Barcelona,"[1, 1, 1, 1, 1, 1, 1, 1, 1, 1, 1, 1, 1, 1, 1, 1, 1, 1, 1, 1, 1, 1, 1, 1, 1, 1, 1, 0, 1]",29,15,14,28,15,13,2.576281543157095,6.8458334831090655,2.1413276231263385
La_Liga,2017,Betis,"[0, 1, 0, 1, 1, 1, 0, 1, 0, 0, 0, 0, 1, 0, 1, 1, 0, 0, 1, 1, 0, 1, 0, 1, 1, 1, 1, 1, 1, 1, 0, 0]",32,16,16,18,8,10,1.2934979838290337,1.3123647998416588,1.1534025374855825
La_Liga,2017,Celta,"[0, 0, 1, 0, 1, 1, 0, 0, 1, 0, 1, 0, 0, 1, 1, 1, 1, 0, 0, 1, 0, 1, 0, 1, 0, 0, 0, 1]",28,14,14,13,6,7,1.4189866924057202,1.5440892488469016,1.288659793814433
La_Liga,2017,Eibar,"[1, 0, 0, 1, 0, 0, 0, 0, 0, 1, 1, 1, 1, 1, 1, 0, 1, 1, 0, 0, 1, 0, 0, 0, 0, 1, 0, 1, 1]",29,15,14,14,8,6,2.2392671791806773,3.492564201602757,2.5316455696202533
La_Liga,2017,Espanol,"[0, 0, 1, 1, 0, 1, 0, 0, 1, 0, 0, 1, 1, 0, 0, 1, 1, 0, 0, 0, 0, 1, 1, 1, 1]",25,13,12,12,6,6,1.502153325177417,1.7353597143161648,1.3812154696132597
La_Liga,2017,Getafe,"[0, 1, 0, 1, 0, 0, 1, 1, 0, 1, 0, 1, 0, 1, 1, 0, 1, 0, 0, 1, 0, 0, 1, 1, 1, 1, 0, 1]",28,14,14,15,7,8,1.4256689066254977,1.5440892488469018,1.2804097311139564
La_Liga,2017,Girona,"[1, 0, 0, 0, 0, 1, 1, 1, 0, 1, 1, 0, 0, 1, 1, 0, 1, 0, 1, 1, 1, 0, 0, 0, 1, 0, 0, 0, 1]",29,15,14,14,8,6,2.2392671791806773,3.492564201602757,2.506265664160401
La_Liga,2017,La Coruna,"[0, 0, 0, 1, 0, 1, 0, 1, 0, 0, 0, 1, 0, 0, 0, 0, 0, 0, 0, 0, 0, 0, 1, 1, 0, 0, 0]",27,14,13,6,4,2,2.367414770943153,4.875498092747678,2.824858757062147
La_Liga,2017,Las Palmas,"[0, 0, 1, 1, 0, 0, 0, 0, 0, 0, 0, 0, 1, 0, 0, 0, 0, 1, 0, 1, 0, 0, 0, 0, 0, 0, 0, 0, 0, 0, 0]",31,16,15,5,3,2,1.801066986138119,2.9326802893502926,1.8214936247723132
La_Liga,2017,Leganes,"[1, 1, 0, 0, 1, 1, 1, 0, 0, 0, 0, 1, 0, 1, 0, 1, 0, 0, 0, 0, 1, 0, 1, 0, 0, 1, 0, 0, 0, 0, 1]",31,16,15,12,8,4,4.0233600855450815,10.954919898689766,5.58659217877095
La_Liga,2017,Levante,"[1, 1, 0, 0, 0, 1, 0, 0, 0, 0, 0, 0, 0, 0, 0, 1, 1, 1, 0, 1, 1, 1, 1, 1, 0]",25,13,12,11,3,8,1.03131855096641,1.0143348886389385,1.001001001001001
La_Liga,2017,Malaga,"[0, 0, 0, 0, 0, 0, 0, 0, 1, 0, 1, 0, 1, 0, 0, 0, 0, 0, 0, 0, 0, 0, 0, 0, 1, 0, 0, 0, 1, 0, 0, 0, 0]",33,17,16,5,3,2,1.8035394072114752,2.940127811000472,1.9230769230769231
La_Liga,2017,Real Madrid,"[1, 1, 0, 1, 1, 1, 1, 0, 1, 1, 1, 0, 0, 1, 1, 1, 1, 1, 1, 0, 1, 1, 1, 1, 1, 1, 0, 1]",28,14,14,22,10,12,1.1971174316846342,1.2172716140370459,1.0893246187363834
La_Liga,2017,Sevilla,"[1, 1, 1, 1, 0, 1, 0, 0, 1, 0, 1, 1, 1, 0, 0, 0, 0, 1, 0, 1, 1, 0, 1, 1, 0, 0, 0, 0, 1, 1, 1]",31,16,15,17,9,8,1.808690566038217,2.2976353317176037,1.733102253032929
La_Liga,2017,Sociedad,"[1, 1, 1, 0, 0, 0, 1, 0, 1, 0, 0, 1, 0, 0, 0, 0, 1, 0, 1, 0, 1, 0, 0, 1, 1, 1, 0, 1, 0, 1, 0]",31,16,15,14,6,8,1.2272360718954003,1.2315399586327471,1.1111111111111112
La_Liga,2017,Valencia,"[1, 1, 1, 1, 1, 1, 1, 1, 1, 0, 1, 0, 0, 1, 1, 0, 0, 0, 1, 1, 1, 1, 1, 1, 1, 1, 0, 0, 0, 1, 1]",31,16,15,22,12,10,2.2165941034170693,3.281522447058705,2.304147465437788
La_Liga,2017,Villarreal,"[0, 0, 1, 1, 0, 1, 1, 1, 1, 0, 0, 0, 1, 1, 1, 1, 1, 0, 0, 1, 0, 0, 1, 1, 0, 0, 1, 1, 1, 0, 1]",31,16,15,18,10,8,2.217696614938645,3.3044757760329158,2.183406113537118
La_Liga,2018,Alaves,"[0, 1, 1, 1, 0, 1, 1, 1, 0, 1, 0, 0, 1, 1, 0, 0, 0, 1, 1, 1, 0, 0, 0, 0, 0, 0, 1]",27,14,13,13,9,4,6.071891208297265,24.51456861068925,11.463945890175399
La_Liga,2018,Ath Bilbao,"[1, 0, 0, 0, 0, 0, 1, 1, 1, 1, 0, 1, 1, 0, 1, 1, 1, 0, 1, 0, 1, 0, 1, 0]",24,12,12,13,6,7,1.3969725010740741,1.5175032530974255,1.277139208173691
La_Liga,2018,Ath Madrid,"[1, 0, 1, 1, 1, 1, 1, 1, 1, 1, 1, 1, 1, 0, 0, 1, 1, 1, 1, 0, 1, 1, 0, 1, 1, 1, 1, 0]",28,14,14,22,12,10,2.843482019820793,5.602534042157461,3.115264797507788
La_Liga,2018,Barcelona,"[1, 1, 1, 1, 0, 1, 1, 1, 0, 1, 1, 1, 1, 1, 1, 1, 1, 1, 1, 1, 1, 1, 1, 1, 1, 1, 1, 0, 1]",29,15,14,26,13,13,1.2768095126070789,1.412808918063209,1.1235955056179776
La_Liga,2018,Betis,"[0, 1, 1, 1, 0, 0, 0, 1, 0, 1, 1, 1, 0, 0, 1, 0, 1, 0, 1, 0, 1, 0, 0, 1, 0, 0, 0, 0, 1, 1]",30,15,15,14,8,6,2.4961507090976705,4.308354880446086,2.7548209366391183
La_Liga,2018,Celta,"[1, 1, 0, 0, 0, 1, 0, 0, 1, 1, 0, 0, 0, 0, 0, 1, 0, 0, 0, 0, 0, 1, 1, 0, 1, 1, 0]",27,14,13,10,5,5,1.5148471428733075,1.7898317226824547,1.4880952380952381
La_Liga,2018,Eibar,"[0, 0, 1, 1, 0, 0, 1, 0, 1, 1, 0, 0, 1, 1, 0, 1, 0, 1, 0, 0, 0, 1, 1, 0]",24,12,12,11,5,6,1.3895210785133645,1.5175032530974257,1.2406947890818858
La_Liga,2018,Espanol,"[1, 0, 1, 0, 1, 1, 1, 1, 0, 0, 0, 0, 0, 0, 1, 0, 0, 0, 1, 1, 0, 0, 1, 1, 1, 1, 1]",27,14,13,14,6,8,1.1971651123675657,1.198819987373033,1.1037527593818985
La_Liga,2018,Getafe,"[0, 1, 1, 0, 0, 1, 1, 0, 1, 1, 0, 1, 1, 0, 1, 1, 1, 1, 0, 1, 1, 0, 1, 0]",24,12,12,15,7,8,1.3934751313833396,1.5074884257582135,1.2239902080783354
La_Liga,2018,Girona,"[0, 1, 1, 0, 0, 1, 1, 1, 0, 0, 0, 0, 0, 0, 1, 1, 0, 1, 0, 0, 0, 0, 0, 0, 1, 0, 0, 0]",28,14,14,9,5,4,1.945292882465108,2.916583536972889,2.044989775051125
La_Liga,2018,Huesca,"[1, 0, 0, 0, 0, 0, 0, 0, 0, 0, 0, 0, 1, 0, 0, 1, 1, 0, 1, 0, 0, 0, 1, 0, 0, 1]",26,13,13,7,2,5,1.12195069821821,1.1017460004952637,1.0471204188481675
La_Liga,2018,Leganes,"[0, 0, 0, 0, 1, 0, 1, 0, 1, 1, 0, 1, 0, 1, 1, 0, 1, 0, 0, 1, 1, 0, 0, 1, 0, 0]",26,13,13,11,5,6,1.398057804285396,1.5283489660964467,1.2820512820512822
La_Liga,2018,Levante,"[1, 0, 0, 0, 0, 1, 1, 1, 1, 0, 1, 0, 0, 0, 1, 0, 0, 1, 0, 0, 0, 0, 0, 1, 0, 1, 1]",27,14,13,11,6,5,1.8100308448907698,2.4499781008658434,1.858736059479554
La_Liga,2018,Real Madrid,"[1, 1, 1, 1, 0, 0, 0, 0, 1, 1, 0, 1, 1, 1, 0, 1, 1, 1, 1, 1, 0, 1, 0, 1, 1, 1, 0, 1, 1, 0, 1, 0, 0]",33,17,16,21,11,10,1.7987913931033357,2.233986634888016,1.669449081803005
La_Liga,2018,Sevilla,"[1, 0, 0, 1, 1, 1, 1, 0, 1, 1, 1, 1, 0, 0, 1, 0, 0, 0, 0, 1, 1, 0, 1, 1, 1, 0, 1, 0, 0, 1]",30,15,15,17,10,7,3.3451044390048845,7.434295556228816,4.366812227074236
La_Liga,2018,Sociedad,"[1, 0, 0, 1, 0, 1, 0, 1, 1, 0, 0, 0, 0, 1, 1, 1, 1, 0, 0, 1, 0, 0, 0, 1, 1, 1, 0]",27,14,13,13,6,7,1.3258749661237057,1.3966438877911838,1.2165450121654502
La_Liga,2018,Valencia,"[0, 1, 0, 1, 1, 0, 1, 0, 1, 1, 1, 1, 1, 1, 0, 1, 1, 0, 0, 1, 1, 1]",22,11,11,15,7,8,1.3663099167021697,1.4783505468574414,1.218026796589525
La_Liga,2018,Valladolid,"[0, 0, 1, 1, 1, 1, 0, 0, 0, 1, 0, 0, 0, 1, 0, 0, 0, 0, 0, 1, 0, 0, 1, 0, 1, 1, 0]",27,14,13,10,6,4,2.2799905565484173,3.8777810582059935,2.5380710659898478
La_Liga,2018,Vallecano,"[0, 0, 1, 0, 0, 0, 0, 0, 0, 1, 0, 0, 1, 1, 1, 1, 0, 0, 0, 0, 0, 0, 0, 0, 1, 0, 0, 1, 0, 0]",30,15,15,8,5,3,2.483075374391316,4.890437785730043,2.808988764044944
La_Liga,2018,Villarreal,"[0, 0, 1, 1, 0, 0, 0, 1, 0, 0, 0, 0, 1, 0, 0, 1, 1, 0, 0, 1, 1, 1, 0, 1]",24,12,12,10,3,7,1.07831695472985,1.0513533321374784,1.0224948875255624
La_Liga,2019,Alaves,"[1, 0, 0, 0, 1, 0, 1, 0, 0, 1, 1, 0, 0, 0, 1, 0, 1, 0, 1, 0, 1, 0, 0, 0]",24,12,12,9,5,4,1.9596954488599756,2.970488289473696,2.0202020202020203
La_Liga,2019,Ath Bilbao,"[1, 1, 1, 0, 0, 0, 1, 1, 1, 1, 0, 0, 0, 0, 0, 1, 1, 1, 0, 1]",20,10,10,11,7,4,3.8231750823624497,11.26571093720506,5.847953216374269
La_Liga,2019,Ath Madrid,"[1, 1, 1, 0, 1, 1, 1, 0, 1, 1, 1, 0, 0, 1, 1, 1, 1, 1, 1]",19,10,9,15,8,7,1.6808377645022266,2.2085655161819835,1.51285930408472
La_Liga,2019,Barcelona,"[0, 1, 1, 0, 1, 1, 1, 1, 1, 0, 1, 1, 1, 1, 1, 1, 0, 1, 1, 1, 1, 0, 1, 1, 1, 1]",26,13,13,21,10,11,1.342214482563256,1.4479707105954487,1.1750881316098707
La_Liga,2019,Betis,"[0, 0, 1, 1, 0, 0, 0, 1, 0, 1, 1, 1, 0, 1, 0, 0, 0, 1, 0, 0, 1, 0]",22,11,11,9,5,4,1.969642822255588,3.0095199846121163,1.9193857965451055
La_Liga,2019,Celta,"[0, 1, 0, 0, 1, 0, 0, 0, 0, 0, 1, 0, 0, 0, 1, 1, 0, 1, 1, 0]",20,10,10,7,2,5,1.1048918958205982,1.086719653733776,1.0384215991692627
La_Liga,2019,Eibar,"[0, 0, 0, 1, 1, 0, 0, 1, 1, 0, 0, 0, 0, 1, 0, 1, 0, 0, 1, 0, 0, 0, 1, 1]",24,12,12,9,4,5,1.3715906325853804,1.507488425758213,1.2484394506866416
La_Liga,2019,Espanol,"[0, 0, 1, 0, 0, 0, 0, 1, 0, 0, 0, 0, 0, 0, 1, 0, 1, 0, 0, 1, 0, 0, 0]",23,12,11,5,2,3,1.2525848555995316,1.3678877196871455,1.1655011655011656
La_Liga,2019,Getafe,"[0, 1, 0, 1, 1, 0, 1, 1, 1, 1, 1, 0, 0, 1, 1, 1, 1, 0, 0, 1, 0, 1]",22,11,11,14,8,6,2.718676843417778,5.327662064543004,2.857142857142857
La_Liga,2019,Granada,"[0, 1, 1, 1, 1, 0, 1, 1, 0, 0, 0, 0, 1, 0, 0, 1, 0, 0, 1, 0, 1, 1, 1, 0, 0]",25,13,12,12,7,5,2.261000651366145,3.686354390433831,2.3094688221709005
La_Liga,2019,Leganes,"[0, 0, 0, 0, 0, 0, 0, 1, 0, 0, 0, 0, 1, 1, 0, 1, 0, 0, 1, 0, 0, 0, 0]",23,12,11,5,1,4,1.0742600079617266,1.0545867185466888,1.0141987829614605
La_Liga,2019,Levante,"[0, 1, 1, 0, 0, 1, 0, 0, 1, 1, 0, 1, 0, 0, 1, 1, 0, 0, 0, 0, 1, 0, 1, 0, 1, 0, 1]",27,14,13,12,6,6,1.5175105332061893,1.759386916159739,1.455604075691412
La_Liga,2019,Mallorca,"[1, 0, 0, 0, 0, 0, 1, 1, 0, 0, 1, 0, 0, 0, 0, 0, 1, 0, 0, 0, 1, 0, 1, 0, 0, 0, 0, 1]",28,14,14,8,4,4,1.5855812118384875,2.0,1.5037593984962405
La_Liga,2019,Osasuna,"[1, 0, 1, 0, 1, 1, 0, 1, 0, 0, 1, 0, 0, 1, 0, 0, 1, 0, 0, 1, 1]",21,11,10,10,6,4,2.289592941803353,3.959960951529355,2.4038461538461537
La_Liga,2019,Real Madrid,"[1, 1, 1, 1, 1, 0, 1, 1, 1, 1, 1, 1, 1, 1, 1, 1, 0, 1, 0, 1, 1, 1, 1, 1]",24,12,12,21,11,10,2.2060636964807676,3.7237431069311215,1.845018450184502
La_Liga,2019,Sevilla,"[1, 1, 1, 0, 0, 1, 0, 1, 1, 1, 1, 1, 0, 1, 0, 1, 0, 1, 1, 1, 1]",21,11,10,15,8,7,1.7294266340001494,2.2469229507104775,1.6207455429497568
La_Liga,2019,Sociedad,"[1, 0, 1, 1, 1, 0, 0, 1, 1, 0, 1, 0, 1, 1, 0, 0, 1, 0, 1, 1, 1, 0, 1, 0, 0, 0, 0]",27,14,13,14,9,5,4.068661615511714,11.133362611814682,6.172839506172839
La_Liga,2019,Valencia,"[0, 1, 0, 1, 1, 0, 1, 1, 0, 1, 1, 1, 0, 1, 1, 0, 0, 1, 0, 1, 0, 0]",22,11,11,12,7,5,2.641091910859272,5.104581978565195,2.881844380403458
La_Liga,2019,Valladolid,"[1, 0, 0, 1, 1, 0, 1, 0, 0, 0, 0, 1, 0, 1, 0, 0, 1, 0]",18,9,9,7,4,3,1.9585210459454836,3.180938916864078,1.941747572815534
La_Liga,2019,Villarreal,"[0, 1, 1, 0, 1, 0, 1, 1, 0, 0, 0, 0, 1, 1, 1, 0, 1, 1, 1, 0, 0, 0, 1, 1, 1, 1]",26,13,13,15,6,9,1.14894499498751,1.1323123378609816,1.053740779768177
La_Liga,2020,Alaves,"[0, 0, 0, 1, 0, 0, 0, 0, 1, 0, 1, 1, 0, 0, 1, 0, 0, 0, 0, 1, 0, 0, 0, 0, 0, 0, 1, 1, 0, 1, 1, 0]",32,16,16,10,5,5,1.6180736294544436,2.0,1.5037593984962405
La_Liga,2020,Ath Bilbao,"[1, 0, 0, 1, 0, 0, 0, 1, 0, 0, 1, 0, 1, 0, 1, 0, 0, 1, 0, 1, 0, 1, 0, 1, 1, 0, 1, 1, 0, 0, 0]",31,16,15,13,6,7,1.3537084097988805,1.4339381695395683,1.2300123001230012
La_Liga,2020,Ath Madrid,"[1, 1, 1, 1, 1, 1, 1, 1, 1, 1, 1, 0, 1, 1, 1, 1, 1, 1, 1, 1, 1, 0, 1, 1, 1, 0, 1, 1, 0, 1, 1, 1, 1]",33,17,16,29,16,13,3.2739489461729665,7.761786587217268,3.257328990228013
La_Liga,2020,Barcelona,"[1, 1, 1, 0, 1, 1, 1, 0, 0, 1, 0, 1, 0, 1, 1, 1, 1, 1, 1, 1, 1, 1, 1, 1, 1, 1, 1, 1, 1, 0, 1, 1, 0, 1, 0, 1]",36,18,18,28,13,15,1.2533687948562942,1.2679719765820086,1.122334455667789
La_Liga,2020,Betis,"[0, 1, 0, 0, 0, 1, 1, 0, 0, 1, 0, 0, 1, 0, 0, 0, 1, 0, 1, 0, 1, 1, 1, 0, 1, 1, 1, 1, 0, 1, 1, 1, 1]",33,17,16,18,6,12,1.0265812831669343,1.0111521753805197,1.0060362173038229
La_Liga,2020,Cadiz,"[0, 1, 0, 1, 1, 1, 0, 0, 1, 0, 0, 0, 1, 0, 0, 0, 0, 0, 1, 0, 1, 1, 0, 1, 1, 0, 0]",27,14,13,11,6,5,1.8100308448907698,2.4499781008658434,1.7064846416382253
La_Liga,2020,Celta,"[0, 0, 1, 0, 0, 0, 0, 0, 1, 1, 1, 1, 1, 0, 0, 0, 1, 0, 1, 0, 1, 0, 0, 1, 1, 1, 1, 1, 0]",29,15,14,14,6,8,1.2136503743554463,1.2164843668925804,1.1123470522803114
La_Liga,2020,Eibar,"[0, 0, 1, 1, 0, 0, 0, 0, 1, 1, 0, 1, 0, 0, 1, 0, 0, 0, 0, 0, 0, 0, 0, 0, 0, 0, 0, 1, 1, 0, 0]",31,16,15,8,6,2,4.651283918436528,16.08204819865525,7.701193685021178
La_Liga,2020,Elche,"[0, 1, 1, 1, 0, 0, 0, 0, 0, 0, 0, 0, 1, 0, 0, 1, 0, 0, 0, 0, 1, 0, 0, 0, 1, 1]",26,13,13,8,4,4,1.584677267025257,2.0,1.6025641025641026
La_Liga,2020,Espanol,"[0, 0, 0, 0, 0]",5,3,2,0,0,0,1.0,,1.0
La_Liga,2020,Getafe,"[0, 0, 0, 0, 1, 1, 0, 1, 0, 0, 0, 0, 1, 0, 0, 1, 1, 0, 0, 0, 0, 0, 1, 0, 0, 0, 1, 0, 0, 0, 1]",31,16,15,9,5,4,1.8219668311652022,2.568232696913777,1.8050541516245486
La_Liga,2020,Granada,"[1, 1, 0, 1, 1, 1, 1, 0, 1, 1, 0, 0, 0, 1, 1, 0, 1, 0, 0, 1, 0, 0, 0, 1, 0, 1, 0, 0, 1, 1, 0, 1, 0, 0, 0, 0]",36,18,18,17,11,6,5.78501860883006,21.037373026578738,11.025358324145534
La_Liga,2020,Huesca,"[0, 0, 0, 0, 1, 0, 0, 0, 0, 0, 1, 0, 0, 1, 0, 0, 1, 1, 0, 0, 0, 1, 0, 1, 0]",25,13,12,7,2,5,1.0973483252439795,1.0774044319505338,1.0319917440660475
La_Liga,2020,Leganes,"[1, 1, 1]",3,2,1,3,2,1,1.0,,1.0
La_Liga,2020,Levante,"[0, 0, 1, 1, 0, 1, 0, 0, 0, 1, 0, 1, 1, 0, 1, 1, 0, 1, 0, 1, 0, 0, 1, 0, 0, 0, 0, 0]",28,14,14,11,6,5,1.9683259886695428,2.862086060341679,2.092050209205021
La_Liga,2020,Mallorca,"[0, 1, 0, 0]",4,2,2,1,1,0,1.7777777777777777,8.05759312981727,2.109704641350211
La_Liga,2020,Osasuna,"[1, 0, 1, 1, 1, 0, 0, 1, 1, 0, 0, 0, 0, 0, 0, 0, 1, 0, 1, 1, 0, 1, 0, 1, 1, 1, 0, 0, 1, 0, 0]",31,16,15,14,6,8,1.2272360718954003,1.2315399586327471,1.1025358324145536
La_Liga,2020,Real Madrid,"[1, 1, 1, 1, 1, 1, 1, 1, 0, 1, 1, 0, 0, 1, 1, 1, 1, 1, 1, 1, 0, 1, 1, 1, 1, 1, 1, 1, 1, 1, 1, 1, 1, 1]",34,17,17,30,14,16,1.1352054535432305,1.1675869330991548,1.0482180293501049
La_Liga,2020,Sevilla,"[1, 1, 1, 1, 1, 1, 0, 0, 0, 1, 1, 1, 0, 1, 1, 1, 1, 0, 1, 1, 1, 1, 1, 1, 0, 0, 1, 1, 1, 1, 1, 1, 1, 0, 1, 0, 1]",37,19,18,28,14,14,1.4908177647485308,1.6283411692698744,1.3568521031207599
La_Liga,2020,Sociedad,"[1, 0, 1, 1, 0, 1, 1, 1, 1, 1, 1, 0, 0, 0, 1, 0, 1, 1, 1, 1, 0, 0, 0, 1, 1, 0, 1, 0, 1, 1]",30,15,15,19,10,9,2.0399492326749757,2.837740117733257,2.032520325203252
La_Liga,2020,Valencia,"[0, 1, 0, 1, 0, 1, 0, 1, 0, 0, 0, 1, 0, 0, 0, 1, 0, 1, 0, 1, 0, 1, 0, 1, 0, 0, 0, 1, 0, 1]",30,15,15,12,5,7,1.2708146454542482,1.2953842236711035,1.1764705882352942
La_Liga,2020,Valladolid,"[1, 0, 0, 0, 1, 0, 0, 0, 0, 0, 1, 1, 0, 1, 0, 1, 0, 0, 0, 0, 1, 0, 0, 0, 0, 0, 0]",27,14,13,7,5,2,3.275052459136128,8.755765206813042,4.3478260869565215
La_Liga,2020,Villarreal,"[1, 0, 1, 0, 0, 1, 1, 0, 1, 1, 1, 1, 1, 0, 1, 1, 0, 0, 0, 1, 1, 1, 0, 1, 0, 0, 1, 0, 1, 1, 0]",31,16,15,18,11,7,3.827187514621454,9.387292803492924,5.128205128205129
La_Liga,2021,Alaves,"[0, 0, 0, 0, 0, 1, 0, 0, 1, 1, 1, 0, 0, 0, 0, 0, 0, 0, 1, 0, 0, 0, 0, 0, 1, 0, 1, 0, 1, 0, 0]",31,16,15,8,4,4,1.5161054609588012,1.8443340688822452,1.4204545454545454
La_Liga,2021,Ath Bilbao,"[1, 1, 0, 1, 1, 0, 0, 0, 1, 0, 1, 1, 1, 0, 1, 0, 1, 0, 1, 0, 1, 1, 0, 1, 0]",25,13,12,14,8,6,2.248194346315489,3.562068713935695,2.2675736961451247
La_Liga,2021,Ath Madrid,"[1, 1, 1, 1, 0, 1, 1, 1, 1, 0, 0, 0, 0, 1, 1, 0, 1, 0, 1, 1, 1, 1, 1, 1, 0, 1, 0, 1, 1, 1]",30,15,15,21,10,11,1.4222079174897297,1.5271002992542166,1.2836970474967908
La_Liga,2021,Barcelona,"[1, 1, 1, 0, 1, 0, 0, 1, 1, 0, 1, 1, 1, 1, 1, 1, 1, 1, 1, 1, 1, 0, 1, 0, 1, 1, 1, 0]",28,14,14,21,10,11,1.3910675019417702,1.4953501155880407,1.2422360248447204
La_Liga,2021,Betis,"[0, 1, 1, 1, 0, 1, 1, 1, 0, 0, 1, 1, 1, 1, 0, 0, 1, 1, 0, 1, 1, 0, 0, 1, 1, 1, 0, 0, 1, 1]",30,15,15,19,10,9,2.0399492326749757,2.837740117733257,1.976284584980237
La_Liga,2021,Cadiz,"[0, 0, 1, 0, 0, 0, 1, 0, 0, 0, 0, 0, 1, 0, 1, 0, 1, 0, 1, 0, 1, 0, 1]",23,12,11,8,2,6,1.0509881311248472,1.029201055558978,1.0090817356205852
La_Liga,2021,Celta,"[0, 0, 0, 0, 1, 1, 0, 0, 1, 0, 1, 0, 1, 1, 0, 1, 1, 0, 1, 0, 0, 0, 1, 0, 1, 0, 1, 0]",28,14,14,12,6,6,1.6379481654980252,2.0,1.5105740181268883
La_Liga,2021,Elche,"[0, 1, 0, 0, 1, 0, 0, 0, 0, 1, 0, 0, 1, 1, 1, 0, 1, 0, 0, 1, 0, 0, 0, 1, 1, 0, 0, 0, 1]",29,15,14,11,6,5,1.8172633910426899,2.462670581832049,1.858736059479554
La_Liga,2021,Espanol,"[0, 0, 1, 0, 1, 1, 0, 1, 0, 1, 0, 1, 0, 1, 0, 0, 0, 0, 1, 1, 0, 1, 0, 0, 0, 0]",26,13,13,10,6,4,2.521191968354289,4.760627558633163,2.7624309392265194
La_Liga,2021,Getafe,"[0, 0, 0, 0, 0, 0, 0, 0, 1, 0, 1, 1, 1, 0, 1, 1, 0, 0, 1, 0, 0, 1, 0]",23,12,11,8,3,5,1.1696422612736161,1.178934115694079,1.0695187165775402
La_Liga,2021,Granada,"[0, 0, 0, 0, 1, 1, 0, 0, 1, 1, 1, 0, 0, 0, 0, 0, 0, 0, 1, 0, 0, 1, 1, 0]",24,12,12,8,5,3,2.5440458409926445,5.174962496422871,2.932551319648094
La_Liga,2021,Levante,"[0, 0, 0, 0, 0, 0, 0, 0, 0, 0, 0, 1, 0, 0, 0, 1, 1, 0, 0, 1, 0, 1, 0, 1, 0, 1, 1]",27,14,13,8,1,7,1.017151842736489,1.0039755030600743,1.0
La_Liga,2021,Mallorca,"[1, 1, 0, 0, 0, 1, 0, 0, 1, 0, 0, 0, 0, 1, 1, 0, 0, 0, 0, 0, 0, 0, 1, 0, 1, 0, 0, 1, 1]",29,15,14,10,6,4,2.2783586204333575,3.863889620287177,2.6525198938992043
La_Liga,2021,Osasuna,"[1, 0, 1, 0, 1, 1, 1, 0, 0, 0, 0, 0, 1, 0, 1, 1, 0, 0, 1, 0, 1, 0, 1, 1, 0, 0, 0]",27,14,13,12,6,6,1.5175105332061893,1.759386916159739,1.4104372355430184
La_Liga,2021,Real Madrid,"[1, 1, 1, 1, 1, 0, 1, 1, 1, 1, 1, 1, 1, 1, 1, 0, 1, 1, 1, 1, 1, 1, 0, 1, 1, 1, 1, 1, 0, 1]",30,15,15,26,14,12,3.097301520250902,7.073499961681147,3.278688524590164
La_Liga,2021,Sevilla,"[1, 1, 1, 1, 0, 1, 1, 1, 1, 0, 1, 1, 1, 1, 1, 1, 1, 0, 1, 0, 1, 1]",22,11,11,18,9,9,1.6099169986096316,2.0,1.4513788098693758
La_Liga,2021,Sociedad,"[0, 1, 1, 1, 1, 1, 1, 1, 1, 0, 0, 0, 0, 1, 1, 0, 1, 1, 0, 1, 1, 1, 0, 0, 1, 1, 0]",27,14,13,17,9,8,1.7812557638679534,2.266092474234593,1.694915254237288
La_Liga,2021,Valencia,"[1, 1, 1, 0, 0, 0, 0, 1, 1, 1, 1, 0, 0, 0, 0, 0, 1, 1, 1, 0, 0, 0, 1]",23,12,11,11,7,4,3.0723288004779326,6.848083641913098,3.484320557491289
La_Liga,2021,Vallecano,"[0, 0, 1, 1, 1, 1, 0, 1, 0, 1, 0, 1, 1, 0, 1, 0, 0, 0, 0, 0, 0, 0, 0, 0, 1, 1, 0, 0, 0]",29,15,14,11,9,2,18.233382512753504,178.0093914426987,69.97900629811056
La_Liga,2021,Villarreal,"[1, 1, 0, 0, 0, 1, 0, 0, 1, 1, 1, 1, 0, 1, 1, 1, 1, 0, 1, 0, 0, 1, 1, 0, 1, 0, 1]",27,14,13,16,8,8,1.4988137311976597,1.6896655883305112,1.3966480446927374
La_Liga,2022,Almeria,"[0, 1, 0, 0, 0, 0, 1, 0, 1, 0, 1, 0, 1, 0, 1, 0, 0, 0, 1, 0, 0, 1, 0, 0, 1, 0, 1, 0, 1, 0]",30,15,15,11,6,5,1.961585401075573,2.837740117733259,1.976284584980237
La_Liga,2022,Ath Bilbao,"[1, 1, 0, 1, 1, 1, 0, 0, 1, 0, 1, 0, 0, 0, 1, 1, 0, 0, 0, 1, 1, 1, 1, 0, 0, 0, 1, 0, 0]",29,15,14,14,8,6,2.2392671791806773,3.492564201602757,2.4213075060532687
La_Liga,2022,Ath Madrid,"[1, 0, 1, 1, 0, 1, 1, 1, 1, 0, 0, 1, 0, 1, 1, 1, 1, 1, 1, 1, 1, 1, 1, 0, 1, 1, 1, 0, 1, 1]",30,15,15,23,10,13,1.1153424241769883,1.108230375501664,1.044932079414838
La_Liga,2022,Barcelona,"[1, 1, 1, 1, 1, 1, 1, 0, 1, 1, 1, 1, 1, 1, 1, 1, 1, 1, 1, 1, 0, 1, 1, 1, 1, 1, 0, 1, 1, 1, 0, 0, 1, 0]",34,17,17,28,16,12,5.984556529349403,27.799308553379092,11.463945890175399
La_Liga,2022,Betis,"[1, 1, 1, 0, 1, 1, 0, 1, 0, 1, 0, 1, 0, 1, 0, 0, 1, 1, 1, 1, 0, 0, 1, 0, 0, 1, 1, 0, 1]",29,15,14,17,9,8,1.7967074443835742,2.2832411024109107,1.7482517482517483
La_Liga,2022,Cadiz,"[0, 0, 0, 0, 0, 1, 0, 1, 0, 1, 0, 1, 0, 1, 0, 1, 0, 1, 0, 0, 1, 0, 0, 1, 0, 1]",26,13,13,10,4,6,1.2421188280651394,1.2659130648831014,1.1261261261261262
La_Liga,2022,Celta,"[0, 1, 1, 0, 0, 1, 0, 0, 0, 0, 0, 1, 0, 1, 1, 0, 1, 1, 1, 0, 0, 1, 0, 0, 0, 0, 0, 1]",28,14,14,11,5,6,1.4047185470557153,1.5370321067848536,1.3054830287206267
La_Liga,2022,Elche,"[0, 0, 0, 0, 0, 0, 0, 0, 0, 0, 0, 0, 0, 1, 0, 0, 0, 1, 0, 0, 0, 0, 0, 0, 1, 0, 1, 1]",28,14,14,5,1,4,1.0967320575642672,1.0745707728086578,1.019367991845056
La_Liga,2022,Espanol,"[0, 0, 1, 0, 0, 1, 0, 0, 1, 1, 0, 0, 1, 1, 0, 0, 0, 0, 0, 0, 0, 1, 0, 0, 1]",25,13,12,8,5,3,2.315101232328993,4.246384611822067,2.6178010471204187
La_Liga,2022,Getafe,"[0, 0, 0, 1, 1, 0, 0, 1, 0, 1, 0, 0, 0, 0, 1, 0, 1, 1, 0, 0, 0, 0, 1, 0, 1, 1]",26,13,13,10,4,6,1.2421188280651394,1.2659130648831014,1.1173184357541899
La_Liga,2022,Girona,"[0, 1, 0, 1, 0, 0, 0, 0, 1, 1, 1, 0, 0, 1, 0, 1, 1, 0, 0, 1, 1, 0, 1, 1, 1, 0, 0, 0]",28,14,14,13,6,7,1.4189866924057202,1.5440892488469016,1.2820512820512822
La_Liga,2022,Mallorca,"[0, 1, 0, 1, 0, 0, 0, 1, 1, 1, 0, 1, 0, 1, 0, 1, 0, 1, 0, 0, 0, 1, 1, 0, 0, 1, 0, 1, 0, 1]",30,15,15,14,7,7,1.6565648869643448,2.0,1.6339869281045751
La_Liga,2022,Osasuna,"[1, 1, 0, 1, 1, 0, 0, 0, 1, 1, 1, 0, 0, 1, 0, 0, 1, 0, 0, 1, 0, 1, 1, 0, 0, 1, 0, 1, 0, 1]",30,15,15,15,8,7,2.0,2.7972002359528982,2.127659574468085
La_Liga,2022,Real Madrid,"[1, 1, 1, 1, 1, 1, 1, 1, 1, 1, 0, 1, 1, 0, 1, 1, 0, 1, 1, 1, 0, 1, 0, 1, 1, 0, 1, 0, 1, 0, 1, 1]",32,16,16,24,14,10,5.272743947648892,19.517824851015682,9.085127646043427
La_Liga,2022,Sevilla,"[0, 0, 0, 1, 0, 1, 0, 0, 0, 1, 0, 1, 1, 0, 1, 0, 0, 1, 0, 1, 1, 1, 1, 0, 1, 1, 0, 0]",28,14,14,13,5,8,1.1655130865903642,1.1465412140302207,1.0672358591248665
La_Liga,2022,Sociedad,"[1, 0, 1, 0, 1, 1, 1, 1, 1, 0, 0, 1, 1, 1, 1, 1, 0, 1, 0, 1, 0, 1, 0, 1, 1, 1, 1, 1, 0, 1]",30,15,15,21,11,10,2.063945400892388,2.897172134819273,2.0833333333333335
La_Liga,2022,Valencia,"[1, 0, 0, 1, 0, 1, 1, 0, 0, 1, 0, 0, 0, 0, 0, 0, 0, 1, 0, 1, 0, 0, 0, 1, 1, 0, 1, 1, 0]",29,15,14,11,5,6,1.3381468479420802,1.4258931511871338,1.2224938875305624
La_Liga,2022,Valladolid,"[0, 0, 1, 0, 0, 1, 0, 1, 1, 0, 1, 0, 0, 0, 0, 0, 1, 1, 0, 0, 1, 0, 0, 1, 1, 0, 0, 0, 0, 0, 1]",31,16,15,11,5,6,1.3478391270096877,1.4397425854163357,1.2738853503184713
La_Liga,2022,Vallecano,"[1, 0, 0, 1, 0, 1, 0, 1, 1, 1, 0, 1, 0, 1, 1, 0, 0, 0, 1, 0, 1, 0, 1, 0, 0, 0, 1, 0]",28,14,14,13,8,5,3.3492437066346437,7.824018803295653,4.329004329004329
La_Liga,2022,Villarreal,"[1, 1, 1, 0, 0, 1, 0, 1, 0, 0, 1, 1, 1, 1, 0, 0, 0, 0, 1, 1, 1, 1, 1, 0, 0, 1, 1, 1, 1, 1, 0]",31,16,15,19,9,10,1.3307578229867747,1.3810392366551145,1.203369434416366
La_Liga,2023,Alaves,"[0, 1, 0, 1, 0, 0, 0, 0, 1, 0, 1, 0, 0, 0, 1, 1, 1, 0, 0, 1, 0, 0, 0, 1, 1, 1, 0, 1]",28,14,14,12,4,8,1.0979001863046656,1.0675950233550218,1.02880658436214
La_Liga,2023,Almeria,"[0, 0, 0, 0, 0, 0, 0, 0, 0, 0, 0, 0, 0, 0, 0, 0, 0, 0, 1, 0, 0, 0, 1, 0, 0, 1]",26,13,13,3,0,3,1.0569455294481322,1.03388083435032,1.0
La_Liga,2023,Ath Bilbao,"[0, 1, 1, 1, 1, 0, 1, 0, 1, 1, 1, 1, 1, 1, 1, 0, 1, 1, 0, 1, 1, 0, 0, 1, 0, 1, 1]",27,14,13,19,11,8,2.9886592502745626,6.009438631811987,3.7313432835820897
La_Liga,2023,Ath Madrid,"[1, 1, 0, 1, 1, 1, 1, 1, 1, 0, 1, 1, 0, 1, 0, 1, 0, 1, 1, 1, 0, 1, 1, 0, 0, 1, 1, 0, 1, 1, 1, 1, 0, 1]",34,17,17,24,12,12,1.6929540803902496,2.0,1.5600624024960998
La_Liga,2023,Barcelona,"[1, 1, 1, 1, 1, 1, 1, 0, 1, 1, 1, 0, 1, 1, 1, 0, 1, 1, 1, 1, 1, 1, 1, 1, 0, 1, 0, 1, 1, 1, 1]",31,16,15,26,13,13,1.3844012859914017,1.5174161528475925,1.2376237623762376
La_Liga,2023,Betis,"[1, 0, 1, 0, 1, 1, 1, 1, 0, 1, 0, 1, 1, 1, 0, 0, 0, 0, 1, 1, 1, 1, 0]",23,12,11,14,8,6,2.2560799073314435,3.6241842185578204,2.237136465324385
La_Liga,2023,Cadiz,"[1, 0, 1, 0, 0, 0, 0, 0, 0, 0, 0, 0, 0, 0, 1, 0, 1, 0, 0, 0, 1, 1, 0]",23,12,11,6,2,4,1.1531860682641126,1.1645172351714748,1.0626992561105206
La_Liga,2023,Celta,"[0, 0, 1, 0, 0, 0, 0, 0, 0, 1, 0, 1, 0, 0, 1, 0, 0, 1, 0, 1, 0, 1, 0, 1, 0, 1, 1]",27,14,13,10,3,7,1.068270728377306,1.0423997094101785,1.0090817356205852
La_Liga,2023,Getafe,"[0, 1, 0, 1, 0, 1, 1, 0, 1, 1, 0, 0, 1, 0, 1, 0, 0, 1, 0, 1, 0, 0, 0, 0, 0]",25,13,12,10,7,3,4.437792045059089,14.1516773767228,6.98909700866648
La_Liga,2023,Girona,"[1, 1, 1, 1, 1, 1, 0, 1, 1, 1, 1, 1, 1, 1, 1, 1, 1, 1, 0, 0, 1, 0, 1, 0, 1, 0, 1, 1, 1, 0, 1, 1]",32,16,16,25,15,10,8.599905766850794,61.52058338109255,24.64268112370626
La_Liga,2023,Granada,"[0, 0, 1, 0, 0, 0, 0, 0, 0, 0, 0, 0, 0, 1, 0, 0, 0, 0, 0, 0, 0, 0, 1, 1, 0, 0, 0, 0, 0]",29,15,14,4,2,2,1.4341277627636169,1.8881353538009633,1.3850415512465375
La_Liga,2023,Las Palmas,"[0, 0, 0, 1, 0, 1, 1, 0, 1, 1, 0, 1, 1, 0, 0, 1, 1, 0, 1, 0, 0, 0, 0, 0, 0, 0, 0, 0]",28,14,14,10,7,3,4.892629387655304,17.443994055572396,8.425309630128908
La_Liga,2023,Mallorca,"[0, 0, 1, 0, 0, 0, 0, 1, 1, 0, 0, 0, 1, 0, 1, 0, 1, 0, 0, 0, 1, 1]",22,11,11,8,3,5,1.2088199437298133,1.2310716467889455,1.1074197120708749
La_Liga,2023,Osasuna,"[1, 0, 1, 0, 0, 0, 1, 0, 1, 0, 0, 0, 1, 0, 1, 1, 0, 0, 1, 1, 1, 0, 0, 1, 0, 0, 0, 0, 1]",29,15,14,12,6,6,1.5298926367629486,1.7792767844805109,1.4684287812041117
La_Liga,2023,Real Madrid,"[1, 1, 1, 1, 1, 0, 1, 1, 1, 1, 1, 1, 1, 1, 1, 1, 1, 1, 1, 1, 1, 1, 1, 1, 1, 1, 1, 1, 1, 1]",30,15,15,29,14,15,1.0,1.1828077361313036,1.0
La_Liga,2023,Sevilla,"[0, 0, 0, 1, 1, 0, 0, 0, 0, 1, 0, 0, 0, 0, 1, 1, 0, 1, 0, 1, 1, 1, 1, 0, 0, 0, 0]",27,14,13,10,3,7,1.068270728377306,1.0423997094101785,1.0131712259371835
La_Liga,2023,Sociedad,"[1, 0, 1, 1, 1, 0, 1, 0, 1, 1, 1, 0, 1, 0, 1, 0, 0, 1, 1, 1, 0, 1, 0, 1, 1, 0]",26,13,13,16,9,7,2.627583920273654,4.760627558633165,2.8735632183908044
La_Liga,2023,Valencia,"[1, 1, 0, 0, 1, 0, 0, 1, 1, 0, 0, 0, 1, 1, 1, 1, 0, 1, 0, 1, 0, 1, 1, 0, 0, 0, 0, 0]",28,14,14,13,7,6,1.9895619021522117,2.837933762005624,2.0876826722338206
La_Liga,2023,Vallecano,"[1, 1, 0, 0, 1, 1, 0, 0, 0, 0, 1, 0, 0, 0, 0, 0, 0, 1, 1, 0, 0, 1, 0, 0]",24,12,12,8,5,3,2.5440458409926445,5.174962496422871,2.9673590504451037
La_Liga,2023,Villarreal,"[0, 1, 0, 0, 1, 0, 0, 1, 0, 0, 1, 0, 0, 1, 0, 0, 1, 1, 1, 1, 1, 0, 1, 1, 0, 1, 1]",27,14,13,14,5,9,1.0644875519393726,1.0425268273705612,1.015228426395939
La_Liga,2024,Alaves,"[0, 1, 1, 0, 1, 0, 0, 0, 0, 0, 1, 0, 0, 0, 1, 0, 0, 0, 1, 0, 1, 0, 1, 0, 1, 1]",26,13,13,10,4,6,1.2421188280651394,1.2659130648831014,1.1261261261261262
La_Liga,2024,Ath Bilbao,"[0, 1, 0, 1, 1, 1, 0, 1, 1, 1, 1, 1, 1, 1, 1, 1, 0, 1, 1, 0, 1, 1, 1, 1, 0]",25,13,12,19,10,9,1.7308507224448817,2.1967338249334194,1.5384615384615385
La_Liga,2024,Ath Madrid,"[1, 1, 1, 1, 1, 0, 1, 1, 1, 1, 1, 1, 1, 1, 0, 1, 1, 1, 0, 0, 1, 1, 0, 1, 1, 0, 1, 1]",28,14,14,22,13,9,6.156731672437084,30.564012766720825,12.147716229348882
La_Liga,2024,Barcelona,"[1, 1, 1, 1, 1, 1, 1, 0, 1, 1, 1, 1, 0, 0, 1, 0, 0, 1, 1, 1, 1, 1, 1, 1, 1, 1, 1, 1, 1, 1, 1, 1, 0, 1]",34,17,17,28,12,16,1.0382697059880182,1.0373143955564448,1.0050251256281406
La_Liga,2024,Betis,"[0, 1, 1, 0, 1, 0, 1, 1, 0, 0, 1, 0, 0, 1, 0, 1, 1, 1, 1, 1, 1, 0, 1, 1, 1, 0]",26,13,13,16,6,10,1.07743243811782,1.0564479778026152,1.0214504596527068
La_Liga,2024,Celta,"[1, 1, 0, 0, 1, 0, 0, 1, 0, 0, 1, 0, 1, 0, 1, 0, 0, 0, 1, 1, 1, 1, 1, 0, 0, 1, 0, 1, 1, 0, 1]",31,16,15,16,7,9,1.223024685568934,1.2236843928116912,1.1299435028248588
La_Liga,2024,Espanol,"[0, 0, 1, 1, 0, 0, 0, 1, 0, 0, 0, 0, 1, 0, 0, 1, 1, 0, 1, 0, 1, 1, 1, 0, 0, 0, 0, 0, 1]",29,15,14,11,4,7,1.1300631209078575,1.1084301384321331,1.0460251046025104
La_Liga,2024,Getafe,"[0, 0, 0, 1, 0, 0, 1, 0, 1, 0, 0, 1, 1, 1, 1, 0, 0, 1, 1, 0, 1, 0, 0, 0, 0, 0, 0, 1, 0]",29,15,14,11,7,4,2.982025811724335,6.337254600096169,3.7313432835820897
La_Liga,2024,Girona,"[0, 1, 1, 0, 0, 1, 0, 0, 1, 1, 1, 0, 0, 1, 1, 0, 0, 1, 0, 0, 0, 0, 0, 0, 0, 1, 0, 1, 0, 0]",30,15,15,11,8,3,7.097463878982961,34.375985564664354,15.67398119122257
La_Liga,2024,Las Palmas,"[0, 0, 0, 0, 0, 0, 1, 1, 0, 1, 0, 1, 1, 1, 0, 0, 0, 0, 0, 0, 0, 0, 1, 1, 0, 0, 0, 0, 0, 0]",30,15,15,8,6,2,5.154094357889344,20.274185976693296,9.374707040404987
La_Liga,2024,Leganes,"[1, 0, 0, 0, 0, 1, 0, 1, 0, 0, 1, 0, 1, 0, 0, 0, 1, 0, 0, 0, 0, 1, 0, 1, 1]",25,13,12,9,5,4,1.8045939709170182,2.5330520271144654,1.7699115044247788
La_Liga,2024,Mallorca,"[0, 1, 0, 1, 1, 1, 0, 1, 0, 0, 1, 1, 0, 0, 1, 1, 0, 0, 0, 1, 1, 0, 0, 1, 0, 0, 1, 0, 0]",29,15,14,13,8,5,2.922830080056166,5.875355368060922,3.257328990228013
La_Liga,2024,Osasuna,"[1, 0, 1, 0, 1, 1, 0, 1, 1, 0, 0, 0, 1, 0, 0, 0, 1, 1, 1, 0, 1, 1]",22,11,11,12,6,6,1.6267501106170124,2.0,1.5337423312883436
La_Liga,2024,Real Madrid,"[1, 1, 1, 1, 1, 1, 1, 0, 1, 1, 1, 0, 1, 1, 1, 1, 1, 0, 1, 0, 1, 1, 1, 0, 1, 1, 1, 1, 0, 1, 1, 1]",32,16,16,26,14,12,2.841209881719213,5.478997645669047,3.0120481927710845
La_Liga,2024,Sevilla,"[0, 0, 1, 0, 1, 1, 0, 1, 0, 0, 1, 0, 1, 0, 1, 0, 1, 1, 0, 0, 0, 0, 0, 0, 1, 0, 0]",27,14,13,10,6,4,2.2799905565484173,3.8777810582059935,2.680965147453083
La_Liga,2024,Sociedad,"[0, 1, 0, 0, 0, 1, 1, 0, 1, 1, 0, 1, 1, 0, 1, 0, 0, 0, 1, 0, 1, 0, 0, 1, 1, 0, 0, 0, 0, 1, 0]",31,16,15,13,8,5,2.8996857479598197,5.758225761303373,3.367003367003367
La_Liga,2024,Valencia,"[0, 0, 0, 0, 1, 0, 0, 1, 0, 0, 0, 0, 1, 0, 1, 1, 0, 1, 1, 1, 1, 1, 1, 0, 0]",25,13,12,11,3,8,1.03131855096641,1.0143348886389385,1.0030090270812437
La_Liga,2024,Valladolid,"[1, 0, 0, 0, 0, 0, 0, 1, 0, 0, 0, 0, 0, 1, 0, 1, 0, 0, 0, 0, 0, 0, 0, 0, 0, 0, 0, 0, 0, 0, 0, 0, 0, 0]",34,17,17,4,4,0,8.396151366633012,60.16700399563884,19.87281399046105
La_Liga,2024,Vallecano,"[1, 0, 0, 1, 1, 0, 1, 0, 0, 0, 1, 1, 1, 1, 1, 0, 0, 0, 1, 0, 0, 0, 1, 1, 1]",25,13,12,13,7,6,1.793021001945255,2.3598786832236693,1.6863406408094435
La_Liga,2024,Villarreal,"[1, 1, 1, 0, 1, 1, 0, 1, 1, 0, 0, 1, 0, 1, 1, 1, 1, 0, 0, 1, 1, 0, 1, 1, 1, 1, 1, 1]",28,14,14,20,9,11,1.235215472934987,1.252178551393171,1.1402508551881414
