,Division,Season,Team,Sequence
0,D1,2000,Bayern Munich,"[3, 3, 3, 0, 3, 3, 0, 0, 3, 1, 3, 0, 0, 1, 3, 1, 3, 3, 3, 3, 3, 0, 1, 0, 3, 3, 0, 1, 0, 3, 3, 3, 3, 1]"
1,D1,2000,Bochum,"[3, 0, 0, 0, 3, 1, 3, 0, 0, 0, 1, 0, 1, 0, 3, 0, 3, 0, 0, 0, 0, 1, 1, 0, 0, 0, 3, 3, 0, 0, 1, 0, 0, 0]"
2,D1,2000,Cottbus,"[0, 0, 0, 3, 0, 0, 1, 3, 0, 3, 1, 3, 0, 0, 3, 0, 0, 3, 0, 3, 0, 0, 3, 0, 0, 3, 0, 1, 0, 3, 0, 0, 3, 3]"
3,D1,2000,Dortmund,"[3, 3, 0, 3, 3, 0, 1, 3, 0, 0, 0, 3, 1, 3, 3, 3, 1, 3, 3, 0, 1, 3, 1, 3, 1, 0, 3, 1, 0, 3, 1, 1, 3, 1]"
4,D1,2000,Ein Frankfurt,"[3, 0, 3, 0, 3, 1, 1, 0, 0, 3, 0, 3, 3, 0, 0, 0, 0, 0, 0, 3, 3, 1, 0, 0, 1, 1, 0, 0, 0, 0, 0, 3, 0, 3]"
5,D1,2000,FC Koln,"[0, 3, 1, 1, 0, 0, 0, 3, 0, 3, 1, 3, 3, 3, 3, 0, 1, 1, 3, 0, 0, 0, 1, 3, 3, 1, 3, 1, 1, 0, 3, 0, 0, 1]"
6,D1,2000,Freiburg,"[3, 1, 1, 1, 3, 0, 0, 0, 3, 0, 0, 0, 3, 1, 1, 3, 3, 1, 3, 3, 1, 3, 0, 0, 1, 1, 3, 1, 3, 3, 0, 3, 3, 3]"
7,D1,2000,Hamburg,"[1, 0, 3, 3, 0, 1, 3, 1, 3, 0, 3, 0, 0, 0, 0, 3, 0, 0, 0, 0, 3, 0, 3, 3, 1, 1, 1, 1, 1, 1, 3, 1, 0, 1]"
8,D1,2000,Hansa Rostock,"[0, 0, 0, 1, 3, 3, 3, 0, 3, 1, 0, 1, 0, 3, 0, 0, 3, 0, 0, 0, 1, 3, 3, 3, 0, 3, 0, 1, 1, 3, 0, 3, 1, 0]"
9,D1,2000,Hertha,"[0, 3, 3, 0, 3, 0, 3, 3, 3, 3, 3, 0, 0, 3, 1, 0, 0, 0, 3, 3, 0, 3, 0, 3, 3, 0, 3, 0, 3, 0, 3, 0, 1, 3]"
10,D1,2000,Kaiserslautern,"[0, 0, 3, 1, 3, 0, 1, 3, 3, 3, 3, 0, 0, 0, 3, 1, 3, 3, 1, 0, 3, 3, 0, 3, 3, 3, 0, 0, 3, 0, 0, 1, 0, 0]"
11,D1,2000,Leverkusen,"[3, 0, 3, 1, 0, 3, 1, 1, 3, 1, 3, 3, 3, 3, 0, 3, 0, 0, 3, 3, 3, 0, 0, 0, 3, 3, 0, 3, 0, 1, 3, 0, 1, 3]"
12,D1,2000,Munich 1860,"[1, 3, 3, 1, 0, 3, 1, 0, 0, 0, 1, 1, 1, 0, 0, 3, 3, 3, 0, 3, 0, 1, 3, 3, 0, 0, 0, 0, 3, 3, 0, 3, 1, 0]"
13,D1,2000,Schalke 04,"[3, 3, 3, 1, 1, 3, 0, 3, 0, 1, 0, 3, 3, 3, 0, 3, 3, 1, 3, 0, 3, 0, 1, 0, 1, 1, 3, 3, 3, 3, 1, 3, 0, 3]"
14,D1,2000,Stuttgart,"[0, 3, 0, 3, 0, 1, 1, 1, 1, 0, 3, 0, 1, 0, 0, 0, 3, 1, 0, 3, 0, 0, 1, 3, 1, 1, 0, 1, 3, 0, 3, 1, 3, 0]"
15,D1,2000,Unterhaching,"[0, 1, 0, 1, 0, 3, 0, 0, 1, 3, 1, 1, 3, 3, 0, 0, 3, 1, 0, 0, 0, 3, 3, 0, 0, 1, 1, 1, 1, 0, 3, 1, 0, 0]"
16,D1,2000,Werder Bremen,"[3, 0, 0, 0, 1, 1, 3, 1, 0, 1, 0, 3, 1, 3, 3, 0, 0, 1, 3, 3, 1, 3, 3, 3, 0, 0, 3, 3, 3, 0, 0, 1, 3, 3]"
17,D1,2000,Wolfsburg,"[0, 3, 0, 3, 0, 1, 1, 3, 3, 1, 1, 1, 1, 0, 3, 3, 0, 3, 1, 0, 3, 1, 0, 0, 3, 1, 3, 1, 0, 3, 1, 0, 3, 0]"
18,D1,2001,Bayern Munich,"[0, 3, 1, 3, 3, 3, 3, 3, 3, 3, 3, 3, 0, 1, 0, 1, 0, 1, 0, 3, 0, 1, 3, 3, 3, 3, 1, 3, 1, 1, 3, 3, 3, 3]"
19,D1,2001,Cottbus,"[3, 0, 3, 3, 1, 1, 0, 0, 0, 0, 0, 0, 1, 1, 0, 0, 1, 0, 3, 0, 3, 0, 3, 0, 3, 0, 3, 0, 3, 1, 1, 1, 0, 0]"
20,D1,2001,Dortmund,"[3, 3, 3, 3, 0, 0, 1, 3, 3, 0, 3, 3, 3, 3, 3, 3, 1, 1, 3, 1, 3, 1, 1, 0, 1, 3, 3, 3, 0, 3, 0, 3, 3, 3]"
21,D1,2001,FC Koln,"[1, 3, 0, 0, 3, 1, 0, 0, 0, 0, 0, 0, 0, 3, 0, 1, 1, 1, 0, 0, 0, 0, 1, 0, 1, 0, 3, 0, 1, 0, 3, 0, 3, 3]"
22,D1,2001,Freiburg,"[3, 0, 0, 1, 1, 0, 3, 0, 1, 3, 1, 3, 0, 0, 0, 1, 1, 0, 3, 1, 1, 0, 0, 0, 1, 0, 0, 0, 0, 0, 0, 3, 0, 3]"
23,D1,2001,Hamburg,"[0, 3, 1, 0, 0, 1, 0, 1, 3, 3, 0, 0, 1, 0, 3, 0, 1, 3, 0, 3, 1, 3, 0, 3, 3, 0, 1, 1, 1, 0, 1, 3, 0, 0]"
24,D1,2001,Hansa Rostock,"[0, 3, 0, 0, 1, 1, 0, 1, 0, 3, 3, 0, 0, 1, 0, 3, 3, 0, 0, 3, 0, 3, 0, 1, 0, 3, 0, 1, 0, 3, 0, 0, 1, 0]"
25,D1,2001,Hertha,"[1, 0, 3, 0, 1, 3, 0, 3, 0, 3, 3, 3, 3, 1, 3, 1, 3, 1, 0, 1, 0, 3, 3, 3, 1, 3, 3, 3, 0, 3, 3, 0, 3, 0]"
26,D1,2001,Kaiserslautern,"[3, 3, 3, 3, 3, 3, 3, 0, 3, 0, 1, 0, 3, 0, 3, 3, 1, 0, 3, 3, 1, 0, 3, 0, 3, 0, 1, 0, 0, 1, 3, 0, 3, 0]"
27,D1,2001,Leverkusen,"[3, 3, 1, 1, 3, 3, 1, 3, 3, 3, 3, 3, 3, 3, 0, 3, 0, 0, 3, 0, 0, 3, 1, 3, 1, 3, 3, 3, 3, 3, 1, 0, 0, 3]"
28,D1,2001,MGladbach,"[3, 0, 1, 3, 0, 1, 1, 0, 0, 3, 1, 0, 1, 0, 1, 0, 1, 1, 0, 0, 3, 0, 3, 1, 3, 0, 3, 3, 3, 1, 0, 1, 1, 0]"
29,D1,2001,Munich 1860,"[0, 0, 1, 3, 3, 0, 3, 1, 0, 0, 0, 3, 0, 3, 3, 3, 1, 3, 3, 0, 3, 0, 0, 3, 3, 0, 0, 0, 3, 0, 3, 1, 1, 3]"
30,D1,2001,Nurnberg,"[0, 3, 0, 0, 0, 0, 3, 1, 0, 0, 0, 0, 3, 1, 0, 0, 1, 1, 0, 3, 3, 3, 0, 3, 0, 0, 0, 0, 3, 0, 0, 0, 3, 3]"
31,D1,2001,Schalke 04,"[0, 1, 1, 3, 3, 3, 0, 3, 0, 3, 1, 3, 1, 0, 3, 1, 0, 3, 3, 3, 3, 3, 1, 3, 0, 3, 3, 3, 1, 3, 0, 3, 0, 0]"
32,D1,2001,St Pauli,"[1, 1, 0, 0, 0, 0, 1, 0, 1, 3, 0, 0, 0, 0, 0, 0, 1, 1, 3, 0, 3, 0, 1, 1, 1, 3, 0, 0, 0, 1, 0, 0, 0, 0]"
33,D1,2001,Stuttgart,"[1, 0, 1, 3, 1, 3, 3, 0, 3, 0, 3, 0, 3, 1, 1, 0, 1, 1, 3, 3, 0, 0, 3, 1, 0, 0, 0, 3, 3, 3, 1, 1, 1, 3]"
34,D1,2001,Werder Bremen,"[0, 3, 1, 0, 0, 1, 3, 3, 3, 0, 3, 3, 3, 3, 3, 3, 1, 3, 0, 0, 0, 3, 1, 0, 0, 3, 0, 0, 3, 1, 3, 3, 3, 0]"
35,D1,2001,Wolfsburg,"[0, 1, 0, 1, 1, 0, 0, 3, 3, 0, 0, 3, 0, 3, 3, 1, 3, 3, 0, 1, 1, 3, 0, 0, 0, 3, 1, 3, 0, 0, 3, 3, 0, 3]"
36,D1,2002,Bayern Munich,"[1, 3, 3, 3, 3, 3, 0, 3, 3, 1, 0, 3, 3, 3, 3, 3, 1, 3, 1, 3, 3, 3, 3, 1, 0, 0, 3, 3, 3, 3, 0]"
37,D1,2002,Bielefeld,"[3, 0, 3, 1, 0, 0, 3, 0, 1, 3, 0, 0, 0, 1, 3, 3, 1, 1, 1, 1, 0, 1, 3, 1, 0, 3, 1, 1, 0, 0, 0, 0]"
38,D1,2002,Bochum,"[3, 3, 3, 1, 0, 1, 0, 0, 3, 3, 0, 3, 0, 1, 0, 1, 1, 3, 0, 3, 1, 0, 0, 0, 0, 1, 0, 3, 3, 1, 3, 1, 3]"
39,D1,2002,Cottbus,"[1, 0, 0, 3, 0, 0, 0, 0, 0, 1, 0, 0, 3, 1, 0, 1, 0, 3, 3, 1, 3, 0, 0, 0, 0, 0, 0, 1, 1, 1, 0, 3, 1]"
40,D1,2002,Dortmund,"[1, 1, 3, 1, 1, 3, 3, 3, 1, 3, 1, 0, 3, 0, 3, 3, 3, 0, 3, 1, 3, 0, 3, 1, 0, 1, 3, 1, 1, 3, 1, 1]"
41,D1,2002,Hamburg,"[3, 0, 0, 0, 3, 0, 3, 0, 3, 0, 1, 3, 3, 1, 3, 1, 1, 1, 3, 0, 3, 1, 3, 0, 3, 1, 1, 3, 1, 3, 1, 3]"
42,D1,2002,Hannover,"[0, 0, 0, 0, 3, 1, 3, 0, 1, 1, 3, 3, 0, 0, 0, 0, 1, 1, 3, 3, 3, 3, 0, 3, 1, 0, 3, 0, 0, 3, 1, 3]"
43,D1,2002,Hansa Rostock,"[3, 3, 3, 0, 3, 0, 0, 1, 0, 0, 1, 0, 1, 1, 3, 0, 1, 0, 3, 1, 1, 0, 0, 3, 0, 3, 0, 0, 1, 3, 0, 3, 0]"
44,D1,2002,Hertha,"[1, 1, 1, 0, 3, 3, 0, 3, 3, 1, 0, 3, 3, 0, 0, 1, 0, 3, 0, 3, 1, 0, 3, 3, 3, 0, 3, 3, 3, 0, 0, 0, 3]"
45,D1,2002,Kaiserslautern,"[1, 0, 0, 1, 0, 1, 0, 3, 0, 1, 0, 0, 0, 0, 3, 0, 3, 0, 1, 3, 3, 1, 3, 3, 3, 1, 3, 0, 3, 0, 1, 1, 0]"
46,D1,2002,Leverkusen,"[1, 1, 0, 3, 0, 0, 3, 0, 3, 1, 0, 3, 1, 1, 0, 3, 0, 0, 0, 0, 3, 0, 1, 0, 3, 0, 0, 1, 3, 0, 3, 3]"
47,D1,2002,MGladbach,"[1, 0, 3, 3, 1, 0, 0, 3, 0, 0, 0, 3, 1, 1, 0, 3, 0, 0, 0, 0, 1, 3, 0, 3, 0, 3, 1, 1, 1, 3, 1, 3]"
48,D1,2002,Munich 1860,"[0, 3, 3, 0, 1, 1, 3, 0, 3, 3, 3, 0, 0, 1, 3, 0, 1, 3, 0, 1, 1, 0, 0, 1, 3, 0, 1, 1, 3, 3, 0, 0]"
49,D1,2002,Nurnberg,"[0, 0, 3, 0, 0, 3, 3, 0, 0, 1, 3, 3, 0, 1, 0, 1, 3, 0, 0, 0, 1, 0, 0, 3, 1, 0, 1, 0, 0, 0, 0, 0]"
50,D1,2002,Schalke 04,"[3, 3, 1, 1, 1, 3, 0, 3, 0, 1, 3, 0, 3, 1, 3, 1, 1, 3, 1, 0, 1, 1, 1, 0, 1, 1, 3, 3, 0, 0, 0, 0, 3]"
51,D1,2002,Stuttgart,"[1, 1, 0, 1, 1, 3, 0, 3, 3, 1, 3, 3, 1, 3, 0, 0, 3, 3, 3, 3, 3, 1, 3, 0, 3, 3, 0, 1, 3, 0, 0, 3]"
52,D1,2002,Werder Bremen,"[0, 3, 0, 3, 3, 3, 3, 1, 1, 0, 3, 0, 3, 3, 3, 1, 3, 1, 0, 0, 0, 3, 0, 0, 3, 3, 0, 0, 3, 3, 3, 0]"
53,D1,2002,Wolfsburg,"[0, 3, 0, 3, 1, 0, 3, 3, 0, 3, 0, 3, 0, 3, 0, 1, 0, 0, 1, 1, 3, 1, 3, 0, 3, 3, 0, 1, 1, 3, 0]"
54,D1,2003,Bayern Munich,"[3, 1, 3, 3, 1, 3, 0, 1, 3, 3, 1, 3, 0, 3, 1, 1, 3, 3, 3, 0, 3]"
55,D1,2003,Bochum,"[0, 1, 1, 3, 3, 3, 0, 0, 3, 1, 3, 1, 3, 1, 3, 1, 0, 0, 3, 3, 1]"
56,D1,2003,Dortmund,"[1, 3, 0, 3, 3, 3, 0, 0, 1, 0, 3, 0, 0, 1, 3, 1, 3, 3, 3, 0, 3]"
57,D1,2003,Ein Frankfurt,"[0, 0, 1, 0, 0, 3, 1, 0, 0, 1, 3, 1, 3, 0, 3, 0, 0, 0, 0, 0, 3]"
58,D1,2003,FC Koln,"[0, 0, 0, 0, 1, 3, 0, 0, 1, 1, 3, 3, 0, 0, 0, 0, 0, 1, 0, 3, 0, 0, 0]"
59,D1,2003,Freiburg,"[0, 1, 3, 0, 3, 0, 0, 0, 3, 0, 0, 3, 0, 0, 3, 0, 1, 1, 3, 1, 0, 0, 0]"
60,D1,2003,Hamburg,"[0, 1, 3, 1, 3, 0, 1, 1, 3, 3, 0, 1, 3, 0, 3, 0, 3, 0, 0, 3, 3]"
61,D1,2003,Hannover,"[3, 1, 3, 0, 0, 0, 1, 3, 1, 0, 1, 3, 0, 0, 0, 0, 1, 1, 3, 3, 1, 0]"
62,D1,2003,Hansa Rostock,"[0, 1, 0, 0, 0, 0, 0, 1, 3, 1, 0, 0, 3, 1, 3, 1, 0, 3, 1, 0, 0, 3, 0]"
63,D1,2003,Hertha,"[0, 1, 0, 0, 3, 1, 0, 0, 3, 3, 3, 1, 0, 1, 0, 1, 3, 1, 3]"
64,D1,2003,Kaiserslautern,"[0, 3, 3, 3, 0, 3, 0, 0, 0, 1, 0, 3, 0, 3, 3, 1, 0, 0, 0, 3, 0]"
65,D1,2003,Leverkusen,"[3, 3, 3, 3, 3, 1, 0, 3, 0, 0, 0, 0, 3, 3, 3, 1, 3, 3, 3, 3]"
66,D1,2003,MGladbach,"[3, 0, 1, 0, 1, 0, 1, 0, 3, 3, 0, 0, 0, 3, 0, 3, 0, 1, 3, 1, 0, 3]"
67,D1,2003,Munich 1860,"[3, 1, 0, 0, 0, 3, 1, 3, 0, 1, 0, 3, 1, 3, 0, 0, 1, 3, 0, 0, 0, 0, 0]"
68,D1,2003,Schalke 04,"[1, 1, 0, 1, 3, 0, 1, 3, 3, 3, 1, 3, 1, 3, 1, 3, 0, 1, 3, 3, 0, 0, 0, 1]"
69,D1,2003,Stuttgart,"[3, 3, 3, 1, 3, 3, 3, 1, 0, 0, 3, 0, 1, 3, 3, 1, 1, 3, 3, 3, 3, 0]"
70,D1,2003,Werder Bremen,"[3, 3, 3, 3, 0, 3, 1, 3, 3, 3, 3, 3, 3, 3, 3, 1, 1, 3, 1, 1]"
71,D1,2003,Wolfsburg,"[3, 0, 3, 0, 0, 3, 0, 3, 3, 1, 0, 0, 3, 0, 0, 0, 0, 0, 3, 3, 1]"
72,D1,2004,Bayern Munich,"[3, 1, 0, 3, 1, 3, 3, 0, 3, 3, 0, 3, 3, 3, 3, 1, 1, 3, 1, 3, 0, 3, 3, 3, 0, 3, 3, 3, 3, 3, 3, 3, 3, 3]"
73,D1,2004,Bielefeld,"[1, 0, 0, 1, 3, 3, 0, 3, 3, 0, 0, 3, 3, 3, 0, 1, 0, 0, 0, 1, 3, 1, 3, 0, 0, 0, 3, 0, 1, 3, 0, 0, 1, 0]"
74,D1,2004,Bochum,"[1, 1, 3, 1, 1, 0, 0, 0, 0, 3, 0, 1, 0, 0, 3, 0, 0, 1, 0, 1, 0, 3, 0, 0, 0, 3, 1, 3, 3, 0, 0, 0, 3, 3]"
75,D1,2004,Dortmund,"[0, 3, 1, 1, 1, 1, 1, 0, 0, 3, 3, 0, 0, 3, 0, 0, 1, 3, 1, 3, 3, 0, 3, 1, 0, 3, 3, 3, 1, 3, 1, 3, 3, 3]"
76,D1,2004,Freiburg,"[1, 3, 1, 1, 1, 0, 0, 0, 3, 0, 0, 0, 0, 0, 0, 0, 1, 1, 3, 0, 1, 0, 0, 0, 0, 0, 1, 0, 0, 0, 1, 0, 0, 0]"
77,D1,2004,Hamburg,"[0, 0, 3, 0, 0, 3, 0, 0, 3, 3, 1, 0, 3, 3, 3, 0, 3, 0, 3, 3, 3, 3, 0, 3, 3, 0, 1, 0, 3, 3, 0, 1, 0, 0]"
78,D1,2004,Hannover,"[0, 1, 1, 0, 3, 0, 3, 3, 3, 3, 3, 0, 3, 1, 1, 3, 0, 0, 3, 0, 1, 0, 0, 0, 0, 3, 3, 0, 0, 0, 3, 0, 3, 1]"
79,D1,2004,Hansa Rostock,"[1, 0, 3, 0, 0, 1, 0, 3, 0, 0, 0, 0, 0, 1, 0, 1, 1, 1, 0, 1, 0, 0, 1, 3, 3, 0, 3, 0, 3, 0, 3, 0, 1, 0]"
80,D1,2004,Hertha,"[1, 1, 1, 1, 1, 0, 3, 3, 0, 0, 3, 1, 3, 1, 3, 3, 3, 1, 1, 3, 3, 0, 3, 1, 1, 3, 0, 3, 3, 3, 0, 3, 1, 1]"
81,D1,2004,Kaiserslautern,"[0, 0, 0, 3, 3, 0, 0, 0, 1, 0, 3, 1, 3, 0, 3, 3, 1, 3, 3, 1, 3, 0, 1, 1, 3, 0, 0, 3, 0, 0, 0, 3, 0, 0]"
82,D1,2004,Leverkusen,"[3, 1, 3, 0, 1, 0, 3, 0, 1, 3, 0, 3, 1, 0, 3, 3, 1, 3, 3, 0, 3, 3, 1, 0, 1, 3, 0, 0, 3, 3, 1, 3, 1, 3]"
83,D1,2004,MGladbach,"[1, 0, 1, 3, 0, 1, 0, 3, 0, 0, 3, 1, 3, 0, 0, 0, 1, 3, 1, 3, 0, 0, 1, 3, 0, 0, 1, 0, 1, 1, 3, 1, 1, 0]"
84,D1,2004,Mainz,"[0, 3, 1, 3, 1, 1, 3, 3, 0, 3, 0, 1, 0, 3, 0, 0, 0, 0, 0, 0, 0, 1, 0, 3, 1, 3, 0, 0, 1, 3, 3, 0, 3, 3]"
85,D1,2004,Nurnberg,"[3, 1, 0, 1, 1, 0, 1, 3, 0, 0, 3, 3, 0, 1, 0, 1, 3, 0, 3, 0, 0, 0, 0, 1, 3, 0, 0, 3, 3, 1, 0, 3, 0, 0]"
86,D1,2004,Schalke 04,"[0, 3, 0, 0, 3, 0, 3, 3, 3, 3, 3, 3, 0, 3, 3, 3, 1, 3, 0, 1, 3, 3, 3, 3, 3, 0, 3, 0, 0, 0, 1, 3, 0, 3]"
87,D1,2004,Stuttgart,"[3, 1, 3, 3, 1, 3, 3, 3, 0, 0, 0, 3, 0, 3, 1, 3, 1, 3, 0, 1, 0, 3, 1, 3, 3, 3, 3, 3, 0, 1, 0, 3, 0, 0]"
88,D1,2004,Werder Bremen,"[3, 3, 0, 0, 3, 3, 0, 0, 3, 3, 1, 1, 1, 0, 3, 3, 1, 0, 3, 3, 3, 3, 3, 0, 1, 3, 0, 3, 0, 0, 3, 0, 3, 3]"
89,D1,2004,Wolfsburg,"[3, 0, 3, 3, 3, 3, 3, 0, 3, 0, 3, 0, 3, 0, 0, 0, 3, 0, 0, 0, 0, 3, 1, 0, 3, 0, 0, 3, 0, 1, 3, 0, 1, 3]"
90,D1,2005,Bayern Munich,"[3, 3, 3, 3, 3, 3, 0, 3, 1, 3, 3, 3, 3, 3, 1, 3, 3, 3, 3, 1, 3, 1, 3, 0, 1, 3, 3, 1, 0, 3, 1, 3, 1, 1]"
91,D1,2005,Bielefeld,"[0, 0, 3, 1, 1, 0, 0, 1, 3, 3, 3, 0, 0, 1, 0, 1, 3, 0, 0, 1, 3, 0, 3, 0, 3, 0, 1, 3, 3, 0, 0, 0, 0, 0]"
92,D1,2005,Dortmund,"[1, 0, 1, 3, 0, 3, 1, 1, 1, 1, 3, 0, 3, 3, 0, 0, 0, 3, 1, 3, 1, 0, 0, 1, 1, 3, 3, 0, 0, 1, 3, 3, 1, 1]"
93,D1,2005,Duisburg,"[1, 0, 1, 0, 0, 0, 3, 1, 0, 0, 3, 0, 0, 0, 1, 1, 1, 3, 1, 0, 1, 0, 3, 0, 1, 0, 0, 1, 1, 0, 0, 0, 3, 1]"
94,D1,2005,Ein Frankfurt,"[0, 0, 3, 0, 1, 0, 0, 0, 3, 3, 0, 3, 1, 1, 3, 3, 0, 0, 1, 3, 0, 0, 0, 1, 0, 3, 1, 0, 0, 1, 3, 1, 1, 0]"
95,D1,2005,FC Koln,"[3, 3, 0, 0, 3, 0, 0, 0, 0, 0, 0, 1, 1, 0, 1, 0, 0, 0, 1, 1, 1, 0, 0, 3, 0, 0, 1, 1, 3, 1, 3, 0, 0, 3]"
96,D1,2005,Hamburg,"[3, 3, 1, 3, 1, 3, 3, 3, 0, 1, 3, 1, 3, 3, 3, 3, 1, 0, 3, 0, 3, 3, 0, 3, 3, 3, 0, 3, 3, 3, 0, 3, 0, 0]"
97,D1,2005,Hannover,"[1, 1, 1, 3, 0, 0, 0, 1, 3, 1, 0, 1, 1, 3, 3, 1, 1, 1, 1, 3, 3, 1, 0, 0, 1, 3, 0, 0, 1, 1, 0, 0, 1, 1]"
98,D1,2005,Hertha,"[1, 3, 0, 3, 1, 3, 3, 0, 0, 3, 1, 3, 0, 1, 3, 0, 1, 1, 1, 1, 1, 0, 0, 0, 3, 3, 1, 3, 3, 1, 1, 0, 3, 0]"
99,D1,2005,Kaiserslautern,"[0, 3, 3, 0, 1, 0, 0, 0, 1, 0, 1, 0, 0, 0, 0, 0, 3, 0, 1, 1, 3, 3, 3, 1, 0, 0, 3, 0, 0, 0, 3, 1, 1, 1]"
100,D1,2005,Leverkusen,"[3, 0, 0, 1, 3, 3, 0, 1, 0, 1, 1, 3, 1, 0, 0, 1, 1, 3, 0, 3, 0, 3, 3, 1, 0, 0, 3, 3, 3, 3, 3, 3, 1, 1]"
101,D1,2005,MGladbach,"[0, 1, 1, 3, 0, 3, 3, 3, 1, 3, 0, 1, 1, 1, 0, 1, 3, 0, 0, 1, 1, 3, 0, 3, 0, 1, 0, 3, 0, 0, 1, 0, 1, 3]"
102,D1,2005,Mainz,"[0, 0, 0, 0, 0, 3, 1, 0, 3, 0, 3, 1, 1, 0, 3, 0, 1, 3, 0, 1, 0, 0, 0, 1, 3, 3, 1, 0, 1, 1, 1, 3, 3, 1]"
103,D1,2005,Nurnberg,"[0, 1, 0, 0, 1, 1, 0, 3, 0, 0, 0, 0, 3, 0, 3, 1, 1, 3, 1, 0, 0, 3, 0, 3, 3, 3, 1, 3, 0, 3, 0, 3, 1, 3]"
104,D1,2005,Schalke 04,"[3, 3, 1, 1, 1, 1, 3, 3, 1, 1, 0, 3, 1, 3, 3, 3, 0, 3, 1, 1, 3, 3, 3, 3, 3, 0, 1, 0, 1, 1, 1, 3, 0, 3]"
105,D1,2005,Stuttgart,"[1, 0, 1, 1, 3, 0, 3, 1, 1, 1, 1, 3, 1, 1, 1, 3, 3, 0, 1, 1, 0, 3, 3, 1, 1, 1, 0, 0, 3, 1, 0, 0, 3, 0]"
106,D1,2005,Werder Bremen,"[3, 3, 1, 3, 3, 0, 3, 3, 3, 1, 3, 0, 3, 0, 3, 3, 1, 3, 3, 1, 0, 3, 3, 1, 0, 0, 3, 3, 3, 1, 1, 3, 3, 3]"
107,D1,2005,Wolfsburg,"[1, 1, 3, 0, 1, 3, 3, 0, 3, 1, 0, 1, 0, 1, 0, 0, 0, 0, 3, 0, 1, 0, 3, 1, 1, 0, 1, 1, 0, 1, 3, 0, 0, 1]"
108,D1,2006,Aachen,"[0, 0, 3, 3, 0, 3, 3, 0, 0, 0, 1, 1, 1, 0, 0, 3, 1, 0, 0, 0, 1, 3, 1, 3, 3, 3, 0, 0, 0, 0, 0, 0, 1, 0]"
109,D1,2006,Bayern Munich,"[3, 3, 1, 0, 3, 0, 3, 0, 3, 1, 0, 3, 3, 3, 1, 3, 3, 0, 1, 0, 3, 0, 3, 3, 1, 0, 3, 3, 3, 0, 0, 1, 3, 3]"
110,D1,2006,Bielefeld,"[1, 0, 0, 3, 0, 3, 1, 3, 3, 1, 1, 3, 1, 0, 1, 1, 0, 1, 0, 0, 0, 0, 0, 3, 0, 0, 3, 1, 0, 3, 3, 3, 3, 0]"
111,D1,2006,Bochum,"[0, 0, 0, 1, 3, 0, 0, 1, 0, 3, 0, 1, 3, 0, 3, 0, 3, 0, 1, 1, 0, 3, 1, 0, 3, 0, 3, 3, 0, 3, 3, 3, 0, 3]"
112,D1,2006,Cottbus,"[0, 1, 3, 3, 1, 0, 0, 3, 3, 1, 0, 1, 0, 0, 0, 0, 1, 3, 1, 1, 0, 0, 3, 3, 0, 3, 1, 3, 3, 0, 3, 0, 0, 0]"
113,D1,2006,Dortmund,"[0, 1, 3, 3, 0, 1, 3, 1, 1, 1, 1, 3, 0, 1, 3, 0, 0, 3, 0, 0, 0, 3, 0, 0, 0, 1, 0, 3, 0, 3, 3, 3, 3, 0]"
114,D1,2006,Ein Frankfurt,"[1, 1, 1, 3, 1, 1, 1, 1, 0, 3, 3, 0, 0, 1, 3, 0, 0, 0, 1, 1, 1, 0, 0, 3, 1, 3, 1, 0, 3, 0, 0, 3, 3, 0]"
115,D1,2006,Hamburg,"[1, 1, 1, 0, 1, 1, 0, 3, 1, 0, 0, 1, 1, 0, 0, 1, 1, 1, 1, 0, 3, 3, 3, 3, 1, 1, 3, 0, 3, 1, 3, 0, 3, 3]"
116,D1,2006,Hannover,"[0, 0, 0, 3, 1, 1, 1, 0, 1, 0, 3, 0, 3, 3, 3, 1, 0, 0, 3, 3, 1, 3, 3, 0, 1, 1, 0, 0, 0, 3, 3, 3, 0, 0]"
117,D1,2006,Hertha,"[1, 3, 1, 3, 1, 1, 0, 3, 0, 3, 1, 1, 3, 3, 0, 0, 3, 3, 0, 3, 0, 0, 1, 0, 0, 0, 0, 1, 3, 0, 3, 0, 0, 3]"
118,D1,2006,Leverkusen,"[3, 0, 1, 0, 1, 3, 0, 0, 3, 1, 3, 0, 0, 3, 1, 3, 3, 3, 0, 0, 1, 0, 3, 3, 1, 3, 3, 0, 0, 3, 0, 0, 3, 3]"
119,D1,2006,MGladbach,"[3, 0, 3, 0, 3, 0, 3, 0, 0, 0, 0, 1, 0, 0, 1, 1, 0, 0, 1, 3, 1, 0, 1, 0, 3, 0, 1, 0, 0, 0, 0, 1, 0, 0]"
120,D1,2006,Mainz,"[3, 1, 1, 0, 1, 1, 0, 0, 0, 1, 0, 0, 1, 0, 1, 1, 0, 3, 3, 1, 3, 3, 3, 0, 3, 0, 0, 0, 0, 1, 0, 0, 3, 0]"
121,D1,2006,Nurnberg,"[3, 3, 1, 1, 1, 1, 1, 1, 1, 0, 0, 1, 3, 1, 1, 1, 3, 3, 1, 3, 3, 3, 0, 0, 1, 1, 3, 0, 3, 0, 1, 0, 0, 3]"
122,D1,2006,Schalke 04,"[1, 3, 3, 0, 3, 0, 3, 3, 0, 1, 3, 3, 3, 3, 1, 3, 3, 3, 3, 3, 3, 1, 0, 0, 1, 3, 0, 3, 3, 3, 0, 3, 0, 3]"
123,D1,2006,Stuttgart,"[0, 3, 0, 3, 1, 1, 3, 1, 3, 3, 3, 3, 0, 3, 1, 3, 1, 0, 3, 3, 3, 3, 1, 0, 1, 0, 3, 3, 3, 3, 3, 3, 3, 3]"
124,D1,2006,Werder Bremen,"[3, 3, 0, 0, 1, 3, 3, 3, 3, 1, 3, 0, 1, 3, 3, 3, 3, 3, 3, 0, 0, 0, 1, 3, 1, 3, 1, 3, 3, 3, 0, 3, 0, 3]"
125,D1,2006,Wolfsburg,"[1, 1, 1, 0, 0, 3, 0, 1, 3, 3, 3, 1, 1, 1, 0, 0, 0, 0, 1, 3, 1, 1, 0, 3, 1, 3, 0, 3, 0, 0, 1, 0, 1, 0]"
126,D1,2007,Bayern Munich,"[3, 3, 3, 1, 1, 3, 3, 3, 3, 3, 1, 1, 0, 3, 3, 1, 1, 3, 1, 3, 1, 3, 3, 0, 3, 1, 3, 3, 3, 3, 1, 3, 3, 3]"
127,D1,2007,Bielefeld,"[3, 1, 3, 0, 3, 0, 0, 0, 0, 1, 1, 0, 3, 0, 0, 0, 3, 0, 0, 0, 0, 1, 0, 1, 1, 1, 3, 0, 3, 1, 3, 0, 1, 1]"
128,D1,2007,Bochum,"[1, 3, 3, 0, 0, 1, 0, 1, 0, 0, 0, 3, 3, 3, 0, 1, 0, 3, 1, 0, 3, 3, 1, 1, 1, 1, 0, 1, 3, 1, 0, 0, 3, 0]"
129,D1,2007,Cottbus,"[1, 0, 0, 1, 0, 0, 0, 1, 1, 0, 1, 3, 0, 0, 3, 1, 3, 0, 1, 0, 1, 0, 0, 3, 0, 3, 3, 3, 0, 3, 0, 1, 3, 0]"
130,D1,2007,Dortmund,"[0, 0, 3, 3, 3, 0, 0, 0, 3, 1, 1, 0, 1, 0, 3, 3, 0, 1, 0, 3, 3, 0, 1, 0, 1, 1, 3, 0, 0, 1, 1, 3, 1, 0]"
131,D1,2007,Duisburg,"[3, 0, 0, 3, 0, 0, 0, 0, 0, 3, 0, 0, 0, 0, 3, 1, 0, 1, 0, 0, 3, 0, 1, 0, 1, 3, 0, 3, 0, 1, 3, 0, 0, 0]"
132,D1,2007,Ein Frankfurt,"[3, 1, 3, 0, 3, 1, 0, 1, 3, 0, 1, 1, 1, 0, 1, 1, 3, 3, 3, 0, 3, 0, 1, 3, 3, 3, 0, 0, 0, 1, 0, 0, 0, 3]"
133,D1,2007,Hamburg,"[3, 3, 0, 1, 0, 3, 3, 1, 3, 3, 3, 3, 1, 3, 0, 1, 1, 1, 1, 3, 1, 3, 1, 3, 1, 1, 0, 0, 1, 0, 3, 0, 0, 3]"
134,D1,2007,Hannover,"[0, 3, 0, 3, 1, 0, 3, 3, 3, 1, 1, 3, 0, 0, 3, 3, 0, 1, 1, 0, 0, 3, 0, 1, 1, 1, 0, 3, 3, 1, 1, 3, 0, 3]"
135,D1,2007,Hansa Rostock,"[0, 0, 0, 0, 0, 3, 3, 3, 0, 1, 1, 0, 3, 0, 0, 0, 3, 0, 1, 3, 0, 1, 1, 1, 0, 0, 0, 3, 0, 0, 0, 0, 0, 3]"
136,D1,2007,Hertha,"[0, 3, 0, 3, 3, 3, 0, 0, 1, 0, 3, 0, 3, 0, 0, 0, 1, 0, 3, 3, 1, 3, 1, 1, 0, 0, 0, 1, 1, 1, 3, 3, 3, 0]"
137,D1,2007,Karlsruhe,"[3, 0, 0, 3, 3, 0, 3, 3, 3, 1, 1, 3, 0, 3, 0, 1, 1, 3, 1, 1, 0, 3, 0, 0, 1, 1, 0, 0, 3, 1, 0, 1, 0, 0]"
138,D1,2007,Leverkusen,"[1, 0, 3, 1, 3, 3, 3, 0, 0, 1, 0, 3, 3, 3, 3, 3, 0, 3, 1, 1, 3, 0, 3, 3, 0, 0, 0, 3, 0, 1, 0, 0, 3, 0]"
139,D1,2007,Nurnberg,"[0, 3, 0, 1, 1, 0, 0, 1, 0, 3, 0, 0, 0, 3, 0, 3, 0, 0, 1, 0, 1, 0, 1, 0, 1, 1, 3, 0, 3, 1, 1, 3, 0, 0]"
140,D1,2007,Schalke 04,"[1, 3, 1, 1, 1, 3, 3, 3, 0, 1, 1, 0, 1, 3, 3, 1, 3, 3, 3, 0, 0, 0, 3, 3, 3, 1, 3, 0, 3, 3, 1, 3, 3, 3]"
141,D1,2007,Stuttgart,"[1, 0, 3, 0, 3, 0, 3, 0, 0, 0, 3, 3, 3, 3, 0, 3, 0, 0, 0, 3, 3, 3, 3, 1, 3, 1, 3, 0, 3, 0, 3, 0, 0, 1]"
142,D1,2007,Werder Bremen,"[1, 0, 3, 3, 0, 3, 1, 3, 3, 3, 1, 3, 3, 3, 3, 0, 3, 0, 1, 3, 0, 3, 0, 0, 1, 0, 3, 3, 3, 1, 3, 3, 3, 3]"
143,D1,2007,Wolfsburg,"[0, 3, 1, 0, 0, 3, 1, 1, 3, 1, 3, 0, 0, 0, 1, 0, 3, 3, 3, 3, 1, 0, 3, 3, 1, 3, 3, 0, 0, 1, 1, 3, 3, 3]"
144,D1,2008,Bayern Munich,"[1, 1, 3, 3, 0, 0, 1, 3, 3, 3, 3, 3, 1, 3, 3, 3, 1, 0, 3, 0, 0, 1, 3, 3, 3, 0, 3, 3, 0, 3, 3, 3, 1, 3]"
145,D1,2008,Bielefeld,"[1, 1, 0, 0, 3, 1, 0, 0, 1, 1, 0, 0, 1, 3, 0, 1, 1, 3, 1, 0, 1, 1, 1, 3, 0, 0, 0, 0, 1, 1, 1, 0, 0, 1]"
146,D1,2008,Bochum,"[0, 1, 0, 3, 1, 0, 1, 1, 0, 0, 1, 1, 1, 0, 1, 0, 0, 3, 0, 3, 1, 3, 1, 0, 3, 0, 3, 0, 0, 0, 0, 0, 3, 1]"
147,D1,2008,Cottbus,"[0, 1, 0, 0, 1, 3, 0, 0, 0, 1, 0, 0, 3, 0, 3, 0, 1, 0, 3, 1, 3, 0, 0, 0, 0, 0, 3, 0, 3, 1, 0, 0, 0, 3]"
148,D1,2008,Dortmund,"[3, 1, 3, 1, 0, 3, 1, 1, 1, 3, 1, 0, 3, 3, 1, 1, 3, 1, 0, 1, 1, 1, 0, 1, 3, 3, 3, 3, 3, 3, 3, 0, 3, 1]"
149,D1,2008,Ein Frankfurt,"[0, 1, 1, 0, 1, 0, 0, 3, 3, 0, 3, 1, 0, 3, 0, 3, 0, 0, 1, 0, 3, 0, 1, 1, 1, 3, 0, 3, 0, 0, 1, 0, 0, 0]"
150,D1,2008,FC Koln,"[0, 1, 3, 0, 0, 3, 3, 3, 0, 0, 3, 3, 0, 0, 0, 0, 3, 1, 1, 1, 3, 1, 0, 0, 3, 0, 0, 0, 0, 3, 0, 0, 3, 1]"
151,D1,2008,Hamburg,"[1, 3, 3, 3, 0, 3, 3, 1, 0, 3, 0, 3, 0, 3, 1, 3, 3, 3, 0, 3, 3, 0, 0, 3, 3, 3, 0, 3, 0, 1, 0, 3, 0, 3]"
152,D1,2008,Hannover,"[0, 1, 0, 3, 0, 3, 1, 0, 1, 0, 3, 0, 1, 0, 3, 0, 1, 3, 0, 1, 0, 3, 0, 1, 1, 0, 3, 0, 3, 3, 1, 3, 0, 1]"
153,D1,2008,Hertha,"[3, 1, 0, 1, 3, 0, 3, 3, 1, 3, 0, 3, 3, 3, 3, 0, 3, 3, 1, 3, 0, 3, 3, 3, 0, 0, 0, 3, 3, 1, 3, 3, 1, 0]"
154,D1,2008,Hoffenheim,"[3, 3, 0, 1, 3, 0, 3, 3, 3, 3, 3, 0, 3, 3, 3, 0, 1, 3, 1, 0, 1, 1, 1, 1, 1, 0, 0, 1, 0, 0, 3, 3, 1, 3]"
155,D1,2008,Karlsruhe,"[3, 0, 0, 0, 3, 3, 0, 0, 0, 0, 0, 1, 0, 0, 0, 3, 0, 0, 3, 1, 0, 0, 0, 0, 0, 1, 0, 1, 3, 1, 0, 0, 3, 3]"
156,D1,2008,Leverkusen,"[0, 3, 3, 0, 3, 3, 0, 3, 3, 3, 3, 1, 3, 0, 0, 3, 1, 1, 0, 3, 0, 0, 1, 0, 1, 3, 1, 0, 0, 3, 1, 0, 3, 0]"
157,D1,2008,MGladbach,"[0, 0, 3, 0, 0, 0, 0, 1, 3, 0, 0, 3, 1, 0, 0, 0, 0, 0, 1, 1, 3, 0, 3, 3, 0, 1, 0, 0, 1, 0, 3, 3, 0, 1]"
158,D1,2008,Schalke 04,"[3, 1, 3, 1, 3, 0, 1, 1, 1, 3, 3, 0, 0, 3, 0, 3, 1, 0, 3, 0, 1, 3, 3, 0, 0, 3, 3, 3, 3, 0, 0, 0, 1, 0]"
159,D1,2008,Stuttgart,"[3, 0, 3, 1, 3, 0, 3, 0, 3, 0, 0, 1, 1, 0, 3, 3, 1, 3, 3, 1, 1, 3, 3, 0, 3, 3, 3, 3, 3, 1, 3, 3, 3, 0]"
160,D1,2008,Werder Bremen,"[1, 1, 0, 3, 3, 3, 0, 1, 1, 0, 3, 1, 3, 0, 3, 0, 3, 0, 0, 1, 0, 1, 1, 3, 0, 3, 1, 0, 3, 0, 3, 3, 0, 0]"
161,D1,2008,Wolfsburg,"[3, 1, 1, 1, 3, 0, 1, 3, 0, 3, 0, 3, 0, 3, 1, 3, 0, 1, 3, 3, 3, 3, 3, 3, 3, 3, 3, 3, 0, 3, 0, 3, 3, 3]"
162,D1,2009,Bayern Munich,"[1, 1, 0, 3, 3, 3, 0, 1, 3, 3, 1, 1, 1, 3, 3, 3, 3, 3, 3, 3, 3, 3, 1, 3, 1, 3, 0, 0, 3, 1, 3, 1, 3, 3]"
163,D1,2009,Bochum,"[1, 0, 3, 0, 0, 0, 3, 1, 0, 0, 0, 0, 3, 1, 1, 0, 3, 3, 1, 1, 1, 3, 1, 1, 0, 0, 0, 0, 1, 0, 0, 0, 0, 0]"
164,D1,2009,Dortmund,"[3, 0, 1, 1, 0, 1, 0, 3, 3, 1, 3, 1, 1, 3, 3, 3, 3, 3, 3, 0, 0, 0, 3, 0, 3, 3, 3, 1, 3, 0, 1, 3, 1, 0]"
165,D1,2009,Ein Frankfurt,"[3, 1, 1, 1, 3, 1, 0, 0, 3, 0, 3, 0, 0, 3, 3, 1, 1, 3, 1, 0, 3, 3, 1, 0, 0, 0, 3, 3, 3, 0, 1, 1, 0, 0]"
166,D1,2009,FC Koln,"[0, 0, 1, 0, 0, 3, 0, 1, 3, 1, 0, 3, 0, 1, 1, 1, 3, 0, 3, 3, 1, 0, 0, 1, 1, 0, 1, 3, 0, 3, 3, 0, 1, 0]"
167,D1,2009,Freiburg,"[1, 0, 0, 3, 0, 3, 3, 0, 0, 0, 0, 3, 0, 3, 1, 1, 0, 0, 0, 0, 1, 0, 0, 1, 0, 0, 3, 1, 1, 0, 3, 3, 1, 3]"
168,D1,2009,Hamburg,"[1, 3, 3, 3, 3, 1, 3, 3, 1, 1, 0, 1, 0, 1, 1, 3, 3, 3, 0, 1, 1, 3, 1, 0, 3, 0, 1, 0, 1, 3, 0, 0, 3, 1]"
169,D1,2009,Hannover,"[0, 1, 3, 0, 1, 1, 0, 3, 0, 3, 3, 1, 0, 0, 1, 0, 0, 0, 0, 0, 0, 0, 0, 0, 3, 3, 0, 0, 1, 3, 0, 0, 3, 3]"
170,D1,2009,Hertha,"[3, 0, 0, 0, 0, 0, 0, 0, 0, 1, 0, 0, 1, 0, 0, 1, 0, 3, 1, 1, 0, 1, 3, 0, 0, 0, 3, 1, 3, 0, 1, 0, 1, 0]"
171,D1,2009,Hoffenheim,"[1, 0, 1, 3, 3, 3, 3, 0, 0, 3, 3, 0, 3, 0, 1, 1, 0, 0, 0, 0, 3, 0, 1, 3, 0, 0, 1, 1, 0, 0, 1, 3, 3, 1]"
172,D1,2009,Leverkusen,"[1, 3, 3, 3, 3, 1, 3, 3, 1, 1, 1, 3, 1, 3, 1, 1, 3, 3, 3, 3, 1, 3, 1, 1, 0, 3, 0, 0, 0, 1, 0, 3, 1, 1]"
173,D1,2009,MGladbach,"[1, 3, 0, 3, 0, 0, 0, 0, 0, 1, 3, 1, 3, 3, 0, 3, 0, 0, 1, 3, 0, 3, 1, 1, 0, 0, 1, 3, 0, 3, 0, 1, 0, 1]"
174,D1,2009,Mainz,"[1, 1, 3, 0, 3, 3, 0, 3, 0, 3, 1, 3, 1, 1, 0, 1, 0, 0, 3, 0, 3, 1, 1, 0, 3, 3, 0, 0, 0, 3, 3, 1, 1, 1]"
175,D1,2009,Nurnberg,"[0, 1, 0, 1, 3, 0, 0, 0, 3, 0, 1, 0, 3, 0, 0, 0, 0, 0, 1, 3, 0, 0, 1, 1, 3, 3, 1, 0, 3, 0, 0, 0, 0, 3]"
176,D1,2009,Schalke 04,"[3, 3, 1, 0, 3, 0, 3, 3, 3, 1, 1, 1, 3, 0, 3, 3, 3, 3, 1, 3, 1, 3, 0, 3, 3, 3, 1, 3, 0, 0, 3, 3, 0, 1]"
177,D1,2009,Stuttgart,"[0, 3, 1, 1, 0, 0, 3, 0, 0, 0, 1, 1, 1, 0, 1, 1, 3, 3, 3, 3, 3, 0, 3, 3, 1, 0, 3, 3, 3, 3, 3, 3, 1, 1]"
178,D1,2009,Werder Bremen,"[0, 1, 3, 3, 1, 1, 3, 3, 3, 3, 1, 1, 3, 1, 1, 0, 0, 0, 0, 0, 3, 3, 1, 3, 1, 3, 3, 3, 0, 3, 3, 3, 3, 1]"
179,D1,2009,Wolfsburg,"[3, 3, 0, 0, 0, 3, 3, 1, 3, 1, 1, 3, 0, 1, 1, 0, 1, 0, 0, 1, 0, 0, 3, 3, 3, 3, 0, 3, 3, 3, 0, 0, 1, 3]"
180,D1,2010,Bayern Munich,"[3, 0, 1, 1, 3, 0, 0, 3, 1, 3, 1, 3, 1, 3, 0, 3, 3, 1, 3, 3, 0, 3, 3, 0, 0, 3, 3, 3, 1, 3, 1, 3, 3, 3]"
181,D1,2010,Dortmund,"[0, 3, 3, 3, 3, 3, 3, 3, 1, 3, 3, 3, 3, 3, 3, 3, 0, 3, 1, 3, 1, 1, 3, 3, 3, 0, 1, 3, 1, 3, 0, 3, 0, 3]"
182,D1,2010,Ein Frankfurt,"[0, 0, 3, 0, 0, 3, 3, 3, 1, 3, 3, 1, 0, 0, 3, 0, 3, 0, 0, 0, 1, 0, 0, 0, 1, 0, 3, 1, 1, 0, 1, 0, 0, 0]"
183,D1,2010,FC Koln,"[0, 0, 3, 1, 0, 1, 0, 0, 0, 3, 0, 0, 3, 1, 0, 3, 0, 1, 3, 0, 3, 3, 1, 3, 0, 3, 0, 3, 0, 0, 0, 3, 3, 3]"
184,D1,2010,Freiburg,"[0, 3, 3, 3, 0, 0, 3, 0, 3, 0, 3, 3, 0, 0, 3, 3, 1, 1, 1, 3, 1, 0, 3, 0, 0, 0, 0, 1, 3, 0, 0, 3, 0, 0]"
185,D1,2010,Hamburg,"[3, 3, 1, 1, 0, 0, 3, 3, 1, 0, 3, 0, 0, 3, 0, 0, 3, 3, 3, 0, 3, 0, 3, 1, 0, 0, 3, 1, 1, 1, 0, 0, 1, 1]"
186,D1,2010,Hannover,"[3, 3, 1, 0, 3, 3, 0, 0, 3, 0, 0, 3, 3, 3, 3, 3, 0, 3, 0, 0, 3, 1, 3, 3, 3, 0, 3, 0, 3, 1, 3, 0, 0, 3]"
187,D1,2010,Hoffenheim,"[3, 3, 3, 1, 0, 1, 0, 3, 1, 3, 0, 0, 3, 1, 1, 1, 1, 0, 1, 3, 3, 0, 1, 0, 0, 3, 0, 1, 0, 3, 0, 0, 3, 0]"
188,D1,2010,Kaiserslautern,"[3, 3, 0, 1, 0, 0, 0, 0, 0, 3, 0, 1, 3, 3, 0, 1, 3, 1, 0, 0, 0, 1, 0, 1, 1, 3, 3, 0, 3, 0, 3, 3, 3, 3]"
189,D1,2010,Leverkusen,"[3, 0, 1, 1, 3, 3, 1, 3, 0, 3, 3, 3, 1, 1, 3, 3, 1, 0, 3, 3, 0, 3, 3, 1, 3, 3, 3, 3, 3, 0, 3, 0, 1, 3]"
190,D1,2010,MGladbach,"[1, 3, 0, 0, 0, 1, 1, 0, 0, 0, 1, 3, 0, 0, 0, 0, 0, 3, 0, 3, 0, 0, 3, 0, 3, 1, 0, 0, 3, 0, 3, 3, 3, 1]"
191,D1,2010,Mainz,"[3, 3, 3, 3, 3, 3, 3, 0, 3, 0, 0, 0, 3, 3, 0, 0, 3, 0, 0, 3, 1, 0, 0, 3, 3, 0, 1, 1, 0, 3, 1, 3, 3, 3]"
192,D1,2010,Nurnberg,"[1, 0, 1, 1, 3, 0, 3, 0, 3, 3, 3, 0, 0, 0, 0, 1, 3, 0, 1, 3, 3, 3, 3, 1, 3, 3, 0, 0, 1, 3, 1, 0, 0, 0]"
193,D1,2010,Schalke 04,"[0, 0, 0, 0, 3, 1, 0, 1, 1, 0, 3, 1, 3, 0, 3, 3, 3, 0, 3, 0, 1, 3, 0, 1, 0, 3, 0, 3, 3, 1, 0, 0, 0, 0]"
194,D1,2010,St Pauli,"[3, 0, 0, 1, 3, 0, 3, 3, 0, 0, 0, 0, 1, 0, 3, 0, 0, 1, 1, 3, 3, 3, 0, 0, 0, 0, 0, 0, 0, 1, 0, 0, 0, 0]"
195,D1,2010,Stuttgart,"[0, 0, 0, 3, 0, 0, 0, 1, 3, 0, 3, 1, 0, 0, 1, 0, 0, 3, 1, 0, 3, 0, 0, 3, 3, 3, 1, 1, 0, 3, 3, 3, 3, 0]"
196,D1,2010,Werder Bremen,"[0, 3, 1, 0, 0, 3, 1, 3, 3, 0, 0, 1, 0, 3, 1, 0, 0, 3, 0, 0, 1, 1, 0, 1, 3, 1, 3, 1, 1, 1, 3, 0, 3, 0]"
197,D1,2010,Wolfsburg,"[0, 0, 0, 3, 3, 3, 1, 0, 0, 3, 0, 1, 1, 1, 1, 1, 1, 1, 3, 0, 0, 0, 0, 3, 0, 0, 1, 1, 0, 1, 3, 3, 0, 3]"
198,D1,2011,Augsburg,"[1, 1, 0, 0, 0, 1, 1, 0, 3, 1, 0, 0, 0, 3, 0, 3, 1, 0, 1, 1, 1, 0, 3, 1, 1, 3, 1, 3, 0, 0, 3, 1, 1, 3]"
199,D1,2011,Bayern Munich,"[0, 3, 3, 3, 3, 3, 3, 1, 3, 0, 3, 3, 0, 0, 3, 3, 3, 0, 3, 1, 3, 1, 3, 0, 3, 3, 3, 3, 3, 0, 1, 3, 3, 3]"
200,D1,2011,Dortmund,"[3, 0, 3, 1, 0, 0, 3, 3, 3, 3, 1, 3, 3, 3, 1, 1, 3, 3, 3, 3, 3, 3, 3, 3, 1, 3, 3, 1, 3, 3, 3, 3, 3, 3]"
201,D1,2011,FC Koln,"[0, 0, 1, 3, 0, 3, 3, 0, 3, 0, 3, 0, 0, 1, 3, 1, 0, 0, 0, 3, 0, 0, 0, 1, 3, 0, 0, 0, 1, 0, 0, 1, 0, 0]"
202,D1,2011,Freiburg,"[1, 0, 0, 3, 0, 0, 0, 3, 0, 0, 0, 3, 1, 1, 1, 0, 0, 3, 0, 1, 0, 1, 0, 3, 1, 3, 3, 3, 1, 3, 1, 1, 3, 0]"
203,D1,2011,Hamburg,"[0, 1, 0, 0, 0, 0, 3, 0, 3, 1, 1, 1, 3, 1, 3, 1, 1, 0, 3, 1, 3, 0, 1, 0, 0, 0, 0, 3, 1, 0, 3, 1, 1, 0]"
204,D1,2011,Hannover,"[3, 3, 1, 1, 0, 3, 1, 3, 0, 3, 0, 1, 0, 1, 1, 1, 1, 1, 3, 3, 1, 3, 0, 1, 0, 3, 0, 3, 0, 3, 0, 1, 0, 3]"
205,D1,2011,Hertha,"[0, 1, 1, 3, 3, 1, 0, 3, 0, 1, 3, 0, 1, 1, 1, 0, 1, 0, 0, 0, 0, 0, 0, 3, 0, 0, 3, 0, 1, 0, 1, 0, 0, 3]"
206,D1,2011,Hoffenheim,"[0, 3, 3, 0, 3, 3, 0, 1, 0, 3, 0, 1, 0, 1, 0, 3, 1, 1, 0, 1, 1, 1, 3, 1, 0, 0, 3, 1, 3, 3, 1, 0, 0, 0]"
207,D1,2011,Kaiserslautern,"[0, 1, 1, 0, 0, 3, 0, 0, 3, 3, 1, 1, 0, 0, 1, 1, 1, 1, 1, 0, 0, 0, 0, 1, 1, 0, 0, 0, 0, 0, 0, 3, 0, 0]"
208,D1,2011,Leverkusen,"[0, 3, 3, 1, 3, 0, 0, 3, 1, 0, 3, 1, 3, 1, 3, 1, 0, 3, 1, 1, 0, 3, 3, 3, 0, 0, 0, 0, 1, 3, 1, 3, 3, 3]"
209,D1,2011,MGladbach,"[3, 1, 3, 0, 3, 3, 3, 0, 1, 0, 3, 3, 3, 3, 1, 0, 3, 3, 3, 1, 3, 3, 1, 0, 1, 3, 0, 0, 1, 1, 3, 0, 1, 3]"
210,D1,2011,Mainz,"[3, 3, 0, 1, 0, 0, 0, 1, 0, 1, 0, 3, 3, 1, 1, 1, 0, 0, 3, 1, 1, 1, 3, 0, 3, 0, 0, 3, 0, 3, 1, 1, 1, 0]"
211,D1,2011,Nurnberg,"[3, 0, 0, 3, 3, 1, 0, 1, 0, 1, 0, 0, 0, 3, 0, 0, 3, 3, 0, 0, 1, 3, 3, 3, 0, 0, 0, 0, 1, 3, 3, 1, 3, 0]"
212,D1,2011,Schalke 04,"[0, 3, 3, 3, 0, 0, 3, 3, 0, 3, 3, 1, 3, 0, 3, 3, 3, 3, 3, 1, 0, 3, 0, 0, 3, 3, 3, 1, 3, 0, 0, 1, 3, 3]"
213,D1,2011,Stuttgart,"[3, 1, 0, 0, 3, 3, 0, 3, 3, 1, 1, 0, 3, 0, 1, 0, 0, 0, 0, 1, 3, 0, 3, 3, 1, 3, 3, 1, 3, 3, 3, 1, 0, 3]"
214,D1,2011,Werder Bremen,"[3, 0, 3, 3, 3, 1, 3, 0, 0, 1, 3, 3, 0, 3, 0, 3, 0, 1, 1, 1, 1, 3, 0, 0, 3, 0, 1, 0, 1, 1, 0, 0, 0, 0]"
215,D1,2011,Wolfsburg,"[3, 0, 0, 0, 3, 0, 3, 0, 3, 1, 0, 0, 3, 0, 1, 0, 3, 3, 0, 1, 3, 0, 0, 1, 3, 3, 3, 3, 0, 0, 0, 1, 3, 0]"
216,D1,2012,Augsburg,"[0, 0, 1, 0, 0, 1, 3, 1, 0, 0, 0, 0, 1, 0, 1, 0, 1, 3, 1, 1, 1, 0, 3, 3, 0, 3, 0, 0, 3, 0, 3, 0, 0, 3]"
217,D1,2012,Bayern Munich,"[3, 3, 3, 3, 3, 3, 3, 3, 0, 3, 3, 1, 3, 3, 1, 3, 1, 3, 3, 3, 3, 3, 3, 3, 3, 3, 3, 3, 3, 3, 3, 1, 3, 3]"
218,D1,2012,Dortmund,"[3, 1, 3, 0, 1, 3, 1, 0, 3, 1, 3, 3, 3, 1, 1, 0, 3, 3, 3, 3, 0, 3, 1, 3, 0, 3, 3, 3, 3, 3, 3, 1, 1, 0]"
219,D1,2012,Ein Frankfurt,"[3, 3, 3, 3, 1, 3, 0, 3, 0, 1, 0, 3, 1, 0, 0, 3, 3, 0, 3, 3, 1, 0, 1, 0, 1, 0, 3, 0, 0, 3, 1, 3, 1, 1]"
220,D1,2012,Fortuna Dusseldorf,"[3, 1, 1, 1, 3, 1, 0, 0, 0, 0, 1, 0, 3, 1, 3, 0, 3, 0, 0, 3, 0, 3, 0, 1, 0, 1, 0, 0, 1, 0, 0, 0, 0, 0]"
221,D1,2012,Freiburg,"[1, 0, 3, 1, 0, 0, 3, 3, 0, 1, 1, 3, 3, 0, 1, 3, 3, 1, 1, 0, 3, 3, 1, 1, 0, 0, 3, 3, 3, 0, 0, 3, 3, 0]"
222,D1,2012,Greuther Furth,"[0, 3, 0, 1, 0, 0, 0, 1, 1, 1, 0, 0, 1, 0, 0, 0, 1, 0, 0, 3, 0, 0, 1, 1, 0, 1, 0, 0, 0, 3, 0, 3, 0, 0]"
223,D1,2012,Hamburg,"[0, 0, 0, 3, 1, 3, 3, 0, 3, 0, 1, 3, 0, 3, 1, 3, 0, 1, 3, 0, 3, 3, 0, 1, 3, 0, 0, 0, 3, 3, 0, 1, 3, 0]"
224,D1,2012,Hannover,"[1, 3, 3, 0, 3, 0, 1, 0, 0, 3, 3, 0, 0, 3, 0, 3, 0, 0, 3, 0, 3, 1, 3, 0, 1, 0, 3, 1, 0, 0, 3, 1, 0, 3]"
225,D1,2012,Hoffenheim,"[0, 0, 0, 3, 3, 1, 0, 1, 0, 3, 1, 0, 0, 0, 0, 0, 0, 1, 0, 3, 0, 0, 0, 0, 3, 1, 0, 3, 1, 0, 3, 1, 0, 3]"
226,D1,2012,Leverkusen,"[0, 3, 0, 1, 3, 3, 1, 1, 3, 3, 0, 3, 3, 3, 3, 0, 3, 3, 1, 0, 1, 3, 1, 3, 0, 0, 3, 1, 1, 3, 3, 3, 3, 3]"
227,D1,2012,MGladbach,"[3, 1, 0, 1, 1, 0, 3, 0, 3, 1, 3, 0, 1, 3, 1, 3, 1, 1, 3, 0, 1, 0, 1, 3, 1, 3, 0, 3, 0, 3, 0, 0, 3, 0]"
228,D1,2012,Mainz,"[1, 0, 0, 3, 0, 3, 3, 1, 3, 0, 3, 0, 0, 3, 3, 0, 3, 1, 3, 0, 1, 1, 1, 1, 3, 1, 1, 0, 0, 0, 1, 1, 0, 1]"
229,D1,2012,Nurnberg,"[3, 1, 3, 0, 0, 0, 0, 1, 0, 3, 0, 1, 1, 3, 0, 3, 1, 1, 0, 3, 1, 1, 1, 1, 3, 3, 1, 3, 0, 0, 0, 0, 3, 3]"
230,D1,2012,Schalke 04,"[1, 3, 3, 0, 3, 1, 3, 3, 3, 0, 3, 0, 1, 0, 1, 0, 0, 3, 1, 0, 0, 1, 3, 3, 3, 0, 3, 3, 1, 0, 3, 3, 0, 3]"
231,D1,2012,Stuttgart,"[0, 0, 1, 1, 0, 3, 1, 3, 3, 1, 0, 3, 0, 3, 3, 3, 0, 0, 0, 0, 0, 3, 1, 0, 0, 3, 0, 1, 3, 3, 0, 0, 3, 1]"
232,D1,2012,Werder Bremen,"[0, 3, 0, 1, 3, 0, 0, 3, 1, 3, 0, 3, 1, 0, 3, 0, 1, 0, 0, 3, 3, 0, 0, 0, 1, 1, 1, 0, 1, 0, 0, 1, 1, 0]"
233,D1,2012,Wolfsburg,"[3, 0, 1, 1, 0, 0, 0, 0, 3, 0, 3, 3, 1, 0, 1, 3, 0, 3, 0, 1, 3, 0, 1, 0, 3, 1, 1, 1, 1, 3, 3, 1, 1, 1]"
234,D1,2013,Augsburg,"[0, 0, 3, 3, 3, 0, 1, 0, 0, 0, 3, 0, 3, 1, 3, 3, 1, 1, 3, 3, 0, 3, 1, 3, 0, 1, 0, 0, 3, 0, 1, 3, 3, 3]"
235,D1,2013,Bayern Munich,"[3, 3, 3, 1, 3, 3, 3, 1, 3, 3, 3, 3, 3, 3, 3, 3, 3, 3, 3, 3, 3, 3, 3, 3, 3, 3, 3, 1, 0, 0, 3, 3, 3, 3]"
236,D1,2013,Braunschweig,"[0, 0, 0, 0, 1, 0, 0, 3, 0, 0, 3, 1, 0, 0, 0, 0, 3, 1, 0, 0, 3, 0, 1, 1, 1, 0, 3, 1, 3, 0, 0, 0, 0, 0]"
237,D1,2013,Dortmund,"[3, 3, 3, 3, 3, 1, 3, 0, 3, 3, 3, 0, 0, 3, 0, 1, 0, 1, 3, 3, 3, 0, 3, 3, 0, 3, 1, 3, 3, 3, 3, 1, 3, 3]"
238,D1,2013,Ein Frankfurt,"[0, 0, 3, 0, 3, 1, 1, 1, 1, 0, 0, 0, 1, 0, 0, 3, 1, 3, 0, 3, 0, 1, 3, 1, 0, 3, 3, 0, 3, 0, 0, 1, 0, 0]"
239,D1,2013,Freiburg,"[0, 0, 1, 1, 0, 1, 0, 1, 1, 0, 3, 0, 3, 0, 0, 0, 3, 3, 0, 1, 0, 0, 1, 0, 3, 3, 1, 3, 0, 3, 3, 1, 0, 0]"
240,D1,2013,Hamburg,"[1, 0, 0, 3, 0, 0, 1, 3, 1, 3, 0, 0, 3, 1, 0, 0, 0, 0, 0, 0, 0, 3, 0, 1, 3, 0, 1, 0, 3, 0, 0, 0, 0, 0]"
241,D1,2013,Hannover,"[3, 0, 3, 3, 0, 3, 0, 1, 0, 0, 0, 1, 0, 3, 0, 1, 0, 3, 3, 0, 0, 0, 1, 1, 3, 0, 0, 0, 0, 3, 3, 1, 3, 3]"
242,D1,2013,Hertha,"[3, 1, 3, 0, 0, 1, 3, 1, 3, 0, 0, 3, 0, 1, 3, 3, 3, 0, 0, 3, 0, 3, 1, 1, 0, 0, 0, 0, 1, 0, 1, 3, 0, 0]"
243,D1,2013,Hoffenheim,"[1, 3, 1, 0, 3, 0, 1, 1, 0, 3, 0, 0, 0, 1, 3, 1, 0, 0, 3, 1, 3, 1, 3, 0, 0, 3, 3, 1, 1, 3, 0, 1, 0, 3]"
244,D1,2013,Leverkusen,"[3, 3, 3, 0, 3, 3, 3, 1, 3, 3, 0, 3, 3, 3, 3, 0, 0, 0, 3, 3, 0, 0, 0, 1, 0, 0, 3, 1, 0, 3, 3, 1, 3, 3]"
245,D1,2013,MGladbach,"[0, 3, 0, 3, 0, 3, 1, 3, 0, 3, 3, 3, 3, 3, 3, 1, 1, 0, 0, 0, 1, 1, 1, 0, 3, 3, 0, 3, 3, 1, 0, 3, 3, 0]"
246,D1,2013,Mainz,"[3, 3, 3, 0, 0, 0, 0, 1, 0, 3, 0, 3, 3, 0, 1, 1, 3, 3, 3, 0, 3, 1, 3, 1, 3, 0, 0, 3, 0, 3, 0, 3, 0, 3]"
247,D1,2013,Nurnberg,"[1, 1, 0, 0, 1, 1, 1, 0, 1, 1, 0, 0, 1, 0, 1, 1, 1, 3, 3, 0, 3, 3, 0, 0, 0, 0, 3, 0, 0, 0, 0, 0, 0, 0]"
248,D1,2013,Schalke 04,"[1, 0, 0, 3, 3, 0, 1, 3, 3, 0, 3, 3, 1, 3, 0, 3, 1, 3, 3, 3, 3, 1, 0, 3, 3, 3, 1, 3, 1, 3, 0, 0, 3, 3]"
249,D1,2013,Stuttgart,"[0, 0, 0, 3, 3, 1, 3, 1, 1, 1, 0, 3, 0, 0, 3, 0, 0, 0, 0, 0, 0, 0, 0, 1, 1, 3, 0, 0, 3, 1, 3, 1, 0, 0]"
250,D1,2013,Werder Bremen,"[3, 3, 0, 0, 0, 3, 1, 1, 1, 0, 3, 0, 0, 1, 0, 0, 3, 1, 0, 0, 1, 1, 3, 3, 1, 0, 0, 3, 1, 0, 3, 0, 3, 0]"
251,D1,2013,Wolfsburg,"[0, 3, 0, 3, 0, 3, 0, 0, 3, 3, 3, 3, 1, 1, 3, 3, 1, 0, 0, 3, 3, 3, 0, 0, 1, 1, 3, 3, 0, 3, 3, 1, 3, 3]"
252,D1,2014,Augsburg,"[0, 0, 3, 3, 0, 3, 0, 0, 3, 0, 3, 3, 3, 3, 0, 0, 3, 3, 3, 1, 0, 1, 0, 3, 0, 0, 1, 0, 3, 0, 1, 3, 0, 3]"
253,D1,2014,Bayern Munich,"[3, 1, 3, 1, 3, 3, 3, 3, 1, 3, 3, 3, 3, 3, 3, 3, 3, 0, 1, 3, 3, 3, 3, 3, 3, 0, 3, 3, 3, 3, 0, 0, 0, 3]"
254,D1,2014,Dortmund,"[0, 3, 3, 0, 1, 0, 0, 0, 0, 0, 3, 1, 0, 3, 0, 1, 0, 1, 0, 3, 3, 3, 3, 1, 1, 3, 0, 0, 3, 3, 1, 3, 0, 3]"
255,D1,2014,Ein Frankfurt,"[3, 1, 0, 1, 1, 3, 3, 0, 0, 0, 0, 3, 3, 3, 0, 1, 1, 0, 1, 1, 3, 0, 3, 0, 3, 0, 1, 0, 1, 0, 0, 3, 1, 3]"
256,D1,2014,FC Koln,"[1, 3, 1, 1, 0, 0, 0, 3, 3, 0, 3, 0, 0, 0, 3, 1, 0, 3, 1, 1, 0, 1, 0, 3, 1, 1, 0, 3, 1, 1, 1, 3, 0, 1]"
257,D1,2014,Freiburg,"[0, 1, 0, 1, 1, 1, 1, 0, 0, 3, 3, 1, 0, 1, 1, 0, 1, 3, 0, 0, 3, 1, 0, 0, 0, 3, 3, 1, 0, 1, 0, 1, 3, 0]"
258,D1,2014,Hamburg,"[1, 0, 0, 1, 0, 0, 3, 1, 0, 3, 0, 3, 0, 3, 1, 0, 1, 0, 3, 3, 0, 1, 0, 1, 0, 0, 0, 0, 0, 3, 3, 1, 0, 3]"
259,D1,2014,Hannover,"[3, 1, 3, 0, 3, 0, 0, 0, 3, 3, 3, 0, 0, 0, 1, 3, 1, 0, 1, 0, 0, 1, 1, 0, 0, 0, 1, 1, 0, 0, 1, 1, 3, 3]"
260,D1,2014,Hertha,"[1, 0, 0, 1, 3, 0, 3, 0, 3, 0, 0, 3, 0, 0, 3, 1, 0, 0, 0, 3, 0, 0, 3, 1, 1, 3, 3, 1, 1, 0, 0, 0, 1, 0]"
261,D1,2014,Hoffenheim,"[3, 1, 1, 3, 1, 1, 3, 1, 3, 0, 0, 0, 3, 0, 3, 0, 3, 0, 0, 0, 3, 1, 3, 0, 3, 1, 0, 0, 0, 3, 1, 0, 0, 3]"
262,D1,2014,Leverkusen,"[3, 3, 1, 0, 3, 1, 1, 1, 3, 0, 1, 3, 3, 0, 1, 3, 1, 1, 3, 0, 0, 1, 3, 3, 3, 3, 3, 3, 3, 1, 3, 0, 3, 0]"
263,D1,2014,MGladbach,"[1, 1, 3, 1, 3, 3, 1, 3, 1, 3, 0, 0, 0, 3, 1, 3, 0, 3, 3, 0, 3, 1, 3, 1, 3, 3, 3, 3, 1, 3, 3, 3, 3, 0]"
264,D1,2014,Mainz,"[1, 1, 3, 3, 1, 1, 1, 3, 0, 0, 1, 1, 0, 0, 1, 1, 0, 3, 1, 0, 0, 3, 0, 1, 3, 1, 1, 0, 3, 3, 0, 0, 3, 0]"
265,D1,2014,Paderborn,"[1, 3, 1, 3, 0, 0, 1, 3, 0, 3, 0, 1, 0, 1, 1, 0, 1, 0, 0, 1, 3, 0, 0, 0, 0, 1, 0, 3, 0, 1, 3, 0, 0, 0]"
266,D1,2014,Schalke 04,"[0, 1, 0, 1, 3, 3, 0, 3, 0, 3, 0, 3, 3, 3, 0, 3, 1, 3, 1, 3, 0, 1, 0, 3, 1, 0, 1, 1, 1, 0, 3, 0, 3, 0]"
267,D1,2014,Stuttgart,"[1, 0, 0, 0, 1, 3, 0, 1, 3, 0, 0, 0, 3, 0, 1, 3, 1, 0, 1, 0, 0, 0, 1, 1, 0, 3, 0, 3, 0, 1, 0, 3, 3, 3]"
268,D1,2014,Werder Bremen,"[1, 1, 1, 0, 0, 0, 1, 0, 0, 3, 3, 0, 3, 0, 1, 0, 3, 3, 3, 3, 3, 1, 0, 3, 0, 1, 1, 0, 3, 1, 3, 1, 0, 0]"
269,D1,2014,Wolfsburg,"[0, 1, 1, 3, 0, 3, 3, 3, 3, 3, 3, 0, 3, 3, 1, 1, 3, 3, 1, 3, 3, 3, 3, 0, 3, 1, 3, 3, 1, 0, 1, 3, 3, 1]"
270,D1,2015,Augsburg,"[0, 1, 0, 0, 3, 0, 0, 1, 0, 0, 1, 0, 3, 1, 3, 3, 3, 1, 1, 0, 0, 3, 1, 0, 1, 1, 0, 0, 3, 3, 3, 1, 1, 0]"
271,D1,2015,Bayern Munich,"[3, 3, 3, 3, 3, 3, 3, 3, 3, 3, 1, 3, 3, 3, 0, 3, 3, 3, 3, 1, 3, 3, 3, 0, 1, 3, 3, 3, 3, 3, 3, 1, 3, 3]"
272,D1,2015,Darmstadt,"[1, 1, 1, 3, 0, 3, 1, 0, 3, 0, 0, 1, 0, 1, 3, 0, 0, 3, 0, 3, 0, 0, 1, 0, 1, 1, 1, 1, 3, 3, 0, 0, 3, 0]"
273,D1,2015,Dortmund,"[3, 3, 3, 3, 3, 1, 1, 0, 3, 3, 3, 3, 0, 3, 3, 3, 0, 3, 3, 1, 3, 3, 3, 3, 1, 3, 3, 3, 1, 3, 3, 3, 0, 1]"
274,D1,2015,Ein Frankfurt,"[0, 1, 3, 3, 1, 0, 1, 0, 0, 3, 1, 1, 0, 0, 0, 0, 3, 3, 1, 0, 0, 1, 1, 0, 1, 0, 3, 0, 0, 0, 3, 3, 3, 0]"
275,D1,2015,FC Koln,"[3, 1, 3, 0, 3, 0, 1, 3, 0, 0, 1, 3, 1, 1, 0, 1, 3, 0, 1, 1, 3, 0, 0, 1, 0, 3, 0, 1, 0, 3, 3, 1, 1, 1]"
276,D1,2015,Hamburg,"[0, 3, 0, 3, 1, 3, 0, 0, 1, 3, 0, 1, 3, 3, 0, 1, 0, 0, 0, 1, 3, 1, 1, 0, 3, 0, 0, 3, 0, 0, 3, 1, 0, 3]"
277,D1,2015,Hannover,"[1, 0, 0, 0, 0, 0, 1, 3, 3, 0, 3, 0, 0, 3, 0, 0, 0, 0, 0, 0, 0, 0, 3, 0, 0, 0, 0, 0, 1, 3, 1, 0, 3, 0]"
278,D1,2015,Hertha,"[3, 1, 0, 3, 0, 3, 1, 3, 0, 3, 0, 3, 3, 0, 3, 3, 3, 1, 1, 1, 0, 1, 3, 3, 0, 3, 3, 0, 1, 0, 0, 0, 0, 1]"
279,D1,2015,Hoffenheim,"[0, 0, 1, 0, 0, 1, 3, 1, 0, 0, 1, 1, 0, 1, 1, 3, 0, 1, 0, 0, 1, 3, 0, 3, 0, 3, 3, 1, 3, 3, 0, 3, 0, 0]"
280,D1,2015,Ingolstadt,"[3, 0, 3, 1, 3, 0, 1, 3, 0, 0, 1, 1, 3, 0, 1, 0, 0, 3, 0, 3, 0, 3, 1, 1, 1, 1, 0, 3, 3, 0, 1, 0, 0, 0]"
281,D1,2015,Leverkusen,"[3, 3, 0, 0, 0, 3, 3, 1, 1, 3, 0, 0, 3, 1, 0, 3, 3, 1, 3, 1, 3, 0, 0, 0, 1, 3, 3, 3, 3, 3, 3, 3, 0, 3]"
282,D1,2015,MGladbach,"[0, 0, 0, 0, 0, 3, 3, 3, 3, 3, 3, 1, 3, 1, 3, 0, 3, 0, 0, 3, 0, 3, 1, 3, 0, 3, 0, 3, 0, 0, 3, 1, 3, 3]"
283,D1,2015,Mainz,"[0, 3, 3, 0, 3, 0, 0, 3, 0, 0, 1, 3, 1, 3, 3, 1, 0, 0, 3, 3, 3, 0, 3, 3, 1, 0, 1, 3, 1, 0, 0, 1, 3, 1]"
284,D1,2015,Schalke 04,"[3, 1, 0, 3, 3, 3, 3, 0, 3, 0, 1, 0, 0, 1, 3, 0, 3, 0, 3, 3, 0, 1, 1, 3, 3, 0, 3, 0, 1, 0, 0, 3, 1, 3]"
285,D1,2015,Stuttgart,"[0, 0, 0, 0, 0, 3, 0, 1, 3, 0, 3, 0, 0, 0, 1, 1, 3, 3, 3, 3, 3, 1, 0, 0, 3, 1, 0, 1, 0, 0, 0, 0, 0, 0]"
286,D1,2015,Werder Bremen,"[0, 1, 3, 3, 0, 0, 0, 0, 0, 3, 0, 3, 0, 0, 1, 1, 0, 3, 1, 0, 1, 0, 1, 3, 3, 0, 1, 0, 0, 3, 0, 3, 1, 3]"
287,D1,2015,Wolfsburg,"[3, 1, 3, 1, 3, 0, 1, 0, 3, 3, 3, 0, 3, 1, 0, 1, 0, 0, 1, 0, 3, 1, 0, 3, 3, 0, 1, 0, 1, 0, 0, 0, 3, 3]"
288,D1,2016,Augsburg,"[0, 3, 0, 1, 3, 0, 1, 0, 0, 3, 1, 1, 1, 0, 3, 1, 0, 3, 3, 0, 0, 3, 1, 0, 1, 0, 0, 0, 3, 0, 3, 1, 1, 1]"
289,D1,2016,Bayern Munich,"[3, 3, 3, 3, 3, 1, 1, 3, 3, 1, 0, 3, 3, 3, 3, 3, 3, 3, 1, 3, 1, 3, 3, 3, 3, 3, 0, 3, 1, 1, 3, 3, 3, 3]"
290,D1,2016,Darmstadt,"[0, 3, 0, 1, 0, 1, 0, 3, 0, 0, 0, 0, 0, 0, 0, 0, 1, 0, 0, 3, 0, 0, 0, 3, 0, 0, 0, 0, 3, 3, 3, 0, 0, 1]"
291,D1,2016,Dortmund,"[3, 0, 3, 3, 3, 0, 1, 1, 1, 3, 3, 0, 3, 1, 1, 1, 3, 1, 3, 0, 3, 3, 3, 0, 3, 1, 3, 0, 3, 3, 1, 3, 1, 3]"
292,D1,2016,Ein Frankfurt,"[3, 0, 3, 3, 1, 0, 1, 3, 1, 3, 3, 3, 1, 1, 0, 3, 0, 3, 3, 0, 0, 0, 0, 0, 1, 1, 0, 1, 0, 3, 0, 0, 0, 1]"
293,D1,2016,FC Koln,"[3, 1, 3, 3, 1, 1, 3, 0, 3, 0, 3, 1, 0, 1, 1, 1, 1, 3, 3, 0, 1, 0, 0, 1, 3, 0, 3, 0, 0, 1, 1, 3, 1, 3]"
294,D1,2016,Freiburg,"[0, 3, 0, 3, 0, 3, 0, 3, 3, 0, 0, 0, 1, 3, 1, 3, 0, 3, 0, 3, 1, 0, 3, 1, 1, 0, 3, 3, 0, 3, 0, 3, 1, 0]"
295,D1,2016,Hamburg,"[1, 0, 0, 0, 0, 0, 1, 0, 0, 0, 1, 1, 3, 3, 0, 3, 0, 0, 3, 3, 1, 0, 3, 3, 1, 3, 0, 3, 0, 0, 0, 1, 1, 3]"
296,D1,2016,Hertha,"[3, 3, 3, 0, 1, 3, 1, 3, 0, 3, 1, 3, 3, 0, 0, 3, 0, 0, 3, 0, 1, 3, 0, 3, 0, 0, 0, 3, 0, 3, 0, 0, 3, 0]"
297,D1,2016,Hoffenheim,"[1, 1, 1, 1, 3, 3, 3, 3, 3, 1, 1, 1, 3, 1, 1, 1, 3, 0, 3, 0, 3, 1, 3, 1, 3, 3, 3, 0, 3, 1, 3, 0, 3, 1]"
298,D1,2016,Ingolstadt,"[1, 0, 0, 0, 0, 0, 0, 1, 0, 0, 3, 1, 0, 3, 3, 0, 0, 3, 0, 0, 3, 0, 0, 1, 0, 3, 3, 3, 0, 0, 1, 1, 1, 1]"
299,D1,2016,Leverkusen,"[0, 3, 0, 1, 3, 3, 0, 0, 3, 3, 0, 0, 1, 3, 0, 1, 3, 0, 0, 3, 3, 0, 0, 1, 0, 1, 3, 0, 1, 0, 0, 1, 1, 3]"
300,D1,2016,MGladbach,"[3, 0, 3, 1, 3, 0, 1, 0, 1, 0, 0, 1, 0, 3, 0, 0, 1, 3, 3, 3, 0, 3, 3, 0, 0, 1, 3, 3, 0, 0, 3, 1, 1, 1]"
301,D1,2016,Mainz,"[0, 1, 3, 3, 0, 1, 3, 0, 3, 0, 3, 0, 0, 0, 3, 0, 1, 1, 0, 3, 0, 3, 1, 0, 0, 0, 0, 0, 3, 1, 0, 1, 3, 0]"
302,D1,2016,RB Leipzig,"[1, 3, 3, 1, 1, 3, 3, 3, 3, 3, 3, 3, 3, 0, 3, 0, 3, 3, 0, 0, 3, 3, 1, 0, 0, 3, 3, 3, 3, 1, 1, 3, 0, 1]"
303,D1,2016,Schalke 04,"[0, 0, 0, 0, 0, 3, 1, 3, 1, 3, 3, 3, 0, 0, 1, 0, 3, 0, 1, 3, 1, 1, 0, 3, 3, 1, 0, 3, 0, 1, 3, 0, 1, 1]"
304,D1,2016,Werder Bremen,"[0, 0, 0, 0, 3, 1, 3, 0, 0, 0, 0, 1, 3, 3, 1, 1, 0, 0, 0, 0, 3, 3, 3, 1, 3, 3, 3, 1, 3, 3, 3, 0, 0, 0]"
305,D1,2016,Wolfsburg,"[3, 1, 1, 0, 0, 1, 0, 0, 0, 3, 0, 1, 0, 0, 3, 3, 3, 0, 0, 3, 0, 0, 1, 3, 3, 1, 0, 0, 3, 0, 0, 3, 1, 0]"
306,D1,2017,Augsburg,"[0, 1, 3, 3, 3, 1, 0, 1, 0, 3, 1, 0, 3, 3, 1, 0, 1, 3, 0, 1, 3, 0, 0, 1, 0, 3, 0, 1, 0, 1, 3, 1, 0, 0]"
307,D1,2017,Bayern Munich,"[3, 3, 0, 3, 3, 1, 1, 3, 3, 3, 3, 3, 0, 3, 3, 3, 3, 3, 3, 3, 3, 3, 3, 1, 3, 3, 0, 3, 3, 3, 3, 3, 3, 0]"
308,D1,2017,Dortmund,"[3, 3, 1, 3, 3, 3, 3, 0, 1, 0, 0, 0, 1, 1, 0, 3, 3, 1, 1, 1, 3, 3, 3, 1, 1, 3, 3, 0, 3, 0, 3, 1, 0, 0]"
309,D1,2017,Ein Frankfurt,"[1, 0, 3, 0, 3, 0, 3, 3, 1, 1, 3, 1, 0, 3, 0, 3, 1, 1, 3, 3, 0, 3, 3, 0, 3, 0, 3, 0, 1, 0, 0, 0, 3, 0]"
310,D1,2017,FC Koln,"[0, 0, 0, 0, 0, 1, 0, 0, 1, 0, 0, 0, 0, 1, 0, 0, 3, 3, 3, 1, 0, 0, 1, 3, 0, 0, 3, 0, 1, 0, 1, 0, 0, 0]"
311,D1,2017,Freiburg,"[1, 0, 1, 0, 1, 1, 3, 0, 1, 0, 0, 0, 3, 1, 3, 3, 1, 1, 3, 1, 1, 0, 3, 1, 0, 1, 0, 0, 0, 0, 0, 3, 0, 3]"
312,D1,2017,Hamburg,"[3, 3, 0, 0, 0, 0, 1, 0, 0, 0, 3, 0, 3, 1, 1, 0, 0, 0, 0, 1, 1, 0, 0, 0, 1, 0, 0, 1, 3, 0, 3, 3, 0, 3]"
313,D1,2017,Hannover,"[3, 3, 1, 3, 1, 1, 0, 0, 3, 3, 0, 0, 1, 0, 3, 0, 1, 3, 1, 0, 1, 3, 1, 0, 0, 0, 0, 0, 3, 1, 0, 0, 3, 0]"
314,D1,2017,Hertha,"[3, 0, 1, 1, 3, 0, 1, 0, 1, 3, 1, 0, 3, 0, 1, 3, 3, 0, 1, 1, 1, 3, 0, 1, 0, 1, 3, 1, 0, 3, 3, 1, 0, 0]"
315,D1,2017,Hoffenheim,"[3, 1, 3, 1, 3, 3, 0, 1, 1, 0, 3, 1, 0, 3, 0, 3, 0, 1, 0, 0, 1, 3, 0, 1, 3, 3, 1, 3, 1, 3, 3, 3, 0, 3]"
316,D1,2017,Leverkusen,"[0, 1, 0, 3, 0, 3, 1, 1, 3, 3, 1, 1, 3, 1, 3, 3, 1, 0, 3, 3, 1, 0, 3, 0, 3, 3, 0, 1, 3, 3, 0, 0, 1, 3]"
317,D1,2017,MGladbach,"[3, 1, 0, 1, 3, 0, 3, 3, 0, 3, 1, 3, 3, 0, 1, 0, 3, 0, 3, 0, 0, 0, 0, 3, 1, 0, 1, 1, 3, 0, 3, 1, 3, 0]"
318,D1,2017,Mainz,"[0, 0, 3, 0, 0, 3, 1, 3, 0, 1, 1, 3, 0, 0, 1, 0, 1, 0, 3, 0, 0, 0, 3, 1, 1, 0, 0, 1, 1, 3, 0, 3, 3, 0]"
319,D1,2017,RB Leipzig,"[0, 3, 3, 1, 0, 3, 3, 3, 3, 0, 3, 1, 3, 0, 1, 1, 0, 3, 0, 1, 3, 3, 0, 0, 1, 1, 3, 3, 0, 1, 0, 0, 3, 3]"
320,D1,2017,Schalke 04,"[3, 0, 3, 3, 0, 0, 1, 3, 3, 1, 3, 3, 1, 1, 1, 3, 1, 0, 1, 3, 0, 0, 3, 3, 3, 3, 3, 3, 0, 3, 1, 1, 3, 3]"
321,D1,2017,Stuttgart,"[0, 3, 0, 3, 0, 1, 0, 3, 0, 3, 0, 3, 1, 0, 0, 0, 0, 3, 0, 0, 1, 3, 3, 3, 3, 1, 3, 1, 0, 1, 3, 3, 3, 3]"
322,D1,2017,Werder Bremen,"[0, 0, 1, 0, 1, 1, 1, 0, 1, 0, 0, 3, 0, 3, 3, 0, 1, 1, 0, 1, 3, 3, 0, 3, 1, 3, 3, 3, 0, 1, 0, 1, 1, 3]"
323,D1,2017,Wolfsburg,"[0, 3, 1, 0, 1, 1, 1, 1, 1, 1, 1, 3, 0, 3, 1, 1, 0, 1, 0, 3, 1, 0, 0, 1, 0, 0, 0, 1, 3, 1, 0, 0, 0, 3]"
324,D1,2018,Augsburg,"[3, 1, 0, 0, 1, 3, 0, 1, 3, 1, 0, 0, 0, 0, 1, 1, 0, 0, 0, 3, 0, 0, 0, 3, 1, 3, 0, 0, 3, 3, 0, 1, 0, 0]"
325,D1,2018,Bayern Munich,"[3, 3, 3, 3, 1, 0, 0, 3, 3, 1, 0, 1, 3, 3, 3, 3, 3, 3, 3, 0, 3, 3, 3, 3, 3, 3, 1, 3, 3, 3, 1, 3, 1, 3]"
326,D1,2018,Dortmund,"[3, 1, 3, 1, 3, 3, 3, 3, 1, 3, 3, 3, 3, 3, 3, 0, 3, 3, 3, 1, 1, 1, 3, 0, 3, 3, 3, 0, 3, 3, 0, 1, 3, 3]"
327,D1,2018,Ein Frankfurt,"[3, 0, 0, 1, 0, 3, 3, 3, 1, 3, 3, 3, 0, 0, 3, 1, 0, 3, 1, 1, 1, 1, 3, 3, 3, 3, 3, 3, 0, 1, 1, 0, 0, 0]"
328,D1,2018,Fortuna Dusseldorf,"[0, 1, 3, 1, 0, 0, 0, 0, 0, 0, 3, 1, 0, 0, 3, 3, 3, 3, 0, 1, 3, 0, 3, 3, 0, 0, 3, 3, 0, 0, 3, 1, 0, 3]"
329,D1,2018,Freiburg,"[0, 0, 1, 3, 3, 0, 1, 1, 3, 1, 0, 1, 0, 3, 0, 1, 3, 0, 0, 1, 1, 1, 3, 0, 3, 1, 1, 0, 0, 0, 0, 1, 0, 3]"
330,D1,2018,Hannover,"[1, 1, 0, 0, 0, 0, 3, 1, 0, 0, 3, 0, 0, 1, 0, 1, 0, 0, 0, 0, 3, 0, 0, 0, 0, 0, 0, 0, 0, 1, 3, 0, 3, 0]"
331,D1,2018,Hertha,"[3, 3, 1, 3, 0, 3, 1, 1, 1, 0, 0, 1, 3, 3, 0, 1, 0, 3, 1, 0, 3, 1, 0, 3, 0, 0, 0, 0, 0, 1, 1, 3, 3, 0]"
332,D1,2018,Hoffenheim,"[0, 3, 0, 1, 3, 0, 0, 3, 3, 3, 3, 1, 1, 1, 1, 1, 1, 0, 3, 1, 1, 3, 1, 0, 3, 1, 3, 3, 3, 3, 0, 1, 0, 0]"
333,D1,2018,Leverkusen,"[0, 0, 0, 3, 3, 0, 1, 1, 3, 0, 0, 3, 1, 3, 0, 3, 3, 0, 3, 3, 3, 3, 0, 3, 3, 0, 0, 0, 3, 3, 3, 3, 1, 3]"
334,D1,2018,MGladbach,"[3, 1, 3, 0, 3, 1, 3, 3, 0, 3, 3, 3, 0, 3, 1, 3, 0, 3, 3, 3, 0, 1, 0, 0, 3, 1, 0, 1, 3, 0, 0, 1, 3, 0]"
335,D1,2018,Mainz,"[3, 1, 3, 0, 1, 0, 1, 0, 0, 3, 3, 0, 3, 1, 0, 1, 1, 3, 3, 0, 0, 0, 3, 0, 0, 0, 0, 3, 0, 3, 0, 1, 3, 3]"
336,D1,2018,Nurnberg,"[0, 1, 1, 3, 0, 3, 0, 0, 1, 1, 0, 0, 1, 0, 0, 0, 0, 0, 0, 1, 0, 1, 0, 0, 0, 0, 3, 1, 1, 0, 1, 0, 0, 0]"
337,D1,2018,RB Leipzig,"[0, 1, 3, 1, 3, 3, 3, 1, 1, 3, 3, 0, 3, 0, 3, 0, 3, 0, 3, 3, 1, 3, 1, 3, 1, 3, 3, 3, 3, 3, 3, 1, 1, 0]"
338,D1,2018,Schalke 04,"[0, 0, 0, 0, 0, 3, 3, 0, 1, 3, 0, 3, 1, 0, 1, 0, 3, 3, 1, 0, 0, 1, 0, 0, 0, 0, 3, 0, 1, 0, 3, 1, 1, 1]"
339,D1,2018,Stuttgart,"[0, 0, 1, 1, 0, 3, 0, 0, 0, 0, 3, 0, 3, 0, 3, 0, 0, 0, 0, 1, 0, 0, 1, 3, 0, 1, 0, 1, 0, 0, 3, 0, 3, 1]"
340,D1,2018,Werder Bremen,"[1, 3, 1, 3, 3, 0, 3, 3, 0, 0, 0, 1, 0, 3, 0, 1, 0, 3, 1, 1, 3, 1, 1, 1, 3, 3, 3, 1, 3, 0, 0, 1, 3, 3]"
341,D1,2018,Wolfsburg,"[3, 3, 1, 0, 1, 1, 0, 0, 3, 0, 0, 3, 3, 1, 3, 3, 3, 0, 0, 3, 1, 3, 3, 1, 0, 3, 0, 3, 0, 1, 3, 3, 0, 3]"
342,D1,2019,Augsburg,"[0, 1, 0, 3, 1, 0, 0, 1, 1, 0, 3, 3, 1, 3, 3, 3, 0, 0, 0, 3, 0, 1, 0, 0, 0, 0, 3, 1, 0, 1, 3, 0, 1, 0]"
343,D1,2019,Bayern Munich,"[1, 3, 3, 1, 3, 3, 0, 1, 3, 0, 3, 3, 0, 0, 3, 3, 3, 3, 3, 3, 1, 3, 3, 3, 3, 3, 3, 3, 3, 3, 3, 3, 3, 3]"
344,D1,2019,Dortmund,"[3, 3, 0, 3, 1, 1, 1, 3, 1, 3, 0, 1, 3, 3, 3, 1, 0, 3, 3, 3, 0, 3, 3, 3, 3, 3, 3, 0, 3, 3, 3, 0, 3, 0]"
345,D1,2019,Ein Frankfurt,"[3, 0, 3, 0, 1, 3, 1, 3, 0, 3, 0, 0, 0, 1, 0, 0, 0, 3, 3, 1, 3, 0, 0, 0, 0, 0, 1, 3, 3, 0, 3, 3, 1, 3]"
346,D1,2019,FC Koln,"[0, 0, 3, 0, 0, 0, 1, 3, 0, 0, 0, 0, 1, 0, 3, 3, 3, 3, 0, 3, 0, 3, 3, 3, 0, 1, 1, 0, 0, 1, 0, 0, 1, 0]"
347,D1,2019,Fortuna Dusseldorf,"[3, 0, 0, 1, 0, 0, 0, 3, 0, 3, 1, 0, 1, 0, 0, 0, 3, 0, 0, 1, 1, 0, 3, 1, 1, 1, 1, 3, 0, 1, 0, 1, 1, 0]"
348,D1,2019,Freiburg,"[3, 3, 0, 3, 1, 3, 1, 0, 3, 1, 3, 1, 0, 3, 0, 0, 1, 3, 0, 0, 3, 1, 0, 0, 3, 1, 0, 1, 0, 3, 1, 3, 0, 3]"
349,D1,2019,Hertha,"[1, 0, 0, 0, 3, 3, 3, 1, 0, 0, 0, 0, 0, 1, 3, 3, 1, 0, 3, 1, 0, 3, 0, 1, 1, 3, 3, 1, 3, 0, 0, 0, 3, 0]"
350,D1,2019,Hoffenheim,"[0, 3, 1, 0, 1, 0, 3, 3, 3, 3, 3, 0, 1, 0, 0, 3, 3, 0, 3, 3, 0, 0, 1, 0, 1, 0, 1, 3, 3, 1, 0, 3, 3, 3]"
351,D1,2019,Leverkusen,"[3, 3, 1, 0, 3, 3, 1, 0, 1, 0, 3, 1, 3, 3, 0, 0, 3, 3, 3, 0, 3, 3, 3, 1, 3, 3, 3, 0, 3, 0, 1, 3, 0, 3]"
352,D1,2019,MGladbach,"[1, 3, 0, 3, 3, 3, 3, 0, 3, 3, 3, 0, 3, 3, 0, 3, 1, 0, 3, 1, 3, 1, 3, 0, 3, 3, 0, 1, 3, 0, 0, 3, 3, 3]"
353,D1,2019,Mainz,"[0, 0, 0, 3, 0, 0, 3, 0, 3, 0, 0, 3, 3, 0, 0, 3, 0, 0, 0, 0, 3, 1, 0, 3, 1, 1, 0, 1, 0, 3, 0, 3, 3, 0]"
354,D1,2019,Paderborn,"[0, 0, 1, 0, 0, 0, 0, 0, 3, 0, 0, 1, 0, 3, 1, 0, 3, 0, 3, 0, 1, 0, 0, 0, 0, 1, 1, 1, 0, 1, 0, 0, 0, 0]"
355,D1,2019,RB Leipzig,"[3, 3, 3, 1, 3, 0, 1, 1, 0, 3, 3, 3, 3, 3, 3, 1, 3, 3, 0, 1, 1, 3, 3, 1, 1, 1, 3, 1, 3, 1, 3, 1, 0, 3]"
356,D1,2019,Schalke 04,"[1, 0, 3, 3, 3, 3, 1, 0, 1, 3, 1, 3, 3, 0, 3, 1, 1, 3, 0, 1, 1, 1, 0, 0, 1, 0, 0, 0, 0, 1, 1, 0, 0, 0]"
357,D1,2019,Union Berlin,"[0, 1, 3, 0, 0, 0, 0, 3, 0, 3, 3, 3, 0, 3, 1, 0, 0, 0, 3, 0, 3, 0, 3, 1, 0, 0, 0, 1, 0, 1, 3, 3, 0, 3]"
358,D1,2019,Werder Bremen,"[0, 0, 3, 3, 0, 1, 1, 1, 1, 1, 0, 0, 3, 0, 0, 0, 0, 3, 0, 0, 0, 0, 0, 1, 0, 3, 1, 3, 0, 0, 3, 0, 0, 3]"
359,D1,2019,Wolfsburg,"[3, 3, 1, 1, 1, 3, 3, 1, 1, 0, 0, 3, 0, 0, 3, 1, 0, 0, 0, 3, 1, 3, 3, 1, 1, 3, 0, 3, 0, 3, 1, 0, 3, 0]"
360,D1,2020,Augsburg,"[3, 3, 1, 0, 0, 3, 0, 1, 1, 0, 1, 3, 0, 3, 0, 0, 0, 3, 0, 0, 0, 1, 3, 0, 3, 0, 3, 0, 1, 0, 0, 0, 3, 0]"
361,D1,2020,Bayern Munich,"[3, 0, 3, 3, 3, 3, 3, 1, 3, 1, 1, 3, 3, 3, 0, 3, 3, 3, 3, 3, 1, 0, 3, 3, 3, 3, 3, 1, 3, 3, 0, 3, 1, 3]"
362,D1,2020,Bielefeld,"[1, 3, 0, 0, 0, 0, 0, 0, 0, 3, 0, 0, 3, 0, 3, 1, 3, 0, 0, 1, 0, 0, 1, 0, 3, 0, 1, 3, 1, 3, 0, 1, 1, 3]"
363,D1,2020,Dortmund,"[3, 0, 3, 3, 3, 3, 0, 3, 0, 1, 0, 3, 0, 3, 3, 1, 0, 0, 3, 0, 1, 3, 3, 0, 3, 1, 0, 3, 3, 3, 3, 3, 3, 3]"
364,D1,2020,Ein Frankfurt,"[1, 3, 3, 1, 0, 1, 1, 1, 1, 1, 0, 1, 3, 3, 3, 3, 1, 3, 3, 3, 3, 3, 0, 1, 1, 3, 3, 3, 0, 3, 0, 1, 0, 3]"
365,D1,2020,FC Koln,"[0, 0, 0, 1, 1, 0, 1, 0, 3, 1, 3, 0, 1, 0, 0, 1, 3, 0, 3, 3, 0, 0, 0, 1, 0, 1, 0, 0, 0, 3, 3, 0, 1, 3]"
366,D1,2020,Freiburg,"[3, 1, 0, 1, 1, 0, 0, 0, 1, 1, 3, 3, 3, 3, 3, 0, 1, 3, 0, 3, 1, 0, 3, 0, 0, 3, 0, 0, 3, 1, 0, 3, 1, 0]"
367,D1,2020,Hertha,"[3, 0, 0, 0, 0, 1, 3, 0, 1, 3, 1, 1, 0, 3, 0, 1, 0, 0, 0, 0, 1, 0, 0, 3, 0, 3, 1, 1, 1, 3, 1, 3, 1, 0]"
368,D1,2020,Hoffenheim,"[3, 3, 0, 0, 1, 0, 0, 1, 1, 3, 0, 0, 3, 0, 0, 1, 3, 3, 0, 0, 1, 3, 1, 3, 0, 0, 0, 1, 1, 3, 1, 3, 1, 3]"
369,D1,2020,Leverkusen,"[1, 1, 1, 3, 3, 3, 3, 3, 1, 3, 3, 3, 0, 0, 1, 0, 3, 0, 0, 3, 1, 1, 0, 3, 0, 0, 3, 1, 3, 0, 3, 1, 1, 0]"
370,D1,2020,MGladbach,"[0, 1, 3, 1, 3, 3, 0, 1, 3, 1, 1, 1, 0, 3, 3, 1, 3, 3, 1, 0, 1, 0, 0, 0, 0, 3, 3, 1, 3, 0, 3, 0, 0, 3]"
371,D1,2020,Mainz,"[0, 0, 0, 0, 0, 0, 1, 3, 1, 0, 0, 1, 0, 0, 0, 1, 0, 3, 0, 3, 1, 3, 0, 1, 3, 3, 1, 3, 3, 3, 1, 1, 0, 3]"
372,D1,2020,RB Leipzig,"[3, 1, 3, 3, 3, 0, 3, 1, 3, 1, 3, 3, 1, 3, 0, 1, 3, 0, 3, 3, 3, 3, 3, 3, 1, 3, 0, 3, 1, 0, 3, 0, 1, 0]"
373,D1,2020,Schalke 04,"[0, 0, 0, 1, 0, 1, 1, 0, 0, 0, 1, 0, 0, 0, 3, 0, 0, 0, 1, 0, 1, 0, 0, 1, 0, 0, 0, 3, 0, 0, 0, 0, 3, 0]"
374,D1,2020,Stuttgart,"[0, 3, 1, 3, 1, 1, 1, 1, 0, 3, 3, 1, 0, 0, 3, 1, 0, 0, 3, 0, 1, 3, 3, 1, 3, 0, 3, 0, 0, 0, 0, 3, 3, 0]"
375,D1,2020,Union Berlin,"[0, 1, 3, 1, 1, 3, 3, 3, 1, 0, 1, 1, 3, 3, 1, 3, 0, 0, 1, 0, 1, 3, 1, 1, 3, 0, 1, 1, 3, 0, 3, 0, 1, 3]"
376,D1,2020,Werder Bremen,"[0, 3, 3, 1, 1, 1, 1, 1, 0, 0, 0, 0, 3, 0, 1, 3, 0, 3, 1, 1, 0, 3, 1, 3, 0, 0, 0, 0, 0, 0, 0, 1, 0, 0]"
377,D1,2020,Wolfsburg,"[1, 1, 1, 1, 3, 1, 3, 3, 3, 1, 3, 0, 3, 0, 1, 1, 3, 3, 3, 3, 1, 3, 3, 0, 3, 3, 3, 0, 0, 3, 0, 3, 1, 0]"
378,D1,2021,Augsburg,"[0, 1, 0, 1, 3, 0, 0, 1, 0, 3, 0, 3, 1, 0, 3, 1, 1, 0, 1, 0, 3, 0, 0, 1, 3, 0, 3, 3, 0, 0, 3, 0, 0, 3]"
379,D1,2021,Bayern Munich,"[1, 3, 3, 3, 3, 3, 0, 3, 3, 3, 3, 0, 3, 3, 3, 3, 3, 0, 3, 3, 3, 0, 3, 3, 1, 1, 3, 3, 3, 3, 3, 0, 1, 1]"
380,D1,2021,Bielefeld,"[1, 1, 1, 0, 1, 0, 0, 1, 0, 0, 3, 1, 0, 1, 0, 3, 3, 1, 1, 3, 1, 0, 3, 0, 0, 0, 0, 1, 0, 0, 0, 1, 0, 1]"
381,D1,2021,Bochum,"[0, 3, 0, 0, 0, 1, 0, 3, 3, 0, 3, 0, 3, 3, 1, 0, 0, 3, 0, 1, 1, 3, 1, 0, 3, 0, 0, 3, 1, 0, 0, 3, 3, 0]"
382,D1,2021,Dortmund,"[3, 0, 3, 3, 3, 0, 3, 3, 3, 3, 0, 3, 3, 0, 1, 3, 0, 3, 3, 3, 0, 3, 3, 1, 3, 3, 1, 0, 3, 3, 0, 0, 3, 3]"
383,D1,2021,Ein Frankfurt,"[0, 1, 1, 1, 1, 1, 3, 0, 0, 1, 3, 3, 3, 0, 3, 3, 3, 0, 1, 0, 3, 0, 0, 0, 3, 3, 1, 1, 0, 0, 1, 0, 1, 1]"
384,D1,2021,FC Koln,"[3, 0, 3, 1, 1, 1, 3, 0, 1, 0, 1, 1, 3, 1, 0, 3, 3, 3, 0, 1, 3, 0, 3, 1, 0, 3, 1, 0, 3, 3, 3, 3, 0, 0]"
385,D1,2021,Freiburg,"[1, 3, 3, 1, 1, 3, 3, 1, 3, 3, 0, 0, 0, 3, 0, 1, 3, 1, 0, 3, 0, 1, 3, 3, 1, 3, 1, 0, 3, 3, 1, 3, 0, 0]"
386,D1,2021,Greuther Furth,"[0, 1, 0, 0, 0, 0, 0, 0, 0, 0, 0, 0, 0, 0, 3, 0, 1, 1, 1, 3, 0, 3, 0, 1, 0, 0, 1, 1, 0, 1, 0, 1, 0, 0]"
387,D1,2021,Hertha,"[0, 0, 0, 3, 3, 0, 0, 3, 3, 0, 1, 0, 1, 1, 3, 0, 3, 0, 1, 0, 1, 0, 0, 0, 0, 0, 3, 0, 0, 3, 3, 1, 0, 0]"
388,D1,2021,Hoffenheim,"[3, 1, 0, 0, 1, 3, 0, 3, 0, 3, 0, 3, 3, 3, 3, 1, 1, 3, 0, 0, 0, 3, 3, 3, 3, 1, 0, 0, 0, 1, 1, 0, 0, 0]"
389,D1,2021,Leverkusen,"[1, 3, 3, 0, 3, 3, 3, 0, 1, 0, 1, 3, 3, 3, 0, 1, 0, 1, 3, 3, 3, 3, 0, 3, 1, 0, 3, 3, 1, 0, 3, 3, 3, 3]"
390,D1,2021,MGladbach,"[1, 0, 0, 3, 0, 3, 3, 1, 0, 3, 1, 3, 0, 0, 0, 0, 1, 3, 0, 0, 1, 3, 0, 1, 0, 3, 3, 1, 3, 0, 1, 3, 1, 3]"
391,D1,2021,Mainz,"[3, 0, 3, 3, 1, 0, 0, 0, 3, 3, 1, 1, 0, 3, 0, 3, 0, 0, 3, 0, 3, 1, 3, 0, 0, 3, 1, 0, 0, 1, 0, 3, 3, 1]"
392,D1,2021,RB Leipzig,"[0, 3, 0, 0, 1, 3, 3, 1, 3, 1, 3, 0, 0, 0, 3, 1, 0, 3, 3, 3, 0, 3, 3, 3, 1, 3, 1, 3, 3, 3, 0, 0, 3, 1]"
393,D1,2021,Stuttgart,"[3, 0, 0, 1, 0, 1, 3, 1, 1, 0, 0, 0, 3, 1, 3, 0, 0, 1, 0, 0, 0, 0, 1, 0, 3, 1, 3, 1, 0, 1, 0, 1, 1, 3]"
394,D1,2021,Union Berlin,"[1, 1, 3, 1, 0, 3, 3, 3, 1, 0, 1, 3, 0, 3, 0, 1, 3, 1, 3, 3, 0, 0, 0, 3, 0, 1, 0, 3, 3, 3, 3, 1, 3, 3]"
395,D1,2021,Wolfsburg,"[3, 3, 3, 3, 1, 0, 0, 0, 0, 3, 3, 1, 0, 0, 0, 0, 0, 0, 1, 0, 3, 3, 0, 1, 3, 0, 0, 0, 3, 0, 3, 1, 3, 1]"
396,D1,2022,Augsburg,"[0, 3, 0, 0, 0, 3, 3, 3, 1, 0, 1, 0, 0, 1, 0, 0, 3, 0, 3, 0, 3, 0, 3, 0, 1, 1, 0, 0, 1, 1, 3, 0, 0, 0]"
397,D1,2022,Bayern Munich,"[3, 3, 3, 1, 1, 1, 0, 3, 1, 3, 3, 3, 3, 3, 3, 1, 1, 1, 3, 3, 0, 3, 3, 3, 0, 3, 3, 1, 0, 3, 3, 3, 0, 3]"
398,D1,2022,Bochum,"[0, 0, 0, 0, 0, 0, 1, 0, 3, 0, 3, 0, 0, 3, 3, 3, 0, 0, 3, 0, 0, 0, 0, 3, 3, 1, 0, 1, 0, 1, 0, 3, 1, 3]"
399,D1,2022,Dortmund,"[3, 3, 0, 3, 3, 0, 3, 0, 1, 0, 3, 3, 3, 0, 0, 3, 3, 3, 3, 3, 3, 3, 3, 1, 3, 0, 3, 1, 3, 1, 3, 3, 3, 1]"
400,D1,2022,Ein Frankfurt,"[0, 1, 1, 3, 3, 0, 3, 3, 0, 3, 3, 0, 3, 3, 1, 3, 1, 1, 3, 0, 3, 0, 1, 1, 0, 1, 0, 1, 0, 1, 0, 3, 1, 3]"
401,D1,2022,FC Koln,"[3, 1, 1, 1, 3, 0, 1, 3, 0, 3, 0, 1, 0, 0, 0, 3, 1, 1, 1, 3, 0, 0, 1, 0, 0, 1, 3, 1, 3, 0, 3, 3, 1, 0]"
402,D1,2022,Freiburg,"[3, 0, 3, 3, 3, 1, 1, 3, 1, 0, 3, 3, 3, 0, 3, 0, 1, 3, 0, 3, 3, 1, 1, 3, 1, 1, 0, 3, 3, 3, 0, 0, 3, 0]"
403,D1,2022,Hertha,"[0, 1, 0, 0, 3, 1, 1, 1, 1, 0, 3, 0, 0, 0, 3, 0, 0, 0, 0, 3, 0, 3, 0, 1, 0, 1, 0, 0, 0, 0, 3, 0, 1, 3]"
404,D1,2022,Hoffenheim,"[0, 3, 3, 3, 0, 3, 1, 1, 0, 3, 0, 1, 0, 0, 0, 0, 1, 0, 0, 0, 0, 0, 0, 0, 3, 3, 3, 1, 0, 0, 3, 0, 3, 1]"
405,D1,2022,Leverkusen,"[0, 0, 0, 3, 0, 1, 1, 0, 3, 0, 1, 0, 3, 3, 3, 3, 3, 0, 0, 3, 0, 1, 3, 3, 3, 3, 3, 1, 3, 1, 0, 1, 1, 0]"
406,D1,2022,MGladbach,"[3, 1, 3, 1, 0, 1, 3, 0, 3, 1, 0, 0, 3, 0, 3, 0, 0, 3, 1, 0, 3, 0, 1, 0, 1, 1, 3, 1, 0, 0, 3, 0, 1, 3]"
407,D1,2022,Mainz,"[3, 1, 3, 0, 3, 0, 1, 0, 1, 3, 3, 0, 0, 0, 1, 1, 0, 3, 0, 3, 3, 3, 3, 1, 1, 3, 1, 1, 3, 0, 0, 0, 0, 1]"
408,D1,2022,RB Leipzig,"[1, 1, 0, 3, 0, 3, 0, 3, 1, 3, 1, 3, 3, 3, 3, 1, 3, 3, 1, 0, 3, 3, 0, 3, 0, 0, 3, 3, 0, 3, 3, 3, 3, 3]"
409,D1,2022,Schalke 04,"[0, 1, 1, 0, 1, 3, 0, 0, 0, 0, 0, 0, 0, 3, 0, 0, 0, 1, 1, 1, 1, 3, 3, 1, 1, 0, 0, 3, 0, 3, 3, 0, 1, 0]"
410,D1,2022,Stuttgart,"[1, 1, 0, 1, 1, 1, 0, 0, 0, 3, 0, 3, 0, 3, 0, 1, 1, 0, 0, 0, 3, 0, 0, 1, 0, 0, 3, 1, 1, 3, 0, 1, 3, 1]"
411,D1,2022,Union Berlin,"[3, 1, 3, 3, 1, 3, 3, 0, 3, 3, 0, 3, 0, 1, 0, 3, 3, 3, 3, 3, 1, 0, 1, 1, 3, 3, 0, 1, 3, 1, 0, 3, 0, 3]"
412,D1,2022,Werder Bremen,"[1, 1, 3, 0, 3, 0, 1, 3, 3, 0, 0, 3, 3, 0, 0, 0, 0, 3, 3, 0, 0, 3, 0, 0, 1, 0, 1, 0, 3, 0, 0, 0, 1, 0]"
413,D1,2022,Wolfsburg,"[1, 0, 1, 0, 0, 3, 0, 3, 1, 1, 1, 3, 3, 3, 3, 3, 3, 0, 0, 1, 0, 3, 1, 1, 3, 1, 0, 1, 3, 3, 0, 3, 0, 0]"
414,D1,2023,Augsburg,"[1, 0, 1, 0, 3, 0, 0, 3, 3, 1, 1, 1, 3, 0, 1, 0, 0, 3, 0, 1, 1, 0, 3, 3, 3, 3, 1, 0, 3, 0, 0, 0, 0, 0]"
415,D1,2023,Bayern Munich,"[3, 3, 3, 1, 3, 1, 3, 3, 3, 3, 3, 3, 0, 3, 3, 3, 0, 3, 3, 3, 0, 0, 3, 1, 3, 3, 0, 0, 3, 3, 3, 0, 3, 0]"
416,D1,2023,Bochum,"[0, 1, 1, 1, 0, 0, 1, 0, 1, 3, 1, 1, 3, 0, 3, 0, 1, 3, 0, 1, 1, 3, 0, 0, 0, 0, 1, 0, 1, 0, 3, 3, 0, 0]"
417,D1,2023,Darmstadt,"[0, 0, 0, 1, 0, 3, 3, 0, 0, 0, 1, 1, 0, 0, 0, 1, 0, 1, 0, 0, 1, 0, 1, 0, 0, 0, 1, 0, 0, 3, 0, 0, 0, 0]"
418,D1,2023,Dortmund,"[3, 1, 1, 3, 3, 3, 3, 3, 1, 0, 0, 3, 1, 0, 1, 1, 3, 3, 3, 1, 3, 1, 0, 3, 3, 3, 3, 0, 3, 1, 0, 3, 0, 3]"
419,D1,2023,Ein Frankfurt,"[3, 1, 1, 1, 1, 0, 3, 3, 1, 3, 1, 0, 0, 3, 0, 3, 3, 1, 3, 0, 1, 1, 1, 3, 3, 0, 1, 1, 0, 3, 0, 0, 1, 1]"
420,D1,2023,FC Koln,"[0, 0, 1, 0, 0, 0, 0, 3, 0, 1, 1, 0, 3, 1, 0, 0, 1, 0, 1, 3, 1, 0, 1, 0, 1, 0, 1, 3, 0, 0, 1, 1, 3, 0]"
421,D1,2023,Freiburg,"[3, 3, 0, 0, 1, 3, 0, 3, 0, 1, 0, 1, 3, 3, 3, 0, 1, 3, 0, 0, 0, 1, 0, 1, 3, 0, 3, 0, 3, 1, 0, 1, 1, 0]"
422,D1,2023,Heidenheim,"[0, 0, 1, 3, 0, 3, 0, 0, 0, 3, 0, 1, 0, 3, 3, 3, 1, 1, 1, 1, 3, 0, 1, 0, 0, 1, 1, 3, 1, 0, 3, 1, 1, 3]"
423,D1,2023,Hoffenheim,"[0, 3, 3, 3, 3, 0, 3, 0, 3, 0, 1, 1, 0, 3, 0, 1, 0, 0, 1, 1, 1, 0, 3, 3, 0, 0, 0, 3, 0, 3, 0, 1, 3, 3]"
424,D1,2023,Leverkusen,"[3, 3, 3, 1, 3, 3, 3, 3, 3, 3, 3, 3, 1, 1, 3, 3, 3, 3, 1, 3, 3, 3, 3, 3, 3, 3, 3, 3, 3, 1, 1, 3, 3, 3]"
425,D1,2023,MGladbach,"[1, 0, 0, 1, 0, 3, 1, 0, 3, 1, 3, 0, 3, 0, 1, 0, 3, 0, 1, 0, 1, 0, 3, 1, 1, 1, 0, 3, 0, 0, 1, 1, 1, 0]"
426,D1,2023,Mainz,"[0, 1, 0, 0, 0, 0, 1, 0, 1, 3, 1, 1, 0, 1, 0, 1, 1, 0, 0, 1, 0, 3, 0, 1, 0, 3, 1, 3, 3, 1, 1, 1, 3, 3]"
427,D1,2023,RB Leipzig,"[0, 3, 3, 3, 3, 1, 1, 3, 3, 0, 3, 0, 3, 3, 3, 1, 0, 0, 0, 3, 1, 3, 0, 3, 3, 3, 1, 3, 3, 3, 3, 1, 1, 1]"
428,D1,2023,Stuttgart,"[3, 0, 3, 3, 3, 3, 3, 3, 0, 0, 3, 3, 3, 1, 0, 3, 0, 0, 3, 3, 3, 3, 1, 3, 3, 3, 1, 3, 3, 0, 1, 3, 3, 3]"
429,D1,2023,Union Berlin,"[3, 3, 0, 0, 0, 0, 0, 0, 0, 0, 0, 1, 3, 0, 3, 1, 0, 3, 0, 1, 3, 3, 1, 0, 0, 3, 1, 0, 0, 0, 1, 0, 0, 3]"
430,D1,2023,Werder Bremen,"[0, 0, 3, 0, 3, 0, 0, 0, 3, 1, 1, 0, 0, 3, 1, 1, 1, 3, 3, 3, 0, 3, 1, 0, 0, 0, 0, 1, 0, 3, 3, 1, 1, 3]"
431,D1,2023,Wolfsburg,"[3, 3, 0, 3, 0, 3, 0, 0, 0, 1, 0, 3, 0, 0, 3, 0, 1, 1, 1, 1, 0, 1, 1, 0, 0, 0, 3, 0, 0, 3, 3, 3, 0, 0]"
432,D1,2024,Augsburg,"[1, 0, 3, 0, 0, 3, 0, 3, 1, 1, 0, 3, 1, 0, 0, 0, 3, 3, 3, 1, 1, 1, 3, 1, 3, 3, 1, 0, 3, 1, 0, 0, 0, 0]"
433,D1,2024,Bayern Munich,"[3, 3, 3, 3, 1, 1, 3, 3, 3, 3, 3, 1, 3, 0, 3, 3, 3, 3, 3, 3, 3, 1, 3, 3, 0, 1, 3, 3, 1, 3, 3, 1, 3, 3]"
434,D1,2024,Bochum,"[0, 0, 0, 1, 0, 0, 0, 0, 0, 1, 0, 0, 0, 1, 3, 0, 3, 1, 0, 0, 1, 3, 1, 0, 3, 0, 0, 0, 0, 0, 1, 1, 0, 3]"
435,D1,2024,Dortmund,"[3, 1, 3, 0, 3, 0, 3, 0, 3, 0, 3, 1, 1, 1, 3, 0, 0, 0, 1, 3, 0, 0, 3, 3, 0, 0, 3, 3, 1, 3, 3, 3, 3, 3]"
436,D1,2024,Ein Frankfurt,"[0, 3, 3, 3, 3, 1, 0, 1, 3, 3, 3, 3, 1, 0, 0, 3, 3, 3, 1, 1, 1, 3, 0, 0, 0, 3, 3, 0, 3, 1, 3, 1, 1, 3]"
437,D1,2024,Freiburg,"[3, 0, 3, 3, 0, 3, 3, 0, 1, 1, 0, 3, 1, 3, 0, 3, 0, 0, 0, 3, 3, 3, 3, 1, 1, 1, 0, 0, 3, 3, 3, 1, 3, 0]"
438,D1,2024,Heidenheim,"[3, 3, 0, 0, 3, 0, 0, 1, 0, 0, 0, 0, 0, 0, 0, 3, 1, 0, 0, 0, 0, 0, 1, 0, 1, 3, 3, 0, 0, 0, 3, 1, 3, 0]"
439,D1,2024,Hoffenheim,"[3, 0, 0, 0, 0, 1, 3, 1, 0, 1, 3, 0, 1, 1, 0, 0, 0, 3, 1, 0, 0, 3, 1, 3, 1, 0, 1, 0, 3, 0, 0, 1, 1, 0]"
440,D1,2024,Holstein Kiel,"[0, 0, 0, 1, 0, 1, 0, 0, 3, 0, 0, 0, 0, 0, 3, 0, 3, 0, 1, 0, 1, 0, 0, 3, 1, 0, 0, 1, 0, 1, 3, 3, 0, 0]"
441,D1,2024,Leverkusen,"[3, 0, 3, 3, 1, 1, 3, 1, 1, 1, 3, 3, 3, 3, 3, 3, 3, 3, 1, 3, 1, 1, 3, 3, 0, 3, 3, 3, 1, 1, 3, 1, 0, 1]"
442,D1,2024,M'gladbach,"[0, 0, 0, 3, 3, 1, 3, 0, 3, 0, 3, 3, 1, 0, 0, 0, 1, 0, 0]"
443,D1,2024,MGladbach,"[0, 3, 0, 0, 3, 0, 3, 1, 3, 1, 3, 0, 1, 3, 3]"
444,D1,2024,Mainz,"[1, 1, 0, 3, 0, 3, 0, 1, 1, 3, 3, 3, 0, 3, 3, 3, 0, 0, 3, 0, 1, 3, 3, 3, 3, 1, 0, 1, 0, 1, 0, 1, 3, 1]"
445,D1,2024,RB Leipzig,"[3, 3, 1, 1, 3, 3, 3, 3, 0, 1, 0, 0, 3, 3, 0, 3, 0, 1, 1, 1, 3, 1, 1, 0, 1, 3, 0, 3, 3, 1, 0, 1, 1, 0]"
446,D1,2024,St Pauli,"[0, 0, 0, 1, 3, 0, 0, 1, 3, 0, 0, 3, 0, 0, 3, 0, 0, 3, 3, 1, 0, 0, 0, 0, 1, 3, 0, 1, 3, 1, 1, 0, 1, 0]"
447,D1,2024,Stuttgart,"[0, 1, 3, 3, 1, 1, 0, 3, 1, 0, 3, 1, 3, 3, 0, 3, 3, 3, 0, 0, 3, 0, 1, 0, 1, 0, 0, 3, 0, 1, 0, 3, 3, 3]"
448,D1,2024,Union Berlin,"[1, 3, 1, 3, 0, 3, 3, 1, 0, 1, 0, 0, 0, 1, 0, 0, 0, 3, 0, 1, 3, 0, 0, 0, 3, 1, 3, 3, 1, 1, 1, 1, 0, 3]"
449,D1,2024,Werder Bremen,"[1, 1, 3, 0, 3, 0, 3, 1, 0, 3, 0, 1, 3, 3, 3, 0, 1, 0, 1, 3, 0, 0, 0, 0, 3, 0, 3, 3, 3, 3, 1, 1, 1, 3]"
450,D1,2024,Wolfsburg,"[0, 3, 0, 0, 1, 3, 0, 1, 1, 3, 3, 3, 3, 0, 0, 3, 3, 0, 1, 1, 1, 3, 1, 3, 1, 0, 0, 0, 0, 1, 0, 0, 1, 3]"
451,E1,2000,Barnsley,"[3, 0, 3, 0, 0, 0, 3, 1, 3, 1, 0, 1, 1, 0, 3, 0, 0, 0, 3, 3, 0, 1, 0, 1, 3, 0, 0, 0, 0, 1, 1, 0, 3, 3, 3, 0, 3, 3, 3, 0, 3, 1, 0, 0, 0, 0]"
452,E1,2000,Birmingham,"[1, 0, 3, 3, 3, 3, 1, 3, 0, 3, 3, 3, 0, 3, 1, 1, 0, 3, 3, 3, 0, 3, 1, 0, 0, 3, 3, 3, 0, 3, 3, 3, 3, 3, 0, 0, 1, 0, 0, 0, 0, 1, 1, 1, 3, 3]"
453,E1,2000,Blackburn,"[3, 1, 3, 1, 3, 0, 0, 1, 0, 0, 3, 3, 3, 3, 3, 3, 1, 3, 0, 1, 1, 3, 3, 3, 3, 1, 3, 3, 1, 0, 3, 3, 3, 3, 1, 3, 1, 3, 0, 1, 3, 1, 3, 3, 3, 1]"
454,E1,2000,Bolton,"[1, 3, 3, 3, 3, 3, 3, 1, 0, 1, 3, 1, 0, 0, 1, 3, 1, 3, 3, 0, 3, 3, 3, 3, 3, 0, 3, 3, 3, 1, 1, 3, 1, 0, 1, 1, 3, 1, 1, 1, 3, 0, 3, 3, 3, 1]"
455,E1,2000,Burnley,"[1, 3, 0, 1, 3, 0, 1, 3, 1, 3, 3, 3, 3, 0, 3, 1, 3, 0, 3, 3, 0, 0, 0, 0, 0, 1, 3, 0, 0, 0, 3, 3, 0, 1, 3, 0, 3, 0, 3, 3, 1, 3, 1, 3, 0, 3]"
456,E1,2000,Crewe,"[0, 1, 0, 3, 1, 0, 0, 1, 3, 0, 0, 0, 0, 3, 3, 0, 3, 0, 0, 3, 0, 0, 1, 0, 0, 0, 3, 3, 1, 3, 1, 0, 3, 3, 0, 3, 3, 0, 1, 1, 3, 3, 0, 1, 0, 1]"
457,E1,2000,Crystal Palace,"[0, 1, 3, 0, 0, 0, 3, 1, 0, 0, 0, 0, 0, 0, 1, 3, 3, 3, 1, 1, 3, 3, 1, 0, 0, 1, 3, 1, 1, 3, 1, 0, 0, 0, 0, 0, 0, 3, 1, 1, 0, 0, 1, 0, 3, 3]"
458,E1,2000,Fulham,"[3, 3, 3, 3, 3, 3, 3, 3, 3, 3, 3, 1, 0, 1, 3, 3, 3, 1, 3, 1, 3, 3, 3, 3, 0, 3, 3, 0, 3, 1, 1, 3, 0, 3, 1, 3, 3, 3, 1, 3, 3, 1, 1, 3, 1, 0]"
459,E1,2000,Gillingham,"[0, 0, 1, 1, 3, 0, 1, 3, 0, 3, 1, 1, 1, 1, 0, 0, 3, 0, 0, 3, 0, 0, 3, 1, 3, 1, 1, 1, 1, 3, 3, 0, 0, 0, 1, 1, 3, 0, 1, 3, 3, 0, 0, 3, 0, 1]"
460,E1,2000,Grimsby,"[0, 1, 0, 0, 3, 0, 1, 0, 0, 3, 3, 0, 3, 3, 0, 0, 0, 0, 1, 0, 1, 3, 3, 1, 0, 0, 1, 3, 0, 3, 1, 0, 0, 1, 0, 1, 3, 1, 0, 3, 3, 3, 0, 0, 0, 3]"
461,E1,2000,Huddersfield,"[0, 3, 0, 1, 0, 0, 0, 0, 1, 1, 0, 0, 1, 0, 0, 0, 0, 1, 0, 3, 3, 3, 1, 3, 3, 1, 1, 1, 1, 0, 0, 0, 3, 1, 0, 3, 3, 1, 3, 1, 0, 0, 3, 1, 1, 0]"
462,E1,2000,Norwich,"[0, 1, 0, 0, 1, 3, 1, 0, 1, 3, 0, 3, 1, 3, 3, 0, 0, 0, 0, 0, 3, 0, 1, 3, 1, 1, 0, 3, 3, 0, 1, 1, 3, 3, 0, 0, 0, 0, 3, 0, 1, 3, 0, 0, 3, 1]"
463,E1,2000,Nottm Forest,"[3, 1, 0, 3, 0, 3, 0, 3, 1, 3, 1, 0, 3, 3, 3, 3, 0, 3, 3, 0, 3, 0, 0, 0, 3, 1, 3, 0, 1, 3, 0, 0, 3, 0, 3, 3, 0, 0, 1, 0, 3, 1, 3, 0, 0, 1]"
464,E1,2000,Portsmouth,"[0, 1, 1, 3, 0, 0, 3, 0, 0, 1, 1, 3, 3, 3, 1, 1, 1, 1, 0, 0, 3, 0, 1, 1, 1, 1, 1, 3, 0, 0, 1, 0, 0, 3, 1, 3, 1, 0, 0, 0, 1, 1, 1, 0, 0, 3]"
465,E1,2000,Preston,"[3, 3, 0, 1, 3, 1, 0, 1, 3, 3, 3, 3, 1, 3, 0, 0, 3, 3, 0, 1, 3, 0, 0, 3, 0, 0, 0, 0, 3, 3, 3, 0, 3, 3, 1, 3, 3, 1, 0, 1, 1, 3, 3, 3, 0, 3]"
466,E1,2000,QPR,"[1, 1, 3, 0, 1, 1, 0, 3, 1, 0, 0, 0, 0, 1, 0, 1, 1, 1, 1, 0, 1, 3, 1, 0, 1, 3, 0, 0, 1, 0, 3, 3, 0, 0, 1, 0, 0, 0, 1, 0, 1, 1, 3, 0, 0, 1]"
467,E1,2000,Sheffield United,"[3, 0, 3, 0, 0, 1, 3, 3, 1, 3, 3, 0, 3, 1, 0, 0, 3, 1, 3, 0, 3, 1, 1, 1, 3, 3, 0, 0, 0, 1, 3, 3, 3, 3, 0, 0, 0, 3, 1, 0, 1, 0, 0, 3, 3, 1]"
468,E1,2000,Sheffield Weds,"[1, 0, 3, 1, 0, 0, 0, 0, 0, 0, 0, 0, 3, 3, 1, 0, 3, 3, 0, 0, 3, 0, 1, 0, 0, 1, 3, 0, 0, 0, 0, 3, 3, 0, 3, 1, 3, 3, 3, 0, 0, 3, 1, 3, 0, 1]"
469,E1,2000,Stockport,"[3, 1, 0, 1, 0, 1, 0, 1, 0, 0, 1, 0, 0, 3, 0, 0, 0, 1, 3, 1, 0, 3, 3, 1, 1, 0, 3, 1, 1, 1, 1, 0, 0, 1, 1, 1, 0, 3, 3, 1, 3, 1, 0, 3, 3, 0]"
470,E1,2000,Tranmere,"[1, 3, 0, 0, 3, 3, 0, 3, 0, 0, 0, 0, 1, 1, 0, 1, 0, 3, 0, 0, 1, 3, 0, 0, 0, 3, 0, 1, 0, 0, 3, 0, 1, 1, 0, 0, 0, 0, 0, 3, 0, 0, 1, 0, 1, 1]"
471,E1,2000,Watford,"[3, 3, 1, 3, 3, 3, 3, 3, 3, 3, 1, 3, 3, 1, 3, 0, 0, 0, 0, 0, 1, 0, 0, 3, 3, 3, 0, 0, 3, 1, 0, 0, 1, 0, 1, 3, 0, 0, 3, 1, 0, 3, 0, 1, 3, 0]"
472,E1,2000,West Brom,"[0, 0, 0, 3, 3, 1, 3, 1, 3, 3, 3, 0, 3, 1, 3, 0, 1, 3, 3, 3, 3, 0, 1, 3, 0, 3, 3, 0, 3, 1, 1, 0, 1, 3, 0, 3, 0, 0, 3, 3, 1, 1, 0, 3, 1, 0]"
473,E1,2000,Wimbledon,"[1, 0, 1, 1, 3, 3, 1, 0, 3, 1, 0, 3, 0, 1, 3, 0, 3, 3, 0, 0, 3, 1, 0, 3, 1, 0, 3, 0, 3, 3, 1, 1, 3, 1, 1, 1, 3, 3, 0, 1, 3, 3, 1, 1, 1, 1]"
474,E1,2000,Wolves,"[1, 1, 3, 0, 0, 0, 1, 1, 3, 1, 0, 0, 1, 3, 1, 0, 0, 0, 3, 1, 3, 0, 0, 3, 0, 3, 3, 1, 1, 3, 0, 0, 3, 3, 0, 3, 3, 0, 0, 1, 0, 1, 0, 3, 0, 1]"
475,E1,2001,Barnsley,"[0, 3, 0, 1, 0, 1, 3, 0, 0, 1, 0, 0, 1, 0, 3, 0, 0, 1, 1, 0, 0, 3, 3, 1, 3, 3, 1, 1, 1, 1, 3, 1, 1, 0, 0, 0, 1, 0, 1, 0, 3, 0, 3, 0, 0, 3]"
476,E1,2001,Birmingham,"[0, 3, 3, 3, 3, 0, 0, 0, 1, 1, 3, 1, 3, 3, 0, 1, 1, 0, 0, 3, 1, 3, 3, 0, 3, 3, 3, 1, 1, 0, 0, 3, 3, 3, 0, 0, 1, 3, 3, 1, 3, 1, 1, 3, 1, 3]"
477,E1,2001,Bradford,"[3, 3, 3, 0, 1, 3, 1, 0, 0, 3, 0, 0, 0, 0, 3, 1, 1, 3, 3, 1, 0, 0, 3, 0, 0, 0, 0, 3, 1, 0, 3, 0, 3, 3, 0, 0, 0, 0, 1, 1, 3, 1, 0, 3, 0, 1]"
478,E1,2001,Burnley,"[3, 3, 3, 0, 3, 3, 3, 3, 0, 1, 0, 0, 1, 3, 0, 1, 3, 1, 3, 3, 3, 3, 3, 3, 1, 0, 1, 0, 0, 3, 1, 1, 1, 3, 0, 1, 0, 3, 3, 1, 0, 0, 1, 3, 0, 3]"
479,E1,2001,Coventry,"[3, 0, 0, 1, 0, 3, 3, 3, 1, 3, 3, 1, 3, 3, 3, 1, 0, 0, 0, 3, 3, 0, 0, 0, 3, 3, 0, 0, 1, 3, 0, 3, 3, 3, 3, 0, 0, 3, 3, 0, 1, 0, 0, 0, 0, 0]"
480,E1,2001,Crewe,"[0, 0, 0, 3, 3, 0, 0, 3, 1, 1, 3, 3, 0, 1, 0, 1, 1, 1, 0, 1, 0, 3, 3, 1, 0, 0, 0, 3, 3, 0, 0, 0, 3, 3, 0, 1, 1, 0, 0, 1, 0, 0, 1, 0, 1, 3]"
481,E1,2001,Crystal Palace,"[3, 3, 0, 0, 0, 3, 3, 3, 3, 3, 3, 3, 0, 3, 0, 1, 3, 0, 0, 0, 0, 3, 0, 0, 1, 0, 3, 3, 3, 3, 0, 3, 0, 1, 0, 3, 0, 1, 0, 0, 3, 0, 1, 1, 3, 0]"
482,E1,2001,Gillingham,"[3, 1, 3, 0, 0, 0, 0, 3, 3, 0, 0, 0, 0, 3, 1, 0, 1, 1, 3, 3, 3, 1, 1, 3, 0, 3, 3, 0, 0, 3, 1, 3, 1, 0, 0, 0, 3, 1, 3, 0, 3, 1, 3, 0, 0, 3]"
483,E1,2001,Grimsby,"[3, 3, 1, 0, 3, 3, 1, 0, 1, 0, 0, 0, 0, 0, 0, 3, 0, 0, 1, 1, 0, 0, 1, 0, 1, 0, 3, 1, 1, 0, 1, 0, 0, 3, 1, 3, 3, 0, 1, 3, 3, 0, 1, 1, 3, 0]"
484,E1,2001,Man City,"[3, 0, 3, 3, 0, 3, 0, 3, 3, 0, 1, 1, 0, 3, 1, 3, 3, 0, 3, 3, 3, 0, 3, 3, 1, 3, 3, 3, 3, 3, 0, 3, 1, 3, 3, 3, 3, 3, 3, 0, 1, 3, 3, 3, 3, 3]"
485,E1,2001,Millwall,"[3, 0, 0, 0, 3, 0, 3, 3, 1, 1, 3, 1, 3, 3, 0, 3, 3, 1, 0, 3, 0, 1, 3, 1, 3, 3, 3, 1, 3, 1, 0, 1, 3, 3, 0, 1, 3, 0, 0, 0, 0, 3, 1, 3, 3, 3]"
486,E1,2001,Norwich,"[0, 3, 3, 3, 3, 1, 3, 3, 0, 0, 0, 3, 3, 1, 0, 3, 3, 0, 0, 1, 3, 3, 0, 3, 3, 0, 3, 1, 0, 1, 0, 3, 0, 3, 0, 1, 1, 0, 0, 3, 1, 3, 3, 1, 3, 3]"
487,E1,2001,Nottm Forest,"[1, 0, 3, 1, 0, 1, 3, 3, 0, 3, 3, 1, 1, 3, 1, 0, 0, 0, 1, 3, 0, 1, 1, 0, 1, 3, 3, 1, 1, 1, 0, 3, 0, 1, 1, 0, 3, 1, 1, 0, 0, 0, 0, 3, 1, 0]"
488,E1,2001,Portsmouth,"[1, 0, 3, 3, 3, 1, 3, 1, 0, 0, 3, 0, 3, 1, 0, 1, 3, 1, 3, 0, 3, 0, 0, 0, 3, 0, 0, 0, 0, 3, 1, 0, 1, 0, 3, 1, 1, 3, 0, 1, 1, 0, 1, 1, 0, 0]"
489,E1,2001,Preston,"[0, 1, 1, 1, 0, 3, 0, 3, 3, 1, 0, 3, 3, 3, 3, 1, 3, 1, 1, 1, 3, 1, 0, 0, 1, 3, 0, 3, 0, 3, 1, 3, 0, 0, 3, 3, 0, 3, 0, 1, 3, 3, 0, 3, 0, 3]"
490,E1,2001,Rotherham,"[0, 0, 1, 1, 0, 1, 0, 0, 1, 0, 3, 3, 1, 3, 0, 3, 1, 1, 0, 3, 0, 3, 0, 3, 1, 1, 1, 0, 1, 0, 0, 3, 1, 1, 3, 3, 0, 1, 0, 1, 1, 0, 1, 1, 1, 0]"
491,E1,2001,Sheffield United,"[1, 1, 1, 1, 1, 0, 3, 0, 0, 3, 1, 3, 1, 0, 0, 3, 0, 0, 1, 3, 3, 1, 3, 1, 1, 3, 0, 0, 3, 1, 1, 0, 3, 0, 3, 3, 0, 1, 0, 3, 3, 1, 0, 3, 0, 0]"
492,E1,2001,Sheffield Weds,"[0, 3, 1, 0, 0, 1, 1, 0, 1, 0, 1, 0, 0, 3, 3, 0, 3, 0, 1, 1, 3, 0, 1, 0, 1, 0, 0, 3, 3, 1, 0, 0, 3, 3, 0, 0, 3, 0, 1, 3, 1, 3, 1, 0, 0, 1]"
493,E1,2001,Stockport,"[0, 0, 0, 0, 1, 1, 0, 1, 3, 0, 1, 0, 0, 1, 0, 0, 0, 1, 3, 0, 0, 0, 0, 0, 0, 0, 0, 0, 0, 1, 1, 0, 0, 0, 0, 0, 3, 0, 0, 3, 0, 0, 3, 0, 3, 0]"
494,E1,2001,Walsall,"[3, 1, 0, 0, 0, 0, 1, 0, 0, 1, 3, 0, 0, 3, 0, 3, 1, 3, 0, 1, 0, 0, 0, 3, 0, 3, 0, 1, 0, 0, 3, 1, 0, 0, 1, 0, 1, 3, 1, 3, 0, 1, 3, 3, 3, 1]"
495,E1,2001,Watford,"[0, 3, 0, 3, 3, 0, 0, 0, 1, 1, 3, 3, 0, 0, 3, 3, 1, 0, 1, 3, 1, 3, 3, 1, 3, 0, 1, 0, 0, 1, 0, 3, 0, 1, 0, 3, 0, 1, 3, 3, 0, 1, 0, 0, 3, 0]"
496,E1,2001,West Brom,"[0, 0, 1, 3, 3, 3, 3, 0, 3, 3, 0, 3, 0, 1, 0, 3, 3, 3, 0, 3, 3, 0, 3, 1, 1, 1, 0, 3, 1, 3, 3, 3, 3, 0, 3, 0, 3, 1, 3, 3, 3, 3, 3, 1, 3, 3]"
497,E1,2001,Wimbledon,"[3, 0, 0, 1, 0, 1, 1, 3, 3, 1, 3, 0, 3, 0, 0, 1, 3, 1, 1, 1, 0, 0, 3, 3, 0, 3, 1, 3, 0, 3, 1, 1, 1, 3, 0, 3, 1, 3, 3, 0, 3, 3, 3, 0, 0, 0]"
498,E1,2001,Wolves,"[1, 3, 3, 1, 3, 1, 3, 3, 3, 3, 3, 0, 0, 1, 3, 3, 0, 1, 3, 3, 0, 1, 0, 3, 1, 0, 3, 3, 3, 0, 3, 3, 3, 3, 3, 3, 3, 1, 1, 0, 1, 3, 0, 0, 3, 1]"
499,E1,2002,Bradford,"[1, 1, 0, 1, 3, 3, 3, 0, 1, 1, 0, 1, 1, 0, 3, 0, 0, 0, 0, 0, 0, 0, 3, 0, 3, 3, 0, 3, 3, 1, 0, 0, 1, 3, 3, 1, 0, 3, 0, 0, 3, 0, 0, 0, 0]"
500,E1,2002,Brighton,"[3, 1, 0, 0, 0, 0, 0, 0, 0, 0, 0, 0, 0, 0, 3, 1, 3, 1, 0, 0, 1, 1, 0, 0, 3, 1, 1, 1, 0, 0, 3, 3, 0, 0, 3, 3, 0, 1, 1, 3, 0, 1, 3, 1]"
501,E1,2002,Burnley,"[0, 0, 0, 0, 1, 3, 3, 1, 1, 3, 3, 3, 3, 1, 0, 0, 0, 3, 1, 3, 0, 3, 0, 0, 3, 1, 1, 1, 0, 3, 3, 1, 0, 0, 0, 1, 0, 0, 0, 3, 0, 0, 0]"
502,E1,2002,Coventry,"[3, 1, 3, 3, 0, 0, 3, 1, 3, 1, 0, 3, 1, 1, 1, 0, 3, 0, 0, 0, 0, 3, 3, 3, 3, 1, 1, 1, 1, 0, 0, 3, 0, 1, 0, 0, 0, 1, 1, 0, 0, 1, 0]"
503,E1,2002,Crystal Palace,"[3, 1, 0, 0, 1, 1, 3, 0, 1, 1, 1, 1, 1, 3, 3, 3, 1, 0, 3, 0, 0, 3, 3, 3, 1, 3, 1, 1, 0, 0, 0, 3, 0, 1, 0, 0, 3, 1, 1, 1, 0, 3, 0]"
504,E1,2002,Derby,"[3, 0, 3, 0, 0, 3, 0, 0, 3, 0, 3, 1, 1, 1, 0, 3, 3, 0, 0, 3, 0, 3, 3, 0, 0, 0, 1, 1, 3, 3, 0, 1, 0, 0, 0, 0, 0, 3, 3, 0, 3, 0, 0, 0]"
505,E1,2002,Gillingham,"[3, 3, 3, 0, 1, 0, 0, 3, 0, 1, 1, 0, 1, 3, 3, 0, 1, 0, 1, 0, 1, 3, 3, 3, 1, 1, 3, 0, 0, 3, 3, 0, 1, 1, 3, 0, 1, 0, 1, 0, 3, 1, 3]"
506,E1,2002,Grimsby,"[0, 1, 0, 1, 0, 0, 0, 0, 0, 3, 0, 3, 0, 1, 0, 3, 1, 3, 1, 0, 0, 0, 0, 3, 3, 1, 1, 0, 0, 0, 3, 0, 0, 1, 3, 3, 1, 0, 1, 0, 0, 1]"
507,E1,2002,Ipswich,"[3, 3, 1, 0, 1, 1, 0, 0, 3, 0, 3, 0, 1, 0, 0, 1, 3, 3, 0, 0, 1, 3, 1, 3, 3, 3, 1, 3, 0, 3, 3, 1, 1, 1, 3, 3, 1, 3, 0, 3, 0, 0, 3]"
508,E1,2002,Leicester,"[3, 3, 0, 3, 1, 3, 3, 3, 3, 1, 3, 1, 0, 1, 3, 3, 3, 1, 3, 0, 3, 1, 3, 3, 0, 3, 1, 0, 3, 3, 3, 1, 1, 1, 3, 3, 3, 3, 1, 3, 0, 1, 1]"
509,E1,2002,Millwall,"[0, 1, 0, 1, 0, 3, 3, 0, 1, 0, 3, 0, 1, 0, 3, 3, 0, 3, 1, 3, 3, 0, 0, 1, 1, 3, 0, 3, 3, 3, 0, 0, 1, 3, 0, 0, 3, 3, 3, 0, 3, 1, 3]"
510,E1,2002,Norwich,"[3, 1, 3, 3, 1, 3, 0, 1, 3, 3, 3, 1, 3, 1, 0, 1, 0, 3, 3, 0, 3, 0, 0, 3, 0, 1, 1, 0, 1, 1, 3, 0, 0, 0, 0, 3, 3, 0, 3, 3, 0, 1, 0, 1, 3]"
511,E1,2002,Nottm Forest,"[0, 1, 3, 0, 3, 3, 0, 3, 3, 1, 3, 3, 1, 1, 1, 3, 1, 3, 0, 3, 3, 0, 0, 3, 0, 0, 1, 1, 1, 3, 3, 1, 3, 1, 0, 3, 3, 3, 0, 0, 3, 1, 1]"
512,E1,2002,Portsmouth,"[3, 1, 3, 3, 3, 3, 3, 3, 3, 0, 3, 3, 1, 3, 3, 0, 1, 3, 3, 3, 3, 1, 1, 1, 1, 3, 1, 0, 1, 3, 3, 3, 0, 3, 3, 3, 1, 3, 0, 3, 3, 3]"
513,E1,2002,Preston,"[0, 1, 1, 3, 1, 1, 1, 1, 3, 0, 0, 1, 1, 3, 0, 3, 0, 1, 1, 3, 3, 0, 3, 0, 0, 0, 0, 0, 1, 3, 3, 3, 3, 3, 0, 3, 1, 1, 0, 3, 0, 3, 0]"
514,E1,2002,Reading,"[0, 3, 0, 0, 3, 3, 1, 0, 0, 3, 1, 3, 3, 0, 3, 3, 3, 3, 3, 3, 1, 0, 0, 0, 3, 0, 1, 0, 3, 3, 3, 0, 3, 0, 3, 0, 3, 0, 3, 3, 0, 3, 3, 0]"
515,E1,2002,Rotherham,"[3, 1, 1, 3, 3, 0, 1, 0, 3, 3, 0, 0, 1, 1, 3, 0, 0, 3, 1, 0, 1, 3, 3, 0, 3, 0, 0, 1, 3, 0, 3, 0, 0, 1, 0, 1, 0, 3, 1, 1, 3, 0, 1]"
516,E1,2002,Sheffield United,"[0, 1, 1, 3, 3, 0, 3, 3, 3, 1, 0, 3, 3, 3, 1, 0, 0, 1, 3, 3, 1, 3, 3, 3, 1, 3, 3, 0, 0, 0, 3, 3, 3, 1, 3, 3, 1, 1, 3, 0, 3, 1, 3, 0]"
517,E1,2002,Sheffield Weds,"[1, 0, 0, 0, 1, 3, 1, 1, 1, 1, 0, 0, 0, 3, 0, 0, 0, 0, 1, 0, 0, 1, 0, 0, 3, 0, 3, 3, 0, 0, 1, 0, 3, 1, 0, 1, 0, 1, 3, 1, 1, 3, 3]"
518,E1,2002,Stoke,"[1, 0, 3, 0, 1, 0, 0, 3, 3, 1, 1, 1, 0, 0, 0, 0, 0, 0, 0, 0, 1, 0, 1, 1, 0, 3, 3, 1, 0, 1, 0, 3, 0, 3, 1, 1, 1, 3, 1, 3, 3, 0, 3]"
519,E1,2002,Walsall,"[0, 0, 1, 3, 3, 0, 0, 0, 0, 3, 3, 1, 0, 1, 1, 0, 3, 0, 0, 3, 0, 3, 3, 0, 0, 0, 1, 0, 1, 3, 0, 3, 0, 3, 1, 0, 3, 0, 0, 1, 1, 3, 3, 0]"
520,E1,2002,Watford,"[0, 1, 3, 0, 3, 0, 3, 3, 1, 1, 3, 3, 3, 0, 3, 3, 1, 0, 0, 0, 3, 0, 0, 3, 1, 0, 1, 0, 3, 3, 0, 0, 1, 1, 0, 0, 0, 0, 1, 3, 0, 3, 0, 0, 3]"
521,E1,2002,Wimbledon,"[0, 1, 0, 3, 0, 3, 0, 3, 0, 0, 0, 0, 1, 1, 1, 3, 3, 3, 3, 0, 3, 3, 0, 1, 1, 1, 1, 0, 3, 1, 3, 3, 1, 1, 3, 3, 0, 0, 0, 0, 0, 3, 3, 3]"
522,E1,2002,Wolves,"[1, 3, 3, 3, 1, 0, 0, 0, 3, 0, 0, 3, 3, 3, 1, 1, 1, 3, 3, 1, 3, 0, 1, 0, 0, 1, 3, 1, 3, 0, 1, 3, 1, 3, 0, 1, 3, 3, 3, 1, 1]"
523,E1,2003,Bradford,"[1, 3, 0, 0, 0, 3, 3, 0, 0, 0, 1, 0, 1, 0, 0, 0, 1, 1, 0, 3, 0, 0, 0, 0, 0, 3, 3, 0, 0, 0, 0, 0, 3, 0, 3, 3, 1, 0, 0, 0, 3, 0, 0, 0, 0, 0]"
524,E1,2003,Burnley,"[0, 0, 0, 3, 3, 3, 0, 0, 3, 1, 1, 3, 0, 1, 1, 1, 0, 0, 1, 3, 1, 3, 0, 0, 0, 0, 1, 1, 1, 3, 3, 1, 0, 1, 1, 0, 1, 3, 0, 3, 0, 0, 3, 3, 0, 0]"
525,E1,2003,Cardiff,"[1, 0, 3, 3, 1, 3, 0, 0, 3, 1, 0, 1, 3, 1, 3, 1, 3, 3, 1, 0, 3, 1, 0, 0, 0, 0, 3, 3, 1, 1, 0, 3, 0, 0, 3, 0, 3, 3, 3, 1, 0, 0, 3, 1, 1, 1]"
526,E1,2003,Coventry,"[1, 1, 0, 0, 3, 0, 3, 1, 3, 0, 3, 0, 1, 3, 1, 1, 1, 1, 1, 1, 0, 1, 3, 3, 0, 0, 1, 3, 1, 3, 0, 3, 3, 3, 0, 3, 3, 0, 0, 0, 3, 0, 0, 1, 3, 3]"
527,E1,2003,Crewe,"[0, 3, 1, 3, 0, 3, 0, 3, 0, 0, 0, 1, 3, 3, 1, 3, 0, 0, 3, 0, 1, 3, 1, 0, 3, 1, 3, 0, 0, 1, 0, 0, 1, 3, 0, 0, 0, 3, 0, 1, 0, 3, 1, 0, 1, 0]"
528,E1,2003,Crystal Palace,"[3, 3, 3, 0, 1, 0, 0, 1, 0, 0, 3, 1, 1, 0, 0, 0, 1, 1, 3, 1, 0, 0, 3, 3, 0, 3, 1, 3, 3, 3, 3, 3, 0, 3, 1, 0, 3, 0, 3, 3, 3, 1, 3, 3, 3, 0]"
529,E1,2003,Derby,"[0, 1, 0, 0, 0, 3, 3, 1, 1, 3, 0, 1, 1, 0, 0, 0, 0, 1, 3, 1, 3, 0, 1, 1, 0, 0, 3, 3, 0, 1, 0, 3, 0, 1, 3, 0, 3, 1, 0, 0, 1, 3, 3, 0, 3, 0]"
530,E1,2003,Gillingham,"[1, 1, 3, 0, 1, 3, 0, 0, 3, 1, 0, 0, 0, 0, 3, 3, 0, 3, 0, 1, 3, 1, 0, 3, 3, 0, 0, 3, 0, 0, 1, 0, 3, 1, 0, 3, 0, 0, 0, 0, 0, 3, 0, 3, 0, 1]"
531,E1,2003,Ipswich,"[1, 0, 1, 0, 0, 0, 3, 3, 3, 0, 3, 3, 3, 3, 3, 1, 0, 1, 3, 3, 1, 3, 1, 0, 3, 0, 1, 3, 1, 0, 3, 0, 3, 0, 0, 0, 3, 3, 3, 0, 3, 3, 3, 0, 1, 1]"
532,E1,2003,Millwall,"[3, 3, 1, 1, 1, 0, 0, 3, 3, 1, 0, 3, 1, 0, 3, 1, 3, 0, 0, 1, 0, 1, 1, 3, 3, 0, 1, 3, 3, 1, 3, 3, 3, 0, 3, 3, 3, 1, 1, 0, 1, 1, 0, 0, 0, 3]"
533,E1,2003,Norwich,"[1, 3, 0, 3, 0, 3, 3, 1, 3, 3, 1, 1, 0, 3, 3, 3, 3, 0, 1, 1, 3, 1, 3, 3, 3, 3, 0, 1, 3, 3, 3, 1, 1, 3, 0, 3, 0, 3, 3, 3, 3, 3, 3, 3, 0, 3]"
534,E1,2003,Nottm Forest,"[3, 0, 0, 3, 3, 3, 3, 0, 1, 0, 0, 1, 3, 1, 3, 0, 0, 1, 1, 0, 1, 1, 0, 0, 0, 0, 0, 1, 0, 1, 1, 1, 3, 3, 0, 3, 1, 0, 3, 3, 1, 1, 1, 3, 3, 3]"
535,E1,2003,Preston,"[0, 1, 0, 0, 3, 0, 3, 3, 0, 3, 3, 3, 0, 0, 1, 3, 3, 1, 1, 0, 3, 1, 3, 3, 1, 1, 3, 0, 3, 0, 0, 0, 3, 1, 1, 1, 0, 0, 0, 3, 1, 1, 0, 1, 0, 1]"
536,E1,2003,Reading,"[1, 3, 3, 1, 3, 0, 3, 0, 0, 0, 1, 3, 3, 0, 3, 0, 3, 3, 1, 0, 3, 3, 0, 0, 0, 1, 1, 3, 3, 0, 3, 1, 3, 0, 1, 1, 3, 0, 3, 3, 0, 0, 1, 3, 3, 0]"
537,E1,2003,Rotherham,"[1, 0, 3, 1, 0, 0, 0, 0, 1, 3, 0, 1, 1, 1, 1, 0, 0, 3, 1, 3, 3, 3, 1, 3, 3, 0, 0, 1, 0, 3, 1, 0, 3, 0, 0, 1, 0, 3, 1, 0, 0, 3, 1, 1, 3, 0]"
538,E1,2003,Sheffield United,"[1, 1, 3, 3, 3, 0, 3, 3, 3, 3, 0, 3, 0, 1, 0, 1, 3, 3, 0, 3, 0, 3, 1, 3, 1, 3, 1, 0, 0, 0, 0, 3, 0, 3, 3, 1, 3, 1, 0, 0, 0, 3, 0, 3, 1, 1]"
539,E1,2003,Stoke,"[3, 3, 1, 1, 0, 0, 0, 3, 1, 0, 0, 3, 0, 0, 1, 1, 0, 3, 0, 0, 0, 3, 3, 3, 1, 3, 3, 3, 3, 1, 0, 1, 3, 3, 1, 1, 0, 0, 3, 1, 0, 3, 0, 3, 3, 1]"
540,E1,2003,Sunderland,"[0, 0, 3, 3, 3, 3, 0, 1, 3, 3, 3, 1, 3, 1, 0, 1, 3, 1, 0, 1, 1, 1, 0, 3, 3, 3, 3, 0, 1, 0, 3, 1, 3, 1, 3, 3, 3, 3, 3, 0, 0, 0, 1, 1, 3, 3]"
541,E1,2003,Walsall,"[3, 1, 1, 0, 1, 0, 0, 0, 3, 3, 0, 1, 0, 3, 3, 0, 3, 1, 1, 0, 3, 0, 3, 1, 3, 1, 0, 0, 0, 1, 1, 0, 0, 0, 1, 3, 0, 3, 1, 3, 0, 0, 0, 0, 0, 3]"
542,E1,2003,Watford,"[0, 0, 0, 1, 3, 0, 0, 0, 1, 3, 1, 3, 1, 3, 0, 3, 0, 1, 3, 1, 0, 1, 1, 0, 0, 3, 1, 0, 0, 1, 3, 3, 3, 0, 0, 0, 3, 0, 1, 3, 3, 1, 3, 0, 0, 3]"
543,E1,2003,West Brom,"[0, 3, 3, 3, 3, 3, 0, 1, 3, 3, 3, 0, 3, 0, 3, 1, 3, 1, 1, 3, 1, 3, 1, 0, 1, 1, 3, 1, 3, 0, 3, 3, 0, 1, 3, 3, 3, 3, 3, 3, 1, 3, 3, 0, 0, 0]"
544,E1,2003,West Ham,"[3, 1, 0, 3, 3, 3, 3, 0, 1, 3, 3, 1, 1, 1, 1, 1, 0, 1, 1, 3, 1, 0, 3, 1, 0, 3, 0, 1, 3, 3, 1, 3, 1, 1, 3, 0, 3, 0, 3, 0, 1, 0, 3, 3, 3, 1]"
545,E1,2003,Wigan,"[0, 1, 3, 3, 3, 3, 3, 3, 1, 1, 1, 1, 3, 3, 1, 0, 3, 0, 1, 0, 1, 0, 3, 3, 0, 1, 1, 3, 1, 3, 3, 1, 3, 0, 1, 0, 3, 1, 0, 3, 0, 3, 1, 1, 0, 1]"
546,E1,2003,Wimbledon,"[3, 0, 0, 0, 0, 0, 0, 0, 1, 0, 0, 0, 0, 3, 0, 3, 0, 3, 0, 1, 0, 0, 0, 0, 3, 1, 0, 0, 0, 0, 0, 0, 0, 0, 0, 0, 0, 3, 0, 1, 0, 3, 0, 0, 1, 3]"
547,E1,2004,Brighton,"[0, 0, 1, 0, 3, 3, 1, 0, 0, 3, 1, 0, 1, 3, 0, 3, 0, 0, 3, 1, 1, 3, 3, 1, 1, 0, 3, 0, 0, 0, 1, 1]"
548,E1,2004,Burnley,"[1, 1, 3, 1, 0, 0, 3, 1, 3, 1, 1, 1, 0, 3, 0, 3, 0, 3, 3, 1, 0, 0, 0, 0, 1, 3, 0, 1]"
549,E1,2004,Cardiff,"[1, 3, 0, 0, 0, 0, 1, 0, 0, 3, 0, 1, 3, 1, 1, 0, 0, 3, 0, 0, 1, 1, 3, 3, 1, 3, 0, 0, 1, 0, 1, 3]"
550,E1,2004,Coventry,"[3, 0, 1, 0, 3, 3, 0, 1, 1, 0, 0, 1, 1, 0, 0, 3, 0, 1, 0, 3, 0, 0, 3, 0, 0, 0, 0, 3, 0, 1, 0, 0, 1, 1]"
551,E1,2004,Crewe,"[1, 0, 1, 0, 3, 0, 0, 0, 3, 3, 3, 0, 0, 3, 3, 1, 3, 1, 3, 3, 0, 0, 1, 1, 1, 0, 1, 1, 1, 0]"
552,E1,2004,Derby,"[0, 0, 3, 3, 0, 0, 3, 3, 1, 1, 1, 0, 3, 1, 3, 0, 1, 3, 3, 3, 0, 0, 3, 0, 3, 3, 3, 3, 1, 3, 3, 3]"
553,E1,2004,Gillingham,"[0, 3, 3, 0, 0, 3, 0, 1, 0, 0, 0, 0, 0, 1, 0, 3, 0, 0, 3, 0, 3, 1, 1, 3, 0, 1, 0, 1, 3, 1, 1, 0, 1]"
554,E1,2004,Ipswich,"[3, 1, 0, 3, 3, 3, 3, 0, 1, 3, 1, 1, 1, 3, 3, 1, 3, 3, 0, 3, 0, 3, 3, 1, 0, 3, 3, 1, 0, 1, 1]"
555,E1,2004,Leeds,"[3, 0, 1, 1, 0, 3, 3, 1, 1, 3, 1, 0, 0, 0, 0, 1, 1, 3, 3, 0, 3, 1, 3, 0, 1, 3, 0, 1, 1, 3, 1, 1, 1]"
556,E1,2004,Leicester,"[1, 3, 0, 0, 1, 0, 3, 3, 0, 3, 1, 1, 1, 1, 3, 0, 3, 3, 0, 1, 0, 0, 3, 1, 3, 1, 0, 1, 1, 0, 1, 0, 1]"
557,E1,2004,Millwall,"[1, 0, 3, 3, 3, 0, 1, 3, 0, 3, 1, 1, 0, 0, 3, 3, 1, 3, 3, 0, 0, 3, 0, 1, 0, 3, 0, 1, 3, 1, 3, 1]"
558,E1,2004,Nottm Forest,"[1, 1, 1, 1, 0, 0, 1, 0, 3, 0, 0, 3, 1, 0, 0, 0, 0, 3, 0, 1, 0, 0, 3, 0, 0, 1, 0, 1, 1, 1, 0, 3, 1]"
559,E1,2004,Plymouth,"[1, 3, 3, 3, 0, 3, 0, 0, 1, 3, 0, 3, 0, 3, 0, 0, 3, 0, 0, 3, 0, 1, 0, 0, 0, 1, 0, 3, 3, 0, 0, 0, 1, 1]"
560,E1,2004,Preston,"[3, 1, 0, 0, 0, 3, 3, 0, 3, 1, 1, 0, 3, 3, 1, 3, 0, 0, 3, 1, 3, 3, 3, 1, 3, 3, 1, 1, 3, 3, 0, 0]"
561,E1,2004,QPR,"[1, 0, 1, 0, 3, 0, 3, 3, 3, 3, 3, 3, 3, 0, 0, 3, 3, 0, 0, 0, 0, 0, 1, 0, 3, 3, 1, 1, 3, 1, 3, 1, 0, 1]"
562,E1,2004,Reading,"[3, 0, 3, 3, 0, 3, 0, 3, 3, 1, 1, 3, 1, 3, 3, 1, 0, 3, 3, 3, 0, 1, 0, 1, 1, 1, 0, 1, 3, 0, 3, 3, 3, 0, 0]"
563,E1,2004,Rotherham,"[1, 1, 1, 0, 0, 0, 0, 0, 1, 0, 0, 0, 0, 0, 3, 0, 1, 0, 3, 1, 0, 3, 0, 1, 0, 0, 3, 0, 0, 0, 1]"
564,E1,2004,Sheffield United,"[1, 1, 0, 3, 3, 3, 0, 0, 1, 3, 1, 3, 1, 3, 1, 1, 1, 3, 1, 3, 3, 3, 0, 3, 0, 0, 0, 0, 1, 3, 1, 0, 1, 0]"
565,E1,2004,Stoke,"[3, 1, 1, 3, 3, 3, 0, 3, 1, 0, 0, 0, 1, 0, 3, 3, 3, 1, 0, 0, 0, 0, 0, 3, 3, 3, 0, 1, 3, 0, 3, 0]"
566,E1,2004,Sunderland,"[0, 3, 1, 0, 1, 0, 3, 3, 0, 1, 3, 1, 3, 3, 0, 3, 3, 0, 3, 0, 1, 3, 3, 1, 0, 3, 3, 3, 3, 0, 1, 3, 3]"
567,E1,2004,Watford,"[0, 3, 0, 3, 3, 1, 3, 0, 1, 0, 1, 1, 1, 1, 1, 0, 0, 1, 0, 0, 1, 3, 0, 3, 1, 3, 0, 1, 0, 0, 3, 1, 0]"
568,E1,2004,West Ham,"[1, 3, 0, 3, 3, 0, 3, 3, 0, 1, 3, 0, 3, 3, 3, 3, 3, 1, 0, 3, 1, 3, 0, 0, 0, 3, 3, 0, 1, 1, 3, 1, 3, 1, 3]"
569,E1,2004,Wigan,"[1, 3, 3, 3, 1, 3, 1, 1, 1, 3, 3, 3, 3, 0, 0, 1, 3, 3, 0, 0, 0, 3, 3, 3, 1, 3, 3, 3, 3, 1, 3, 1, 3]"
570,E1,2004,Wolves,"[0, 1, 1, 1, 1, 0, 1, 3, 0, 0, 0, 3, 3, 3, 1, 3, 0, 1, 1, 1, 1, 1, 0, 3, 3, 1, 1, 1, 1, 3, 1, 3, 1, 3, 3]"
571,E1,2005,Brighton,"[1, 0, 1, 0, 1, 3, 1, 0, 1, 1, 1, 0, 0, 3, 1, 1, 1, 0, 0, 1, 1, 1, 0, 3, 3, 0, 0, 0, 3, 0, 1, 0, 0, 0, 0, 0, 0, 1, 1, 1, 3, 0, 3, 0, 0, 0]"
572,E1,2005,Burnley,"[0, 0, 3, 0, 1, 0, 1, 1, 0, 1, 3, 3, 0, 3, 0, 3, 3, 3, 3, 0, 3, 1, 0, 3, 3, 0, 0, 1, 0, 0, 1, 3, 0, 0, 0, 0, 0, 0, 3, 1, 1, 3, 1, 1, 0, 1]"
573,E1,2005,Cardiff,"[0, 3, 0, 0, 1, 1, 3, 3, 1, 3, 0, 3, 1, 3, 1, 0, 1, 3, 0, 1, 3, 0, 3, 1, 0, 0, 3, 0, 3, 3, 1, 0, 3, 1, 3, 0, 3, 0, 3, 1, 0, 0, 0, 1, 0, 0]"
574,E1,2005,Coventry,"[1, 1, 0, 3, 0, 1, 1, 1, 1, 0, 3, 0, 0, 1, 0, 3, 0, 1, 1, 0, 1, 3, 3, 3, 0, 1, 0, 3, 0, 3, 3, 3, 0, 3, 0, 3, 1, 3, 1, 0, 0, 1, 3, 1, 3, 3]"
575,E1,2005,Crewe,"[3, 1, 1, 1, 0, 0, 1, 1, 0, 1, 0, 0, 3, 0, 0, 1, 3, 3, 0, 0, 0, 0, 0, 1, 1, 1, 0, 0, 0, 0, 0, 0, 1, 0, 3, 1, 1, 0, 3, 0, 3, 3, 1, 1, 0, 3]"
576,E1,2005,Crystal Palace,"[0, 0, 1, 3, 3, 3, 0, 0, 1, 3, 3, 3, 0, 3, 1, 0, 3, 3, 0, 1, 1, 0, 3, 3, 3, 3, 3, 1, 1, 0, 3, 1, 3, 1, 3, 0, 3, 1, 3, 0, 3, 0, 1, 1, 3, 0]"
577,E1,2005,Derby,"[1, 1, 3, 3, 1, 0, 1, 1, 1, 0, 0, 1, 3, 1, 0, 0, 1, 0, 0, 3, 1, 3, 1, 1, 1, 0, 1, 0, 3, 0, 0, 1, 1, 1, 0, 3, 1, 3, 0, 3, 0, 3, 1, 1, 0, 0]"
578,E1,2005,Hull,"[1, 1, 0, 3, 3, 1, 0, 0, 0, 3, 0, 1, 1, 1, 3, 0, 0, 0, 0, 1, 1, 3, 3, 0, 1, 3, 0, 0, 0, 3, 0, 3, 1, 1, 0, 0, 0, 3, 3, 1, 3, 0, 1, 1, 1, 1]"
579,E1,2005,Ipswich,"[3, 0, 1, 3, 3, 0, 0, 1, 0, 3, 0, 3, 0, 1, 0, 1, 1, 3, 1, 0, 0, 1, 1, 3, 0, 0, 3, 1, 1, 3, 1, 3, 3, 3, 0, 3, 1, 0, 1, 1, 0, 0, 0, 0, 3, 0]"
580,E1,2005,Leeds,"[3, 0, 1, 3, 3, 1, 0, 3, 0, 3, 1, 3, 3, 1, 1, 0, 1, 3, 3, 3, 3, 0, 0, 3, 3, 3, 3, 0, 3, 1, 3, 1, 3, 1, 3, 3, 1, 1, 0, 1, 0, 1, 1, 1, 3, 0]"
581,E1,2005,Leicester,"[0, 3, 1, 1, 0, 1, 3, 0, 1, 0, 1, 1, 3, 0, 3, 1, 1, 0, 1, 3, 0, 0, 1, 1, 0, 0, 0, 0, 0, 0, 3, 3, 3, 1, 1, 0, 3, 3, 3, 1, 0, 3, 0, 1, 3, 0]"
582,E1,2005,Luton,"[3, 3, 1, 0, 3, 3, 1, 0, 3, 1, 3, 3, 0, 3, 1, 0, 0, 0, 0, 3, 3, 0, 0, 0, 1, 3, 0, 0, 0, 3, 3, 0, 0, 1, 3, 0, 0, 0, 3, 1, 3, 1, 0, 3, 1, 1]"
583,E1,2005,Millwall,"[0, 1, 0, 0, 0, 0, 0, 3, 3, 1, 1, 1, 1, 0, 0, 1, 0, 0, 1, 3, 0, 1, 0, 0, 1, 1, 3, 3, 0, 1, 1, 0, 0, 1, 1, 0, 3, 1, 0, 3, 0, 0, 1, 0, 3, 0]"
584,E1,2005,Norwich,"[1, 1, 1, 0, 0, 0, 3, 0, 3, 0, 3, 3, 1, 0, 0, 0, 3, 0, 3, 0, 1, 0, 3, 3, 3, 3, 3, 0, 1, 0, 0, 0, 1, 3, 3, 0, 3, 1, 3, 0, 3, 0, 0, 3, 3, 0]"
585,E1,2005,Plymouth,"[3, 1, 0, 0, 0, 0, 0, 1, 3, 1, 0, 3, 1, 1, 1, 1, 0, 3, 1, 0, 0, 1, 3, 3, 1, 0, 1, 3, 3, 3, 0, 1, 1, 3, 0, 3, 1, 0, 0, 1, 3, 1, 1, 0, 0, 3]"
586,E1,2005,Preston,"[3, 1, 0, 0, 1, 3, 3, 1, 0, 1, 0, 1, 1, 1, 1, 1, 3, 1, 3, 3, 1, 3, 1, 1, 1, 3, 3, 3, 3, 3, 1, 3, 1, 0, 1, 1, 3, 0, 1, 3, 3, 3, 3, 3, 1, 3]"
587,E1,2005,QPR,"[1, 3, 3, 0, 1, 0, 1, 3, 0, 3, 1, 0, 1, 1, 3, 3, 0, 0, 0, 0, 1, 3, 1, 0, 0, 3, 3, 1, 3, 0, 0, 0, 3, 0, 3, 1, 1, 1, 1, 0, 0, 0, 1, 0, 0, 0]"
588,E1,2005,Reading,"[0, 3, 3, 3, 1, 3, 1, 3, 3, 3, 1, 3, 3, 1, 3, 1, 3, 3, 3, 3, 3, 3, 3, 3, 3, 3, 1, 3, 3, 1, 3, 3, 3, 1, 0, 3, 3, 1, 1, 1, 3, 3, 1, 3, 1, 3]"
589,E1,2005,Sheffield United,"[3, 3, 0, 3, 3, 3, 3, 3, 3, 3, 3, 0, 3, 3, 1, 1, 3, 3, 1, 1, 0, 3, 3, 1, 0, 3, 3, 3, 1, 3, 3, 0, 1, 1, 3, 0, 1, 0, 0, 3, 1, 3, 3, 1, 1, 3]"
590,E1,2005,Sheffield Weds,"[1, 1, 0, 0, 1, 0, 3, 0, 1, 0, 3, 1, 1, 1, 3, 0, 3, 0, 0, 1, 0, 0, 0, 0, 1, 0, 3, 3, 3, 0, 0, 3, 1, 0, 0, 0, 0, 1, 3, 3, 1, 0, 3, 3, 1, 3]"
591,E1,2005,Southampton,"[1, 0, 3, 3, 3, 1, 1, 1, 1, 1, 1, 1, 1, 0, 3, 3, 1, 0, 1, 1, 1, 3, 0, 0, 0, 0, 3, 0, 0, 1, 0, 1, 0, 1, 3, 1, 1, 0, 0, 1, 3, 3, 3, 3, 0, 3]"
592,E1,2005,Stoke,"[1, 0, 3, 3, 0, 3, 0, 3, 3, 0, 0, 0, 0, 3, 0, 0, 3, 3, 3, 0, 3, 0, 3, 3, 0, 0, 0, 1, 0, 0, 1, 0, 1, 3, 0, 1, 0, 3, 1, 3, 1, 3, 0, 0, 0, 3]"
593,E1,2005,Watford,"[0, 1, 3, 3, 1, 3, 3, 3, 0, 1, 0, 1, 0, 1, 3, 3, 3, 3, 3, 1, 1, 1, 1, 0, 3, 1, 0, 3, 3, 3, 3, 3, 3, 0, 3, 3, 1, 1, 3, 0, 0, 1, 1, 3, 3, 1]"
594,E1,2005,Wolves,"[1, 3, 3, 0, 1, 3, 1, 0, 1, 3, 3, 0, 0, 1, 1, 0, 1, 3, 3, 1, 1, 1, 1, 3, 0, 3, 1, 0, 3, 1, 0, 1, 3, 3, 3, 1, 1, 3, 1, 0, 0, 1, 1, 0, 3, 3]"
595,E1,2006,Barnsley,"[0, 3, 3, 1, 0, 1, 0, 3, 0, 0, 0, 1, 0, 0, 0, 3, 0, 0, 3, 3, 1, 1, 0, 0, 3, 0, 0, 0, 3, 3, 0, 0, 0, 3, 3, 0, 0, 3, 0, 0, 0, 3, 3, 3, 0, 0]"
596,E1,2006,Birmingham,"[3, 3, 1, 3, 0, 3, 3, 1, 0, 1, 0, 0, 3, 3, 3, 3, 3, 1, 3, 0, 3, 3, 3, 3, 3, 1, 0, 0, 1, 3, 3, 1, 0, 3, 3, 3, 0, 1, 3, 0, 0, 3, 3, 3, 3, 0]"
597,E1,2006,Burnley,"[3, 3, 1, 0, 1, 0, 3, 3, 0, 3, 3, 1, 1, 3, 3, 3, 0, 0, 0, 3, 1, 0, 1, 1, 0, 0, 1, 0, 0, 0, 1, 0, 0, 1, 1, 0, 0, 1, 3, 3, 3, 0, 3, 3, 0, 0]"
598,E1,2006,Cardiff,"[3, 1, 3, 3, 3, 0, 1, 3, 3, 3, 3, 3, 0, 1, 3, 0, 3, 0, 1, 0, 1, 1, 0, 1, 1, 1, 1, 0, 3, 3, 3, 1, 3, 0, 3, 0, 3, 1, 0, 0, 0, 0, 1, 0, 0, 0]"
599,E1,2006,Colchester,"[0, 0, 0, 0, 3, 3, 1, 3, 1, 3, 0, 3, 0, 3, 1, 3, 0, 0, 3, 3, 1, 3, 3, 0, 3, 3, 0, 1, 0, 3, 1, 3, 0, 0, 1, 0, 1, 0, 3, 3, 3, 3, 1, 3, 0, 0]"
600,E1,2006,Coventry,"[3, 0, 0, 1, 3, 3, 0, 3, 0, 0, 3, 0, 3, 3, 0, 0, 0, 3, 3, 1, 1, 3, 0, 0, 0, 1, 0, 0, 0, 3, 0, 1, 0, 3, 1, 3, 1, 3, 3, 0, 0, 1, 0, 0, 0, 3]"
601,E1,2006,Crystal Palace,"[3, 3, 3, 0, 1, 0, 0, 3, 3, 1, 0, 0, 1, 0, 0, 0, 0, 3, 1, 1, 3, 0, 0, 3, 1, 1, 3, 3, 1, 1, 3, 0, 0, 3, 3, 1, 3, 3, 0, 0, 3, 0, 1, 0, 3, 3]"
602,E1,2006,Derby,"[1, 0, 3, 1, 0, 0, 3, 1, 3, 3, 0, 3, 0, 1, 3, 3, 3, 3, 3, 3, 0, 3, 3, 1, 0, 3, 3, 3, 3, 3, 3, 1, 0, 0, 3, 3, 0, 1, 3, 3, 1, 1, 0, 3, 0, 3]"
603,E1,2006,Hull,"[0, 0, 0, 1, 0, 0, 3, 3, 0, 1, 0, 1, 0, 0, 3, 1, 3, 0, 1, 0, 0, 0, 3, 1, 0, 3, 3, 3, 1, 0, 0, 1, 0, 3, 0, 0, 3, 3, 0, 3, 0, 0, 1, 1, 3, 0]"
604,E1,2006,Ipswich,"[0, 0, 0, 1, 3, 3, 3, 1, 3, 0, 0, 0, 3, 3, 1, 0, 0, 3, 0, 0, 1, 1, 3, 0, 3, 0, 3, 0, 3, 1, 0, 0, 0, 0, 3, 3, 0, 0, 3, 3, 3, 0, 3, 1, 1, 3]"
605,E1,2006,Leeds,"[3, 1, 0, 0, 3, 0, 0, 0, 3, 0, 0, 0, 0, 3, 0, 0, 3, 0, 3, 0, 1, 0, 0, 1, 0, 0, 3, 0, 3, 0, 3, 0, 1, 0, 0, 0, 3, 1, 1, 3, 3, 0, 3, 0, 1, 0]"
606,E1,2006,Leicester,"[0, 0, 3, 1, 3, 0, 0, 1, 1, 1, 3, 3, 1, 1, 3, 0, 1, 0, 0, 0, 0, 3, 3, 1, 3, 0, 0, 1, 0, 1, 3, 3, 3, 1, 1, 0, 1, 0, 0, 1, 0, 0, 0, 3, 3, 0]"
607,E1,2006,Luton,"[3, 3, 0, 1, 0, 3, 1, 0, 1, 3, 3, 1, 3, 0, 0, 0, 0, 0, 0, 0, 3, 0, 1, 3, 0, 1, 1, 0, 0, 0, 1, 1, 3, 0, 0, 0, 0, 0, 0, 1, 0, 0, 0, 0, 3, 0]"
608,E1,2006,Norwich,"[0, 3, 3, 1, 3, 0, 1, 0, 0, 0, 1, 3, 3, 0, 1, 3, 3, 0, 1, 3, 0, 0, 0, 1, 1, 3, 0, 0, 0, 3, 0, 1, 3, 3, 0, 0, 3, 3, 0, 3, 0, 3, 0, 1, 0, 0]"
609,E1,2006,Plymouth,"[1, 3, 3, 0, 1, 1, 1, 0, 3, 3, 3, 1, 1, 3, 1, 0, 1, 1, 0, 3, 0, 3, 0, 1, 1, 0, 1, 3, 3, 0, 1, 0, 3, 1, 1, 1, 0, 3, 0, 0, 0, 3, 3, 3, 3, 3]"
610,E1,2006,Preston,"[1, 0, 3, 1, 1, 3, 3, 1, 3, 1, 3, 3, 3, 0, 3, 3, 1, 3, 1, 1, 0, 0, 3, 3, 0, 3, 0, 3, 3, 0, 3, 0, 3, 0, 3, 0, 3, 3, 0, 0, 0, 0, 3, 0, 0, 3]"
611,E1,2006,QPR,"[0, 1, 3, 1, 0, 1, 0, 0, 3, 3, 1, 0, 0, 1, 1, 3, 3, 3, 0, 0, 0, 0, 0, 3, 0, 0, 3, 0, 0, 0, 3, 0, 1, 1, 0, 1, 1, 3, 0, 3, 3, 3, 0, 3, 0, 1]"
612,E1,2006,Sheffield Weds,"[1, 0, 1, 3, 0, 1, 1, 0, 0, 0, 3, 0, 3, 1, 3, 3, 3, 0, 1, 3, 3, 3, 0, 1, 3, 3, 0, 0, 0, 0, 0, 1, 0, 3, 3, 1, 1, 3, 1, 3, 3, 3, 3, 3, 0, 3]"
613,E1,2006,Southampton,"[1, 3, 1, 1, 1, 0, 3, 3, 3, 0, 0, 0, 3, 0, 3, 1, 1, 3, 3, 3, 3, 0, 3, 1, 1, 3, 1, 1, 3, 3, 0, 1, 3, 0, 3, 0, 0, 1, 0, 3, 3, 0, 0, 3, 3, 3]"
614,E1,2006,Southend,"[3, 0, 0, 3, 0, 1, 1, 1, 0, 0, 0, 1, 0, 0, 0, 0, 1, 1, 0, 0, 0, 3, 1, 0, 1, 1, 3, 3, 0, 3, 1, 3, 0, 0, 0, 1, 3, 3, 1, 0, 0, 3, 0, 0, 0, 0]"
615,E1,2006,Stoke,"[0, 3, 1, 1, 1, 1, 1, 0, 0, 1, 3, 3, 0, 3, 0, 3, 3, 3, 3, 3, 1, 3, 0, 3, 0, 3, 1, 0, 3, 1, 1, 0, 1, 3, 0, 1, 3, 1, 0, 3, 3, 3, 1, 1, 3, 1]"
616,E1,2006,Sunderland,"[0, 0, 0, 0, 3, 3, 3, 1, 0, 3, 0, 0, 3, 3, 0, 0, 1, 3, 1, 3, 3, 3, 1, 0, 3, 0, 3, 3, 3, 1, 3, 3, 3, 1, 3, 3, 3, 1, 3, 3, 3, 3, 3, 0, 3, 3]"
617,E1,2006,West Brom,"[3, 1, 1, 3, 0, 3, 0, 1, 1, 3, 3, 3, 3, 0, 1, 0, 0, 3, 0, 0, 3, 1, 3, 1, 3, 3, 0, 3, 3, 3, 3, 1, 3, 3, 1, 0, 0, 0, 1, 3, 0, 3, 0, 0, 3, 3]"
618,E1,2006,Wolves,"[1, 3, 0, 3, 3, 3, 0, 0, 3, 0, 3, 3, 0, 1, 0, 3, 0, 1, 1, 1, 3, 0, 3, 1, 3, 0, 3, 1, 0, 3, 1, 3, 3, 3, 3, 3, 3, 0, 1, 0, 0, 3, 1, 0, 3, 3]"
619,E1,2007,Barnsley,"[0, 1, 3, 0, 3, 1, 3, 1, 3, 1, 1, 0, 0, 3, 3, 0, 3, 0, 1, 3, 1, 0, 0, 1, 1, 1, 0, 0, 3, 0, 3, 0, 0, 1, 1, 1, 3, 0, 0, 0, 3, 3, 0, 0, 3, 0]"
620,E1,2007,Blackpool,"[3, 1, 0, 3, 1, 1, 1, 1, 0, 1, 1, 0, 0, 0, 3, 0, 0, 3, 1, 3, 0, 0, 3, 1, 3, 3, 0, 1, 0, 3, 1, 1, 0, 3, 3, 1, 1, 0, 1, 1, 1, 0, 0, 3, 0, 1]"
621,E1,2007,Bristol City,"[1, 1, 3, 3, 3, 1, 1, 1, 0, 3, 3, 3, 3, 1, 0, 0, 0, 1, 3, 3, 1, 3, 3, 0, 3, 3, 1, 0, 3, 0, 3, 3, 1, 3, 3, 1, 1, 1, 0, 0, 3, 0, 1, 0, 0, 3]"
622,E1,2007,Burnley,"[3, 0, 3, 1, 3, 1, 1, 1, 0, 1, 3, 0, 1, 0, 3, 1, 3, 3, 1, 3, 0, 0, 1, 1, 0, 0, 3, 3, 3, 0, 1, 3, 0, 3, 1, 0, 1, 3, 0, 0, 3, 0, 0, 3, 1, 0]"
623,E1,2007,Cardiff,"[0, 3, 0, 3, 1, 0, 1, 1, 1, 3, 0, 0, 1, 1, 0, 3, 1, 1, 0, 3, 3, 0, 3, 1, 3, 3, 3, 1, 3, 0, 0, 1, 0, 0, 1, 3, 1, 3, 3, 1, 1, 3, 0, 0, 1, 3]"
624,E1,2007,Charlton,"[1, 0, 3, 3, 1, 3, 3, 1, 3, 1, 0, 0, 0, 3, 3, 3, 3, 0, 0, 3, 3, 0, 1, 1, 1, 0, 3, 1, 3, 0, 3, 1, 1, 0, 3, 1, 0, 0, 0, 1, 0, 3, 1, 0, 0, 3]"
625,E1,2007,Colchester,"[1, 1, 3, 0, 1, 1, 1, 0, 3, 0, 3, 0, 0, 1, 1, 1, 0, 0, 3, 0, 0, 1, 0, 1, 0, 3, 1, 0, 1, 1, 3, 1, 0, 0, 0, 0, 0, 1, 0, 0, 0, 3, 1, 0, 0, 1]"
626,E1,2007,Coventry,"[3, 1, 3, 3, 0, 1, 0, 1, 3, 0, 0, 0, 3, 3, 3, 0, 0, 1, 0, 3, 1, 0, 0, 3, 0, 0, 0, 0, 3, 0, 1, 3, 0, 0, 1, 3, 0, 1, 1, 3, 1, 0, 0, 3, 1, 0]"
627,E1,2007,Crystal Palace,"[3, 1, 0, 0, 0, 1, 3, 1, 0, 1, 1, 0, 0, 1, 1, 1, 3, 3, 1, 3, 1, 3, 3, 3, 3, 1, 3, 3, 0, 1, 0, 0, 1, 0, 3, 1, 3, 1, 3, 1, 1, 3, 3, 3, 0, 3]"
628,E1,2007,Hull,"[0, 1, 3, 0, 1, 3, 0, 3, 0, 1, 0, 3, 1, 0, 3, 3, 3, 1, 1, 0, 0, 3, 1, 3, 3, 1, 0, 3, 3, 1, 1, 1, 3, 0, 3, 3, 0, 3, 3, 3, 3, 1, 3, 0, 3, 0]"
629,E1,2007,Ipswich,"[3, 1, 3, 0, 0, 3, 0, 1, 3, 1, 3, 3, 1, 0, 3, 0, 3, 1, 0, 0, 3, 3, 1, 0, 0, 3, 1, 1, 1, 3, 0, 3, 3, 0, 1, 1, 0, 3, 3, 1, 0, 1, 3, 1, 1, 3]"
630,E1,2007,Leicester,"[0, 1, 3, 1, 1, 0, 1, 1, 3, 1, 0, 3, 1, 1, 0, 3, 1, 0, 1, 0, 0, 0, 1, 3, 1, 0, 3, 1, 3, 0, 0, 0, 3, 0, 3, 0, 1, 0, 3, 0, 3, 0, 1, 3, 0, 1]"
631,E1,2007,Norwich,"[1, 3, 0, 0, 3, 0, 0, 0, 1, 0, 0, 0, 0, 1, 0, 0, 3, 3, 0, 3, 3, 1, 3, 1, 1, 1, 3, 1, 3, 3, 3, 1, 0, 3, 0, 1, 0, 0, 0, 3, 0, 3, 0, 0, 3, 0]"
632,E1,2007,Plymouth,"[3, 1, 0, 1, 1, 3, 0, 1, 3, 1, 3, 3, 0, 0, 1, 3, 3, 0, 3, 0, 1, 3, 0, 3, 1, 0, 0, 1, 1, 0, 3, 3, 3, 3, 0, 3, 0, 0, 3, 1, 0, 0, 1, 1, 3, 0]"
633,E1,2007,Preston,"[1, 0, 0, 0, 3, 0, 1, 1, 3, 0, 1, 1, 3, 0, 1, 0, 0, 0, 0, 3, 0, 3, 3, 0, 0, 0, 3, 0, 3, 0, 3, 0, 1, 3, 0, 3, 3, 3, 1, 3, 3, 1, 0, 1, 1, 0]"
634,E1,2007,QPR,"[1, 0, 0, 1, 0, 1, 0, 0, 3, 1, 1, 3, 3, 0, 1, 1, 0, 0, 0, 1, 3, 1, 3, 0, 3, 3, 0, 3, 0, 3, 3, 0, 1, 1, 3, 1, 0, 3, 3, 1, 1, 1, 1, 3, 0, 0]"
635,E1,2007,Scunthorpe,"[1, 3, 0, 3, 0, 3, 0, 3, 1, 0, 1, 3, 1, 1, 0, 0, 0, 1, 0, 1, 1, 0, 0, 3, 0, 1, 0, 0, 0, 3, 1, 0, 0, 1, 3, 0, 3, 0, 0, 0, 0, 1, 0, 3, 3, 1]"
636,E1,2007,Sheffield United,"[1, 0, 3, 0, 3, 1, 0, 0, 1, 0, 1, 3, 1, 1, 3, 3, 0, 3, 3, 0, 0, 3, 0, 1, 0, 1, 3, 0, 1, 1, 1, 1, 1, 0, 1, 3, 3, 3, 3, 0, 3, 1, 3, 3, 3, 0]"
637,E1,2007,Sheffield Weds,"[0, 0, 0, 0, 0, 0, 3, 3, 0, 0, 3, 0, 3, 3, 1, 3, 1, 3, 0, 1, 0, 0, 1, 0, 3, 0, 3, 0, 0, 0, 1, 3, 1, 0, 3, 3, 1, 1, 1, 1, 1, 1, 1, 0, 3, 3]"
638,E1,2007,Southampton,"[0, 0, 3, 3, 0, 1, 0, 3, 0, 3, 3, 0, 3, 0, 1, 0, 3, 0, 3, 1, 3, 1, 0, 1, 1, 0, 3, 1, 0, 1, 0, 0, 0, 1, 1, 1, 1, 3, 0, 1, 0, 3, 1, 0, 1, 3]"
639,E1,2007,Stoke,"[3, 3, 0, 1, 1, 1, 3, 1, 1, 3, 0, 3, 0, 0, 3, 0, 1, 3, 3, 3, 1, 3, 3, 1, 1, 1, 1, 3, 0, 3, 3, 3, 3, 3, 0, 0, 1, 3, 1, 1, 1, 0, 3, 3, 3, 1]"
640,E1,2007,Watford,"[3, 3, 0, 3, 3, 3, 1, 1, 3, 3, 3, 3, 3, 0, 3, 1, 0, 0, 0, 3, 1, 0, 3, 1, 0, 3, 0, 1, 1, 3, 3, 3, 1, 1, 1, 1, 1, 1, 1, 0, 3, 0, 1, 0, 0, 1]"
641,E1,2007,West Brom,"[0, 3, 0, 3, 3, 1, 3, 3, 1, 0, 0, 3, 3, 3, 1, 3, 1, 3, 1, 0, 3, 3, 0, 3, 3, 0, 3, 1, 0, 3, 0, 1, 0, 3, 3, 1, 0, 1, 3, 1, 3, 1, 3, 3, 1, 3]"
642,E1,2007,Wolves,"[0, 3, 3, 1, 0, 0, 3, 1, 1, 3, 3, 3, 0, 1, 1, 3, 1, 3, 3, 0, 0, 1, 1, 0, 1, 1, 0, 3, 3, 0, 0, 1, 3, 3, 1, 0, 3, 3, 1, 3, 1, 0, 1, 3, 1, 3]"
643,E1,2008,Barnsley,"[0, 0, 0, 3, 0, 0, 1, 1, 0, 3, 0, 3, 1, 3, 3, 0, 3, 0, 3, 0, 0, 1, 0, 3, 3, 1, 0, 0, 0, 0, 3, 1, 3, 0, 1, 0, 3, 1, 1, 0, 1, 0, 1, 1, 1, 3]"
644,E1,2008,Birmingham,"[3, 3, 3, 1, 3, 3, 0, 3, 1, 3, 1, 3, 3, 0, 0, 1, 3, 3, 3, 1, 3, 3, 0, 0, 3, 1, 1, 0, 3, 1, 1, 3, 0, 1, 0, 3, 3, 1, 3, 1, 3, 1, 1, 3, 0, 3]"
645,E1,2008,Blackpool,"[0, 1, 0, 3, 3, 0, 3, 1, 1, 1, 1, 3, 1, 0, 3, 0, 0, 0, 0, 3, 3, 0, 1, 1, 1, 1, 0, 3, 0, 3, 0, 1, 0, 0, 1, 0, 3, 1, 3, 1, 0, 3, 1, 1, 1, 3]"
646,E1,2008,Bristol City,"[3, 1, 3, 1, 1, 0, 3, 0, 1, 0, 3, 3, 1, 1, 0, 3, 1, 0, 1, 0, 1, 0, 1, 0, 3, 3, 1, 3, 3, 3, 3, 3, 0, 3, 1, 0, 0, 3, 1, 0, 1, 0, 1, 0, 1, 0]"
647,E1,2008,Burnley,"[0, 0, 1, 1, 3, 3, 1, 3, 3, 0, 1, 3, 1, 3, 3, 0, 3, 1, 0, 3, 3, 1, 3, 3, 0, 0, 0, 0, 0, 3, 1, 3, 1, 1, 0, 3, 3, 3, 1, 3, 1, 3, 0, 3, 1, 3]"
648,E1,2008,Cardiff,"[3, 1, 1, 1, 1, 3, 1, 0, 3, 1, 3, 1, 3, 3, 0, 0, 3, 0, 1, 1, 3, 1, 3, 3, 1, 3, 1, 3, 3, 1, 1, 0, 3, 3, 0, 1, 3, 0, 1, 3, 3, 3, 0, 1, 0, 0]"
649,E1,2008,Charlton,"[3, 0, 3, 0, 0, 3, 1, 0, 0, 3, 0, 0, 1, 1, 0, 1, 0, 0, 0, 1, 0, 0, 1, 0, 1, 0, 0, 0, 3, 0, 0, 3, 1, 1, 0, 0, 1, 0, 1, 3, 1, 1, 1, 1, 0, 3]"
650,E1,2008,Coventry,"[3, 3, 0, 0, 1, 1, 3, 1, 0, 3, 0, 0, 1, 1, 3, 0, 0, 3, 1, 0, 1, 3, 0, 1, 1, 3, 1, 3, 0, 0, 3, 1, 3, 3, 0, 0, 0, 3, 1, 1, 0, 1, 0, 1, 0, 0]"
651,E1,2008,Crystal Palace,"[1, 0, 1, 0, 3, 0, 0, 1, 3, 3, 3, 0, 1, 0, 1, 3, 0, 3, 3, 1, 3, 3, 3, 1, 3, 0, 0, 0, 0, 3, 0, 1, 0, 0, 3, 0, 3, 0, 1, 1, 1, 0, 0, 3, 0, 1]"
652,E1,2008,Derby,"[0, 1, 0, 0, 3, 1, 1, 3, 1, 3, 3, 0, 1, 3, 1, 0, 3, 0, 1, 0, 0, 0, 1, 3, 0, 0, 0, 0, 3, 3, 3, 3, 0, 1, 3, 1, 0, 1, 1, 0, 3, 0, 0, 0, 3, 0]"
653,E1,2008,Doncaster,"[3, 1, 0, 3, 0, 0, 0, 0, 0, 0, 1, 0, 0, 0, 1, 0, 3, 1, 1, 1, 3, 0, 0, 0, 3, 3, 3, 3, 1, 3, 3, 3, 0, 3, 3, 0, 3, 0, 0, 0, 0, 3, 0, 3, 3, 0]"
654,E1,2008,Ipswich,"[0, 3, 0, 0, 3, 1, 1, 1, 3, 0, 1, 1, 3, 1, 3, 3, 0, 3, 0, 1, 0, 3, 0, 1, 0, 3, 1, 3, 3, 1, 0, 1, 3, 3, 0, 0, 1, 3, 1, 1, 0, 0, 1, 3, 3, 3]"
655,E1,2008,Norwich,"[0, 1, 1, 1, 3, 0, 3, 1, 0, 0, 0, 3, 3, 0, 0, 1, 0, 3, 0, 0, 3, 0, 0, 3, 0, 0, 0, 3, 1, 1, 1, 0, 0, 1, 0, 3, 0, 3, 3, 1, 0, 0, 3, 0, 0, 0]"
656,E1,2008,Nottm Forest,"[1, 0, 3, 0, 0, 0, 1, 0, 0, 0, 0, 1, 0, 3, 1, 1, 1, 0, 1, 3, 1, 0, 1, 3, 0, 3, 3, 3, 3, 0, 1, 0, 0, 0, 3, 3, 1, 0, 0, 0, 1, 3, 1, 3, 1, 3]"
657,E1,2008,Plymouth,"[1, 0, 0, 1, 0, 3, 3, 3, 1, 3, 0, 3, 0, 3, 0, 1, 3, 3, 1, 0, 0, 0, 1, 0, 3, 0, 0, 0, 1, 1, 0, 0, 0, 1, 3, 3, 1, 0, 0, 0, 3, 3, 1, 0, 1, 0]"
658,E1,2008,Preston,"[3, 3, 1, 3, 1, 3, 0, 0, 0, 0, 3, 0, 0, 3, 0, 1, 3, 3, 1, 3, 0, 3, 3, 0, 3, 1, 3, 3, 0, 1, 1, 1, 3, 0, 3, 0, 0, 1, 3, 1, 1, 0, 3, 3, 3, 3]"
659,E1,2008,QPR,"[3, 0, 3, 1, 3, 3, 0, 0, 1, 0, 3, 1, 1, 3, 0, 3, 0, 0, 3, 1, 3, 0, 1, 3, 1, 1, 1, 3, 3, 1, 1, 0, 1, 0, 0, 1, 0, 1, 3, 3, 1, 0, 3, 0, 1, 0]"
660,E1,2008,Reading,"[1, 3, 0, 3, 0, 3, 1, 3, 3, 3, 0, 3, 1, 0, 3, 3, 3, 0, 1, 3, 3, 3, 3, 3, 1, 1, 3, 0, 3, 1, 1, 0, 0, 3, 1, 1, 0, 3, 1, 1, 0, 1, 1, 3, 3, 0]"
661,E1,2008,Sheffield United,"[0, 3, 3, 1, 0, 1, 0, 3, 3, 3, 0, 1, 3, 1, 3, 3, 0, 3, 0, 1, 0, 3, 1, 1, 1, 3, 3, 3, 0, 1, 3, 0, 1, 3, 3, 1, 1, 3, 3, 3, 3, 3, 1, 0, 3, 1]"
662,E1,2008,Sheffield Weds,"[3, 0, 1, 1, 3, 0, 1, 3, 3, 0, 3, 0, 0, 0, 1, 3, 0, 0, 3, 3, 1, 3, 1, 0, 1, 0, 1, 3, 0, 1, 3, 0, 0, 3, 3, 0, 0, 1, 1, 1, 3, 0, 0, 3, 1, 3]"
663,E1,2008,Southampton,"[0, 0, 3, 0, 0, 1, 1, 3, 3, 0, 0, 1, 0, 1, 3, 0, 0, 3, 1, 1, 1, 0, 0, 0, 0, 1, 3, 0, 1, 1, 0, 0, 3, 3, 3, 0, 1, 1, 1, 0, 1, 0, 3, 0, 1, 0]"
664,E1,2008,Swansea,"[0, 3, 3, 1, 0, 1, 1, 0, 3, 3, 1, 1, 3, 0, 1, 3, 3, 0, 1, 1, 1, 1, 1, 1, 1, 1, 3, 3, 3, 1, 3, 0, 3, 1, 1, 1, 3, 0, 0, 1, 1, 3, 3, 3, 0, 0]"
665,E1,2008,Watford,"[1, 3, 0, 3, 0, 0, 1, 0, 0, 3, 3, 1, 0, 0, 0, 0, 0, 3, 1, 1, 0, 3, 3, 0, 0, 1, 0, 0, 3, 0, 3, 3, 3, 0, 3, 3, 1, 0, 1, 3, 1, 1, 0, 0, 3, 3]"
666,E1,2008,Wolves,"[1, 3, 3, 3, 3, 3, 3, 3, 0, 0, 3, 0, 3, 3, 3, 3, 3, 3, 3, 1, 0, 3, 3, 3, 1, 1, 0, 1, 0, 3, 1, 0, 0, 1, 0, 3, 3, 1, 3, 3, 0, 3, 3, 3, 1, 3]"
667,E1,2009,Barnsley,"[1, 0, 0, 0, 0, 0, 3, 1, 0, 3, 3, 3, 0, 0, 3, 1, 3, 3, 1, 1, 1, 3, 0, 0, 3, 0, 3, 3, 0, 0, 0, 3, 3, 0, 1, 3, 0, 0, 0, 1, 1, 1, 1, 0, 0, 1]"
668,E1,2009,Blackpool,"[1, 1, 1, 1, 3, 0, 3, 3, 3, 0, 0, 3, 3, 1, 1, 3, 0, 1, 0, 3, 0, 3, 1, 1, 0, 3, 1, 0, 0, 0, 1, 3, 3, 0, 3, 0, 0, 1, 3, 3, 3, 3, 0, 3, 3, 1]"
669,E1,2009,Bristol City,"[1, 3, 3, 0, 3, 1, 1, 1, 0, 3, 1, 1, 3, 3, 1, 1, 0, 0, 1, 3, 0, 1, 0, 1, 3, 0, 1, 1, 0, 0, 1, 3, 1, 0, 3, 0, 0, 1, 3, 3, 1, 3, 3, 0, 3, 1]"
670,E1,2009,Cardiff,"[3, 1, 3, 3, 0, 0, 3, 0, 0, 3, 3, 1, 3, 3, 1, 0, 0, 0, 3, 3, 3, 0, 1, 1, 1, 3, 3, 0, 3, 1, 0, 0, 3, 0, 0, 3, 3, 1, 3, 3, 3, 1, 1, 3, 3, 0]"
671,E1,2009,Coventry,"[3, 3, 1, 0, 0, 1, 3, 0, 1, 3, 1, 0, 0, 1, 0, 0, 1, 1, 0, 0, 3, 3, 3, 0, 3, 0, 1, 1, 1, 3, 3, 0, 3, 3, 3, 1, 0, 1, 0, 1, 0, 0, 0, 1, 1, 0]"
672,E1,2009,Crystal Palace,"[1, 0, 3, 0, 1, 0, 3, 3, 1, 3, 1, 0, 1, 1, 1, 3, 1, 3, 0, 3, 0, 1, 3, 1, 3, 0, 3, 3, 0, 0, 0, 1, 3, 0, 1, 0, 1, 0, 0, 3, 1, 3, 0, 1, 1, 1]"
673,E1,2009,Derby,"[3, 0, 1, 3, 0, 0, 0, 0, 3, 0, 3, 1, 0, 0, 0, 3, 0, 3, 1, 1, 3, 0, 0, 1, 0, 3, 0, 3, 1, 3, 3, 0, 0, 3, 0, 0, 1, 1, 1, 3, 3, 0, 1, 1, 0, 3]"
674,E1,2009,Doncaster,"[1, 1, 1, 0, 3, 1, 0, 1, 1, 1, 1, 0, 3, 0, 1, 0, 3, 0, 3, 3, 3, 3, 0, 3, 0, 0, 0, 1, 3, 3, 0, 0, 1, 3, 1, 3, 3, 1, 0, 3, 0, 0, 0, 1, 3, 1]"
675,E1,2009,Ipswich,"[0, 1, 0, 0, 1, 0, 1, 1, 0, 1, 0, 1, 1, 1, 3, 1, 1, 3, 1, 1, 3, 0, 3, 1, 3, 1, 0, 1, 3, 0, 3, 1, 1, 0, 3, 3, 0, 3, 0, 1, 3, 3, 0, 1, 1, 0]"
676,E1,2009,Leicester,"[3, 1, 1, 3, 0, 3, 1, 1, 0, 3, 1, 1, 3, 3, 3, 0, 3, 1, 0, 0, 3, 3, 1, 0, 0, 1, 3, 1, 3, 1, 1, 3, 3, 0, 3, 3, 1, 0, 0, 0, 0, 3, 3, 3, 3, 3]"
677,E1,2009,Middlesbrough,"[1, 3, 3, 3, 0, 3, 3, 0, 1, 0, 3, 0, 3, 1, 0, 0, 1, 1, 3, 0, 0, 0, 3, 0, 0, 1, 3, 1, 1, 3, 3, 0, 0, 3, 0, 1, 1, 1, 3, 1, 1, 3, 3, 0, 1, 0]"
678,E1,2009,Newcastle,"[1, 3, 3, 3, 3, 3, 0, 3, 3, 1, 1, 0, 0, 3, 3, 3, 3, 3, 3, 3, 1, 3, 1, 1, 1, 3, 1, 3, 0, 1, 3, 3, 3, 3, 1, 3, 1, 3, 3, 3, 3, 3, 3, 3, 1, 3]"
679,E1,2009,Nottm Forest,"[1, 0, 0, 1, 3, 1, 1, 0, 3, 3, 3, 3, 3, 1, 1, 1, 1, 3, 3, 1, 3, 3, 1, 3, 3, 3, 3, 0, 3, 0, 0, 3, 3, 0, 3, 0, 0, 3, 3, 0, 1, 1, 3, 0, 3, 1]"
680,E1,2009,Peterboro,"[0, 1, 0, 0, 1, 1, 1, 3, 0, 0, 0, 1, 0, 3, 0, 0, 0, 1, 1, 1, 0, 3, 0, 1, 0, 0, 0, 0, 3, 0, 0, 3, 0, 0, 3, 3, 0, 0, 0, 0, 0, 1, 0, 0, 0, 3]"
681,E1,2009,Plymouth,"[1, 1, 0, 0, 0, 0, 0, 0, 0, 3, 3, 0, 0, 1, 3, 3, 0, 0, 0, 0, 0, 3, 3, 0, 3, 0, 0, 0, 3, 1, 1, 0, 1, 0, 1, 3, 0, 3, 0, 1, 3, 0, 0, 0, 0, 0]"
682,E1,2009,Preston,"[1, 1, 3, 3, 1, 3, 0, 3, 3, 0, 1, 0, 3, 1, 1, 0, 0, 1, 0, 1, 3, 0, 0, 0, 3, 3, 0, 0, 3, 1, 0, 0, 3, 1, 1, 3, 1, 0, 0, 1, 1, 0, 3, 1, 0, 0]"
683,E1,2009,QPR,"[1, 1, 0, 1, 3, 1, 3, 3, 1, 0, 3, 3, 3, 0, 1, 3, 0, 1, 0, 0, 1, 1, 3, 0, 1, 0, 0, 0, 0, 0, 3, 0, 3, 3, 1, 0, 1, 1, 1, 1, 0, 3, 0, 3, 3, 0]"
684,E1,2009,Reading,"[1, 0, 1, 0, 3, 1, 0, 0, 1, 3, 0, 0, 0, 0, 3, 1, 3, 0, 3, 0, 1, 1, 1, 0, 0, 0, 3, 3, 3, 3, 0, 3, 3, 3, 3, 1, 3, 1, 0, 3, 1, 0, 3, 1, 0, 3]"
685,E1,2009,Scunthorpe,"[0, 3, 0, 0, 0, 3, 3, 1, 1, 0, 0, 3, 3, 0, 0, 0, 0, 1, 3, 1, 1, 0, 0, 3, 1, 3, 3, 0, 0, 0, 3, 1, 1, 0, 0, 0, 3, 3, 3, 0, 0, 0, 3, 1, 0, 1]"
686,E1,2009,Sheffield United,"[1, 3, 1, 3, 1, 3, 0, 3, 0, 1, 1, 0, 0, 0, 0, 1, 3, 3, 3, 1, 3, 1, 0, 3, 3, 3, 0, 0, 1, 0, 3, 0, 3, 0, 0, 1, 3, 1, 1, 0, 1, 0, 3, 1, 3, 3]"
687,E1,2009,Sheffield Weds,"[1, 1, 0, 3, 3, 1, 0, 0, 3, 1, 0, 3, 0, 0, 1, 0, 1, 0, 0, 0, 0, 0, 1, 3, 3, 3, 0, 3, 0, 3, 0, 0, 0, 3, 0, 1, 1, 1, 3, 1, 1, 0, 0, 1, 0, 1]"
688,E1,2009,Swansea,"[0, 0, 1, 3, 1, 0, 1, 1, 3, 1, 3, 1, 3, 1, 3, 3, 3, 0, 1, 3, 0, 3, 1, 1, 3, 1, 1, 3, 3, 1, 1, 3, 3, 0, 3, 1, 0, 1, 0, 1, 0, 3, 0, 3, 0, 1]"
689,E1,2009,Watford,"[1, 0, 3, 1, 1, 3, 3, 1, 1, 0, 0, 3, 1, 3, 0, 3, 3, 0, 0, 3, 0, 0, 1, 1, 0, 0, 3, 0, 3, 1, 0, 0, 0, 0, 3, 0, 0, 1, 0, 1, 1, 3, 0, 0, 3, 3]"
690,E1,2009,West Brom,"[1, 3, 3, 3, 1, 3, 3, 3, 0, 0, 1, 3, 0, 1, 3, 3, 3, 3, 1, 0, 1, 3, 3, 0, 1, 1, 3, 3, 3, 3, 1, 0, 3, 0, 3, 3, 3, 3, 3, 1, 3, 1, 3, 3, 1, 1]"
691,E1,2010,Barnsley,"[0, 3, 1, 3, 0, 3, 1, 0, 1, 0, 3, 0, 0, 1, 0, 3, 3, 3, 1, 3, 0, 0, 1, 3, 0, 1, 3, 0, 3, 0, 1, 0, 1, 0, 1, 3, 1, 0, 0, 3, 0, 1, 0, 1, 1, 3]"
692,E1,2010,Bristol City,"[0, 1, 1, 0, 3, 0, 0, 1, 0, 0, 0, 3, 1, 3, 1, 3, 0, 3, 3, 3, 0, 0, 1, 3, 1, 0, 1, 0, 0, 3, 0, 0, 3, 3, 3, 3, 0, 3, 3, 0, 1, 0, 0, 0, 3, 3]"
693,E1,2010,Burnley,"[3, 1, 3, 0, 3, 0, 1, 1, 3, 1, 1, 3, 0, 1, 1, 1, 3, 0, 3, 0, 3, 0, 3, 0, 1, 1, 3, 0, 3, 3, 1, 3, 3, 3, 0, 1, 0, 0, 0, 0, 3, 3, 3, 1, 0, 1]"
694,E1,2010,Cardiff,"[1, 3, 3, 3, 3, 0, 0, 3, 1, 3, 3, 3, 3, 3, 0, 1, 3, 0, 0, 1, 0, 3, 0, 0, 3, 1, 3, 1, 3, 3, 1, 0, 3, 3, 0, 0, 1, 1, 3, 3, 3, 3, 1, 3, 0, 1]"
695,E1,2010,Coventry,"[3, 1, 3, 0, 1, 0, 3, 0, 3, 1, 3, 0, 3, 3, 0, 0, 0, 3, 3, 3, 1, 0, 0, 0, 1, 0, 1, 0, 0, 0, 3, 0, 1, 0, 1, 0, 1, 0, 3, 1, 3, 3, 1, 0, 1, 1]"
696,E1,2010,Crystal Palace,"[3, 0, 0, 0, 0, 3, 1, 0, 1, 0, 0, 3, 0, 0, 0, 3, 3, 0, 3, 0, 1, 0, 1, 0, 3, 0, 1, 1, 1, 3, 0, 3, 0, 1, 0, 3, 0, 1, 3, 0, 1, 0, 1, 3, 1, 0]"
697,E1,2010,Derby,"[3, 0, 0, 1, 0, 0, 1, 3, 3, 1, 3, 3, 0, 3, 3, 3, 0, 3, 0, 0, 0, 0, 0, 3, 1, 0, 0, 0, 1, 0, 1, 0, 3, 0, 1, 0, 3, 1, 0, 1, 3, 1, 0, 0, 0, 0]"
698,E1,2010,Doncaster,"[3, 1, 0, 3, 1, 3, 1, 0, 0, 1, 3, 0, 3, 0, 3, 1, 3, 1, 0, 0, 3, 3, 1, 0, 0, 0, 3, 0, 0, 0, 0, 1, 1, 3, 0, 1, 1, 0, 0, 0, 1, 0, 1, 1, 1, 0]"
699,E1,2010,Hull,"[3, 0, 1, 0, 0, 3, 1, 3, 0, 1, 1, 0, 0, 1, 0, 1, 3, 3, 1, 1, 3, 3, 1, 0, 3, 3, 1, 1, 1, 3, 3, 1, 3, 0, 3, 0, 3, 1, 0, 3, 1, 3, 0, 1, 1, 0]"
700,E1,2010,Ipswich,"[3, 1, 3, 3, 1, 0, 3, 1, 0, 3, 0, 0, 0, 3, 3, 0, 0, 0, 0, 0, 0, 3, 1, 0, 0, 3, 3, 3, 1, 3, 1, 0, 0, 3, 0, 1, 0, 3, 3, 3, 1, 3, 0, 0, 3, 0]"
701,E1,2010,Leeds,"[0, 1, 3, 3, 3, 0, 1, 3, 0, 0, 3, 0, 0, 3, 3, 1, 3, 1, 1, 3, 3, 3, 1, 1, 1, 0, 3, 1, 1, 3, 3, 1, 1, 0, 3, 3, 1, 0, 3, 0, 0, 1, 1, 0, 3, 3]"
702,E1,2010,Leicester,"[0, 1, 0, 0, 1, 3, 0, 0, 0, 3, 1, 3, 0, 3, 3, 1, 3, 0, 3, 0, 3, 0, 1, 0, 3, 3, 1, 3, 3, 3, 3, 3, 0, 1, 0, 0, 3, 0, 1, 3, 1, 0, 0, 3, 1, 3]"
703,E1,2010,Middlesbrough,"[0, 1, 3, 0, 0, 3, 3, 0, 0, 1, 0, 0, 0, 0, 3, 3, 0, 0, 1, 0, 3, 0, 3, 1, 1, 3, 1, 3, 0, 0, 3, 0, 1, 0, 3, 1, 3, 1, 3, 1, 1, 0, 3, 3, 3, 3]"
704,E1,2010,Millwall,"[3, 3, 0, 3, 1, 1, 0, 0, 1, 1, 3, 0, 3, 0, 0, 1, 0, 3, 1, 3, 1, 1, 3, 3, 1, 3, 0, 3, 0, 3, 1, 0, 0, 1, 0, 3, 3, 1, 3, 3, 1, 0, 3, 3, 0, 0]"
705,E1,2010,Norwich,"[0, 3, 3, 1, 3, 0, 3, 0, 3, 3, 1, 0, 3, 0, 1, 1, 1, 1, 3, 3, 0, 3, 3, 3, 1, 1, 3, 1, 3, 0, 3, 1, 1, 3, 1, 3, 3, 1, 3, 0, 1, 3, 3, 3, 3, 1]"
706,E1,2010,Nottm Forest,"[0, 1, 1, 1, 1, 3, 1, 3, 1, 1, 0, 3, 3, 0, 1, 3, 1, 3, 0, 3, 3, 1, 3, 3, 3, 3, 3, 3, 1, 0, 3, 1, 1, 1, 0, 0, 1, 0, 0, 0, 3, 0, 3, 3, 3, 3]"
707,E1,2010,Portsmouth,"[0, 1, 0, 0, 1, 0, 0, 3, 3, 1, 3, 3, 3, 3, 0, 1, 0, 0, 3, 3, 1, 1, 0, 0, 0, 1, 0, 0, 1, 3, 3, 3, 3, 3, 3, 0, 1, 3, 0, 1, 0, 0, 1, 1, 0, 1]"
708,E1,2010,Preston,"[0, 0, 3, 0, 0, 0, 0, 3, 3, 1, 0, 0, 3, 0, 1, 0, 0, 0, 1, 1, 3, 0, 0, 0, 1, 1, 0, 0, 0, 1, 1, 1, 0, 1, 0, 3, 3, 3, 0, 1, 1, 3, 0, 0, 0, 3]"
709,E1,2010,QPR,"[3, 3, 3, 1, 3, 3, 3, 3, 1, 3, 1, 1, 1, 1, 3, 1, 1, 3, 3, 0, 0, 3, 3, 0, 1, 1, 3, 1, 3, 3, 1, 1, 3, 3, 3, 0, 3, 3, 3, 0, 3, 1, 1, 1, 3, 0]"
710,E1,2010,Reading,"[0, 1, 1, 3, 3, 1, 0, 3, 3, 1, 0, 0, 3, 3, 0, 1, 1, 1, 1, 1, 3, 3, 1, 0, 3, 3, 1, 1, 0, 0, 1, 1, 3, 1, 3, 3, 3, 3, 3, 3, 3, 3, 1, 0, 1, 3]"
711,E1,2010,Scunthorpe,"[3, 0, 0, 3, 0, 3, 0, 1, 1, 0, 0, 3, 3, 0, 3, 0, 0, 0, 0, 0, 3, 0, 0, 0, 1, 0, 0, 0, 3, 1, 3, 0, 0, 3, 0, 0, 0, 0, 0, 3, 0, 3, 1, 0, 0, 1]"
712,E1,2010,Sheffield United,"[1, 0, 0, 3, 3, 0, 3, 0, 1, 0, 1, 3, 0, 0, 0, 1, 3, 3, 0, 0, 3, 0, 0, 0, 1, 1, 0, 0, 0, 1, 1, 0, 0, 0, 0, 3, 0, 3, 0, 0, 0, 0, 3, 3, 1, 0]"
713,E1,2010,Swansea,"[0, 3, 0, 3, 0, 3, 3, 0, 3, 1, 3, 1, 3, 3, 3, 0, 3, 1, 0, 3, 1, 0, 0, 3, 3, 0, 3, 1, 3, 0, 3, 3, 3, 3, 0, 1, 0, 3, 0, 3, 1, 0, 1, 3, 3, 3]"
714,E1,2010,Watford,"[3, 1, 1, 0, 1, 3, 3, 3, 0, 3, 0, 3, 0, 0, 1, 0, 0, 1, 1, 3, 3, 3, 3, 3, 3, 0, 1, 0, 0, 1, 1, 0, 1, 3, 1, 3, 3, 0, 0, 0, 1, 1, 3, 0, 0, 0]"
715,E1,2011,Barnsley,"[1, 0, 0, 3, 1, 1, 1, 1, 1, 3, 0, 3, 0, 0, 3, 0, 3, 3, 3, 3, 0, 0, 0, 3, 0, 3, 0, 3, 0, 0, 3, 0, 0, 1, 0, 0, 0, 0, 3, 0, 0, 1, 0, 0, 0, 1]"
716,E1,2011,Birmingham,"[0, 3, 0, 1, 3, 0, 1, 3, 3, 3, 3, 1, 0, 1, 3, 1, 0, 0, 3, 0, 1, 3, 1, 3, 3, 3, 3, 1, 3, 1, 3, 0, 1, 1, 0, 3, 0, 1, 3, 3, 3, 1, 1, 1, 1, 3]"
717,E1,2011,Blackpool,"[3, 3, 0, 1, 1, 3, 1, 0, 1, 3, 0, 3, 0, 0, 3, 3, 1, 1, 0, 3, 1, 1, 3, 0, 3, 1, 3, 3, 3, 1, 3, 0, 3, 1, 0, 0, 3, 1, 0, 3, 3, 1, 1, 3, 3, 1]"
718,E1,2011,Brighton,"[3, 3, 3, 1, 3, 3, 0, 1, 0, 0, 1, 1, 0, 1, 0, 3, 0, 3, 3, 3, 0, 0, 0, 0, 3, 3, 3, 1, 3, 3, 1, 1, 3, 1, 1, 3, 0, 3, 1, 1, 0, 0, 0, 1, 1, 1]"
719,E1,2011,Bristol City,"[0, 0, 3, 1, 1, 0, 0, 1, 0, 0, 0, 0, 0, 3, 1, 3, 3, 3, 1, 0, 0, 1, 0, 3, 3, 0, 3, 0, 0, 0, 1, 0, 0, 0, 3, 0, 1, 0, 1, 1, 3, 3, 1, 1, 3, 1]"
720,E1,2011,Burnley,"[1, 0, 1, 3, 0, 0, 1, 3, 3, 0, 0, 3, 3, 0, 0, 0, 0, 3, 3, 3, 0, 3, 3, 3, 0, 3, 1, 3, 1, 0, 3, 0, 0, 0, 1, 1, 0, 1, 3, 0, 3, 3, 1, 1, 0, 1]"
721,E1,2011,Cardiff,"[3, 3, 0, 1, 1, 3, 1, 1, 3, 0, 1, 0, 3, 1, 3, 3, 3, 1, 3, 3, 1, 0, 1, 3, 3, 1, 3, 1, 0, 0, 3, 0, 0, 1, 3, 0, 1, 1, 1, 1, 3, 1, 3, 3, 1, 3]"
722,E1,2011,Coventry,"[0, 0, 0, 1, 1, 3, 0, 1, 1, 0, 3, 1, 0, 1, 0, 0, 0, 1, 0, 0, 0, 0, 3, 3, 0, 0, 3, 0, 0, 0, 3, 0, 3, 0, 1, 1, 1, 1, 3, 3, 1, 0, 1, 0, 0, 0]"
723,E1,2011,Crystal Palace,"[0, 3, 3, 3, 1, 0, 0, 0, 3, 1, 3, 3, 3, 1, 1, 0, 0, 1, 1, 0, 3, 3, 0, 3, 0, 1, 0, 1, 1, 1, 3, 1, 3, 1, 1, 1, 3, 0, 1, 0, 0, 0, 1, 0, 1, 0]"
724,E1,2011,Derby,"[3, 3, 3, 3, 0, 0, 3, 3, 1, 0, 1, 1, 0, 3, 0, 0, 0, 0, 0, 1, 3, 0, 3, 3, 3, 3, 1, 0, 1, 0, 0, 0, 1, 3, 0, 3, 3, 0, 3, 1, 1, 3, 0, 0, 3, 1]"
725,E1,2011,Doncaster,"[0, 0, 0, 0, 1, 0, 0, 3, 1, 3, 0, 0, 0, 1, 0, 3, 0, 1, 0, 3, 0, 3, 0, 0, 3, 1, 0, 1, 0, 0, 1, 1, 3, 1, 1, 0, 0, 0, 1, 0, 0, 0, 0, 1, 3, 0]"
726,E1,2011,Hull,"[0, 3, 0, 0, 3, 3, 3, 1, 1, 3, 1, 3, 3, 0, 0, 3, 0, 0, 3, 3, 3, 3, 0, 0, 0, 3, 3, 1, 3, 1, 1, 1, 1, 1, 3, 1, 0, 0, 0, 0, 0, 3, 1, 3, 3, 0]"
727,E1,2011,Ipswich,"[3, 0, 0, 0, 3, 0, 3, 1, 3, 3, 1, 3, 0, 0, 0, 0, 0, 0, 0, 3, 3, 1, 0, 0, 0, 1, 0, 3, 3, 3, 3, 0, 3, 1, 1, 3, 3, 0, 1, 3, 1, 0, 1, 1, 0, 3]"
728,E1,2011,Leeds,"[0, 0, 3, 1, 0, 3, 3, 1, 3, 3, 1, 3, 0, 1, 0, 3, 3, 0, 3, 3, 1, 0, 0, 0, 3, 1, 3, 0, 3, 0, 0, 3, 1, 0, 1, 3, 1, 0, 3, 0, 0, 0, 3, 0, 1, 0]"
729,E1,2011,Leicester,"[3, 0, 0, 1, 3, 1, 3, 1, 1, 3, 0, 3, 0, 0, 3, 0, 3, 1, 3, 0, 1, 0, 1, 1, 3, 0, 3, 1, 0, 3, 0, 3, 3, 0, 0, 3, 1, 3, 1, 0, 3, 3, 0, 1, 0, 3]"
730,E1,2011,Middlesbrough,"[1, 3, 3, 3, 1, 3, 3, 1, 1, 1, 1, 0, 3, 0, 3, 3, 1, 1, 0, 3, 3, 3, 3, 1, 0, 0, 0, 1, 1, 3, 3, 0, 3, 3, 0, 0, 1, 1, 1, 1, 0, 0, 3, 1, 3, 0]"
731,E1,2011,Millwall,"[1, 3, 1, 0, 1, 0, 1, 0, 0, 0, 1, 1, 3, 3, 3, 0, 0, 1, 3, 0, 1, 0, 3, 0, 0, 0, 3, 0, 0, 1, 1, 0, 3, 0, 3, 0, 0, 3, 0, 1, 3, 3, 3, 3, 3, 1]"
732,E1,2011,Nottm Forest,"[1, 0, 3, 1, 0, 0, 0, 3, 0, 0, 0, 3, 3, 0, 3, 0, 3, 0, 0, 0, 0, 1, 0, 0, 3, 0, 0, 0, 1, 0, 3, 3, 1, 0, 3, 0, 3, 1, 1, 3, 0, 3, 1, 0, 0, 3]"
733,E1,2011,Peterboro,"[3, 0, 1, 3, 0, 0, 3, 0, 3, 0, 3, 3, 0, 0, 0, 3, 1, 1, 0, 0, 1, 3, 3, 1, 1, 0, 0, 0, 1, 0, 3, 1, 0, 0, 3, 0, 3, 0, 0, 3, 1, 0, 0, 0, 1, 1]"
734,E1,2011,Portsmouth,"[1, 0, 3, 1, 1, 0, 0, 3, 0, 0, 3, 0, 3, 0, 1, 3, 0, 1, 3, 3, 1, 0, 1, 3, 0, 0, 3, 0, 1, 0, 0, 1, 0, 0, 0, 1, 3, 0, 3, 0, 1, 0, 3, 3, 0, 0]"
735,E1,2011,Reading,"[1, 3, 0, 0, 0, 0, 3, 1, 3, 1, 3, 1, 1, 1, 0, 3, 0, 3, 3, 0, 3, 3, 3, 3, 0, 3, 0, 3, 3, 3, 3, 3, 3, 3, 3, 1, 3, 0, 3, 3, 3, 3, 3, 3, 1, 0]"
736,E1,2011,Southampton,"[3, 3, 3, 3, 0, 3, 3, 1, 0, 3, 1, 3, 1, 3, 3, 3, 3, 0, 3, 0, 1, 1, 3, 0, 0, 3, 0, 1, 1, 3, 1, 3, 3, 3, 1, 3, 3, 3, 3, 0, 1, 3, 0, 3, 0, 3]"
737,E1,2011,Watford,"[1, 0, 0, 1, 1, 3, 1, 0, 3, 0, 0, 0, 0, 3, 3, 0, 3, 1, 1, 3, 1, 1, 1, 3, 0, 0, 0, 3, 3, 1, 3, 0, 0, 3, 1, 3, 1, 3, 3, 3, 0, 1, 1, 1, 1, 3]"
738,E1,2011,West Ham,"[0, 3, 3, 1, 3, 3, 1, 3, 0, 1, 3, 0, 3, 3, 1, 3, 3, 3, 3, 0, 0, 3, 1, 0, 3, 3, 3, 0, 3, 1, 3, 1, 3, 1, 1, 1, 1, 1, 3, 0, 3, 1, 3, 1, 3, 3]"
739,E1,2012,Barnsley,"[3, 0, 0, 3, 1, 0, 3, 1, 0, 0, 3, 1, 0, 0, 0, 0, 1, 0, 1, 0, 1, 0, 3, 0, 0, 0, 3, 1, 3, 3, 3, 3, 0, 0, 1, 3, 3, 0, 3, 1, 1, 0, 1, 1, 3, 1]"
740,E1,2012,Birmingham,"[1, 0, 0, 3, 1, 3, 0, 3, 0, 0, 1, 1, 3, 0, 3, 1, 0, 0, 1, 3, 0, 1, 1, 3, 0, 0, 1, 1, 3, 3, 1, 0, 1, 3, 0, 1, 3, 3, 3, 0, 1, 1, 3, 3, 0, 1]"
741,E1,2012,Blackburn,"[1, 3, 3, 1, 3, 3, 0, 1, 1, 0, 1, 3, 3, 0, 1, 1, 3, 0, 0, 1, 0, 0, 0, 3, 3, 1, 0, 1, 3, 3, 1, 0, 1, 0, 0, 0, 1, 1, 0, 0, 3, 3, 0, 3, 1, 1]"
742,E1,2012,Blackpool,"[3, 3, 3, 0, 1, 3, 0, 0, 3, 0, 0, 1, 1, 0, 3, 1, 1, 1, 1, 3, 1, 3, 0, 1, 0, 1, 0, 0, 3, 0, 3, 0, 0, 1, 1, 1, 3, 0, 1, 3, 1, 3, 1, 0, 3, 1]"
743,E1,2012,Bolton,"[0, 3, 1, 0, 3, 0, 3, 0, 1, 0, 3, 1, 0, 3, 1, 1, 1, 1, 3, 0, 1, 3, 0, 0, 3, 0, 1, 1, 0, 3, 1, 1, 3, 3, 3, 3, 3, 0, 0, 3, 3, 3, 0, 3, 1, 1]"
744,E1,2012,Brighton,"[0, 1, 3, 3, 3, 3, 3, 0, 1, 1, 0, 0, 1, 1, 3, 1, 3, 1, 3, 0, 1, 1, 1, 0, 3, 3, 1, 1, 0, 3, 1, 3, 3, 3, 1, 0, 0, 3, 1, 1, 1, 3, 1, 3, 3, 3]"
745,E1,2012,Bristol City,"[0, 3, 3, 0, 0, 3, 1, 0, 1, 0, 0, 0, 0, 0, 0, 0, 1, 3, 0, 0, 3, 0, 1, 3, 0, 0, 0, 3, 3, 0, 3, 0, 0, 3, 1, 1, 3, 0, 0, 1, 0, 0, 0, 1, 0, 0]"
746,E1,2012,Burnley,"[3, 0, 0, 0, 3, 0, 3, 1, 1, 0, 3, 3, 0, 3, 3, 0, 0, 3, 1, 1, 0, 1, 1, 3, 0, 3, 3, 3, 0, 1, 0, 1, 0, 0, 3, 1, 0, 1, 1, 1, 3, 0, 0, 1, 3, 3]"
747,E1,2012,Cardiff,"[3, 1, 0, 3, 3, 3, 0, 3, 3, 3, 0, 3, 3, 0, 0, 3, 3, 3, 1, 3, 3, 0, 3, 3, 3, 3, 1, 3, 3, 1, 3, 0, 3, 0, 1, 1, 3, 0, 3, 1, 1, 3, 1, 1, 1, 1]"
748,E1,2012,Charlton,"[1, 3, 1, 0, 0, 0, 3, 1, 0, 3, 0, 1, 1, 0, 3, 3, 3, 1, 3, 1, 1, 0, 0, 0, 1, 3, 3, 3, 0, 0, 1, 0, 3, 0, 0, 1, 3, 0, 3, 1, 3, 3, 1, 3, 1, 3]"
749,E1,2012,Crystal Palace,"[0, 0, 0, 3, 3, 1, 3, 3, 3, 3, 1, 1, 3, 3, 3, 3, 3, 0, 1, 3, 1, 1, 1, 0, 1, 3, 0, 1, 0, 3, 1, 3, 3, 0, 3, 3, 1, 0, 0, 0, 1, 0, 1, 1, 1, 3]"
750,E1,2012,Derby,"[1, 0, 1, 3, 0, 3, 0, 3, 1, 1, 1, 3, 0, 3, 3, 0, 0, 3, 1, 0, 3, 3, 0, 0, 1, 3, 0, 1, 3, 1, 0, 1, 1, 0, 0, 1, 0, 3, 3, 3, 0, 0, 1, 3, 0, 3]"
751,E1,2012,Huddersfield,"[0, 1, 3, 1, 3, 3, 3, 0, 0, 3, 3, 0, 0, 3, 1, 3, 0, 1, 0, 0, 1, 0, 1, 1, 1, 0, 1, 0, 3, 0, 1, 0, 1, 3, 0, 3, 0, 3, 0, 0, 1, 3, 0, 3, 3, 1]"
752,E1,2012,Hull,"[3, 0, 1, 3, 3, 3, 0, 0, 0, 3, 3, 0, 3, 3, 3, 0, 3, 0, 1, 3, 3, 3, 3, 1, 3, 1, 0, 1, 3, 0, 3, 3, 3, 0, 3, 0, 3, 0, 3, 0, 3, 3, 0, 1, 0, 1]"
753,E1,2012,Ipswich,"[1, 3, 0, 1, 0, 0, 0, 1, 1, 0, 0, 0, 0, 3, 0, 3, 0, 1, 3, 3, 3, 0, 1, 3, 3, 0, 1, 1, 0, 3, 0, 3, 0, 1, 3, 0, 1, 3, 3, 1, 3, 0, 3, 1, 3, 0]"
754,E1,2012,Leeds,"[3, 0, 3, 1, 0, 0, 3, 3, 1, 3, 1, 1, 0, 1, 0, 0, 0, 3, 3, 3, 0, 3, 3, 0, 0, 3, 0, 3, 0, 1, 0, 3, 1, 3, 1, 1, 1, 0, 0, 0, 0, 3, 3, 0, 0, 3]"
755,E1,2012,Leicester,"[3, 0, 0, 3, 0, 3, 3, 3, 3, 3, 1, 3, 0, 0, 1, 1, 3, 3, 0, 3, 1, 0, 0, 1, 3, 3, 3, 3, 3, 0, 0, 1, 3, 0, 1, 0, 1, 0, 0, 0, 1, 1, 3, 1, 0, 3]"
756,E1,2012,Middlesbrough,"[0, 3, 3, 0, 3, 0, 3, 0, 1, 3, 3, 3, 3, 3, 1, 3, 0, 0, 3, 0, 3, 3, 0, 3, 3, 0, 0, 0, 0, 0, 3, 0, 1, 0, 3, 0, 0, 0, 0, 1, 0, 0, 3, 0, 1, 0]"
757,E1,2012,Millwall,"[0, 3, 0, 3, 0, 0, 0, 1, 1, 3, 1, 1, 3, 3, 1, 3, 3, 3, 3, 1, 0, 3, 1, 0, 0, 3, 1, 0, 0, 0, 0, 0, 3, 0, 0, 3, 3, 1, 1, 0, 3, 0, 0, 0, 1, 0]"
758,E1,2012,Nottm Forest,"[3, 1, 1, 3, 1, 1, 0, 0, 1, 3, 3, 1, 3, 0, 1, 1, 3, 3, 0, 0, 3, 1, 0, 3, 1, 0, 3, 1, 0, 0, 0, 1, 3, 3, 3, 3, 3, 3, 1, 1, 1, 0, 0, 1, 3, 0]"
759,E1,2012,Peterboro,"[0, 0, 0, 0, 0, 0, 0, 3, 3, 0, 0, 3, 3, 0, 0, 0, 0, 1, 0, 0, 0, 3, 3, 3, 0, 3, 0, 1, 1, 3, 3, 0, 0, 3, 1, 1, 1, 3, 3, 1, 1, 3, 1, 0, 3, 0]"
760,E1,2012,Sheffield Weds,"[1, 3, 3, 0, 0, 0, 0, 0, 1, 0, 1, 0, 3, 3, 0, 0, 0, 0, 0, 0, 0, 3, 3, 3, 1, 0, 3, 1, 3, 3, 1, 1, 3, 0, 0, 3, 0, 3, 1, 3, 3, 0, 1, 1, 0, 3]"
761,E1,2012,Watford,"[3, 0, 3, 0, 0, 0, 1, 3, 3, 0, 3, 0, 0, 3, 1, 3, 3, 1, 3, 3, 0, 1, 3, 3, 0, 3, 3, 3, 0, 3, 1, 3, 3, 3, 1, 3, 0, 0, 1, 3, 1, 0, 0, 3, 3, 0]"
762,E1,2012,Wolves,"[0, 3, 1, 0, 3, 3, 3, 3, 0, 3, 0, 1, 1, 0, 0, 1, 0, 0, 0, 3, 3, 0, 3, 0, 0, 0, 1, 1, 0, 0, 1, 1, 0, 0, 1, 3, 0, 3, 3, 3, 0, 0, 3, 0, 0, 0]"
763,E1,2013,Barnsley,"[0, 0, 1, 0, 3, 0, 0, 0, 0, 1, 0, 3, 1, 1, 1, 0, 0, 3, 0, 1, 1, 0, 0, 1, 3, 1, 0, 1, 1, 0, 3, 0, 3, 0, 0, 0, 3, 3, 1, 0, 0, 3, 0, 0, 0, 0]"
764,E1,2013,Birmingham,"[0, 3, 0, 0, 1, 0, 0, 3, 0, 3, 0, 0, 1, 0, 3, 1, 3, 1, 1, 3, 1, 1, 3, 1, 0, 0, 0, 1, 3, 0, 0, 3, 0, 0, 1, 0, 0, 3, 0, 3, 0, 0, 0, 0, 0, 1]"
765,E1,2013,Blackburn,"[1, 0, 0, 3, 3, 1, 0, 1, 3, 3, 0, 0, 1, 3, 0, 1, 3, 0, 1, 3, 3, 1, 0, 3, 3, 0, 1, 1, 3, 1, 3, 0, 0, 0, 3, 1, 1, 1, 1, 3, 3, 1, 1, 3, 3, 3]"
766,E1,2013,Blackpool,"[3, 3, 1, 3, 3, 3, 0, 1, 1, 1, 1, 3, 1, 3, 0, 1, 3, 0, 0, 0, 0, 1, 0, 0, 0, 0, 1, 0, 0, 1, 1, 0, 0, 0, 3, 0, 3, 0, 1, 0, 0, 0, 0, 1, 3, 0]"
767,E1,2013,Bolton,"[1, 1, 0, 0, 0, 0, 1, 0, 1, 1, 3, 1, 1, 3, 3, 3, 0, 0, 3, 0, 1, 3, 0, 1, 1, 0, 0, 0, 1, 0, 1, 3, 3, 3, 1, 0, 1, 3, 1, 3, 3, 3, 1, 0, 3, 1]"
768,E1,2013,Bournemouth,"[3, 0, 3, 0, 3, 0, 3, 1, 0, 0, 3, 1, 0, 0, 1, 0, 1, 0, 3, 0, 3, 3, 1, 1, 0, 1, 3, 0, 1, 1, 0, 3, 3, 3, 1, 0, 3, 3, 3, 3, 3, 1, 0, 1, 3, 0]"
769,E1,2013,Brighton,"[0, 0, 3, 3, 1, 1, 1, 3, 0, 1, 0, 1, 1, 3, 3, 3, 1, 0, 3, 3, 1, 0, 3, 1, 3, 0, 1, 0, 3, 3, 0, 3, 1, 3, 3, 0, 0, 0, 1, 1, 3, 3, 1, 1, 3, 3]"
770,E1,2013,Burnley,"[1, 3, 3, 0, 3, 1, 3, 3, 3, 3, 3, 3, 3, 1, 1, 1, 0, 1, 3, 1, 3, 0, 1, 3, 3, 1, 1, 1, 3, 3, 1, 3, 3, 3, 1, 3, 3, 3, 0, 1, 3, 0, 3, 3, 3, 1]"
771,E1,2013,Charlton,"[0, 0, 1, 3, 1, 0, 0, 0, 1, 1, 3, 1, 3, 0, 0, 3, 0, 0, 1, 0, 1, 3, 1, 1, 0, 0, 0, 0, 3, 0, 1, 1, 3, 0, 3, 0, 3, 0, 3, 0, 0, 1, 3, 0, 3, 3]"
772,E1,2013,Derby,"[1, 3, 0, 3, 0, 3, 1, 0, 0, 1, 3, 3, 1, 0, 3, 3, 3, 3, 3, 3, 3, 1, 3, 0, 0, 3, 1, 3, 1, 3, 3, 3, 0, 0, 1, 1, 3, 0, 3, 0, 3, 3, 3, 3, 3, 1]"
773,E1,2013,Doncaster,"[0, 3, 1, 0, 1, 0, 1, 3, 0, 3, 0, 0, 0, 1, 3, 0, 3, 1, 0, 0, 0, 0, 1, 0, 0, 3, 1, 3, 1, 0, 1, 0, 0, 3, 3, 1, 3, 0, 3, 0, 0, 0, 0, 1, 0, 0]"
774,E1,2013,Huddersfield,"[0, 1, 3, 3, 0, 1, 3, 1, 1, 1, 0, 0, 3, 0, 0, 3, 3, 3, 0, 0, 1, 1, 3, 0, 3, 0, 0, 0, 3, 0, 3, 0, 3, 0, 1, 0, 0, 1, 1, 0, 0, 0, 1, 3, 0, 3]"
775,E1,2013,Ipswich,"[0, 3, 0, 0, 1, 3, 3, 0, 3, 1, 1, 0, 1, 1, 3, 0, 3, 3, 3, 1, 1, 3, 1, 1, 0, 0, 3, 1, 3, 1, 1, 0, 3, 0, 3, 0, 3, 3, 1, 0, 3, 3, 0, 1, 0, 3]"
776,E1,2013,Leeds,"[3, 1, 1, 3, 0, 3, 0, 0, 0, 3, 0, 3, 0, 3, 3, 3, 0, 3, 1, 3, 1, 1, 0, 0, 0, 0, 1, 3, 3, 0, 1, 1, 0, 0, 0, 3, 0, 0, 0, 0, 0, 3, 3, 0, 3, 1]"
777,E1,2013,Leicester,"[3, 1, 3, 3, 0, 3, 3, 1, 3, 3, 0, 3, 3, 3, 0, 3, 3, 0, 0, 1, 3, 3, 3, 3, 3, 3, 3, 3, 3, 1, 1, 3, 3, 3, 3, 1, 1, 3, 1, 3, 0, 1, 3, 3, 3, 3]"
778,E1,2013,Middlesbrough,"[0, 3, 1, 1, 1, 0, 1, 1, 0, 1, 3, 0, 3, 0, 1, 0, 3, 0, 1, 0, 3, 3, 3, 1, 3, 3, 0, 1, 1, 1, 0, 1, 0, 3, 1, 1, 0, 1, 3, 3, 3, 3, 0, 0, 3, 3]"
779,E1,2013,Millwall,"[0, 0, 0, 1, 1, 0, 3, 3, 3, 0, 0, 1, 1, 1, 0, 3, 0, 1, 3, 0, 0, 0, 1, 0, 0, 3, 1, 0, 0, 1, 1, 0, 0, 3, 0, 1, 0, 0, 1, 3, 3, 1, 3, 1, 1, 3]"
780,E1,2013,Nottm Forest,"[3, 3, 3, 1, 0, 3, 1, 1, 3, 1, 3, 1, 0, 0, 3, 1, 0, 1, 3, 1, 1, 3, 3, 1, 1, 3, 3, 3, 1, 3, 1, 0, 0, 0, 1, 1, 0, 0, 1, 0, 1, 0, 3, 3, 0, 0]"
781,E1,2013,QPR,"[3, 1, 3, 3, 3, 3, 1, 3, 3, 3, 1, 0, 1, 3, 1, 3, 0, 3, 1, 3, 0, 0, 1, 3, 3, 3, 3, 1, 0, 0, 0, 1, 3, 0, 3, 0, 3, 3, 1, 0, 0, 3, 0, 3, 1, 3]"
782,E1,2013,Reading,"[3, 1, 1, 0, 3, 1, 3, 3, 3, 1, 0, 3, 1, 0, 1, 1, 3, 3, 0, 3, 0, 0, 0, 1, 3, 3, 0, 3, 3, 0, 3, 0, 1, 1, 3, 1, 3, 0, 1, 3, 0, 1, 0, 3, 3, 1]"
783,E1,2013,Sheffield Weds,"[0, 0, 1, 1, 1, 1, 0, 0, 1, 1, 1, 1, 3, 0, 0, 0, 3, 0, 3, 0, 1, 1, 3, 3, 1, 1, 3, 3, 0, 0, 3, 3, 0, 0, 3, 3, 0, 3, 0, 0, 1, 1, 3, 0, 0, 0]"
784,E1,2013,Watford,"[3, 3, 1, 1, 0, 1, 3, 3, 3, 0, 3, 0, 1, 0, 1, 0, 0, 1, 1, 0, 1, 3, 1, 0, 1, 0, 3, 1, 3, 3, 1, 0, 3, 0, 3, 0, 1, 3, 1, 3, 1, 3, 0, 0, 0, 0]"
785,E1,2013,Wigan,"[3, 0, 1, 1, 3, 0, 3, 0, 3, 0, 1, 1, 3, 3, 0, 0, 0, 0, 3, 3, 1, 1, 3, 3, 0, 1, 3, 0, 3, 3, 3, 3, 3, 3, 1, 3, 0, 1, 1, 3, 0, 3, 0, 0, 3, 0]"
786,E1,2013,Yeovil,"[3, 0, 0, 0, 0, 1, 0, 0, 1, 0, 0, 1, 3, 0, 0, 0, 3, 3, 1, 1, 0, 0, 0, 0, 3, 0, 0, 0, 1, 1, 3, 1, 3, 0, 0, 1, 1, 1, 0, 3, 0, 1, 1, 0, 0, 0]"
787,E1,2014,Birmingham,"[0, 3, 1, 1, 0, 1, 0, 1, 0, 3, 1, 0, 0, 0, 1, 3, 1, 3, 3, 0, 3, 3, 0, 3, 3, 1, 1, 1, 1, 0, 1, 0, 0, 3, 3, 1, 1, 0, 3, 0, 3, 1, 0, 3, 3, 3]"
788,E1,2014,Blackburn,"[1, 3, 0, 3, 0, 3, 0, 3, 1, 0, 1, 1, 3, 3, 3, 1, 1, 3, 1, 0, 0, 3, 0, 1, 0, 1, 0, 3, 0, 3, 1, 1, 0, 1, 3, 3, 3, 0, 0, 3, 1, 1, 1, 3, 1, 3]"
789,E1,2014,Blackpool,"[0, 0, 0, 0, 0, 1, 0, 1, 0, 1, 3, 0, 0, 0, 0, 1, 0, 1, 1, 3, 1, 0, 0, 1, 3, 0, 0, 3, 0, 0, 1, 1, 0, 0, 0, 0, 0, 0, 1, 1, 1, 0, 0, 0, 0, 1]"
790,E1,2014,Bolton,"[0, 1, 0, 0, 0, 1, 3, 0, 0, 0, 0, 3, 0, 3, 0, 3, 3, 1, 3, 1, 1, 3, 3, 0, 1, 3, 0, 1, 0, 3, 0, 0, 0, 3, 1, 0, 3, 0, 1, 1, 3, 0, 1, 1, 0, 0]"
791,E1,2014,Bournemouth,"[3, 3, 0, 0, 1, 1, 0, 1, 3, 0, 3, 3, 3, 3, 3, 3, 1, 1, 1, 3, 3, 3, 3, 3, 0, 3, 0, 3, 3, 1, 1, 0, 0, 1, 3, 3, 3, 1, 3, 1, 3, 3, 3, 1, 3, 3]"
792,E1,2014,Brentford,"[1, 0, 3, 1, 3, 3, 0, 0, 3, 0, 3, 1, 1, 0, 3, 3, 3, 3, 3, 0, 3, 3, 0, 0, 3, 3, 3, 0, 3, 0, 0, 3, 3, 0, 3, 1, 0, 3, 1, 3, 1, 1, 0, 1, 3, 3]"
793,E1,2014,Brighton,"[0, 0, 3, 3, 1, 0, 0, 1, 1, 1, 1, 0, 1, 1, 0, 3, 1, 1, 0, 0, 0, 1, 1, 3, 3, 0, 3, 0, 0, 1, 1, 3, 3, 0, 3, 0, 1, 1, 3, 0, 0, 0, 1, 0, 0, 1]"
794,E1,2014,Cardiff,"[1, 3, 3, 0, 1, 0, 0, 1, 3, 1, 0, 3, 3, 0, 3, 0, 1, 3, 3, 1, 0, 0, 1, 0, 3, 0, 0, 0, 1, 1, 1, 1, 3, 0, 3, 0, 3, 1, 3, 1, 0, 3, 0, 1, 3, 3]"
795,E1,2014,Charlton,"[1, 3, 3, 1, 1, 3, 1, 1, 1, 3, 1, 0, 3, 0, 1, 1, 3, 1, 0, 1, 1, 0, 1, 0, 0, 0, 1, 1, 0, 0, 3, 3, 0, 3, 3, 3, 0, 3, 3, 0, 1, 1, 1, 3, 0, 0]"
796,E1,2014,Derby,"[3, 1, 0, 3, 1, 1, 3, 1, 3, 3, 1, 3, 3, 0, 0, 3, 3, 3, 0, 3, 0, 1, 3, 3, 3, 0, 3, 3, 3, 1, 1, 3, 3, 0, 0, 1, 1, 0, 0, 1, 3, 1, 3, 1, 1, 0]"
797,E1,2014,Fulham,"[0, 0, 0, 0, 1, 0, 0, 0, 3, 3, 0, 3, 1, 3, 1, 1, 3, 0, 3, 0, 3, 3, 0, 0, 0, 3, 3, 0, 1, 0, 0, 1, 0, 3, 0, 0, 1, 0, 3, 0, 1, 1, 1, 3, 3, 0]"
798,E1,2014,Huddersfield,"[0, 0, 3, 1, 0, 0, 1, 0, 3, 3, 1, 3, 1, 1, 3, 0, 0, 1, 0, 3, 0, 0, 1, 3, 3, 0, 3, 0, 3, 0, 1, 1, 3, 0, 0, 0, 1, 1, 0, 1, 3, 3, 1, 1, 1, 1]"
799,E1,2014,Ipswich,"[3, 0, 1, 0, 1, 3, 3, 3, 3, 1, 1, 1, 0, 1, 3, 3, 3, 1, 3, 3, 1, 3, 3, 3, 0, 3, 0, 1, 0, 3, 3, 0, 3, 0, 0, 1, 0, 3, 3, 1, 0, 3, 3, 1, 3, 0]"
800,E1,2014,Leeds,"[0, 3, 0, 0, 3, 1, 3, 3, 0, 1, 1, 0, 1, 0, 0, 1, 3, 0, 3, 0, 0, 1, 0, 0, 1, 1, 3, 3, 0, 3, 3, 3, 0, 0, 3, 3, 1, 3, 1, 0, 0, 0, 0, 0, 3, 1]"
801,E1,2014,Middlesbrough,"[3, 0, 3, 0, 0, 3, 3, 3, 1, 1, 3, 3, 0, 1, 3, 3, 1, 1, 1, 3, 3, 0, 3, 1, 1, 3, 3, 3, 3, 3, 1, 0, 3, 0, 3, 0, 3, 3, 0, 3, 0, 3, 3, 3, 0, 1]"
802,E1,2014,Millwall,"[3, 3, 1, 0, 3, 0, 0, 1, 0, 0, 1, 1, 1, 3, 0, 1, 0, 1, 1, 0, 3, 0, 0, 0, 0, 0, 1, 3, 0, 3, 0, 1, 0, 0, 0, 0, 0, 1, 1, 3, 0, 3, 1, 0, 1, 0]"
803,E1,2014,Norwich,"[0, 3, 3, 3, 1, 3, 3, 1, 3, 0, 1, 0, 1, 1, 3, 0, 0, 1, 0, 3, 3, 1, 3, 0, 3, 3, 0, 1, 3, 3, 3, 3, 3, 3, 0, 3, 1, 1, 3, 3, 3, 3, 3, 0, 1, 3]"
804,E1,2014,Nottm Forest,"[3, 1, 3, 3, 3, 1, 3, 1, 1, 1, 1, 0, 1, 0, 0, 0, 3, 3, 0, 1, 1, 1, 0, 0, 0, 3, 0, 0, 3, 3, 1, 3, 3, 3, 0, 3, 1, 3, 0, 0, 1, 0, 0, 1, 0, 0]"
805,E1,2014,Reading,"[1, 3, 0, 0, 3, 3, 3, 0, 1, 1, 0, 0, 0, 3, 0, 3, 0, 0, 3, 1, 0, 0, 1, 3, 1, 0, 1, 3, 3, 0, 0, 3, 0, 0, 1, 3, 0, 0, 1, 1, 1, 0, 0, 0, 0, 3]"
806,E1,2014,Rotherham,"[0, 3, 0, 3, 0, 1, 0, 1, 0, 3, 1, 3, 1, 1, 0, 0, 1, 0, 1, 1, 1, 3, 1, 1, 0, 0, 3, 1, 3, 0, 1, 0, 0, 3, 0, 3, 0, 0, 0, 0, 3, 0, 1, 1, 3, 1]"
807,E1,2014,Sheffield Weds,"[3, 1, 1, 3, 0, 1, 3, 3, 0, 1, 1, 0, 1, 1, 1, 0, 1, 1, 3, 3, 0, 0, 3, 3, 3, 0, 1, 0, 1, 0, 1, 0, 3, 3, 0, 3, 1, 0, 3, 1, 0, 1, 3, 1, 0, 1]"
808,E1,2014,Watford,"[3, 0, 3, 3, 3, 0, 3, 1, 1, 3, 1, 3, 1, 1, 3, 0, 0, 0, 0, 3, 3, 3, 0, 3, 0, 3, 3, 0, 3, 3, 3, 0, 3, 3, 3, 1, 3, 3, 0, 1, 3, 3, 3, 3, 3, 1]"
809,E1,2014,Wigan,"[1, 0, 0, 3, 3, 0, 1, 0, 0, 1, 1, 1, 1, 3, 1, 0, 0, 1, 0, 0, 0, 0, 3, 0, 0, 1, 0, 1, 0, 0, 3, 0, 0, 3, 3, 0, 3, 0, 1, 0, 0, 1, 0, 3, 0, 0]"
810,E1,2014,Wolves,"[3, 0, 3, 3, 3, 1, 1, 3, 1, 0, 1, 1, 3, 3, 1, 0, 0, 0, 0, 0, 3, 1, 3, 3, 3, 3, 1, 1, 0, 3, 0, 3, 3, 3, 0, 1, 1, 3, 3, 3, 3, 0, 0, 1, 3, 3]"
811,E1,2015,Birmingham,"[3, 1, 1, 3, 3, 0, 1, 0, 3, 3, 3, 3, 0, 0, 1, 3, 0, 0, 0, 1, 1, 3, 0, 3, 3, 1, 3, 3, 1, 0, 1, 3, 0, 3, 0, 1, 1, 0, 0, 3, 0, 0, 1, 1, 1, 1]"
812,E1,2015,Blackburn,"[0, 1, 1, 0, 1, 0, 1, 3, 1, 3, 0, 1, 0, 3, 1, 1, 3, 1, 3, 3, 1, 0, 0, 0, 1, 0, 1, 1, 0, 3, 0, 3, 3, 0, 3, 0, 0, 3, 0, 0, 1, 0, 1, 1, 3, 3]"
813,E1,2015,Bolton,"[1, 0, 0, 1, 1, 3, 1, 0, 1, 0, 0, 0, 1, 1, 0, 1, 0, 1, 0, 0, 1, 1, 0, 3, 0, 0, 0, 3, 1, 3, 0, 1, 0, 0, 0, 1, 0, 0, 0, 0, 0, 0, 1, 0, 3, 0]"
814,E1,2015,Brentford,"[1, 3, 0, 0, 1, 0, 3, 0, 0, 0, 3, 3, 3, 3, 0, 1, 3, 1, 3, 1, 0, 3, 1, 3, 0, 0, 0, 3, 1, 0, 0, 0, 3, 0, 0, 0, 0, 3, 3, 3, 1, 3, 3, 0, 3, 3]"
815,E1,2015,Brighton,"[3, 3, 1, 3, 3, 3, 3, 1, 1, 1, 3, 3, 1, 1, 1, 3, 1, 3, 3, 1, 1, 0, 1, 0, 0, 0, 3, 3, 3, 3, 1, 0, 3, 3, 1, 1, 3, 3, 1, 3, 3, 3, 3, 3, 1, 1]"
816,E1,2015,Bristol City,"[0, 0, 1, 3, 0, 0, 1, 0, 1, 1, 3, 0, 1, 0, 3, 1, 1, 0, 0, 3, 0, 1, 1, 0, 0, 0, 3, 0, 1, 3, 3, 3, 0, 3, 0, 0, 3, 3, 0, 1, 3, 1, 0, 1, 3, 0]"
817,E1,2015,Burnley,"[1, 1, 0, 3, 3, 3, 3, 1, 0, 3, 3, 1, 3, 3, 3, 1, 1, 1, 0, 1, 0, 3, 0, 3, 1, 3, 3, 3, 1, 3, 1, 3, 3, 3, 3, 3, 3, 1, 1, 1, 3, 3, 1, 3, 3, 3]"
818,E1,2015,Cardiff,"[1, 1, 1, 3, 3, 3, 0, 0, 3, 1, 1, 3, 1, 1, 0, 3, 0, 1, 3, 1, 3, 0, 0, 1, 3, 0, 3, 1, 3, 1, 1, 3, 0, 3, 3, 0, 3, 1, 3, 1, 0, 1, 0, 3, 0, 1]"
819,E1,2015,Charlton,"[3, 1, 1, 3, 0, 1, 0, 0, 0, 1, 0, 0, 0, 0, 0, 3, 3, 0, 0, 1, 1, 0, 1, 0, 1, 0, 0, 1, 3, 0, 1, 0, 0, 0, 3, 1, 3, 0, 3, 1, 0, 0, 1, 0, 3, 0]"
820,E1,2015,Derby,"[1, 1, 1, 1, 0, 3, 3, 1, 3, 3, 3, 1, 3, 3, 3, 0, 3, 3, 1, 1, 3, 3, 3, 1, 0, 1, 0, 0, 1, 1, 0, 3, 3, 0, 3, 0, 1, 3, 0, 3, 3, 3, 3, 1, 1, 0]"
821,E1,2015,Fulham,"[1, 0, 0, 1, 3, 3, 0, 3, 0, 1, 1, 1, 3, 3, 0, 0, 1, 1, 0, 1, 0, 1, 0, 3, 0, 0, 1, 0, 1, 3, 0, 3, 1, 0, 1, 0, 0, 1, 3, 3, 3, 0, 1, 0, 0, 3]"
822,E1,2015,Huddersfield,"[0, 1, 1, 1, 0, 0, 3, 3, 1, 0, 1, 3, 0, 0, 1, 0, 0, 0, 3, 0, 3, 0, 3, 1, 3, 3, 1, 0, 0, 0, 3, 3, 1, 0, 0, 3, 0, 3, 0, 0, 1, 3, 1, 1, 0, 0]"
823,E1,2015,Hull,"[3, 1, 3, 0, 3, 0, 3, 1, 1, 3, 1, 3, 3, 3, 3, 3, 1, 0, 0, 3, 3, 0, 3, 0, 3, 3, 3, 3, 0, 3, 1, 3, 1, 0, 1, 1, 0, 3, 0, 1, 3, 3, 1, 3, 0, 3]"
824,E1,2015,Ipswich,"[1, 3, 3, 3, 0, 0, 3, 1, 1, 0, 1, 0, 1, 1, 3, 3, 1, 3, 0, 3, 3, 0, 3, 3, 1, 3, 1, 0, 3, 0, 0, 0, 3, 3, 1, 0, 3, 0, 1, 1, 0, 1, 1, 1, 3, 3]"
825,E1,2015,Leeds,"[1, 1, 1, 1, 3, 1, 0, 3, 0, 0, 0, 1, 1, 0, 3, 3, 0, 0, 3, 1, 3, 3, 1, 1, 1, 0, 0, 3, 1, 0, 1, 1, 0, 3, 3, 3, 0, 0, 1, 0, 3, 3, 3, 1, 0, 1]"
826,E1,2015,Middlesbrough,"[1, 3, 1, 0, 3, 3, 3, 3, 3, 0, 1, 0, 3, 3, 3, 0, 3, 3, 3, 1, 3, 3, 3, 3, 3, 0, 0, 1, 1, 1, 3, 3, 0, 3, 0, 0, 3, 3, 3, 3, 3, 3, 1, 1, 1, 1]"
827,E1,2015,Milton Keynes Dons,"[3, 0, 3, 1, 0, 0, 0, 0, 0, 1, 3, 0, 0, 0, 3, 0, 1, 1, 0, 0, 3, 0, 3, 0, 1, 0, 3, 0, 1, 1, 3, 0, 1, 0, 3, 1, 1, 0, 0, 0, 0, 1, 1, 0, 0, 0]"
828,E1,2015,Nottm Forest,"[0, 3, 1, 1, 0, 3, 3, 0, 1, 0, 0, 1, 1, 0, 0, 3, 0, 3, 3, 1, 1, 3, 1, 1, 1, 1, 3, 3, 1, 3, 0, 0, 0, 0, 3, 0, 1, 0, 0, 0, 0, 1, 1, 3, 1, 3]"
829,E1,2015,Preston,"[1, 3, 1, 0, 0, 0, 1, 0, 1, 0, 1, 3, 1, 1, 3, 1, 0, 1, 3, 3, 1, 0, 0, 3, 3, 3, 1, 0, 1, 3, 3, 3, 3, 0, 1, 0, 3, 1, 3, 0, 0, 1, 1, 0, 3, 1]"
830,E1,2015,QPR,"[0, 1, 3, 3, 3, 0, 1, 1, 0, 3, 0, 1, 3, 0, 0, 1, 0, 3, 3, 1, 1, 1, 0, 1, 0, 1, 3, 1, 1, 3, 0, 1, 1, 3, 0, 3, 3, 1, 0, 1, 3, 1, 0, 1, 0, 3]"
831,E1,2015,Reading,"[0, 1, 1, 1, 3, 3, 0, 3, 3, 3, 3, 1, 0, 1, 1, 0, 3, 0, 0, 0, 0, 3, 0, 0, 3, 1, 0, 1, 0, 1, 1, 3, 3, 1, 0, 0, 1, 3, 3, 0, 0, 0, 0, 1, 0, 0]"
832,E1,2015,Rotherham,"[0, 0, 1, 0, 0, 1, 0, 3, 3, 0, 0, 1, 0, 0, 0, 0, 3, 3, 0, 0, 0, 3, 3, 0, 0, 3, 0, 1, 0, 0, 1, 0, 0, 3, 3, 3, 1, 3, 3, 1, 3, 1, 1, 1, 0, 0]"
833,E1,2015,Sheffield Weds,"[3, 0, 1, 1, 0, 0, 1, 3, 3, 3, 1, 1, 3, 3, 1, 0, 3, 1, 1, 1, 0, 3, 3, 0, 3, 3, 3, 1, 1, 3, 3, 0, 1, 1, 0, 1, 3, 3, 3, 3, 0, 1, 1, 1, 3, 0]"
834,E1,2015,Wolves,"[3, 1, 0, 0, 3, 0, 1, 1, 3, 3, 0, 0, 0, 3, 0, 1, 1, 1, 3, 1, 0, 0, 3, 3, 3, 3, 0, 1, 1, 1, 0, 0, 0, 3, 0, 3, 1, 1, 1, 3, 1, 0, 0, 1, 1, 3]"
835,E1,2016,Aston Villa,"[0, 3, 1, 1, 0, 1, 1, 1, 1, 1, 0, 1, 3, 3, 1, 3, 1, 3, 0, 3, 0, 3, 3, 1, 0, 0, 1, 0, 0, 0, 0, 0, 3, 3, 3, 0, 3, 3, 3, 3, 1, 0, 0, 3, 0, 1]"
836,E1,2016,Barnsley,"[0, 3, 3, 0, 3, 3, 3, 0, 0, 1, 0, 0, 0, 3, 1, 1, 1, 0, 3, 3, 0, 3, 3, 1, 3, 0, 3, 3, 0, 1, 1, 3, 0, 1, 0, 0, 1, 0, 1, 1, 3, 0, 1, 0, 1, 0]"
837,E1,2016,Birmingham,"[1, 3, 1, 0, 3, 3, 1, 3, 1, 1, 3, 0, 3, 0, 1, 1, 3, 3, 0, 0, 3, 0, 0, 1, 0, 1, 1, 0, 0, 3, 0, 0, 0, 3, 0, 0, 1, 1, 1, 0, 0, 1, 0, 0, 3, 3]"
838,E1,2016,Blackburn,"[0, 0, 0, 1, 0, 1, 0, 3, 3, 0, 0, 1, 3, 0, 1, 0, 3, 3, 1, 0, 0, 0, 0, 1, 3, 0, 1, 0, 3, 1, 0, 1, 3, 3, 1, 1, 1, 1, 0, 0, 0, 3, 1, 1, 3, 3]"
839,E1,2016,Brentford,"[0, 3, 3, 0, 1, 3, 1, 3, 0, 3, 1, 0, 1, 0, 3, 0, 0, 0, 0, 3, 3, 0, 1, 1, 3, 0, 0, 3, 1, 0, 0, 3, 3, 1, 3, 0, 0, 3, 3, 3, 0, 3, 1, 3, 1, 0]"
840,E1,2016,Brighton,"[1, 3, 3, 1, 0, 0, 3, 3, 3, 1, 3, 1, 3, 3, 3, 3, 1, 3, 1, 3, 3, 3, 3, 3, 0, 3, 3, 0, 1, 3, 1, 3, 3, 0, 0, 3, 3, 0, 3, 3, 3, 3, 3, 0, 0, 1]"
841,E1,2016,Bristol City,"[3, 3, 0, 0, 3, 1, 0, 1, 3, 3, 3, 0, 0, 3, 1, 0, 0, 0, 3, 0, 0, 0, 0, 0, 0, 0, 0, 1, 3, 1, 0, 0, 1, 0, 1, 1, 3, 3, 0, 0, 3, 3, 1, 3, 3, 0]"
842,E1,2016,Burton,"[0, 0, 3, 1, 3, 1, 1, 0, 0, 1, 3, 1, 0, 3, 0, 1, 0, 1, 3, 0, 0, 0, 0, 3, 0, 0, 0, 3, 0, 3, 0, 3, 1, 1, 1, 1, 3, 0, 3, 0, 1, 0, 3, 3, 1, 0]"
843,E1,2016,Cardiff,"[1, 0, 3, 1, 0, 0, 0, 0, 3, 0, 0, 3, 1, 3, 0, 0, 3, 0, 1, 1, 3, 0, 1, 3, 3, 3, 0, 0, 3, 0, 3, 3, 3, 1, 0, 1, 1, 3, 0, 1, 3, 0, 3, 1, 0, 3]"
844,E1,2016,Derby,"[1, 0, 3, 1, 0, 0, 0, 1, 0, 3, 1, 3, 1, 0, 3, 3, 3, 3, 3, 3, 3, 1, 3, 1, 0, 0, 3, 3, 0, 1, 0, 1, 0, 0, 3, 1, 0, 1, 3, 3, 3, 0, 1, 0, 3, 1]"
845,E1,2016,Fulham,"[3, 3, 1, 1, 3, 0, 1, 1, 0, 1, 0, 3, 1, 0, 3, 3, 1, 0, 3, 1, 3, 1, 3, 0, 3, 1, 0, 3, 0, 3, 3, 3, 1, 3, 1, 3, 1, 0, 3, 0, 3, 3, 3, 3, 1, 3]"
846,E1,2016,Huddersfield,"[3, 3, 1, 3, 3, 3, 0, 3, 0, 3, 3, 0, 0, 3, 0, 1, 0, 0, 1, 3, 3, 3, 3, 1, 3, 0, 3, 3, 3, 3, 3, 3, 1, 0, 3, 3, 0, 0, 3, 0, 3, 1, 0, 3, 0, 0]"
847,E1,2016,Ipswich,"[3, 0, 1, 1, 3, 0, 3, 1, 0, 1, 0, 1, 3, 0, 1, 3, 0, 3, 0, 1, 0, 3, 0, 3, 0, 3, 0, 1, 0, 1, 3, 1, 1, 1, 1, 1, 1, 0, 1, 3, 0, 3, 3, 0, 0, 0]"
848,E1,2016,Leeds,"[0, 0, 1, 3, 0, 0, 3, 3, 3, 0, 3, 0, 1, 3, 3, 3, 0, 3, 3, 0, 3, 3, 3, 1, 3, 3, 0, 3, 3, 0, 0, 3, 1, 3, 3, 1, 1, 3, 0, 0, 3, 1, 0, 0, 1, 1]"
849,E1,2016,Newcastle,"[0, 0, 3, 3, 3, 3, 3, 0, 1, 3, 3, 3, 3, 3, 3, 3, 3, 0, 0, 3, 3, 3, 0, 3, 0, 3, 3, 1, 3, 3, 1, 3, 1, 3, 3, 1, 0, 1, 3, 3, 0, 1, 0, 3, 3, 3]"
850,E1,2016,Norwich,"[3, 1, 3, 1, 0, 3, 3, 3, 3, 0, 3, 3, 1, 0, 0, 0, 0, 0, 3, 0, 3, 0, 0, 1, 3, 0, 3, 3, 3, 1, 3, 1, 0, 1, 0, 1, 1, 3, 0, 0, 3, 0, 3, 3, 1, 3]"
851,E1,2016,Nottm Forest,"[3, 0, 0, 3, 3, 1, 1, 0, 0, 1, 0, 3, 0, 0, 0, 1, 3, 3, 3, 0, 1, 0, 0, 0, 0, 1, 3, 0, 3, 3, 0, 0, 0, 1, 3, 0, 0, 1, 1, 0, 3, 0, 0, 3, 0, 3]"
852,E1,2016,Preston,"[0, 0, 0, 3, 0, 0, 3, 0, 3, 1, 3, 1, 3, 3, 0, 3, 1, 1, 0, 3, 1, 3, 0, 1, 3, 3, 1, 1, 0, 1, 3, 3, 1, 3, 0, 1, 3, 1, 1, 3, 0, 0, 0, 0, 1, 0]"
853,E1,2016,QPR,"[3, 3, 0, 0, 3, 1, 0, 0, 1, 1, 3, 1, 3, 0, 0, 1, 3, 0, 0, 0, 0, 0, 0, 3, 3, 3, 1, 0, 1, 0, 0, 3, 3, 0, 3, 3, 1, 3, 0, 0, 0, 0, 0, 0, 3, 0]"
854,E1,2016,Reading,"[3, 0, 0, 1, 3, 3, 1, 3, 3, 0, 1, 1, 0, 3, 3, 3, 3, 3, 0, 3, 0, 3, 3, 3, 0, 0, 3, 3, 3, 1, 1, 3, 0, 0, 3, 1, 0, 3, 3, 3, 0, 3, 3, 0, 3, 3]"
855,E1,2016,Rotherham,"[1, 0, 0, 3, 0, 1, 1, 0, 0, 0, 0, 0, 0, 0, 1, 0, 0, 0, 0, 3, 0, 0, 3, 0, 0, 3, 0, 0, 0, 0, 1, 0, 0, 0, 0, 0, 0, 0, 0, 0, 0, 1, 0, 3, 1, 1]"
856,E1,2016,Sheffield Weds,"[3, 1, 0, 0, 1, 3, 3, 0, 3, 3, 0, 3, 1, 3, 0, 0, 1, 3, 3, 0, 3, 3, 3, 1, 1, 3, 0, 1, 3, 3, 3, 3, 0, 0, 3, 1, 0, 0, 1, 3, 3, 3, 3, 3, 3, 0]"
857,E1,2016,Wigan,"[0, 3, 1, 0, 0, 0, 0, 1, 0, 3, 1, 1, 1, 0, 3, 0, 1, 3, 0, 0, 0, 0, 0, 1, 0, 3, 3, 0, 1, 0, 3, 1, 0, 1, 0, 3, 0, 0, 0, 0, 3, 3, 0, 1, 0, 1]"
858,E1,2016,Wolves,"[1, 3, 1, 3, 0, 1, 0, 3, 3, 0, 0, 1, 0, 0, 1, 0, 1, 0, 3, 1, 0, 3, 3, 0, 1, 3, 0, 3, 0, 0, 0, 0, 0, 1, 3, 3, 3, 3, 3, 0, 0, 3, 1, 0, 0, 3]"
859,E1,2017,Aston Villa,"[1, 0, 0, 3, 1, 1, 1, 3, 3, 3, 3, 0, 3, 1, 3, 0, 3, 3, 3, 1, 1, 0, 1, 0, 3, 3, 3, 3, 3, 3, 3, 0, 1, 3, 3, 3, 0, 0, 1, 3, 0, 3, 3, 3, 1, 0]"
860,E1,2017,Barnsley,"[0, 0, 3, 0, 3, 1, 0, 0, 1, 3, 1, 0, 1, 3, 3, 1, 0, 0, 0, 0, 0, 1, 0, 1, 1, 3, 1, 0, 0, 0, 1, 0, 3, 1, 0, 0, 1, 0, 1, 3, 0, 1, 0, 0, 3, 0]"
861,E1,2017,Birmingham,"[0, 3, 1, 0, 0, 0, 0, 0, 1, 3, 0, 3, 0, 1, 0, 0, 3, 0, 1, 0, 0, 0, 1, 0, 3, 3, 0, 1, 3, 3, 0, 0, 0, 0, 0, 0, 0, 3, 3, 3, 1, 0, 0, 3, 0, 3]"
862,E1,2017,Bolton,"[0, 1, 1, 0, 0, 0, 0, 0, 0, 0, 0, 3, 1, 1, 1, 3, 1, 1, 0, 3, 0, 0, 3, 0, 3, 3, 0, 1, 3, 1, 0, 0, 3, 1, 0, 1, 1, 3, 0, 0, 0, 0, 1, 0, 0, 3]"
863,E1,2017,Brentford,"[0, 0, 1, 0, 1, 1, 0, 1, 3, 1, 1, 3, 1, 3, 3, 3, 0, 1, 1, 3, 0, 1, 3, 3, 3, 0, 3, 3, 0, 0, 1, 3, 3, 0, 3, 0, 0, 1, 1, 3, 3, 3, 1, 3, 0, 1]"
864,E1,2017,Bristol City,"[3, 0, 1, 1, 1, 3, 1, 3, 1, 3, 3, 1, 0, 3, 3, 3, 1, 0, 3, 3, 3, 3, 1, 3, 0, 0, 0, 1, 3, 0, 1, 1, 1, 0, 3, 0, 1, 3, 1, 0, 0, 3, 0, 1, 1, 0]"
865,E1,2017,Burton,"[0, 0, 0, 3, 1, 0, 1, 3, 1, 0, 0, 1, 0, 0, 0, 3, 0, 1, 0, 0, 0, 3, 3, 0, 1, 3, 0, 0, 0, 0, 1, 1, 3, 0, 0, 1, 0, 0, 0, 1, 1, 0, 3, 3, 3, 0]"
866,E1,2017,Cardiff,"[3, 3, 3, 3, 3, 1, 0, 1, 3, 3, 1, 0, 3, 1, 3, 0, 3, 3, 3, 3, 1, 3, 0, 0, 0, 0, 3, 1, 3, 1, 3, 3, 3, 3, 3, 3, 3, 3, 1, 0, 0, 3, 3, 0, 3, 1]"
867,E1,2017,Derby,"[1, 0, 3, 3, 0, 3, 0, 1, 1, 1, 3, 3, 3, 3, 0, 1, 3, 3, 0, 3, 3, 3, 3, 1, 3, 1, 3, 1, 1, 3, 1, 0, 1, 1, 0, 1, 1, 0, 3, 3, 0, 0, 0, 3, 1, 3]"
868,E1,2017,Fulham,"[1, 1, 1, 0, 3, 1, 3, 0, 1, 3, 3, 1, 0, 1, 0, 0, 1, 3, 3, 0, 3, 0, 3, 3, 1, 3, 3, 3, 3, 3, 1, 3, 1, 3, 3, 3, 3, 1, 3, 3, 3, 3, 1, 3, 3, 0]"
869,E1,2017,Hull,"[1, 3, 0, 0, 3, 0, 0, 1, 1, 0, 3, 1, 3, 0, 0, 0, 1, 1, 0, 1, 3, 0, 0, 1, 1, 0, 1, 0, 1, 0, 3, 0, 3, 1, 0, 3, 3, 0, 1, 1, 3, 3, 0, 1, 0, 1]"
870,E1,2017,Ipswich,"[3, 3, 3, 3, 0, 0, 3, 0, 3, 0, 0, 0, 3, 0, 3, 1, 1, 0, 3, 3, 0, 3, 0, 1, 0, 0, 3, 1, 0, 3, 1, 1, 0, 3, 3, 1, 0, 0, 0, 1, 0, 3, 0, 0, 3, 1]"
871,E1,2017,Leeds,"[3, 1, 1, 3, 3, 3, 3, 0, 3, 0, 0, 0, 3, 0, 0, 0, 3, 0, 3, 1, 3, 3, 3, 3, 0, 1, 0, 0, 1, 0, 0, 1, 1, 3, 0, 0, 1, 0, 3, 0, 1, 0, 0, 3, 0, 3]"
872,E1,2017,Middlesbrough,"[0, 3, 3, 0, 1, 3, 1, 3, 1, 0, 1, 1, 0, 3, 3, 3, 0, 3, 0, 0, 3, 0, 3, 3, 0, 3, 0, 3, 1, 0, 3, 0, 3, 1, 3, 3, 3, 1, 0, 1, 3, 0, 3, 3, 3, 1]"
873,E1,2017,Millwall,"[0, 1, 0, 1, 3, 0, 1, 3, 1, 3, 0, 0, 3, 1, 0, 0, 1, 1, 0, 3, 1, 3, 0, 1, 3, 0, 1, 3, 1, 3, 1, 3, 3, 3, 1, 3, 3, 3, 3, 1, 3, 3, 1, 0, 0, 3]"
874,E1,2017,Norwich,"[1, 0, 3, 0, 0, 3, 1, 3, 1, 3, 3, 1, 3, 0, 0, 0, 1, 0, 1, 0, 3, 0, 0, 3, 1, 3, 3, 0, 3, 3, 1, 1, 1, 1, 1, 0, 1, 3, 0, 0, 3, 1, 0, 1, 3, 0]"
875,E1,2017,Nottm Forest,"[3, 3, 0, 3, 0, 0, 3, 0, 0, 0, 3, 0, 3, 3, 0, 3, 0, 3, 0, 0, 3, 0, 1, 0, 0, 1, 0, 3, 0, 0, 0, 1, 1, 3, 3, 1, 1, 1, 0, 0, 0, 3, 0, 3, 1, 0]"
876,E1,2017,Preston,"[3, 1, 0, 3, 1, 1, 3, 3, 1, 3, 1, 1, 0, 0, 0, 0, 1, 3, 1, 3, 3, 3, 1, 1, 3, 0, 1, 1, 3, 3, 1, 1, 1, 0, 3, 3, 0, 3, 0, 0, 0, 3, 3, 1, 3, 3]"
877,E1,2017,QPR,"[3, 1, 0, 3, 0, 3, 1, 0, 1, 1, 0, 1, 1, 3, 3, 0, 0, 0, 1, 0, 0, 3, 1, 1, 0, 3, 3, 0, 0, 3, 0, 3, 0, 0, 1, 3, 3, 1, 0, 3, 0, 3, 0, 0, 3, 0]"
878,E1,2017,Reading,"[0, 1, 3, 0, 3, 0, 1, 1, 0, 0, 3, 0, 0, 3, 3, 0, 1, 1, 3, 3, 1, 0, 0, 0, 1, 0, 1, 0, 3, 0, 0, 1, 1, 0, 1, 1, 0, 0, 3, 0, 3, 0, 1, 0, 0, 1]"
879,E1,2017,Sheffield United,"[3, 0, 0, 3, 3, 3, 3, 0, 3, 3, 0, 3, 3, 3, 0, 3, 3, 0, 1, 0, 0, 0, 1, 3, 0, 1, 1, 3, 0, 0, 3, 3, 0, 3, 0, 1, 3, 1, 1, 1, 0, 3, 1, 0, 0, 3]"
880,E1,2017,Sheffield Weds,"[0, 1, 1, 3, 1, 3, 3, 1, 0, 0, 3, 0, 0, 1, 3, 3, 1, 1, 1, 1, 0, 0, 0, 3, 0, 0, 1, 1, 1, 0, 1, 3, 0, 0, 0, 0, 1, 3, 3, 3, 0, 0, 3, 3, 1, 3]"
881,E1,2017,Sunderland,"[1, 3, 1, 0, 0, 0, 0, 1, 0, 0, 1, 1, 1, 0, 1, 0, 1, 0, 3, 0, 1, 3, 1, 0, 3, 0, 0, 3, 0, 0, 1, 0, 0, 1, 1, 0, 0, 0, 3, 0, 1, 1, 1, 0, 0, 3]"
882,E1,2017,Wolves,"[3, 3, 3, 0, 1, 3, 1, 3, 3, 0, 3, 3, 3, 0, 3, 3, 3, 3, 3, 3, 1, 3, 3, 1, 3, 3, 1, 0, 3, 3, 3, 1, 1, 0, 3, 0, 3, 3, 3, 1, 3, 3, 3, 3, 1, 0]"
883,E1,2018,Aston Villa,"[3, 3, 1, 1, 1, 0, 1, 3, 0, 1, 1, 0, 3, 0, 0, 3, 3, 3, 1, 3, 1, 1, 0, 3, 1, 1, 0, 1, 3, 1, 1, 0, 0, 1, 3, 3, 3, 3, 3, 3, 3, 3, 3, 3, 1, 0]"
884,E1,2018,Birmingham,"[1, 0, 1, 0, 1, 1, 1, 1, 3, 1, 1, 3, 3, 3, 3, 0, 1, 0, 3, 3, 0, 1, 3, 3, 1, 1, 0, 0, 1, 3, 3, 0, 1, 3, 0, 0, 0, 0, 0, 3, 1, 1, 1, 3, 1, 1]"
885,E1,2018,Blackburn,"[1, 1, 3, 1, 3, 0, 1, 1, 3, 1, 0, 3, 3, 0, 1, 3, 1, 0, 0, 3, 1, 1, 0, 0, 0, 3, 3, 3, 3, 0, 0, 0, 0, 1, 0, 0, 3, 0, 0, 0, 3, 3, 3, 3, 0, 1]"
886,E1,2018,Bolton,"[3, 1, 3, 3, 0, 1, 0, 0, 1, 3, 0, 0, 1, 0, 0, 0, 0, 1, 0, 1, 0, 0, 0, 3, 1, 0, 0, 0, 1, 0, 0, 3, 0, 0, 0, 3, 0, 0, 3, 0, 0, 0, 0, 0, 0, 0]"
887,E1,2018,Brentford,"[3, 1, 3, 1, 0, 3, 3, 1, 0, 1, 1, 1, 0, 0, 0, 3, 0, 0, 0, 1, 0, 0, 3, 1, 1, 1, 3, 3, 3, 0, 3, 3, 0, 3, 3, 0, 0, 1, 0, 1, 3, 0, 1, 3, 3, 3]"
888,E1,2018,Bristol City,"[1, 1, 0, 3, 3, 3, 3, 0, 0, 1, 1, 0, 3, 3, 0, 0, 0, 0, 3, 1, 3, 1, 1, 1, 3, 3, 3, 3, 3, 3, 3, 0, 0, 1, 0, 1, 3, 3, 1, 3, 0, 1, 0, 0, 3, 1]"
889,E1,2018,Derby,"[3, 0, 0, 3, 3, 3, 0, 1, 3, 0, 1, 1, 3, 3, 1, 3, 0, 3, 0, 3, 3, 1, 1, 0, 3, 1, 0, 3, 1, 3, 1, 0, 0, 0, 3, 1, 1, 3, 1, 0, 3, 1, 3, 3, 1, 3]"
890,E1,2018,Hull,"[0, 1, 0, 3, 0, 0, 3, 0, 0, 1, 0, 0, 1, 0, 3, 3, 1, 0, 1, 3, 1, 3, 3, 3, 3, 3, 3, 1, 0, 3, 0, 1, 0, 3, 3, 0, 0, 1, 3, 3, 3, 0, 0, 0, 1, 1]"
891,E1,2018,Ipswich,"[1, 0, 1, 0, 0, 1, 0, 1, 1, 1, 0, 3, 0, 0, 0, 1, 1, 0, 0, 0, 0, 3, 1, 0, 0, 0, 3, 0, 0, 0, 0, 1, 1, 1, 0, 1, 1, 1, 0, 3, 0, 1, 0, 0, 0, 3]"
892,E1,2018,Leeds,"[3, 3, 3, 1, 3, 1, 1, 3, 0, 1, 3, 1, 0, 3, 1, 3, 0, 3, 3, 3, 3, 3, 3, 3, 0, 0, 3, 0, 3, 0, 1, 3, 3, 0, 3, 3, 3, 0, 3, 0, 3, 3, 0, 0, 1, 0]"
893,E1,2018,Middlesbrough,"[1, 3, 3, 3, 3, 1, 0, 3, 1, 1, 3, 0, 3, 1, 1, 1, 3, 3, 1, 0, 1, 0, 3, 0, 3, 1, 3, 1, 3, 1, 0, 3, 3, 1, 0, 0, 0, 0, 0, 0, 3, 3, 3, 0, 3, 3]"
894,E1,2018,Millwall,"[1, 1, 3, 0, 0, 0, 1, 0, 0, 0, 1, 3, 0, 3, 3, 0, 0, 1, 0, 1, 1, 0, 0, 3, 3, 3, 0, 1, 1, 0, 1, 3, 0, 0, 0, 0, 3, 0, 3, 1, 1, 1, 0, 1, 0, 0]"
895,E1,2018,Norwich,"[1, 0, 0, 3, 0, 1, 3, 3, 3, 3, 1, 0, 3, 3, 3, 3, 3, 3, 1, 3, 3, 1, 3, 1, 0, 1, 1, 3, 1, 3, 3, 0, 3, 3, 3, 3, 3, 3, 3, 3, 1, 1, 1, 1, 3, 3]"
896,E1,2018,Nottm Forest,"[1, 1, 3, 1, 1, 0, 1, 3, 3, 1, 1, 3, 0, 3, 1, 3, 1, 3, 1, 3, 0, 1, 0, 1, 0, 3, 0, 0, 3, 0, 3, 1, 1, 3, 0, 3, 0, 1, 3, 0, 0, 0, 0, 3, 3, 3]"
897,E1,2018,Preston,"[3, 0, 1, 0, 0, 1, 0, 0, 0, 0, 1, 3, 1, 3, 1, 1, 3, 3, 1, 0, 3, 3, 0, 0, 1, 0, 1, 3, 3, 1, 3, 3, 1, 3, 1, 3, 3, 3, 0, 0, 0, 0, 3, 0, 1, 0]"
898,E1,2018,QPR,"[0, 0, 0, 0, 3, 1, 3, 3, 0, 0, 3, 1, 3, 3, 3, 0, 3, 1, 1, 0, 0, 3, 3, 3, 1, 1, 0, 0, 0, 0, 0, 0, 0, 3, 0, 1, 0, 1, 0, 0, 1, 3, 0, 0, 0, 3]"
899,E1,2018,Reading,"[0, 0, 0, 1, 1, 0, 3, 0, 3, 1, 0, 0, 3, 0, 0, 3, 1, 1, 0, 1, 0, 1, 0, 0, 1, 0, 3, 0, 1, 1, 1, 3, 0, 1, 3, 3, 0, 1, 3, 0, 1, 3, 1, 1, 0, 1]"
900,E1,2018,Rotherham,"[0, 3, 0, 0, 3, 0, 3, 0, 0, 1, 1, 0, 1, 1, 1, 3, 1, 1, 1, 0, 1, 1, 0, 0, 0, 3, 0, 0, 0, 1, 1, 1, 1, 1, 3, 0, 3, 0, 0, 3, 0, 1, 0, 0, 0, 0]"
901,E1,2018,Sheffield United,"[0, 0, 3, 3, 3, 3, 0, 1, 3, 3, 3, 3, 0, 1, 3, 0, 1, 1, 3, 0, 3, 0, 1, 3, 3, 3, 3, 0, 1, 3, 1, 3, 3, 3, 1, 3, 3, 3, 0, 3, 1, 1, 3, 3, 3, 1]"
902,E1,2018,Sheffield Weds,"[0, 1, 0, 3, 3, 3, 1, 0, 3, 1, 1, 3, 0, 0, 0, 0, 1, 0, 3, 0, 1, 0, 3, 3, 1, 1, 0, 3, 3, 1, 1, 1, 3, 3, 1, 1, 3, 3, 1, 0, 3, 0, 1, 3, 1, 0]"
903,E1,2018,Stoke,"[0, 1, 1, 0, 3, 0, 1, 3, 0, 1, 3, 3, 0, 1, 3, 1, 1, 1, 3, 1, 3, 1, 3, 0, 1, 0, 0, 3, 0, 0, 0, 1, 1, 1, 3, 1, 1, 1, 1, 3, 0, 1, 0, 1, 1, 1]"
904,E1,2018,Swansea,"[3, 3, 1, 1, 0, 3, 1, 0, 1, 3, 1, 0, 0, 3, 3, 0, 3, 0, 0, 0, 3, 3, 0, 0, 1, 3, 1, 3, 1, 0, 3, 0, 0, 3, 0, 0, 0, 3, 3, 3, 0, 3, 3, 1, 1, 1]"
905,E1,2018,West Brom,"[0, 1, 3, 3, 0, 3, 1, 3, 3, 3, 1, 3, 0, 0, 1, 0, 3, 3, 3, 1, 1, 3, 3, 3, 1, 0, 1, 3, 0, 3, 1, 3, 3, 0, 0, 1, 3, 3, 3, 0, 0, 3, 3, 1, 3, 0]"
906,E1,2018,Wigan,"[3, 0, 1, 3, 0, 3, 0, 3, 3, 0, 1, 0, 3, 0, 0, 0, 0, 1, 3, 1, 0, 0, 0, 0, 1, 0, 3, 0, 0, 3, 1, 1, 1, 1, 0, 0, 0, 3, 1, 1, 0, 1, 3, 3, 1, 3]"
907,E1,2019,Barnsley,"[3, 0, 1, 0, 0, 1, 0, 0, 0, 1, 0, 1, 1, 0, 1, 0, 0, 0, 3, 0, 1, 3, 3, 1, 1, 0, 3, 0, 0, 0, 1, 0, 3, 3, 3, 0, 0, 3, 1, 3]"
908,E1,2019,Birmingham,"[3, 1, 0, 3, 0, 3, 3, 0, 0, 0, 3, 0, 3, 3, 0, 0, 1, 1, 1, 3, 0, 0, 0, 1, 0, 0, 3, 1, 1, 3, 3, 3, 1, 1, 1, 1, 0, 1, 1]"
909,E1,2019,Blackburn,"[0, 0, 3, 3, 1, 0, 3, 3, 0, 1, 0, 1, 0, 0, 3, 0, 3, 3, 3, 3, 1, 3, 1, 1, 0, 0, 1, 3, 3, 1, 0, 3, 3, 1, 1, 1, 0, 3, 0, 0]"
910,E1,2019,Brentford,"[0, 3, 1, 0, 0, 3, 0, 1, 3, 1, 0, 3, 3, 3, 0, 3, 3, 0, 3, 0, 3, 3, 1, 3, 0, 3, 3, 1, 0, 3, 3, 1, 1, 1, 0, 1, 3, 3, 3, 3]"
911,E1,2019,Bristol City,"[0, 1, 3, 3, 3, 1, 3, 1, 1, 1, 3, 0, 3, 1, 1, 3, 1, 0, 3, 3, 0, 0, 0, 0, 3, 0, 3, 3, 3, 3, 0, 3, 0, 0, 0, 1, 1, 0, 0]"
912,E1,2019,Cardiff,"[0, 3, 0, 3, 1, 1, 1, 3, 1, 3, 0, 1, 1, 0, 3, 0, 1, 3, 3, 3, 0, 1, 1, 1, 3, 0, 1, 1, 3, 1, 3, 3, 1, 0, 0, 1, 3, 3, 3, 1]"
913,E1,2019,Charlton,"[3, 3, 1, 1, 3, 3, 0, 0, 3, 0, 1, 3, 0, 1, 0, 0, 1, 0, 0, 0, 0, 1, 1, 3, 0, 0, 1, 0, 1, 3, 0, 3, 0, 3, 0, 0, 0, 3, 3, 1]"
914,E1,2019,Derby,"[3, 1, 1, 0, 1, 0, 1, 1, 3, 1, 3, 0, 3, 0, 3, 0, 3, 0, 1, 0, 1, 0, 0, 1, 3, 3, 1, 3, 0, 3, 3, 0, 1, 1, 0, 3, 3, 3, 3]"
915,E1,2019,Fulham,"[0, 3, 3, 3, 0, 1, 1, 1, 3, 3, 1, 0, 3, 1, 0, 3, 3, 3, 3, 0, 0, 0, 3, 1, 3, 0, 3, 3, 1, 3, 3, 1, 0, 1, 3, 3, 1, 0, 0, 3]"
916,E1,2019,Huddersfield,"[0, 1, 0, 0, 0, 0, 0, 0, 1, 3, 3, 1, 1, 3, 3, 0, 1, 1, 0, 0, 3, 1, 3, 0, 3, 0, 0, 1, 3, 0, 3, 0, 1, 0, 3, 3, 0, 0, 0]"
917,E1,2019,Hull,"[0, 3, 1, 0, 0, 1, 1, 3, 1, 3, 0, 0, 3, 3, 3, 0, 1, 3, 0, 3, 0, 1, 3, 0, 3, 3, 0, 0, 0, 0, 1, 0, 1, 0, 0, 0, 0, 0, 1]"
918,E1,2019,Leeds,"[3, 1, 3, 3, 3, 0, 3, 1, 0, 3, 0, 3, 1, 1, 3, 3, 3, 3, 3, 3, 3, 1, 0, 1, 3, 1, 0, 0, 3, 0, 0, 1, 3, 3, 3, 3, 3, 0, 3, 1]"
919,E1,2019,Luton,"[1, 0, 0, 0, 3, 3, 0, 0, 3, 1, 0, 3, 0, 0, 0, 0, 0, 3, 0, 3, 0, 0, 0, 1, 0, 0, 0, 0, 3, 0, 0, 3, 3, 0, 3, 1, 1, 1, 3, 1]"
920,E1,2019,Middlesbrough,"[1, 0, 0, 3, 1, 1, 3, 0, 0, 1, 0, 0, 1, 1, 0, 1, 1, 3, 0, 3, 1, 0, 3, 3, 3, 3, 1, 0, 1, 1, 0, 1, 0, 0, 0, 1, 3, 0, 3]"
921,E1,2019,Millwall,"[3, 1, 3, 0, 1, 1, 0, 0, 1, 1, 3, 0, 1, 3, 0, 3, 3, 1, 1, 1, 3, 3, 0, 1, 3, 3, 1, 3, 0, 1, 0, 1, 3, 0, 1, 1, 3, 0, 1, 1]"
922,E1,2019,Nottm Forest,"[0, 1, 3, 1, 3, 1, 3, 3, 3, 1, 3, 0, 0, 3, 3, 1, 3, 0, 1, 1, 0, 0, 3, 3, 3, 1, 3, 1, 3, 0, 3, 0, 1, 1, 3, 1, 0, 1, 3]"
923,E1,2019,Preston,"[0, 3, 0, 3, 3, 1, 3, 3, 1, 1, 3, 0, 1, 3, 3, 3, 0, 0, 0, 0, 3, 3, 1, 1, 0, 0, 1, 3, 3, 1, 3, 3, 0, 3, 0, 0, 0, 1, 0]"
924,E1,2019,QPR,"[3, 1, 0, 0, 3, 3, 3, 3, 0, 0, 3, 3, 1, 0, 0, 1, 0, 0, 1, 3, 3, 0, 1, 0, 0, 3, 0, 3, 0, 0, 0, 1, 3, 1, 3, 1, 3, 0, 0, 0]"
925,E1,2019,Reading,"[0, 0, 3, 1, 3, 0, 0, 0, 1, 0, 0, 3, 1, 3, 3, 0, 0, 3, 0, 1, 1, 3, 3, 3, 3, 1, 0, 1, 0, 1, 1, 0, 3, 0, 0, 3, 3, 1, 0, 0]"
926,E1,2019,Sheffield Weds,"[3, 3, 0, 3, 0, 0, 3, 1, 3, 0, 3, 1, 3, 1, 0, 1, 0, 1, 3, 3, 1, 3, 3, 0, 0, 0, 3, 0, 0, 1, 1, 0, 0, 1, 3, 0, 0, 1, 3]"
927,E1,2019,Stoke,"[0, 0, 1, 0, 0, 0, 0, 1, 0, 0, 3, 3, 0, 0, 0, 3, 3, 0, 0, 0, 3, 1, 0, 3, 0, 3, 1, 3, 3, 0, 3, 0, 0, 3, 1, 1, 3, 1, 0, 0]"
928,E1,2019,Swansea,"[3, 1, 3, 3, 3, 3, 0, 1, 1, 3, 0, 1, 0, 3, 3, 1, 0, 1, 0, 0, 1, 3, 3, 0, 1, 3, 1, 3, 0, 1, 0, 1, 1, 3, 0, 1, 1, 3, 0, 1]"
929,E1,2019,West Brom,"[3, 1, 3, 1, 1, 3, 1, 3, 3, 0, 3, 3, 1, 1, 3, 3, 3, 3, 3, 3, 1, 3, 1, 1, 0, 1, 1, 0, 0, 3, 3, 3, 1, 3, 3, 0, 1, 1, 0]"
930,E1,2019,Wigan,"[3, 0, 0, 0, 0, 1, 1, 3, 0, 3, 0, 3, 0, 1, 0, 0, 0, 1, 0, 0, 1, 1, 1, 1, 0, 3, 0, 0, 3, 3, 0, 1, 1, 3, 3, 3, 1, 3, 3, 3]"
931,E1,2020,Barnsley,"[0, 1, 1, 0, 3, 3, 0, 0, 1, 0, 1, 1, 1, 3, 3, 0, 3, 3, 0, 0, 3, 0, 3, 3, 3, 0, 3, 3, 0, 0, 0, 1, 1, 3, 3, 3, 3, 3, 3, 3, 1, 3, 3, 0, 1, 3, 3, 0, 3, 3, 0, 1]"
932,E1,2020,Birmingham,"[0, 0, 0, 0, 1, 0, 0, 3, 1, 1, 1, 0, 0, 1, 3, 3, 0, 0, 1, 1, 1, 0, 3, 3, 0, 0, 0, 1, 0, 0, 3, 0, 1, 1, 0, 0, 0, 3, 0, 3, 1, 0, 0, 3, 0, 3, 1, 3, 3, 1, 3, 0, 0]"
933,E1,2020,Blackburn,"[0, 3, 1, 0, 3, 0, 0, 3, 3, 1, 0, 0, 3, 0, 0, 1, 3, 1, 3, 3, 3, 1, 0, 0, 3, 0, 1, 0, 3, 1, 3, 3, 0, 0, 0, 0, 0, 1, 0, 3, 1, 0, 1, 1, 0, 0, 1, 3, 0, 3, 1, 3]"
934,E1,2020,Bournemouth,"[3, 1, 3, 3, 1, 1, 1, 3, 1, 0, 3, 3, 3, 1, 0, 3, 1, 3, 3, 1, 0, 3, 1, 0, 0, 0, 0, 3, 1, 3, 0, 0, 3, 3, 1, 0, 3, 3, 3, 3, 3, 3, 3, 0, 0, 0]"
935,E1,2020,Brentford,"[3, 3, 3, 3, 0, 0, 0, 3, 1, 0, 3, 3, 0, 1, 3, 1, 1, 1, 3, 3, 3, 1, 1, 3, 1, 3, 3, 3, 3, 1, 3, 3, 3, 3, 0, 0, 0, 3, 3, 0, 3, 1, 1, 1, 1, 3, 1, 1, 3, 3, 3, 3]"
936,E1,2020,Bristol City,"[0, 0, 3, 3, 1, 0, 1, 3, 3, 3, 3, 1, 0, 1, 0, 0, 3, 3, 3, 1, 0, 3, 0, 3, 0, 0, 0, 3, 0, 3, 0, 3, 0, 0, 0, 0, 0, 0, 3, 3, 0, 0, 3, 1, 0, 0, 0, 1, 1, 0, 0, 0, 0]"
937,E1,2020,Cardiff,"[3, 0, 0, 3, 3, 3, 0, 3, 0, 1, 3, 1, 1, 1, 0, 3, 0, 1, 0, 3, 3, 3, 3, 0, 3, 0, 0, 0, 0, 0, 1, 1, 3, 3, 3, 3, 3, 3, 1, 3, 1, 0, 1, 3, 0, 0, 1, 1, 1, 3, 3, 1]"
938,E1,2020,Charlton,"[0, 0, 0, 1, 1, 0]"
939,E1,2020,Coventry,"[0, 3, 1, 0, 0, 1, 0, 0, 3, 0, 0, 1, 3, 1, 1, 3, 1, 3, 1, 0, 1, 0, 3, 0, 3, 1, 0, 1, 0, 0, 3, 0, 1, 0, 3, 0, 1, 0, 3, 0, 3, 3, 3, 0, 1, 3]"
940,E1,2020,Derby,"[3, 1, 0, 0, 0, 0, 3, 0, 0, 0, 3, 0, 0, 1, 1, 1, 0, 0, 0, 0, 1, 1, 3, 1, 1, 3, 0, 3, 0, 0, 3, 3, 3, 0, 3, 3, 0, 3, 1, 0, 0, 1, 0, 1, 0, 3, 0, 0, 0, 0, 0, 0, 1]"
941,E1,2020,Fulham,"[3, 3, 3, 1, 3, 1]"
942,E1,2020,Huddersfield,"[3, 1, 1, 0, 1, 3, 0, 0, 0, 3, 1, 3, 3, 0, 0, 3, 0, 1, 0, 1, 3, 0, 3, 3, 0, 1, 3, 0, 3, 0, 0, 0, 0, 1, 1, 0, 0, 3, 0, 0, 1, 1, 3, 1, 1, 0, 1, 0, 3, 0, 0, 1, 1]"
943,E1,2020,Hull,"[3, 0, 0, 0, 0, 0, 0]"
944,E1,2020,Leeds,"[3, 3, 3, 3, 3, 3]"
945,E1,2020,Luton,"[0, 1, 3, 1, 3, 3, 3, 3, 0, 3, 0, 0, 3, 1, 0, 3, 1, 1, 1, 0, 3, 0, 1, 3, 0, 1, 0, 3, 0, 3, 0, 0, 1, 3, 0, 0, 1, 3, 3, 0, 0, 3, 3, 0, 0, 3, 3, 1, 3, 1, 1, 0]"
946,E1,2020,Middlesbrough,"[0, 0, 3, 0, 3, 0, 3, 0, 1, 1, 3, 1, 3, 1, 3, 3, 1, 1, 0, 3, 0, 3, 0, 0, 3, 3, 3, 0, 3, 0, 3, 0, 0, 1, 0, 0, 3, 3, 0, 1, 3, 0, 3, 3, 0, 0, 1, 0, 0, 3, 3, 1, 0]"
947,E1,2020,Millwall,"[3, 0, 3, 3, 0, 3, 1, 3, 1, 0, 3, 3, 1, 3, 0, 1, 1, 1, 1, 1, 0, 0, 1, 0, 3, 1, 0, 1, 0, 3, 1, 1, 1, 3, 3, 3, 1, 1, 0, 3, 0, 3, 0, 3, 3, 3, 0, 1, 0, 0, 3, 0]"
948,E1,2020,Norwich,"[3, 1, 0, 0, 3, 3, 3, 1, 3, 1, 3, 3, 3, 1, 0, 3, 3, 3, 3, 3, 0, 1, 3, 3, 3, 1, 1, 0, 3, 3, 3, 3, 3, 3, 3, 3, 3, 1, 1, 3, 3, 0, 0, 3, 3, 1]"
949,E1,2020,Nottm Forest,"[3, 1, 0, 1, 1, 0, 0, 0, 0, 0, 0, 3, 1, 1, 1, 0, 3, 3, 0, 0, 0, 1, 0, 0, 0, 3, 1, 1, 1, 3, 3, 0, 1, 3, 3, 1, 0, 3, 3, 1, 0, 0, 1, 0, 1, 3, 3, 1, 0, 1, 1, 1, 0]"
950,E1,2020,Preston,"[0, 1, 3, 1, 0, 3, 1, 0, 1, 0, 3, 0, 3, 3, 0, 0, 3, 0, 3, 0, 0, 3, 1, 3, 0, 0, 3, 3, 3, 0, 0, 3, 1, 0, 0, 3, 0, 0, 1, 3, 0, 1, 0, 0, 0, 1, 3, 0, 1, 3, 3, 3, 3]"
951,E1,2020,QPR,"[3, 0, 0, 1, 3, 1, 3, 0, 1, 1, 1, 0, 1, 0, 3, 3, 0, 1, 3, 0, 0, 0, 1, 0, 1, 1, 0, 1, 3, 3, 0, 3, 3, 3, 3, 1, 0, 0, 3, 3, 0, 3, 1, 3, 0, 3, 0, 3, 3, 0, 3, 3]"
952,E1,2020,Reading,"[3, 1, 3, 0, 0, 0, 3, 3, 3, 3, 1, 3, 3, 3, 0, 0, 0, 0, 1, 3, 1, 3, 0, 3, 0, 0, 3, 1, 3, 3, 1, 3, 1, 0, 0, 3, 0, 0, 3, 3, 3, 1, 0, 1, 1, 3, 0, 1, 1, 1, 0, 1]"
953,E1,2020,Rotherham,"[3, 0, 1, 1, 0, 1, 0, 3, 0, 0, 3, 0, 0, 1, 0, 0, 0, 3, 0, 0, 3, 1, 3, 0, 3, 3, 0, 0, 0, 0, 0, 3, 0, 3, 0, 0, 1, 3, 0, 0, 0, 0, 0, 1, 1, 1]"
954,E1,2020,Sheffield Weds,"[0, 0, 0, 3, 1, 0, 0, 3, 1, 0, 1, 3, 0, 0, 0, 0, 3, 1, 0, 1, 1, 1, 0, 0, 0, 0, 3, 1, 3, 3, 0, 3, 3, 0, 3, 0, 0, 0, 0, 0, 0, 0, 1, 3, 0, 3, 0, 0, 1, 3, 0, 1, 1]"
955,E1,2020,Stoke,"[3, 0, 3, 1, 3, 3, 1, 0, 3, 1, 3, 1, 3, 0, 3, 0, 3, 3, 0, 1, 3, 3, 0, 1, 1, 3, 1, 1, 0, 1, 1, 0, 1, 1, 0, 3, 3, 0, 0, 0, 3, 0, 1, 3, 3, 0, 0, 1, 0, 1, 0, 3]"
956,E1,2020,Swansea,"[3, 3, 0, 1, 3, 3, 3, 1, 3, 3, 0, 1, 1, 3, 3, 1, 0, 3, 1, 3, 0, 3, 1, 3, 0, 3, 3, 1, 3, 3, 1, 3, 3, 3, 0, 3, 0, 3, 3, 1, 3, 0, 0, 0, 0, 3, 3, 1, 0, 1, 3, 0]"
957,E1,2020,Watford,"[3, 1, 3, 0, 3, 3, 1, 1, 0, 3, 3, 1, 1, 3, 1, 0, 3, 3, 1, 0, 3, 0, 3, 3, 3, 1, 0, 1, 3, 3, 3, 3, 0, 3, 3, 3, 3, 3, 3, 1, 3, 0, 3, 3, 0, 3]"
958,E1,2020,West Brom,"[3, 3, 3, 1, 1, 0, 1]"
959,E1,2020,Wigan,"[0, 3, 1, 3, 1, 1]"
960,E1,2020,Wycombe,"[0, 0, 0, 0, 0, 0, 0, 1, 3, 3, 0, 1, 1, 1, 0, 1, 0, 0, 0, 1, 0, 3, 0, 0, 1, 0, 0, 3, 0, 1, 3, 0, 0, 0, 0, 3, 0, 1, 3, 3, 0, 1, 3, 0, 3, 3]"
961,E1,2021,Barnsley,"[1, 3, 0, 1, 1, 0, 1, 1, 0, 0, 0, 0, 0, 0, 0, 3, 0, 0, 0, 1, 1, 0, 1, 0, 0, 0, 0, 0, 0, 3, 0, 3, 3, 0, 1, 1, 3, 0, 1, 0, 1, 0, 0, 0, 0, 0]"
962,E1,2021,Birmingham,"[3, 1, 0, 3, 1, 3, 0, 0, 1, 0, 0, 0, 1, 3, 3, 3, 0, 0, 1, 3, 0, 1, 0, 0, 1, 0, 3, 1, 1, 0, 0, 3, 1, 0, 0, 3, 1, 0, 1, 3, 0, 0, 0, 1, 1, 0]"
963,E1,2021,Blackburn,"[3, 1, 3, 0, 1, 1, 3, 1, 3, 0, 0, 1, 0, 3, 3, 0, 3, 1, 3, 3, 3, 3, 3, 3, 1, 3, 0, 3, 1, 0, 0, 1, 0, 3, 0, 1, 0, 3, 0, 1, 1, 0, 0, 3, 0, 3]"
964,E1,2021,Blackpool,"[1, 0, 0, 1, 0, 3, 0, 3, 3, 1, 3, 0, 3, 3, 3, 0, 1, 1, 1, 0, 0, 0, 3, 0, 0, 3, 3, 1, 3, 1, 0, 1, 0, 3, 3, 3, 1, 0, 0, 1, 0, 3, 1, 3, 0, 0]"
965,E1,2021,Bournemouth,"[1, 3, 3, 1, 1, 3, 3, 3, 3, 1, 3, 3, 3, 3, 3, 0, 3, 0, 1, 1, 1, 0, 0, 3, 3, 0, 0, 3, 3, 3, 3, 0, 1, 3, 1, 3, 3, 0, 1, 1, 3, 1, 1, 3, 3, 3]"
966,E1,2021,Bristol City,"[1, 0, 3, 0, 3, 1, 1, 3, 1, 0, 3, 0, 0, 0, 3, 0, 0, 1, 3, 0, 3, 1, 0, 0, 3, 0, 3, 0, 1, 0, 3, 0, 3, 0, 0, 0, 3, 0, 1, 0, 1, 3, 1, 3, 3, 0]"
967,E1,2021,Cardiff,"[1, 3, 1, 3, 0, 3, 0, 0, 0, 0, 0, 0, 0, 0, 1, 0, 3, 3, 0, 3, 0, 1, 0, 1, 0, 0, 3, 3, 3, 0, 3, 1, 0, 0, 3, 3, 1, 3, 0, 3, 0, 0, 0, 0, 1, 3]"
968,E1,2021,Coventry,"[3, 0, 3, 3, 0, 3, 3, 1, 3, 0, 3, 1, 0, 1, 3, 0, 3, 1, 1, 1, 0, 1, 0, 3, 0, 3, 0, 1, 3, 0, 3, 3, 1, 0, 0, 3, 0, 1, 1, 0, 3, 3, 0, 1, 0, 1]"
969,E1,2021,Derby,"[1, 0, 3, 1, 1, 0, 1, 3, 0, 3, 1, 1, 1, 1, 0, 0, 1, 3, 1, 0, 0, 3, 3, 3, 1, 3, 0, 1, 0, 3, 0, 3, 0, 0, 0, 3, 0, 0, 1, 3, 0, 3, 0, 0, 3, 0]"
970,E1,2021,Fulham,"[1, 3, 3, 3, 3, 0, 3, 0, 1, 3, 0, 3, 3, 3, 3, 3, 3, 3, 1, 1, 1, 1, 0, 3, 3, 3, 3, 1, 3, 3, 0, 3, 3, 3, 3, 1, 0, 3, 3, 0, 0, 3, 1, 0, 3, 0]"
971,E1,2021,Huddersfield,"[1, 0, 3, 3, 3, 0, 3, 0, 0, 3, 1, 3, 1, 0, 3, 1, 0, 3, 0, 0, 1, 1, 3, 3, 3, 1, 1, 3, 1, 3, 1, 1, 3, 3, 3, 3, 1, 0, 0, 3, 3, 1, 3, 3, 3, 3]"
972,E1,2021,Hull,"[3, 0, 0, 0, 1, 1, 0, 0, 0, 1, 3, 0, 0, 0, 0, 0, 3, 3, 3, 3, 1, 1, 0, 0, 0, 3, 3, 3, 0, 0, 0, 1, 1, 0, 3, 0, 1, 3, 0, 0, 3, 3, 0, 3, 0, 1]"
973,E1,2021,Luton,"[3, 0, 3, 0, 1, 1, 1, 1, 0, 3, 1, 3, 1, 3, 0, 3, 0, 0, 1, 0, 3, 1, 3, 3, 0, 3, 1, 3, 3, 0, 3, 3, 3, 0, 3, 0, 3, 3, 1, 1, 0, 3, 3, 1, 0, 3]"
974,E1,2021,Middlesbrough,"[1, 3, 0, 1, 1, 0, 3, 0, 0, 3, 0, 3, 3, 3, 0, 0, 1, 1, 0, 3, 3, 1, 3, 3, 3, 3, 0, 3, 1, 3, 0, 3, 0, 3, 0, 1, 3, 3, 0, 0, 1, 0, 1, 3, 3, 0]"
975,E1,2021,Millwall,"[1, 1, 0, 0, 3, 1, 1, 1, 1, 3, 3, 0, 3, 3, 0, 3, 1, 1, 1, 0, 3, 0, 3, 0, 0, 0, 3, 1, 0, 3, 3, 3, 3, 3, 1, 1, 3, 0, 1, 0, 3, 1, 3, 1, 3, 0]"
976,E1,2021,Nottm Forest,"[0, 0, 0, 0, 1, 0, 0, 3, 1, 3, 3, 3, 3, 0, 1, 1, 3, 1, 1, 1, 3, 3, 3, 0, 0, 3, 3, 3, 0, 3, 1, 1, 3, 1, 3, 3, 3, 3, 3, 0, 3, 3, 3, 3, 0, 1]"
977,E1,2021,Peterboro,"[0, 3, 1, 0, 0, 0, 0, 3, 0, 1, 0, 0, 3, 3, 0, 1, 0, 0, 0, 1, 0, 3, 0, 0, 0, 1, 0, 0, 0, 1, 0, 0, 0, 0, 1, 1, 0, 3, 0, 1, 1, 3, 3, 0, 0, 3]"
978,E1,2021,Preston,"[0, 0, 0, 3, 3, 1, 1, 1, 1, 1, 0, 1, 3, 0, 3, 3, 0, 0, 3, 1, 0, 3, 3, 1, 1, 0, 3, 1, 1, 3, 1, 3, 0, 1, 1, 3, 1, 0, 0, 3, 3, 1, 0, 0, 3, 3]"
979,E1,2021,QPR,"[1, 3, 3, 1, 3, 1, 0, 0, 0, 3, 3, 0, 3, 0, 1, 3, 1, 3, 3, 3, 0, 0, 3, 3, 3, 3, 1, 3, 1, 0, 0, 1, 3, 0, 0, 3, 0, 0, 0, 0, 0, 1, 3, 0, 0, 3]"
980,E1,2021,Reading,"[0, 3, 0, 0, 0, 1, 3, 3, 3, 0, 3, 3, 0, 0, 0, 0, 3, 1, 0, 3, 1, 0, 1, 0, 0, 0, 0, 0, 0, 0, 1, 3, 3, 0, 0, 0, 1, 3, 1, 3, 0, 3, 1, 0, 0, 0]"
981,E1,2021,Sheffield United,"[0, 1, 0, 0, 1, 3, 1, 3, 3, 0, 0, 3, 0, 3, 0, 1, 0, 1, 3, 3, 3, 3, 0, 1, 3, 3, 3, 3, 1, 1, 3, 3, 0, 1, 3, 0, 1, 3, 0, 3, 1, 0, 1, 3, 3, 3]"
982,E1,2021,Stoke,"[3, 1, 3, 3, 0, 3, 1, 0, 3, 1, 3, 0, 0, 0, 1, 3, 3, 3, 0, 0, 3, 1, 0, 0, 3, 0, 0, 1, 3, 1, 1, 0, 0, 0, 1, 1, 0, 3, 3, 0, 3, 0, 3, 3, 0, 1]"
983,E1,2021,Swansea,"[0, 1, 0, 3, 0, 1, 1, 1, 3, 0, 1, 3, 3, 0, 3, 3, 0, 1, 3, 0, 0, 0, 1, 3, 1, 0, 0, 3, 0, 3, 0, 3, 3, 0, 0, 3, 1, 3, 3, 3, 1, 1, 1, 1, 0, 0]"
984,E1,2021,West Brom,"[1, 3, 3, 3, 3, 1, 1, 1, 3, 3, 0, 3, 0, 3, 0, 3, 1, 0, 1, 1, 3, 3, 1, 0, 1, 0, 3, 0, 0, 0, 1, 0, 0, 0, 3, 1, 3, 1, 0, 3, 0, 3, 0, 1, 3, 3]"
985,E1,2022,Birmingham,"[1, 3, 0, 1, 0, 0, 0, 3, 3, 1, 1, 0, 3, 3, 1, 0, 3, 1, 3, 1, 0, 1, 3, 0, 0, 0, 0, 0, 3, 3, 0, 0, 0, 0, 1, 3, 0, 3, 3, 1, 1, 0, 3, 0, 0, 0]"
986,E1,2022,Blackburn,"[3, 3, 3, 0, 0, 0, 3, 0, 3, 0, 3, 0, 3, 0, 3, 3, 3, 3, 0, 3, 0, 0, 3, 0, 0, 3, 0, 1, 1, 1, 1, 3, 3, 3, 3, 0, 3, 0, 0, 1, 1, 1, 1, 0, 1, 3]"
987,E1,2022,Blackpool,"[3, 0, 0, 3, 1, 1, 0, 3, 0, 0, 0, 1, 3, 1, 0, 3, 3, 0, 0, 0, 0, 1, 1, 1, 0, 1, 0, 0, 1, 1, 0, 3, 0, 0, 1, 0, 3, 0, 0, 0, 0, 3, 0, 3, 0, 3]"
988,E1,2022,Bristol City,"[0, 0, 1, 3, 3, 1, 3, 3, 0, 0, 0, 1, 0, 3, 0, 3, 0, 1, 0, 1, 1, 3, 0, 0, 1, 1, 3, 1, 3, 3, 1, 1, 3, 0, 1, 3, 0, 0, 1, 3, 1, 0, 0, 3, 0, 3]"
989,E1,2022,Burnley,"[3, 1, 0, 1, 1, 3, 3, 1, 1, 3, 1, 1, 3, 3, 1, 3, 3, 3, 3, 0, 3, 3, 3, 3, 3, 3, 3, 3, 3, 3, 1, 3, 1, 3, 1, 3, 3, 1, 3, 3, 1, 1, 0, 3, 3, 3]"
990,E1,2022,Cardiff,"[3, 0, 3, 1, 0, 1, 0, 0, 3, 0, 1, 3, 3, 0, 0, 0, 3, 0, 3, 0, 0, 1, 1, 1, 1, 0, 1, 0, 0, 0, 0, 3, 3, 0, 3, 0, 1, 0, 3, 0, 0, 3, 1, 3, 0, 0]"
991,E1,2022,Coventry,"[1, 0, 0, 0, 0, 1, 1, 3, 1, 0, 3, 3, 3, 1, 0, 3, 3, 3, 3, 0, 1, 3, 0, 1, 1, 0, 0, 3, 0, 1, 3, 3, 3, 1, 3, 1, 1, 3, 0, 1, 1, 3, 1, 3, 3, 1]"
992,E1,2022,Huddersfield,"[0, 0, 3, 0, 1, 0, 0, 0, 3, 0, 1, 3, 0, 0, 1, 3, 0, 0, 3, 1, 0, 0, 3, 3, 0, 1, 0, 1, 1, 0, 0, 3, 0, 0, 1, 0, 1, 3, 3, 3, 1, 0, 1, 3, 3, 3]"
993,E1,2022,Hull,"[3, 1, 3, 1, 0, 3, 0, 0, 0, 0, 0, 3, 0, 0, 3, 3, 0, 0, 1, 3, 0, 1, 1, 1, 3, 3, 1, 0, 3, 3, 1, 0, 1, 0, 3, 1, 0, 1, 1, 1, 3, 1, 0, 3, 1, 1]"
994,E1,2022,Luton,"[1, 1, 0, 0, 3, 1, 3, 0, 1, 3, 3, 1, 1, 3, 3, 0, 1, 1, 3, 0, 1, 0, 3, 3, 3, 0, 3, 3, 3, 1, 1, 0, 3, 1, 3, 3, 3, 1, 3, 1, 3, 3, 1, 3, 1, 1]"
995,E1,2022,Middlesbrough,"[1, 0, 1, 1, 0, 3, 0, 3, 0, 1, 0, 3, 0, 0, 3, 1, 0, 3, 1, 3, 3, 3, 0, 3, 3, 3, 3, 0, 3, 3, 3, 3, 3, 0, 3, 3, 1, 3, 0, 0, 1, 3, 3, 0, 0, 1]"
996,E1,2022,Millwall,"[3, 0, 3, 1, 0, 0, 0, 3, 0, 3, 0, 1, 3, 3, 3, 3, 0, 1, 1, 3, 0, 1, 3, 1, 3, 0, 3, 1, 3, 0, 3, 1, 3, 1, 0, 3, 3, 0, 1, 1, 0, 3, 0, 0, 3, 0]"
997,E1,2022,Norwich,"[0, 1, 0, 3, 3, 3, 3, 3, 3, 1, 3, 1, 0, 0, 0, 1, 0, 3, 1, 3, 0, 3, 0, 0, 1, 0, 3, 3, 0, 0, 3, 1, 3, 3, 3, 0, 1, 1, 0, 3, 1, 0, 1, 0, 0, 0]"
998,E1,2022,Preston,"[1, 1, 3, 1, 1, 1, 3, 0, 1, 0, 1, 3, 3, 0, 0, 3, 0, 3, 3, 3, 0, 3, 0, 0, 0, 3, 0, 3, 0, 0, 1, 1, 3, 1, 1, 3, 3, 0, 3, 3, 3, 0, 0, 1, 0, 0]"
999,E1,2022,QPR,"[0, 3, 1, 0, 1, 3, 3, 0, 3, 1, 3, 3, 3, 0, 3, 3, 0, 1, 0, 0, 0, 0, 3, 1, 0, 1, 1, 1, 0, 1, 0, 0, 0, 0, 0, 3, 0, 0, 0, 0, 1, 0, 1, 3, 3, 0]"
1000,E1,2022,Reading,"[0, 3, 0, 3, 3, 3, 0, 3, 0, 3, 3, 1, 0, 0, 0, 3, 0, 1, 0, 0, 3, 3, 0, 3, 1, 0, 1, 0, 1, 0, 3, 0, 3, 0, 0, 0, 0, 1, 1, 1, 0, 1, 1, 0, 1, 0]"
1001,E1,2022,Rotherham,"[1, 3, 1, 1, 3, 0, 1, 3, 1, 0, 1, 0, 3, 3, 0, 1, 0, 0, 0, 3, 1, 0, 0, 1, 0, 0, 3, 1, 1, 1, 0, 0, 3, 1, 3, 0, 0, 1, 3, 1, 0, 1, 0, 0, 3, 1]"
1002,E1,2022,Sheffield United,"[0, 3, 1, 3, 3, 1, 3, 3, 3, 3, 1, 0, 0, 1, 0, 1, 3, 3, 3, 0, 3, 3, 3, 3, 3, 1, 3, 3, 1, 3, 0, 0, 3, 0, 3, 0, 3, 3, 3, 0, 3, 3, 3, 3, 0, 3]"
1003,E1,2022,Stoke,"[0, 3, 0, 1, 0, 3, 1, 0, 3, 1, 0, 1, 3, 3, 0, 0, 0, 3, 0, 3, 0, 1, 3, 1, 0, 0, 0, 3, 0, 1, 3, 0, 3, 0, 3, 3, 1, 1, 3, 0, 1, 0, 0, 1, 0, 0]"
1004,E1,2022,Sunderland,"[1, 3, 1, 0, 3, 0, 3, 0, 3, 1, 1, 1, 0, 3, 0, 0, 1, 3, 0, 3, 3, 0, 1, 3, 3, 1, 0, 3, 1, 3, 3, 1, 0, 0, 0, 3, 0, 1, 1, 1, 3, 3, 1, 3, 1, 3]"
1005,E1,2022,Swansea,"[1, 0, 3, 1, 0, 0, 1, 3, 0, 3, 3, 3, 3, 0, 3, 3, 1, 0, 1, 1, 1, 0, 1, 0, 3, 0, 3, 1, 0, 0, 3, 0, 0, 1, 0, 0, 0, 3, 3, 1, 3, 3, 3, 3, 1, 3]"
1006,E1,2022,Watford,"[3, 1, 3, 1, 1, 0, 3, 1, 0, 1, 3, 0, 0, 3, 0, 3, 3, 3, 0, 3, 1, 1, 3, 0, 0, 3, 3, 1, 0, 1, 1, 1, 3, 0, 1, 0, 3, 1, 0, 0, 1, 3, 0, 0, 1, 3]"
1007,E1,2022,West Brom,"[1, 1, 0, 1, 3, 1, 1, 1, 0, 1, 0, 0, 1, 3, 0, 0, 0, 3, 3, 3, 3, 3, 0, 3, 3, 3, 3, 0, 3, 0, 1, 0, 3, 0, 3, 3, 1, 1, 0, 1, 3, 3, 0, 0, 3, 0]"
1008,E1,2022,Wigan,"[1, 1, 1, 3, 0, 1, 3, 3, 0, 3, 0, 0, 3, 0, 0, 0, 0, 0, 1, 0, 3, 1, 0, 0, 0, 0, 1, 0, 1, 3, 1, 1, 0, 1, 0, 0, 1, 1, 3, 0, 0, 0, 3, 3, 1, 1]"
1009,E1,2023,Birmingham,"[1, 3, 3, 3, 1, 0, 0, 1, 0, 3, 3, 0, 0, 0, 1, 0, 3, 0, 1, 0, 3, 0, 1, 0, 1, 0, 1, 3, 0, 0, 3, 3, 0, 0, 1, 0, 0, 0, 0, 3, 0, 0, 3, 1, 1, 3]"
1010,E1,2023,Blackburn,"[3, 1, 0, 3, 0, 3, 0, 0, 0, 0, 3, 3, 3, 0, 3, 0, 3, 3, 0, 0, 3, 0, 0, 0, 0, 1, 0, 1, 0, 3, 0, 1, 1, 1, 0, 1, 1, 1, 0, 3, 1, 0, 3, 0, 1, 3]"
1011,E1,2023,Bristol City,"[1, 3, 0, 1, 3, 1, 3, 0, 0, 3, 0, 3, 0, 0, 3, 1, 3, 0, 0, 1, 0, 3, 3, 3, 1, 0, 0, 1, 1, 0, 3, 3, 0, 0, 0, 0, 3, 0, 3, 3, 1, 3, 1, 1, 3, 0]"
1012,E1,2023,Cardiff,"[1, 0, 0, 3, 0, 3, 3, 3, 3, 0, 1, 0, 3, 3, 1, 0, 3, 0, 0, 3, 0, 0, 3, 1, 0, 3, 0, 0, 3, 0, 0, 0, 1, 3, 3, 3, 3, 0, 0, 3, 0, 3, 0, 3, 0, 0]"
1013,E1,2023,Coventry,"[0, 3, 1, 1, 1, 1, 0, 1, 3, 3, 1, 0, 0, 0, 0, 1, 3, 3, 0, 3, 1, 1, 3, 3, 1, 3, 3, 3, 1, 0, 3, 1, 3, 0, 0, 3, 3, 3, 0, 3, 0, 0, 0, 1, 0, 0]"
1014,E1,2023,Huddersfield,"[0, 0, 1, 0, 3, 3, 1, 1, 1, 0, 1, 3, 0, 0, 1, 0, 1, 3, 1, 1, 0, 1, 0, 3, 0, 0, 1, 1, 1, 3, 0, 3, 0, 3, 1, 0, 0, 1, 0, 1, 3, 0, 1, 0, 1, 0]"
1015,E1,2023,Hull,"[0, 3, 3, 1, 3, 1, 1, 3, 1, 0, 1, 0, 3, 3, 0, 3, 1, 3, 0, 0, 3, 3, 0, 0, 3, 0, 0, 3, 3, 0, 3, 3, 3, 1, 1, 1, 1, 0, 0, 3, 1, 3, 1, 3, 1, 0]"
1016,E1,2023,Ipswich,"[3, 3, 3, 0, 3, 3, 3, 3, 1, 3, 3, 3, 3, 1, 1, 3, 0, 3, 3, 3, 3, 1, 0, 1, 1, 1, 3, 1, 0, 1, 3, 3, 3, 3, 3, 3, 0, 3, 3, 3, 0, 1, 1, 1, 3, 3]"
1017,E1,2023,Leeds,"[1, 0, 1, 3, 1, 3, 1, 3, 0, 3, 3, 3, 0, 3, 3, 3, 1, 3, 3, 3, 0, 1, 3, 0, 0, 3, 3, 3, 3, 3, 3, 3, 3, 3, 1, 3, 3, 3, 1, 3, 0, 1, 0, 3, 0, 0]"
1018,E1,2023,Leicester,"[3, 3, 3, 3, 0, 3, 3, 3, 3, 3, 3, 3, 3, 3, 0, 0, 3, 1, 3, 3, 3, 3, 3, 1, 3, 3, 0, 1, 3, 3, 3, 3, 0, 0, 0, 3, 1, 0, 3, 3, 0, 0, 3, 3, 3, 0]"
1019,E1,2023,Middlesbrough,"[0, 0, 1, 0, 0, 0, 1, 3, 3, 3, 3, 3, 3, 0, 1, 3, 0, 3, 0, 0, 0, 3, 3, 0, 3, 0, 3, 1, 1, 0, 0, 3, 0, 0, 3, 3, 3, 1, 1, 3, 3, 1, 1, 0, 3, 3]"
1020,E1,2023,Millwall,"[3, 0, 0, 3, 1, 0, 3, 1, 0, 3, 1, 1, 0, 1, 0, 3, 0, 0, 1, 0, 0, 1, 1, 3, 3, 3, 0, 0, 1, 0, 0, 0, 0, 3, 3, 1, 3, 0, 1, 0, 0, 3, 3, 3, 3, 3]"
1021,E1,2023,Norwich,"[3, 1, 3, 3, 0, 3, 0, 0, 3, 0, 1, 0, 0, 0, 0, 3, 3, 0, 3, 1, 3, 1, 3, 0, 0, 1, 3, 3, 0, 3, 1, 3, 3, 1, 3, 0, 3, 3, 3, 0, 3, 1, 3, 1, 1, 0]"
1022,E1,2023,Plymouth,"[3, 1, 0, 0, 3, 0, 0, 3, 1, 0, 0, 1, 3, 0, 1, 0, 3, 0, 3, 0, 1, 3, 1, 1, 0, 1, 1, 3, 3, 0, 1, 0, 0, 3, 0, 0, 1, 0, 0, 0, 3, 1, 3, 0, 0, 3]"
1023,E1,2023,Preston,"[1, 3, 3, 3, 3, 3, 3, 1, 0, 0, 0, 1, 1, 0, 3, 3, 0, 0, 0, 1, 3, 0, 0, 3, 0, 0, 3, 0, 1, 3, 3, 3, 1, 3, 1, 0, 3, 3, 0, 1, 3, 0, 0, 0, 0, 0]"
1024,E1,2023,QPR,"[0, 3, 0, 0, 3, 0, 1, 1, 0, 0, 0, 0, 0, 0, 1, 1, 0, 3, 3, 3, 1, 0, 0, 0, 1, 0, 0, 3, 1, 3, 1, 0, 3, 3, 3, 1, 0, 1, 3, 3, 0, 1, 0, 3, 3, 3]"
1025,E1,2023,Rotherham,"[0, 1, 0, 0, 3, 0, 0, 1, 0, 0, 1, 3, 0, 1, 1, 0, 1, 0, 1, 0, 0, 0, 0, 3, 1, 1, 0, 1, 0, 0, 0, 0, 0, 0, 0, 0, 0, 1, 0, 3, 0, 0, 0, 1, 0, 3]"
1026,E1,2023,Sheffield Weds,"[0, 0, 0, 0, 1, 0, 1, 0, 0, 0, 1, 0, 0, 3, 0, 0, 0, 1, 3, 3, 0, 3, 0, 0, 3, 3, 0, 0, 1, 0, 3, 0, 3, 3, 3, 3, 0, 0, 1, 0, 3, 1, 1, 3, 3, 3]"
1027,E1,2023,Southampton,"[3, 1, 3, 3, 0, 0, 0, 0, 3, 3, 1, 3, 1, 3, 3, 3, 1, 3, 3, 1, 1, 3, 3, 3, 3, 1, 3, 3, 3, 3, 0, 3, 0, 0, 3, 3, 1, 0, 1, 3, 3, 3, 0, 0, 0, 3]"
1028,E1,2023,Stoke,"[3, 0, 3, 0, 0, 0, 1, 0, 3, 0, 0, 3, 3, 3, 1, 1, 0, 0, 0, 0, 1, 1, 1, 3, 1, 1, 3, 0, 0, 0, 0, 3, 0, 0, 3, 0, 3, 0, 3, 1, 1, 0, 1, 3, 3, 3]"
1029,E1,2023,Sunderland,"[0, 0, 3, 1, 3, 3, 3, 0, 3, 3, 0, 0, 0, 3, 1, 3, 0, 0, 1, 3, 3, 0, 0, 3, 1, 3, 0, 0, 3, 1, 3, 0, 0, 0, 0, 0, 0, 1, 3, 0, 1, 1, 3, 0, 0, 0]"
1030,E1,2023,Swansea,"[1, 0, 1, 0, 0, 0, 1, 3, 3, 3, 3, 0, 0, 3, 1, 0, 1, 0, 1, 3, 1, 0, 3, 0, 1, 3, 1, 0, 0, 0, 3, 0, 0, 3, 3, 1, 0, 3, 1, 0, 0, 3, 3, 3, 1, 0]"
1031,E1,2023,Watford,"[3, 1, 0, 0, 1, 3, 1, 0, 0, 0, 1, 3, 3, 1, 1, 3, 0, 3, 3, 1, 0, 3, 3, 0, 1, 1, 3, 1, 1, 0, 0, 0, 3, 0, 0, 1, 0, 3, 1, 1, 1, 1, 0, 1, 3, 0]"
1032,E1,2023,West Brom,"[0, 3, 1, 3, 0, 1, 1, 1, 3, 3, 0, 1, 3, 3, 3, 0, 3, 3, 0, 0, 3, 1, 0, 3, 3, 0, 3, 0, 3, 1, 3, 0, 3, 1, 3, 1, 3, 3, 1, 1, 1, 3, 0, 0, 0, 3]"
1033,E1,2024,Blackburn,"[3, 1, 3, 1, 3, 1, 3, 0, 0, 3, 1, 0, 0, 0, 3, 3, 3, 3, 3, 3, 0, 1, 0, 1, 0, 3, 0, 0, 0, 3, 0, 3, 3, 0, 1, 0, 0, 0, 0, 0, 1, 3, 3, 3, 3, 1]"
1034,E1,2024,Bristol City,"[1, 3, 1, 0, 0, 3, 1, 1, 1, 3, 1, 1, 3, 0, 3, 0, 0, 3, 0, 1, 1, 0, 3, 3, 1, 3, 0, 1, 3, 1, 0, 3, 1, 3, 3, 1, 1, 3, 0, 3, 3, 1, 3, 0, 0, 1]"
1035,E1,2024,Burnley,"[3, 3, 0, 1, 3, 3, 1, 3, 1, 3, 1, 1, 0, 1, 3, 3, 3, 3, 1, 1, 3, 3, 3, 1, 1, 3, 1, 3, 1, 1, 3, 3, 1, 3, 3, 3, 1, 3, 3, 3, 1, 3, 3, 3, 3, 3]"
1036,E1,2024,Cardiff,"[0, 0, 1, 0, 0, 0, 0, 3, 1, 3, 3, 1, 3, 0, 0, 1, 0, 1, 0, 1, 0, 0, 3, 1, 1, 1, 3, 1, 3, 0, 0, 1, 1, 0, 0, 0, 3, 1, 1, 1, 0, 0, 1, 1, 0]"
1037,E1,2024,Coventry,"[0, 3, 1, 0, 1, 0, 0, 3, 0, 0, 1, 3, 3, 0, 1, 1, 0, 1, 3, 0, 3, 0, 3, 1, 1, 0, 3, 3, 3, 3, 0, 3, 3, 3, 3, 3, 0, 3, 0, 0, 3, 1, 3, 0, 0, 3]"
1038,E1,2024,Derby,"[0, 3, 0, 3, 3, 0, 0, 0, 3, 1, 1, 1, 0, 3, 1, 1, 0, 0, 0, 1, 3, 0, 3, 0, 0, 0, 0, 0, 0, 0, 1, 1, 0, 0, 0, 3, 3, 3, 3, 0, 1, 1, 0, 3, 3, 1]"
1039,E1,2024,Hull,"[1, 1, 1, 0, 0, 3, 3, 3, 0, 0, 1, 1, 1, 0, 0, 0, 0, 0, 0, 1, 0, 3, 0, 3, 0, 1, 3, 0, 3, 0, 0, 1, 3, 3, 1, 3, 1, 0, 3, 0, 1, 0, 3, 0, 1]"
1040,E1,2024,Leeds,"[1, 1, 3, 3, 0, 3, 3, 1, 1, 3, 3, 1, 3, 0, 3, 3, 3, 0, 3, 3, 1, 3, 3, 3, 1, 1, 3, 3, 1, 3, 3, 3, 3, 3, 1, 0, 3, 1, 1, 1, 3, 3, 3, 3, 3, 3]"
1041,E1,2024,Luton,"[0, 1, 0, 0, 3, 3, 0, 1, 0, 3, 0, 0, 1, 3, 0, 3, 0, 0, 1, 3, 0, 3, 0, 0, 0, 0, 1, 0, 0, 1, 0, 0, 1, 0, 3, 0, 3, 1, 3, 1, 1, 0, 3, 3, 3, 0]"
1042,E1,2024,Middlesbrough,"[3, 0, 1, 3, 1, 0, 3, 3, 0, 0, 3, 1, 0, 3, 3, 3, 0, 3, 1, 0, 3, 1, 1, 1, 3, 1, 0, 3, 0, 0, 0, 0, 0, 3, 0, 3, 1, 3, 3, 0, 0, 3, 0, 1, 0]"
1043,E1,2024,Millwall,"[0, 0, 1, 3, 0, 1, 3, 0, 1, 1, 3, 3, 3, 3, 1, 1, 1, 0, 0, 0, 3, 0, 1, 0, 1, 0, 1, 3, 3, 3, 0, 1, 1, 3, 0, 3, 0, 3, 0, 3, 3, 3, 0, 3, 3, 0]"
1044,E1,2024,Norwich,"[0, 1, 1, 3, 0, 3, 3, 1, 3, 1, 1, 1, 0, 0, 0, 1, 3, 3, 0, 1, 0, 0, 3, 1, 3, 3, 0, 0, 3, 3, 1, 0, 1, 3, 1, 1, 0, 0, 3, 0, 1, 0, 0, 0, 1, 3]"
1045,E1,2024,Oxford,"[3, 0, 0, 3, 3, 0, 1, 1, 1, 1, 1, 0, 0, 3, 0, 0, 0, 1, 0, 0, 0, 3, 3, 3, 1, 1, 3, 3, 1, 1, 0, 1, 0, 0, 0, 1, 0, 3, 0, 3, 0, 3, 0, 1, 3, 1]"
1046,E1,2024,Plymouth,"[0, 1, 1, 0, 3, 0, 3, 0, 3, 0, 0, 1, 0, 3, 1, 1, 0, 0, 0, 0, 1, 0, 0, 1, 1, 1, 0, 0, 1, 3, 3, 0, 1, 1, 0, 0, 3, 0, 1, 3, 0, 3, 0, 3, 3, 0]"
1047,E1,2024,Portsmouth,"[1, 1, 1, 0, 0, 0, 1, 0, 1, 3, 0, 0, 1, 0, 3, 1, 3, 1, 0, 3, 0, 0, 3, 0, 0, 3, 3, 0, 0, 1, 0, 3, 3, 3, 0, 3, 0, 0, 3, 0, 0, 1, 3, 3, 1, 1]"
1048,E1,2024,Preston,"[0, 0, 3, 0, 1, 1, 0, 3, 1, 3, 1, 1, 0, 1, 0, 1, 1, 1, 1, 3, 1, 0, 3, 3, 0, 1, 1, 3, 3, 0, 3, 1, 1, 0, 1, 0, 1, 3, 0, 1, 1, 0, 0, 0, 0, 1]"
1049,E1,2024,QPR,"[0, 1, 1, 3, 1, 1, 0, 0, 0, 0, 1, 1, 1, 0, 0, 1, 3, 1, 3, 3, 1, 3, 0, 1, 3, 3, 3, 3, 0, 0, 3, 0, 3, 0, 0, 0, 0, 1, 0, 1, 3, 1, 3, 0, 0, 3]"
1050,E1,2024,Sheffield United,"[3, 1, 1, 3, 3, 3, 1, 3, 3, 0, 0, 3, 3, 3, 3, 1, 3, 3, 1, 3, 3, 3, 0, 1, 0, 3, 3, 3, 0, 3, 3, 3, 3, 0, 3, 3, 1, 3, 3, 0, 0, 0, 3, 0, 3, 1]"
1051,E1,2024,Sheffield Weds,"[3, 0, 0, 0, 1, 0, 3, 1, 3, 0, 1, 3, 0, 3, 0, 1, 3, 3, 1, 0, 3, 3, 1, 0, 3, 1, 0, 1, 3, 1, 0, 3, 0, 0, 0, 3, 3, 0, 1, 0, 1, 0, 0, 3, 1, 1]"
1052,E1,2024,Stoke,"[3, 0, 0, 3, 0, 0, 0, 3, 1, 1, 1, 0, 3, 3, 1, 1, 1, 0, 0, 0, 1, 0, 0, 3, 1, 1, 1, 0, 1, 3, 0, 3, 0, 1, 0, 3, 0, 3, 1, 1, 3, 3, 0, 0, 1]"
1053,E1,2024,Sunderland,"[3, 3, 3, 3, 0, 3, 0, 3, 1, 3, 3, 3, 1, 1, 1, 1, 1, 0, 3, 1, 3, 3, 1, 0, 3, 3, 1, 3, 1, 3, 1, 3, 0, 0, 3, 3, 1, 0, 3, 3, 1, 0, 0, 0, 0, 0]"
1054,E1,2024,Swansea,"[0, 3, 1, 0, 3, 3, 1, 0, 1, 0, 1, 0, 3, 3, 0, 0, 3, 1, 1, 3, 0, 0, 3, 3, 0, 1, 0, 0, 0, 0, 3, 0, 0, 3, 1, 3, 0, 0, 1, 3, 3, 3, 3, 3, 0, 1]"
1055,E1,2024,Watford,"[3, 3, 3, 0, 1, 0, 3, 0, 3, 0, 0, 3, 3, 0, 3, 1, 3, 1, 1, 3, 0, 3, 0, 0, 0, 1, 3, 0, 0, 0, 1, 0, 3, 3, 1, 0, 3, 0, 1, 0, 3, 0, 0, 0, 0, 1]"
1056,E1,2024,West Brom,"[3, 1, 3, 3, 3, 3, 0, 0, 1, 1, 1, 1, 1, 1, 3, 1, 1, 1, 1, 3, 0, 3, 0, 1, 3, 1, 1, 0, 3, 0, 3, 0, 1, 3, 1, 3, 1, 1, 0, 0, 0, 3, 0, 0, 1, 3]"
1057,SP1,2000,Alaves,"[3, 0, 1, 3, 1, 3, 3, 0, 3, 0, 1, 0, 3, 0, 3, 0, 0, 0, 0, 3, 0, 3, 3, 1, 1, 3, 1, 1, 3, 3, 0, 0, 3, 0, 0, 0, 0, 0]"
1058,SP1,2000,Ath Bilbao,"[0, 3, 0, 3, 1, 0, 1, 0, 1, 3, 0, 3, 0, 3, 1, 1, 0, 3, 3, 1, 0, 3, 0, 3, 1, 1, 1, 0, 0, 0, 3, 3, 0, 1, 0, 0, 0, 0]"
1059,SP1,2000,Barcelona,"[3, 0, 3, 0, 3, 3, 0, 1, 3, 0, 0, 3, 1, 3, 1, 3, 3, 3, 3, 1, 3, 0, 0, 3, 1, 1, 1, 3, 1, 1, 0, 1, 1, 3, 3, 0, 1, 3]"
1060,SP1,2000,Celta,"[3, 3, 3, 0, 1, 0, 3, 0, 3, 0, 1, 0, 1, 0, 1, 0, 0, 0, 1, 3, 1, 3, 1, 1, 3, 3, 3, 3, 3, 0, 3, 1, 3, 0, 1, 3, 3, 1]"
1061,SP1,2000,Espanol,"[3, 0, 0, 1, 0, 0, 3, 1, 3, 1, 3, 3, 0, 0, 0, 0, 3, 0, 3, 3, 3, 0, 0, 1, 1, 1, 3, 3, 0, 3, 3, 0, 1, 1, 0, 0, 3, 0]"
1062,SP1,2000,La Coruna,"[3, 3, 1, 3, 0, 1, 3, 3, 0, 3, 1, 3, 3, 1, 0, 3, 0, 3, 3, 1, 3, 3, 3, 1, 0, 3, 0, 3, 0, 3, 0, 3, 1, 3, 3, 0, 3, 3]"
1063,SP1,2000,Las Palmas,"[0, 1, 1, 0, 3, 3, 3, 0, 0, 0, 3, 3, 1, 0, 0, 3, 3, 3, 1, 0, 3, 0, 0, 0, 1, 0, 3, 0, 0, 0, 1, 3, 0, 3, 1, 0, 0, 3]"
1064,SP1,2000,Malaga,"[0, 1, 3, 0, 0, 3, 1, 3, 0, 1, 0, 3, 0, 3, 0, 3, 3, 3, 0, 1, 0, 0, 0, 3, 3, 3, 1, 0, 3, 1, 3, 1, 1, 3, 0, 3, 3, 0]"
1065,SP1,2000,Mallorca,"[1, 0, 0, 0, 3, 1, 3, 3, 3, 3, 0, 3, 1, 1, 1, 3, 1, 3, 1, 0, 1, 3, 3, 0, 3, 1, 3, 1, 3, 3, 1, 3, 0, 3, 3, 3, 3, 3]"
1066,SP1,2000,Numancia,"[3, 0, 0, 3, 1, 0, 0, 1, 3, 0, 0, 0, 1, 1, 0, 3, 0, 0, 3, 0, 1, 0, 3, 0, 3, 0, 1, 0, 0, 1, 1, 0, 0, 3, 1, 3, 0, 3]"
1067,SP1,2000,Osasuna,"[0, 3, 1, 0, 1, 1, 0, 0, 1, 1, 1, 0, 0, 1, 3, 0, 3, 0, 1, 0, 0, 0, 0, 3, 3, 0, 1, 3, 1, 0, 3, 1, 3, 0, 1, 0, 3, 3]"
1068,SP1,2000,Oviedo,"[0, 1, 0, 3, 1, 3, 0, 3, 0, 3, 3, 0, 3, 0, 3, 0, 0, 0, 1, 3, 0, 0, 0, 0, 0, 1, 3, 1, 0, 0, 1, 1, 3, 0, 0, 3, 1, 0]"
1069,SP1,2000,Real Madrid,"[3, 1, 3, 1, 3, 0, 3, 0, 0, 3, 3, 3, 3, 3, 3, 3, 3, 1, 3, 3, 3, 0, 3, 1, 1, 3, 0, 3, 3, 3, 3, 1, 0, 1, 3, 3, 1, 3]"
1070,SP1,2000,Santander,"[1, 0, 0, 1, 0, 3, 0, 3, 0, 1, 1, 0, 0, 3, 0, 1, 0, 0, 0, 0, 0, 3, 0, 3, 0, 3, 0, 3, 1, 3, 0, 1, 0, 3, 1, 1, 0, 3]"
1071,SP1,2000,Sociedad,"[1, 0, 1, 0, 3, 0, 0, 3, 0, 0, 3, 0, 1, 0, 0, 0, 1, 0, 1, 3, 1, 0, 3, 0, 3, 0, 1, 1, 3, 1, 3, 0, 0, 3, 3, 1, 3, 0]"
1072,SP1,2000,Valencia,"[0, 3, 3, 3, 1, 3, 3, 3, 0, 1, 1, 3, 1, 3, 3, 1, 3, 0, 0, 0, 1, 3, 3, 3, 1, 3, 0, 0, 3, 0, 1, 3, 3, 0, 3, 1, 0, 0]"
1073,SP1,2000,Valladolid,"[1, 3, 1, 1, 1, 1, 0, 1, 0, 3, 0, 3, 1, 0, 1, 1, 3, 0, 1, 3, 1, 3, 0, 3, 0, 0, 0, 0, 0, 3, 0, 0, 1, 1, 1, 3, 1, 0]"
1074,SP1,2000,Vallecano,"[3, 1, 1, 3, 1, 3, 0, 0, 3, 1, 3, 0, 3, 1, 1, 0, 1, 3, 1, 0, 0, 3, 1, 1, 0, 0, 0, 3, 0, 1, 0, 1, 1, 0, 0, 0, 3, 0]"
1075,SP1,2000,Villarreal,"[0, 3, 3, 1, 1, 0, 1, 0, 3, 3, 0, 0, 1, 3, 3, 1, 0, 3, 0, 3, 3, 3, 3, 0, 0, 1, 3, 0, 1, 0, 1, 3, 3, 0, 1, 3, 0, 3]"
1076,SP1,2000,Zaragoza,"[0, 1, 1, 0, 1, 0, 1, 3, 3, 0, 3, 1, 1, 3, 1, 1, 3, 1, 0, 0, 3, 0, 3, 0, 1, 0, 1, 0, 3, 1, 0, 0, 3, 0, 1, 1, 0, 1]"
1077,SP1,2001,Alaves,"[3, 3, 1, 0, 1, 3, 0, 1, 3, 3, 0, 3, 3, 0, 3, 3, 0, 0, 3, 3, 0, 0, 3, 0, 0, 0, 0, 3, 0, 0, 3, 0, 3, 0, 3, 0, 0, 3]"
1078,SP1,2001,Ath Bilbao,"[3, 0, 3, 1, 3, 1, 0, 0, 1, 1, 3, 3, 1, 3, 3, 1, 1, 3, 0, 3, 0, 1, 0, 3, 1, 3, 0, 3, 0, 3, 0, 0, 0, 1, 0, 0, 1, 3]"
1079,SP1,2001,Barcelona,"[3, 1, 1, 3, 3, 3, 0, 1, 1, 3, 0, 3, 1, 0, 0, 1, 3, 0, 3, 3, 0, 0, 3, 3, 1, 3, 0, 3, 0, 1, 3, 1, 3, 3, 0, 3, 3, 1]"
1080,SP1,2001,Betis,"[0, 3, 3, 3, 3, 1, 3, 0, 1, 0, 0, 1, 3, 3, 3, 1, 3, 0, 0, 1, 1, 1, 3, 1, 1, 3, 3, 1, 3, 1, 1, 1, 1, 0, 3, 3, 0, 0]"
1081,SP1,2001,Celta,"[3, 3, 1, 3, 1, 1, 1, 3, 1, 1, 0, 0, 0, 3, 3, 1, 3, 3, 1, 1, 1, 3, 3, 0, 1, 1, 0, 0, 3, 3, 3, 3, 0, 0, 3, 3, 0, 0]"
1082,SP1,2001,Espanol,"[3, 0, 0, 0, 3, 3, 1, 0, 3, 1, 0, 0, 3, 0, 3, 1, 0, 3, 0, 1, 1, 0, 3, 1, 3, 1, 3, 1, 3, 0, 0, 0, 3, 0, 3, 0, 0, 0]"
1083,SP1,2001,La Coruna,"[3, 3, 0, 3, 1, 1, 3, 3, 3, 0, 3, 0, 3, 0, 0, 3, 1, 3, 0, 0, 3, 1, 0, 3, 1, 0, 3, 3, 1, 3, 3, 1, 3, 3, 0, 1, 3, 3]"
1084,SP1,2001,Las Palmas,"[3, 0, 0, 1, 0, 3, 0, 3, 1, 0, 3, 0, 1, 0, 3, 1, 1, 3, 1, 3, 0, 0, 1, 1, 0, 1, 0, 0, 3, 0, 3, 1, 1, 1, 0, 0, 0, 1]"
1085,SP1,2001,Malaga,"[3, 1, 0, 1, 0, 0, 1, 3, 1, 3, 0, 0, 3, 0, 3, 1, 1, 0, 3, 1, 1, 1, 1, 0, 3, 1, 3, 0, 3, 3, 1, 3, 3, 0, 1, 1, 0, 3]"
1086,SP1,2001,Mallorca,"[0, 3, 1, 0, 0, 0, 0, 1, 3, 0, 3, 3, 0, 3, 1, 1, 0, 1, 0, 0, 3, 3, 0, 0, 1, 0, 0, 3, 3, 1, 0, 3, 0, 1, 1, 0, 1, 3]"
1087,SP1,2001,Osasuna,"[0, 0, 1, 3, 3, 3, 1, 0, 0, 3, 0, 1, 0, 0, 0, 3, 1, 0, 3, 1, 1, 3, 1, 1, 3, 1, 0, 1, 0, 0, 0, 0, 1, 3, 0, 3, 1, 0]"
1088,SP1,2001,Real Madrid,"[0, 1, 0, 3, 1, 0, 3, 1, 1, 3, 3, 0, 3, 3, 3, 3, 3, 1, 3, 3, 1, 1, 0, 0, 3, 0, 3, 3, 3, 1, 3, 3, 3, 0, 3, 0, 1, 0]"
1089,SP1,2001,Sevilla,"[0, 1, 3, 3, 0, 3, 1, 1, 0, 1, 3, 1, 0, 3, 0, 1, 3, 0, 3, 0, 3, 3, 0, 1, 1, 0, 3, 0, 0, 0, 1, 0, 1, 1, 3, 3, 3, 3]"
1090,SP1,2001,Sociedad,"[0, 0, 1, 0, 0, 0, 1, 0, 3, 3, 3, 0, 0, 3, 0, 1, 0, 3, 1, 0, 0, 0, 3, 0, 3, 3, 1, 1, 0, 3, 3, 1, 0, 3, 0, 3, 3, 1]"
1091,SP1,2001,Tenerife,"[0, 0, 3, 0, 1, 0, 3, 3, 0, 0, 0, 3, 1, 3, 0, 0, 1, 0, 3, 0, 1, 0, 0, 1, 1, 0, 3, 1, 3, 1, 0, 0, 0, 3, 0, 0, 3, 0]"
1092,SP1,2001,Valencia,"[3, 1, 3, 1, 1, 1, 3, 1, 3, 1, 3, 1, 1, 0, 1, 0, 3, 3, 3, 0, 0, 3, 3, 3, 1, 1, 3, 3, 3, 0, 3, 3, 3, 1, 3, 3, 3, 3]"
1093,SP1,2001,Valladolid,"[0, 1, 3, 0, 1, 0, 3, 3, 0, 1, 3, 0, 3, 0, 3, 0, 1, 0, 3, 3, 3, 1, 0, 3, 0, 1, 3, 0, 0, 1, 0, 1, 1, 0, 3, 3, 0, 0]"
1094,SP1,2001,Vallecano,"[0, 1, 0, 0, 0, 0, 0, 3, 0, 3, 0, 3, 0, 0, 0, 1, 1, 1, 1, 3, 3, 0, 3, 1, 0, 3, 1, 0, 1, 3, 1, 1, 0, 3, 3, 3, 3, 3]"
1095,SP1,2001,Villarreal,"[3, 3, 0, 3, 3, 1, 0, 0, 1, 0, 0, 3, 1, 3, 0, 1, 0, 0, 0, 1, 1, 3, 0, 3, 1, 1, 0, 1, 0, 1, 0, 3, 0, 3, 0, 0, 3, 0]"
1096,SP1,2001,Zaragoza,"[0, 1, 3, 0, 1, 3, 3, 0, 0, 0, 3, 3, 0, 3, 0, 0, 0, 3, 0, 1, 0, 3, 1, 1, 0, 3, 0, 0, 0, 1, 0, 1, 1, 1, 0, 0, 0, 1]"
1097,SP1,2002,Alaves,"[1, 0, 3, 0, 0, 1, 0, 3, 0, 3, 1, 1, 0, 3, 0, 3, 1, 1, 3, 1, 0, 3, 0, 0, 0, 1, 0, 1, 0, 0, 0, 1, 3, 0, 0, 0, 0, 1]"
1098,SP1,2002,Ath Bilbao,"[0, 0, 1, 0, 3, 1, 0, 3, 1, 3, 3, 0, 0, 0, 3, 3, 0, 0, 1, 3, 1, 3, 1, 0, 0, 3, 0, 3, 1, 1, 3, 3, 1, 3, 3, 1, 3, 0]"
1099,SP1,2002,Ath Madrid,"[1, 1, 3, 1, 0, 1, 1, 3, 1, 3, 3, 0, 3, 0, 0, 0, 3, 1, 0, 3, 1, 3, 0, 3, 3, 0, 1, 0, 1, 1, 0, 0, 0, 3, 3, 0, 0, 0]"
1100,SP1,2002,Barcelona,"[1, 3, 3, 0, 1, 0, 3, 1, 3, 0, 1, 0, 0, 0, 3, 3, 1, 0, 0, 0, 1, 3, 3, 1, 1, 1, 3, 0, 0, 1, 3, 3, 1, 0, 3, 3, 3, 3]"
1101,SP1,2002,Betis,"[3, 1, 3, 1, 1, 0, 1, 3, 1, 3, 0, 3, 3, 0, 3, 0, 1, 3, 3, 0, 0, 3, 0, 0, 0, 1, 1, 3, 0, 1, 0, 1, 1, 0, 1, 3, 3, 3]"
1102,SP1,2002,Celta,"[3, 3, 3, 1, 3, 0, 1, 0, 3, 0, 1, 3, 3, 0, 3, 0, 0, 0, 3, 0, 3, 3, 1, 1, 0, 3, 3, 1, 3, 3, 1, 1, 1, 0, 3, 1, 3, 0]"
1103,SP1,2002,Espanol,"[0, 0, 0, 1, 0, 3, 3, 0, 0, 0, 0, 3, 0, 0, 3, 0, 3, 1, 3, 1, 1, 0, 0, 3, 1, 3, 1, 1, 1, 1, 3, 1, 1, 1, 3, 0, 1, 0]"
1104,SP1,2002,La Coruna,"[0, 3, 3, 3, 0, 0, 3, 1, 1, 3, 1, 1, 1, 3, 3, 3, 0, 3, 0, 3, 1, 3, 3, 3, 3, 3, 0, 3, 3, 3, 0, 3, 3, 0, 0, 3, 0, 3]"
1105,SP1,2002,Malaga,"[3, 3, 1, 1, 3, 1, 0, 0, 3, 1, 1, 0, 1, 0, 0, 1, 1, 1, 3, 3, 0, 0, 1, 0, 3, 0, 1, 3, 3, 3, 1, 1, 0, 0, 0, 0, 3, 0]"
1106,SP1,2002,Mallorca,"[0, 0, 0, 3, 3, 3, 3, 3, 3, 3, 1, 1, 0, 0, 0, 0, 3, 1, 0, 0, 0, 0, 1, 0, 3, 1, 3, 1, 1, 1, 3, 3, 0, 3, 0, 1, 1, 3]"
1107,SP1,2002,Osasuna,"[1, 0, 0, 0, 1, 3, 0, 0, 0, 3, 1, 3, 3, 3, 0, 0, 1, 1, 3, 0, 1, 3, 0, 1, 0, 1, 1, 0, 0, 0, 3, 0, 1, 3, 1, 3, 3, 3]"
1108,SP1,2002,Real Madrid,"[3, 3, 1, 3, 1, 0, 1, 1, 3, 1, 1, 3, 3, 3, 3, 3, 3, 1, 1, 1, 3, 0, 3, 3, 3, 3, 3, 3, 0, 1, 3, 0, 1, 3, 3, 1, 3, 3]"
1109,SP1,2002,Recreativo,"[0, 0, 0, 1, 0, 0, 1, 3, 0, 0, 3, 0, 1, 0, 0, 0, 1, 1, 3, 0, 1, 0, 3, 3, 1, 1, 1, 3, 3, 0, 3, 0, 1, 0, 0, 0, 1, 1]"
1110,SP1,2002,Santander,"[0, 3, 0, 1, 3, 3, 0, 1, 0, 0, 0, 3, 0, 3, 3, 0, 0, 0, 0, 0, 3, 3, 3, 0, 0, 0, 0, 3, 1, 3, 1, 3, 1, 0, 0, 3, 0, 0]"
1111,SP1,2002,Sevilla,"[0, 1, 1, 1, 1, 0, 3, 0, 3, 0, 1, 0, 3, 3, 0, 3, 1, 1, 0, 3, 1, 0, 3, 3, 3, 1, 3, 0, 3, 0, 0, 0, 1, 1, 3, 3, 0, 0]"
1112,SP1,2002,Sociedad,"[3, 3, 1, 3, 3, 1, 3, 3, 1, 1, 1, 3, 3, 3, 3, 1, 1, 3, 3, 0, 1, 0, 3, 0, 3, 3, 1, 0, 3, 3, 0, 3, 3, 3, 3, 1, 0, 3]"
1113,SP1,2002,Valencia,"[3, 3, 1, 3, 0, 1, 3, 3, 1, 0, 3, 1, 3, 3, 0, 0, 1, 3, 3, 3, 1, 3, 3, 1, 0, 0, 1, 0, 3, 0, 3, 0, 0, 3, 0, 1, 0, 3]"
1114,SP1,2002,Valladolid,"[3, 3, 0, 1, 0, 3, 0, 0, 3, 1, 0, 0, 0, 3, 0, 3, 1, 3, 0, 3, 0, 0, 0, 3, 1, 1, 0, 0, 0, 3, 1, 3, 1, 1, 1, 0, 3, 1]"
1115,SP1,2002,Vallecano,"[1, 0, 3, 0, 1, 3, 0, 0, 0, 0, 1, 0, 3, 3, 0, 3, 0, 0, 0, 1, 3, 0, 0, 0, 3, 0, 1, 0, 1, 0, 0, 0, 1, 1, 1, 1, 0, 1]"
1116,SP1,2002,Villarreal,"[1, 0, 0, 1, 1, 3, 1, 0, 0, 3, 1, 3, 1, 0, 0, 3, 3, 1, 0, 3, 3, 0, 0, 3, 0, 0, 1, 3, 0, 1, 0, 1, 3, 3, 0, 1, 1, 0]"
1117,SP1,2003,Albacete,"[0, 0, 0, 0, 3, 0, 3, 0, 3, 0, 0, 0, 3, 1, 3, 3, 1, 0, 0, 1, 1, 0, 0, 1, 3, 3, 3, 0, 3, 1, 0, 1, 0, 3, 3, 1, 0, 3]"
1118,SP1,2003,Ath Bilbao,"[0, 0, 3, 1, 3, 1, 3, 0, 3, 0, 3, 3, 0, 1, 0, 3, 1, 1, 0, 1, 3, 3, 3, 1, 1, 3, 0, 0, 3, 0, 1, 3, 3, 1, 0, 1, 3, 0]"
1119,SP1,2003,Ath Madrid,"[0, 3, 0, 0, 1, 0, 3, 3, 3, 3, 3, 0, 3, 0, 3, 1, 1, 1, 3, 3, 1, 1, 0, 0, 1, 3, 1, 0, 3, 1, 3, 0, 0, 0, 3, 1, 0, 3]"
1120,SP1,2003,Barcelona,"[3, 1, 3, 1, 1, 0, 0, 3, 3, 1, 3, 0, 1, 0, 0, 3, 1, 0, 3, 1, 3, 3, 3, 3, 3, 3, 3, 3, 3, 1, 3, 1, 3, 3, 3, 0, 3, 0]"
1121,SP1,2003,Betis,"[0, 1, 3, 1, 3, 1, 1, 3, 0, 0, 0, 1, 0, 1, 3, 0, 0, 1, 3, 1, 3, 3, 3, 3, 1, 1, 0, 1, 0, 1, 0, 1, 3, 3, 0, 0, 3, 3]"
1122,SP1,2003,Celta,"[1, 1, 0, 1, 3, 0, 0, 3, 1, 0, 1, 0, 3, 1, 0, 1, 1, 0, 3, 1, 0, 0, 3, 3, 0, 0, 0, 0, 1, 0, 1, 1, 3, 3, 0, 3, 0, 0]"
1123,SP1,2003,Espanol,"[1, 1, 0, 0, 0, 0, 0, 0, 3, 0, 0, 3, 0, 0, 0, 0, 0, 3, 3, 0, 0, 3, 3, 0, 0, 3, 3, 0, 1, 3, 0, 1, 3, 3, 0, 3, 0, 3]"
1124,SP1,2003,La Coruna,"[3, 3, 3, 3, 0, 3, 3, 3, 0, 1, 3, 1, 0, 1, 3, 0, 3, 3, 1, 3, 0, 3, 3, 3, 1, 0, 0, 0, 3, 3, 1, 3, 1, 1, 3, 0, 3, 3]"
1125,SP1,2003,Malaga,"[1, 0, 0, 0, 3, 3, 0, 3, 0, 3, 3, 1, 0, 3, 0, 3, 3, 0, 0, 0, 0, 0, 0, 3, 3, 3, 0, 3, 3, 1, 1, 3, 0, 1, 0, 3, 1, 0]"
1126,SP1,2003,Mallorca,"[0, 3, 0, 1, 0, 1, 0, 0, 3, 0, 3, 3, 3, 3, 3, 0, 0, 0, 0, 1, 3, 0, 0, 1, 1, 0, 0, 3, 0, 0, 1, 3, 0, 3, 3, 3, 3, 3]"
1127,SP1,2003,Murcia,"[1, 1, 0, 1, 0, 3, 0, 0, 0, 1, 0, 1, 1, 1, 1, 1, 0, 0, 0, 1, 0, 3, 0, 0, 0, 0, 1, 0, 0, 3, 0, 0, 0, 0, 3, 0, 3, 0]"
1128,SP1,2003,Osasuna,"[3, 0, 3, 1, 3, 1, 3, 0, 3, 0, 1, 1, 1, 3, 3, 1, 0, 1, 1, 1, 3, 1, 0, 0, 1, 3, 1, 1, 3, 1, 1, 3, 0, 0, 0, 0, 0, 0]"
1129,SP1,2003,Real Madrid,"[3, 1, 3, 3, 0, 3, 3, 3, 1, 3, 0, 3, 1, 3, 3, 3, 3, 3, 0, 1, 3, 3, 3, 1, 3, 3, 1, 1, 0, 3, 3, 0, 3, 0, 0, 0, 0, 0]"
1130,SP1,2003,Santander,"[3, 1, 0, 1, 0, 3, 3, 0, 0, 3, 3, 0, 3, 0, 0, 1, 1, 3, 1, 1, 3, 0, 0, 0, 3, 0, 1, 3, 1, 0, 1, 0, 0, 0, 3, 1, 0, 0]"
1131,SP1,2003,Sevilla,"[3, 1, 0, 1, 3, 1, 1, 1, 1, 0, 3, 0, 0, 3, 3, 0, 0, 3, 1, 0, 0, 0, 3, 3, 3, 1, 3, 0, 0, 0, 3, 1, 3, 1, 3, 0, 3, 3]"
1132,SP1,2003,Sociedad,"[1, 1, 3, 3, 0, 1, 0, 3, 0, 1, 0, 0, 1, 1, 0, 0, 0, 3, 3, 3, 3, 3, 0, 1, 0, 0, 1, 3, 0, 0, 1, 3, 1, 0, 1, 1, 1, 3]"
1133,SP1,2003,Valencia,"[1, 3, 3, 3, 3, 3, 3, 0, 1, 3, 0, 1, 3, 1, 3, 3, 3, 3, 3, 1, 0, 3, 3, 1, 0, 0, 3, 3, 3, 3, 3, 3, 1, 1, 3, 3, 0, 0]"
1134,SP1,2003,Valladolid,"[1, 3, 0, 3, 0, 0, 0, 3, 1, 3, 1, 3, 1, 1, 0, 1, 3, 1, 0, 1, 3, 0, 0, 0, 0, 0, 3, 3, 0, 1, 0, 0, 1, 0, 0, 1, 0, 3]"
1135,SP1,2003,Villarreal,"[1, 1, 3, 1, 3, 1, 0, 1, 0, 3, 0, 3, 3, 0, 1, 3, 3, 0, 3, 3, 0, 0, 0, 3, 0, 0, 0, 3, 0, 1, 1, 0, 3, 3, 1, 3, 3, 0]"
1136,SP1,2003,Zaragoza,"[0, 0, 3, 0, 0, 1, 3, 0, 1, 3, 1, 3, 0, 1, 0, 0, 3, 1, 0, 0, 0, 0, 3, 0, 3, 3, 3, 1, 1, 3, 1, 0, 0, 1, 0, 3, 3, 3]"
1137,SP1,2004,Albacete,"[0, 0, 0, 1, 1, 3, 0, 3, 1, 1, 0, 0, 1, 1, 3, 1, 0, 0, 0, 1, 0, 0, 0, 0, 3, 0, 1, 0]"
1138,SP1,2004,Ath Bilbao,"[1, 1, 0, 0, 3, 0, 3, 0, 1, 0, 0, 3, 3, 3, 1, 1, 3, 0, 0, 3, 0, 1, 3, 0, 0, 0]"
1139,SP1,2004,Ath Madrid,"[3, 3, 1, 0, 3, 0, 3, 0, 1, 1, 3, 0, 3, 0, 0, 1, 0, 3, 0, 3, 3, 0, 1, 0, 0, 1, 1]"
1140,SP1,2004,Barcelona,"[3, 3, 1, 3, 3, 3, 3, 3, 1, 3, 3, 3, 1, 3, 0, 3, 3, 3, 1, 1, 3, 3, 3, 3, 1, 1, 1]"
1141,SP1,2004,Betis,"[1, 0, 0, 3, 1, 1, 1, 3, 1, 1, 0, 3, 0, 3, 0, 3, 3, 1, 0, 0, 3, 0, 1, 3, 3, 3, 1]"
1142,SP1,2004,Espanol,"[1, 3, 3, 0, 3, 0, 0, 3, 1, 3, 3, 1, 0, 3, 1, 0, 1, 3, 1, 0, 1, 3, 0, 3, 1, 1, 3]"
1143,SP1,2004,Getafe,"[0, 0, 0, 3, 0, 3, 0, 0, 0, 3, 1, 0, 1, 3, 1, 1, 3, 0, 1, 3, 3, 3, 0, 3, 0, 1, 1]"
1144,SP1,2004,La Coruna,"[1, 0, 3, 0, 1, 3, 3, 1, 1, 0, 1, 1, 0, 0, 1, 1, 3, 1, 3, 1, 3, 0, 0, 0, 3, 1, 0, 1]"
1145,SP1,2004,Levante,"[1, 3, 0, 3, 0, 3, 3, 0, 3, 3, 0, 1, 0, 1, 0, 0, 0, 3, 1, 3, 1, 3, 0, 0, 0, 0, 1, 1, 0]"
1146,SP1,2004,Malaga,"[0, 1, 3, 3, 0, 3, 0, 1, 1, 0, 3, 0, 0, 0, 3, 3, 3, 3, 0, 0, 3, 0, 3, 3, 3]"
1147,SP1,2004,Mallorca,"[0, 3, 0, 1, 0, 0, 1, 0, 0, 0, 3, 0, 0, 0, 1, 0, 0, 3, 0, 0, 0, 3, 3, 1, 3, 3, 1]"
1148,SP1,2004,Numancia,"[1, 0, 3, 0, 1, 0, 0, 0, 0, 0, 0, 1, 0, 1, 1, 0, 0, 1, 1, 0, 0, 0, 1, 0, 1, 3, 1]"
1149,SP1,2004,Osasuna,"[1, 3, 3, 0, 3, 0, 3, 0, 0, 3, 0, 1, 3, 3, 0, 1, 0, 1, 0, 1, 0, 3, 3, 0, 1, 1, 1, 0]"
1150,SP1,2004,Real Madrid,"[3, 3, 0, 3, 0, 0, 1, 3, 3, 3, 1, 3, 0, 3, 3, 3, 3, 3, 0, 3, 0, 3, 3, 3, 3, 1, 1, 3]"
1151,SP1,2004,Santander,"[0, 0, 1, 3, 0, 1, 0, 3, 3, 1, 0, 0, 0, 3, 1, 0, 1, 1, 3, 3, 3, 1, 0, 3, 0, 3]"
1152,SP1,2004,Sevilla,"[3, 0, 3, 1, 3, 1, 3, 3, 0, 0, 3, 1, 3, 3, 1, 0, 3, 0, 1, 0, 3, 3, 3, 0, 1, 1, 0]"
1153,SP1,2004,Sociedad,"[1, 1, 0, 0, 0, 3, 0, 3, 3, 3, 1, 3, 0, 0, 0, 0, 0, 3, 1, 3, 0, 0, 0, 1, 1]"
1154,SP1,2004,Valencia,"[3, 1, 3, 3, 3, 1, 0, 0, 1, 0, 3, 3, 3, 1, 3, 3, 1, 0, 3, 0, 3, 1, 0, 1, 1, 3]"
1155,SP1,2004,Villarreal,"[0, 1, 1, 1, 0, 3, 1, 3, 1, 1, 3, 3, 1, 3, 3, 3, 3, 0, 3, 0, 0, 3, 3, 3, 1, 3]"
1156,SP1,2004,Zaragoza,"[3, 1, 3, 0, 3, 0, 3, 0, 3, 1, 0, 1, 0, 3, 3, 0, 0, 3, 3, 0, 3, 0, 1, 0, 0]"
1157,SP1,2005,Alaves,"[1, 0, 0, 1, 0, 3, 1, 0, 1, 1, 0, 3, 0, 0, 1, 0, 0, 0, 3, 0, 3, 1, 3, 0, 1, 0, 3, 1, 3, 1, 1, 0, 1, 0, 0, 3, 0, 3]"
1158,SP1,2005,Ath Bilbao,"[3, 1, 0, 0, 1, 0, 0, 0, 0, 1, 1, 0, 3, 1, 1, 3, 0, 0, 0, 1, 3, 0, 0, 3, 1, 0, 3, 3, 1, 3, 1, 1, 0, 0, 1, 3, 3, 3]"
1159,SP1,2005,Ath Madrid,"[1, 0, 3, 0, 0, 3, 0, 3, 3, 1, 1, 0, 1, 1, 1, 1, 0, 1, 0, 3, 3, 3, 3, 3, 3, 0, 3, 1, 0, 1, 0, 1, 3, 3, 0, 0, 1, 1]"
1160,SP1,2005,Barcelona,"[1, 3, 0, 1, 3, 1, 1, 3, 3, 3, 3, 3, 3, 3, 3, 3, 3, 3, 3, 3, 3, 0, 0, 3, 3, 3, 0, 3, 3, 1, 1, 1, 3, 3, 3, 3, 0, 0]"
1161,SP1,2005,Betis,"[0, 3, 1, 1, 0, 1, 3, 0, 0, 0, 1, 0, 1, 0, 1, 0, 3, 1, 3, 0, 3, 0, 0, 0, 3, 0, 1, 1, 3, 3, 3, 1, 0, 0, 1, 0, 3, 1]"
1162,SP1,2005,Cadiz,"[0, 3, 1, 1, 0, 1, 3, 3, 0, 1, 0, 0, 1, 0, 0, 0, 0, 3, 3, 0, 1, 1, 0, 0, 0, 3, 0, 1, 0, 1, 0, 1, 3, 1, 0, 1, 0, 3]"
1163,SP1,2005,Celta,"[3, 3, 0, 3, 3, 1, 0, 3, 0, 1, 3, 3, 0, 3, 0, 0, 0, 3, 1, 3, 0, 3, 3, 0, 3, 3, 0, 0, 0, 3, 3, 0, 3, 3, 3, 0, 1, 3]"
1164,SP1,2005,Espanol,"[0, 3, 3, 0, 0, 1, 0, 0, 1, 0, 1, 3, 1, 0, 1, 1, 3, 0, 3, 0, 3, 0, 0, 0, 3, 0, 3, 0, 1, 1, 1, 1, 0, 3, 1, 0, 0, 3]"
1165,SP1,2005,Getafe,"[3, 1, 3, 1, 3, 3, 0, 3, 0, 0, 0, 1, 3, 0, 0, 0, 3, 0, 1, 3, 0, 1, 1, 0, 1, 3, 3, 0, 0, 3, 3, 3, 1, 3, 1, 0, 3, 0]"
1166,SP1,2005,La Coruna,"[3, 3, 1, 1, 1, 0, 1, 0, 3, 3, 1, 3, 0, 3, 3, 3, 0, 3, 0, 1, 0, 0, 3, 1, 3, 0, 0, 3, 3, 0, 3, 1, 1, 1, 0, 3, 0, 0]"
1167,SP1,2005,Malaga,"[0, 0, 3, 1, 3, 0, 0, 3, 0, 1, 1, 3, 0, 0, 0, 1, 1, 0, 0, 0, 0, 3, 0, 0, 0, 1, 1, 0, 0, 1, 0, 0, 1, 0, 0, 0, 0, 0]"
1168,SP1,2005,Mallorca,"[0, 0, 3, 1, 0, 0, 1, 0, 3, 1, 3, 0, 0, 3, 0, 1, 0, 1, 0, 1, 0, 0, 1, 3, 3, 1, 1, 1, 3, 0, 1, 1, 1, 0, 3, 3, 0, 3]"
1169,SP1,2005,Osasuna,"[3, 0, 3, 0, 3, 3, 3, 0, 3, 3, 3, 1, 3, 3, 3, 1, 3, 1, 0, 0, 0, 3, 1, 3, 0, 0, 3, 3, 3, 0, 0, 3, 1, 3, 0, 3, 0, 3]"
1170,SP1,2005,Real Madrid,"[3, 0, 0, 3, 3, 3, 3, 0, 0, 3, 3, 0, 1, 3, 3, 1, 0, 1, 3, 3, 3, 3, 3, 3, 0, 3, 1, 1, 1, 3, 1, 1, 1, 3, 3, 3, 1, 0]"
1171,SP1,2005,Santander,"[0, 0, 3, 3, 1, 0, 1, 0, 1, 1, 1, 0, 0, 1, 3, 1, 3, 1, 3, 0, 1, 0, 3, 0, 1, 1, 0, 3, 0, 1, 0, 1, 0, 0, 3, 0, 3, 0]"
1172,SP1,2005,Sevilla,"[3, 1, 0, 1, 0, 1, 3, 3, 3, 1, 1, 3, 3, 0, 0, 3, 0, 3, 0, 3, 3, 0, 3, 3, 0, 3, 0, 1, 3, 3, 0, 1, 1, 3, 3, 3, 3, 3]"
1173,SP1,2005,Sociedad,"[0, 3, 0, 3, 0, 1, 3, 3, 3, 0, 0, 0, 1, 1, 0, 0, 3, 0, 0, 1, 0, 3, 0, 0, 0, 0, 3, 0, 0, 0, 3, 1, 3, 3, 0, 1, 1, 0]"
1174,SP1,2005,Valencia,"[3, 1, 1, 1, 3, 0, 3, 3, 0, 1, 0, 3, 3, 3, 1, 3, 3, 1, 3, 3, 1, 3, 3, 3, 1, 1, 1, 0, 1, 0, 3, 3, 3, 3, 3, 0, 1, 0]"
1175,SP1,2005,Villarreal,"[0, 1, 1, 0, 3, 3, 1, 3, 3, 1, 3, 1, 3, 0, 3, 3, 1, 1, 0, 3, 0, 1, 0, 3, 1, 3, 1, 1, 1, 0, 3, 1, 0, 0, 1, 3, 1, 3]"
1176,SP1,2005,Zaragoza,"[1, 1, 1, 3, 1, 1, 0, 0, 1, 1, 0, 1, 0, 3, 3, 1, 3, 3, 3, 0, 1, 3, 1, 1, 0, 3, 0, 3, 1, 1, 0, 1, 0, 0, 1, 0, 3, 0]"
1177,SP1,2007,Almeria,"[3, 0, 0, 1, 3, 0, 1, 3, 0, 0, 0, 1, 1, 3, 3, 0, 0, 1, 3, 3, 3, 3, 1, 3, 0, 1, 0, 1, 1, 3, 0, 3, 3, 0, 1, 0, 0, 3]"
1178,SP1,2007,Ath Bilbao,"[1, 0, 1, 3, 0, 0, 1, 3, 1, 0, 3, 0, 1, 3, 0, 1, 1, 0, 3, 0, 1, 0, 3, 3, 0, 1, 3, 3, 3, 1, 3, 0, 3, 0, 0, 3, 1, 0]"
1179,SP1,2007,Ath Madrid,"[0, 1, 1, 3, 3, 3, 0, 3, 3, 3, 0, 1, 3, 3, 3, 1, 0, 3, 3, 0, 0, 1, 3, 0, 0, 3, 0, 3, 3, 0, 3, 1, 0, 1, 3, 3, 3, 0]"
1180,SP1,2007,Barcelona,"[1, 3, 1, 3, 3, 3, 3, 0, 3, 1, 3, 0, 3, 1, 3, 3, 0, 3, 3, 3, 1, 3, 1, 3, 3, 0, 0, 1, 3, 0, 1, 1, 1, 0, 3, 0, 0, 3]"
1181,SP1,2007,Betis,"[1, 1, 0, 0, 0, 3, 1, 1, 1, 0, 0, 3, 0, 0, 3, 3, 1, 0, 3, 1, 3, 0, 0, 3, 1, 3, 0, 0, 3, 3, 3, 0, 3, 0, 1, 1, 0, 1]"
1182,SP1,2007,Espanol,"[0, 1, 3, 0, 3, 3, 3, 3, 1, 1, 1, 3, 3, 1, 1, 3, 3, 3, 0, 0, 0, 3, 0, 0, 0, 3, 0, 3, 0, 0, 0, 0, 1, 1, 1, 0, 0, 0]"
1183,SP1,2007,Getafe,"[0, 1, 0, 1, 0, 0, 0, 3, 0, 3, 3, 3, 1, 3, 0, 0, 3, 0, 0, 3, 3, 0, 1, 1, 3, 1, 3, 3, 0, 0, 1, 1, 0, 1, 0, 3, 1, 1]"
1184,SP1,2007,La Coruna,"[0, 1, 3, 1, 0, 0, 3, 0, 0, 1, 3, 0, 1, 0, 0, 1, 3, 0, 0, 0, 3, 3, 1, 0, 3, 3, 1, 3, 0, 3, 3, 3, 3, 3, 0, 3, 0, 0]"
1185,SP1,2007,Levante,"[0, 1, 0, 0, 0, 0, 0, 0, 0, 0, 3, 0, 3, 0, 0, 0, 0, 1, 0, 1, 3, 1, 0, 3, 0, 3, 0, 0, 0, 0, 0, 3, 3, 0, 1, 0, 0, 0]"
1186,SP1,2007,Mallorca,"[3, 1, 0, 1, 3, 0, 3, 3, 1, 1, 0, 0, 3, 1, 0, 1, 0, 0, 1, 1, 3, 1, 1, 1, 1, 1, 3, 0, 3, 3, 1, 0, 3, 3, 3, 3, 3, 3]"
1187,SP1,2007,Murcia,"[3, 1, 1, 0, 0, 3, 1, 0, 3, 1, 0, 0, 1, 1, 0, 3, 1, 3, 0, 0, 0, 1, 0, 0, 0, 0, 0, 0, 3, 0, 3, 0, 0, 1, 0, 0, 0, 0]"
1188,SP1,2007,Osasuna,"[1, 1, 0, 3, 0, 3, 0, 1, 3, 0, 0, 0, 3, 1, 1, 0, 3, 0, 0, 3, 0, 0, 3, 0, 3, 1, 3, 1, 0, 3, 0, 3, 0, 0, 0, 0, 3, 0]"
1189,SP1,2007,Real Madrid,"[3, 3, 3, 1, 3, 3, 3, 0, 3, 3, 0, 3, 1, 3, 3, 3, 3, 3, 3, 3, 3, 0, 3, 0, 0, 3, 3, 0, 0, 3, 1, 3, 3, 3, 3, 3, 1, 3]"
1190,SP1,2007,Recreativo,"[1, 1, 0, 3, 3, 0, 0, 0, 0, 1, 0, 3, 0, 3, 3, 1, 1, 1, 0, 1, 0, 0, 3, 3, 1, 0, 0, 3, 0, 1, 3, 1, 0, 3, 0, 0, 3, 1]"
1191,SP1,2007,Santander,"[1, 1, 3, 0, 0, 3, 3, 1, 3, 1, 1, 3, 3, 0, 3, 0, 0, 3, 3, 0, 1, 1, 0, 1, 3, 3, 3, 0, 3, 3, 0, 3, 0, 0, 3, 0, 1, 3]"
1192,SP1,2007,Sevilla,"[3, 3, 0, 0, 0, 0, 3, 3, 0, 3, 0, 0, 0, 1, 3, 1, 3, 3, 0, 0, 3, 3, 1, 3, 3, 0, 3, 3, 0, 0, 3, 3, 0, 1, 3, 3, 3, 3]"
1193,SP1,2007,Valencia,"[0, 3, 3, 3, 3, 3, 0, 3, 0, 0, 3, 3, 0, 0, 1, 0, 1, 1, 0, 0, 0, 3, 3, 1, 1, 0, 1, 0, 3, 0, 0, 0, 0, 3, 0, 3, 3, 3]"
1194,SP1,2007,Valladolid,"[3, 1, 0, 1, 0, 0, 0, 0, 1, 1, 3, 3, 0, 3, 0, 1, 1, 3, 3, 3, 0, 0, 0, 1, 3, 0, 0, 1, 0, 3, 3, 1, 0, 3, 0, 1, 1, 1]"
1195,SP1,2007,Villarreal,"[3, 0, 3, 3, 3, 3, 0, 3, 0, 3, 3, 3, 1, 0, 0, 3, 1, 0, 3, 3, 0, 1, 3, 1, 3, 1, 3, 3, 3, 3, 0, 0, 3, 3, 3, 3, 3, 3]"
1196,SP1,2007,Zaragoza,"[0, 1, 1, 3, 0, 3, 3, 0, 3, 3, 0, 0, 1, 0, 1, 1, 1, 0, 1, 3, 1, 3, 0, 0, 0, 0, 3, 0, 1, 0, 0, 1, 3, 1, 3, 0, 1, 0]"
1197,SP1,2008,Almeria,"[3, 1, 3, 0, 3, 1, 0, 0, 1, 0, 3, 0, 0, 0, 1, 0, 3, 1, 1, 3, 0, 0, 3, 1, 3, 0, 0, 0, 3, 0, 3, 0, 3, 3, 3, 0, 0, 0]"
1198,SP1,2008,Ath Bilbao,"[0, 1, 3, 1, 0, 0, 0, 0, 0, 1, 3, 0, 3, 1, 3, 3, 1, 3, 3, 0, 3, 0, 1, 1, 0, 0, 0, 0, 3, 0, 0, 3, 3, 1, 3, 0, 0, 0]"
1199,SP1,2008,Ath Madrid,"[3, 0, 3, 3, 0, 0, 0, 1, 3, 1, 3, 1, 3, 3, 3, 3, 0, 0, 1, 1, 0, 3, 1, 0, 3, 1, 3, 0, 0, 3, 3, 0, 3, 3, 3, 3, 3, 3]"
1200,SP1,2008,Barcelona,"[0, 1, 3, 3, 3, 3, 3, 3, 3, 3, 3, 1, 3, 3, 3, 3, 3, 3, 3, 3, 3, 3, 1, 0, 0, 3, 3, 3, 3, 3, 3, 3, 1, 3, 1, 0, 0, 1]"
1201,SP1,2008,Betis,"[0, 1, 1, 0, 0, 0, 3, 3, 0, 3, 3, 3, 0, 1, 0, 0, 0, 0, 3, 0, 1, 3, 1, 0, 1, 1, 1, 1, 1, 3, 3, 0, 0, 0, 0, 3, 1, 1]"
1202,SP1,2008,Espanol,"[3, 3, 1, 0, 0, 1, 1, 0, 3, 0, 0, 0, 0, 1, 0, 0, 1, 1, 0, 1, 1, 1, 0, 3, 0, 0, 1, 0, 3, 1, 3, 3, 3, 3, 0, 3, 3, 3]"
1203,SP1,2008,Getafe,"[3, 1, 1, 0, 3, 1, 0, 3, 1, 0, 0, 1, 3, 1, 3, 0, 0, 0, 0, 3, 1, 1, 1, 1, 0, 0, 0, 3, 0, 3, 0, 0, 0, 0, 3, 1, 3, 1]"
1204,SP1,2008,La Coruna,"[3, 0, 1, 1, 0, 3, 1, 0, 3, 3, 0, 3, 3, 3, 0, 3, 3, 0, 0, 0, 3, 1, 1, 1, 3, 3, 0, 1, 0, 0, 3, 3, 1, 3, 3, 1, 0, 1]"
1205,SP1,2008,Malaga,"[0, 1, 0, 0, 3, 3, 3, 3, 0, 0, 1, 1, 3, 0, 3, 1, 3, 3, 3, 1, 0, 3, 1, 3, 0, 3, 1, 0, 0, 3, 1, 3, 1, 0, 3, 0, 1, 0]"
1206,SP1,2008,Mallorca,"[0, 1, 1, 3, 3, 0, 0, 3, 0, 1, 0, 1, 0, 0, 0, 1, 0, 0, 0, 3, 0, 1, 3, 3, 3, 1, 1, 3, 0, 3, 1, 3, 3, 3, 0, 3, 3, 0]"
1207,SP1,2008,Numancia,"[3, 0, 0, 0, 1, 0, 0, 3, 0, 0, 3, 1, 0, 3, 0, 3, 0, 3, 0, 0, 0, 0, 0, 0, 0, 3, 0, 3, 1, 1, 0, 0, 0, 3, 1, 3, 0, 0]"
1208,SP1,2008,Osasuna,"[1, 1, 0, 1, 1, 0, 0, 0, 0, 1, 0, 3, 0, 1, 0, 3, 1, 0, 0, 1, 3, 3, 1, 3, 1, 0, 1, 3, 3, 3, 0, 0, 1, 0, 0, 1, 3, 3]"
1209,SP1,2008,Real Madrid,"[0, 3, 3, 3, 3, 1, 3, 3, 1, 3, 0, 3, 0, 0, 0, 3, 3, 3, 3, 3, 3, 3, 3, 3, 3, 1, 3, 3, 3, 3, 3, 3, 3, 0, 0, 0, 0, 0]"
1210,SP1,2008,Recreativo,"[3, 0, 0, 1, 0, 0, 1, 1, 1, 0, 0, 0, 0, 3, 3, 0, 3, 1, 3, 3, 1, 0, 1, 1, 3, 0, 1, 0, 0, 0, 0, 0, 0, 3, 0, 0, 0, 0]"
1211,SP1,2008,Santander,"[1, 1, 0, 0, 0, 3, 1, 0, 3, 3, 0, 3, 0, 1, 1, 1, 3, 1, 3, 3, 0, 0, 1, 0, 1, 0, 3, 0, 3, 0, 0, 3, 0, 0, 0, 3, 3, 1]"
1212,SP1,2008,Sevilla,"[1, 3, 1, 3, 3, 3, 3, 0, 0, 3, 3, 1, 0, 3, 3, 1, 1, 3, 3, 0, 0, 0, 3, 3, 3, 3, 1, 3, 3, 0, 0, 0, 0, 3, 3, 1, 3, 3]"
1213,SP1,2008,Sp Gijon,"[0, 0, 0, 0, 0, 3, 3, 3, 3, 0, 3, 0, 3, 0, 0, 3, 0, 3, 0, 0, 3, 0, 0, 0, 0, 3, 3, 0, 0, 0, 0, 0, 0, 1, 0, 3, 3, 3]"
1214,SP1,2008,Valencia,"[3, 1, 3, 3, 3, 3, 3, 1, 0, 3, 0, 1, 3, 0, 3, 0, 3, 1, 0, 0, 3, 0, 1, 1, 0, 0, 1, 3, 3, 3, 3, 3, 1, 0, 3, 0, 0, 3]"
1215,SP1,2008,Valladolid,"[0, 3, 0, 3, 0, 0, 1, 0, 3, 0, 3, 3, 3, 1, 3, 0, 0, 0, 0, 1, 3, 3, 0, 0, 3, 3, 3, 0, 0, 0, 1, 0, 1, 0, 1, 0, 0, 1]"
1216,SP1,2008,Villarreal,"[1, 3, 3, 3, 3, 3, 1, 1, 3, 3, 1, 0, 3, 1, 0, 0, 0, 1, 3, 1, 0, 3, 1, 3, 1, 3, 0, 3, 0, 0, 1, 3, 3, 0, 1, 3, 3, 3]"
1217,SP1,2009,Almeria,"[1, 0, 3, 1, 1, 0, 3, 0, 0, 3, 0, 0, 0, 1, 0, 3, 1, 1, 0, 1, 3, 1, 3, 3, 1, 3, 0, 3, 0, 1, 0, 0, 1, 0, 0, 3, 1, 0]"
1218,SP1,2009,Ath Bilbao,"[3, 3, 3, 0, 0, 1, 0, 0, 3, 3, 1, 3, 0, 3, 3, 0, 1, 3, 0, 0, 3, 0, 3, 1, 3, 1, 1, 0, 3, 0, 3, 0, 1, 1, 0, 1, 0, 3]"
1219,SP1,2009,Ath Madrid,"[0, 1, 0, 1, 1, 3, 0, 1, 0, 0, 0, 3, 3, 0, 1, 3, 3, 3, 0, 0, 1, 3, 0, 3, 1, 3, 0, 3, 0, 3, 0, 0, 0, 3, 0, 3, 1, 0]"
1220,SP1,2009,Barcelona,"[3, 3, 3, 3, 3, 3, 1, 3, 1, 3, 1, 3, 3, 3, 3, 1, 3, 3, 3, 3, 3, 0, 3, 3, 1, 3, 3, 3, 3, 3, 3, 3, 1, 3, 3, 3, 3, 3]"
1221,SP1,2009,Espanol,"[0, 0, 3, 3, 1, 1, 3, 1, 1, 0, 0, 0, 0, 0, 3, 0, 3, 0, 1, 3, 0, 3, 0, 1, 1, 0, 3, 1, 1, 1, 3, 0, 1, 3, 0, 0, 3, 0]"
1222,SP1,2009,Getafe,"[3, 0, 0, 3, 0, 3, 0, 3, 0, 0, 3, 3, 0, 3, 3, 3, 0, 0, 3, 1, 0, 1, 0, 0, 1, 3, 1, 0, 3, 1, 3, 3, 0, 3, 1, 1, 3, 3]"
1223,SP1,2009,La Coruna,"[0, 3, 0, 3, 3, 3, 3, 0, 1, 3, 3, 3, 0, 1, 1, 1, 3, 0, 3, 0, 1, 0, 3, 0, 3, 1, 0, 0, 0, 0, 1, 0, 1, 0, 0, 0, 3, 0]"
1224,SP1,2009,Malaga,"[3, 0, 0, 0, 0, 1, 0, 0, 0, 1, 1, 1, 1, 1, 3, 1, 1, 3, 0, 3, 1, 3, 3, 0, 0, 0, 3, 0, 1, 0, 0, 1, 1, 1, 1, 1, 0, 1]"
1225,SP1,2009,Mallorca,"[3, 1, 3, 0, 3, 0, 3, 1, 3, 0, 3, 1, 3, 3, 0, 3, 0, 3, 1, 0, 3, 0, 0, 3, 3, 0, 3, 1, 0, 1, 3, 1, 3, 1, 3, 0, 0, 3]"
1226,SP1,2009,Osasuna,"[1, 0, 0, 3, 3, 0, 3, 1, 1, 0, 0, 3, 1, 0, 0, 1, 0, 3, 3, 3, 3, 0, 1, 0, 1, 0, 0, 0, 3, 0, 3, 1, 0, 1, 0, 3, 0, 1]"
1227,SP1,2009,Real Madrid,"[3, 3, 3, 3, 3, 0, 3, 1, 3, 3, 3, 0, 3, 3, 3, 1, 3, 0, 3, 3, 3, 3, 3, 3, 3, 3, 3, 3, 3, 3, 0, 3, 3, 3, 3, 3, 3, 1]"
1228,SP1,2009,Santander,"[0, 1, 3, 0, 1, 0, 1, 1, 0, 0, 0, 0, 3, 3, 0, 3, 3, 1, 3, 1, 1, 0, 0, 0, 1, 1, 3, 1, 0, 0, 1, 3, 1, 0, 0, 0, 0, 3]"
1229,SP1,2009,Sevilla,"[0, 3, 3, 3, 3, 3, 0, 1, 3, 3, 3, 1, 1, 3, 0, 0, 0, 0, 3, 3, 0, 3, 3, 1, 0, 1, 0, 1, 0, 3, 3, 0, 3, 0, 3, 3, 0, 3]"
1230,SP1,2009,Sp Gijon,"[0, 3, 1, 1, 0, 3, 3, 1, 1, 3, 1, 3, 0, 0, 0, 1, 3, 0, 0, 0, 0, 1, 3, 3, 0, 1, 0, 3, 1, 1, 0, 0, 0, 0, 1, 1, 1, 0]"
1231,SP1,2009,Tenerife,"[0, 3, 0, 3, 0, 0, 0, 3, 0, 1, 0, 1, 3, 0, 1, 0, 0, 1, 1, 0, 0, 3, 0, 0, 0, 3, 0, 1, 1, 0, 1, 3, 3, 0, 3, 0, 1, 0]"
1232,SP1,2009,Valencia,"[3, 3, 1, 0, 1, 3, 1, 3, 3, 3, 3, 1, 3, 0, 1, 3, 3, 3, 1, 0, 3, 1, 3, 0, 1, 0, 3, 3, 0, 3, 0, 3, 0, 3, 3, 3, 0, 3]"
1233,SP1,2009,Valladolid,"[1, 0, 3, 0, 0, 1, 0, 3, 1, 1, 0, 1, 1, 1, 3, 0, 0, 1, 0, 1, 0, 1, 1, 0, 0, 0, 3, 1, 0, 0, 1, 3, 1, 3, 1, 0, 3, 0]"
1234,SP1,2009,Villarreal,"[1, 1, 0, 0, 0, 1, 0, 3, 3, 0, 3, 0, 3, 3, 3, 1, 1, 0, 3, 0, 0, 3, 0, 3, 1, 3, 0, 1, 3, 3, 3, 0, 3, 3, 0, 0, 3, 1]"
1235,SP1,2009,Xerez,"[0, 0, 0, 0, 1, 1, 3, 0, 0, 1, 1, 0, 0, 0, 0, 0, 0, 1, 0, 3, 0, 0, 0, 1, 3, 0, 3, 1, 3, 1, 0, 3, 1, 0, 3, 0, 3, 1]"
1236,SP1,2009,Zaragoza,"[3, 0, 0, 1, 3, 0, 1, 0, 3, 0, 1, 0, 0, 0, 0, 1, 0, 1, 0, 3, 3, 1, 0, 3, 1, 1, 0, 0, 3, 3, 0, 1, 1, 0, 3, 3, 0, 1]"
1237,SP1,2010,Almeria,"[1, 1, 0, 0, 3, 1, 0, 1, 1, 1, 0, 0, 0, 1, 3, 0, 0, 0, 1, 3, 0, 3, 0, 1, 0, 1, 3, 1, 0, 0, 0, 0, 0, 0, 0, 1, 3, 0]"
1238,SP1,2010,Ath Bilbao,"[3, 0, 1, 3, 0, 0, 3, 0, 3, 0, 3, 0, 3, 0, 3, 3, 0, 1, 3, 3, 3, 3, 0, 0, 0, 0, 3, 1, 0, 3, 0, 3, 3, 0, 3, 0, 1, 3]"
1239,SP1,2010,Ath Madrid,"[3, 3, 0, 1, 3, 0, 3, 0, 1, 0, 3, 3, 0, 0, 3, 3, 1, 0, 3, 0, 0, 0, 0, 3, 1, 1, 3, 1, 0, 3, 3, 1, 3, 3, 0, 0, 3, 3]"
1240,SP1,2010,Barcelona,"[3, 0, 3, 3, 3, 1, 3, 3, 3, 3, 3, 3, 3, 3, 3, 3, 3, 3, 3, 3, 3, 3, 1, 3, 3, 3, 3, 1, 3, 3, 3, 1, 3, 0, 3, 1, 1, 3]"
1241,SP1,2010,Espanol,"[3, 0, 3, 0, 3, 0, 3, 3, 0, 3, 1, 3, 3, 3, 0, 0, 0, 3, 3, 3, 0, 0, 0, 0, 3, 0, 0, 3, 0, 0, 1, 1, 0, 3, 0, 1, 0, 0]"
1242,SP1,2010,Getafe,"[0, 3, 1, 0, 3, 3, 0, 3, 0, 0, 0, 1, 3, 3, 3, 3, 0, 1, 0, 0, 0, 3, 1, 0, 1, 1, 0, 1, 0, 0, 0, 3, 0, 0, 3, 0, 3, 1]"
1243,SP1,2010,Hercules,"[0, 3, 0, 1, 3, 0, 1, 1, 0, 0, 3, 0, 3, 0, 3, 1, 0, 3, 0, 0, 0, 0, 3, 0, 1, 0, 0, 0, 0, 3, 1, 0, 3, 0, 0, 1, 0, 1]"
1244,SP1,2010,La Coruna,"[1, 1, 1, 0, 0, 0, 1, 0, 3, 3, 1, 3, 0, 3, 0, 1, 3, 0, 0, 0, 1, 0, 3, 1, 1, 1, 3, 0, 0, 3, 1, 3, 0, 0, 1, 3, 1, 0]"
1245,SP1,2010,Levante,"[0, 0, 0, 3, 1, 1, 3, 0, 0, 0, 0, 3, 0, 3, 1, 0, 0, 0, 0, 0, 3, 3, 3, 0, 3, 1, 3, 1, 3, 3, 1, 3, 0, 1, 0, 1, 1, 0]"
1246,SP1,2010,Malaga,"[0, 3, 0, 3, 0, 1, 0, 0, 0, 0, 3, 0, 0, 3, 0, 0, 3, 1, 0, 0, 0, 1, 1, 1, 3, 0, 0, 3, 3, 0, 1, 3, 3, 3, 3, 3, 1, 0]"
1247,SP1,2010,Mallorca,"[1, 0, 3, 0, 3, 1, 0, 3, 3, 0, 1, 3, 3, 0, 0, 0, 3, 3, 0, 0, 0, 1, 3, 0, 0, 3, 0, 1, 3, 0, 1, 0, 3, 0, 1, 1, 0, 0]"
1248,SP1,2010,Osasuna,"[1, 0, 0, 3, 0, 1, 1, 3, 0, 3, 0, 3, 0, 0, 1, 1, 0, 1, 0, 0, 3, 1, 0, 3, 0, 1, 3, 3, 3, 0, 0, 0, 0, 3, 3, 3, 0, 3]"
1249,SP1,2010,Real Madrid,"[1, 3, 3, 3, 1, 3, 3, 3, 3, 3, 3, 3, 0, 3, 3, 3, 3, 3, 1, 3, 0, 3, 3, 3, 1, 3, 3, 3, 3, 0, 3, 1, 3, 0, 3, 3, 3, 3]"
1250,SP1,2010,Santander,"[0, 0, 3, 1, 0, 0, 3, 0, 3, 0, 1, 0, 3, 0, 3, 1, 1, 1, 0, 0, 1, 1, 3, 3, 1, 1, 0, 0, 3, 3, 1, 0, 0, 3, 3, 3, 0, 0]"
1251,SP1,2010,Sevilla,"[3, 1, 3, 1, 0, 3, 0, 3, 0, 3, 3, 0, 0, 0, 0, 0, 3, 3, 0, 3, 1, 1, 0, 3, 1, 3, 0, 1, 3, 3, 1, 0, 3, 3, 0, 0, 3, 3]"
1252,SP1,2010,Sociedad,"[3, 1, 0, 0, 0, 3, 0, 3, 3, 3, 0, 0, 3, 3, 0, 0, 0, 0, 3, 0, 3, 0, 3, 3, 0, 1, 0, 0, 0, 0, 0, 3, 0, 3, 0, 3, 0, 1]"
1253,SP1,2010,Sp Gijon,"[0, 3, 1, 0, 0, 1, 3, 0, 1, 1, 0, 0, 0, 0, 1, 1, 0, 1, 3, 3, 3, 0, 1, 1, 1, 0, 3, 1, 3, 3, 3, 0, 3, 1, 1, 0, 3, 1]"
1254,SP1,2010,Valencia,"[3, 3, 3, 1, 3, 3, 0, 0, 1, 0, 3, 1, 3, 0, 1, 3, 3, 3, 3, 3, 1, 3, 3, 1, 3, 0, 3, 0, 0, 3, 3, 3, 0, 0, 3, 1, 1, 3]"
1255,SP1,2010,Villarreal,"[0, 3, 3, 3, 3, 3, 1, 3, 1, 3, 0, 1, 3, 3, 0, 3, 3, 0, 3, 3, 3, 0, 0, 1, 1, 3, 0, 1, 3, 0, 0, 3, 0, 3, 1, 1, 0, 0]"
1256,SP1,2010,Zaragoza,"[1, 0, 0, 1, 0, 1, 0, 0, 1, 3, 0, 1, 0, 1, 0, 1, 3, 0, 3, 3, 3, 1, 0, 0, 1, 3, 0, 3, 0, 0, 3, 0, 3, 3, 0, 0, 3, 3]"
1257,SP1,2011,Ath Bilbao,"[1, 0, 0, 0, 1, 3, 3, 1, 3, 1, 1, 3, 0, 1, 1, 3, 1, 3, 0, 3, 1, 0, 3, 1, 3, 0, 0, 0, 1, 0, 3, 1, 3, 3, 0, 0, 1, 0]"
1258,SP1,2011,Ath Madrid,"[1, 0, 3, 3, 0, 1, 1, 1, 0, 3, 0, 3, 0, 3, 0, 0, 1, 3, 3, 3, 1, 1, 1, 0, 1, 3, 0, 3, 0, 3, 0, 0, 3, 3, 1, 1, 3, 3]"
1259,SP1,2011,Barcelona,"[3, 1, 3, 1, 3, 3, 3, 1, 3, 3, 1, 3, 0, 3, 3, 3, 1, 3, 3, 1, 3, 0, 3, 3, 3, 3, 3, 3, 3, 3, 3, 3, 3, 0, 3, 3, 3, 1]"
1260,SP1,2011,Betis,"[3, 3, 3, 3, 0, 0, 0, 0, 0, 0, 1, 0, 0, 0, 3, 3, 3, 0, 1, 0, 0, 3, 3, 1, 0, 0, 0, 1, 1, 3, 3, 1, 3, 0, 1, 3, 0, 1]"
1261,SP1,2011,Espanol,"[0, 3, 0, 3, 0, 0, 3, 3, 3, 0, 1, 1, 0, 0, 3, 3, 1, 1, 3, 3, 1, 0, 1, 0, 0, 3, 3, 1, 0, 1, 1, 0, 3, 0, 0, 0, 0, 1]"
1262,SP1,2011,Getafe,"[1, 0, 0, 0, 3, 0, 1, 1, 1, 0, 3, 0, 3, 0, 3, 3, 1, 1, 3, 3, 0, 0, 1, 1, 0, 3, 3, 1, 3, 0, 3, 0, 3, 0, 0, 1, 1, 0]"
1263,SP1,2011,Granada,"[0, 0, 3, 0, 1, 0, 1, 0, 0, 3, 1, 3, 3, 1, 0, 3, 0, 0, 0, 3, 3, 0, 3, 0, 0, 0, 3, 0, 0, 3, 1, 1, 0, 3, 0, 3, 0, 0]"
1264,SP1,2011,Levante,"[1, 1, 3, 3, 3, 3, 3, 3, 3, 0, 0, 0, 3, 0, 3, 0, 1, 0, 1, 0, 1, 0, 0, 3, 3, 0, 3, 3, 0, 1, 3, 0, 0, 1, 3, 0, 0, 3]"
1265,SP1,2011,Malaga,"[0, 3, 3, 3, 1, 3, 0, 0, 0, 3, 1, 3, 3, 0, 1, 0, 1, 0, 0, 3, 0, 3, 0, 3, 3, 3, 1, 3, 3, 0, 3, 0, 1, 1, 3, 0, 0, 3]"
1266,SP1,2011,Mallorca,"[3, 0, 0, 0, 3, 1, 1, 1, 0, 0, 1, 3, 1, 1, 3, 0, 1, 0, 3, 0, 3, 0, 3, 0, 1, 1, 3, 3, 0, 0, 1, 3, 0, 3, 3, 3, 3, 0]"
1267,SP1,2011,Osasuna,"[1, 3, 0, 1, 1, 1, 0, 3, 1, 3, 0, 1, 3, 3, 1, 3, 1, 0, 1, 0, 1, 3, 0, 3, 1, 3, 1, 1, 3, 0, 0, 3, 0, 1, 1, 0, 3, 3]"
1268,SP1,2011,Real Madrid,"[3, 3, 0, 1, 3, 3, 3, 3, 3, 3, 3, 3, 3, 3, 0, 3, 3, 3, 3, 3, 3, 3, 3, 3, 3, 3, 1, 1, 3, 3, 1, 3, 3, 3, 3, 3, 3, 3]"
1269,SP1,2011,Santander,"[0, 1, 0, 1, 1, 1, 0, 0, 1, 3, 1, 0, 0, 3, 1, 1, 3, 3, 0, 1, 1, 1, 0, 1, 0, 0, 0, 0, 1, 0, 0, 0, 1, 0, 0, 1, 0, 0]"
1270,SP1,2011,Sevilla,"[3, 1, 3, 1, 3, 1, 3, 1, 1, 0, 1, 0, 3, 3, 0, 0, 0, 1, 1, 0, 0, 0, 3, 3, 1, 0, 0, 3, 3, 3, 0, 3, 0, 1, 0, 0, 3, 1]"
1271,SP1,2011,Sociedad,"[3, 1, 0, 3, 0, 0, 0, 1, 0, 0, 0, 1, 3, 3, 1, 1, 1, 3, 0, 3, 0, 3, 0, 3, 0, 3, 0, 0, 0, 3, 1, 1, 1, 1, 3, 1, 0, 3]"
1272,SP1,2011,Sp Gijon,"[0, 0, 0, 0, 1, 0, 0, 3, 3, 1, 1, 3, 0, 0, 3, 0, 0, 3, 0, 0, 1, 0, 1, 1, 0, 3, 0, 0, 1, 0, 0, 3, 0, 3, 3, 0, 3, 0]"
1273,SP1,2011,Valencia,"[3, 3, 3, 1, 0, 3, 1, 1, 3, 3, 3, 0, 3, 3, 0, 3, 1, 0, 1, 1, 1, 3, 0, 0, 3, 1, 3, 0, 0, 1, 1, 3, 0, 3, 0, 3, 3, 0]"
1274,SP1,2011,Vallecano,"[1, 1, 3, 0, 0, 1, 0, 3, 3, 0, 3, 1, 0, 0, 0, 0, 3, 3, 0, 0, 3, 3, 3, 0, 3, 0, 3, 0, 0, 0, 3, 0, 0, 0, 0, 0, 0, 3]"
1275,SP1,2011,Villarreal,"[0, 1, 0, 3, 1, 1, 1, 0, 0, 3, 1, 3, 0, 0, 1, 0, 1, 0, 3, 1, 3, 3, 0, 1, 0, 0, 0, 1, 3, 1, 0, 3, 1, 1, 1, 3, 0, 0]"
1276,SP1,2011,Zaragoza,"[0, 1, 3, 0, 1, 1, 3, 0, 0, 0, 1, 0, 0, 0, 0, 0, 0, 1, 1, 0, 0, 3, 0, 0, 3, 0, 1, 3, 3, 3, 0, 0, 3, 0, 3, 3, 3, 3]"
1277,SP1,2012,Ath Bilbao,"[0, 0, 3, 1, 1, 0, 3, 0, 0, 3, 3, 0, 1, 0, 3, 3, 0, 0, 0, 1, 3, 1, 0, 0, 0, 3, 3, 0, 3, 0, 0, 1, 1, 1, 3, 3, 0, 1]"
1278,SP1,2012,Ath Madrid,"[1, 3, 3, 3, 3, 3, 3, 3, 3, 0, 3, 3, 3, 0, 3, 0, 3, 1, 3, 3, 0, 3, 0, 3, 3, 1, 0, 3, 1, 1, 3, 3, 0, 1, 3, 0, 1, 3]"
1279,SP1,2012,Barcelona,"[3, 3, 3, 3, 3, 3, 1, 3, 3, 3, 3, 3, 3, 3, 3, 3, 3, 3, 3, 0, 3, 1, 3, 3, 3, 0, 3, 3, 1, 3, 3, 3, 1, 3, 3, 3, 3, 3]"
1280,SP1,2012,Betis,"[3, 0, 3, 3, 0, 0, 3, 1, 3, 3, 0, 0, 3, 3, 0, 3, 0, 3, 3, 1, 0, 0, 1, 0, 3, 1, 3, 0, 1, 3, 1, 0, 1, 0, 3, 0, 3, 1]"
1281,SP1,2012,Celta,"[0, 0, 3, 0, 3, 0, 3, 0, 1, 0, 0, 1, 3, 1, 0, 0, 0, 3, 0, 1, 1, 0, 0, 0, 3, 0, 0, 0, 1, 0, 0, 3, 3, 1, 0, 0, 3, 3]"
1282,SP1,2012,Espanol,"[0, 0, 0, 1, 0, 0, 1, 3, 1, 3, 0, 0, 0, 1, 1, 1, 3, 0, 3, 3, 1, 3, 3, 3, 0, 1, 0, 3, 1, 3, 1, 3, 0, 0, 1, 0, 0, 0]"
1283,SP1,2012,Getafe,"[0, 3, 1, 0, 0, 3, 3, 0, 3, 0, 0, 3, 3, 3, 1, 1, 0, 0, 1, 1, 0, 3, 0, 3, 3, 3, 1, 3, 1, 1, 0, 0, 0, 3, 0, 0, 0, 0]"
1284,SP1,2012,Granada,"[0, 1, 0, 1, 0, 3, 3, 0, 0, 0, 3, 0, 0, 1, 0, 1, 3, 0, 1, 3, 0, 3, 3, 0, 0, 0, 1, 1, 0, 0, 0, 1, 3, 3, 1, 3, 0, 3]"
1285,SP1,2012,La Coruna,"[3, 1, 1, 1, 0, 0, 0, 0, 1, 3, 0, 0, 1, 0, 0, 1, 0, 3, 1, 0, 0, 0, 0, 0, 0, 1, 0, 3, 3, 3, 3, 1, 1, 1, 0, 3, 0, 0]"
1286,SP1,2012,Levante,"[1, 0, 3, 0, 3, 0, 3, 3, 3, 1, 0, 3, 0, 1, 3, 3, 0, 3, 0, 0, 3, 0, 0, 1, 0, 1, 1, 1, 3, 0, 0, 0, 0, 1, 1, 0, 3, 1]"
1287,SP1,2012,Malaga,"[3, 1, 3, 3, 1, 3, 0, 3, 1, 0, 0, 1, 3, 0, 3, 3, 3, 0, 0, 1, 3, 1, 3, 3, 0, 1, 1, 0, 3, 0, 3, 0, 3, 0, 0, 1, 3, 0]"
1288,SP1,2012,Mallorca,"[3, 1, 3, 1, 3, 0, 0, 0, 0, 0, 0, 1, 0, 1, 0, 0, 3, 1, 0, 0, 0, 0, 1, 0, 0, 3, 3, 0, 0, 0, 3, 1, 0, 1, 0, 3, 1, 3]"
1289,SP1,2012,Osasuna,"[0, 0, 0, 1, 0, 3, 0, 1, 0, 0, 3, 1, 1, 3, 0, 1, 0, 0, 1, 3, 0, 3, 1, 3, 3, 0, 0, 0, 3, 0, 0, 1, 1, 0, 3, 0, 3, 0]"
1290,SP1,2012,Real Madrid,"[1, 0, 3, 0, 3, 3, 1, 3, 3, 3, 3, 3, 0, 3, 3, 1, 0, 3, 1, 3, 3, 0, 3, 3, 3, 3, 3, 3, 1, 3, 3, 3, 3, 3, 3, 1, 1, 3]"
1291,SP1,2012,Sevilla,"[3, 1, 1, 3, 3, 0, 0, 3, 0, 1, 0, 3, 0, 0, 1, 0, 0, 3, 0, 1, 3, 3, 0, 3, 0, 3, 0, 3, 0, 3, 1, 0, 1, 3, 1, 0, 0, 3]"
1292,SP1,2012,Sociedad,"[0, 3, 0, 3, 0, 3, 0, 0, 1, 0, 3, 3, 1, 3, 1, 1, 3, 0, 1, 3, 1, 3, 3, 1, 3, 1, 3, 3, 1, 3, 3, 1, 3, 0, 1, 3, 1, 3]"
1293,SP1,2012,Valencia,"[1, 1, 0, 3, 0, 3, 0, 3, 0, 3, 1, 3, 0, 0, 3, 0, 3, 3, 3, 0, 3, 1, 3, 3, 1, 1, 0, 3, 1, 3, 1, 3, 0, 3, 3, 3, 3, 0]"
1294,SP1,2012,Valladolid,"[3, 3, 0, 0, 0, 3, 1, 0, 1, 3, 1, 0, 3, 3, 0, 1, 0, 0, 3, 3, 0, 1, 1, 0, 3, 1, 1, 0, 0, 0, 3, 1, 1, 0, 3, 0, 0, 0]"
1295,SP1,2012,Vallecano,"[3, 3, 1, 0, 0, 0, 3, 0, 0, 3, 3, 0, 3, 0, 0, 3, 3, 3, 3, 0, 3, 0, 3, 0, 0, 1, 3, 0, 0, 3, 0, 1, 1, 0, 0, 3, 3, 1]"
1296,SP1,2012,Zaragoza,"[0, 3, 0, 0, 3, 0, 0, 3, 3, 0, 3, 0, 0, 1, 3, 0, 3, 0, 0, 0, 1, 1, 0, 0, 1, 0, 1, 0, 1, 0, 0, 0, 3, 3, 1, 0, 0, 0]"
1297,SP1,2013,Almeria,"[0, 1, 1, 0, 1, 0, 0, 0, 0, 0, 3, 3, 3, 0, 0, 1, 3, 3, 0, 0, 3, 0, 3, 0, 1, 0, 0, 0, 3, 1, 0, 0, 0, 0, 3, 3, 3, 1]"
1298,SP1,2013,Ath Bilbao,"[3, 3, 0, 3, 0, 3, 0, 1, 3, 3, 1, 0, 3, 3, 3, 1, 3, 0, 3, 3, 3, 1, 1, 0, 3, 3, 1, 1, 3, 1, 0, 3, 3, 0, 3, 3, 1, 1]"
1299,SP1,2013,Ath Madrid,"[3, 3, 3, 3, 3, 3, 3, 3, 0, 3, 3, 3, 1, 3, 3, 3, 3, 3, 1, 1, 3, 3, 0, 3, 0, 1, 3, 3, 3, 3, 3, 3, 3, 3, 3, 0, 1, 1]"
1300,SP1,2013,Barcelona,"[3, 3, 3, 3, 3, 3, 3, 3, 1, 3, 3, 3, 3, 3, 0, 3, 3, 3, 1, 1, 3, 0, 3, 3, 0, 3, 0, 3, 3, 3, 3, 3, 0, 3, 3, 1, 1, 1]"
1301,SP1,2013,Betis,"[0, 0, 1, 3, 1, 0, 3, 0, 0, 0, 1, 0, 0, 0, 1, 0, 0, 1, 0, 0, 0, 3, 0, 0, 0, 1, 3, 1, 0, 3, 0, 0, 0, 0, 0, 0, 3, 0]"
1302,SP1,2013,Celta,"[1, 3, 1, 0, 1, 0, 0, 0, 0, 3, 0, 3, 0, 0, 3, 0, 1, 0, 3, 0, 3, 3, 1, 3, 1, 0, 0, 3, 0, 0, 3, 0, 1, 3, 3, 3, 3, 0]"
1303,SP1,2013,Elche,"[0, 1, 1, 1, 0, 0, 3, 3, 3, 0, 1, 0, 1, 3, 0, 0, 0, 0, 1, 3, 0, 3, 1, 1, 0, 3, 0, 1, 0, 1, 1, 3, 0, 0, 1, 3, 1, 0]"
1304,SP1,2013,Espanol,"[1, 3, 1, 3, 3, 0, 0, 0, 3, 0, 1, 0, 0, 3, 0, 1, 3, 0, 0, 3, 1, 0, 3, 3, 0, 1, 3, 0, 1, 3, 0, 0, 1, 0, 0, 0, 1, 0]"
1305,SP1,2013,Getafe,"[0, 1, 0, 3, 0, 3, 3, 3, 3, 0, 3, 0, 1, 0, 3, 0, 0, 0, 0, 1, 0, 1, 0, 0, 1, 1, 0, 1, 0, 0, 3, 0, 0, 1, 3, 1, 3, 3]"
1306,SP1,2013,Granada,"[3, 0, 1, 0, 1, 0, 3, 0, 0, 3, 0, 3, 3, 0, 0, 3, 0, 0, 3, 1, 0, 0, 0, 3, 0, 0, 3, 1, 3, 0, 0, 0, 3, 0, 0, 1, 0, 3]"
1307,SP1,2013,Levante,"[0, 1, 3, 1, 1, 1, 3, 0, 3, 3, 1, 0, 0, 0, 0, 3, 0, 0, 3, 1, 3, 1, 1, 3, 1, 3, 0, 0, 1, 0, 3, 0, 0, 1, 1, 3, 3, 0]"
1308,SP1,2013,Malaga,"[0, 0, 1, 3, 1, 3, 1, 0, 0, 0, 1, 3, 0, 0, 1, 3, 3, 0, 0, 1, 0, 3, 0, 0, 1, 1, 3, 0, 3, 0, 3, 3, 0, 3, 0, 0, 1, 3]"
1309,SP1,2013,Osasuna,"[0, 0, 0, 0, 3, 0, 0, 3, 1, 0, 3, 0, 0, 3, 0, 1, 1, 3, 3, 1, 0, 0, 3, 1, 3, 0, 0, 0, 0, 0, 1, 3, 1, 1, 0, 0, 1, 3]"
1310,SP1,2013,Real Madrid,"[3, 3, 3, 1, 3, 3, 0, 3, 3, 0, 3, 3, 3, 3, 3, 1, 3, 3, 3, 3, 3, 1, 3, 3, 3, 1, 3, 3, 0, 0, 3, 3, 3, 3, 1, 1, 0, 3]"
1311,SP1,2013,Sevilla,"[0, 1, 1, 0, 0, 3, 1, 3, 1, 3, 0, 0, 3, 3, 3, 1, 3, 3, 1, 1, 0, 0, 0, 1, 3, 3, 3, 3, 3, 3, 0, 3, 3, 3, 0, 1, 0, 3]"
1312,SP1,2013,Sociedad,"[3, 1, 0, 1, 1, 0, 1, 0, 3, 3, 1, 3, 0, 3, 3, 3, 3, 3, 0, 1, 3, 0, 1, 3, 3, 0, 0, 3, 0, 3, 1, 0, 1, 3, 3, 1, 1, 0]"
1313,SP1,2013,Valencia,"[3, 0, 0, 0, 3, 3, 3, 1, 0, 0, 0, 3, 1, 0, 3, 0, 0, 3, 0, 1, 1, 3, 3, 1, 3, 0, 1, 0, 3, 1, 0, 1, 3, 1, 0, 1, 0, 3]"
1314,SP1,2013,Valladolid,"[0, 0, 3, 1, 0, 1, 1, 0, 1, 3, 1, 0, 1, 0, 0, 3, 0, 1, 0, 0, 3, 1, 1, 0, 1, 1, 3, 0, 1, 0, 3, 1, 1, 0, 3, 1, 0, 0]"
1315,SP1,2013,Vallecano,"[3, 0, 0, 0, 0, 0, 0, 3, 3, 0, 0, 0, 3, 0, 1, 0, 0, 0, 3, 0, 0, 1, 3, 0, 0, 3, 3, 3, 1, 3, 0, 3, 1, 3, 3, 0, 0, 0]"
1316,SP1,2013,Villarreal,"[3, 3, 3, 1, 1, 3, 0, 3, 0, 3, 0, 3, 1, 3, 1, 0, 0, 3, 3, 3, 0, 3, 0, 0, 3, 1, 0, 1, 0, 3, 1, 0, 3, 0, 0, 1, 3, 3]"
1317,SP1,2014,Almeria,"[1, 0, 1, 3, 0, 3, 1, 0, 0, 0, 0, 1, 0, 0, 0, 3, 3, 0, 0, 0, 3, 3, 1, 0, 1, 0, 1, 0, 0, 0, 3, 0, 3, 0, 1, 0, 0, 0]"
1318,SP1,2014,Ath Bilbao,"[0, 3, 0, 0, 0, 1, 0, 1, 3, 3, 1, 3, 3, 0, 1, 0, 0, 0, 0, 1, 3, 0, 1, 3, 3, 3, 3, 3, 0, 1, 0, 3, 3, 1, 1, 1, 3, 3]"
1319,SP1,2014,Ath Madrid,"[1, 3, 3, 1, 3, 3, 0, 3, 3, 3, 0, 3, 3, 3, 0, 3, 3, 0, 3, 3, 3, 3, 0, 3, 1, 1, 1, 3, 3, 3, 1, 3, 3, 3, 1, 1, 0, 1]"
1320,SP1,2014,Barcelona,"[3, 3, 3, 3, 1, 3, 3, 3, 0, 0, 3, 3, 3, 3, 1, 3, 0, 3, 3, 3, 3, 3, 3, 0, 3, 3, 3, 3, 3, 3, 1, 3, 3, 3, 3, 3, 3, 1]"
1321,SP1,2014,Celta,"[3, 1, 1, 1, 3, 3, 0, 1, 3, 3, 1, 0, 0, 0, 0, 0, 0, 1, 0, 0, 3, 1, 3, 3, 1, 0, 0, 3, 0, 1, 3, 3, 0, 3, 1, 1, 1, 3]"
1322,SP1,2014,Cordoba,"[0, 1, 1, 0, 0, 1, 1, 0, 1, 0, 1, 1, 0, 3, 1, 0, 3, 3, 1, 0, 0, 0, 0, 0, 0, 0, 0, 0, 0, 1, 0, 1, 0, 0, 0, 0, 0, 0]"
1323,SP1,2014,Eibar,"[3, 0, 0, 3, 1, 1, 1, 0, 1, 3, 0, 0, 3, 3, 1, 0, 3, 3, 1, 0, 0, 0, 0, 0, 0, 0, 0, 1, 0, 3, 0, 0, 0, 0, 0, 0, 1, 3]"
1324,SP1,2014,Elche,"[0, 1, 3, 0, 0, 0, 1, 0, 0, 3, 1, 1, 0, 0, 0, 0, 1, 3, 3, 0, 0, 3, 3, 0, 1, 3, 0, 0, 1, 0, 3, 3, 0, 3, 3, 0, 0, 1]"
1325,SP1,2014,Espanol,"[1, 0, 0, 1, 3, 1, 3, 0, 1, 0, 1, 0, 3, 0, 3, 3, 0, 0, 3, 3, 0, 0, 3, 0, 3, 0, 1, 1, 1, 3, 3, 1, 0, 3, 1, 3, 0, 0]"
1326,SP1,2014,Getafe,"[0, 3, 0, 0, 0, 3, 1, 3, 0, 3, 1, 0, 0, 1, 1, 1, 0, 0, 0, 3, 0, 3, 0, 3, 0, 3, 0, 0, 3, 3, 1, 0, 0, 0, 0, 0, 1, 0]"
1327,SP1,2014,Granada,"[3, 1, 1, 3, 0, 0, 0, 0, 1, 0, 1, 1, 0, 1, 0, 1, 0, 1, 0, 1, 3, 0, 1, 0, 0, 3, 0, 1, 0, 1, 0, 1, 0, 0, 3, 3, 3, 1]"
1328,SP1,2014,La Coruna,"[0, 1, 3, 0, 0, 0, 0, 3, 1, 0, 1, 1, 0, 0, 3, 0, 3, 1, 0, 1, 3, 3, 0, 0, 1, 0, 0, 1, 0, 1, 1, 0, 1, 0, 1, 1, 3, 1]"
1329,SP1,2014,Levante,"[0, 0, 1, 0, 3, 0, 1, 0, 0, 3, 1, 3, 0, 1, 1, 1, 0, 1, 0, 0, 0, 3, 0, 3, 0, 3, 0, 0, 3, 0, 0, 1, 3, 3, 0, 1, 0, 1]"
1330,SP1,2014,Malaga,"[3, 0, 1, 1, 1, 0, 3, 3, 3, 3, 3, 0, 0, 3, 3, 3, 0, 1, 0, 1, 3, 0, 0, 3, 3, 0, 3, 0, 1, 0, 1, 0, 1, 0, 0, 3, 0, 0]"
1331,SP1,2014,Real Madrid,"[3, 0, 0, 3, 3, 3, 3, 3, 3, 3, 3, 3, 3, 3, 3, 0, 3, 3, 3, 3, 3, 0, 3, 3, 1, 0, 3, 0, 3, 3, 3, 3, 3, 3, 3, 1, 3, 3]"
1332,SP1,2014,Sevilla,"[1, 3, 3, 3, 3, 0, 3, 3, 3, 0, 1, 0, 3, 3, 1, 3, 3, 3, 0, 3, 0, 0, 3, 0, 1, 3, 3, 3, 3, 3, 1, 1, 3, 3, 0, 1, 3, 3]"
1333,SP1,2014,Sociedad,"[0, 3, 1, 0, 0, 1, 0, 0, 1, 0, 3, 1, 3, 0, 1, 1, 3, 1, 0, 3, 0, 1, 1, 3, 0, 3, 3, 3, 1, 0, 1, 0, 1, 1, 3, 0, 0, 3]"
1334,SP1,2014,Valencia,"[1, 3, 3, 3, 3, 1, 3, 0, 3, 3, 1, 0, 0, 1, 3, 3, 3, 1, 3, 3, 0, 3, 3, 3, 3, 1, 3, 3, 1, 1, 3, 0, 3, 1, 3, 1, 1, 3]"
1335,SP1,2014,Vallecano,"[1, 1, 0, 0, 3, 3, 0, 3, 0, 0, 0, 3, 3, 0, 0, 0, 3, 0, 3, 0, 0, 0, 3, 0, 3, 0, 3, 3, 3, 0, 0, 3, 0, 1, 1, 3, 3, 0]"
1336,SP1,2014,Villarreal,"[3, 0, 1, 3, 1, 0, 3, 3, 0, 0, 1, 3, 3, 3, 3, 3, 1, 1, 3, 3, 0, 3, 0, 3, 1, 3, 1, 0, 1, 0, 1, 1, 1, 0, 1, 3, 3, 0]"
1337,SP1,2015,Ath Bilbao,"[0, 0, 3, 0, 0, 1, 3, 1, 3, 3, 3, 0, 3, 1, 0, 3, 3, 1, 0, 0, 3, 3, 1, 0, 0, 3, 3, 3, 3, 0, 1, 3, 3, 0, 1, 3, 1, 3]"
1338,SP1,2015,Ath Madrid,"[3, 3, 0, 3, 3, 0, 1, 3, 3, 1, 3, 3, 3, 3, 3, 0, 3, 3, 3, 3, 1, 0, 3, 3, 1, 3, 3, 3, 3, 0, 3, 3, 3, 3, 3, 3, 0, 3]"
1339,SP1,2015,Barcelona,"[3, 3, 3, 3, 0, 3, 0, 3, 3, 3, 3, 3, 3, 1, 1, 3, 1, 3, 3, 3, 3, 3, 3, 3, 3, 3, 3, 3, 3, 1, 0, 0, 0, 3, 3, 3, 3, 3]"
1340,SP1,2015,Betis,"[1, 0, 3, 1, 0, 3, 3, 0, 1, 0, 3, 0, 3, 1, 0, 1, 0, 0, 0, 1, 1, 0, 3, 1, 1, 1, 3, 3, 0, 0, 0, 3, 1, 3, 0, 0, 1, 3]"
1341,SP1,2015,Celta,"[3, 3, 1, 3, 3, 1, 1, 3, 0, 3, 0, 0, 3, 1, 3, 3, 0, 0, 0, 3, 0, 0, 1, 0, 3, 3, 1, 0, 3, 3, 1, 3, 1, 1, 3, 0, 3, 0]"
1342,SP1,2015,Eibar,"[3, 3, 1, 0, 1, 1, 3, 1, 0, 3, 3, 1, 0, 0, 1, 0, 3, 3, 3, 3, 0, 0, 0, 3, 0, 0, 0, 0, 1, 1, 0, 0, 3, 0, 1, 0, 1, 0]"
1343,SP1,2015,Espanol,"[3, 0, 0, 3, 3, 0, 0, 3, 0, 1, 0, 3, 0, 1, 0, 3, 0, 1, 0, 0, 1, 0, 0, 0, 3, 3, 0, 3, 1, 3, 1, 0, 0, 1, 0, 3, 0, 3]"
1344,SP1,2015,Getafe,"[0, 0, 0, 3, 0, 3, 1, 3, 0, 0, 0, 1, 3, 0, 1, 1, 1, 3, 3, 3, 0, 0, 0, 0, 0, 0, 0, 1, 0, 1, 0, 0, 0, 3, 1, 3, 1, 0]"
1345,SP1,2015,Granada,"[0, 3, 0, 0, 0, 0, 1, 1, 1, 1, 0, 3, 1, 0, 3, 0, 0, 3, 0, 0, 3, 0, 0, 0, 0, 3, 3, 0, 1, 1, 1, 1, 0, 3, 0, 3, 3, 0]"
1346,SP1,2015,La Coruna,"[1, 1, 3, 0, 3, 3, 1, 1, 0, 1, 1, 3, 3, 1, 1, 3, 1, 0, 0, 1, 1, 1, 1, 1, 0, 0, 0, 1, 0, 3, 1, 0, 1, 0, 1, 0, 3, 0]"
1347,SP1,2015,Las Palmas,"[0, 1, 1, 0, 3, 0, 0, 0, 1, 0, 3, 1, 0, 0, 3, 0, 3, 1, 1, 0, 0, 3, 0, 0, 0, 3, 3, 3, 0, 3, 3, 3, 1, 0, 3, 0, 1, 0]"
1348,SP1,2015,Levante,"[0, 1, 1, 0, 1, 0, 3, 0, 0, 0, 1, 3, 0, 1, 0, 0, 0, 0, 3, 0, 3, 0, 0, 0, 3, 0, 0, 1, 3, 0, 1, 0, 3, 0, 1, 0, 3, 0]"
1349,SP1,2015,Malaga,"[1, 0, 1, 0, 0, 1, 3, 0, 3, 0, 0, 0, 1, 1, 3, 3, 3, 3, 1, 0, 0, 3, 3, 0, 1, 1, 0, 1, 3, 3, 1, 1, 0, 1, 0, 3, 0, 3]"
1350,SP1,2015,Real Madrid,"[1, 3, 3, 3, 3, 1, 1, 3, 3, 3, 0, 0, 3, 3, 0, 3, 3, 1, 3, 3, 1, 3, 3, 3, 1, 0, 3, 3, 3, 3, 3, 3, 3, 3, 3, 3, 3, 3]"
1351,SP1,2015,Sevilla,"[1, 0, 1, 0, 0, 3, 3, 1, 3, 0, 3, 0, 3, 1, 3, 1, 3, 0, 3, 3, 1, 3, 1, 3, 1, 0, 3, 1, 3, 0, 0, 0, 1, 0, 3, 0, 0, 0]"
1352,SP1,2015,Sociedad,"[1, 1, 0, 0, 3, 1, 0, 0, 3, 0, 0, 3, 0, 3, 1, 0, 0, 1, 3, 1, 0, 3, 3, 3, 3, 1, 0, 1, 0, 0, 3, 3, 0, 0, 1, 0, 3, 3]"
1353,SP1,2015,Sp Gijon,"[1, 1, 0, 3, 0, 0, 3, 1, 0, 3, 0, 0, 0, 3, 0, 0, 0, 0, 0, 3, 3, 1, 1, 0, 1, 0, 0, 0, 0, 3, 1, 0, 1, 3, 0, 3, 1, 3]"
1354,SP1,2015,Valencia,"[1, 1, 3, 1, 0, 3, 0, 3, 0, 3, 3, 1, 0, 1, 1, 1, 0, 1, 0, 1, 1, 0, 0, 3, 3, 0, 3, 0, 0, 0, 0, 3, 3, 3, 1, 0, 0, 0]"
1355,SP1,2015,Vallecano,"[1, 0, 0, 3, 3, 0, 0, 0, 3, 0, 3, 1, 0, 0, 0, 0, 0, 1, 0, 1, 3, 1, 3, 1, 1, 1, 0, 0, 1, 1, 3, 0, 3, 1, 0, 0, 0, 3]"
1356,SP1,2015,Villarreal,"[1, 3, 3, 3, 3, 3, 0, 0, 1, 3, 0, 1, 0, 3, 3, 3, 3, 3, 3, 1, 1, 3, 1, 3, 1, 3, 1, 0, 0, 1, 3, 3, 0, 0, 1, 3, 0, 0]"
1357,SP1,2016,Alaves,"[1, 1, 3, 1, 0, 3, 0, 1, 0, 0, 3, 0, 3, 1, 1, 3, 1, 0, 1, 1, 3, 0, 3, 3, 0, 1, 3, 3, 0, 0, 0, 3, 1, 1, 3, 3, 3, 1]"
1358,SP1,2016,Ath Bilbao,"[0, 0, 3, 3, 3, 3, 0, 3, 0, 1, 1, 3, 0, 3, 0, 3, 1, 1, 1, 3, 0, 3, 0, 3, 0, 3, 3, 0, 3, 3, 0, 3, 3, 3, 3, 0, 1, 0]"
1359,SP1,2016,Ath Madrid,"[1, 1, 3, 3, 1, 3, 3, 3, 0, 3, 0, 0, 3, 1, 0, 3, 3, 3, 1, 1, 3, 3, 3, 0, 1, 3, 3, 3, 3, 3, 1, 3, 3, 0, 3, 3, 1, 3]"
1360,SP1,2016,Barcelona,"[3, 3, 0, 3, 1, 3, 0, 3, 3, 3, 3, 1, 1, 1, 3, 3, 1, 3, 3, 1, 3, 3, 3, 3, 3, 3, 0, 3, 3, 3, 0, 3, 3, 3, 3, 3, 3, 3]"
1361,SP1,2016,Betis,"[0, 1, 3, 1, 0, 3, 0, 0, 3, 0, 0, 3, 0, 1, 3, 0, 3, 0, 1, 1, 1, 0, 0, 3, 0, 1, 0, 3, 0, 0, 0, 3, 3, 0, 0, 0, 1, 1]"
1362,SP1,2016,Celta,"[0, 0, 0, 1, 3, 3, 3, 0, 3, 1, 3, 0, 3, 1, 0, 0, 3, 3, 0, 3, 0, 3, 1, 1, 0, 0, 3, 3, 0, 0, 3, 0, 0, 0, 0, 0, 0, 1]"
1363,SP1,2016,Eibar,"[0, 3, 3, 1, 0, 3, 1, 0, 1, 3, 0, 3, 3, 0, 1, 1, 0, 3, 0, 3, 3, 3, 0, 3, 1, 0, 1, 1, 3, 3, 3, 0, 0, 1, 3, 0, 0, 0]"
1364,SP1,2016,Espanol,"[0, 1, 1, 0, 3, 0, 1, 1, 1, 3, 1, 3, 3, 1, 3, 0, 1, 0, 3, 3, 3, 0, 0, 3, 1, 0, 3, 1, 3, 0, 3, 3, 0, 1, 0, 3, 0, 3]"
1365,SP1,2016,Granada,"[1, 0, 0, 1, 0, 0, 0, 0, 1, 0, 1, 1, 0, 3, 1, 0, 0, 1, 0, 0, 3, 0, 3, 0, 3, 0, 0, 0, 0, 1, 0, 0, 0, 0, 0, 0, 0, 0]"
1366,SP1,2016,La Coruna,"[3, 1, 0, 1, 0, 0, 3, 0, 0, 1, 1, 0, 0, 3, 0, 3, 1, 1, 1, 0, 0, 0, 0, 1, 3, 1, 3, 0, 0, 1, 0, 3, 0, 0, 1, 0, 1, 3]"
1367,SP1,2016,Las Palmas,"[3, 3, 0, 3, 0, 1, 1, 1, 0, 1, 3, 0, 3, 1, 1, 0, 3, 0, 1, 3, 0, 0, 0, 0, 1, 3, 0, 3, 0, 0, 3, 0, 1, 0, 0, 0, 0, 0]"
1368,SP1,2016,Leganes,"[3, 1, 0, 0, 3, 0, 3, 0, 0, 0, 0, 3, 0, 1, 1, 1, 0, 1, 1, 0, 0, 0, 0, 3, 0, 3, 1, 1, 1, 0, 0, 0, 0, 3, 0, 3, 1, 1]"
1369,SP1,2016,Malaga,"[1, 1, 0, 0, 3, 0, 3, 1, 3, 0, 3, 1, 3, 1, 1, 0, 0, 0, 0, 1, 0, 1, 3, 0, 0, 0, 0, 1, 0, 3, 3, 0, 3, 3, 3, 3, 1, 0]"
1370,SP1,2016,Osasuna,"[1, 0, 0, 1, 0, 0, 1, 3, 0, 1, 0, 0, 0, 0, 0, 0, 1, 1, 0, 1, 0, 0, 0, 0, 0, 0, 1, 0, 0, 3, 3, 0, 1, 0, 1, 0, 3, 0]"
1371,SP1,2016,Real Madrid,"[3, 3, 3, 3, 1, 1, 1, 3, 3, 3, 3, 3, 3, 1, 3, 3, 0, 3, 3, 3, 3, 0, 3, 1, 3, 3, 3, 3, 3, 1, 3, 0, 3, 3, 3, 3, 3, 3]"
1372,SP1,2016,Sevilla,"[3, 1, 3, 1, 3, 0, 3, 3, 3, 1, 0, 3, 3, 0, 3, 3, 3, 3, 3, 0, 1, 3, 3, 3, 3, 1, 1, 0, 1, 0, 3, 1, 3, 3, 0, 1, 0, 3]"
1373,SP1,2016,Sociedad,"[0, 3, 1, 0, 3, 0, 3, 0, 3, 3, 3, 3, 1, 0, 3, 3, 0, 3, 3, 0, 3, 3, 0, 3, 1, 3, 0, 0, 1, 0, 3, 0, 3, 3, 3, 1, 1, 1]"
1374,SP1,2016,Sp Gijon,"[3, 1, 3, 0, 0, 0, 0, 0, 1, 1, 0, 0, 0, 3, 0, 0, 0, 0, 1, 0, 0, 3, 0, 1, 0, 0, 1, 3, 1, 0, 0, 0, 1, 1, 0, 3, 3, 1]"
1375,SP1,2016,Valencia,"[0, 0, 0, 0, 3, 3, 0, 3, 0, 1, 0, 1, 0, 1, 0, 1, 3, 3, 0, 0, 1, 3, 3, 0, 3, 0, 1, 0, 3, 3, 3, 1, 0, 0, 0, 3, 3, 0]"
1376,SP1,2016,Villarreal,"[1, 1, 3, 3, 1, 3, 1, 3, 3, 0, 3, 0, 0, 1, 3, 3, 1, 1, 0, 3, 1, 1, 3, 0, 3, 3, 3, 0, 0, 3, 3, 0, 3, 3, 3, 0, 1, 3]"
1377,SP1,2017,Alaves,"[0, 0, 0, 0, 0, 0, 3, 0, 0, 0, 3, 0, 0, 3, 3, 0, 3, 0, 3, 1, 0, 3, 3, 3, 0, 3, 0, 0, 0, 1, 3, 3, 0, 3, 0, 3, 3, 0]"
1378,SP1,2017,Ath Bilbao,"[1, 3, 3, 0, 0, 1, 0, 3, 0, 0, 0, 1, 1, 1, 3, 1, 3, 3, 1, 1, 1, 0, 1, 0, 3, 1, 0, 3, 0, 1, 3, 0, 1, 0, 0, 3, 0, 0]"
1379,SP1,2017,Ath Madrid,"[1, 3, 1, 3, 3, 3, 1, 1, 3, 1, 3, 1, 3, 3, 3, 3, 0, 3, 3, 1, 3, 3, 3, 3, 3, 3, 0, 3, 0, 3, 1, 3, 0, 1, 3, 0, 3, 1]"
1380,SP1,2017,Barcelona,"[3, 3, 3, 3, 3, 3, 3, 1, 3, 3, 3, 3, 1, 1, 3, 3, 3, 3, 3, 3, 3, 1, 1, 3, 3, 1, 3, 3, 3, 1, 3, 3, 1, 3, 1, 3, 0, 3]"
1381,SP1,2017,Betis,"[0, 3, 0, 3, 3, 3, 1, 0, 3, 0, 1, 0, 1, 0, 0, 3, 0, 3, 3, 0, 0, 3, 3, 0, 3, 1, 0, 3, 3, 3, 3, 3, 3, 1, 3, 0, 1, 0]"
1382,SP1,2017,Celta,"[0, 0, 3, 0, 1, 3, 1, 3, 0, 0, 3, 0, 3, 1, 0, 0, 3, 1, 3, 3, 3, 0, 1, 0, 3, 0, 3, 0, 1, 1, 3, 0, 1, 1, 0, 1, 0, 3]"
1383,SP1,2017,Eibar,"[3, 0, 0, 3, 0, 0, 0, 1, 0, 1, 0, 3, 3, 3, 1, 3, 3, 3, 0, 1, 1, 3, 3, 0, 0, 3, 1, 0, 0, 1, 0, 0, 3, 0, 1, 3, 3, 1]"
1384,SP1,2017,Espanol,"[1, 0, 0, 3, 1, 3, 0, 1, 1, 3, 0, 0, 3, 0, 0, 1, 3, 3, 1, 0, 0, 1, 1, 1, 1, 3, 1, 3, 0, 1, 0, 0, 0, 3, 1, 3, 3, 3]"
1385,SP1,2017,Getafe,"[1, 0, 3, 0, 1, 3, 0, 0, 1, 3, 1, 3, 0, 3, 1, 0, 3, 0, 3, 1, 1, 1, 1, 3, 0, 3, 0, 0, 3, 0, 0, 3, 3, 3, 1, 3, 0, 3]"
1386,SP1,2017,Girona,"[1, 3, 0, 0, 1, 0, 1, 0, 3, 3, 3, 1, 1, 0, 3, 3, 0, 0, 3, 1, 1, 3, 0, 3, 0, 3, 3, 3, 0, 1, 0, 0, 3, 0, 1, 0, 0, 3]"
1387,SP1,2017,La Coruna,"[0, 1, 0, 0, 3, 0, 3, 1, 0, 3, 0, 0, 1, 0, 3, 0, 0, 1, 0, 0, 1, 0, 0, 0, 1, 0, 1, 0, 1, 0, 3, 3, 1, 1, 0, 1, 0, 0]"
1388,SP1,2017,Las Palmas,"[0, 0, 3, 3, 0, 0, 0, 0, 0, 0, 0, 0, 1, 3, 0, 1, 0, 0, 0, 3, 0, 3, 1, 0, 1, 1, 0, 0, 1, 0, 0, 0, 0, 0, 1, 0, 0, 0]"
1389,SP1,2017,Leganes,"[3, 3, 0, 0, 1, 3, 1, 3, 3, 0, 0, 0, 0, 3, 0, 1, 3, 0, 1, 3, 1, 0, 0, 0, 1, 0, 3, 0, 3, 0, 0, 3, 0, 1, 0, 0, 0, 3]"
1390,SP1,2017,Levante,"[3, 1, 1, 1, 3, 0, 0, 1, 1, 1, 0, 3, 0, 1, 0, 1, 1, 0, 0, 0, 1, 1, 0, 0, 0, 0, 1, 3, 3, 1, 3, 0, 3, 3, 3, 3, 3, 0]"
1391,SP1,2017,Malaga,"[0, 0, 0, 0, 0, 1, 0, 0, 0, 3, 0, 3, 0, 1, 3, 0, 0, 0, 0, 1, 1, 0, 0, 0, 0, 0, 0, 0, 1, 3, 0, 0, 0, 3, 0, 0, 0, 0]"
1392,SP1,2017,Real Madrid,"[3, 1, 1, 3, 0, 3, 3, 3, 3, 0, 3, 1, 3, 1, 3, 0, 1, 0, 3, 3, 1, 3, 3, 3, 3, 0, 3, 3, 3, 3, 1, 3, 1, 3, 1, 0, 3, 1]"
1393,SP1,2017,Sevilla,"[1, 3, 3, 3, 3, 0, 3, 0, 0, 3, 0, 3, 3, 3, 0, 1, 0, 0, 0, 3, 1, 0, 3, 3, 0, 3, 3, 0, 0, 1, 0, 1, 1, 0, 3, 3, 1, 3]"
1394,SP1,2017,Sociedad,"[3, 3, 3, 0, 0, 0, 1, 3, 1, 0, 3, 1, 1, 0, 0, 1, 3, 0, 0, 0, 0, 3, 0, 3, 0, 1, 3, 0, 0, 1, 3, 3, 3, 0, 3, 0, 3, 0]"
1395,SP1,2017,Valencia,"[3, 1, 1, 1, 3, 3, 3, 3, 3, 3, 3, 3, 1, 0, 3, 0, 0, 3, 3, 0, 0, 0, 3, 3, 3, 1, 3, 3, 3, 3, 3, 0, 0, 1, 1, 0, 3, 3]"
1396,SP1,2017,Villarreal,"[0, 0, 3, 3, 1, 0, 3, 3, 3, 1, 3, 1, 0, 0, 0, 3, 3, 1, 3, 3, 3, 0, 0, 1, 3, 0, 0, 3, 3, 0, 0, 1, 3, 3, 3, 0, 3, 1]"
1397,SP1,2018,Alaves,"[0, 1, 3, 3, 3, 1, 0, 3, 3, 3, 0, 3, 0, 1, 0, 1, 3, 3, 1, 0, 0, 0, 3, 1, 1, 3, 1, 3, 0, 0, 1, 0, 1, 0, 1, 0, 0, 3]"
1398,SP1,2018,Ath Bilbao,"[3, 1, 1, 1, 0, 1, 0, 1, 1, 1, 0, 0, 1, 0, 3, 1, 1, 3, 3, 1, 3, 0, 1, 3, 3, 0, 1, 3, 3, 3, 0, 3, 0, 3, 1, 0, 3, 0]"
1399,SP1,2018,Ath Madrid,"[1, 3, 0, 1, 3, 3, 1, 3, 1, 3, 1, 3, 1, 1, 3, 3, 3, 1, 3, 3, 3, 0, 0, 3, 3, 3, 3, 0, 3, 3, 0, 3, 3, 3, 3, 0, 1, 1]"
1400,SP1,2018,Barcelona,"[3, 3, 3, 3, 1, 0, 1, 1, 3, 3, 3, 0, 1, 3, 3, 3, 3, 3, 3, 3, 3, 1, 1, 3, 3, 3, 3, 3, 3, 1, 3, 1, 3, 3, 3, 0, 3, 1]"
1401,SP1,2018,Betis,"[0, 1, 3, 1, 1, 3, 3, 0, 0, 0, 1, 3, 0, 3, 3, 3, 1, 0, 0, 3, 0, 3, 0, 1, 3, 0, 3, 0, 1, 0, 3, 0, 0, 0, 1, 0, 3, 3]"
1402,SP1,2018,Celta,"[1, 3, 3, 0, 1, 1, 1, 0, 0, 3, 1, 0, 0, 3, 3, 1, 0, 0, 0, 0, 0, 3, 0, 0, 1, 0, 0, 0, 3, 1, 3, 0, 3, 1, 1, 3, 0, 1]"
1403,SP1,2018,Eibar,"[0, 0, 3, 1, 3, 0, 0, 3, 1, 0, 3, 1, 3, 0, 1, 1, 1, 1, 0, 3, 1, 3, 1, 1, 0, 3, 1, 0, 1, 3, 0, 1, 0, 0, 3, 3, 0, 1]"
1404,SP1,2018,Espanol,"[1, 3, 0, 3, 0, 3, 1, 3, 3, 1, 3, 0, 0, 0, 0, 0, 0, 3, 0, 0, 0, 1, 3, 1, 1, 3, 1, 0, 0, 1, 3, 3, 1, 1, 1, 3, 3, 3]"
1405,SP1,2018,Getafe,"[0, 3, 1, 3, 0, 1, 1, 0, 3, 3, 1, 0, 1, 3, 1, 3, 1, 0, 3, 3, 0, 1, 3, 1, 3, 3, 3, 1, 0, 1, 3, 1, 3, 1, 0, 3, 0, 1]"
1406,SP1,2018,Girona,"[1, 0, 3, 3, 1, 0, 1, 0, 1, 3, 3, 1, 3, 1, 0, 0, 1, 1, 1, 0, 0, 0, 0, 3, 1, 3, 0, 3, 0, 0, 0, 0, 0, 0, 3, 0, 0, 0]"
1407,SP1,2018,Huesca,"[3, 1, 0, 0, 0, 0, 1, 0, 0, 0, 1, 0, 1, 0, 0, 1, 0, 3, 0, 0, 1, 3, 3, 0, 1, 3, 0, 0, 0, 1, 1, 1, 1, 3, 1, 0, 0, 3]"
1408,SP1,2018,Leganes,"[0, 1, 0, 0, 0, 3, 0, 3, 1, 0, 1, 1, 3, 3, 1, 1, 1, 0, 3, 0, 1, 3, 3, 0, 1, 3, 0, 0, 3, 3, 1, 1, 0, 0, 1, 3, 0, 0]"
1409,SP1,2018,Levante,"[3, 0, 1, 0, 0, 0, 3, 3, 3, 3, 1, 0, 1, 3, 1, 0, 0, 1, 0, 3, 0, 1, 0, 3, 0, 0, 0, 1, 1, 0, 1, 0, 1, 3, 0, 3, 3, 1]"
1410,SP1,2018,Real Madrid,"[3, 3, 3, 1, 3, 0, 1, 0, 0, 0, 3, 3, 0, 3, 3, 3, 1, 0, 3, 3, 3, 3, 3, 0, 3, 0, 3, 3, 3, 0, 3, 1, 3, 1, 0, 3, 0, 0]"
1411,SP1,2018,Sevilla,"[3, 1, 0, 0, 3, 3, 3, 3, 0, 3, 1, 3, 3, 1, 1, 3, 1, 1, 0, 0, 3, 0, 1, 0, 0, 0, 3, 3, 0, 3, 3, 3, 0, 3, 0, 0, 1, 3]"
1412,SP1,2018,Sociedad,"[3, 1, 0, 0, 3, 1, 0, 3, 1, 0, 1, 3, 3, 0, 0, 0, 0, 3, 3, 1, 1, 3, 1, 3, 1, 0, 0, 1, 1, 3, 0, 1, 0, 0, 3, 3, 3, 0]"
1413,SP1,2018,Valencia,"[1, 0, 1, 1, 1, 1, 3, 1, 1, 1, 0, 3, 3, 0, 1, 1, 3, 0, 1, 3, 3, 1, 1, 1, 1, 3, 3, 1, 3, 3, 0, 3, 3, 0, 0, 3, 3, 3]"
1414,SP1,2018,Valladolid,"[1, 0, 1, 0, 1, 3, 3, 3, 3, 1, 0, 1, 0, 0, 3, 0, 1, 0, 1, 0, 3, 0, 1, 0, 0, 0, 0, 3, 1, 0, 0, 1, 1, 3, 0, 3, 3, 0]"
1415,SP1,2018,Vallecano,"[0, 0, 3, 0, 1, 1, 0, 0, 1, 0, 0, 1, 0, 3, 0, 0, 3, 3, 3, 1, 3, 0, 0, 0, 0, 0, 0, 0, 1, 0, 3, 0, 1, 0, 3, 0, 0, 1]"
1416,SP1,2018,Villarreal,"[0, 1, 0, 3, 1, 3, 0, 0, 1, 0, 1, 1, 3, 0, 0, 1, 1, 1, 0, 1, 0, 1, 1, 3, 0, 0, 3, 3, 0, 1, 0, 3, 3, 3, 1, 0, 3, 1]"
1417,SP1,2019,Alaves,"[3, 1, 1, 0, 0, 0, 3, 0, 3, 0, 1, 0, 3, 3, 0, 0, 1, 0, 1, 3, 0, 1, 3, 0, 3, 1, 1, 0, 3, 0, 0, 0]"
1418,SP1,2019,Ath Bilbao,"[3, 1, 3, 1, 3, 1, 0, 0, 1, 0, 3, 1, 3, 3, 3, 0, 1, 1, 1, 1, 1, 0, 0, 0, 0, 3, 3, 1, 1, 3, 0, 3]"
1419,SP1,2019,Ath Madrid,"[3, 3, 3, 0, 1, 3, 1, 1, 1, 3, 1, 1, 3, 1, 0, 1, 3, 3, 3, 0, 1, 0, 3, 1, 3, 1, 1, 1, 3, 3, 3, 3, 1]"
1420,SP1,2019,Barcelona,"[0, 3, 1, 3, 0, 3, 3, 3, 3, 3, 0, 3, 3, 3, 3, 1, 1, 3, 1, 3, 0, 3, 3, 3, 3, 0, 3, 3, 3, 1, 3, 1, 1]"
1421,SP1,2019,Betis,"[0, 0, 3, 1, 1, 3, 0, 1, 0, 0, 3, 1, 0, 3, 3, 3, 1, 0, 1, 3, 0, 1, 0, 1, 1, 0, 3, 0, 1, 0, 3, 0]"
1422,SP1,2019,Celta,"[0, 3, 1, 0, 1, 1, 0, 3, 0, 0, 0, 0, 0, 3, 1, 0, 1, 0, 1, 1, 1, 0, 3, 1, 3, 1, 1, 0, 1, 3, 3, 1, 0]"
1423,SP1,2019,Eibar,"[0, 1, 0, 0, 1, 3, 3, 1, 0, 0, 3, 3, 0, 0, 0, 0, 1, 3, 0, 3, 1, 1, 0, 0, 3, 0, 0, 0, 1, 1, 3, 3]"
1424,SP1,2019,Espanol,"[0, 1, 0, 3, 0, 1, 0, 0, 0, 3, 0, 0, 0, 1, 0, 0, 1, 0, 1, 3, 1, 0, 3, 1, 0, 1, 0, 3, 1, 0, 0, 0]"
1425,SP1,2019,Getafe,"[0, 1, 1, 1, 3, 1, 0, 3, 3, 0, 3, 3, 1, 1, 3, 3, 3, 0, 0, 3, 3, 3, 3, 0, 0, 3, 1, 0, 1, 1, 1, 3]"
1426,SP1,2019,Granada,"[1, 0, 3, 3, 3, 1, 3, 0, 3, 3, 0, 0, 0, 1, 0, 3, 0, 0, 3, 0, 0, 3, 0, 3, 3, 1, 1, 3, 1, 0, 1, 0]"
1427,SP1,2019,Leganes,"[0, 0, 0, 0, 1, 1, 0, 0, 0, 3, 0, 0, 1, 0, 0, 3, 1, 3, 1, 0, 1, 3, 0, 1, 0, 1, 3, 0, 0, 1, 1, 0, 0]"
1428,SP1,2019,Levante,"[0, 3, 3, 0, 1, 0, 1, 3, 0, 0, 3, 3, 0, 3, 0, 0, 3, 3, 0, 0, 0, 0, 3, 0, 3, 0, 1, 1, 1, 3, 0, 3]"
1429,SP1,2019,Mallorca,"[3, 0, 0, 1, 0, 0, 0, 3, 3, 0, 1, 0, 3, 0, 0, 0, 1, 0, 0, 3, 0, 0, 0, 3, 1, 0, 3, 0, 0, 1, 0, 0, 3]"
1430,SP1,2019,Osasuna,"[3, 1, 1, 1, 1, 0, 1, 3, 0, 3, 1, 3, 1, 0, 3, 1, 0, 0, 1, 1, 3, 0, 0, 3, 0, 0, 3, 1, 0, 0, 3, 3]"
1431,SP1,2019,Real Madrid,"[3, 1, 1, 3, 3, 3, 1, 3, 0, 3, 1, 3, 3, 3, 3, 1, 1, 1, 3, 3, 3, 3, 3, 1, 0, 3, 0, 3, 3, 3, 3, 3]"
1432,SP1,2019,Sevilla,"[3, 3, 1, 3, 0, 0, 3, 0, 3, 3, 1, 1, 3, 3, 3, 1, 0, 3, 1, 0, 3, 1, 0, 1, 3, 3, 1, 3, 1, 1, 1, 1, 3]"
1433,SP1,2019,Sociedad,"[1, 3, 0, 3, 3, 3, 0, 0, 3, 3, 0, 3, 1, 0, 3, 1, 1, 3, 0, 0, 3, 0, 3, 3, 3, 0, 3, 1, 0, 0, 0, 0]"
1434,SP1,2019,Valencia,"[1, 0, 3, 0, 1, 1, 3, 3, 1, 0, 1, 3, 3, 0, 3, 3, 1, 1, 3, 0, 3, 3, 0, 1, 0, 3, 1, 1, 0, 3, 0, 0]"
1435,SP1,2019,Valladolid,"[3, 1, 0, 1, 0, 1, 3, 1, 1, 3, 0, 3, 0, 0, 1, 1, 0, 1, 1, 1, 0, 3, 1, 0, 3, 0, 0, 3, 1, 0, 1, 1]"
1436,SP1,2019,Villarreal,"[1, 0, 1, 3, 3, 0, 3, 0, 3, 3, 0, 1, 0, 0, 0, 1, 3, 3, 3, 0, 3, 3, 1, 3, 0, 0, 0, 3, 3, 3, 1, 3]"
1437,SP1,2020,Alaves,"[0, 0, 0, 1, 3, 0, 0, 0, 1, 0, 3, 0, 3, 1, 1, 1, 3, 1, 0, 0, 3, 1, 0, 0, 0, 0, 1, 3, 0, 0, 0, 0, 1, 0, 0, 1, 3, 3, 1, 0, 1, 3, 3, 0]"
1438,SP1,2020,Ath Bilbao,"[3, 0, 0, 3, 0, 0, 0, 3, 0, 0, 3, 0, 3, 0, 3, 1, 0, 1, 0, 3, 1, 0, 3, 0, 3, 0, 1, 3, 1, 1, 3, 0, 1, 1, 1, 1, 1, 3, 1, 3, 1, 0, 0, 0]"
1439,SP1,2020,Ath Madrid,"[3, 1, 3, 3, 1, 3, 1, 1, 3, 3, 3, 3, 3, 3, 3, 0, 3, 3, 3, 3, 3, 3, 3, 3, 1, 3, 1, 0, 3, 1, 3, 1, 3, 0, 1, 3, 3, 0, 3, 1, 3, 3, 3]"
1440,SP1,2020,Barcelona,"[3, 3, 3, 0, 3, 3, 3, 1, 0, 0, 1, 3, 0, 3, 0, 3, 3, 1, 3, 1, 3, 3, 3, 3, 3, 3, 3, 1, 3, 3, 3, 3, 3, 3, 0, 3, 3, 0, 3, 1, 1, 0, 3]"
1441,SP1,2020,Betis,"[0, 1, 3, 0, 0, 0, 3, 3, 0, 0, 3, 0, 0, 3, 0, 0, 0, 3, 1, 0, 3, 0, 1, 3, 3, 1, 3, 0, 3, 3, 3, 3, 0, 3, 1, 1, 1, 1, 1, 1, 3, 1, 3, 3]"
1442,SP1,2020,Cadiz,"[0, 3, 0, 3, 1, 3, 1, 3, 0, 0, 1, 3, 0, 0, 0, 1, 1, 3, 1, 0, 0, 0, 0, 1, 0, 3, 1, 0, 3, 3, 1, 0, 1, 3, 3, 0, 0, 1]"
1443,SP1,2020,Celta,"[1, 1, 0, 0, 1, 1, 3, 1, 0, 0, 0, 1, 0, 1, 0, 3, 3, 3, 3, 1, 3, 0, 0, 0, 1, 1, 1, 3, 0, 1, 3, 1, 0, 3, 0, 1, 0, 3, 3, 3, 3, 3, 0]"
1444,SP1,2020,Eibar,"[0, 0, 1, 3, 3, 0, 1, 0, 0, 0, 3, 1, 3, 0, 1, 1, 3, 1, 1, 0, 0, 1, 3, 0, 0, 1, 0, 0, 1, 0, 1, 0, 0, 1, 0, 0, 0, 0, 0, 3, 3, 1, 0, 0]"
1445,SP1,2020,Elche,"[0, 3, 1, 3, 3, 0, 1, 1, 1, 1, 0, 0, 1, 1, 0, 0, 1, 0, 0, 1, 0, 3, 0, 0, 3, 0, 0, 1, 1, 0, 0, 1, 3, 0, 0, 0, 3, 3]"
1446,SP1,2020,Espanol,"[0, 0, 0, 0, 0, 1]"
1447,SP1,2020,Getafe,"[0, 1, 0, 1, 0, 0, 3, 1, 3, 0, 3, 0, 1, 0, 1, 1, 0, 0, 3, 1, 0, 0, 3, 3, 0, 1, 0, 0, 0, 0, 3, 0, 1, 1, 1, 0, 1, 0, 3, 0, 0, 0, 3, 1]"
1448,SP1,2020,Granada,"[3, 1, 3, 0, 3, 3, 3, 3, 0, 1, 3, 3, 1, 0, 0, 0, 1, 3, 3, 0, 3, 0, 0, 3, 1, 0, 1, 1, 0, 0, 3, 0, 3, 0, 0, 3, 3, 0, 3, 0, 0, 0, 0, 1]"
1449,SP1,2020,Huesca,"[1, 0, 1, 1, 1, 1, 0, 0, 1, 1, 0, 1, 3, 0, 1, 0, 0, 0, 0, 1, 3, 0, 0, 3, 1, 0, 0, 1, 3, 3, 0, 0, 0, 3, 0, 3, 0, 1]"
1450,SP1,2020,Leganes,"[3, 1, 3, 3, 1]"
1451,SP1,2020,Levante,"[1, 1, 0, 0, 3, 3, 0, 3, 0, 0, 0, 1, 1, 1, 1, 1, 3, 0, 3, 1, 3, 0, 3, 1, 1, 3, 1, 0, 1, 3, 1, 0, 3, 0, 0, 3, 0, 0, 0, 0, 1, 1, 0, 1]"
1452,SP1,2020,Mallorca,"[0, 3, 0, 0, 1]"
1453,SP1,2020,Osasuna,"[3, 1, 0, 3, 3, 1, 3, 0, 0, 3, 1, 3, 0, 0, 1, 0, 0, 0, 0, 1, 1, 1, 1, 0, 1, 3, 0, 3, 3, 0, 3, 0, 1, 1, 1, 3, 3, 3, 0, 0, 1, 3, 0, 0]"
1454,SP1,2020,Real Madrid,"[3, 3, 3, 3, 3, 1, 1, 3, 3, 3, 0, 3, 3, 0, 1, 0, 3, 3, 3, 3, 3, 1, 3, 1, 3, 0, 3, 3, 3, 3, 1, 1, 3, 3, 3, 3, 1, 3, 1, 3, 1, 3, 3, 3]"
1455,SP1,2020,Sevilla,"[3, 3, 3, 1, 3, 3, 3, 1, 0, 0, 0, 3, 3, 3, 0, 3, 1, 3, 3, 1, 3, 0, 3, 3, 3, 3, 3, 3, 0, 0, 3, 3, 1, 3, 3, 3, 3, 3, 0, 1, 3, 0, 3]"
1456,SP1,2020,Sociedad,"[3, 1, 0, 3, 1, 1, 1, 1, 3, 0, 3, 3, 3, 3, 3, 3, 1, 1, 1, 0, 0, 0, 3, 1, 0, 1, 1, 3, 3, 3, 1, 3, 0, 0, 1, 1, 0, 3, 3, 0, 3, 0, 3, 3]"
1457,SP1,2020,Valencia,"[0, 1, 3, 0, 3, 0, 3, 0, 1, 3, 0, 0, 0, 1, 3, 1, 0, 1, 1, 1, 0, 0, 1, 3, 1, 0, 3, 1, 0, 3, 0, 3, 0, 3, 0, 1, 1, 0, 1, 0, 3, 0, 3, 1]"
1458,SP1,2020,Valladolid,"[1, 3, 0, 0, 0, 3, 1, 0, 1, 0, 0, 1, 0, 0, 3, 3, 1, 0, 3, 1, 0, 1, 3, 0, 1, 1, 0, 0, 1, 0, 1, 3, 1, 1, 0, 0, 1, 1, 1, 1, 0, 0, 0, 0]"
1459,SP1,2020,Villarreal,"[3, 0, 3, 0, 0, 3, 1, 3, 0, 3, 1, 3, 1, 3, 3, 1, 1, 1, 1, 3, 1, 0, 3, 3, 1, 1, 1, 1, 0, 1, 0, 0, 3, 3, 3, 0, 3, 0, 0, 3, 0, 3, 3, 0]"
1460,SP1,2021,Alaves,"[0, 0, 0, 0, 0, 3, 0, 0, 3, 3, 1, 3, 1, 0, 0, 1, 0, 0, 1, 1, 0, 0, 0, 3, 0, 1, 1, 0, 0, 0, 0, 3, 0, 3, 0, 3, 0, 0]"
1461,SP1,2021,Ath Bilbao,"[1, 1, 3, 3, 1, 0, 1, 3, 3, 1, 1, 0, 1, 1, 0, 1, 0, 3, 0, 3, 1, 3, 3, 0, 3, 0, 3, 0, 1, 3, 1, 0, 3, 3, 1, 0, 3, 0]"
1462,SP1,2021,Ath Madrid,"[3, 3, 1, 3, 1, 3, 0, 3, 1, 1, 3, 1, 3, 3, 0, 0, 0, 0, 3, 1, 3, 0, 3, 0, 3, 3, 3, 3, 3, 3, 0, 3, 1, 0, 3, 3, 1, 3]"
1463,SP1,2021,Barcelona,"[3, 1, 3, 1, 1, 3, 0, 3, 0, 0, 1, 1, 3, 3, 0, 1, 3, 1, 3, 1, 3, 3, 1, 3, 3, 3, 3, 3, 3, 3, 0, 3, 0, 3, 3, 3, 1, 0]"
1464,SP1,2021,Betis,"[1, 1, 0, 3, 1, 3, 3, 0, 3, 3, 3, 0, 0, 3, 3, 3, 3, 0, 0, 1, 3, 3, 0, 3, 3, 0, 0, 3, 1, 3, 3, 1, 0, 1, 0, 3, 3, 1]"
1465,SP1,2021,Cadiz,"[1, 1, 0, 0, 3, 1, 0, 1, 0, 0, 1, 1, 3, 0, 0, 0, 1, 1, 0, 0, 1, 3, 0, 1, 1, 1, 3, 0, 3, 1, 0, 3, 0, 1, 3, 0, 1, 3]"
1466,SP1,2021,Celta,"[0, 1, 0, 0, 0, 3, 3, 0, 0, 3, 0, 1, 1, 1, 3, 0, 1, 3, 3, 0, 3, 1, 3, 1, 1, 0, 3, 0, 1, 0, 0, 3, 0, 1, 3, 0, 3, 0]"
1467,SP1,2021,Elche,"[1, 0, 1, 3, 1, 0, 0, 3, 0, 1, 0, 0, 1, 0, 1, 3, 0, 0, 1, 3, 3, 1, 3, 0, 3, 0, 0, 3, 0, 0, 0, 3, 3, 1, 0, 0, 0, 3]"
1468,SP1,2021,Espanol,"[1, 1, 0, 0, 1, 3, 0, 3, 3, 1, 1, 0, 3, 0, 3, 0, 3, 0, 3, 0, 1, 0, 0, 1, 1, 0, 3, 1, 3, 0, 3, 0, 0, 0, 1, 0, 1, 1]"
1469,SP1,2021,Getafe,"[0, 0, 0, 0, 0, 0, 0, 1, 1, 0, 1, 3, 0, 3, 1, 1, 1, 3, 3, 0, 3, 1, 3, 0, 1, 1, 0, 1, 1, 3, 0, 0, 3, 1, 1, 1, 1, 0]"
1470,SP1,2021,Granada,"[1, 1, 0, 0, 1, 0, 0, 3, 1, 1, 3, 0, 0, 1, 3, 1, 3, 3, 1, 1, 0, 0, 0, 0, 0, 1, 0, 0, 3, 1, 0, 0, 1, 1, 3, 3, 0, 1]"
1471,SP1,2021,Levante,"[1, 1, 0, 1, 1, 0, 0, 0, 1, 0, 1, 0, 0, 1, 0, 1, 0, 0, 0, 3, 0, 0, 0, 3, 1, 3, 0, 1, 0, 3, 0, 3, 0, 1, 3, 0, 3, 3]"
1472,SP1,2021,Mallorca,"[1, 3, 3, 0, 1, 0, 0, 3, 0, 1, 1, 1, 1, 0, 1, 3, 1, 0, 0, 0, 0, 3, 3, 0, 0, 0, 0, 0, 0, 0, 3, 0, 3, 0, 0, 1, 3, 3]"
1473,SP1,2021,Osasuna,"[1, 1, 3, 0, 3, 0, 3, 3, 3, 1, 1, 0, 0, 0, 1, 1, 1, 0, 0, 3, 0, 3, 1, 3, 0, 0, 3, 0, 3, 0, 3, 3, 0, 1, 1, 1, 0, 0]"
1474,SP1,2021,Real Madrid,"[3, 1, 3, 3, 3, 3, 1, 0, 3, 1, 3, 3, 3, 3, 3, 3, 3, 1, 3, 0, 3, 1, 3, 1, 3, 3, 3, 3, 0, 3, 3, 3, 3, 3, 0, 3, 1, 1]"
1475,SP1,2021,Sevilla,"[3, 3, 1, 1, 3, 3, 0, 3, 3, 1, 3, 3, 1, 0, 3, 3, 3, 1, 3, 3, 1, 1, 1, 3, 1, 3, 1, 1, 1, 0, 3, 0, 3, 1, 1, 1, 1, 3]"
1476,SP1,2021,Sociedad,"[0, 3, 3, 3, 1, 3, 3, 1, 3, 1, 3, 1, 3, 1, 0, 0, 0, 0, 1, 3, 1, 1, 3, 0, 3, 3, 0, 3, 1, 3, 3, 1, 0, 1, 0, 3, 3, 0]"
1477,SP1,2021,Valencia,"[3, 1, 3, 3, 0, 0, 1, 1, 0, 1, 0, 3, 1, 1, 1, 3, 3, 3, 0, 0, 1, 0, 1, 0, 0, 3, 3, 1, 3, 1, 1, 0, 0, 1, 1, 0, 1, 3]"
1478,SP1,2021,Vallecano,"[0, 0, 3, 1, 3, 3, 3, 0, 3, 0, 3, 1, 0, 3, 1, 3, 0, 3, 0, 1, 0, 0, 0, 0, 0, 0, 1, 0, 1, 1, 0, 3, 3, 1, 1, 0, 0, 0]"
1479,SP1,2021,Villarreal,"[1, 1, 1, 1, 3, 1, 3, 0, 0, 1, 0, 3, 1, 0, 0, 3, 3, 3, 3, 1, 0, 3, 3, 1, 3, 3, 0, 3, 0, 0, 1, 3, 3, 0, 1, 3, 0, 3]"
1480,SP1,2022,Almeria,"[0, 1, 3, 0, 0, 0, 0, 3, 0, 3, 0, 3, 0, 3, 1, 0, 1, 1, 3, 0, 0, 0, 3, 0, 0, 1, 1, 3, 0, 0, 3, 0, 3, 0, 3, 0, 1, 1]"
1481,SP1,2022,Ath Bilbao,"[1, 3, 3, 0, 3, 3, 3, 1, 0, 1, 0, 3, 0, 3, 1, 1, 0, 0, 0, 3, 3, 0, 0, 1, 0, 3, 1, 3, 3, 3, 0, 1, 0, 0, 3, 0, 0, 1]"
1482,SP1,2022,Ath Madrid,"[3, 0, 3, 1, 3, 0, 3, 3, 3, 1, 3, 0, 1, 0, 3, 0, 1, 3, 3, 1, 3, 3, 1, 3, 3, 3, 3, 3, 3, 0, 3, 3, 3, 0, 3, 1, 3, 1]"
1483,SP1,2022,Barcelona,"[1, 3, 3, 3, 3, 3, 3, 3, 0, 3, 3, 3, 3, 3, 1, 3, 3, 3, 3, 3, 3, 3, 0, 3, 3, 3, 3, 1, 1, 3, 0, 3, 3, 3, 0, 0, 3, 0]"
1484,SP1,2022,Betis,"[3, 3, 3, 0, 3, 3, 0, 1, 3, 1, 0, 3, 1, 0, 1, 3, 0, 3, 0, 0, 3, 3, 3, 1, 1, 3, 0, 0, 3, 0, 1, 0, 3, 3, 1, 0, 3, 1]"
1485,SP1,2022,Cadiz,"[0, 0, 0, 0, 0, 3, 1, 1, 1, 1, 0, 3, 1, 0, 1, 3, 1, 0, 3, 0, 3, 0, 3, 1, 1, 1, 0, 3, 0, 1, 0, 3, 0, 0, 3, 0, 3, 1]"
1486,SP1,2022,Celta,"[1, 0, 3, 3, 0, 0, 3, 0, 0, 0, 1, 0, 0, 1, 1, 3, 1, 0, 3, 3, 0, 1, 3, 1, 3, 3, 1, 1, 0, 0, 3, 0, 0, 0, 0, 1, 0, 3]"
1487,SP1,2022,Elche,"[0, 1, 0, 0, 0, 0, 0, 1, 1, 0, 1, 0, 0, 0, 0, 0, 1, 1, 0, 3, 0, 0, 0, 3, 1, 0, 0, 0, 0, 0, 0, 3, 0, 3, 1, 1, 3, 1]"
1488,SP1,2022,Espanol,"[1, 0, 0, 3, 0, 0, 1, 1, 3, 0, 1, 1, 1, 0, 1, 1, 3, 3, 0, 1, 0, 3, 3, 0, 0, 0, 0, 0, 0, 1, 0, 3, 0, 0, 3, 1, 1, 1]"
1489,SP1,2022,Getafe,"[0, 0, 1, 0, 3, 3, 0, 0, 1, 1, 1, 3, 1, 0, 3, 0, 0, 0, 0, 1, 1, 3, 0, 3, 1, 3, 1, 0, 1, 0, 0, 0, 3, 0, 1, 3, 3, 1]"
1490,SP1,2022,Girona,"[0, 3, 0, 1, 3, 0, 0, 0, 1, 0, 1, 1, 3, 3, 1, 1, 3, 0, 0, 3, 0, 3, 3, 0, 0, 1, 3, 1, 3, 0, 3, 3, 3, 1, 0, 1, 0, 0]"
1491,SP1,2022,Mallorca,"[1, 0, 3, 1, 0, 3, 0, 1, 0, 0, 3, 1, 3, 3, 0, 3, 0, 3, 0, 3, 0, 3, 0, 0, 1, 0, 1, 1, 3, 3, 0, 1, 0, 3, 0, 3, 0, 3]"
1492,SP1,2022,Osasuna,"[3, 3, 0, 3, 3, 0, 1, 0, 0, 3, 1, 3, 3, 0, 0, 1, 3, 1, 0, 1, 1, 0, 3, 1, 0, 0, 1, 3, 0, 3, 3, 0, 0, 3, 0, 3, 0, 3]"
1493,SP1,2022,Real Madrid,"[3, 3, 3, 3, 3, 3, 1, 3, 3, 3, 3, 1, 0, 3, 3, 0, 3, 1, 3, 0, 3, 3, 1, 1, 3, 0, 3, 0, 3, 3, 0, 3, 0, 3, 0, 3, 3, 1]"
1494,SP1,2022,Sevilla,"[0, 1, 0, 0, 3, 1, 0, 1, 3, 1, 0, 0, 1, 0, 1, 3, 0, 3, 3, 0, 3, 1, 0, 0, 3, 0, 3, 1, 3, 3, 3, 0, 3, 3, 1, 1, 0, 0]"
1495,SP1,2022,Sociedad,"[3, 0, 3, 1, 0, 3, 3, 3, 3, 3, 0, 0, 1, 3, 3, 3, 3, 3, 1, 0, 3, 1, 0, 1, 1, 3, 0, 3, 0, 3, 1, 3, 3, 1, 3, 3, 0, 3]"
1496,SP1,2022,Valencia,"[3, 0, 0, 3, 0, 3, 1, 3, 1, 1, 0, 0, 1, 3, 0, 0, 1, 0, 0, 0, 0, 0, 3, 0, 3, 0, 1, 0, 0, 3, 3, 0, 1, 3, 3, 0, 1, 1]"
1497,SP1,2022,Valladolid,"[0, 1, 0, 3, 0, 0, 3, 1, 0, 3, 3, 0, 3, 0, 0, 0, 0, 0, 3, 3, 1, 0, 0, 3, 1, 0, 0, 1, 3, 3, 0, 0, 0, 0, 0, 3, 1, 1]"
1498,SP1,2022,Vallecano,"[1, 3, 0, 0, 3, 0, 3, 0, 1, 1, 3, 3, 3, 1, 1, 0, 3, 0, 3, 3, 1, 1, 0, 1, 0, 1, 1, 0, 3, 0, 3, 0, 3, 0, 0, 0, 3, 0]"
1499,SP1,2022,Villarreal,"[3, 3, 1, 3, 0, 1, 1, 0, 3, 0, 3, 0, 0, 3, 3, 3, 1, 3, 0, 0, 0, 0, 3, 3, 1, 3, 3, 3, 0, 0, 3, 3, 1, 3, 3, 3, 0, 1]"
1500,SP1,2023,Alaves,"[0, 3, 0, 3, 0, 0, 1, 0, 1, 1, 0, 3, 0, 3, 1, 0, 0, 0, 1, 3, 3, 3, 0, 1, 1, 1, 0, 3, 0, 0, 0, 3, 3, 3, 1, 0, 3, 1]"
1501,SP1,2023,Almeria,"[0, 0, 1, 0, 0, 1, 0, 1, 0, 0, 0, 0, 0, 0, 1, 0, 1, 0, 0, 1, 0, 0, 0, 1, 1, 1, 0, 1, 3, 0, 1, 0, 0, 3, 0, 0, 1, 3]"
1502,SP1,2023,Ath Bilbao,"[0, 3, 3, 1, 3, 3, 1, 0, 3, 0, 1, 3, 3, 1, 3, 1, 3, 3, 3, 3, 0, 1, 3, 1, 3, 0, 1, 3, 3, 0, 1, 1, 0, 3, 1, 0, 3, 3]"
1503,SP1,2023,Ath Madrid,"[3, 1, 3, 0, 3, 3, 3, 3, 3, 3, 0, 3, 3, 0, 3, 0, 1, 3, 0, 3, 3, 3, 1, 0, 3, 1, 3, 0, 0, 3, 3, 0, 3, 3, 3, 3, 0, 3]"
1504,SP1,2023,Barcelona,"[1, 3, 3, 3, 3, 3, 1, 3, 1, 3, 0, 3, 3, 1, 3, 0, 1, 3, 3, 3, 0, 3, 3, 1, 3, 3, 1, 3, 3, 3, 3, 0, 3, 0, 3, 3, 3, 3]"
1505,SP1,2023,Betis,"[3, 1, 0, 3, 0, 1, 1, 3, 1, 1, 3, 3, 1, 3, 1, 1, 1, 1, 0, 3, 0, 3, 1, 3, 1, 3, 0, 0, 0, 0, 3, 3, 1, 3, 3, 1, 0, 1]"
1506,SP1,2023,Cadiz,"[3, 0, 1, 3, 0, 1, 1, 0, 0, 0, 1, 0, 0, 1, 1, 1, 1, 1, 0, 0, 0, 1, 1, 0, 0, 1, 1, 3, 0, 3, 0, 0, 1, 0, 3, 3, 1, 0]"
1507,SP1,2023,Celta,"[0, 1, 0, 3, 0, 0, 1, 0, 1, 0, 0, 1, 0, 1, 1, 1, 3, 0, 3, 1, 0, 0, 3, 0, 0, 1, 3, 0, 3, 1, 0, 3, 0, 3, 0, 3, 3, 1]"
1508,SP1,2023,Getafe,"[1, 0, 3, 0, 3, 0, 1, 1, 1, 1, 1, 3, 1, 3, 0, 3, 3, 1, 0, 0, 3, 0, 1, 3, 1, 0, 1, 0, 3, 0, 1, 1, 3, 0, 0, 0, 0, 0]"
1509,SP1,2023,Girona,"[1, 3, 3, 3, 3, 3, 3, 0, 3, 3, 3, 3, 3, 1, 3, 3, 3, 1, 3, 1, 3, 3, 1, 0, 0, 3, 0, 3, 0, 3, 0, 3, 3, 3, 1, 0, 3, 3]"
1510,SP1,2023,Granada,"[0, 0, 3, 0, 0, 0, 1, 1, 1, 0, 0, 0, 1, 0, 0, 1, 0, 0, 3, 0, 0, 0, 1, 1, 1, 0, 0, 0, 0, 0, 3, 1, 3, 0, 0, 0, 0, 0]"
1511,SP1,2023,Las Palmas,"[1, 0, 1, 0, 0, 3, 0, 3, 3, 0, 3, 3, 1, 0, 3, 3, 1, 0, 0, 3, 3, 0, 1, 3, 0, 1, 1, 0, 0, 0, 0, 0, 0, 0, 0, 1, 1, 1]"
1512,SP1,2023,Mallorca,"[1, 0, 0, 1, 3, 0, 1, 1, 1, 0, 1, 0, 0, 1, 1, 3, 1, 3, 0, 1, 1, 0, 0, 3, 0, 1, 3, 0, 3, 1, 0, 0, 1, 0, 3, 1, 1, 3]"
1513,SP1,2023,Osasuna,"[3, 0, 3, 0, 0, 1, 0, 3, 0, 3, 0, 0, 1, 0, 1, 1, 3, 0, 3, 3, 1, 0, 0, 3, 3, 1, 3, 0, 0, 3, 0, 0, 0, 0, 1, 1, 3, 1]"
1514,SP1,2023,Real Madrid,"[3, 3, 3, 3, 3, 0, 3, 3, 3, 1, 3, 1, 3, 3, 3, 1, 3, 3, 3, 3, 3, 3, 1, 3, 1, 3, 1, 3, 3, 3, 3, 3, 3, 3, 3, 3, 1, 1]"
1515,SP1,2023,Sevilla,"[0, 0, 0, 3, 1, 3, 0, 1, 1, 1, 1, 1, 0, 1, 0, 0, 3, 0, 0, 0, 0, 1, 3, 3, 1, 0, 3, 1, 0, 3, 3, 3, 1, 3, 0, 0, 0, 0]"
1516,SP1,2023,Sociedad,"[1, 1, 1, 3, 0, 3, 3, 3, 0, 3, 1, 0, 3, 3, 1, 3, 1, 1, 1, 0, 3, 1, 1, 0, 3, 0, 0, 3, 3, 3, 1, 1, 0, 3, 0, 3, 3, 0]"
1517,SP1,2023,Valencia,"[3, 3, 0, 0, 3, 1, 0, 0, 1, 3, 1, 3, 0, 1, 0, 0, 1, 3, 3, 3, 3, 0, 3, 0, 1, 1, 3, 0, 1, 3, 3, 0, 0, 0, 1, 0, 0, 1]"
1518,SP1,2023,Vallecano,"[3, 3, 0, 0, 3, 1, 1, 1, 1, 3, 1, 1, 0, 1, 0, 1, 0, 0, 3, 0, 1, 0, 0, 0, 1, 0, 1, 0, 3, 1, 1, 3, 0, 0, 1, 3, 0, 0]"
1519,SP1,2023,Villarreal,"[0, 3, 0, 0, 3, 1, 0, 1, 0, 1, 3, 0, 0, 3, 1, 0, 0, 3, 0, 0, 1, 3, 1, 1, 1, 3, 3, 3, 3, 0, 1, 3, 3, 0, 3, 3, 1, 1]"
1520,SP1,2024,Alaves,"[0, 1, 3, 3, 0, 3, 0, 0, 0, 0, 0, 3, 0, 0, 1, 1, 1, 1, 0, 3, 1, 0, 0, 1, 0, 1, 3, 1, 0, 3, 0, 1, 3, 1, 0, 3, 3, 1]"
1521,SP1,2024,Ath Bilbao,"[1, 0, 3, 0, 3, 3, 3, 1, 0, 3, 1, 1, 1, 3, 3, 3, 3, 1, 3, 3, 1, 1, 3, 1, 3, 0, 1, 3, 1, 1, 3, 0, 3, 1, 3, 3, 3, 0]"
1522,SP1,2024,Ath Madrid,"[1, 3, 1, 3, 3, 1, 3, 1, 1, 3, 0, 3, 3, 3, 3, 3, 3, 3, 3, 0, 1, 3, 1, 1, 3, 3, 0, 0, 1, 3, 3, 0, 3, 1, 3, 0, 3, 3]"
1523,SP1,2024,Barcelona,"[3, 3, 3, 3, 3, 3, 3, 0, 3, 3, 3, 3, 0, 1, 0, 3, 1, 0, 0, 1, 3, 3, 3, 3, 3, 3, 3, 3, 3, 1, 3, 3, 3, 3, 3, 3, 0, 3]"
1524,SP1,2024,Betis,"[1, 1, 0, 3, 3, 0, 1, 3, 0, 3, 3, 1, 1, 0, 0, 1, 3, 1, 0, 0, 3, 1, 0, 3, 3, 3, 3, 3, 3, 1, 0, 3, 3, 3, 1, 1, 0, 1]"
1525,SP1,2024,Celta,"[3, 3, 0, 0, 3, 0, 0, 1, 3, 0, 0, 3, 1, 1, 0, 3, 0, 3, 0, 0, 1, 0, 3, 1, 3, 1, 3, 3, 1, 3, 0, 0, 3, 0, 3, 3, 0, 3]"
1526,SP1,2024,Espanol,"[0, 0, 1, 3, 3, 0, 0, 0, 3, 0, 0, 0, 0, 3, 0, 1, 1, 0, 1, 3, 1, 3, 0, 1, 3, 1, 0, 1, 3, 3, 3, 1, 0, 0, 0, 0, 0, 3]"
1527,SP1,2024,Getafe,"[1, 1, 1, 0, 0, 1, 0, 3, 1, 1, 1, 0, 0, 3, 0, 3, 0, 0, 3, 1, 3, 1, 3, 3, 0, 0, 3, 3, 0, 3, 0, 0, 0, 0, 0, 0, 3, 0]"
1528,SP1,2024,Girona,"[1, 0, 3, 3, 0, 0, 1, 1, 3, 0, 0, 3, 3, 3, 1, 0, 0, 3, 3, 0, 0, 3, 0, 0, 0, 1, 1, 1, 0, 0, 0, 0, 1, 3, 0, 3, 0, 0]"
1529,SP1,2024,Las Palmas,"[1, 0, 1, 0, 0, 0, 1, 0, 0, 3, 3, 0, 3, 0, 3, 3, 1, 3, 0, 0, 1, 0, 0, 0, 0, 1, 0, 1, 1, 0, 3, 3, 0, 0, 0, 0, 0, 0]"
1530,SP1,2024,Leganes,"[1, 3, 1, 0, 0, 0, 1, 1, 1, 0, 3, 0, 3, 0, 1, 0, 3, 0, 1, 3, 1, 0, 0, 1, 0, 3, 0, 0, 0, 1, 0, 1, 1, 1, 3, 0, 3, 3]"
1531,SP1,2024,Mallorca,"[1, 0, 1, 3, 0, 3, 3, 3, 0, 3, 1, 0, 0, 3, 3, 0, 0, 3, 3, 0, 0, 0, 1, 3, 1, 1, 1, 3, 0, 0, 3, 1, 0, 0, 3, 0, 0, 1]"
1532,SP1,2024,Osasuna,"[1, 3, 0, 3, 0, 3, 1, 3, 1, 0, 3, 3, 0, 1, 1, 1, 1, 0, 0, 1, 1, 3, 1, 1, 0, 1, 0, 0, 1, 1, 3, 3, 3, 0, 1, 3, 3, 1]"
1533,SP1,2024,Real Madrid,"[1, 3, 1, 3, 3, 3, 3, 1, 3, 3, 0, 3, 3, 3, 0, 3, 1, 3, 3, 3, 3, 0, 1, 1, 3, 0, 3, 3, 3, 0, 3, 3, 3, 3, 0, 3, 3, 3]"
1534,SP1,2024,Sevilla,"[1, 0, 1, 0, 3, 0, 3, 1, 3, 0, 3, 0, 0, 3, 1, 0, 3, 0, 1, 3, 1, 1, 0, 3, 1, 1, 3, 0, 0, 0, 0, 1, 0, 1, 0, 3, 0, 0]"
1535,SP1,2024,Sociedad,"[0, 3, 0, 1, 0, 0, 1, 3, 1, 3, 0, 3, 3, 0, 3, 3, 1, 0, 3, 0, 0, 0, 3, 0, 3, 0, 0, 1, 3, 3, 0, 1, 0, 1, 0, 0, 3, 0]"
1536,SP1,2024,Valencia,"[0, 0, 0, 1, 0, 3, 1, 0, 1, 0, 1, 3, 0, 0, 0, 1, 1, 0, 1, 3, 0, 3, 3, 1, 0, 1, 3, 1, 3, 3, 3, 1, 1, 3, 3, 0, 0, 1]"
1537,SP1,2024,Valladolid,"[3, 0, 1, 0, 0, 1, 0, 0, 0, 3, 0, 0, 1, 0, 0, 0, 3, 0, 3, 0, 0, 0, 0, 0, 0, 1, 0, 0, 0, 0, 0, 0, 0, 0, 0, 0, 0, 0]"
1538,SP1,2024,Vallecano,"[3, 1, 0, 0, 3, 1, 1, 1, 3, 0, 3, 0, 0, 0, 3, 1, 1, 1, 3, 1, 3, 3, 3, 0, 0, 1, 0, 1, 3, 0, 0, 1, 0, 3, 3, 1, 3, 1]"
1539,SP1,2024,Villarreal,"[1, 3, 3, 1, 3, 0, 3, 3, 0, 1, 3, 3, 1, 1, 0, 0, 1, 3, 0, 3, 1, 3, 3, 1, 3, 0, 0, 3, 1, 3, 1, 0, 3, 3, 3, 3, 3, 3]"
