,League,Season,Team,Sequence,c1,c2,c3
0,D1,2000,Bayern Munich,"[1, 1, 1, 0, 1, 1, 0, 0, 1, 1, 0, 0, 1, 1, 1, 1, 1, 1, 0, 0, 1, 1, 0, 0, 1, 1, 1, 1]",1.0044080667937543,1.4307425518952903,1.2315270935960592
1,D1,2000,Bochum,"[1, 0, 0, 0, 1, 1, 0, 0, 0, 0, 0, 1, 0, 1, 0, 0, 0, 0, 0, 0, 0, 1, 1, 0, 0, 0, 0, 0]",1.0000000037252903,4.870410398884455,5.208333333333333
2,D1,2000,Cottbus,"[0, 0, 0, 1, 0, 0, 1, 0, 1, 1, 0, 0, 1, 0, 0, 1, 0, 1, 0, 0, 1, 0, 0, 1, 0, 0, 1, 0, 0, 1, 1]",1.0000006565889483,1.1221877249077818,1.4450867052023122
3,D1,2000,Dortmund,"[1, 1, 0, 1, 1, 0, 1, 0, 0, 0, 1, 1, 1, 1, 1, 1, 0, 1, 1, 0, 1, 0, 1, 1]",1.0077672112184624,2.446390095668296,1.1086474501108647
4,D1,2000,Ein Frankfurt,"[1, 0, 1, 0, 1, 0, 0, 1, 0, 1, 1, 0, 0, 0, 0, 0, 0, 1, 1, 0, 0, 0, 0, 0, 0, 0, 1, 0, 1]",1.0000003360687846,1.874136989801855,2.5839793281653747
5,D1,2000,FC Koln,"[0, 1, 0, 0, 0, 1, 0, 1, 1, 1, 1, 1, 0, 1, 0, 0, 0, 1, 1, 1, 0, 1, 0, 0]",1.0002442002442002,2.2917545642708785,2.9940119760479043
6,D1,2000,Freiburg,"[1, 1, 0, 0, 0, 1, 0, 0, 0, 1, 1, 1, 1, 1, 1, 0, 0, 1, 1, 1, 0, 1, 1, 1]",1.003565380454712,4.475807525952268,1.0649627263045793
7,D1,2000,Hamburg,"[0, 1, 1, 0, 1, 1, 0, 1, 0, 0, 0, 0, 1, 0, 0, 0, 0, 1, 0, 1, 1, 1, 0]",1.0001049637617005,1.1589763905281354,1.4005602240896358
8,D1,2000,Hansa Rostock,"[0, 0, 0, 1, 1, 1, 0, 1, 0, 0, 1, 0, 0, 1, 0, 0, 0, 1, 1, 1, 0, 1, 0, 1, 0, 1, 0]",1.0000264021157483,1.1498501929607134,1.36986301369863
9,D1,2000,Hertha,"[0, 1, 1, 0, 1, 0, 1, 1, 1, 1, 1, 0, 0, 1, 0, 0, 0, 1, 1, 0, 1, 0, 1, 1, 0, 1, 0, 1, 0, 1, 0, 1]",1.0001004625174241,1.0,1.5408320493066257
10,D1,2000,Kaiserslautern,"[0, 0, 1, 1, 0, 1, 1, 1, 1, 0, 0, 0, 1, 1, 1, 0, 1, 1, 0, 1, 1, 1, 0, 0, 1, 0, 0, 0, 0]",1.0000981179048942,2.6725084851718366,3.597122302158273
11,D1,2000,Leverkusen,"[1, 0, 1, 0, 1, 1, 1, 1, 1, 1, 0, 1, 0, 0, 1, 1, 1, 0, 0, 0, 1, 1, 0, 1, 0, 1, 0, 1]",1.0009257086133403,1.4054228184143418,1.9920318725099602
12,D1,2000,Munich 1860,"[1, 1, 0, 1, 0, 0, 0, 0, 0, 1, 1, 1, 0, 1, 0, 1, 1, 0, 0, 0, 0, 1, 1, 0, 1, 0]",1.000043124234921,1.0,1.5105740181268883
13,D1,2000,Schalke 04,"[1, 1, 1, 1, 0, 1, 0, 0, 1, 1, 1, 0, 1, 1, 1, 0, 1, 0, 0, 1, 1, 1, 1, 1, 0, 1]",1.008463484833925,1.0,1.492537313432836
14,D1,2000,Stuttgart,"[0, 1, 0, 1, 0, 0, 1, 0, 0, 0, 0, 1, 0, 1, 0, 0, 1, 0, 1, 0, 1, 1, 0]",1.000032936368384,1.7424339504346935,1.1820330969267139
15,D1,2000,Unterhaching,"[0, 0, 0, 1, 0, 0, 1, 1, 1, 0, 0, 1, 0, 0, 0, 1, 1, 0, 0, 0, 1, 0, 0]",1.000009015453466,2.041574657975739,2.34192037470726
16,D1,2000,Werder Bremen,"[1, 0, 0, 0, 1, 0, 0, 1, 1, 1, 0, 0, 1, 1, 1, 1, 1, 0, 0, 1, 1, 1, 0, 0, 1, 1]",1.0007850071902127,3.985282010464006,1.0559662090813093
17,D1,2000,Wolfsburg,"[0, 1, 0, 1, 0, 1, 1, 0, 1, 1, 0, 1, 0, 1, 0, 0, 1, 1, 0, 1, 0, 1, 0]",1.0007804162586758,1.7907289630377372,2.4752475247524752
18,D1,2001,Bayern Munich,"[0, 1, 1, 1, 1, 1, 1, 1, 1, 1, 1, 0, 0, 0, 0, 1, 0, 1, 1, 1, 1, 1, 1, 1, 1, 1]",1.0341442470695272,1.0,1.4144271570014144
19,D1,2001,Cottbus,"[1, 0, 1, 1, 0, 0, 0, 0, 0, 0, 0, 0, 0, 1, 0, 1, 0, 1, 0, 1, 0, 1, 0, 1, 0, 0]",1.0000010244707045,4.293996901425504,1.0482180293501049
20,D1,2001,Dortmund,"[1, 1, 1, 1, 0, 0, 1, 1, 0, 1, 1, 1, 1, 1, 1, 1, 1, 0, 1, 1, 1, 0, 1, 0, 1, 1, 1]",1.0396277828471792,1.0846369567438907,1.6207455429497568
21,D1,2001,FC Koln,"[1, 0, 0, 1, 0, 0, 0, 0, 0, 0, 0, 1, 0, 0, 0, 0, 0, 0, 0, 1, 0, 0, 1, 0, 1, 1]",1.0000000390499972,1.4844573025701862,1.2706480304955527
22,D1,2001,Freiburg,"[1, 0, 0, 0, 1, 0, 1, 1, 0, 0, 0, 0, 1, 0, 0, 0, 0, 0, 0, 0, 0, 0, 1, 0, 1]",1.0000002322183192,4.196674638349662,4.219409282700422
23,D1,2001,Hamburg,"[0, 1, 0, 0, 0, 1, 1, 0, 0, 0, 1, 0, 1, 0, 1, 1, 0, 1, 1, 0, 0, 1, 0, 0]",1.0000273827455919,2.326647156585547,1.1235955056179776
24,D1,2001,Hansa Rostock,"[0, 1, 0, 0, 0, 0, 1, 1, 0, 0, 0, 1, 1, 0, 0, 1, 0, 1, 0, 0, 1, 0, 0, 1, 0, 0, 0]",1.0000006272258672,1.258056324210277,1.7953321364452424
25,D1,2001,Hertha,"[0, 1, 0, 1, 0, 1, 0, 1, 1, 1, 1, 1, 1, 0, 0, 1, 1, 1, 1, 1, 1, 0, 1, 1, 0, 1, 0]",1.0051647688620928,1.2580563242102765,1.3550135501355014
26,D1,2001,Kaiserslautern,"[1, 1, 1, 1, 1, 1, 1, 0, 1, 0, 0, 1, 0, 1, 1, 0, 1, 1, 0, 1, 0, 1, 0, 0, 0, 1, 0, 1, 0]",1.0005661855097403,9.580400047110784,10.1010101010101
27,D1,2001,Leverkusen,"[1, 1, 1, 1, 1, 1, 1, 1, 1, 1, 1, 0, 1, 0, 0, 1, 0, 0, 1, 1, 1, 1, 1, 1, 1, 0, 0, 1]",1.0181411867357049,4.870410398884454,4.878048780487805
28,D1,2001,MGladbach,"[1, 0, 1, 0, 0, 0, 1, 0, 0, 0, 0, 0, 1, 0, 1, 1, 0, 1, 1, 1, 0, 0]",1.000053708304116,4.725704293047139,1.0395010395010396
29,D1,2001,Munich 1860,"[0, 0, 1, 1, 0, 1, 0, 0, 0, 1, 0, 1, 1, 1, 1, 1, 0, 1, 0, 0, 1, 1, 0, 0, 0, 1, 0, 1, 1]",1.0000981179048942,1.1577587410924932,1.7241379310344827
30,D1,2001,Nurnberg,"[0, 1, 0, 0, 0, 0, 1, 0, 0, 0, 0, 1, 0, 0, 0, 1, 1, 1, 0, 1, 0, 0, 0, 0, 1, 0, 0, 0, 1, 1]",1.0000000696917235,7.6669281105776,1.0245901639344261
31,D1,2001,Schalke 04,"[0, 1, 1, 1, 0, 1, 0, 1, 1, 0, 1, 0, 1, 1, 1, 1, 1, 1, 0, 1, 1, 1, 1, 0, 1, 0, 0]",1.0051647688620928,1.2580563242102765,1.3513513513513513
32,D1,2001,St Pauli,"[0, 0, 0, 0, 0, 1, 0, 0, 0, 0, 0, 0, 1, 0, 1, 0, 1, 0, 0, 0, 0, 0, 0, 0]",1.0000000004593932,3.3829554099506067,1.0482180293501049
33,D1,2001,Stuttgart,"[0, 1, 1, 1, 0, 1, 0, 1, 0, 1, 0, 1, 1, 0, 0, 1, 0, 0, 0, 1, 1, 1, 1]",1.001884466069514,1.158976390528136,1.680672268907563
34,D1,2001,Werder Bremen,"[0, 1, 0, 0, 1, 1, 1, 0, 1, 1, 1, 1, 1, 1, 1, 0, 0, 0, 1, 0, 0, 1, 0, 0, 1, 1, 1, 1, 0]",1.0005661855097403,9.580400047110784,11.494252873563218
35,D1,2001,Wolfsburg,"[0, 0, 0, 0, 1, 1, 0, 0, 1, 0, 1, 1, 1, 1, 0, 1, 0, 0, 0, 1, 1, 0, 0, 1, 1, 0, 1]",1.0000747424113352,1.1779206329654481,1.8050541516245486
36,D1,2002,Bayern Munich,"[1, 1, 1, 1, 1, 0, 1, 1, 0, 1, 1, 1, 1, 1, 1, 1, 1, 1, 1, 0, 0, 1, 1, 1, 1, 0]",1.06639174482282,1.5737967564178146,2.0366598778004072
37,D1,2002,Bielefeld,"[1, 0, 1, 0, 0, 1, 0, 1, 0, 0, 0, 1, 1, 0, 1, 0, 1, 0, 0, 0, 0]",1.000064377614585,1.146376006016189,1.375515818431912
38,D1,2002,Bochum,"[1, 1, 1, 0, 0, 0, 1, 1, 0, 1, 0, 0, 1, 0, 1, 0, 0, 0, 0, 0, 1, 1, 1, 1]",1.0002442002442002,1.0,1.5037593984962405
39,D1,2002,Cottbus,"[0, 0, 1, 0, 0, 0, 0, 0, 0, 0, 1, 0, 0, 1, 1, 1, 0, 0, 0, 0, 0, 0, 0, 1]",1.0000000596046483,2.716324119127958,1.0810810810810811
40,D1,2002,Dortmund,"[1, 1, 1, 1, 1, 0, 1, 0, 1, 1, 1, 0, 1, 1, 0, 1, 0, 1, 1]",1.0684080253048331,1.84807754779239,2.3255813953488373
41,D1,2002,Hamburg,"[1, 0, 0, 0, 1, 0, 1, 0, 1, 0, 1, 1, 1, 1, 0, 1, 1, 0, 1, 1, 1, 1]",1.0069787753789607,11.9336191745077,1.0101010101010102
42,D1,2002,Hannover,"[0, 0, 0, 0, 1, 1, 0, 1, 1, 0, 0, 0, 0, 1, 1, 1, 1, 0, 1, 0, 1, 0, 0, 1, 1]",1.000149609722819,12.74478760494327,1.0111223458038423
43,D1,2002,Hansa Rostock,"[1, 1, 1, 0, 1, 0, 0, 0, 0, 0, 1, 0, 0, 1, 0, 0, 1, 0, 1, 0, 0, 1, 0, 1, 0]",1.0000167774974797,1.1404610508219608,1.4245014245014245
44,D1,2002,Hertha,"[0, 1, 1, 0, 1, 1, 0, 1, 1, 0, 0, 0, 1, 0, 1, 0, 1, 1, 1, 0, 1, 1, 1, 0, 0, 0, 1]",1.000480469748762,1.7728555629700244,1.2004801920768307
45,D1,2002,Kaiserslautern,"[0, 0, 0, 0, 1, 0, 0, 0, 0, 0, 1, 0, 1, 0, 1, 1, 1, 1, 1, 1, 0, 1, 0, 0]",1.0000273827455919,84.87941156649572,1.001001001001001
46,D1,2002,Leverkusen,"[0, 1, 0, 0, 1, 0, 1, 0, 1, 0, 1, 0, 0, 0, 0, 1, 0, 0, 1, 0, 0, 1, 0, 1, 1]",1.0000167774974797,1.1404610508219608,1.3736263736263736
47,D1,2002,MGladbach,"[0, 1, 1, 0, 0, 1, 0, 0, 0, 1, 0, 1, 0, 0, 0, 0, 1, 0, 1, 0, 1, 1, 1]",1.0001049637617005,1.1589763905281354,1.3908205841446453
48,D1,2002,Munich 1860,"[0, 1, 1, 0, 1, 0, 1, 1, 1, 0, 0, 1, 0, 1, 0, 0, 0, 1, 0, 1, 1, 0, 0]",1.000299532124069,3.19045476180617,3.484320557491289
49,D1,2002,Nurnberg,"[0, 0, 1, 0, 0, 1, 1, 0, 0, 1, 1, 0, 0, 1, 0, 0, 0, 0, 0, 1, 0, 0, 0, 0, 0, 0]",1.0000000390499972,4.990463982959892,5.405405405405405
50,D1,2002,Schalke 04,"[1, 1, 1, 0, 1, 0, 1, 0, 1, 1, 1, 0, 0, 1, 1, 0, 0, 0, 0, 1]",1.0025393837573966,5.089899949782234,5.9171597633136095
51,D1,2002,Stuttgart,"[0, 1, 0, 1, 1, 1, 1, 1, 0, 0, 1, 1, 1, 1, 1, 1, 0, 1, 1, 0, 1, 0, 0, 1]",1.0077672112184624,1.0,1.5060240963855422
52,D1,2002,Werder Bremen,"[0, 1, 0, 1, 1, 1, 1, 0, 1, 0, 1, 1, 1, 1, 0, 0, 0, 1, 0, 0, 1, 1, 0, 0, 1, 1, 1, 0]",1.0003959489930363,7.3328023637186455,10.0
53,D1,2002,Wolfsburg,"[0, 1, 0, 1, 0, 1, 1, 0, 1, 0, 1, 0, 1, 0, 0, 0, 1, 1, 0, 1, 1, 0, 1, 0]",1.0002442002442002,1.0,1.5625
54,D1,2003,Bayern Munich,"[1, 1, 1, 1, 0, 1, 1, 1, 0, 1, 1, 1, 1, 0, 1]",1.2653666121378015,2.0576597829815624,2.1739130434782608
55,D1,2003,Bochum,"[0, 1, 1, 1, 0, 0, 1, 1, 1, 1, 0, 0, 1, 1]",1.0475299967350864,1.6364184858288695,1.148105625717566
56,D1,2003,Dortmund,"[1, 0, 1, 1, 1, 0, 0, 0, 1, 0, 0, 1, 1, 1, 1, 0, 1]",1.0145438522021881,1.2689664087461228,1.2755102040816326
57,D1,2003,Ein Frankfurt,"[0, 0, 0, 0, 1, 0, 0, 1, 1, 0, 1, 0, 0, 0, 0, 0, 1]",1.0000560006391503,1.376922749089975,1.7857142857142858
58,D1,2003,FC Koln,"[0, 0, 0, 0, 1, 0, 0, 1, 1, 0, 0, 0, 0, 0, 0, 1, 0, 0, 0]",1.000000812377462,3.0103072551635788,3.0959752321981426
59,D1,2003,Freiburg,"[0, 1, 0, 1, 0, 0, 0, 1, 0, 0, 1, 0, 0, 1, 0, 1, 0, 0, 0]",1.0000312314687252,1.1305126953518096,1.3550135501355014
60,D1,2003,Hamburg,"[0, 1, 1, 0, 1, 1, 0, 1, 0, 1, 0, 1, 0, 0, 1, 1]",1.0101240651702437,1.557664487414707,1.937984496124031
61,D1,2003,Hannover,"[1, 1, 0, 0, 0, 1, 0, 1, 0, 0, 0, 0, 1, 1, 0]",1.0016410887598242,2.3162901826042,2.6041666666666665
62,D1,2003,Hansa Rostock,"[0, 0, 0, 0, 0, 0, 1, 0, 0, 1, 1, 0, 1, 0, 0, 1, 0]",1.0000560006391503,9.748226631100518,1.0101010101010102
63,D1,2003,Hertha,"[0, 0, 0, 1, 0, 0, 1, 1, 1, 0, 0, 1, 1]",1.0097603570429652,4.941238361572014,1.0309278350515463
64,D1,2003,Kaiserslautern,"[0, 1, 1, 1, 0, 1, 0, 0, 0, 0, 1, 0, 1, 1, 0, 0, 0, 1, 0]",1.0004161099981892,1.1692799374350757,1.303780964797914
65,D1,2003,Leverkusen,"[1, 1, 1, 1, 1, 0, 1, 0, 0, 0, 0, 1, 1, 1, 1, 1, 1, 1]",1.056480579359929,1.6025981397064235,1.203369434416366
66,D1,2003,MGladbach,"[1, 0, 0, 0, 0, 1, 1, 0, 0, 0, 1, 0, 1, 0, 1, 0, 1]",1.0008270885347736,1.9277900873276086,1.145475372279496
67,D1,2003,Munich 1860,"[1, 0, 0, 0, 1, 1, 0, 0, 1, 1, 0, 0, 1, 0, 0, 0, 0, 0]",1.0000508078447305,2.8830417383280293,3.3333333333333335
68,D1,2003,Schalke 04,"[0, 1, 0, 1, 1, 1, 1, 1, 1, 0, 1, 1, 0, 0, 0]",1.0287998103716187,4.167051601431252,4.132231404958677
69,D1,2003,Stuttgart,"[1, 1, 1, 1, 1, 1, 0, 0, 1, 0, 1, 1, 1, 1, 1, 1, 0]",1.1324232439368378,1.1095801862727215,1.492537313432836
70,D1,2003,Werder Bremen,"[1, 1, 1, 1, 0, 1, 1, 1, 1, 1, 1, 1, 1, 1, 1]",2.610697548818626,2.852117728679625,1.0
71,D1,2003,Wolfsburg,"[1, 0, 1, 0, 0, 1, 0, 1, 1, 0, 0, 1, 0, 0, 0, 0, 0, 1, 1]",1.0004161099981892,2.0445156300662277,2.6178010471204187
72,D1,2004,Bayern Munich,"[1, 0, 1, 1, 1, 0, 1, 1, 0, 1, 1, 1, 1, 1, 1, 0, 1, 1, 1, 0, 1, 1, 1, 1, 1, 1, 1, 1, 1]",1.07607236000058,1.4380161331837744,1.2091898428053205
73,D1,2004,Bielefeld,"[0, 0, 1, 1, 0, 1, 1, 0, 0, 1, 1, 1, 0, 0, 0, 0, 1, 1, 0, 0, 0, 1, 0, 1, 0, 0, 0]",1.0000085188245282,3.0591151422662852,3.717472118959108
74,D1,2004,Bochum,"[1, 0, 0, 0, 0, 1, 0, 0, 0, 1, 0, 0, 0, 0, 1, 0, 0, 0, 1, 1, 1, 0, 0, 0, 1, 1]",1.0000010244707045,4.293996901425504,1.0395010395010396
75,D1,2004,Dortmund,"[0, 1, 0, 0, 1, 1, 0, 0, 1, 0, 0, 1, 1, 1, 0, 1, 0, 1, 1, 1, 1, 1, 1, 1]",1.003565380454712,27.30428846364506,1.002004008016032
76,D1,2004,Freiburg,"[1, 0, 0, 0, 1, 0, 0, 0, 0, 0, 0, 0, 1, 0, 0, 0, 0, 0, 0, 0, 0, 0, 0, 0, 0]",1.000000000008916,12.180648805535197,7.751937984496124
77,D1,2004,Hamburg,"[0, 0, 1, 0, 0, 1, 0, 0, 1, 1, 0, 1, 1, 1, 0, 1, 0, 1, 1, 1, 1, 0, 1, 1, 0, 0, 1, 1, 0, 0, 0]",1.0000491355329604,1.1645279344287736,1.3850415512465375
78,D1,2004,Hannover,"[0, 0, 1, 0, 1, 1, 1, 1, 1, 0, 1, 1, 0, 0, 1, 0, 0, 0, 0, 0, 1, 1, 0, 0, 0, 1, 0, 1]",1.0000216273787577,3.6726779667447933,4.366812227074236
79,D1,2004,Hansa Rostock,"[0, 1, 0, 0, 0, 1, 0, 0, 0, 0, 0, 0, 0, 0, 0, 1, 1, 0, 1, 0, 1, 0, 1, 0, 0]",1.0000002322183192,6.131577275331127,1.0298661174047374
80,D1,2004,Hertha,"[0, 1, 1, 0, 0, 1, 1, 1, 1, 1, 1, 1, 0, 1, 1, 0, 1, 1, 1, 0, 1]",1.0358096089780828,1.114863803201625,1.5772870662460567
81,D1,2004,Kaiserslautern,"[0, 0, 0, 1, 1, 0, 0, 0, 0, 1, 1, 0, 1, 1, 1, 1, 1, 0, 1, 0, 0, 1, 0, 0, 0, 1, 0, 0]",1.0000070522559947,1.0,1.545595054095827
82,D1,2004,Leverkusen,"[1, 1, 0, 0, 1, 0, 1, 0, 1, 0, 1, 1, 1, 1, 0, 1, 1, 0, 1, 0, 0, 1, 1, 1, 1]",1.0047447730400427,1.2504075805649355,1.3440860215053763
83,D1,2004,MGladbach,"[0, 1, 0, 0, 1, 0, 0, 1, 1, 0, 0, 0, 1, 1, 0, 0, 1, 0, 0, 0, 1, 0]",1.0000147009957618,1.0,1.5037593984962405
84,D1,2004,Mainz,"[0, 1, 1, 1, 1, 0, 1, 0, 0, 1, 0, 0, 0, 0, 0, 0, 0, 0, 1, 1, 0, 0, 1, 1, 0, 1, 1]",1.0000264021157483,1.1498501929607134,1.404494382022472
85,D1,2004,Nurnberg,"[1, 0, 0, 1, 0, 0, 1, 1, 0, 0, 1, 0, 1, 0, 0, 0, 0, 1, 0, 0, 1, 1, 0, 1, 0, 0]",1.0000040304007103,2.2702128930571153,2.6315789473684212
86,D1,2004,Schalke 04,"[0, 1, 0, 0, 1, 0, 1, 1, 1, 1, 1, 1, 0, 1, 1, 1, 1, 0, 1, 1, 1, 1, 1, 0, 1, 0, 0, 0, 1, 0, 1]",1.0013984000171472,1.5984901975973347,2.331002331002331
87,D1,2004,Stuttgart,"[1, 1, 1, 1, 1, 1, 0, 0, 0, 1, 0, 1, 1, 1, 0, 0, 1, 1, 1, 1, 1, 1, 0, 0, 1, 0, 0]",1.0024500208091667,2.733035975951217,3.676470588235294
88,D1,2004,Werder Bremen,"[1, 1, 0, 0, 1, 1, 0, 0, 1, 1, 0, 1, 1, 0, 1, 1, 1, 1, 1, 0, 1, 0, 1, 0, 0, 1, 0, 1, 1]",1.0012612189753203,1.2194514456293815,1.358695652173913
89,D1,2004,Wolfsburg,"[1, 0, 1, 1, 1, 1, 1, 0, 1, 0, 1, 0, 1, 0, 0, 0, 1, 0, 0, 0, 0, 1, 0, 1, 0, 0, 1, 0, 1, 0, 1]",1.0000186617163016,2.61572821872245,3.401360544217687
90,D1,2005,Bayern Munich,"[1, 1, 1, 1, 1, 1, 0, 1, 1, 1, 1, 1, 1, 1, 1, 1, 1, 1, 1, 0, 1, 1, 0, 1, 1]",1.2749754231563715,1.9324261960988878,2.0964360587002098
91,D1,2005,Bielefeld,"[0, 0, 1, 0, 0, 1, 1, 1, 0, 0, 0, 1, 0, 0, 1, 0, 1, 0, 1, 0, 1, 1, 0, 0, 0, 0, 0]",1.0000024675850911,1.1259216864190518,1.375515818431912
92,D1,2005,Dortmund,"[0, 1, 0, 1, 1, 0, 1, 1, 0, 0, 0, 1, 1, 0, 0, 1, 1, 0, 0, 1, 1]",1.0015574344008986,1.889953018320663,1.1737089201877935
93,D1,2005,Duisburg,"[0, 0, 0, 0, 1, 0, 0, 1, 0, 0, 0, 1, 0, 0, 1, 0, 0, 0, 0, 0, 0, 1]",1.0000000835642648,1.5847884080708305,1.179245283018868
94,D1,2005,Ein Frankfurt,"[0, 0, 1, 0, 0, 0, 0, 1, 1, 0, 1, 1, 1, 0, 0, 1, 0, 0, 0, 0, 1, 0, 0, 1, 0]",1.0000047384037907,3.4769945721831013,4.132231404958677
95,D1,2005,FC Koln,"[1, 1, 0, 0, 1, 0, 0, 0, 0, 0, 0, 0, 0, 0, 0, 0, 0, 1, 0, 0, 1, 1, 0, 0, 1]",1.0000002322183192,1.697803036699563,1.183431952662722
96,D1,2005,Hamburg,"[1, 1, 1, 1, 1, 1, 0, 1, 1, 1, 1, 1, 0, 1, 0, 1, 1, 0, 1, 1, 1, 0, 1, 1, 1, 0, 1, 0, 0]",1.0110219577916044,2.7357059781262234,3.3222591362126246
97,D1,2005,Hannover,"[1, 0, 0, 0, 1, 0, 1, 1, 1, 1, 0, 0, 1, 0, 0, 0, 0]",1.0008270885347736,4.493689016724202,4.219409282700422
98,D1,2005,Hertha,"[1, 0, 1, 1, 1, 0, 0, 1, 1, 0, 1, 0, 0, 0, 0, 1, 1, 1, 1, 0, 1, 0]",1.0012732005270761,2.4032857458720343,2.985074626865672
99,D1,2005,Kaiserslautern,"[0, 1, 1, 0, 0, 0, 0, 0, 0, 0, 0, 0, 0, 1, 0, 1, 1, 1, 0, 0, 1, 0, 0, 0, 1]",1.0000011529228345,13.59286656555506,1.0090817356205852
100,D1,2005,Leverkusen,"[1, 0, 0, 1, 1, 0, 0, 1, 0, 0, 1, 0, 1, 0, 1, 1, 0, 0, 1, 1, 1, 1, 1, 1]",1.0015548061397215,9.399600179321324,1.015228426395939
101,D1,2005,MGladbach,"[0, 1, 0, 1, 1, 1, 1, 0, 0, 1, 0, 0, 1, 0, 1, 0, 0, 1, 0, 0, 0, 1]",1.0001711688931327,2.4032857458720334,2.9239766081871346
102,D1,2005,Mainz,"[0, 0, 0, 0, 0, 1, 0, 1, 0, 1, 0, 1, 0, 1, 0, 0, 0, 0, 1, 1, 0, 1, 1]",1.000032936368384,1.7424339504346935,1.1862396204033214
103,D1,2005,Nurnberg,"[0, 0, 0, 0, 1, 0, 0, 0, 0, 1, 0, 1, 1, 0, 0, 1, 0, 1, 1, 1, 1, 0, 1, 0, 1, 1]",1.000043124234921,7.994539031723146,1.0309278350515463
104,D1,2005,Schalke 04,"[1, 1, 1, 1, 0, 1, 1, 1, 1, 0, 1, 1, 1, 1, 1, 1, 0, 0, 1, 0, 1]",1.0705703185236752,1.8078862951949282,2.242152466367713
105,D1,2005,Stuttgart,"[0, 1, 0, 1, 1, 1, 1, 0, 0, 1, 1, 0, 0, 1, 0, 0, 1, 0]",1.0019569471624266,1.513510371776108,1.9342359767891684
106,D1,2005,Werder Bremen,"[1, 1, 1, 1, 0, 1, 1, 1, 1, 0, 1, 0, 1, 1, 1, 1, 0, 1, 1, 0, 0, 1, 1, 1, 1, 1, 1]",1.0396277828471792,1.0846369567438907,1.5552099533437014
107,D1,2005,Wolfsburg,"[1, 0, 1, 1, 0, 1, 0, 0, 0, 0, 0, 0, 1, 0, 0, 1, 0, 0, 1, 0, 0]",1.0000169353746098,1.296914653057904,1.8115942028985508
108,D1,2006,Aachen,"[0, 0, 1, 1, 0, 1, 1, 0, 0, 0, 0, 0, 1, 0, 0, 0, 1, 1, 1, 1, 0, 0, 0, 0, 0, 0, 0]",1.0000006272258672,1.258056324210277,1.8083182640144666
109,D1,2006,Bayern Munich,"[1, 1, 0, 1, 0, 1, 0, 1, 0, 1, 1, 1, 1, 1, 0, 0, 1, 0, 1, 1, 0, 1, 1, 1, 0, 0, 1, 1]",1.002062992532928,2.226917177975171,2.7777777777777777
110,D1,2006,Bielefeld,"[0, 0, 1, 0, 1, 1, 1, 1, 0, 0, 0, 0, 0, 0, 0, 1, 0, 0, 1, 0, 1, 1, 1, 1, 0]",1.0000526568633756,1.7213174941320748,1.1976047904191616
111,D1,2006,Bochum,"[0, 0, 0, 1, 0, 0, 0, 1, 0, 1, 0, 1, 0, 1, 0, 0, 1, 0, 1, 0, 1, 1, 0, 1, 1, 1, 0, 1]",1.0000216273787577,3.6726779667447933,1.053740779768177
112,D1,2006,Cottbus,"[0, 1, 1, 0, 0, 1, 1, 0, 0, 0, 0, 0, 1, 0, 0, 1, 1, 0, 1, 1, 1, 0, 1, 0, 0, 0]",1.0000139141738802,1.417584562397788,1.287001287001287
113,D1,2006,Dortmund,"[0, 1, 1, 0, 1, 1, 0, 1, 0, 0, 1, 0, 0, 0, 1, 0, 0, 0, 0, 1, 0, 1, 1, 1, 1, 0]",1.000043124234921,1.0,1.5220700152207
114,D1,2006,Ein Frankfurt,"[1, 0, 1, 1, 0, 0, 1, 0, 0, 0, 0, 0, 1, 1, 0, 1, 0, 0, 1, 1, 0]",1.0002090850312417,1.8085446032002612,1.148105625717566
115,D1,2006,Hamburg,"[0, 0, 1, 0, 0, 0, 0, 0, 1, 1, 1, 1, 1, 0, 1, 1, 0, 1, 1]",1.0031086050442843,26.523148367175008,1.0060362173038229
116,D1,2006,Hannover,"[0, 0, 0, 1, 0, 0, 1, 0, 1, 1, 1, 0, 0, 1, 1, 1, 1, 0, 0, 0, 0, 1, 1, 1, 0, 0]",1.000043124234921,2.213958889667522,1.1494252873563218
117,D1,2006,Hertha,"[1, 1, 0, 1, 0, 1, 1, 1, 0, 0, 1, 1, 0, 1, 0, 0, 0, 0, 0, 0, 1, 0, 1, 0, 0, 1]",1.000043124234921,7.994539031723146,8.474576271186441
118,D1,2006,Leverkusen,"[1, 0, 0, 1, 0, 0, 1, 1, 0, 0, 1, 1, 1, 1, 0, 0, 0, 1, 1, 1, 1, 0, 0, 1, 0, 0, 1, 1]",1.0001603743215302,1.3941915362156505,2.0
119,D1,2006,MGladbach,"[1, 0, 1, 0, 1, 0, 1, 0, 0, 0, 0, 0, 0, 0, 0, 1, 0, 0, 1, 0, 0, 0, 0, 0, 0, 0]",1.0000000052639626,2.684282920992692,3.134796238244514
120,D1,2006,Mainz,"[1, 0, 0, 0, 0, 0, 0, 0, 0, 1, 1, 1, 1, 1, 0, 1, 0, 0, 0, 0, 0, 0, 1, 0]",1.0000018816799632,1.0,1.5082956259426847
121,D1,2006,Nurnberg,"[1, 1, 0, 0, 1, 1, 1, 1, 1, 1, 0, 0, 1, 0, 1, 0, 0, 0, 1]",1.0073610012505931,22.61683167683948,22.22222222222222
122,D1,2006,Schalke 04,"[1, 1, 0, 1, 0, 1, 1, 0, 1, 1, 1, 1, 1, 1, 1, 1, 1, 1, 0, 0, 1, 0, 1, 1, 1, 0, 1, 0, 1]",1.0110219577916044,2.735705978126222,3.5714285714285716
123,D1,2006,Stuttgart,"[0, 1, 0, 1, 1, 1, 1, 1, 1, 0, 1, 1, 0, 1, 1, 1, 1, 0, 0, 1, 1, 1, 1, 1, 1, 1, 1]",1.0396277828471792,2.3468306312988285,1.1235955056179776
124,D1,2006,Werder Bremen,"[1, 1, 0, 0, 1, 1, 1, 1, 1, 0, 1, 1, 1, 1, 1, 1, 0, 0, 0, 1, 1, 1, 1, 1, 0, 1, 0, 1]",1.0090809969140144,2.370743478581191,2.881844380403458
125,D1,2006,Wolfsburg,"[0, 0, 1, 0, 1, 1, 1, 0, 0, 0, 0, 1, 0, 1, 1, 0, 1, 0, 0, 0, 0]",1.000064377614585,1.146376006016189,1.366120218579235
126,D1,2007,Bayern Munich,"[1, 1, 1, 1, 1, 1, 1, 1, 0, 1, 1, 1, 1, 1, 1, 0, 1, 1, 1, 1, 1, 1, 1, 1]",1.543199464743451,1.0,1.3106159895150722
127,D1,2007,Bielefeld,"[1, 1, 0, 1, 0, 0, 0, 0, 0, 1, 0, 0, 0, 1, 0, 0, 0, 0, 0, 1, 0, 1, 1, 0]",1.0000018816799632,1.0,1.4619883040935673
128,D1,2007,Bochum,"[1, 1, 0, 0, 0, 0, 0, 0, 1, 1, 1, 0, 0, 1, 0, 1, 1, 0, 1, 0, 0, 1, 0]",1.0001049637617005,1.1589763905281354,1.4184397163120568
129,D1,2007,Cottbus,"[0, 0, 0, 0, 0, 0, 1, 0, 0, 1, 1, 0, 0, 0, 0, 1, 0, 1, 1, 1, 0, 1, 0, 1, 0]",1.0000047384037907,5.595514430644334,1.0362694300518134
130,D1,2007,Dortmund,"[0, 0, 1, 1, 1, 0, 0, 0, 1, 0, 0, 1, 1, 0, 0, 1, 1, 0, 0, 1, 0, 0, 1, 0]",1.0000273827455919,1.0,1.5105740181268883
131,D1,2007,Duisburg,"[1, 0, 0, 1, 0, 0, 0, 0, 0, 1, 0, 0, 0, 0, 1, 0, 0, 0, 1, 0, 0, 1, 0, 1, 0, 1, 0, 0, 0]",1.0000000147804569,1.095567430935781,1.3888888888888888
132,D1,2007,Ein Frankfurt,"[1, 1, 0, 1, 0, 1, 0, 0, 1, 1, 1, 0, 1, 0, 1, 1, 1, 0, 0, 0, 0, 0, 0, 1]",1.0002442002442002,2.2917545642708785,2.8901734104046244
133,D1,2007,Hamburg,"[1, 1, 0, 0, 1, 1, 1, 1, 1, 1, 1, 0, 1, 1, 1, 0, 0, 0, 1, 0, 0, 1]",1.0069787753789607,11.9336191745077,10.869565217391305
134,D1,2007,Hannover,"[0, 1, 0, 1, 0, 1, 1, 1, 1, 0, 0, 1, 1, 0, 0, 0, 1, 0, 0, 1, 1, 1, 0, 1]",1.0006383553064375,1.433367307217438,1.893939393939394
135,D1,2007,Hansa Rostock,"[0, 0, 0, 0, 0, 1, 1, 1, 0, 0, 1, 0, 0, 0, 1, 0, 1, 0, 0, 0, 0, 1, 0, 0, 0, 0, 0, 1]",1.0000000241572442,1.0,1.4749262536873156
136,D1,2007,Hertha,"[0, 1, 0, 1, 1, 1, 0, 0, 0, 1, 0, 1, 0, 0, 0, 0, 1, 1, 1, 0, 0, 0, 1, 1, 1, 0]",1.000043124234921,1.0,1.51285930408472
137,D1,2007,Karlsruhe,"[1, 0, 0, 1, 1, 0, 1, 1, 1, 1, 0, 1, 0, 1, 0, 1, 0, 0, 0, 0, 1, 0, 0, 0]",1.0000859438183252,23.747131694799986,19.607843137254903
138,D1,2007,Leverkusen,"[0, 1, 1, 1, 1, 0, 0, 0, 1, 1, 1, 1, 1, 0, 1, 1, 0, 1, 1, 0, 0, 0, 1, 0, 0, 0, 1, 0]",1.0001603743215302,3.6726779667447973,4.566210045662101
139,D1,2007,Nurnberg,"[0, 1, 0, 0, 0, 0, 1, 0, 0, 0, 1, 0, 1, 0, 0, 0, 0, 0, 1, 0, 1, 1, 0, 0]",1.0000003790022123,1.492252565710692,1.243781094527363
140,D1,2007,Schalke 04,"[1, 1, 1, 1, 0, 0, 1, 1, 1, 1, 1, 0, 0, 0, 1, 1, 1, 1, 0, 1, 1, 1, 1, 1]",1.032712566805831,1.0,1.466275659824047
141,D1,2007,Stuttgart,"[0, 1, 0, 1, 0, 1, 0, 0, 0, 1, 1, 1, 1, 0, 1, 0, 0, 0, 1, 1, 1, 1, 1, 1, 0, 1, 0, 1, 0, 0]",1.0000803555384554,1.0,1.6556291390728477
142,D1,2007,Werder Bremen,"[0, 1, 1, 0, 1, 1, 1, 1, 1, 1, 1, 1, 0, 1, 0, 1, 0, 1, 0, 0, 0, 1, 1, 1, 1, 1, 1, 1]",1.0090809969140144,2.3707434785811916,2.881844380403458
143,D1,2007,Wolfsburg,"[0, 1, 0, 0, 1, 1, 1, 0, 0, 0, 0, 1, 1, 1, 1, 0, 1, 1, 1, 1, 0, 0, 1, 1, 1]",1.0021815310542643,6.610424774849898,1.0319917440660475
144,D1,2008,Bayern Munich,"[1, 1, 0, 0, 1, 1, 1, 1, 1, 1, 1, 1, 0, 1, 0, 0, 1, 1, 1, 0, 1, 1, 0, 1, 1, 1, 1]",1.020631459915856,1.6698131289376772,2.207505518763797
145,D1,2008,Bielefeld,"[0, 0, 1, 0, 0, 0, 0, 1, 0, 1, 0, 1, 0, 0, 0, 0, 0, 0]",1.0000013215632397,1.0,1.3774104683195592
146,D1,2008,Bochum,"[0, 0, 1, 0, 0, 0, 0, 0, 0, 1, 0, 1, 1, 0, 1, 0, 1, 0, 0, 0, 0, 0, 1]",1.0000020752630105,1.7329460328929127,1.1415525114155252
147,D1,2008,Cottbus,"[0, 0, 0, 1, 0, 0, 0, 0, 0, 1, 0, 1, 0, 0, 1, 1, 0, 0, 0, 0, 0, 1, 0, 1, 0, 0, 0, 1]",1.0000000241572442,2.370743478581193,1.1235955056179776
148,D1,2008,Dortmund,"[1, 1, 0, 1, 1, 0, 1, 1, 1, 0, 0, 1, 1, 1, 1, 1, 1, 1, 0, 1]",1.0596739654400538,1.5924977898169417,1.152073732718894
149,D1,2008,Ein Frankfurt,"[0, 0, 0, 0, 1, 1, 0, 1, 0, 1, 0, 1, 0, 0, 0, 1, 0, 1, 0, 1, 0, 0, 0, 0, 0]",1.0000011529228345,2.042007077426557,2.4630541871921183
150,D1,2008,FC Koln,"[0, 1, 0, 0, 1, 1, 1, 0, 0, 1, 1, 0, 0, 0, 0, 1, 1, 0, 0, 1, 0, 0, 0, 0, 1, 0, 0, 1]",1.0000020858643386,1.405422818414341,1.953125
151,D1,2008,Hamburg,"[1, 1, 1, 0, 1, 1, 0, 1, 0, 1, 0, 1, 1, 1, 1, 0, 1, 1, 0, 0, 1, 1, 1, 0, 1, 0, 0, 1, 0, 1]",1.0010591193918743,3.6856769773913216,4.566210045662101
152,D1,2008,Hannover,"[0, 0, 1, 0, 1, 0, 0, 1, 0, 0, 1, 0, 1, 0, 0, 1, 0, 0, 1, 0, 1, 1, 1, 0]",1.0000273827455919,2.326647156585547,1.124859392575928
153,D1,2008,Hertha,"[1, 0, 1, 0, 1, 1, 1, 0, 1, 1, 1, 1, 0, 1, 1, 1, 0, 1, 1, 1, 0, 0, 0, 1, 1, 1, 1, 0]",1.0044080667937543,1.4307425518952903,2.05761316872428
154,D1,2008,Hoffenheim,"[1, 1, 0, 1, 0, 1, 1, 1, 1, 1, 0, 1, 1, 1, 0, 1, 0, 0, 0, 0, 0, 1, 1, 1]",1.003565380454712,4.475807525952268,4.975124378109452
155,D1,2008,Karlsruhe,"[1, 0, 0, 0, 1, 1, 0, 0, 0, 0, 0, 0, 0, 0, 1, 0, 0, 1, 0, 0, 0, 0, 0, 0, 1, 0, 0, 1, 1]",1.0000000147804569,1.095567430935781,1.4347202295552368
156,D1,2008,Leverkusen,"[0, 1, 1, 0, 1, 1, 0, 1, 1, 1, 1, 1, 0, 0, 1, 0, 1, 0, 0, 0, 1, 0, 0, 1, 0, 1, 0]",1.0001958937576536,5.159462344712264,6.4935064935064934
157,D1,2008,MGladbach,"[0, 0, 1, 0, 0, 0, 0, 1, 0, 0, 1, 0, 0, 0, 0, 0, 1, 0, 1, 1, 0, 0, 0, 0, 1, 1, 0]",1.0000001356566086,2.812055916609088,1.0787486515641855
158,D1,2008,Schalke 04,"[1, 1, 1, 0, 1, 1, 0, 0, 1, 0, 1, 0, 1, 0, 1, 1, 0, 0, 1, 1, 1, 1, 0, 0, 0, 0]",1.0003199999365238,2.2139588896675235,2.785515320334262
159,D1,2008,Stuttgart,"[1, 0, 1, 1, 0, 1, 0, 1, 0, 0, 0, 1, 1, 1, 1, 1, 1, 0, 1, 1, 1, 1, 1, 1, 1, 1, 0]",1.010485715175889,8.061245980155789,1.0330578512396693
160,D1,2008,Werder Bremen,"[0, 1, 1, 1, 0, 0, 1, 1, 0, 1, 0, 1, 0, 0, 0, 1, 0, 1, 0, 1, 0, 1, 1, 0, 0]",1.000149609722819,1.7798390893831888,2.375296912114014
161,D1,2008,Wolfsburg,"[1, 1, 0, 1, 0, 1, 0, 1, 0, 1, 1, 0, 1, 1, 1, 1, 1, 1, 1, 1, 1, 1, 0, 1, 0, 1, 1, 1]",1.0181411867357049,4.870410398884454,1.0330578512396693
162,D1,2009,Bayern Munich,"[0, 1, 1, 1, 0, 1, 1, 1, 1, 1, 1, 1, 1, 1, 1, 1, 1, 1, 0, 0, 1, 1, 1, 1]",1.1263248245189097,1.0,1.4144271570014144
163,D1,2009,Bochum,"[0, 1, 0, 0, 0, 1, 0, 0, 0, 0, 1, 0, 1, 1, 1, 0, 0, 0, 0, 0, 0, 0, 0, 0]",1.0000000596046483,1.0,1.5384615384615385
164,D1,2009,Dortmund,"[1, 0, 0, 0, 1, 1, 1, 1, 1, 1, 1, 1, 1, 0, 0, 0, 1, 0, 1, 1, 1, 1, 0, 1, 0]",1.0047447730400427,5.5955144306443385,5.714285714285714
165,D1,2009,Ein Frankfurt,"[1, 1, 0, 0, 1, 0, 1, 0, 0, 1, 1, 1, 0, 1, 1, 0, 0, 0, 1, 1, 1, 0, 0, 0]",1.0002442002442002,2.2917545642708785,2.8735632183908044
166,D1,2009,FC Koln,"[0, 0, 0, 0, 1, 0, 1, 0, 1, 0, 1, 0, 1, 1, 0, 0, 0, 1, 0, 1, 1, 0, 0]",1.000032936368384,1.7424339504346935,1.1547344110854503
167,D1,2009,Freiburg,"[0, 0, 1, 0, 1, 1, 0, 0, 0, 0, 1, 0, 1, 0, 0, 0, 0, 0, 0, 0, 0, 1, 0, 1, 1, 1]",1.0000010244707045,1.4396280507508081,2.0080321285140563
168,D1,2009,Hamburg,"[1, 1, 1, 1, 1, 1, 0, 0, 1, 1, 1, 0, 1, 0, 1, 0, 0, 1, 0, 0, 1]",1.0083338353555462,17.89849005848766,17.857142857142858
169,D1,2009,Hannover,"[0, 1, 0, 0, 1, 0, 1, 1, 0, 0, 0, 0, 0, 0, 0, 0, 0, 0, 0, 1, 1, 0, 0, 1, 0, 0, 1, 1]",1.0000001256558595,1.4307425518952905,1.2531328320802004
170,D1,2009,Hertha,"[1, 0, 0, 0, 0, 0, 0, 0, 0, 0, 0, 0, 0, 0, 1, 0, 1, 0, 0, 0, 1, 1, 0, 0, 0]",1.0000000040959993,7.634328976379781,1.0101010101010102
171,D1,2009,Hoffenheim,"[0, 1, 1, 1, 1, 0, 0, 1, 1, 0, 1, 0, 0, 0, 0, 0, 1, 0, 1, 0, 0, 0, 0, 1, 1]",1.0000526568633756,3.114541575338692,3.9840637450199203
172,D1,2009,Leverkusen,"[1, 1, 1, 1, 1, 1, 1, 1, 1, 1, 1, 1, 1, 0, 1, 0, 0, 0, 0, 1]",1.0596739654400538,66.86117066887455,45.45454545454545
173,D1,2009,MGladbach,"[1, 0, 1, 0, 0, 0, 0, 0, 1, 1, 1, 0, 1, 0, 0, 1, 0, 1, 0, 0, 1, 0, 1, 0, 0]",1.0000167774974797,1.8781289297349788,2.493765586034913
174,D1,2009,Mainz,"[1, 0, 1, 1, 0, 1, 0, 1, 1, 0, 0, 0, 1, 0, 1, 0, 1, 1, 0, 0, 0, 1, 1]",1.0007804162586758,1.1949528652152706,1.3458950201884252
175,D1,2009,Nurnberg,"[0, 0, 1, 0, 0, 0, 1, 0, 0, 1, 0, 0, 0, 0, 0, 1, 0, 0, 1, 1, 0, 1, 0, 0, 0, 0, 1]",1.0000001356566086,2.812055916609088,1.0893246187363834
176,D1,2009,Schalke 04,"[1, 1, 0, 1, 0, 1, 1, 1, 1, 0, 1, 1, 1, 1, 1, 1, 0, 1, 1, 1, 1, 0, 0, 1, 1, 0]",1.0172411895220552,1.4844573025701866,2.0120724346076457
177,D1,2009,Stuttgart,"[0, 1, 0, 0, 1, 0, 0, 0, 0, 1, 1, 1, 1, 1, 0, 1, 1, 0, 1, 1, 1, 1, 1, 1]",1.003565380454712,27.30428846364506,1.0070493454179255
178,D1,2009,Werder Bremen,"[0, 1, 1, 1, 1, 1, 1, 1, 0, 0, 0, 0, 0, 1, 1, 1, 1, 1, 1, 0, 1, 1, 1, 1]",1.0162119954450757,5.143960942004586,1.0330578512396693
179,D1,2009,Wolfsburg,"[1, 1, 0, 0, 0, 1, 1, 1, 1, 0, 0, 0, 0, 0, 0, 1, 1, 1, 1, 0, 1, 1, 1, 0, 0, 1]",1.0003199999365238,2.2139588896675235,1.1507479861910241
180,D1,2010,Bayern Munich,"[1, 0, 1, 0, 0, 1, 1, 1, 1, 0, 1, 1, 1, 1, 0, 1, 1, 0, 0, 1, 1, 1, 1, 1, 1, 1]",1.0172411895220552,1.4844573025701866,1.2610340479192939
181,D1,2010,Dortmund,"[0, 1, 1, 1, 1, 1, 1, 1, 1, 1, 1, 1, 1, 1, 1, 0, 1, 1, 1, 1, 1, 0, 1, 1, 0, 1, 0, 1]",1.0680066232814376,6.5595193124701385,6.289308176100629
182,D1,2010,Ein Frankfurt,"[0, 0, 1, 0, 0, 1, 1, 1, 1, 1, 0, 0, 1, 0, 1, 0, 0, 0, 0, 0, 0, 0, 1, 0, 0, 0, 0]",1.0000006272258672,17.36558961482732,14.492753623188406
183,D1,2010,FC Koln,"[0, 0, 1, 0, 0, 0, 0, 1, 0, 0, 1, 0, 1, 0, 1, 0, 1, 1, 1, 0, 1, 0, 1, 0, 0, 0, 1, 1, 1]",1.0000132324636137,4.710188252065446,1.044932079414838
184,D1,2010,Freiburg,"[0, 1, 1, 1, 0, 0, 1, 0, 1, 0, 1, 1, 0, 0, 1, 1, 1, 0, 1, 0, 0, 0, 0, 1, 0, 0, 1, 0, 0]",1.0000132324636137,2.796305669936188,3.3444816053511706
185,D1,2010,Hamburg,"[1, 1, 0, 0, 1, 1, 0, 1, 0, 0, 1, 0, 0, 1, 1, 1, 0, 1, 0, 1, 0, 0, 1, 0, 0]",1.000149609722819,1.169291329729407,1.408450704225352
186,D1,2010,Hannover,"[1, 1, 0, 1, 1, 0, 0, 1, 0, 0, 1, 1, 1, 1, 1, 0, 1, 0, 0, 1, 1, 1, 1, 0, 1, 0, 1, 1, 0, 0, 1]",1.0006473805833505,1.1221877249077818,1.6260162601626016
187,D1,2010,Hoffenheim,"[1, 1, 1, 0, 0, 1, 1, 0, 0, 1, 0, 1, 1, 0, 0, 0, 1, 0, 0, 1, 0, 0, 1, 0]",1.0000859438183252,4.2183792895206045,4.424778761061947
188,D1,2010,Kaiserslautern,"[1, 1, 0, 0, 0, 0, 0, 0, 1, 0, 1, 1, 0, 1, 0, 0, 0, 0, 1, 1, 0, 1, 0, 1, 1, 1, 1]",1.0000747424113352,1.707952953687042,1.221001221001221
189,D1,2010,Leverkusen,"[1, 0, 1, 1, 1, 0, 1, 1, 1, 1, 1, 0, 1, 1, 0, 1, 1, 1, 1, 1, 1, 1, 0, 1, 0, 1]",1.0341442470695272,1.0,1.4727540500736378
190,D1,2010,MGladbach,"[1, 0, 0, 0, 0, 0, 0, 1, 0, 0, 0, 0, 0, 1, 0, 1, 0, 0, 1, 0, 1, 0, 0, 1, 0, 1, 1, 1]",1.0000005492724295,8.078941288262076,1.0266940451745379
191,D1,2010,Mainz,"[1, 1, 1, 1, 1, 1, 1, 0, 1, 0, 0, 0, 1, 1, 0, 0, 1, 0, 0, 1, 0, 0, 1, 1, 0, 0, 1, 1, 1, 1]",1.00047040616249,2.112493182879084,2.710027100271003
192,D1,2010,Nurnberg,"[0, 1, 0, 1, 0, 1, 1, 1, 0, 0, 0, 0, 1, 0, 1, 1, 1, 1, 1, 1, 0, 0, 1, 0, 0, 0]",1.0001220852154804,1.4108764237406923,1.2658227848101267
193,D1,2010,Schalke 04,"[0, 0, 0, 0, 1, 0, 0, 1, 1, 0, 1, 1, 1, 0, 1, 0, 1, 0, 0, 1, 0, 1, 1, 0, 0, 0, 0]",1.0000085188245282,1.2125502788520504,1.7761989342806395
194,D1,2010,St Pauli,"[1, 0, 0, 1, 0, 1, 1, 0, 0, 0, 0, 0, 1, 0, 0, 1, 1, 1, 0, 0, 0, 0, 0, 0, 0, 0, 0, 0, 0]",1.0000000147804569,2.04413799892975,2.525252525252525
195,D1,2010,Stuttgart,"[0, 0, 0, 1, 0, 0, 0, 1, 0, 1, 0, 0, 0, 0, 1, 0, 1, 0, 0, 1, 1, 1, 0, 1, 1, 1, 1, 0]",1.0000070522559947,46.4413533564271,1.002004008016032
196,D1,2010,Werder Bremen,"[0, 1, 0, 0, 1, 1, 1, 0, 0, 0, 1, 0, 0, 1, 0, 0, 0, 1, 1, 1, 0, 1, 0]",1.0001049637617005,1.1589763905281354,1.3812154696132597
197,D1,2010,Wolfsburg,"[0, 0, 0, 1, 1, 1, 0, 0, 1, 0, 1, 0, 0, 0, 0, 1, 0, 0, 0, 1, 1, 0, 1]",1.000032936368384,1.2414066926385345,1.733102253032929
198,D1,2011,Augsburg,"[0, 0, 0, 0, 1, 0, 0, 0, 1, 0, 1, 0, 0, 1, 1, 1, 0, 0, 1, 1]",1.0001048685962692,13.406317352747092,1.0070493454179255
199,D1,2011,Bayern Munich,"[0, 1, 1, 1, 1, 1, 1, 1, 0, 1, 1, 0, 0, 1, 1, 1, 0, 1, 1, 1, 0, 1, 1, 1, 1, 1, 0, 1, 1, 1]",1.0189341066500277,1.472908481613415,1.2836970474967908
200,D1,2011,Dortmund,"[1, 0, 1, 0, 0, 1, 1, 1, 1, 1, 1, 1, 1, 1, 1, 1, 1, 1, 1, 1, 1, 1, 1, 1, 1, 1, 1, 1]",1.2572603842306809,12.154084747229547,1.0
201,D1,2011,FC Koln,"[0, 0, 1, 0, 1, 1, 0, 1, 0, 1, 0, 0, 1, 0, 0, 0, 1, 0, 0, 0, 1, 0, 0, 0, 0, 0, 0, 0]",1.0000000241572442,9.760930850878589,10.989010989010989
202,D1,2011,Freiburg,"[0, 0, 1, 0, 0, 0, 1, 0, 0, 0, 1, 0, 0, 1, 0, 0, 0, 1, 1, 1, 1, 1, 1, 0]",1.0000273827455919,9.399600179321332,1.0204081632653061
203,D1,2011,Hamburg,"[0, 0, 0, 0, 0, 1, 0, 1, 1, 1, 0, 1, 1, 0, 0, 0, 0, 0, 1, 0, 1, 0]",1.0000147009957618,1.0,1.4880952380952381
204,D1,2011,Hannover,"[1, 1, 0, 1, 1, 0, 1, 0, 0, 1, 1, 1, 0, 0, 1, 0, 1, 0, 1, 0, 0, 1]",1.0012732005270761,2.4032857458720343,3.0120481927710845
205,D1,2011,Hertha,"[0, 1, 1, 0, 1, 0, 1, 0, 0, 0, 0, 0, 0, 0, 0, 1, 0, 0, 1, 0, 0, 0, 0, 1]",1.0000003790022123,1.492252565710692,2.0161290322580645
206,D1,2011,Hoffenheim,"[0, 1, 1, 0, 1, 1, 0, 0, 1, 0, 0, 0, 1, 0, 1, 0, 0, 1, 1, 1, 0, 0, 0]",1.0001049637617005,1.1589763905281354,1.3736263736263736
207,D1,2011,Kaiserslautern,"[0, 0, 0, 1, 0, 0, 1, 1, 0, 0, 0, 0, 0, 0, 0, 0, 0, 0, 0, 0, 1, 0, 0]",1.0000000044020372,3.033030026742699,2.9154518950437316
208,D1,2011,Leverkusen,"[0, 1, 1, 1, 0, 0, 1, 0, 1, 1, 1, 0, 1, 0, 1, 1, 1, 0, 0, 0, 0, 1, 1, 1, 1]",1.0021815310542643,1.1404610508219608,1.644736842105263
209,D1,2011,MGladbach,"[1, 1, 0, 1, 1, 1, 0, 0, 1, 1, 1, 1, 0, 1, 1, 1, 1, 1, 0, 1, 0, 0, 1, 0, 1]",1.0098712685905176,1.1155165308852732,1.6051364365971108
210,D1,2011,Mainz,"[1, 1, 0, 0, 0, 0, 0, 0, 1, 1, 0, 0, 1, 1, 0, 1, 0, 0, 1, 0, 1, 0]",1.000053708304116,1.4654132519766008,1.2376237623762376
211,D1,2011,Nurnberg,"[1, 0, 0, 1, 1, 0, 0, 0, 0, 0, 1, 0, 0, 1, 1, 0, 0, 1, 1, 1, 0, 0, 0, 0, 1, 1, 1, 0]",1.0000070522559947,2.156578207112444,1.17096018735363
212,D1,2011,Schalke 04,"[0, 1, 1, 1, 0, 0, 1, 1, 0, 1, 1, 1, 0, 1, 1, 1, 1, 1, 0, 1, 0, 0, 1, 1, 1, 1, 0, 0, 1, 1]",1.0022888852923264,1.0,1.5360983102918586
213,D1,2011,Stuttgart,"[1, 0, 0, 1, 1, 0, 1, 1, 0, 1, 0, 0, 0, 0, 0, 1, 0, 1, 1, 1, 1, 1, 1, 1, 0, 1]",1.0007850071902127,3.985282010464006,1.0515247108307044
214,D1,2011,Werder Bremen,"[1, 0, 1, 1, 1, 1, 0, 0, 1, 1, 0, 1, 0, 1, 0, 1, 0, 0, 1, 0, 0, 0, 0, 0, 0]",1.0000526568633756,14.429432316101646,13.157894736842104
215,D1,2011,Wolfsburg,"[1, 0, 0, 0, 1, 0, 1, 0, 1, 0, 0, 1, 0, 0, 1, 1, 0, 1, 0, 0, 1, 1, 1, 1, 0, 0, 0, 1, 0]",1.0000132324636137,1.6546326752135534,1.2106537530266344
216,D1,2012,Augsburg,"[0, 0, 0, 0, 1, 0, 0, 0, 0, 0, 0, 1, 0, 1, 1, 0, 1, 0, 0, 1, 0, 1, 0, 0, 1]",1.0000011529228345,13.59286656555506,1.0121457489878543
217,D1,2012,Bayern Munich,"[1, 1, 1, 1, 1, 1, 1, 1, 0, 1, 1, 1, 1, 1, 1, 1, 1, 1, 1, 1, 1, 1, 1, 1, 1, 1, 1, 1, 1, 1]",2.508673743496829,2.991486736749604,1.0
218,D1,2012,Dortmund,"[1, 1, 0, 1, 0, 1, 1, 1, 1, 0, 1, 1, 1, 1, 0, 1, 1, 0, 1, 1, 1, 1, 1, 1, 0]",1.0385653185700183,1.0927524725131645,1.589825119236884
219,D1,2012,Ein Frankfurt,"[1, 1, 1, 1, 1, 0, 1, 0, 0, 1, 0, 0, 1, 1, 0, 1, 1, 0, 0, 0, 1, 0, 0, 1, 1]",1.0009520715919464,1.7213174941320755,2.2675736961451247
220,D1,2012,Fortuna Dusseldorf,"[1, 1, 0, 0, 0, 0, 0, 1, 1, 0, 1, 0, 0, 1, 0, 1, 0, 0, 0, 0, 0, 0, 0, 0, 0]",1.0000002322183192,4.196674638349662,4.201680672268908
221,D1,2012,Freiburg,"[0, 1, 0, 0, 1, 1, 0, 1, 1, 0, 1, 1, 0, 1, 1, 0, 0, 1, 1, 1, 0, 0, 1, 1, 0]",1.0009520715919464,1.20449348329532,1.3440860215053763
222,D1,2012,Greuther Furth,"[0, 1, 0, 0, 0, 0, 0, 0, 0, 0, 0, 0, 0, 1, 0, 0, 0, 0, 0, 0, 1, 0, 1, 0, 0]",1.000000000281475,3.7261833387030685,1.0427528675703859
223,D1,2012,Hamburg,"[0, 0, 0, 1, 1, 1, 0, 1, 0, 1, 0, 1, 1, 0, 1, 0, 1, 1, 0, 1, 0, 0, 0, 1, 1, 0, 1, 0]",1.0000610388817677,1.0,1.524390243902439
224,D1,2012,Hannover,"[1, 1, 0, 1, 0, 0, 0, 1, 1, 0, 0, 1, 0, 1, 0, 0, 1, 0, 1, 1, 0, 0, 1, 0, 0, 1, 0, 1]",1.0000216273787577,1.394191536215651,2.0161290322580645
225,D1,2012,Hoffenheim,"[0, 0, 0, 1, 1, 0, 0, 1, 0, 0, 0, 0, 0, 0, 0, 1, 0, 0, 0, 0, 1, 0, 1, 0, 1, 0, 1]",1.0000001356566086,2.812055916609088,1.091703056768559
226,D1,2012,Leverkusen,"[0, 1, 0, 1, 1, 1, 1, 0, 1, 1, 1, 1, 0, 1, 1, 0, 1, 1, 0, 0, 1, 1, 1, 1, 1, 1]",1.0172411895220552,1.4844573025701866,1.2285012285012284
227,D1,2012,MGladbach,"[1, 0, 0, 1, 0, 1, 1, 0, 1, 1, 1, 0, 0, 1, 1, 0, 1, 0, 1, 0, 0, 1, 0]",1.0007804162586758,1.7907289630377372,2.4390243902439024
228,D1,2012,Mainz,"[0, 0, 1, 0, 1, 1, 1, 0, 1, 0, 0, 1, 1, 0, 1, 1, 0, 1, 0, 0, 0, 0]",1.0001711688931327,1.0,1.5625
229,D1,2012,Nurnberg,"[1, 1, 0, 0, 0, 0, 0, 1, 0, 1, 0, 1, 0, 1, 1, 1, 1, 0, 0, 0, 0, 1, 1]",1.000299532124069,1.790728963037736,1.1627906976744187
230,D1,2012,Schalke 04,"[1, 1, 0, 1, 1, 1, 1, 0, 1, 0, 0, 0, 0, 1, 0, 0, 1, 1, 1, 0, 1, 1, 0, 1, 1, 0, 1]",1.0011125351463466,1.2125502788520512,1.3386880856760375
231,D1,2012,Stuttgart,"[0, 0, 0, 1, 1, 1, 0, 1, 0, 1, 1, 1, 0, 0, 0, 0, 0, 1, 0, 0, 1, 0, 1, 1, 0, 0, 1]",1.0000264021157483,1.7728555629700242,2.5316455696202533
232,D1,2012,Werder Bremen,"[0, 1, 0, 1, 0, 0, 1, 1, 0, 1, 0, 1, 0, 0, 0, 1, 1, 0, 0, 0, 0, 0, 0, 0]",1.0000018816799632,10.960350281743487,10.416666666666666
233,D1,2012,Wolfsburg,"[1, 0, 0, 0, 0, 0, 1, 0, 1, 1, 0, 1, 0, 1, 0, 1, 0, 0, 1, 1, 1]",1.0005998843070971,3.2999385857932992,1.0570824524312896
234,D1,2013,Augsburg,"[0, 0, 1, 1, 1, 0, 0, 0, 0, 1, 0, 1, 1, 1, 1, 1, 0, 1, 1, 0, 0, 0, 1, 0, 1, 1, 1]",1.000480469748762,1.7728555629700244,1.1904761904761905
235,D1,2013,Bayern Munich,"[1, 1, 1, 1, 1, 1, 1, 1, 1, 1, 1, 1, 1, 1, 1, 1, 1, 1, 1, 1, 1, 1, 1, 1, 1, 0, 0, 1, 1, 1, 1]",1.5816356259190494,6.085764297825455,4.566210045662101
236,D1,2013,Braunschweig,"[0, 0, 0, 0, 0, 0, 1, 0, 0, 1, 0, 0, 0, 0, 1, 0, 0, 1, 0, 0, 1, 1, 0, 0, 0, 0, 0]",1.0000000032228296,3.0484830975519905,1.0638297872340425
237,D1,2013,Dortmund,"[1, 1, 1, 1, 1, 1, 0, 1, 1, 1, 0, 0, 1, 0, 0, 1, 1, 1, 0, 1, 1, 0, 1, 1, 1, 1, 1, 1, 1]",1.0213561402897722,4.133358572597109,1.0626992561105206
238,D1,2013,Ein Frankfurt,"[0, 0, 1, 0, 1, 0, 0, 0, 0, 0, 1, 1, 0, 1, 0, 1, 0, 1, 1, 0, 1, 0, 0, 0, 0]",1.0000047384037907,1.6934713679658733,1.1890606420927468
239,D1,2013,Freiburg,"[0, 0, 0, 0, 0, 1, 0, 1, 0, 0, 0, 1, 1, 0, 0, 0, 0, 1, 1, 1, 0, 1, 1, 0, 0]",1.0000047384037907,1.6934713679658733,1.2048192771084338
240,D1,2013,Hamburg,"[0, 0, 1, 0, 0, 1, 1, 0, 0, 1, 0, 0, 0, 0, 0, 0, 0, 1, 0, 1, 0, 0, 1, 0, 0, 0, 0, 0]",1.0000000037252903,1.478136879349582,1.949317738791423
241,D1,2013,Hannover,"[1, 0, 1, 1, 0, 1, 0, 0, 0, 0, 0, 1, 0, 0, 1, 1, 0, 0, 0, 1, 0, 0, 0, 0, 1, 1, 1, 1]",1.0000070522559947,2.156578207112444,1.1198208286674132
242,D1,2013,Hertha,"[1, 1, 0, 0, 1, 1, 0, 0, 1, 0, 1, 1, 1, 0, 0, 1, 0, 1, 0, 0, 0, 0, 0, 1, 0, 0]",1.0000139141738802,20.166957466185586,20.0
243,D1,2013,Hoffenheim,"[1, 0, 1, 0, 0, 1, 0, 0, 0, 1, 0, 0, 1, 1, 1, 0, 0, 1, 1, 1, 0, 0, 1]",1.000299532124069,6.230607262229361,1.0298661174047374
244,D1,2013,Leverkusen,"[1, 1, 1, 0, 1, 1, 1, 1, 1, 0, 1, 1, 1, 1, 0, 0, 0, 1, 1, 0, 0, 0, 0, 0, 1, 0, 1, 1, 1, 1]",1.0010591193918743,16.21395622819275,15.873015873015873
245,D1,2013,MGladbach,"[0, 1, 0, 1, 0, 1, 1, 0, 1, 1, 1, 1, 1, 1, 0, 0, 0, 0, 1, 1, 0, 1, 1, 0, 1, 1, 0]",1.0011125351463466,5.059171961836806,5.555555555555555
246,D1,2013,Mainz,"[1, 1, 1, 0, 0, 0, 0, 0, 1, 0, 1, 1, 0, 1, 1, 1, 0, 1, 1, 1, 0, 0, 1, 0, 1, 0, 1, 0, 1]",1.0002422216562439,1.1852614388792184,1.392757660167131
247,D1,2013,Nurnberg,"[0, 0, 0, 0, 0, 0, 1, 1, 0, 1, 1, 0, 0, 0, 0, 1, 0, 0, 0, 0, 0, 0, 0]",1.00000005124646,5.969822677911064,4.784688995215311
248,D1,2013,Schalke 04,"[0, 0, 1, 1, 0, 1, 1, 0, 1, 1, 1, 0, 1, 1, 1, 1, 1, 0, 1, 1, 1, 1, 1, 0, 0, 1, 1]",1.010485715175889,2.042944906164978,1.1534025374855825
249,D1,2013,Stuttgart,"[0, 0, 0, 1, 1, 1, 0, 1, 0, 0, 1, 0, 0, 0, 0, 0, 0, 0, 0, 1, 0, 0, 1, 1, 0, 0]",1.0000002215727783,2.4041360466134973,2.9239766081871346
250,D1,2013,Werder Bremen,"[1, 1, 0, 0, 0, 1, 0, 1, 0, 0, 0, 0, 1, 0, 0, 1, 1, 0, 0, 1, 0, 1, 0, 1, 0]",1.0000167774974797,1.1404610508219608,1.4749262536873156
251,D1,2013,Wolfsburg,"[0, 1, 0, 1, 0, 1, 0, 0, 1, 1, 1, 1, 1, 1, 0, 0, 1, 1, 1, 0, 0, 1, 1, 0, 1, 1, 1, 1]",1.002062992532928,1.0,1.557632398753894
252,D1,2014,Augsburg,"[0, 0, 1, 1, 0, 1, 0, 0, 1, 0, 1, 1, 1, 1, 0, 0, 1, 1, 1, 0, 0, 1, 0, 0, 0, 1, 0, 1, 0, 1]",1.000030518509476,1.3768000610028868,1.9801980198019802
253,D1,2014,Bayern Munich,"[1, 1, 1, 1, 1, 1, 1, 1, 1, 1, 1, 1, 1, 1, 0, 1, 1, 1, 1, 1, 1, 0, 1, 1, 1, 1, 0, 0, 0, 1]",1.06941059918755,6.467698700654719,5.9171597633136095
254,D1,2014,Dortmund,"[0, 1, 1, 0, 0, 0, 0, 0, 0, 1, 0, 1, 0, 0, 0, 1, 1, 1, 1, 1, 0, 0, 1, 1, 1, 0, 1]",1.0000747424113352,28.106762118095816,1.0030090270812437
255,D1,2014,Ein Frankfurt,"[1, 0, 1, 1, 0, 0, 0, 0, 1, 1, 1, 0, 0, 1, 0, 1, 0, 1, 0, 0, 0, 0, 1, 1]",1.0000859438183252,1.4333673072174375,1.9646365422396856
256,D1,2014,FC Koln,"[1, 0, 0, 0, 1, 1, 0, 1, 0, 0, 0, 1, 0, 1, 0, 0, 1, 0, 1, 1, 0]",1.0002090850312417,1.8085446032002612,1.1494252873563218
257,D1,2014,Freiburg,"[0, 0, 0, 0, 1, 1, 0, 0, 1, 0, 0, 1, 0, 0, 0, 1, 1, 0, 0, 1, 0]",1.0000169353746098,1.7784632898221726,1.17096018735363
258,D1,2014,Hamburg,"[0, 0, 0, 0, 1, 0, 1, 0, 1, 0, 1, 0, 0, 1, 1, 0, 0, 0, 0, 0, 0, 0, 1, 1, 0, 1]",1.0000010244707045,1.4396280507508081,1.267427122940431
259,D1,2014,Hannover,"[1, 1, 0, 1, 0, 0, 0, 1, 1, 1, 0, 0, 0, 1, 0, 0, 0, 0, 0, 0, 0, 0, 1, 1]",1.0000077335441881,4.475807525952268,4.739336492890995
260,D1,2014,Hertha,"[0, 0, 1, 0, 1, 0, 1, 0, 0, 1, 0, 0, 1, 0, 0, 0, 1, 0, 0, 1, 1, 1, 0, 0, 0, 0]",1.0000010244707045,1.4396280507508081,2.202643171806167
261,D1,2014,Hoffenheim,"[1, 1, 1, 1, 0, 0, 0, 1, 0, 1, 0, 1, 0, 0, 0, 1, 1, 0, 1, 0, 0, 0, 1, 0, 0, 1]",1.000043124234921,2.213958889667522,2.73972602739726
262,D1,2014,Leverkusen,"[1, 1, 0, 1, 1, 0, 1, 1, 0, 1, 1, 0, 0, 1, 1, 1, 1, 1, 1, 1, 1, 0, 1, 0]",1.0162119954450757,1.4922525657106922,1.2091898428053205
263,D1,2014,MGladbach,"[1, 1, 1, 1, 1, 0, 0, 0, 1, 1, 0, 1, 1, 0, 1, 1, 1, 1, 1, 1, 1, 1, 1, 1, 0]",1.0385653185700183,2.34269538596313,1.1123470522803114
264,D1,2014,Mainz,"[1, 1, 1, 0, 0, 0, 0, 0, 1, 0, 0, 1, 0, 1, 0, 1, 1, 0, 0, 1, 0]",1.0002090850312417,1.8085446032002612,1.1848341232227488
265,D1,2014,Paderborn,"[1, 1, 0, 0, 1, 0, 1, 0, 0, 0, 0, 0, 1, 0, 0, 0, 0, 0, 1, 0, 1, 0, 0, 0]",1.0000003790022123,1.492252565710692,1.968503937007874
266,D1,2014,Schalke 04,"[0, 0, 1, 1, 0, 1, 0, 1, 0, 1, 1, 1, 0, 1, 1, 1, 0, 0, 1, 0, 0, 1, 0, 1, 0]",1.0003910298510639,1.169291329729407,1.7452006980802792
267,D1,2014,Stuttgart,"[0, 0, 0, 1, 0, 1, 0, 0, 0, 1, 0, 1, 0, 0, 0, 0, 0, 1, 0, 1, 0, 0, 1, 1, 1]",1.0000047384037907,1.6934713679658733,1.1947431302270013
268,D1,2014,Werder Bremen,"[0, 0, 0, 0, 0, 1, 1, 0, 1, 0, 0, 1, 1, 1, 1, 1, 0, 1, 0, 0, 1, 1, 0, 0]",1.0000859438183252,4.2183792895206045,1.0526315789473684
269,D1,2014,Wolfsburg,"[0, 1, 0, 1, 1, 1, 1, 1, 1, 0, 1, 1, 1, 1, 1, 1, 1, 1, 0, 1, 1, 1, 0, 1, 1]",1.0737903080965856,1.4240369358458116,1.2091898428053205
270,D1,2015,Augsburg,"[0, 0, 0, 1, 0, 0, 0, 0, 0, 1, 1, 1, 1, 0, 0, 1, 0, 0, 0, 1, 1, 1, 0]",1.000032936368384,1.7424339504346935,1.183431952662722
271,D1,2015,Bayern Munich,"[1, 1, 1, 1, 1, 1, 1, 1, 1, 1, 1, 1, 1, 0, 1, 1, 1, 1, 1, 1, 1, 0, 1, 1, 1, 1, 1, 1, 1, 1]",1.551023315653171,1.0,1.2690355329949239
272,D1,2015,Darmstadt,"[1, 0, 1, 0, 1, 0, 0, 0, 1, 0, 0, 1, 0, 1, 0, 0, 0, 1, 1, 0, 0, 1, 0]",1.000032936368384,1.2414066926385345,1.8148820326678765
273,D1,2015,Dortmund,"[1, 1, 1, 1, 1, 0, 1, 1, 1, 1, 0, 1, 1, 1, 0, 1, 1, 1, 1, 1, 1, 1, 1, 1, 1, 1, 1, 0]",1.1306376598772285,1.0,1.4326647564469914
274,D1,2015,Ein Frankfurt,"[0, 1, 1, 0, 0, 0, 1, 0, 0, 0, 0, 1, 1, 0, 0, 0, 0, 1, 0, 0, 0, 1, 1, 1, 0]",1.0000047384037907,1.2504075805649362,1.8656716417910448
275,D1,2015,FC Koln,"[1, 1, 0, 1, 0, 1, 0, 0, 1, 0, 1, 0, 1, 0, 0, 0, 1, 0, 0, 1, 1]",1.0005998843070971,1.8899530183206625,2.487562189054726
276,D1,2015,Hamburg,"[0, 1, 0, 1, 1, 0, 0, 1, 0, 1, 1, 0, 0, 0, 0, 1, 0, 1, 0, 0, 1, 0, 0, 1, 0, 1]",1.0000139141738802,1.417584562397788,2.070393374741201
277,D1,2015,Hannover,"[0, 0, 0, 0, 0, 1, 1, 0, 1, 0, 0, 1, 0, 0, 0, 0, 0, 0, 0, 0, 1, 0, 0, 0, 0, 0, 1, 0, 1, 0]",1.0000000003308664,1.4729084816134135,1.9801980198019802
278,D1,2015,Hertha,"[1, 0, 1, 0, 1, 1, 0, 1, 0, 1, 1, 0, 1, 1, 1, 0, 1, 1, 0, 1, 1, 0, 0, 0, 0, 0]",1.0003199999365238,2.2139588896675235,3.067484662576687
279,D1,2015,Hoffenheim,"[0, 0, 0, 0, 1, 0, 0, 0, 1, 0, 0, 0, 1, 0, 1, 0, 1, 1, 1, 1, 0, 1, 0, 0]",1.0000077335441881,27.304288463645076,1.0050251256281406
280,D1,2015,Ingolstadt,"[1, 0, 1, 1, 0, 1, 0, 0, 1, 0, 0, 0, 1, 0, 1, 0, 1, 0, 1, 1, 0, 0, 0, 0]",1.0000273827455919,1.0,1.5037593984962405
281,D1,2015,Leverkusen,"[1, 1, 0, 0, 0, 1, 1, 1, 0, 0, 1, 0, 1, 1, 1, 1, 0, 0, 0, 1, 1, 1, 1, 1, 1, 1, 0, 1]",1.002062992532928,2.2269171779751695,1.1402508551881414
282,D1,2015,MGladbach,"[0, 0, 0, 0, 0, 1, 1, 1, 1, 1, 1, 1, 1, 0, 1, 0, 0, 1, 0, 1, 1, 0, 1, 0, 1, 0, 0, 1, 1, 1]",1.0001995269871187,1.381306779628721,2.0
283,D1,2015,Mainz,"[0, 1, 1, 0, 1, 0, 0, 1, 0, 0, 1, 1, 1, 0, 0, 1, 1, 1, 0, 1, 1, 0, 1, 0, 0, 1]",1.0003199999365238,1.0,1.5267175572519085
284,D1,2015,Schalke 04,"[1, 0, 1, 1, 1, 1, 0, 1, 0, 0, 0, 1, 0, 1, 0, 1, 1, 0, 1, 1, 0, 1, 0, 0, 0, 1, 1]",1.000480469748762,1.1498501929607132,1.6778523489932886
285,D1,2015,Stuttgart,"[0, 0, 0, 0, 0, 1, 0, 1, 0, 1, 0, 0, 0, 1, 1, 1, 1, 1, 0, 0, 1, 0, 0, 0, 0, 0, 0, 0]",1.0000001256558595,1.4307425518952905,1.287001287001287
286,D1,2015,Werder Bremen,"[0, 1, 1, 0, 0, 0, 0, 0, 1, 0, 1, 0, 0, 0, 1, 0, 0, 1, 1, 0, 0, 0, 1, 0, 1, 1]",1.0000040304007103,2.2702128930571153,1.1135857461024499
287,D1,2015,Wolfsburg,"[1, 1, 1, 0, 0, 1, 1, 1, 0, 1, 0, 0, 0, 0, 1, 0, 1, 1, 0, 0, 0, 0, 0, 1, 1]",1.000149609722819,1.7798390893831888,2.3094688221709005
288,D1,2016,Augsburg,"[0, 1, 0, 1, 0, 0, 0, 1, 0, 1, 0, 1, 1, 0, 0, 1, 0, 0, 0, 0, 1, 0, 1]",1.000032936368384,1.2414066926385345,1.7857142857142858
289,D1,2016,Bayern Munich,"[1, 1, 1, 1, 1, 1, 1, 0, 1, 1, 1, 1, 1, 1, 1, 1, 1, 1, 1, 1, 1, 0, 1, 1, 1, 1, 1]",1.5815225649569464,1.0431039090115772,1.3513513513513513
290,D1,2016,Darmstadt,"[0, 1, 0, 0, 0, 1, 0, 0, 0, 0, 0, 0, 0, 0, 0, 0, 1, 0, 0, 0, 1, 0, 0, 0, 0, 1, 1, 1, 0, 0]",1.0000000003308664,4.773974089246256,1.044932079414838
291,D1,2016,Dortmund,"[1, 0, 1, 1, 1, 0, 1, 1, 0, 1, 1, 1, 0, 1, 1, 1, 0, 1, 1, 0, 1, 1, 1, 1]",1.032712566805831,1.0,1.4727540500736378
292,D1,2016,Ein Frankfurt,"[1, 0, 1, 1, 0, 1, 1, 1, 1, 0, 1, 0, 1, 1, 0, 0, 0, 0, 0, 0, 0, 1, 0, 0, 0]",1.0000526568633756,160.63443693435354,76.92307692307692
293,D1,2016,FC Koln,"[1, 1, 1, 1, 0, 1, 0, 1, 0, 1, 1, 0, 0, 0, 1, 0, 1, 0, 0, 1, 1]",1.003725929702477,6.839411299246842,7.194244604316546
294,D1,2016,Freiburg,"[0, 1, 0, 1, 0, 1, 0, 1, 1, 0, 0, 0, 1, 1, 0, 1, 0, 1, 0, 1, 0, 1, 1, 0, 1, 0, 1, 0]",1.0000610388817677,1.0,1.5197568389057752
295,D1,2016,Hamburg,"[0, 0, 0, 0, 0, 0, 0, 0, 1, 1, 0, 1, 0, 0, 1, 1, 0, 1, 1, 1, 0, 1, 0, 0, 0, 1]",1.0000040304007103,8.629369143400933,1.027749229188078
296,D1,2016,Hertha,"[1, 1, 1, 0, 1, 1, 0, 1, 1, 1, 0, 0, 1, 0, 0, 1, 0, 1, 0, 1, 0, 0, 0, 1, 0, 1, 0, 0, 1, 0]",1.000030518509476,3.4565772647351185,4.608294930875576
297,D1,2016,Hoffenheim,"[1, 1, 1, 1, 1, 1, 1, 0, 1, 0, 1, 1, 1, 1, 1, 0, 1, 1, 0, 1]",1.1202902496016713,1.0,1.3774104683195592
298,D1,2016,Ingolstadt,"[0, 0, 0, 0, 0, 0, 0, 0, 1, 0, 1, 1, 0, 0, 1, 0, 0, 1, 0, 0, 0, 1, 1, 1, 0, 0]",1.0000002215727783,2.4041360466134973,1.1037527593818985
299,D1,2016,Leverkusen,"[0, 1, 0, 1, 1, 0, 0, 1, 1, 0, 0, 1, 0, 1, 0, 0, 1, 1, 0, 0, 0, 1, 0, 0, 0, 1]",1.0000139141738802,1.417584562397788,2.028397565922921
300,D1,2016,MGladbach,"[1, 0, 1, 1, 0, 0, 0, 0, 0, 1, 0, 0, 1, 1, 1, 0, 1, 1, 0, 0, 1, 1, 0, 0, 1]",1.000149609722819,2.92916459192525,1.1013215859030836
301,D1,2016,Mainz,"[0, 1, 1, 0, 1, 0, 1, 0, 1, 0, 0, 0, 1, 0, 0, 1, 0, 1, 0, 0, 0, 0, 0, 1, 0, 1, 0]",1.0000024675850911,1.8755823130992606,2.557544757033248
302,D1,2016,RB Leipzig,"[1, 1, 1, 1, 1, 1, 1, 1, 1, 1, 0, 1, 0, 1, 1, 0, 0, 1, 1, 0, 0, 1, 1, 1, 1, 1, 0]",1.020631459915856,5.849335505346753,6.451612903225806
303,D1,2016,Schalke 04,"[0, 0, 0, 0, 0, 1, 1, 1, 1, 1, 0, 0, 0, 1, 0, 1, 0, 1, 1, 0, 1, 0, 1, 0]",1.0000859438183252,1.4333673072174375,1.2610340479192939
304,D1,2016,Werder Bremen,"[0, 0, 0, 0, 1, 1, 0, 0, 0, 0, 1, 1, 0, 0, 0, 0, 1, 1, 1, 1, 1, 1, 1, 1, 1, 0, 0, 0]",1.0000216273787577,16.285698285444777,1.0060362173038229
305,D1,2016,Wolfsburg,"[1, 0, 0, 0, 0, 0, 1, 0, 0, 0, 1, 1, 1, 0, 0, 1, 0, 0, 1, 1, 0, 0, 1, 0, 0, 1, 0]",1.0000024675850911,1.1259216864190518,1.4347202295552368
306,D1,2017,Augsburg,"[0, 1, 1, 1, 0, 0, 1, 0, 1, 1, 0, 1, 0, 1, 0, 0, 0, 1, 0, 0, 1, 0, 0]",1.0001049637617005,6.934133353896997,6.993006993006993
307,D1,2017,Bayern Munich,"[1, 1, 0, 1, 1, 1, 1, 1, 1, 1, 0, 1, 1, 1, 1, 1, 1, 1, 1, 1, 1, 1, 1, 0, 1, 1, 1, 1, 1, 1, 0]",1.1440358837349887,1.0557714643587124,1.545595054095827
308,D1,2017,Dortmund,"[1, 1, 1, 1, 1, 1, 0, 0, 0, 0, 0, 1, 1, 1, 1, 1, 1, 1, 0, 1, 0, 1, 0, 0]",1.003565380454712,1.4508341017261661,1.2453300124533002
309,D1,2017,Ein Frankfurt,"[0, 1, 0, 1, 0, 1, 1, 1, 0, 1, 0, 1, 1, 1, 0, 1, 1, 0, 1, 0, 1, 0, 0, 0, 0, 1, 0]",1.0001958937576536,5.159462344712264,6.172839506172839
310,D1,2017,FC Koln,"[0, 0, 0, 0, 0, 0, 0, 0, 0, 0, 0, 0, 0, 1, 1, 1, 0, 0, 1, 0, 0, 1, 0, 0, 0, 0, 0]",1.0000000003012175,7.404800222184676,1.0131712259371835
311,D1,2017,Freiburg,"[0, 0, 1, 0, 0, 0, 0, 1, 1, 1, 1, 0, 1, 0, 0, 0, 0, 0, 0, 1, 0, 1]",1.0000147009957618,2.5015720958124104,2.857142857142857
312,D1,2017,Hamburg,"[1, 1, 0, 0, 0, 0, 0, 0, 0, 1, 0, 1, 0, 0, 0, 0, 0, 0, 0, 0, 0, 1, 0, 1, 1, 0, 1]",1.0000001356566086,1.104581612524389,1.404494382022472
313,D1,2017,Hannover,"[1, 1, 1, 0, 0, 1, 1, 0, 0, 0, 1, 0, 1, 0, 1, 0, 0, 0, 0, 0, 1, 0, 0, 1, 0]",1.0000167774974797,6.610424774849898,6.369426751592357
314,D1,2017,Hertha,"[1, 0, 1, 0, 0, 1, 0, 1, 0, 1, 1, 0, 1, 0, 0, 1, 0, 1, 1, 0, 0]",1.0005998843070971,1.8899530183206625,2.4213075060532687
315,D1,2017,Hoffenheim,"[1, 1, 1, 1, 0, 0, 1, 0, 1, 0, 1, 0, 0, 0, 1, 0, 1, 1, 1, 1, 1, 1, 0, 1]",1.003565380454712,1.4508341017261661,1.278772378516624
316,D1,2017,Leverkusen,"[0, 0, 1, 0, 1, 1, 1, 1, 1, 1, 0, 1, 1, 0, 1, 0, 1, 1, 0, 1, 1, 0, 0, 1]",1.003565380454712,1.4508341017261661,1.9646365422396856
317,D1,2017,MGladbach,"[1, 0, 1, 0, 1, 1, 0, 1, 1, 1, 0, 0, 1, 0, 1, 0, 0, 0, 0, 1, 0, 1, 0, 1, 1, 0]",1.0001220852154804,3.8955510646742493,4.975124378109452
318,D1,2017,Mainz,"[0, 0, 1, 0, 0, 1, 1, 0, 1, 0, 0, 0, 0, 1, 0, 0, 0, 1, 0, 0, 1, 0, 1, 1, 0]",1.0000047384037907,1.6934713679658733,1.1976047904191616
319,D1,2017,RB Leipzig,"[0, 1, 1, 0, 1, 1, 1, 1, 0, 1, 1, 0, 0, 1, 0, 1, 1, 0, 0, 1, 1, 0, 0, 0, 1, 1]",1.0007850071902127,1.4175845623977883,1.937984496124031
320,D1,2017,Schalke 04,"[1, 0, 1, 1, 0, 0, 1, 1, 1, 1, 1, 0, 1, 0, 0, 1, 1, 1, 1, 1, 1, 0, 1, 1, 1]",1.01979255192369,1.315968090672803,1.297016861219196
321,D1,2017,Stuttgart,"[0, 1, 0, 1, 0, 0, 1, 0, 1, 0, 1, 0, 0, 0, 0, 1, 0, 0, 1, 1, 1, 1, 1, 0, 1, 1, 1, 1]",1.0001603743215302,16.285698285444777,1.0101010101010102
322,D1,2017,Werder Bremen,"[0, 0, 0, 0, 0, 0, 1, 0, 1, 1, 0, 0, 1, 1, 0, 1, 1, 1, 1, 0, 0, 1]",1.0001711688931327,10.547128916596174,1.016260162601626
323,D1,2017,Wolfsburg,"[0, 1, 0, 1, 0, 1, 0, 0, 1, 0, 0, 0, 0, 0, 1, 0, 0, 0, 1]",1.0000312314687252,2.3275862334189727,2.865329512893983
324,D1,2018,Augsburg,"[1, 0, 0, 1, 0, 1, 0, 0, 0, 0, 0, 0, 0, 1, 0, 0, 0, 1, 1, 0, 0, 1, 1, 0, 0, 0]",1.0000002215727783,2.4041360466134973,1.1363636363636365
325,D1,2018,Bayern Munich,"[1, 1, 1, 1, 0, 0, 1, 1, 0, 1, 1, 1, 1, 1, 1, 1, 0, 1, 1, 1, 1, 1, 1, 1, 1, 1, 1, 1]",1.1306376598772285,3.3413079443537,1.0548523206751055
326,D1,2018,Dortmund,"[1, 1, 1, 1, 1, 1, 1, 1, 1, 1, 1, 1, 0, 1, 1, 1, 1, 0, 1, 1, 1, 0, 1, 1, 0, 1, 1]",1.1420413393901478,3.6727333413068455,3.7037037037037037
327,D1,2018,Ein Frankfurt,"[1, 0, 0, 0, 1, 1, 1, 1, 1, 1, 0, 0, 1, 0, 1, 1, 1, 1, 1, 1, 1, 0, 0, 0, 0]",1.0021815310542643,1.1404610508219608,1.669449081803005
328,D1,2018,Fortuna Dusseldorf,"[0, 1, 0, 0, 0, 0, 0, 0, 1, 0, 0, 1, 1, 1, 1, 0, 1, 0, 1, 1, 0, 0, 1, 1, 0, 0, 1, 0, 1]",1.0000132324636137,1.6546326752135534,1.2165450121654502
329,D1,2018,Freiburg,"[0, 0, 1, 1, 0, 1, 0, 0, 1, 0, 1, 0, 0, 1, 0, 1, 0, 0, 0, 0, 0, 1]",1.0000147009957618,2.5015720958124104,3.2051282051282053
330,D1,2018,Hannover,"[0, 0, 0, 0, 1, 0, 0, 1, 0, 0, 0, 0, 0, 0, 0, 1, 0, 0, 0, 0, 0, 0, 0, 0, 1, 0, 1, 0]",1.0000000000335254,1.569741112442446,1.1778563015312131
331,D1,2018,Hertha,"[1, 1, 1, 0, 1, 0, 0, 1, 1, 0, 0, 1, 0, 1, 0, 1, 0, 0, 0, 0, 0, 1, 1, 0]",1.0000859438183252,4.2183792895206045,4.9504950495049505
332,D1,2018,Hoffenheim,"[0, 1, 0, 1, 0, 0, 1, 1, 1, 1, 0, 1, 1, 0, 1, 1, 1, 1, 1, 0, 0, 0]",1.0030765321379522,1.4654132519766012,1.2406947890818858
333,D1,2018,Leverkusen,"[0, 0, 0, 1, 1, 0, 1, 0, 0, 1, 1, 0, 1, 1, 0, 1, 1, 1, 1, 0, 1, 1, 0, 0, 0, 1, 1, 1, 1, 1]",1.00047040616249,6.857339845965376,1.0256410256410255
334,D1,2018,MGladbach,"[1, 1, 0, 1, 1, 1, 0, 1, 1, 1, 0, 1, 1, 0, 1, 1, 1, 0, 0, 0, 1, 0, 1, 0, 0, 1, 0]",1.0011125351463466,5.059171961836803,5.9880239520958085
335,D1,2018,Mainz,"[1, 1, 0, 0, 0, 0, 1, 1, 0, 1, 0, 1, 1, 0, 0, 0, 1, 0, 0, 0, 0, 1, 0, 1, 0, 1, 1]",1.0000264021157483,1.7728555629700242,2.4038461538461537
336,D1,2018,Nurnberg,"[0, 1, 0, 1, 0, 0, 0, 0, 0, 0, 0, 0, 0, 0, 0, 0, 0, 0, 0, 1, 0, 0, 0, 0]",1.000000000014552,1.792199204613937,1.9083969465648856
337,D1,2018,RB Leipzig,"[0, 1, 1, 1, 1, 1, 1, 0, 1, 0, 1, 0, 1, 0, 1, 1, 1, 1, 1, 1, 1, 1, 1, 1, 0]",1.0385653185700183,2.34269538596313,1.095290251916758
338,D1,2018,Schalke 04,"[0, 0, 0, 0, 0, 1, 1, 0, 1, 0, 1, 0, 0, 1, 1, 0, 0, 0, 0, 0, 0, 1, 0, 0, 1]",1.0000011529228345,1.1155165308852728,1.3736263736263736
339,D1,2018,Stuttgart,"[0, 0, 0, 1, 0, 0, 0, 0, 1, 0, 1, 0, 1, 0, 0, 0, 0, 0, 0, 1, 0, 0, 0, 0, 1, 0, 1]",1.0000000239081301,1.3233947125985301,1.8148820326678765
340,D1,2018,Werder Bremen,"[1, 1, 1, 0, 1, 1, 0, 0, 0, 0, 1, 0, 0, 1, 1, 1, 1, 1, 1, 0, 0, 1, 1]",1.0042682705288792,3.5324009677010246,1.0741138560687433
341,D1,2018,Wolfsburg,"[1, 1, 0, 0, 0, 1, 0, 0, 1, 1, 1, 1, 1, 0, 0, 1, 1, 1, 0, 1, 0, 1, 0, 1, 1, 0, 1]",1.0011125351463466,1.2125502788520512,1.4285714285714286
342,D1,2019,Augsburg,"[0, 0, 1, 0, 0, 0, 1, 1, 1, 1, 1, 0, 0, 0, 1, 0, 0, 0, 0, 0, 1, 0, 1, 0, 0]",1.0000047384037907,3.4769945721831013,4.048582995951417
343,D1,2019,Bayern Munich,"[1, 1, 1, 1, 0, 1, 0, 1, 1, 0, 0, 1, 1, 1, 1, 1, 1, 1, 1, 1, 1, 1, 1, 1, 1, 1, 1, 1, 1, 1]",1.1323631612550908,24.649610020893547,1.0
344,D1,2019,Dortmund,"[1, 1, 0, 1, 1, 1, 0, 1, 1, 1, 0, 1, 1, 1, 0, 1, 1, 1, 1, 1, 1, 0, 1, 1, 1, 0, 1, 0]",1.0181411867357049,1.478136879349582,1.976284584980237
345,D1,2019,Ein Frankfurt,"[1, 0, 1, 0, 1, 1, 0, 1, 0, 0, 0, 0, 0, 0, 1, 1, 1, 0, 0, 0, 0, 0, 1, 1, 0, 1, 1, 1]",1.0000216273787577,3.6726779667447933,1.0570824524312896
346,D1,2019,FC Koln,"[0, 0, 1, 0, 0, 0, 1, 0, 0, 0, 0, 0, 1, 1, 1, 1, 0, 1, 0, 1, 1, 1, 0, 0, 0, 0, 0, 0]",1.0000005492724295,2.22691717797517,1.1376564277588168
347,D1,2019,Fortuna Dusseldorf,"[1, 0, 0, 0, 0, 0, 1, 0, 1, 0, 0, 0, 0, 1, 0, 0, 0, 1, 1, 0, 0, 0]",1.0000006208898136,1.0,1.4164305949008498
348,D1,2019,Freiburg,"[1, 1, 0, 1, 1, 0, 1, 1, 0, 1, 0, 0, 1, 0, 0, 1, 0, 0, 1, 0, 0, 1, 1, 0, 1]",1.0003910298510639,2.92916459192525,3.6231884057971016
349,D1,2019,Hertha,"[0, 0, 0, 1, 1, 1, 0, 0, 0, 0, 0, 1, 1, 0, 1, 0, 1, 0, 1, 1, 1, 0, 0, 0, 1, 0]",1.0000139141738802,1.417584562397788,1.267427122940431
350,D1,2019,Hoffenheim,"[0, 1, 0, 0, 1, 1, 1, 1, 1, 0, 0, 0, 1, 1, 0, 1, 1, 0, 0, 0, 0, 1, 1, 0, 1, 1, 1]",1.000480469748762,1.1498501929607132,1.7035775127768313
351,D1,2019,Leverkusen,"[1, 1, 0, 1, 1, 0, 0, 1, 1, 1, 0, 0, 1, 1, 1, 0, 1, 1, 1, 1, 1, 1, 0, 1, 0, 1, 0, 1]",1.0044080667937543,1.4307425518952903,1.25
352,D1,2019,MGladbach,"[1, 0, 1, 1, 1, 1, 0, 1, 1, 1, 0, 1, 1, 0, 1, 0, 1, 1, 1, 0, 1, 1, 0, 1, 0, 0, 1, 1, 1]",1.0055366346526524,1.6255712684154726,2.2271714922048997
353,D1,2019,Mainz,"[0, 0, 0, 1, 0, 0, 1, 0, 1, 0, 0, 1, 1, 0, 0, 1, 0, 0, 0, 0, 1, 0, 1, 0, 0, 1, 0, 1, 1, 0]",1.0000002911196926,1.3957587072550006,1.3404825737265416
354,D1,2019,Paderborn,"[0, 0, 0, 0, 0, 0, 0, 1, 0, 0, 0, 1, 0, 1, 0, 1, 0, 0, 0, 0, 0, 0, 0, 0, 0, 0]",1.0000000000270475,1.0,1.3605442176870748
355,D1,2019,RB Leipzig,"[1, 1, 1, 1, 0, 0, 1, 1, 1, 1, 1, 1, 1, 1, 0, 1, 1, 1, 1, 1, 0, 1]",1.1235812393203466,1.0,1.3831258644536653
356,D1,2019,Schalke 04,"[0, 1, 1, 1, 1, 0, 1, 1, 1, 0, 1, 1, 0, 0, 0, 0, 0, 0, 0, 0, 0, 0]",1.000053708304116,699.5834737720236,500.0
357,D1,2019,Union Berlin,"[0, 1, 0, 0, 0, 0, 1, 0, 1, 1, 1, 0, 1, 0, 0, 0, 1, 0, 1, 0, 1, 0, 0, 0, 0, 1, 1, 0, 1]",1.0000043148663462,1.1345588586097761,1.4771048744460857
358,D1,2019,Werder Bremen,"[0, 0, 1, 1, 0, 0, 0, 1, 0, 0, 0, 0, 1, 0, 0, 0, 0, 0, 0, 1, 1, 0, 0, 1, 0, 0, 1]",1.0000001356566086,1.104581612524389,1.3774104683195592
359,D1,2019,Wolfsburg,"[1, 1, 1, 1, 0, 0, 1, 0, 0, 1, 0, 0, 0, 1, 1, 1, 1, 0, 1, 0, 1, 0, 1, 0]",1.0006383553064375,1.433367307217438,1.277139208173691
360,D1,2020,Augsburg,"[1, 1, 0, 0, 1, 0, 0, 1, 0, 1, 0, 0, 0, 1, 0, 0, 0, 1, 0, 1, 0, 1, 0, 0, 0, 0, 1, 0]",1.0000005492724295,2.22691717797517,2.898550724637681
361,D1,2020,Bayern Munich,"[1, 0, 1, 1, 1, 1, 1, 1, 1, 1, 1, 0, 1, 1, 1, 1, 1, 0, 1, 1, 1, 1, 1, 1, 1, 0, 1, 1]",1.1306376598772285,1.0,1.3831258644536653
362,D1,2020,Bielefeld,"[1, 0, 0, 0, 0, 0, 0, 0, 1, 0, 0, 1, 0, 1, 1, 0, 0, 0, 0, 0, 1, 0, 1, 1, 0, 1]",1.0000010244707045,4.293996901425505,1.0438413361169103
363,D1,2020,Dortmund,"[1, 0, 1, 1, 1, 1, 0, 1, 0, 0, 1, 0, 1, 1, 0, 0, 1, 0, 1, 1, 0, 1, 0, 1, 1, 1, 1, 1, 1, 1]",1.0022888852923264,2.192645727045988,1.146788990825688
364,D1,2020,Ein Frankfurt,"[1, 1, 0, 0, 1, 1, 1, 1, 1, 1, 1, 1, 1, 0, 1, 1, 1, 0, 1, 0, 0, 1]",1.0310417776195586,2.756977131597741,3.076923076923077
365,D1,2020,FC Koln,"[0, 0, 0, 0, 0, 1, 1, 0, 0, 0, 1, 0, 1, 1, 0, 0, 0, 0, 0, 0, 0, 1, 1, 0, 1]",1.0000011529228345,1.1155165308852728,1.4204545454545454
366,D1,2020,Freiburg,"[1, 0, 0, 0, 0, 1, 1, 1, 1, 1, 0, 1, 0, 1, 0, 1, 0, 0, 1, 0, 0, 1, 0, 1, 0]",1.000149609722819,1.7798390893831888,2.544529262086514
367,D1,2020,Hertha,"[1, 0, 0, 0, 0, 1, 0, 1, 0, 1, 0, 0, 0, 0, 0, 0, 0, 1, 0, 1, 1, 1, 0]",1.000009015453466,1.1290776480681517,1.375515818431912
368,D1,2020,Hoffenheim,"[1, 1, 0, 0, 0, 0, 1, 0, 0, 1, 0, 0, 1, 1, 0, 0, 1, 1, 0, 0, 0, 1, 1, 1]",1.0000859438183252,4.2183792895206045,1.0515247108307044
369,D1,2020,Leverkusen,"[1, 1, 1, 1, 1, 1, 1, 1, 0, 0, 0, 1, 0, 0, 1, 0, 1, 0, 0, 1, 1, 0, 1, 0]",1.0015548061397215,9.399600179321324,8.0
370,D1,2020,MGladbach,"[0, 1, 1, 1, 0, 1, 0, 1, 1, 1, 1, 0, 0, 0, 0, 0, 1, 1, 1, 0, 1, 0, 0, 1]",1.0006383553064375,4.218379289520601,5.181347150259067
371,D1,2020,Mainz,"[0, 0, 0, 0, 0, 0, 1, 0, 0, 0, 0, 0, 0, 1, 0, 1, 1, 0, 1, 1, 1, 1, 1, 0, 1]",1.0000167774974797,3165.5169417806355,1.0
372,D1,2020,RB Leipzig,"[1, 1, 1, 1, 0, 1, 1, 1, 1, 1, 0, 1, 0, 1, 1, 1, 1, 1, 1, 1, 0, 1, 0, 1, 0, 0]",1.0172411895220552,1.4844573025701866,2.150537634408602
373,D1,2020,Schalke 04,"[0, 0, 0, 0, 0, 0, 0, 0, 0, 0, 1, 0, 0, 0, 0, 0, 0, 0, 0, 0, 1, 0, 0, 0, 0, 1, 0]",1.0000000000003941,1.9196543465789708,1.1061946902654867
374,D1,2020,Stuttgart,"[0, 1, 1, 0, 1, 1, 0, 0, 1, 0, 0, 1, 0, 1, 1, 1, 0, 1, 0, 0, 0, 0, 1, 1, 0]",1.000149609722819,1.169291329729407,1.4184397163120568
375,D1,2020,Union Berlin,"[0, 1, 1, 1, 1, 0, 1, 1, 1, 0, 0, 0, 1, 1, 0, 1, 0, 1, 0, 1]",1.0060834016032016,2.5766811724602707,3.215434083601286
376,D1,2020,Werder Bremen,"[0, 1, 1, 0, 0, 0, 0, 1, 0, 1, 0, 1, 0, 1, 1, 0, 0, 0, 0, 0, 0, 0, 0, 0]",1.0000003790022123,5.143960942004586,5.319148936170213
377,D1,2020,Wolfsburg,"[1, 1, 1, 1, 1, 0, 1, 0, 1, 1, 1, 1, 1, 1, 0, 1, 1, 1, 0, 0, 1, 0, 1, 0]",1.0162119954450757,5.143960942004586,5.0
378,D1,2021,Augsburg,"[0, 0, 1, 0, 0, 0, 1, 0, 1, 0, 1, 0, 0, 1, 0, 0, 1, 0, 1, 1, 0, 0, 1, 0, 0, 1]",1.0000040304007103,2.2702128930571153,1.1235955056179776
379,D1,2021,Bayern Munich,"[1, 1, 1, 1, 1, 0, 1, 1, 1, 1, 0, 1, 1, 1, 1, 1, 0, 1, 1, 1, 0, 1, 1, 1, 1, 1, 1, 1, 0]",1.07607236000058,1.714818464667616,2.2988505747126435
380,D1,2021,Bielefeld,"[0, 0, 0, 0, 0, 1, 0, 0, 1, 1, 1, 0, 1, 0, 0, 0, 0, 0, 0, 0, 0]",1.0000005854736458,6.0324040364236415,5.2356020942408374
381,D1,2021,Bochum,"[0, 1, 0, 0, 0, 0, 1, 1, 0, 1, 0, 1, 1, 0, 0, 1, 0, 1, 0, 1, 0, 0, 1, 0, 0, 1, 1, 0]",1.0000070522559947,1.0,1.5197568389057752
382,D1,2021,Dortmund,"[1, 0, 1, 1, 1, 0, 1, 1, 1, 1, 0, 1, 1, 0, 1, 0, 1, 1, 1, 0, 1, 1, 1, 1, 0, 1, 1, 0, 0, 1, 1]",1.0058675337390457,1.27036635813076,1.3404825737265416
383,D1,2021,Ein Frankfurt,"[0, 1, 0, 0, 1, 1, 1, 0, 1, 1, 1, 0, 0, 1, 0, 0, 0, 1, 1, 0, 0, 0]",1.0001711688931327,10.547128916596174,9.433962264150944
384,D1,2021,FC Koln,"[1, 0, 1, 1, 0, 0, 1, 0, 1, 1, 1, 0, 1, 0, 1, 0, 1, 0, 1, 1, 1, 1, 0, 0]",1.0015548061397215,1.0,1.5060240963855422
385,D1,2021,Freiburg,"[1, 1, 1, 1, 1, 1, 0, 0, 0, 1, 0, 1, 0, 1, 0, 1, 1, 1, 0, 1, 1, 1, 0, 0]",1.003565380454712,1.4508341017261661,2.1321961620469083
386,D1,2021,Greuther Furth,"[0, 0, 0, 0, 0, 0, 0, 0, 0, 0, 0, 0, 0, 1, 0, 1, 0, 1, 0, 0, 0, 0, 0, 0, 0]",1.000000000008916,12.215347115103123,1.0
387,D1,2021,Hertha,"[0, 0, 0, 1, 1, 0, 0, 1, 1, 0, 0, 1, 0, 1, 0, 0, 0, 0, 0, 0, 0, 1, 0, 0, 1, 1, 0, 0]",1.0000001256558595,4.1558985743050965,5.2631578947368425
388,D1,2021,Hoffenheim,"[1, 0, 0, 1, 0, 1, 0, 1, 0, 1, 1, 1, 1, 1, 0, 0, 0, 1, 1, 1, 1, 0, 0, 0, 0, 0, 0]",1.0000747424113352,11.48387522556508,10.989010989010989
389,D1,2021,Leverkusen,"[1, 1, 0, 1, 1, 1, 0, 0, 1, 1, 1, 0, 0, 1, 1, 1, 1, 0, 1, 0, 1, 1, 0, 1, 1, 1, 1]",1.010485715175889,2.042944906164978,1.1337868480725624
390,D1,2021,MGladbach,"[0, 0, 1, 0, 1, 1, 0, 1, 1, 0, 0, 0, 0, 1, 0, 0, 1, 0, 0, 1, 1, 1, 0, 1, 1]",1.000149609722819,2.92916459192525,1.0834236186348862
391,D1,2021,Mainz,"[1, 0, 1, 1, 0, 0, 0, 1, 1, 0, 1, 0, 1, 0, 0, 1, 0, 1, 1, 0, 0, 1, 0, 0, 0, 1, 1]",1.0000747424113352,1.1779206329654481,1.845018450184502
392,D1,2021,RB Leipzig,"[0, 1, 0, 0, 1, 1, 1, 1, 0, 0, 0, 1, 0, 1, 1, 1, 0, 1, 1, 1, 1, 1, 1, 1, 0, 0, 1]",1.0024500208091667,6.371319155832754,1.0266940451745379
393,D1,2021,Stuttgart,"[1, 0, 0, 0, 1, 0, 0, 0, 1, 1, 0, 0, 0, 0, 0, 0, 0, 1, 1, 0, 0, 1]",1.000003384000517,1.5021085513242054,1.9880715705765408
394,D1,2021,Union Berlin,"[1, 0, 1, 1, 1, 0, 1, 0, 1, 0, 1, 1, 1, 0, 0, 0, 1, 0, 0, 1, 1, 1, 1, 1, 1]",1.0047447730400427,1.6934713679658726,2.3094688221709005
395,D1,2021,Wolfsburg,"[1, 1, 1, 1, 0, 0, 0, 0, 1, 1, 0, 0, 0, 0, 0, 0, 0, 1, 1, 0, 1, 0, 0, 0, 1, 0, 1, 1]",1.0000070522559947,1.0,1.6103059581320451
396,D1,2022,Augsburg,"[0, 1, 0, 0, 0, 1, 1, 1, 0, 0, 0, 0, 0, 1, 0, 1, 0, 1, 0, 1, 0, 0, 0, 1, 0, 0, 0]",1.0000006272258672,1.258056324210277,1.8484288354898337
397,D1,2022,Bayern Munich,"[1, 1, 1, 0, 1, 1, 1, 1, 1, 1, 1, 1, 1, 0, 1, 1, 1, 0, 1, 1, 0, 1, 1, 1, 0, 1]",1.06639174482282,6.672036047305911,6.410256410256411
398,D1,2022,Bochum,"[0, 0, 0, 0, 0, 0, 0, 1, 0, 1, 0, 0, 1, 1, 1, 0, 0, 1, 0, 0, 0, 0, 1, 1, 0, 0, 0, 1, 1]",1.0000003360687846,1.114177982394158,1.4513788098693758
399,D1,2022,Dortmund,"[1, 1, 0, 1, 1, 0, 1, 0, 0, 1, 1, 1, 0, 0, 1, 1, 1, 1, 1, 1, 1, 1, 1, 0, 1, 1, 1, 1, 1]",1.0213561402897722,25.896208471094003,1.0080645161290323
400,D1,2022,Ein Frankfurt,"[0, 1, 1, 0, 1, 1, 0, 1, 1, 0, 1, 1, 1, 1, 0, 1, 0, 0, 0, 0, 0, 1, 1]",1.001884466069514,3.040002952394883,3.6363636363636362
401,D1,2022,FC Koln,"[1, 1, 0, 1, 0, 1, 0, 0, 0, 0, 1, 1, 0, 0, 0, 0, 1, 1, 0, 1, 1, 0]",1.0001711688931327,1.0,1.4947683109118086
402,D1,2022,Freiburg,"[1, 0, 1, 1, 1, 1, 0, 1, 1, 1, 0, 1, 0, 1, 0, 1, 1, 1, 0, 1, 1, 1, 0, 0, 1, 0]",1.0040079250847682,1.4396280507508077,2.0408163265306123
403,D1,2022,Hertha,"[0, 0, 0, 1, 0, 1, 0, 0, 0, 1, 0, 0, 0, 0, 1, 0, 1, 0, 0, 0, 0, 0, 0, 1, 0, 1]",1.0000000390499972,1.4844573025701862,1.2121212121212122
404,D1,2022,Hoffenheim,"[0, 1, 1, 1, 0, 1, 0, 1, 0, 0, 0, 0, 0, 0, 0, 0, 0, 0, 0, 0, 1, 1, 1, 0, 0, 1, 0, 1]",1.0000005492724295,1.0,1.529051987767584
405,D1,2022,Leverkusen,"[0, 0, 0, 1, 0, 0, 1, 0, 0, 1, 1, 1, 1, 1, 0, 0, 1, 0, 1, 1, 1, 1, 1, 1, 0, 0]",1.0003199999365238,2.213958889667524,1.1587485515643106
406,D1,2022,MGladbach,"[1, 1, 0, 1, 0, 1, 0, 0, 1, 0, 1, 0, 0, 1, 0, 1, 0, 0, 1, 0, 0, 1, 0, 1]",1.0000859438183252,1.4333673072174375,1.9305019305019304
407,D1,2022,Mainz,"[1, 1, 0, 1, 0, 0, 1, 1, 0, 0, 0, 0, 1, 0, 1, 1, 1, 1, 1, 1, 0, 0, 0, 0]",1.0002442002442002,2.2917545642708785,1.124859392575928
408,D1,2022,RB Leipzig,"[0, 1, 0, 1, 0, 1, 1, 1, 1, 1, 1, 1, 1, 0, 1, 1, 0, 1, 0, 0, 1, 1, 0, 1, 1, 1, 1, 1]",1.0090809969140144,1.0,1.597444089456869
409,D1,2022,Schalke 04,"[0, 0, 1, 0, 0, 0, 0, 0, 0, 0, 1, 0, 0, 0, 1, 1, 0, 0, 1, 0, 1, 1, 0, 0]",1.0000003790022123,5.1439609420045835,1.0319917440660475
410,D1,2022,Stuttgart,"[0, 0, 0, 0, 1, 0, 1, 0, 1, 0, 0, 0, 0, 1, 0, 0, 0, 0, 1, 1, 0, 1]",1.000003384000517,1.5021085513242054,1.2330456226880395
411,D1,2022,Union Berlin,"[1, 1, 1, 1, 1, 0, 1, 1, 0, 1, 0, 0, 1, 1, 1, 1, 1, 0, 1, 1, 0, 1, 0, 1, 0, 1]",1.008463484833925,1.0,1.5037593984962405
412,D1,2022,Werder Bremen,"[1, 0, 1, 0, 1, 1, 0, 0, 1, 1, 0, 0, 0, 0, 1, 1, 0, 0, 1, 0, 0, 0, 0, 1, 0, 0, 0, 0]",1.0000005492724295,2.22691717797517,2.7624309392265194
413,D1,2022,Wolfsburg,"[0, 0, 0, 1, 0, 1, 1, 1, 1, 1, 1, 1, 0, 0, 0, 1, 1, 0, 1, 1, 0, 1, 0, 0]",1.0006383553064375,4.218379289520601,4.545454545454546
414,D1,2023,Augsburg,"[0, 0, 1, 0, 0, 1, 1, 1, 0, 0, 0, 1, 0, 0, 1, 1, 1, 1, 0, 1, 0, 0, 0, 0, 0]",1.0000167774974797,1.1404610508219608,1.3986013986013985
415,D1,2023,Bayern Munich,"[1, 1, 1, 1, 1, 1, 1, 1, 1, 1, 0, 1, 1, 1, 0, 1, 1, 1, 0, 0, 1, 1, 1, 0, 0, 1, 1, 1, 0, 1, 0]",1.0114935784029138,10.976640461341248,12.345679012345679
416,D1,2023,Bochum,"[0, 0, 0, 0, 1, 1, 0, 1, 0, 1, 0, 1, 0, 0, 0, 0, 0, 0, 1, 1, 0, 0]",1.000003384000517,1.5021085513242054,2.028397565922921
417,D1,2023,Darmstadt,"[0, 0, 0, 0, 1, 1, 0, 0, 0, 0, 0, 0, 0, 0, 0, 0, 0, 0, 0, 0, 0, 1, 0, 0, 0, 0]",1.0000000000006433,1.7905461134065503,2.0408163265306123
418,D1,2023,Dortmund,"[1, 1, 1, 1, 1, 1, 0, 0, 1, 0, 1, 1, 1, 1, 0, 1, 1, 1, 1, 0, 1, 0, 1, 0, 1]",1.01979255192369,1.6978030366995638,2.237136465324385
419,D1,2023,Ein Frankfurt,"[1, 0, 1, 1, 1, 0, 0, 1, 0, 1, 1, 1, 0, 1, 1, 0, 0, 1, 0, 0]",1.0025393837573966,1.485173431318231,2.0120724346076457
420,D1,2023,FC Koln,"[0, 0, 0, 0, 0, 0, 1, 0, 0, 1, 0, 0, 0, 1, 0, 0, 0, 1, 0, 0, 1, 0]",1.0000000835642648,1.584788408070831,1.179245283018868
421,D1,2023,Freiburg,"[1, 1, 0, 0, 1, 0, 1, 0, 0, 1, 1, 1, 0, 1, 0, 0, 0, 0, 1, 0, 1, 0, 1, 0, 0]",1.0000526568633756,3.114541575338692,3.717472118959108
422,D1,2023,Heidenheim,"[0, 0, 1, 0, 1, 0, 0, 0, 1, 0, 0, 1, 1, 1, 1, 0, 0, 0, 1, 0, 1, 1]",1.0001711688931327,10.547128916596174,1.017293997965412
423,D1,2023,Hoffenheim,"[0, 1, 1, 1, 1, 0, 1, 0, 1, 0, 0, 1, 0, 0, 0, 0, 1, 1, 0, 0, 0, 1, 0, 1, 0, 1, 1]",1.0000747424113352,1.1779206329654481,1.7452006980802792
424,D1,2023,Leverkusen,"[1, 1, 1, 1, 1, 1, 1, 1, 1, 1, 1, 1, 1, 1, 1, 1, 1, 1, 1, 1, 1, 1, 1, 1, 1, 1, 1, 1]",inf,,1.0
425,D1,2023,MGladbach,"[0, 0, 0, 1, 0, 1, 1, 0, 1, 0, 0, 1, 0, 0, 0, 1, 0, 1, 0, 0, 0]",1.0000169353746098,1.296914653057904,1.7793594306049823
426,D1,2023,Mainz,"[0, 0, 0, 0, 0, 0, 1, 0, 0, 0, 0, 0, 1, 0, 0, 1, 1, 1, 1, 1]",1.0000275862345145,50.700600625372125,1.001001001001001
427,D1,2023,RB Leipzig,"[0, 1, 1, 1, 1, 1, 1, 0, 1, 0, 1, 1, 1, 0, 0, 0, 1, 1, 0, 1, 1, 1, 1, 1, 1, 1]",1.0172411895220552,1.4844573025701866,1.8726591760299625
428,D1,2023,Stuttgart,"[1, 0, 1, 1, 1, 1, 1, 1, 0, 0, 1, 1, 1, 0, 1, 0, 0, 1, 1, 1, 1, 1, 1, 1, 1, 1, 0, 1, 1, 1]",1.0189341066500277,1.472908481613415,1.221001221001221
429,D1,2023,Union Berlin,"[1, 1, 0, 0, 0, 0, 0, 0, 0, 0, 0, 1, 0, 1, 0, 1, 0, 1, 1, 0, 0, 1, 0, 0, 0, 0, 0, 1]",1.0000001256558595,1.4307425518952905,1.2820512820512822
430,D1,2023,Werder Bremen,"[0, 0, 1, 0, 1, 0, 0, 0, 1, 0, 0, 1, 1, 1, 1, 0, 1, 0, 0, 0, 0, 0, 1, 1, 1]",1.0000526568633756,1.7213174941320748,1.1820330969267139
431,D1,2023,Wolfsburg,"[1, 1, 0, 1, 0, 1, 0, 0, 0, 0, 1, 0, 0, 1, 0, 0, 0, 0, 0, 1, 0, 0, 1, 1, 1, 0, 0]",1.0000024675850911,1.8755823130992606,2.380952380952381
432,D1,2024,Augsburg,"[0, 1, 0, 0, 1, 0, 1, 0, 1, 0, 0, 0, 1, 1, 1, 1, 1, 1, 0, 1, 0, 0, 0, 0]",1.0000859438183252,4.2183792895206045,1.0615711252653928
433,D1,2024,Bayern Munich,"[1, 1, 1, 1, 1, 1, 1, 1, 1, 1, 0, 1, 1, 1, 1, 1, 1, 1, 1, 1, 0, 1, 1, 1, 1, 1, 1]",1.5815225649569464,1.0431039090115772,1.342281879194631
434,D1,2024,Bochum,"[0, 0, 0, 0, 0, 0, 0, 0, 0, 0, 0, 1, 0, 1, 0, 0, 1, 0, 1, 0, 0, 0, 0, 0, 0, 1]",1.00000000049199,6.672036047305906,1.0224948875255624
435,D1,2024,Dortmund,"[1, 1, 0, 1, 0, 1, 0, 1, 0, 1, 1, 0, 0, 0, 1, 0, 0, 1, 1, 0, 0, 1, 1, 1, 1, 1, 1, 1]",1.0009257086133403,3.8151830986750905,1.0672358591248665
436,D1,2024,Ein Frankfurt,"[0, 1, 1, 1, 1, 0, 1, 1, 1, 1, 0, 0, 1, 1, 1, 1, 0, 0, 0, 1, 1, 0, 1, 1, 1]",1.0098712685905176,1.1155165308852732,1.6863406408094435
437,D1,2024,Freiburg,"[1, 0, 1, 1, 0, 1, 1, 0, 0, 1, 1, 0, 1, 0, 0, 0, 1, 1, 1, 1, 0, 0, 1, 1, 1, 1, 0]",1.0011125351463466,1.2125502788520512,1.3550135501355014
438,D1,2024,Heidenheim,"[1, 1, 0, 0, 1, 0, 0, 0, 0, 0, 0, 0, 0, 0, 1, 0, 0, 0, 0, 0, 0, 1, 1, 0, 0, 0, 1, 1, 0]",1.0000000147804569,1.095567430935781,1.404494382022472
439,D1,2024,Hoffenheim,"[1, 0, 0, 0, 0, 1, 0, 1, 0, 0, 0, 0, 1, 0, 0, 1, 1, 0, 0, 1, 0, 0, 0]",1.0000020752630105,1.732946032892913,1.1534025374855825
440,D1,2024,Holstein Kiel,"[0, 0, 0, 0, 0, 0, 1, 0, 0, 0, 0, 0, 1, 0, 1, 0, 0, 0, 0, 1, 0, 0, 0, 1, 1, 0, 0]",1.0000000032228296,3.0484830975519905,1.0729613733905579
441,D1,2024,Leverkusen,"[1, 0, 1, 1, 1, 1, 1, 1, 1, 1, 1, 1, 1, 1, 1, 1, 0, 1, 1, 1, 1, 0]",1.24900230065827,1.7942172152006988,2.1413276231263385
442,D1,2024,M'gladbach,"[0, 0, 0, 1, 1, 1, 0, 1, 0, 1, 1, 0, 0, 0, 0, 0]",1.000391219066876,2.98844910741025,3.289473684210526
443,D1,2024,MGladbach,"[0, 1, 0, 0, 1, 0, 1, 1, 1, 0, 1, 1]",1.041016478200768,10.636370995044368,1.0090817356205852
444,D1,2024,Mainz,"[0, 1, 0, 1, 0, 1, 1, 1, 0, 1, 1, 1, 0, 0, 1, 0, 1, 1, 1, 1, 0, 0, 0, 1]",1.0015548061397215,2.3266471565855458,2.5839793281653747
445,D1,2024,RB Leipzig,"[1, 1, 1, 1, 1, 1, 0, 0, 0, 1, 1, 0, 1, 0, 1, 0, 1, 0, 1, 1, 0, 0]",1.0030765321379522,4.725704293047141,5.128205128205129
446,D1,2024,St Pauli,"[0, 0, 0, 1, 0, 0, 1, 0, 0, 1, 0, 0, 1, 0, 0, 1, 1, 0, 0, 0, 0, 1, 0, 1, 0, 0]",1.0000002215727783,1.0,1.4727540500736378
447,D1,2024,Stuttgart,"[0, 1, 1, 0, 1, 0, 1, 1, 1, 0, 1, 1, 1, 0, 0, 1, 0, 0, 0, 0, 1, 0, 0, 1, 1, 1]",1.0003199999365238,7.994539031723141,8.771929824561404
448,D1,2024,Union Berlin,"[1, 1, 0, 1, 1, 0, 0, 0, 0, 0, 0, 0, 1, 0, 1, 0, 0, 0, 1, 1, 1, 0, 1]",1.0001049637617005,3.040002952394883,1.092896174863388
449,D1,2024,Werder Bremen,"[1, 0, 1, 0, 1, 0, 1, 0, 1, 1, 1, 0, 0, 1, 0, 0, 0, 0, 1, 0, 1, 1, 1, 1, 1]",1.0009520715919464,1.20449348329532,1.392757660167131
450,D1,2024,Wolfsburg,"[0, 1, 0, 0, 1, 0, 1, 1, 1, 1, 0, 0, 1, 1, 0, 1, 1, 0, 0, 0, 0, 0, 0, 1]",1.0000859438183252,1.4333673072174375,2.0876826722338206
451,E0,2000,Arsenal,"[0, 1, 1, 1, 1, 1, 1, 1, 1, 0, 0, 1, 1, 0, 1, 0, 1, 1, 1, 0, 1, 1, 1, 0, 1, 1, 1, 0]",1.0090809969140144,1.0,1.51285930408472
452,E0,2000,Aston Villa,"[0, 1, 1, 1, 0, 1, 1, 1, 0, 1, 0, 0, 0, 0, 0, 1, 0, 1, 1, 1, 1, 1, 0]",1.001884466069514,1.158976390528136,1.7301038062283738
453,E0,2000,Bradford,"[0, 1, 0, 0, 0, 0, 0, 0, 0, 0, 1, 0, 0, 0, 1, 0, 0, 0, 0, 0, 0, 0, 1, 1, 0, 0, 0]",1.0000000003012175,1.7317027855544465,1.183431952662722
454,E0,2000,Charlton,"[1, 0, 0, 1, 1, 0, 1, 0, 1, 0, 1, 0, 0, 0, 1, 0, 1, 1, 1, 1, 0, 1, 0, 0, 1, 1, 0, 0]",1.0000610388817677,2.1352407823389097,1.1494252873563218
455,E0,2000,Chelsea,"[1, 0, 0, 1, 0, 1, 1, 0, 0, 0, 1, 1, 0, 1, 1, 1, 1, 0, 1, 0, 1, 1, 1, 1, 0, 0, 1, 1]",1.0009257086133403,3.8151830986750914,1.0582010582010581
456,E0,2000,Coventry,"[0, 1, 1, 0, 0, 0, 1, 0, 0, 0, 0, 0, 0, 1, 0, 1, 0, 0, 0, 0, 0, 1, 1, 0, 1, 0, 0, 0]",1.0000000241572442,1.0,1.5151515151515151
457,E0,2000,Derby,"[0, 0, 0, 0, 0, 0, 1, 0, 1, 0, 1, 1, 0, 1, 0, 0, 1, 1, 1, 0, 0, 0, 1, 0, 0, 1]",1.0000040304007103,2.2702128930571153,1.1389521640091116
458,E0,2000,Everton,"[0, 1, 0, 1, 0, 0, 1, 0, 0, 1, 1, 1, 0, 0, 0, 0, 0, 1, 0, 1, 0, 0, 1, 1, 0, 0, 0, 1, 0]",1.0000012762218502,1.2194514456293808,1.694915254237288
459,E0,2000,Ipswich,"[0, 1, 0, 0, 1, 1, 1, 1, 0, 1, 1, 1, 0, 1, 1, 0, 1, 0, 1, 0, 0, 0, 1, 1, 0, 1, 1, 1, 1, 1, 0, 1]",1.000542395119226,1.0,1.5625
460,E0,2000,Leeds,"[1, 1, 0, 0, 1, 1, 0, 1, 0, 1, 0, 0, 1, 0, 0, 1, 0, 1, 1, 1, 1, 1, 1, 1, 1, 1, 1, 0, 1, 1]",1.0022888852923264,49.11303404082587,1.002004008016032
461,E0,2000,Leicester,"[1, 1, 1, 1, 0, 0, 1, 1, 1, 0, 1, 0, 1, 1, 0, 0, 0, 0, 1, 0, 1, 1, 0, 0, 0, 0, 0, 0, 0, 0, 1, 0]",1.0000018015640217,30.27273078592355,25.641025641025642
462,E0,2000,Liverpool,"[1, 0, 1, 1, 0, 1, 1, 1, 0, 1, 0, 0, 1, 0, 1, 1, 0, 1, 1, 1, 0, 1, 0, 1, 1, 1, 1, 1, 1]",1.0055366346526524,3.401934864321009,1.079913606911447
463,E0,2000,Man City,"[0, 1, 0, 1, 0, 0, 1, 1, 0, 0, 0, 0, 0, 0, 1, 0, 0, 0, 0, 1, 0, 0, 0, 0, 1, 1, 0, 0]",1.0000000241572442,1.0,1.5748031496062993
464,E0,2000,Man United,"[1, 1, 1, 1, 0, 1, 1, 1, 1, 1, 1, 1, 1, 0, 1, 1, 1, 1, 1, 1, 1, 1, 1, 0, 1, 1, 1, 0, 0, 0]",1.036467456652839,2.6370103335038713,3.225806451612903
465,E0,2000,Middlesbrough,"[1, 0, 0, 1, 0, 0, 0, 0, 0, 0, 0, 0, 1, 1, 1, 0, 1, 0, 1, 0, 1, 0, 1]",1.000032936368384,44.21906315550619,1.0030090270812437
466,E0,2000,Newcastle,"[0, 1, 1, 1, 0, 0, 1, 1, 0, 0, 1, 0, 1, 0, 1, 0, 1, 0, 1, 1, 0, 0, 0, 0, 0, 1, 1, 0, 1]",1.00003734536836,1.6990428015780104,2.320185614849188
467,E0,2000,Southampton,"[0, 0, 1, 1, 0, 0, 0, 1, 1, 0, 0, 1, 0, 1, 1, 0, 1, 1, 1, 1, 1, 0, 0, 0, 0, 0, 1, 1]",1.0000610388817677,2.1352407823389097,1.1402508551881414
468,E0,2000,Sunderland,"[1, 0, 0, 0, 1, 1, 1, 0, 1, 1, 1, 1, 0, 1, 1, 1, 1, 0, 0, 0, 1, 0, 0, 0, 1, 1]",1.0007850071902127,1.4175845623977883,1.976284584980237
469,E0,2000,Tottenham,"[1, 0, 1, 1, 0, 0, 0, 1, 0, 1, 0, 1, 1, 0, 0, 0, 1, 1, 0, 0, 1, 0, 1, 1, 0, 0, 0, 1]",1.0000216273787577,1.394191536215651,2.032520325203252
470,E0,2000,West Ham,"[0, 0, 0, 1, 0, 1, 1, 1, 1, 1, 0, 1, 0, 0, 0, 1, 0, 0, 0, 0, 1, 0, 0, 0, 1, 0]",1.0000040304007103,8.62936914340093,9.803921568627452
471,E0,2001,Arsenal,"[1, 0, 1, 1, 1, 1, 0, 1, 1, 1, 0, 1, 1, 1, 1, 1, 1, 1, 1, 1, 1, 1, 1, 1, 1, 1, 1, 1, 1]",1.2768095126070789,12.133289836245524,1.0
472,E0,2001,Aston Villa,"[1, 1, 1, 1, 0, 1, 1, 0, 0, 0, 1, 0, 0, 1, 1, 0, 1, 0, 0, 0, 0, 0, 1, 1]",1.0002442002442002,2.2917545642708785,2.8011204481792715
473,E0,2001,Blackburn,"[0, 1, 0, 1, 0, 1, 1, 0, 0, 0, 1, 0, 0, 0, 1, 0, 0, 0, 0, 1, 1, 0, 0, 1, 1, 1, 0, 1]",1.0000070522559947,2.156578207112444,1.160092807424594
474,E0,2001,Bolton,"[1, 1, 1, 0, 0, 0, 1, 0, 1, 0, 0, 0, 0, 0, 0, 1, 0, 0, 1, 1, 0, 1, 0, 0, 0]",1.0000047384037907,1.2504075805649362,1.757469244288225
475,E0,2001,Charlton,"[0, 1, 0, 1, 0, 0, 1, 0, 1, 1, 0, 1, 1, 0, 0, 1, 0, 1, 1, 0, 0, 0, 0, 0]",1.0000273827455919,2.326647156585547,3.125
476,E0,2001,Chelsea,"[1, 1, 1, 0, 1, 1, 0, 1, 1, 0, 1, 0, 1, 1, 1, 0, 1, 1, 1, 0, 1, 1, 0, 1, 0]",1.0098712685905176,1.1155165308852732,1.6366612111292962
477,E0,2001,Derby,"[1, 0, 0, 0, 0, 0, 0, 1, 0, 0, 1, 0, 0, 1, 0, 1, 0, 0, 0, 0, 1, 0, 1, 0, 1, 0, 0, 0, 0, 0, 0, 0]",1.0000000002328306,2.321324498611079,2.9154518950437316
478,E0,2001,Everton,"[1, 1, 0, 0, 0, 1, 1, 0, 1, 0, 1, 0, 0, 0, 0, 0, 1, 0, 0, 0, 1, 1, 0, 1, 0, 1, 0, 0]",1.0000020858643386,1.405422818414341,1.968503937007874
479,E0,2001,Fulham,"[0, 1, 0, 0, 1, 1, 1, 1, 0, 0, 1, 1, 0, 1, 0, 0, 0, 0, 0, 0, 0, 1, 1, 0]",1.0000273827455919,9.399600179321332,9.615384615384615
480,E0,2001,Ipswich,"[0, 1, 0, 0, 0, 0, 0, 0, 0, 0, 0, 1, 1, 1, 0, 1, 1, 1, 1, 0, 0, 0, 0, 0, 0, 0, 1, 0, 0]",1.0000000768817379,1.6255712684154735,1.2004801920768307
481,E0,2001,Leeds,"[1, 1, 1, 1, 1, 1, 0, 1, 1, 0, 1, 1, 1, 0, 0, 0, 1, 1, 1, 0, 0, 1, 1, 0, 1, 1]",1.008463484833925,10.272154226659369,9.25925925925926
482,E0,2001,Leicester,"[0, 0, 1, 0, 0, 0, 0, 0, 1, 0, 1, 0, 0, 0, 0, 0, 0, 0, 0, 0, 0, 1, 0, 0, 1]",1.0000000040959993,1.4240369358458118,1.7730496453900708
483,E0,2001,Liverpool,"[1, 0, 0, 1, 1, 1, 1, 1, 1, 1, 1, 1, 0, 0, 1, 0, 1, 1, 1, 1, 1, 1, 1, 1, 1, 1, 1, 0, 1, 1]",1.036467456652839,2.6370103335038713,1.0764262648008611
484,E0,2001,Man United,"[1, 1, 0, 1, 1, 1, 0, 0, 1, 0, 0, 0, 1, 1, 1, 1, 1, 1, 1, 1, 0, 1, 1, 1, 1, 1, 1, 0, 1, 1, 1, 1, 0]",1.006163471264842,3.35387161971146,1.0559662090813093
485,E0,2001,Middlesbrough,"[0, 0, 0, 0, 1, 1, 0, 1, 0, 1, 1, 0, 0, 0, 0, 1, 0, 1, 1, 0, 1, 0, 1, 1, 1, 0, 0, 0, 0]",1.0000043148663462,2.6198523848362028,1.1261261261261262
486,E0,2001,Newcastle,"[1, 1, 0, 1, 0, 1, 0, 1, 1, 0, 1, 1, 1, 1, 1, 1, 0, 0, 1, 1, 1, 1, 1, 0, 0, 1, 1, 1, 1, 0]",1.0047702083675836,1.423522612105947,1.953125
487,E0,2001,Southampton,"[0, 0, 0, 1, 0, 1, 0, 0, 0, 0, 0, 1, 0, 1, 1, 0, 1, 0, 1, 1, 0, 1, 0, 1, 0, 1, 0, 0, 1]",1.0000043148663462,2.6198523848362028,1.1123470522803114
488,E0,2001,Sunderland,"[1, 0, 1, 0, 1, 0, 0, 0, 1, 0, 1, 0, 1, 1, 0, 0, 0, 0, 1, 0, 0, 1, 0, 0, 1, 0, 0, 0]",1.0000005492724295,8.078941288262076,9.345794392523365
489,E0,2001,Tottenham,"[0, 1, 0, 1, 0, 0, 1, 1, 1, 0, 1, 1, 0, 1, 0, 0, 1, 0, 0, 0, 1, 1, 0, 0, 0, 1, 1, 0, 1, 0]",1.0000108419256055,2.077102443916055,2.7624309392265194
490,E0,2001,West Ham,"[0, 0, 1, 0, 0, 1, 1, 1, 0, 0, 0, 1, 1, 0, 1, 0, 0, 1, 0, 1, 0, 1, 0, 1, 1, 1, 1, 0, 0, 1]",1.000030518509476,1.3768000610028868,1.3513513513513513
491,E0,2002,Arsenal,"[1, 1, 1, 1, 1, 1, 1, 0, 0, 1, 1, 1, 0, 1, 0, 1, 1, 1, 1, 1, 1, 1, 1, 0, 1, 1, 0, 1, 1]",1.0405392976648786,2.3505626523084286,1.0964912280701755
492,E0,2002,Aston Villa,"[0, 0, 1, 0, 1, 0, 1, 0, 0, 1, 1, 0, 0, 1, 0, 0, 1, 1, 0, 1, 1, 0, 0, 0, 0, 1, 0, 1, 0]",1.0000043148663462,1.1345588586097761,1.4285714285714286
493,E0,2002,Birmingham,"[0, 0, 1, 1, 0, 0, 1, 0, 1, 0, 1, 0, 1, 0, 0, 0, 0, 0, 0, 1, 1, 0, 1, 0, 1, 1, 1, 1, 0]",1.0000132324636137,1.6546326752135534,1.2048192771084338
494,E0,2002,Blackburn,"[1, 0, 0, 1, 1, 0, 1, 1, 0, 0, 1, 0, 1, 1, 0, 0, 1, 1, 1, 1, 0, 1, 1, 0, 1, 1]",1.0018184244638189,2.2702128930571153,1.1198208286674132
495,E0,2002,Bolton,"[0, 0, 1, 1, 0, 0, 0, 0, 0, 1, 0, 0, 1, 0, 0, 0, 1, 0, 1, 1, 1, 0, 1, 1]",1.0000273827455919,9.399600179321332,1.0141987829614605
496,E0,2002,Charlton,"[0, 1, 0, 1, 0, 0, 0, 0, 1, 0, 0, 1, 1, 1, 1, 1, 0, 1, 1, 1, 1, 1, 0, 0, 0, 0, 0, 0, 1, 0, 0]",1.0000066297630519,1.692877136198446,2.331002331002331
497,E0,2002,Chelsea,"[1, 1, 1, 0, 0, 1, 1, 1, 1, 1, 1, 1, 0, 0, 1, 0, 1, 1, 0, 0, 1, 1, 1, 1, 0, 1, 0, 1]",1.0044080667937543,1.4307425518952903,1.9569471624266144
498,E0,2002,Everton,"[1, 0, 0, 1, 0, 1, 0, 1, 1, 1, 1, 1, 1, 0, 0, 1, 0, 1, 1, 1, 0, 1, 0, 1, 1, 0, 0, 1, 0, 0]",1.0001995269871187,1.381306779628721,1.9305019305019304
499,E0,2002,Fulham,"[1, 0, 1, 1, 0, 1, 0, 0, 0, 0, 1, 0, 1, 0, 0, 0, 1, 0, 0, 1, 1, 1, 0, 0, 0, 1, 0, 1, 1]",1.0000132324636137,1.6546326752135534,1.2285012285012284
500,E0,2002,Leeds,"[1, 1, 0, 0, 1, 1, 0, 0, 0, 0, 1, 0, 0, 0, 0, 1, 1, 1, 1, 0, 0, 0, 1, 0, 0, 0, 0, 1, 0, 1, 0, 1, 1]",1.0000011010980951,1.1290080254731292,1.4388489208633093
501,E0,2002,Liverpool,"[1, 1, 1, 1, 1, 1, 1, 1, 1, 0, 0, 0, 0, 0, 0, 1, 1, 0, 1, 1, 1, 0, 1, 1, 1, 1, 0, 0]",1.002062992532928,1.0,1.4814814814814814
502,E0,2002,Man City,"[0, 1, 0, 1, 0, 0, 0, 0, 1, 1, 1, 0, 0, 1, 1, 0, 1, 1, 1, 0, 1, 0, 0, 0, 1, 0, 0, 1, 1, 0, 1, 0]",1.0000054332895676,1.3633443364812856,1.288659793814433
503,E0,2002,Man United,"[1, 1, 0, 0, 1, 1, 1, 1, 0, 1, 1, 1, 1, 0, 0, 1, 1, 1, 1, 1, 1, 1, 1, 1, 1, 1, 1, 1, 1, 1]",1.06941059918755,52.116934098412635,1.0
504,E0,2002,Middlesbrough,"[1, 0, 1, 0, 1, 1, 1, 0, 0, 1, 0, 1, 0, 0, 1, 0, 0, 0, 0, 1, 1, 1, 1, 0, 0, 0, 1, 0]",1.0000216273787577,1.394191536215651,2.028397565922921
505,E0,2002,Newcastle,"[1, 0, 0, 0, 1, 1, 1, 0, 1, 1, 0, 1, 0, 1, 1, 1, 0, 1, 1, 1, 1, 1, 1, 1, 0, 1, 1, 0, 0, 0, 1, 1]",1.0011847406349192,1.3878914311033805,1.3003901170351104
506,E0,2002,Southampton,"[0, 0, 1, 0, 1, 1, 1, 0, 0, 1, 1, 1, 1, 1, 0, 1, 0, 0, 0, 1, 1, 0, 0, 0, 1]",1.0003910298510639,2.92916459192525,3.875968992248062
507,E0,2002,Sunderland,"[0, 1, 0, 0, 0, 1, 0, 0, 1, 0, 0, 0, 1, 0, 0, 0, 0, 0, 0, 0, 0, 0, 0, 0, 0, 0, 0, 0, 0, 0, 0]",1.000000000000046,24.408725501279132,20.833333333333332
508,E0,2002,Tottenham,"[1, 1, 1, 0, 1, 0, 0, 1, 1, 0, 0, 0, 1, 1, 1, 0, 0, 1, 1, 0, 1, 0, 0, 0, 1, 0, 1, 0, 0, 0]",1.0000108419256055,6.520023336532439,7.936507936507937
509,E0,2002,West Brom,"[0, 0, 0, 1, 1, 1, 0, 0, 0, 0, 0, 0, 1, 0, 0, 0, 0, 0, 0, 1, 0, 0, 0, 0, 0, 0, 0, 1, 0, 0]",1.0000000000327671,2.63701033350387,3.257328990228013
510,E0,2002,West Ham,"[0, 0, 0, 0, 1, 0, 1, 1, 0, 0, 0, 0, 0, 0, 0, 0, 1, 0, 0, 1, 1, 1, 0, 1, 1, 1]",1.0000040304007103,8.62936914340093,1.0266940451745379
511,E0,2003,Arsenal,"[1, 1, 1, 1, 1, 1, 1, 1, 1, 1, 1, 1, 1, 1, 1, 1, 1, 1, 1, 1, 1, 1]",inf,,1.0
512,E0,2003,Aston Villa,"[0, 0, 1, 0, 1, 0, 0, 0, 1, 0, 1, 1, 1, 1, 0, 0, 1, 1, 1, 0, 1, 0, 1, 1, 1]",1.0009520715919464,3.1145415753386905,1.0706638115631693
513,E0,2003,Birmingham,"[1, 1, 1, 1, 0, 1, 0, 0, 0, 0, 1, 1, 0, 0, 1, 1, 1, 1, 0, 0, 1, 0]",1.0012732005270761,1.0,1.550387596899225
514,E0,2003,Blackburn,"[1, 0, 0, 1, 0, 0, 0, 0, 0, 1, 0, 1, 1, 0, 0, 1, 0, 0, 1, 0, 0, 1, 0, 1, 1, 0]",1.0000040304007103,1.0,1.550387596899225
515,E0,2003,Bolton,"[0, 0, 1, 0, 0, 1, 1, 1, 0, 1, 0, 0, 1, 1, 1, 0, 0, 0, 0, 1, 0, 1, 1, 1]",1.0002442002442002,2.2917545642708785,1.1098779134295227
516,E0,2003,Charlton,"[0, 1, 0, 0, 1, 1, 1, 1, 1, 0, 0, 1, 1, 1, 1, 0, 0, 0, 1, 0, 1, 0, 0, 0, 0]",1.000149609722819,5.830741747270508,6.172839506172839
517,E0,2003,Chelsea,"[1, 1, 1, 1, 1, 1, 0, 1, 1, 1, 1, 1, 0, 1, 0, 1, 0, 1, 1, 1, 1, 0, 1, 1, 1, 1, 0, 1]",1.0353839675910859,2.6583814153224874,3.2051282051282053
518,E0,2003,Everton,"[0, 1, 0, 0, 1, 0, 0, 0, 1, 0, 1, 1, 0, 1, 0, 0, 0, 0, 1, 1, 0, 0, 0, 0]",1.0000018816799632,2.446390095668297,2.7027027027027026
519,E0,2003,Fulham,"[1, 0, 1, 1, 1, 0, 1, 0, 0, 1, 1, 0, 0, 1, 0, 0, 1, 0, 1, 0, 0, 1, 0, 1]",1.0002442002442002,2.2917545642708785,2.949852507374631
520,E0,2003,Leeds,"[0, 1, 0, 0, 0, 1, 0, 0, 0, 0, 0, 1, 1, 0, 0, 0, 0, 0, 0, 1, 0, 1, 0, 0, 0]",1.000000036520349,2.34269538596313,2.793296089385475
521,E0,2003,Leicester,"[0, 0, 1, 0, 0, 0, 0, 0, 1, 1, 1, 0, 0, 0, 0, 0, 1, 1]",1.0000508078447305,2.8830417383280293,1.0695187165775402
522,E0,2003,Liverpool,"[0, 1, 1, 1, 0, 0, 0, 1, 1, 0, 1, 0, 1, 1, 1, 0, 1, 0, 1, 1, 1, 1, 1]",1.0091613241829274,8.612333490432103,1.0214504596527068
523,E0,2003,Man City,"[1, 1, 0, 1, 0, 1, 0, 1, 0, 0, 0, 0, 0, 0, 0, 0, 1, 0, 1, 0, 1, 0]",1.0000147009957618,2.5015720958124104,3.048780487804878
524,E0,2003,Man United,"[1, 1, 1, 0, 1, 1, 1, 1, 0, 1, 1, 1, 0, 1, 1, 1, 1, 1, 1, 0, 1, 1, 0, 0, 1, 1, 0, 0]",1.0090809969140144,2.370743478581191,2.865329512893983
525,E0,2003,Middlesbrough,"[0, 0, 0, 0, 1, 1, 0, 0, 1, 1, 1, 0, 1, 0, 1, 0, 1, 0, 0, 1, 0, 1, 1, 0, 0, 0, 1]",1.0000264021157483,1.1498501929607134,1.3793103448275863
526,E0,2003,Newcastle,"[0, 0, 0, 1, 1, 1, 1, 0, 1, 1, 0, 1, 1, 1, 1, 0, 1, 0, 1, 1, 0]",1.0083338353555462,2.0421107060969934,1.1061946902654867
527,E0,2003,Portsmouth,"[1, 1, 0, 0, 0, 1, 0, 0, 1, 0, 0, 0, 0, 1, 0, 0, 1, 0, 0, 0, 0, 0, 1, 1, 1, 0]",1.0000010244707045,1.4396280507508081,1.243781094527363
528,E0,2003,Southampton,"[1, 1, 1, 0, 0, 1, 0, 0, 0, 1, 1, 1, 0, 0, 0, 1, 0, 0, 1, 0, 1, 0, 0]",1.0001049637617005,6.934133353896997,6.802721088435374
529,E0,2003,Tottenham,"[0, 1, 0, 0, 0, 1, 1, 0, 0, 1, 0, 1, 0, 0, 0, 0, 1, 1, 1, 0, 1, 1, 0, 1, 0, 0, 0, 1]",1.0000070522559947,2.156578207112444,1.1389521640091116
530,E0,2003,Wolves,"[0, 0, 0, 0, 0, 1, 1, 0, 0, 0, 0, 0, 1, 0, 1, 0, 0, 1, 0, 0, 0, 1, 1]",1.0000020752630105,6.510061165955309,1.0256410256410255
531,E0,2004,Arsenal,"[1, 1, 1, 1, 1, 1, 1, 1, 0, 1, 0, 1, 1, 1, 1, 1, 0, 1, 0, 1, 1, 1, 1, 1, 1]",1.1407845745908265,1.0706096978569875,1.4947683109118086
532,E0,2004,Aston Villa,"[1, 0, 1, 0, 1, 1, 1, 1, 0, 0, 0, 0, 0, 1, 0, 1, 0, 0, 1, 0, 1, 0, 1, 1]",1.0002442002442002,1.0,1.5174506828528074
533,E0,2004,Birmingham,"[0, 1, 0, 0, 0, 1, 0, 0, 1, 1, 1, 1, 0, 0, 0, 0, 1, 0, 1, 0, 0, 1, 0]",1.000032936368384,3.5324009677010246,3.9840637450199203
534,E0,2004,Blackburn,"[0, 0, 0, 1, 0, 0, 0, 1, 0, 1, 0, 1, 1, 0, 0, 0, 1, 1, 0, 1, 1]",1.0002090850312417,6.839411299246842,1.0224948875255624
535,E0,2004,Bolton,"[1, 0, 1, 1, 0, 1, 1, 1, 0, 0, 0, 0, 0, 0, 0, 1, 1, 1, 1, 1, 0, 1, 1, 0, 1, 1]",1.0007850071902127,3.985282010464006,1.0548523206751055
536,E0,2004,Charlton,"[0, 1, 1, 0, 1, 0, 0, 0, 1, 1, 0, 0, 1, 1, 1, 1, 0, 0, 1, 1, 0, 1, 0, 0, 0]",1.000149609722819,1.169291329729407,1.3831258644536653
537,E0,2004,Chelsea,"[1, 1, 1, 1, 1, 1, 0, 1, 1, 1, 1, 1, 1, 1, 1, 1, 1, 1, 1, 1, 1, 1, 1, 1, 1, 1]",2.5035931953508164,2.966927147257331,1.0
538,E0,2004,Crystal Palace,"[0, 0, 0, 0, 0, 1, 0, 1, 1, 0, 0, 0, 0, 0, 0, 1, 0, 1, 0, 0, 1, 0, 0, 0, 0]",1.000000036520349,1.092752472513164,1.3717421124828533
539,E0,2004,Everton,"[0, 1, 1, 1, 1, 1, 0, 1, 1, 0, 1, 1, 1, 1, 1, 0, 0, 1, 0, 1, 0, 1, 0, 0, 0, 1, 1]",1.0024500208091667,11.068631642535637,13.333333333333334
540,E0,2004,Fulham,"[1, 0, 0, 0, 1, 0, 0, 0, 1, 1, 0, 0, 0, 1, 0, 0, 0, 1, 1, 1, 0, 0, 0, 1, 0]",1.0000047384037907,1.6934713679658733,1.2165450121654502
541,E0,2004,Liverpool,"[1, 0, 1, 0, 1, 0, 1, 1, 0, 1, 0, 1, 0, 1, 1, 1, 0, 1, 0, 0, 1, 1, 0, 0, 1, 1, 0, 1]",1.0003959489930363,1.0,1.5479876160990713
542,E0,2004,Man City,"[0, 0, 1, 0, 1, 0, 1, 0, 1, 1, 0, 0, 1, 0, 1, 1, 0, 0, 1, 0, 0, 1, 1]",1.000299532124069,1.790728963037736,1.187648456057007
543,E0,2004,Man United,"[0, 1, 1, 1, 1, 0, 1, 1, 1, 1, 1, 1, 1, 1, 1, 1, 1, 1, 1, 1, 1, 0, 0]",1.1392891819876498,1.0774883305555136,1.5174506828528074
544,E0,2004,Middlesbrough,"[0, 1, 1, 1, 0, 0, 1, 1, 1, 1, 0, 1, 1, 0, 1, 0, 0, 0, 1, 0, 0, 1, 0]",1.0007804162586758,6.230607262229357,6.622516556291391
545,E0,2004,Newcastle,"[0, 0, 1, 1, 1, 1, 0, 0, 0, 1, 0, 0, 0, 1, 1, 0, 1, 1, 0, 0, 0]",1.0002090850312417,1.230651611365352,1.7513134851138354
546,E0,2004,Norwich,"[0, 0, 0, 0, 0, 1, 0, 1, 0, 0, 0, 0, 0, 0, 1, 0, 0, 0, 0, 0, 1, 1]",1.0000000835642648,1.5847884080708305,1.17096018735363
547,E0,2004,Portsmouth,"[0, 1, 1, 0, 0, 1, 1, 0, 0, 0, 1, 1, 0, 1, 0, 0, 0, 0, 1, 0, 0, 0, 0, 0, 1, 0]",1.0000010244707045,4.293996901425504,4.587155963302752
548,E0,2004,Southampton,"[0, 1, 0, 0, 0, 0, 0, 1, 0, 0, 0, 0, 0, 0, 1, 0, 1, 1, 0, 0, 0]",1.0000005854736458,1.8078862951949273,1.1261261261261262
549,E0,2004,Tottenham,"[1, 1, 0, 1, 0, 0, 0, 0, 0, 0, 1, 1, 1, 1, 1, 1, 0, 0, 0, 1, 1, 0, 0, 1, 1]",1.0003910298510639,1.7798390893831886,1.1990407673860912
550,E0,2004,West Brom,"[0, 0, 0, 1, 0, 0, 0, 0, 0, 0, 0, 0, 0, 1, 0, 1, 0, 1, 1]",1.0000060527154737,8.890106381484355,1.0101010101010102
551,E0,2005,Arsenal,"[1, 0, 1, 0, 1, 1, 0, 1, 1, 1, 1, 0, 0, 0, 1, 1, 1, 0, 0, 1, 0, 0, 1, 1, 1, 1, 0, 1, 1, 1, 1]",1.0013984000171472,1.2254329967243685,1.335113484646195
552,E0,2005,Aston Villa,"[0, 1, 0, 0, 0, 1, 0, 0, 0, 1, 1, 0, 1, 1, 0, 1, 0, 1, 0, 0, 0, 1, 0, 0, 0, 1]",1.0000040304007103,1.0,1.545595054095827
553,E0,2005,Birmingham,"[0, 0, 1, 0, 0, 0, 0, 0, 0, 1, 0, 1, 0, 0, 0, 1, 0, 1, 0, 0, 1, 0, 0, 0, 1, 0, 1, 0]",1.0000000241572442,2.370743478581193,1.1350737797956867
554,E0,2005,Blackburn,"[0, 1, 0, 0, 1, 1, 0, 1, 0, 1, 0, 0, 1, 0, 1, 1, 1, 1, 1, 0, 0, 1, 1, 0, 1, 1, 1, 0, 0, 1, 1, 1]",1.0002386500854352,3.38554667770801,1.0787486515641855
555,E0,2005,Bolton,"[0, 1, 1, 1, 1, 0, 0, 1, 1, 1, 0, 1, 1, 0, 1, 1, 0, 1, 1, 0, 0, 0, 0, 0, 1, 0, 1]",1.000480469748762,2.750205918357974,3.508771929824561
556,E0,2005,Charlton,"[1, 1, 1, 1, 0, 1, 0, 1, 0, 0, 0, 0, 0, 1, 0, 0, 1, 0, 1, 0, 1, 0, 1, 0, 1, 0, 1, 0, 0, 0]",1.0000035672456171,1.381306779628721,2.032520325203252
557,E0,2005,Chelsea,"[1, 1, 1, 1, 1, 1, 1, 1, 1, 1, 0, 1, 1, 1, 1, 1, 1, 1, 1, 1, 1, 1, 0, 1, 1, 1, 0, 1, 1, 1, 1, 1, 0, 0]",1.0717315809871115,6.326888770542503,5.882352941176471
558,E0,2005,Everton,"[0, 1, 0, 0, 0, 0, 0, 0, 1, 1, 0, 1, 1, 0, 0, 0, 0, 1, 1, 1, 1, 1, 1, 0, 1, 1, 0, 0, 0, 1]",1.0000108419256055,6.520023336532439,1.027749229188078
559,E0,2005,Fulham,"[0, 0, 1, 0, 0, 0, 1, 0, 1, 0, 1, 0, 1, 0, 0, 1, 1, 0, 1, 0, 1, 0, 0, 0, 0, 1, 0, 1, 1, 1, 0, 1]",1.0000018015640217,2.032382073839673,1.183431952662722
560,E0,2005,Liverpool,"[1, 0, 1, 0, 1, 1, 1, 1, 1, 1, 1, 1, 1, 1, 1, 0, 0, 0, 1, 1, 1, 0, 1, 1, 1, 1, 1, 1, 1, 1, 1]",1.041329771833122,1.072056961980483,1.5552099533437014
561,E0,2005,Man City,"[1, 1, 1, 0, 0, 1, 1, 0, 1, 0, 0, 1, 0, 1, 0, 0, 0, 1, 0, 1, 0, 1, 0, 1, 0, 0, 0, 0, 0, 0, 1, 0, 0, 0]",1.0000000797802575,3.2877398161825266,4.016064257028113
562,E0,2005,Man United,"[1, 1, 1, 0, 1, 1, 0, 1, 1, 1, 1, 1, 1, 1, 1, 0, 1, 0, 1, 1, 1, 1, 1, 1, 1, 1, 1, 1, 0, 1]",1.06941059918755,1.5663370801346683,2.0120724346076457
563,E0,2005,Middlesbrough,"[0, 1, 0, 1, 0, 1, 0, 1, 0, 1, 0, 0, 0, 0, 0, 1, 0, 1, 1, 1, 0, 0, 1, 1, 0, 0, 1, 0, 0]",1.0000043148663462,2.6198523848362028,1.1160714285714286
564,E0,2005,Newcastle,"[0, 0, 0, 1, 1, 0, 1, 1, 1, 0, 0, 1, 1, 0, 0, 0, 0, 0, 1, 1, 1, 1, 0, 0, 0, 1, 1, 1, 1, 1, 1]",1.0001220004391758,4.71144055389372,1.0493179433368311
565,E0,2005,Portsmouth,"[0, 0, 0, 1, 0, 0, 1, 0, 0, 0, 0, 0, 1, 0, 1, 0, 0, 0, 0, 0, 0, 0, 1, 1, 1, 1, 0, 1, 1, 0]",1.0000000696917235,2.19264572704599,1.1428571428571428
566,E0,2005,Sunderland,"[0, 0, 0, 0, 0, 1, 0, 0, 0, 0, 0, 0, 0, 0, 0, 0, 0, 0, 1, 0, 0, 0, 0, 0, 0, 0, 0, 0, 0, 0, 1, 0]",1.0,1.7869990979237944,1.1210762331838564
567,E0,2005,Tottenham,"[1, 1, 0, 1, 1, 1, 0, 1, 1, 1, 1, 0, 1, 1, 0, 0, 1, 1, 0, 1, 1, 0, 1, 1, 0, 1, 0]",1.0051647688620928,5.2428562629736755,5.617977528089888
568,E0,2005,West Brom,"[1, 0, 0, 0, 0, 0, 1, 0, 0, 0, 1, 1, 0, 0, 1, 0, 0, 1, 0, 1, 0, 0, 0, 0, 0, 0, 0, 0, 0]",1.0000000022792956,4.13335857259711,5.208333333333333
569,E0,2005,West Ham,"[1, 0, 1, 1, 0, 1, 0, 1, 0, 1, 0, 1, 0, 0, 0, 0, 1, 1, 1, 1, 1, 0, 0, 1, 0, 0, 1, 0, 0, 1, 1]",1.0000491355329604,2.61572821872245,1.1261261261261262
570,E0,2005,Wigan,"[0, 0, 1, 1, 1, 1, 1, 1, 1, 1, 0, 0, 0, 0, 0, 1, 1, 1, 0, 0, 0, 1, 0, 0, 1, 1, 0, 0, 1, 0, 0, 0]",1.0000054332895676,3.298430830986802,4.201680672268908
571,E0,2006,Arsenal,"[0, 1, 1, 1, 1, 1, 0, 1, 0, 0, 1, 1, 1, 1, 0, 1, 1, 1, 1, 1, 1, 0, 0, 0, 1, 1, 1]",1.010485715175889,1.104581612524389,1.5527950310559007
572,E0,2006,Aston Villa,"[1, 1, 1, 0, 1, 1, 0, 0, 0, 0, 0, 0, 1, 0, 1, 0, 0, 1, 1, 1, 1]",1.0015574344008986,1.889953018320663,1.1682242990654206
573,E0,2006,Blackburn,"[0, 0, 1, 1, 1, 0, 0, 0, 0, 1, 0, 0, 1, 0, 1, 1, 1, 0, 1, 0, 0, 1, 0, 1, 1, 0, 0, 0, 1, 1, 1]",1.0000186617163016,1.644240699330826,1.256281407035176
574,E0,2006,Bolton,"[1, 0, 1, 1, 1, 1, 1, 0, 0, 0, 1, 0, 0, 1, 1, 1, 1, 1, 0, 0, 1, 1, 0, 0, 0, 1, 1, 0, 0, 0]",1.0000803555384554,2.077102443916055,2.8901734104046244
575,E0,2006,Charlton,"[0, 0, 1, 0, 0, 0, 0, 0, 1, 0, 0, 0, 1, 0, 0, 0, 1, 0, 0, 1, 0, 0, 1, 1, 1, 0, 0, 0]",1.0000000241572442,2.370743478581194,1.1135857461024499
576,E0,2006,Chelsea,"[1, 0, 1, 1, 1, 1, 1, 1, 1, 0, 1, 1, 1, 1, 1, 1, 1, 0, 1, 1, 1, 1, 1, 1, 1, 1, 1]",1.2759665931614046,1.6685971445988144,1.1325028312570782
577,E0,2006,Everton,"[1, 1, 1, 0, 1, 0, 0, 1, 0, 1, 0, 0, 1, 1, 0, 1, 1, 0, 1, 1, 1, 1, 0, 0, 1]",1.0021815310542643,1.8781289297349772,1.1641443538998837
578,E0,2006,Fulham,"[0, 1, 1, 0, 1, 0, 1, 0, 0, 1, 0, 0, 1, 0, 1, 0, 0, 0, 0, 0, 0, 1, 0]",1.000009015453466,2.041574657975739,2.6109660574412534
579,E0,2006,Liverpool,"[1, 0, 0, 1, 1, 0, 0, 1, 1, 0, 1, 1, 1, 1, 1, 0, 1, 1, 1, 1, 1, 0, 1, 0, 1, 1, 1, 1, 0, 0]",1.0022888852923264,1.0,1.5082956259426847
580,E0,2006,Man City,"[0, 1, 0, 0, 1, 0, 1, 0, 1, 0, 1, 0, 0, 0, 1, 1, 1, 0, 0, 0, 0, 0, 1, 1, 1, 0, 0, 0, 0]",1.0000012762218502,1.2194514456293808,1.7761989342806395
581,E0,2006,Man United,"[1, 1, 1, 1, 0, 1, 1, 1, 1, 1, 1, 1, 1, 1, 1, 0, 1, 1, 1, 1, 0, 1, 1, 1, 1, 1, 1, 1, 0, 1, 1, 1, 0]",1.0777737549222652,1.6882839402468186,2.05761316872428
582,E0,2006,Middlesbrough,"[0, 1, 0, 0, 0, 1, 1, 0, 0, 1, 0, 0, 0, 1, 0, 1, 1, 1, 0, 1, 0, 0, 1, 0, 0, 0, 1, 1]",1.0000070522559947,2.156578207112444,1.1428571428571428
583,E0,2006,Newcastle,"[1, 0, 0, 1, 0, 0, 0, 0, 0, 1, 1, 1, 0, 1, 1, 0, 0, 1, 1, 0, 1, 0, 0, 0, 1, 0, 0, 0]",1.0000020858643386,1.405422818414341,2.0618556701030926
584,E0,2006,Portsmouth,"[1, 1, 1, 1, 0, 0, 1, 0, 1, 0, 1, 0, 1, 1, 1, 0, 0, 0, 1, 0, 0, 1, 0, 1, 1, 0]",1.0003199999365238,2.2139588896675235,2.985074626865672
585,E0,2006,Reading,"[1, 0, 0, 1, 1, 1, 0, 0, 0, 0, 1, 1, 1, 1, 0, 0, 0, 0, 1, 1, 1, 1, 1, 0, 0, 0, 0, 1, 1, 1, 0]",1.0000491355329604,1.1645279344287736,1.4577259475218658
586,E0,2006,Sheffield United,"[0, 0, 0, 0, 1, 0, 0, 1, 0, 0, 1, 1, 1, 0, 0, 1, 0, 0, 1, 0, 1, 0, 0, 0, 0, 1, 0, 1, 0, 0]",1.0000000696917235,1.0,1.4534883720930232
587,E0,2006,Tottenham,"[0, 1, 0, 0, 0, 1, 1, 1, 0, 1, 0, 1, 1, 1, 0, 1, 0, 0, 0, 0, 1, 1, 1, 1, 1, 0, 1, 1, 1]",1.0005661855097403,1.7682311135121247,1.2106537530266344
588,E0,2006,Watford,"[0, 0, 0, 0, 1, 0, 0, 0, 0, 0, 0, 0, 0, 1, 0, 0, 1, 0, 0, 0, 0, 1, 0, 0, 1]",1.0000000040959993,7.634328976379781,1.0121457489878543
589,E0,2006,West Ham,"[1, 0, 0, 0, 0, 0, 0, 1, 1, 0, 0, 1, 0, 0, 0, 1, 0, 0, 0, 0, 0, 0, 0, 0, 1, 1, 1, 0, 0, 1, 1, 1, 1]",1.0000000934710107,2.4424266937618437,1.1235955056179776
590,E0,2006,Wigan,"[0, 1, 0, 0, 0, 1, 1, 1, 1, 0, 0, 1, 0, 0, 0, 0, 0, 0, 0, 0, 1, 0, 1, 1, 0, 0, 0, 0, 0, 1]",1.0000000696917235,2.19264572704599,3.0303030303030303
591,E0,2007,Arsenal,"[1, 1, 1, 1, 1, 1, 1, 1, 1, 1, 1, 0, 1, 1, 1, 1, 1, 1, 1, 1, 0, 1, 0, 1, 1, 1, 1]",1.2759665931614046,1.9196543465789708,2.0833333333333335
592,E0,2007,Aston Villa,"[0, 1, 1, 0, 1, 1, 0, 1, 1, 1, 1, 0, 0, 1, 1, 1, 0, 1, 1, 0, 0, 0, 1, 1, 1, 0]",1.0018184244638189,1.0,1.5552099533437014
593,E0,2007,Birmingham,"[0, 0, 1, 0, 1, 0, 0, 0, 1, 0, 0, 0, 1, 0, 0, 1, 0, 0, 0, 1, 0, 0, 1, 0, 0, 0, 1]",1.0000001356566086,1.104581612524389,1.3908205841446453
594,E0,2007,Blackburn,"[1, 1, 0, 1, 1, 1, 1, 0, 0, 1, 0, 0, 0, 1, 1, 1, 0, 1, 1, 0, 1, 0, 1, 1, 0]",1.0021815310542643,1.878128929734978,1.1904761904761905
595,E0,2007,Bolton,"[0, 0, 0, 1, 0, 0, 0, 0, 1, 0, 1, 0, 1, 0, 0, 1, 0, 1, 0, 0, 0, 0, 0, 0, 0, 1, 1, 1]",1.0000001256558595,1.4307425518952905,1.297016861219196
596,E0,2007,Chelsea,"[1, 1, 1, 0, 0, 1, 1, 1, 1, 1, 1, 1, 0, 1, 1, 1, 1, 1, 1, 1, 1, 1, 1, 1, 1, 1, 1, 1]",1.2572603842306809,12.154084747229554,1.0
597,E0,2007,Derby,"[0, 0, 0, 0, 1, 0, 0, 0, 0, 0, 0, 0, 0, 0, 0, 0, 0, 0, 0, 0, 0, 0, 0, 0, 0, 0, 0, 0, 0, 0]",0.9999999999999998,2.991486736749605,1.941747572815534
598,E0,2007,Everton,"[1, 1, 0, 1, 0, 0, 1, 0, 0, 1, 1, 1, 1, 1, 0, 1, 0, 1, 1, 1, 1, 1, 1, 1, 0, 0, 1, 0, 0, 1]",1.0010591193918743,1.3957587072550004,1.277139208173691
599,E0,2007,Fulham,"[0, 1, 0, 0, 0, 1, 0, 0, 0, 0, 0, 0, 0, 0, 1, 0, 0, 0, 1, 0, 0, 1, 0, 1, 1, 1]",1.0000002215727783,10.272154226659378,1.0141987829614605
600,E0,2007,Liverpool,"[1, 1, 1, 1, 1, 1, 1, 1, 0, 0, 1, 1, 0, 1, 1, 1, 1, 1, 1, 0, 1, 1, 1, 1, 1]",1.1407845745908265,3.041785003509012,1.0810810810810811
601,E0,2007,Man City,"[1, 1, 1, 0, 0, 1, 1, 1, 1, 0, 1, 1, 0, 1, 1, 0, 0, 1, 0, 0, 1, 0, 0, 1, 1, 0, 0, 0]",1.0001603743215302,16.285698285444777,14.084507042253522
602,E0,2007,Man United,"[0, 1, 1, 1, 1, 1, 1, 1, 1, 1, 0, 1, 1, 1, 1, 1, 0, 1, 1, 1, 1, 0, 1, 1, 1, 1, 1, 1, 1, 0, 1, 1]",1.0706423244887302,1.563439300198103,2.0080321285140563
603,E0,2007,Middlesbrough,"[0, 0, 1, 1, 0, 0, 0, 0, 0, 0, 1, 1, 0, 0, 1, 0, 1, 1, 0, 0, 1, 0, 0, 0, 1, 1]",1.0000040304007103,2.2702128930571153,1.1210762331838564
604,E0,2007,Newcastle,"[1, 1, 0, 1, 0, 1, 1, 0, 0, 0, 0, 1, 1, 0, 0, 0, 0, 0, 0, 0, 0, 0, 1, 1, 1, 1, 0, 0]",1.0000020858643386,3.8151830986750914,4.926108374384237
605,E0,2007,Portsmouth,"[1, 0, 0, 1, 1, 1, 1, 1, 1, 1, 0, 0, 0, 1, 0, 1, 0, 1, 1, 0, 1, 1, 0, 1, 1, 0, 0, 0, 0]",1.0002422216562439,1.6546326752135534,2.2573363431151243
606,E0,2007,Reading,"[0, 1, 0, 0, 0, 1, 0, 1, 0, 1, 0, 0, 0, 1, 1, 0, 0, 0, 0, 0, 0, 0, 0, 1, 1, 0, 1, 0, 0, 0, 0, 1]",1.0000000082718061,2.1648404721228456,2.6041666666666665
607,E0,2007,Sunderland,"[1, 0, 0, 0, 1, 0, 0, 0, 0, 0, 1, 0, 0, 0, 1, 0, 1, 0, 1, 0, 1, 0, 0, 0, 1, 1, 1, 0, 0, 1, 0, 0]",1.0000000380087273,3.5838221284797918,1.0787486515641855
608,E0,2007,Tottenham,"[0, 0, 1, 0, 0, 0, 0, 1, 0, 1, 1, 0, 1, 1, 0, 0, 1, 1, 0, 1, 0, 1, 0, 1, 0]",1.0000526568633756,1.7213174941320748,1.1976047904191616
609,E0,2007,West Ham,"[0, 1, 1, 1, 0, 0, 0, 1, 1, 0, 1, 0, 1, 1, 0, 1, 1, 0, 1, 0, 0, 0, 1, 0, 0, 0, 1, 0]",1.0000216273787577,3.6726779667447933,4.273504273504273
610,E0,2007,Wigan,"[0, 1, 1, 0, 0, 0, 0, 0, 0, 0, 0, 0, 0, 1, 1, 0, 1, 0, 0, 1, 0, 1, 1, 0, 0, 1, 1, 0]",1.0000005492724295,8.078941288262076,1.019367991845056
611,E0,2008,Arsenal,"[1, 0, 1, 1, 1, 0, 1, 1, 0, 1, 0, 0, 1, 1, 1, 1, 1, 1, 1, 1, 1, 1, 1, 1, 0, 1]",1.0341442470695272,14.261791642147374,1.0080645161290323
612,E0,2008,Aston Villa,"[1, 0, 1, 1, 1, 0, 1, 1, 0, 0, 1, 1, 1, 1, 1, 1, 1, 1, 1, 0, 0, 0, 0, 0, 1, 0, 1]",1.0024500208091667,2.7330359759512177,3.3112582781456954
613,E0,2008,Blackburn,"[1, 0, 0, 1, 1, 0, 0, 0, 0, 0, 0, 0, 0, 1, 1, 0, 0, 1, 1, 0, 1, 0, 0, 1, 0, 1, 0]",1.0000024675850911,2.7330359759512177,1.0964912280701755
614,E0,2008,Bolton,"[1, 0, 0, 0, 0, 1, 0, 0, 1, 1, 0, 1, 1, 0, 0, 1, 0, 0, 0, 0, 1, 0, 1, 1, 0, 0, 1, 0, 0, 0]",1.0000002911196926,1.3957587072550006,1.9920318725099602
615,E0,2008,Chelsea,"[1, 1, 1, 1, 1, 1, 0, 1, 1, 1, 1, 0, 1, 1, 0, 1, 1, 0, 1, 1, 1, 1, 0, 1, 1, 1, 1, 1, 1, 1]",1.06941059918755,1.5663370801346683,1.2062726176115801
616,E0,2008,Everton,"[0, 1, 0, 1, 0, 0, 1, 1, 1, 0, 1, 0, 1, 1, 1, 1, 0, 1, 1, 1, 0, 1, 0, 1, 1, 1]",1.0040079250847682,4.293996901425505,1.0615711252653928
617,E0,2008,Fulham,"[0, 1, 1, 0, 0, 0, 1, 0, 1, 1, 1, 0, 0, 1, 0, 1, 0, 0, 1, 1, 0, 1, 1, 0, 1, 1, 0]",1.0001958937576536,1.1779206329654481,1.394700139470014
618,E0,2008,Hull,"[1, 0, 1, 1, 1, 1, 1, 0, 0, 0, 1, 0, 0, 0, 0, 0, 0, 0, 0, 1, 0, 0, 0, 0, 0, 0, 0]",1.0000001356566086,67.96229349820827,38.46153846153846
619,E0,2008,Liverpool,"[1, 1, 1, 1, 1, 1, 1, 1, 0, 1, 1, 1, 1, 1, 1, 1, 0, 1, 1, 1, 1, 1, 1, 1, 1, 1, 1]",1.5815225649569464,1.0431039090115772,1.3623978201634876
620,E0,2008,Man City,"[0, 1, 1, 0, 1, 0, 0, 1, 0, 0, 0, 1, 0, 0, 0, 1, 1, 1, 0, 1, 0, 0, 1, 0, 1, 0, 0, 1, 1, 1, 0, 0, 1]",1.0000033207681052,1.6018433528836769,1.272264631043257
621,E0,2008,Man United,"[1, 0, 1, 1, 1, 1, 1, 0, 1, 1, 1, 1, 1, 1, 1, 1, 1, 1, 1, 1, 1, 1, 0, 0, 1, 1, 1, 1, 1, 1, 1, 1]",1.1338730931613314,1.0,1.4124293785310735
622,E0,2008,Middlesbrough,"[1, 0, 1, 0, 0, 0, 1, 0, 1, 1, 0, 0, 0, 0, 0, 0, 0, 0, 1, 0, 0, 0, 1, 0, 0, 0, 0]",1.0000000239081301,4.161556982374937,4.273504273504273
623,E0,2008,Newcastle,"[1, 0, 0, 0, 0, 0, 1, 1, 0, 1, 1, 0, 0, 0, 0, 1, 0, 0, 0, 0, 0, 0, 1, 0, 0]",1.0000002322183192,4.196674638349662,4.608294930875576
624,E0,2008,Portsmouth,"[0, 0, 1, 1, 0, 1, 1, 0, 0, 1, 1, 0, 0, 0, 0, 0, 0, 0, 1, 0, 1, 1, 0, 0, 0, 1, 0]",1.0000024675850911,1.8755823130992606,2.4752475247524752
625,E0,2008,Stoke,"[0, 1, 0, 0, 0, 0, 1, 0, 1, 1, 0, 1, 0, 0, 0, 0, 0, 1, 0, 1, 0, 1, 1, 1, 0, 0, 1, 1, 0]",1.0000043148663462,2.6198523848362028,1.122334455667789
626,E0,2008,Sunderland,"[0, 1, 0, 1, 0, 1, 0, 0, 0, 1, 0, 0, 0, 1, 1, 0, 0, 1, 1, 0, 0, 0, 0, 0, 1, 0, 0, 0, 0]",1.0000000768817379,3.401934864321011,4.132231404958677
627,E0,2008,Tottenham,"[0, 0, 0, 0, 0, 0, 1, 1, 1, 0, 1, 0, 1, 0, 0, 0, 1, 0, 1, 1, 1, 1, 0, 1, 1, 0, 1, 1, 0]",1.00003734536836,9.747690602480375,1.016260162601626
628,E0,2008,West Brom,"[0, 0, 1, 0, 1, 1, 0, 0, 0, 0, 0, 0, 0, 0, 1, 0, 1, 0, 1, 0, 0, 0, 0, 0, 0, 0, 1, 0, 1, 0]",1.0000000024520586,1.0,1.5060240963855422
629,E0,2008,West Ham,"[1, 0, 1, 0, 1, 1, 0, 0, 0, 0, 0, 1, 0, 0, 1, 1, 1, 1, 0, 0, 1, 1, 1, 0, 0, 1, 0, 0, 1]",1.00003734536836,2.6725084851718366,1.1074197120708749
630,E0,2008,Wigan,"[0, 0, 1, 1, 0, 0, 0, 0, 1, 1, 1, 0, 1, 1, 1, 1, 0, 0, 0, 0, 1, 1, 0, 0, 0, 0, 0, 0, 1]",1.0000043148663462,5.342763831452187,6.289308176100629
631,E0,2009,Arsenal,"[1, 1, 0, 0, 1, 1, 1, 1, 1, 1, 0, 0, 1, 1, 1, 1, 1, 1, 1, 0, 0, 1, 1, 1, 1, 1, 1, 1, 0, 0, 0, 1]",1.0050986407046356,1.4175390044707004,2.074688796680498
632,E0,2009,Aston Villa,"[0, 1, 1, 1, 1, 0, 1, 0, 1, 1, 1, 1, 1, 0, 0, 1, 1, 1, 0, 1, 1, 1, 1, 0, 0]",1.0098712685905176,2.9090971664440395,3.5842293906810037
633,E0,2009,Birmingham,"[0, 1, 0, 0, 1, 0, 0, 0, 1, 1, 1, 1, 1, 1, 1, 0, 1, 0, 0, 1, 1, 0, 0, 0, 0, 1, 0]",1.0000747424113352,2.852375252227529,3.508771929824561
634,E0,2009,Blackburn,"[0, 0, 1, 0, 1, 0, 1, 0, 0, 1, 1, 0, 0, 0, 0, 1, 1, 0, 1, 1, 0, 0, 1, 1, 0, 1, 1]",1.0000747424113352,5.159462344712263,1.0460251046025104
635,E0,2009,Bolton,"[0, 0, 0, 1, 1, 0, 1, 0, 0, 0, 0, 1, 0, 0, 1, 0, 0, 0, 1, 1, 0, 1, 0, 0, 0, 0, 1, 0, 1]",1.0000003360687846,1.1141779823941582,1.4326647564469914
636,E0,2009,Burnley,"[0, 1, 1, 0, 0, 1, 0, 1, 0, 0, 1, 0, 0, 0, 0, 0, 0, 0, 1, 0, 0, 0, 0, 0, 0, 0, 0, 1, 0, 0, 0, 1]",1.0000000002328306,2.321324498611079,3.2679738562091503
637,E0,2009,Chelsea,"[1, 1, 1, 1, 1, 1, 0, 1, 0, 1, 1, 1, 1, 1, 0, 1, 1, 1, 1, 1, 1, 0, 1, 0, 1, 1, 1, 1, 1, 0, 1, 1, 1]",1.0420217336513462,1.067080086222349,1.5015015015015014
638,E0,2009,Everton,"[0, 0, 1, 0, 1, 1, 0, 1, 0, 0, 0, 1, 1, 1, 1, 0, 1, 1, 0, 1, 1, 1, 1, 1, 1]",1.0047447730400427,18.565126647357054,1.0050251256281406
639,E0,2009,Fulham,"[1, 0, 0, 1, 0, 0, 1, 1, 0, 1, 1, 1, 0, 0, 0, 0, 0, 1, 1, 1, 0, 0, 0, 1, 0, 1, 0, 0]",1.0000070522559947,2.156578207112444,2.7247956403269753
640,E0,2009,Hull,"[0, 0, 1, 0, 0, 0, 1, 0, 0, 1, 1, 0, 0, 0, 0, 1, 0, 0, 0, 0, 0, 1, 0, 0, 0, 0]",1.0000000052639626,2.684282920992692,3.215434083601286
641,E0,2009,Liverpool,"[0, 1, 0, 1, 1, 1, 1, 0, 0, 1, 0, 1, 0, 1, 0, 1, 1, 1, 1, 1, 0, 1, 0, 1, 0, 1, 1, 1, 0]",1.0012612189753203,3.0170403900746994,1.0940919037199124
642,E0,2009,Man City,"[1, 1, 1, 1, 0, 1, 1, 0, 1, 1, 1, 1, 0, 1, 0, 1, 1, 1, 0, 1, 1, 1, 0, 1, 0]",1.01979255192369,1.6978030366995638,2.178649237472767
643,E0,2009,Man United,"[1, 0, 1, 1, 1, 1, 1, 1, 0, 1, 0, 1, 1, 1, 0, 1, 0, 1, 1, 1, 1, 1, 1, 0, 1, 1, 1, 1, 1, 0, 1, 1, 1, 1]",1.0202654180659385,4.62870794021366,1.0427528675703859
644,E0,2009,Portsmouth,"[0, 0, 0, 0, 0, 0, 0, 1, 0, 1, 0, 0, 0, 1, 0, 1, 0, 0, 0, 0, 0, 0, 1, 0, 0, 1, 0, 0, 0, 1, 0]",1.0000000002023233,1.3353976523387325,1.8083182640144666
645,E0,2009,Stoke,"[1, 0, 1, 0, 0, 1, 1, 0, 1, 0, 0, 0, 0, 1, 1, 1, 0, 0, 1, 1, 0, 0, 1, 0]",1.0000859438183252,1.4333673072174375,1.25
646,E0,2009,Sunderland,"[1, 0, 1, 0, 1, 0, 1, 1, 0, 0, 1, 0, 0, 0, 0, 0, 0, 0, 1, 1, 0, 1, 0, 1, 1, 0, 0]",1.0000085188245282,1.2125502788520504,1.7985611510791366
647,E0,2009,Tottenham,"[1, 1, 1, 1, 0, 0, 1, 1, 0, 0, 1, 1, 0, 1, 1, 1, 0, 1, 0, 1, 1, 1, 1, 1, 0, 1, 1, 0, 1, 1, 0]",1.0029115660945855,1.1044808528971033,1.5873015873015872
648,E0,2009,West Ham,"[1, 0, 0, 0, 0, 0, 1, 0, 1, 0, 0, 0, 1, 0, 0, 1, 1, 0, 0, 0, 0, 0, 0, 1, 0, 1, 0]",1.0000001356566086,1.104581612524389,1.4619883040935673
649,E0,2009,Wigan,"[1, 0, 0, 0, 1, 0, 1, 0, 1, 0, 0, 1, 0, 0, 0, 1, 0, 0, 0, 0, 1, 0, 0, 1, 0, 0, 1, 0, 0]",1.0000000768817379,1.264639251686811,1.7241379310344827
650,E0,2009,Wolves,"[0, 1, 0, 0, 1, 0, 0, 0, 0, 0, 1, 1, 0, 1, 0, 0, 0, 0, 1, 0, 0, 0, 1, 1, 0, 0, 1]",1.0000006272258672,1.258056324210277,1.7761989342806395
651,E0,2010,Arsenal,"[1, 1, 1, 0, 0, 1, 1, 1, 0, 1, 1, 0, 1, 1, 0, 1, 1, 1, 1, 1, 1, 1, 1, 0, 1, 0, 0]",1.010485715175889,1.104581612524389,1.5873015873015872
652,E0,2010,Aston Villa,"[1, 0, 1, 0, 1, 0, 0, 1, 0, 0, 0, 1, 0, 0, 0, 1, 1, 0, 1, 0, 0, 1, 1, 0, 1, 1]",1.000043124234921,2.213958889667522,1.1198208286674132
653,E0,2010,Birmingham,"[1, 0, 0, 0, 1, 0, 1, 0, 0, 1, 0, 1, 1, 0, 0, 0, 1, 1, 0, 0, 0, 0, 0]",1.000009015453466,2.041574657975739,2.6954177897574123
654,E0,2010,Blackburn,"[1, 0, 0, 1, 0, 0, 0, 1, 1, 0, 1, 0, 1, 0, 0, 1, 0, 1, 0, 1, 0, 0, 0, 0, 0, 0, 1, 1]",1.0000020858643386,1.405422818414341,1.941747572815534
655,E0,2010,Blackpool,"[1, 0, 1, 0, 0, 1, 0, 0, 1, 0, 1, 1, 1, 0, 0, 1, 0, 0, 0, 0, 0, 1, 0, 0, 0, 0, 0, 1, 0]",1.0000003360687846,6.188029878660101,7.142857142857143
656,E0,2010,Bolton,"[1, 0, 1, 0, 1, 1, 1, 0, 1, 0, 1, 0, 0, 0, 0, 1, 0, 1, 1, 0, 0, 1, 1, 0, 0, 0, 0, 0]",1.0000070522559947,2.156578207112444,2.7472527472527473
657,E0,2010,Chelsea,"[1, 1, 1, 1, 1, 0, 1, 1, 1, 0, 1, 0, 0, 0, 1, 0, 1, 1, 1, 0, 1, 1, 1, 1, 1, 1, 1, 1, 0, 0]",1.0047702083675836,1.423522612105947,1.2658227848101267
658,E0,2010,Everton,"[0, 0, 0, 1, 1, 1, 0, 0, 1, 0, 1, 0, 1, 0, 1, 1, 1, 1, 1, 0, 1, 0, 1]",1.001884466069514,6.934133353896992,1.0224948875255624
659,E0,2010,Fulham,"[1, 0, 0, 1, 0, 0, 0, 0, 1, 0, 1, 1, 0, 1, 1, 0, 1, 0, 1, 1, 0, 1]",1.0004885197850513,4.556741223040794,1.050420168067227
660,E0,2010,Liverpool,"[0, 1, 0, 0, 0, 1, 1, 1, 0, 1, 0, 1, 0, 0, 1, 0, 0, 1, 1, 1, 1, 0, 1, 1, 0, 1, 1, 1, 1, 0, 0]",1.0001220004391758,4.71144055389372,1.0515247108307044
661,E0,2010,Man City,"[1, 0, 1, 1, 1, 1, 0, 0, 1, 1, 1, 1, 0, 1, 1, 1, 1, 0, 1, 0, 1, 0, 1, 0, 1, 1, 0, 1, 1, 1]",1.0047702083675836,1.4235226121059472,2.0533880903490758
662,E0,2010,Man United,"[1, 1, 1, 1, 1, 1, 1, 1, 1, 1, 1, 1, 1, 1, 1, 0, 1, 1, 0, 0, 1, 1, 1, 1, 0, 1, 1]",1.1420413393901478,25.30425051461367,22.727272727272727
663,E0,2010,Newcastle,"[0, 1, 0, 1, 0, 0, 1, 1, 1, 0, 0, 0, 1, 0, 0, 1, 1, 0, 1, 0, 0, 1, 0, 0, 1]",1.0000526568633756,1.2044934832953196,1.7699115044247788
664,E0,2010,Stoke,"[0, 0, 0, 1, 1, 1, 0, 0, 0, 0, 1, 1, 1, 0, 1, 0, 1, 0, 1, 0, 0, 1, 0, 0, 0, 1, 0, 1, 1, 0, 0]",1.0000021813523625,1.1915906396246618,1.7825311942959001
665,E0,2010,Sunderland,"[0, 1, 1, 0, 1, 1, 0, 1, 1, 0, 0, 1, 1, 1, 0, 0, 0, 0, 0, 0, 0, 0, 1, 0, 1, 0, 1]",1.0000264021157483,32.34067902097833,27.77777777777778
666,E0,2010,Tottenham,"[1, 0, 1, 0, 1, 1, 0, 0, 1, 1, 1, 1, 1, 1, 0, 1, 1, 1, 0, 1, 0, 0, 1, 1]",1.0077672112184624,1.0,1.4641288433382138
667,E0,2010,West Brom,"[0, 1, 0, 1, 1, 1, 0, 0, 0, 0, 1, 1, 0, 0, 0, 0, 0, 1, 0, 0, 1, 1, 1, 0, 1, 0, 1]",1.0000264021157483,1.1498501929607134,1.4124293785310735
668,E0,2010,West Ham,"[0, 0, 0, 0, 1, 0, 0, 0, 1, 0, 0, 1, 1, 0, 0, 1, 0, 1, 1, 0, 0, 0, 0, 0, 0, 0]",1.0000000390499972,1.4844573025701862,2.092050209205021
669,E0,2010,Wigan,"[0, 0, 1, 0, 1, 0, 0, 1, 0, 0, 1, 0, 0, 0, 1, 0, 0, 1, 0, 1, 0, 1, 1]",1.000032936368384,1.7424339504346935,1.1806375442739079
670,E0,2010,Wolves,"[1, 0, 0, 0, 0, 0, 1, 0, 0, 0, 0, 1, 0, 1, 0, 1, 0, 1, 0, 0, 0, 1, 0, 1, 1, 0, 0, 0, 1, 1, 0]",1.0000001780184222,1.5984901975973347,1.267427122940431
671,E0,2011,Arsenal,"[0, 0, 1, 0, 1, 0, 1, 1, 1, 1, 1, 1, 1, 0, 1, 1, 0, 0, 0, 1, 1, 1, 1, 1, 1, 1, 0, 1, 1, 0, 1]",1.0029115660945855,1.1044808528971033,1.6366612111292962
672,E0,2011,Aston Villa,"[1, 1, 0, 0, 1, 0, 0, 1, 0, 0, 1, 0, 1, 0, 0, 1, 0, 0, 0, 0, 0]",1.0000169353746098,4.300188515496693,4.3478260869565215
673,E0,2011,Blackburn,"[0, 0, 0, 1, 0, 0, 0, 0, 0, 1, 0, 0, 0, 1, 0, 1, 0, 0, 1, 0, 1, 1, 0, 0, 0, 0, 0, 1, 0, 0, 0]",1.0000000014994237,1.0880029784477658,1.404494382022472
674,E0,2011,Bolton,"[1, 0, 0, 0, 0, 0, 0, 1, 0, 0, 1, 0, 0, 0, 0, 0, 1, 0, 1, 0, 1, 0, 0, 0, 0, 1, 1, 1, 0, 0, 1, 0]",1.0000000082718061,7.347389007340156,1.037344398340249
675,E0,2011,Chelsea,"[1, 1, 1, 0, 1, 1, 1, 0, 0, 1, 0, 1, 1, 1, 0, 1, 1, 0, 1, 0, 1, 0, 1, 1, 1, 0, 0, 1]",1.002062992532928,2.2269171779751695,3.067484662576687
676,E0,2011,Everton,"[0, 1, 1, 0, 0, 0, 1, 0, 0, 1, 1, 0, 0, 1, 1, 0, 0, 1, 1, 1, 0, 0, 1, 1, 1, 1, 1]",1.000480469748762,5.549952677450865,1.0405827263267429
677,E0,2011,Fulham,"[0, 0, 1, 0, 0, 1, 0, 1, 0, 1, 0, 1, 0, 1, 0, 1, 1, 1, 0, 0, 0, 1, 1, 1, 0, 1, 1, 0]",1.0000610388817677,2.1352407823389097,1.1695906432748537
678,E0,2011,Liverpool,"[1, 1, 0, 0, 1, 1, 1, 1, 0, 1, 1, 1, 0, 0, 1, 0, 0, 0, 1, 0, 0, 0, 1, 0, 1, 0, 1, 0]",1.0000610388817677,7.1163671113469915,7.407407407407407
679,E0,2011,Man City,"[1, 1, 1, 1, 1, 1, 1, 1, 1, 1, 1, 1, 0, 1, 1, 0, 1, 1, 1, 0, 1, 1, 1, 1, 0, 1, 0, 1, 1, 1, 1, 1, 1]",1.0777737549222652,1.6882839402468186,2.0661157024793386
680,E0,2011,Man United,"[1, 1, 1, 1, 1, 1, 0, 1, 1, 1, 1, 1, 1, 1, 1, 0, 0, 1, 1, 1, 1, 1, 1, 1, 1, 1, 1, 1, 0, 1, 0, 1, 1]",1.0777737549222652,1.4486609064150622,1.2610340479192939
681,E0,2011,Newcastle,"[1, 1, 1, 1, 1, 1, 1, 0, 0, 0, 0, 1, 0, 1, 1, 0, 1, 1, 0, 0, 1, 1, 1, 1, 1, 1, 0, 1, 0, 0]",1.0010591193918743,1.3957587072550004,1.976284584980237
682,E0,2011,Norwich,"[0, 0, 1, 1, 0, 1, 0, 0, 1, 0, 1, 0, 1, 1, 0, 1, 1, 0, 0, 0, 1, 0, 1, 0, 0, 0, 1]",1.0000264021157483,1.7728555629700242,2.4813895781637716
683,E0,2011,QPR,"[0, 1, 0, 1, 0, 1, 0, 0, 1, 0, 0, 0, 0, 0, 0, 0, 1, 0, 0, 0, 0, 1, 0, 1, 0, 1, 0, 1, 0, 1, 0]",1.0000000426161884,2.557248100966788,1.122334455667789
684,E0,2011,Stoke,"[1, 1, 0, 0, 1, 0, 0, 0, 0, 1, 1, 1, 1, 0, 1, 0, 0, 0, 0, 1, 1, 0, 0, 1, 0, 0]",1.0000139141738802,3.985282010464006,4.237288135593221
685,E0,2011,Sunderland,"[0, 0, 1, 0, 0, 1, 0, 0, 0, 1, 0, 1, 1, 1, 0, 1, 1, 1, 0, 0, 1, 0, 1, 0, 0, 0]",1.0000139141738802,1.417584562397788,1.272264631043257
686,E0,2011,Swansea,"[0, 0, 1, 0, 1, 0, 1, 0, 0, 1, 0, 1, 1, 0, 1, 0, 0, 1, 1, 1, 0, 0, 0, 0, 1, 0, 1]",1.0000264021157483,1.1498501929607134,1.392757660167131
687,E0,2011,Tottenham,"[0, 0, 1, 1, 1, 1, 1, 1, 1, 1, 1, 1, 0, 1, 1, 1, 1, 0, 1, 1, 0, 0, 0, 1, 0, 0, 1, 1, 1]",1.0055366346526524,4.979365024366888,5.882352941176471
688,E0,2011,West Brom,"[0, 0, 0, 1, 0, 1, 1, 0, 0, 1, 0, 0, 1, 1, 0, 0, 0, 1, 0, 1, 1, 1, 0, 0, 0, 1, 0, 1, 1, 0]",1.0000035672456171,1.381306779628721,1.2610340479192939
689,E0,2011,Wigan,"[1, 0, 0, 0, 0, 0, 0, 0, 0, 1, 0, 1, 0, 0, 0, 0, 0, 1, 0, 1, 1, 0, 1, 1, 0, 1, 1, 1]",1.0000020858643386,17.837330531714123,1.0121457489878543
690,E0,2011,Wolves,"[1, 1, 0, 0, 0, 0, 0, 0, 1, 0, 0, 1, 0, 0, 0, 0, 0, 1, 0, 0, 0, 0, 0, 0, 0, 0, 0, 0]",1.0000000000335254,6.559519312470138,6.666666666666667
691,E0,2012,Arsenal,"[1, 1, 0, 1, 0, 1, 0, 1, 0, 1, 1, 1, 1, 0, 0, 1, 1, 1, 1, 0, 1, 1, 1, 1, 1, 1, 1, 1]",1.0181411867357049,4.870410398884454,1.0362694300518134
692,E0,2012,Aston Villa,"[0, 0, 1, 0, 0, 0, 1, 0, 0, 1, 1, 0, 0, 0, 0, 0, 1, 0, 0, 1, 1, 0, 1, 0, 1, 1, 0]",1.0000024675850911,2.7330359759512177,1.1037527593818985
693,E0,2012,Chelsea,"[1, 1, 1, 1, 1, 1, 1, 0, 0, 0, 1, 1, 1, 1, 0, 1, 1, 0, 1, 0, 1, 1, 0, 1, 1, 1, 1, 1, 1]",1.0213561402897722,1.329806078527926,1.297016861219196
694,E0,2012,Everton,"[1, 1, 0, 1, 1, 1, 0, 1, 1, 1, 0, 1, 1, 0, 0, 1, 1, 1, 1, 0, 1, 1, 0]",1.0188107950209373,1.7329460328929127,2.34192037470726
695,E0,2012,Fulham,"[1, 0, 0, 1, 1, 0, 1, 0, 0, 0, 1, 0, 0, 0, 1, 0, 1, 0, 1, 1, 1, 0, 0, 0, 0, 0, 0, 1]",1.0000020858643386,1.405422818414341,1.287001287001287
696,E0,2012,Liverpool,"[0, 0, 0, 1, 1, 1, 0, 1, 1, 0, 1, 0, 1, 1, 0, 1, 0, 1, 1, 1, 0, 1, 1, 1, 1]",1.0047447730400427,3.4769945721831013,1.0604453870625663
697,E0,2012,Man City,"[1, 1, 1, 1, 1, 1, 1, 1, 1, 0, 1, 1, 0, 1, 1, 1, 1, 0, 1, 1, 0, 1, 1, 1, 0, 1, 1, 1, 0]",1.0405392976648786,2.988503947986153,3.4482758620689653
698,E0,2012,Man United,"[0, 1, 1, 1, 1, 0, 1, 1, 1, 1, 1, 0, 1, 1, 1, 1, 1, 1, 1, 1, 1, 1, 1, 1, 1, 1, 1, 1, 0, 1, 1, 0, 1]",1.0777737549222652,1.4486609064150622,1.2484394506866416
699,E0,2012,Newcastle,"[1, 0, 1, 0, 1, 0, 0, 0, 0, 1, 0, 0, 1, 0, 0, 0, 0, 1, 1, 0, 1, 0, 1, 0, 0, 1, 0, 0, 1, 0]",1.0000002911196926,1.3957587072550006,1.2594458438287153
700,E0,2012,Norwich,"[0, 0, 0, 0, 1, 1, 1, 1, 1, 1, 0, 0, 0, 0, 0, 1, 0, 0, 0, 1, 0, 0, 1, 1]",1.0000273827455919,2.326647156585547,3.048780487804878
701,E0,2012,QPR,"[0, 0, 0, 0, 0, 0, 0, 0, 0, 1, 0, 0, 0, 1, 0, 0, 1, 1, 0, 0, 0, 0, 0, 0, 0]",1.000000000281475,3.7261833387030685,1.037344398340249
702,E0,2012,Reading,"[0, 0, 0, 0, 1, 0, 0, 0, 0, 0, 0, 0, 1, 0, 1, 1, 1, 0, 0, 0, 0, 0, 0, 0, 0, 1, 0, 0]",1.0000000004304328,2.6583814153224883,1.0976948408342482
703,E0,2012,Southampton,"[0, 0, 0, 0, 1, 0, 0, 0, 0, 1, 1, 0, 1, 0, 1, 0, 1, 0, 0, 1, 1, 1, 0, 0]",1.0000077335441881,4.475807525952268,1.0319917440660475
704,E0,2012,Stoke,"[0, 1, 0, 0, 1, 1, 1, 1, 1, 0, 0, 0, 0, 1, 0, 0, 0, 0, 0, 0, 1, 1, 0]",1.000032936368384,3.5324009677010246,4.273504273504273
705,E0,2012,Sunderland,"[1, 0, 0, 0, 1, 0, 0, 0, 1, 0, 1, 1, 0, 0, 1, 1, 0, 0, 0, 0, 0, 0, 1, 1, 0, 0]",1.0000010244707045,1.4396280507508081,2.0242914979757085
706,E0,2012,Swansea,"[1, 1, 0, 0, 0, 1, 0, 1, 1, 1, 0, 0, 1, 1, 0, 1, 0, 1, 0, 0, 0, 0, 1, 0, 0]",1.0000526568633756,3.114541575338692,3.952569169960474
707,E0,2012,Tottenham,"[0, 1, 1, 1, 1, 0, 1, 0, 0, 0, 1, 1, 1, 0, 1, 1, 1, 1, 1, 1, 1, 1, 0, 0, 1, 1, 1, 1, 1]",1.0110219577916044,7.873407846880616,1.0214504596527068
708,E0,2012,West Brom,"[1, 1, 0, 1, 1, 0, 0, 1, 1, 1, 1, 0, 0, 0, 1, 1, 0, 0, 0, 0, 0, 1, 1, 0, 1, 0, 0, 1, 0, 0, 0]",1.0000066297630519,21.65434339455171,19.23076923076923
709,E0,2012,West Ham,"[1, 0, 1, 1, 0, 1, 0, 1, 0, 0, 1, 0, 0, 0, 1, 0, 0, 0, 1, 0, 0, 1, 0, 1, 1, 0, 0, 1]",1.0000070522559947,1.0,1.557632398753894
710,E0,2012,Wigan,"[0, 1, 0, 0, 0, 0, 1, 1, 0, 0, 1, 0, 0, 0, 0, 0, 1, 0, 0, 0, 1, 0, 1, 1, 0, 0, 1, 0, 0]",1.0000000768817379,1.6255712684154735,1.2300123001230012
711,E0,2013,Arsenal,"[0, 1, 1, 1, 1, 1, 1, 1, 1, 0, 1, 1, 1, 0, 1, 1, 1, 1, 1, 1, 0, 1, 0, 1, 0, 0, 1, 1, 1, 1, 1]",1.0219881700412972,1.6279689718091854,2.0533880903490758
712,E0,2013,Aston Villa,"[1, 0, 0, 0, 1, 1, 0, 0, 1, 1, 0, 0, 0, 0, 1, 0, 1, 0, 0, 0, 1, 1, 0, 0, 0, 0, 0, 1, 0, 0]",1.0000000696917235,2.19264572704599,2.770083102493075
713,E0,2013,Cardiff,"[0, 1, 0, 1, 0, 0, 1, 0, 0, 0, 1, 0, 0, 0, 0, 0, 0, 1, 0, 0, 0, 1, 0, 0, 0, 1, 0, 0, 0]",1.0000000022792956,1.329806078527926,1.7857142857142858
714,E0,2013,Chelsea,"[1, 1, 0, 1, 1, 1, 1, 0, 1, 1, 1, 0, 1, 1, 1, 1, 1, 1, 1, 1, 1, 1, 1, 0, 1, 0, 1, 1, 0, 1, 1]",1.041329771833122,1.072056961980483,1.615508885298869
715,E0,2013,Crystal Palace,"[0, 0, 1, 0, 0, 0, 0, 0, 0, 0, 1, 0, 1, 1, 0, 0, 1, 0, 0, 1, 1, 0, 1, 0, 0, 0, 1, 1, 1, 1, 1, 0]",1.0000005504200213,13.130262166433875,1.0214504596527068
716,E0,2013,Everton,"[1, 1, 1, 0, 1, 1, 1, 1, 1, 1, 0, 1, 1, 0, 1, 0, 0, 1, 1, 1, 1, 1, 1, 1, 0, 1, 0, 0, 1]",1.0110219577916044,2.7357059781262234,3.2051282051282053
717,E0,2013,Fulham,"[1, 0, 0, 0, 0, 1, 1, 0, 0, 0, 0, 0, 0, 1, 0, 0, 1, 0, 1, 0, 0, 0, 0, 0, 0, 0, 1, 0, 0, 1, 1, 0, 0]",1.0000000009368222,1.275395419971913,1.8214936247723132
718,E0,2013,Hull,"[0, 1, 0, 1, 1, 0, 0, 1, 0, 0, 1, 0, 0, 1, 0, 0, 0, 0, 1, 0, 1, 0, 0, 1, 0, 0, 1, 0, 0, 0, 0]",1.0000000426161884,1.8733842293031173,2.710027100271003
719,E0,2013,Liverpool,"[1, 1, 1, 0, 1, 1, 1, 0, 1, 0, 1, 1, 1, 1, 0, 0, 1, 1, 1, 1, 1, 1, 1, 1, 1, 1, 1, 1, 1, 1, 0, 1]",1.0374222121779535,12.956907606783744,1.0060362173038229
720,E0,2013,Man City,"[1, 0, 1, 1, 0, 1, 1, 0, 1, 0, 1, 1, 1, 1, 1, 1, 1, 1, 1, 1, 1, 0, 1, 1, 1, 1, 1, 0, 1, 1, 1, 1, 1]",1.0420217336513462,2.356991333751944,1.1160714285714286
721,E0,2013,Man United,"[1, 0, 1, 0, 0, 1, 1, 1, 1, 0, 0, 1, 1, 1, 1, 0, 1, 0, 1, 0, 1, 1, 0, 1, 0, 1, 1, 0, 1, 0, 1]",1.0006473805833505,1.1221877249077818,1.6666666666666667
722,E0,2013,Newcastle,"[0, 1, 1, 0, 0, 1, 0, 1, 1, 1, 1, 0, 1, 1, 1, 0, 0, 0, 1, 0, 0, 0, 1, 1, 0, 1, 0, 0, 0, 0, 0, 0, 1, 0]",1.0000009086784087,11.230791432181167,12.345679012345679
723,E0,2013,Norwich,"[0, 1, 0, 0, 1, 0, 0, 0, 1, 0, 1, 0, 1, 0, 0, 0, 1, 0, 0, 1, 0, 0, 1, 0, 0, 0, 0, 0, 0]",1.0000000147804569,2.04413799892975,2.577319587628866
724,E0,2013,Southampton,"[1, 0, 1, 1, 1, 1, 1, 0, 0, 0, 0, 1, 0, 0, 1, 1, 1, 0, 0, 1, 1, 0, 1, 0, 0, 1, 1]",1.000480469748762,1.7728555629700244,1.2091898428053205
725,E0,2013,Stoke,"[0, 1, 1, 0, 0, 0, 0, 1, 0, 1, 1, 0, 0, 0, 0, 0, 1, 0, 1, 1, 1, 1, 0, 1, 0, 1, 1]",1.0000747424113352,5.159462344712263,1.0395010395010396
726,E0,2013,Sunderland,"[0, 0, 0, 0, 0, 0, 0, 1, 0, 1, 0, 0, 0, 1, 0, 1, 1, 1, 0, 0, 0, 0, 0, 0, 0, 1, 1, 1, 1, 0]",1.0000000696917235,7.6669281105775955,1.0235414534288638
727,E0,2013,Swansea,"[0, 0, 1, 1, 0, 0, 1, 0, 1, 0, 1, 0, 0, 0, 0, 0, 1, 0, 1, 0, 0, 0, 1, 0, 0, 1, 1, 0, 1]",1.0000012762218502,1.6301485839835352,1.2062726176115801
728,E0,2013,Tottenham,"[1, 1, 0, 1, 1, 0, 1, 1, 0, 0, 1, 1, 0, 1, 1, 1, 1, 1, 0, 1, 1, 0, 1, 0, 0, 1, 0, 1, 1, 1, 0, 1]",1.0011847406349192,1.3878914311033805,1.9607843137254901
729,E0,2013,West Brom,"[0, 0, 1, 1, 0, 1, 0, 0, 0, 0, 1, 0, 0, 0, 0, 1, 0, 1, 0, 1, 0, 0, 0]",1.0000020752630105,1.307262776279657,1.7271157167530224
730,E0,2013,West Ham,"[1, 0, 0, 0, 1, 0, 0, 0, 1, 0, 0, 0, 0, 0, 1, 0, 1, 1, 1, 1, 0, 0, 0, 1, 1, 0, 0, 0, 0, 1, 0]",1.0000001780184222,4.474943725749456,1.0626992561105206
731,E0,2014,Arsenal,"[1, 1, 0, 1, 1, 0, 0, 1, 1, 0, 1, 1, 1, 0, 1, 1, 1, 0, 1, 1, 1, 1, 1, 1, 1, 1, 1, 0, 1]",1.0213561402897722,4.133358572597109,1.0626992561105206
732,E0,2014,Aston Villa,"[1, 1, 1, 0, 0, 0, 0, 0, 0, 1, 1, 0, 0, 0, 0, 0, 0, 0, 0, 0, 1, 1, 0, 0, 1, 0, 1, 1, 0, 0]",1.0000000696917235,1.0,1.5600624024960998
733,E0,2014,Burnley,"[0, 0, 0, 0, 0, 0, 1, 1, 0, 1, 0, 0, 1, 0, 0, 0, 0, 0, 1, 0, 0, 0, 0, 0, 1, 1]",1.0000000390499972,1.4844573025701866,2.032520325203252
734,E0,2014,Chelsea,"[1, 1, 1, 1, 1, 1, 1, 1, 1, 1, 1, 0, 1, 1, 1, 0, 1, 1, 1, 1, 1, 1, 1, 1, 1, 1, 1, 0, 1]",1.2768095126070789,1.9087979656016278,2.2123893805309733
735,E0,2014,Crystal Palace,"[0, 0, 1, 1, 0, 0, 0, 0, 1, 0, 0, 0, 1, 1, 0, 1, 0, 1, 0, 1, 1, 1, 1, 0, 0, 0, 0, 1, 1]",1.0000132324636137,4.710188252065446,1.0482180293501049
736,E0,2014,Everton,"[0, 1, 0, 0, 1, 1, 1, 0, 0, 1, 0, 0, 0, 0, 1, 0, 0, 0, 1, 1, 1, 1, 1, 0, 0, 1, 0]",1.0000264021157483,2.750205918357974,1.1001100110011002
737,E0,2014,Hull,"[1, 0, 0, 1, 0, 0, 0, 0, 0, 0, 1, 0, 1, 0, 0, 0, 1, 1, 0, 0, 0, 0, 1, 1, 0, 0, 0]",1.0000001356566086,1.104581612524389,1.4184397163120568
738,E0,2014,Leicester,"[0, 1, 1, 0, 0, 0, 0, 0, 0, 0, 0, 0, 0, 0, 1, 1, 0, 0, 0, 0, 0, 0, 1, 1, 1, 1, 0, 1, 1, 1]",1.0000002911196926,16.213956228192746,1.0111223458038423
739,E0,2014,Liverpool,"[1, 0, 1, 0, 0, 1, 1, 0, 0, 0, 1, 1, 0, 1, 1, 1, 1, 1, 1, 1, 1, 1, 1, 0, 0, 1, 0, 1, 0, 0]",1.00047040616249,2.112493182879084,1.1389521640091116
740,E0,2014,Man City,"[1, 1, 0, 1, 1, 1, 0, 1, 1, 1, 1, 1, 1, 1, 1, 1, 0, 1, 1, 0, 1, 0, 1, 0, 0, 1, 1, 1, 1, 1, 1]",1.0219881700412972,5.456305524199139,6.451612903225806
741,E0,2014,Man United,"[0, 1, 0, 1, 1, 0, 1, 1, 1, 1, 1, 1, 1, 0, 1, 1, 1, 0, 1, 1, 1, 1, 1, 1, 0, 0, 0, 1]",1.0090809969140144,1.0,1.4947683109118086
742,E0,2014,Newcastle,"[0, 0, 0, 1, 1, 1, 1, 1, 0, 1, 0, 0, 0, 1, 0, 0, 1, 0, 1, 0, 0, 0, 0, 0, 0, 0, 0, 0, 1]",1.0000003360687846,6.188029878660101,7.142857142857143
743,E0,2014,QPR,"[0, 0, 1, 0, 0, 0, 0, 1, 0, 0, 1, 0, 1, 0, 1, 0, 0, 0, 0, 0, 1, 0, 0, 0, 0, 0, 1, 0, 0, 0, 1, 0]",1.0000000002328306,2.321324498611079,3.048780487804878
744,E0,2014,Southampton,"[0, 1, 1, 1, 1, 0, 1, 1, 1, 1, 0, 0, 0, 0, 1, 1, 1, 1, 1, 0, 1, 0, 0, 1, 1, 0, 1, 0, 0, 0, 1, 0]",1.0001004625174241,2.032382073839673,2.7027027027027026
745,E0,2014,Stoke,"[0, 1, 0, 1, 0, 1, 0, 1, 0, 0, 0, 1, 0, 1, 1, 0, 1, 1, 0, 1, 1, 1, 0, 0, 0, 1, 0, 1, 1]",1.0000981179048942,1.6990428015780097,1.1862396204033214
746,E0,2014,Sunderland,"[0, 1, 0, 0, 1, 0, 1, 0, 0, 0, 0, 1, 0, 0, 0, 0, 1, 0, 1, 1, 0]",1.0000169353746098,1.7784632898221726,1.1723329425556859
747,E0,2014,Swansea,"[1, 1, 1, 0, 0, 0, 1, 1, 0, 1, 0, 0, 1, 1, 0, 0, 1, 0, 1, 1, 0, 0, 1, 1, 0, 1, 1, 1, 0, 0]",1.0000803555384554,1.0,1.5527950310559007
748,E0,2014,Tottenham,"[1, 1, 0, 0, 1, 0, 0, 1, 0, 1, 1, 0, 1, 1, 1, 1, 0, 1, 1, 1, 0, 1, 1, 0, 1, 0, 1, 0, 0, 1, 1]",1.0006473805833505,1.1221877249077818,1.7667844522968197
749,E0,2014,West Brom,"[0, 0, 1, 1, 0, 1, 0, 0, 0, 0, 1, 0, 0, 0, 1, 0, 1, 1, 0, 1, 0, 0, 0, 1, 1, 1, 0]",1.0000085188245282,5.059171961836803,1.037344398340249
750,E0,2014,West Ham,"[0, 1, 0, 1, 0, 1, 1, 1, 0, 1, 1, 1, 1, 0, 0, 1, 0, 0, 0, 0, 1, 0, 0, 1, 0, 0, 0]",1.0000264021157483,32.34067902097833,27.027027027027028
751,E0,2015,Arsenal,"[0, 1, 1, 1, 0, 1, 1, 1, 1, 1, 0, 1, 1, 1, 0, 1, 1, 0, 1, 1, 0, 0, 1, 1, 1, 1, 1]",1.020631459915856,1.6698131289376772,2.207505518763797
752,E0,2015,Aston Villa,"[1, 0, 0, 0, 0, 0, 0, 0, 0, 0, 0, 0, 0, 0, 0, 1, 0, 1, 0, 0, 0, 0, 0, 0, 0, 0, 0, 0, 0, 0]",1.0000000000000004,1.7880000705271406,1.1148272017837235
753,E0,2015,Bournemouth,"[0, 0, 1, 0, 1, 0, 0, 0, 0, 0, 1, 1, 1, 0, 0, 1, 1, 0, 0, 1, 1, 1, 0, 0, 1, 0, 0, 0, 0]",1.0000012762218502,1.6301485839835352,1.2195121951219512
754,E0,2015,Chelsea,"[0, 1, 0, 0, 1, 0, 1, 0, 0, 0, 1, 0, 0, 1, 1, 1, 1, 1, 1, 1, 0, 0, 1, 0]",1.0002442002442002,8.972959984552341,1.0214504596527068
755,E0,2015,Crystal Palace,"[1, 0, 1, 1, 0, 0, 1, 1, 0, 0, 1, 0, 1, 1, 1, 0, 0, 0, 0, 0, 0, 0, 0, 0, 1, 0, 0, 1, 0]",1.0000012762218502,105.00467082474118,76.92307692307692
756,E0,2015,Everton,"[1, 0, 1, 1, 0, 0, 1, 1, 0, 1, 0, 0, 1, 1, 0, 1, 0, 0, 0, 0, 1, 0, 0, 1]",1.0000859438183252,1.4333673072174375,2.004008016032064
757,E0,2015,Leicester,"[1, 1, 1, 0, 1, 1, 1, 1, 1, 1, 1, 1, 0, 1, 1, 1, 1, 0, 1, 1, 1, 1, 1, 1, 1, 1]",1.2549350830181452,1.790546113406551,1.1376564277588168
758,E0,2015,Liverpool,"[1, 1, 0, 0, 1, 1, 0, 1, 1, 0, 0, 1, 1, 0, 0, 1, 0, 1, 1, 1, 0, 1, 1, 1, 0, 1]",1.0018184244638189,1.0,1.5267175572519085
759,E0,2015,Man City,"[1, 1, 1, 1, 1, 0, 0, 1, 1, 1, 0, 1, 0, 1, 0, 1, 1, 1, 1, 0, 0, 0, 1, 0, 1, 1, 1, 1, 0]",1.0026924409278846,1.1141779823941576,1.663893510815308
760,E0,2015,Man United,"[1, 1, 0, 1, 1, 1, 0, 1, 1, 1, 0, 0, 0, 1, 1, 0, 1, 0, 1, 1, 0, 1, 1, 0, 1, 1, 1, 0, 1]",1.0026924409278846,1.1141779823941576,1.694915254237288
761,E0,2015,Newcastle,"[0, 0, 0, 0, 0, 1, 0, 1, 0, 0, 1, 1, 0, 0, 0, 1, 0, 0, 1, 0, 0, 0, 0, 0, 0, 1, 1, 1]",1.0000001256558595,1.4307425518952905,1.314060446780552
762,E0,2015,Norwich,"[0, 1, 0, 1, 0, 0, 0, 0, 1, 0, 0, 1, 0, 1, 1, 0, 0, 0, 0, 0, 0, 0, 0, 1, 1, 0, 0, 0, 0, 1, 0]",1.0000000087742942,3.375499677078666,3.9215686274509802
763,E0,2015,Southampton,"[0, 1, 0, 1, 1, 1, 1, 0, 0, 0, 0, 1, 0, 0, 1, 1, 1, 1, 1, 0, 0, 1, 1, 0, 1, 1, 1, 1, 1]",1.0012612189753203,12.497217766607374,1.0183299389002036
764,E0,2015,Stoke,"[0, 0, 0, 1, 1, 1, 0, 1, 1, 0, 1, 0, 1, 1, 0, 1, 0, 0, 0, 1, 1, 1, 0, 1, 0, 0, 0, 0, 1]",1.00003734536836,1.6990428015780104,2.4096385542168677
765,E0,2015,Sunderland,"[0, 0, 0, 0, 0, 0, 1, 0, 0, 1, 1, 0, 0, 0, 0, 0, 1, 1, 0, 0, 1, 0, 0, 1, 1, 1]",1.0000010244707045,4.293996901425506,1.0526315789473684
766,E0,2015,Swansea,"[1, 1, 0, 0, 0, 1, 0, 0, 0, 0, 0, 1, 0, 0, 1, 1, 0, 0, 1, 1, 0, 1, 1, 0, 0, 1, 1]",1.0000264021157483,10.823780457599943,1.0256410256410255
767,E0,2015,Tottenham,"[0, 1, 1, 1, 1, 1, 1, 0, 1, 1, 1, 0, 1, 1, 1, 1, 1, 1, 0, 1, 1, 1, 1, 0, 0]",1.0385653185700183,1.0927524725131645,1.5432098765432098
768,E0,2015,Watford,"[0, 1, 1, 0, 0, 1, 1, 0, 0, 1, 1, 1, 1, 0, 0, 0, 0, 1, 0, 1, 0, 0, 0, 0, 1, 0, 1, 0, 0]",1.0000043148663462,5.342763831452187,6.451612903225806
769,E0,2015,West Brom,"[0, 0, 1, 1, 0, 0, 1, 1, 0, 0, 1, 0, 0, 1, 1, 0, 0, 1, 1, 1, 0, 0, 0, 0, 0]",1.0000167774974797,1.1404610508219608,1.4492753623188406
770,E0,2015,West Ham,"[1, 0, 0, 1, 1, 1, 1, 1, 0, 0, 1, 1, 1, 0, 1, 0, 1, 1, 1, 1, 1, 0, 1, 0]",1.0077672112184624,1.0,1.5432098765432098
771,E0,2016,Arsenal,"[0, 1, 1, 1, 1, 1, 1, 1, 1, 1, 1, 0, 0, 1, 1, 1, 1, 0, 0, 1, 0, 0, 1, 0, 1, 1, 0, 1, 1, 1, 1, 1]",1.0050986407046356,3.960152461374307,4.739336492890995
772,E0,2016,Bournemouth,"[0, 0, 1, 0, 1, 1, 0, 0, 1, 0, 1, 0, 1, 0, 0, 1, 0, 0, 0, 0, 0, 1, 1, 0, 0, 1, 1, 1]",1.0000070522559947,1.0,1.5267175572519085
773,E0,2016,Burnley,"[0, 1, 0, 0, 1, 0, 0, 1, 1, 0, 0, 0, 1, 0, 0, 1, 1, 0, 1, 0, 1, 0, 0, 0, 0, 1, 0, 0, 1, 0, 0]",1.0000001780184222,1.225432996724369,1.8148820326678765
774,E0,2016,Chelsea,"[1, 1, 1, 0, 0, 1, 1, 1, 1, 1, 1, 1, 1, 1, 1, 1, 1, 1, 0, 1, 1, 1, 1, 1, 1, 0, 1, 1, 0, 1, 1, 1, 1, 1, 1]",1.0784717523042835,1.6776638017644334,2.0618556701030926
775,E0,2016,Crystal Palace,"[0, 0, 1, 1, 1, 0, 0, 0, 0, 0, 0, 1, 0, 0, 0, 0, 0, 0, 1, 0, 0, 1, 1, 1, 1, 0, 1, 1, 0, 0, 0, 1, 0]",1.0000000934710107,8.079486843814614,1.027749229188078
776,E0,2016,Everton,"[1, 1, 1, 1, 0, 0, 1, 0, 0, 0, 1, 0, 1, 1, 1, 1, 1, 1, 0, 1, 1, 0, 1, 1, 0, 0, 1, 0]",1.0009257086133403,1.4054228184143418,1.2853470437017995
777,E0,2016,Hull,"[1, 1, 0, 0, 0, 0, 0, 0, 0, 1, 0, 0, 0, 0, 0, 0, 1, 0, 1, 0, 0, 1, 0, 1, 1, 0, 0, 1, 0, 0, 0]",1.0000000087742942,4.775036166974869,1.050420168067227
778,E0,2016,Leicester,"[0, 1, 0, 1, 0, 0, 1, 0, 0, 0, 1, 0, 0, 1, 0, 0, 0, 0, 0, 1, 1, 1, 1, 1, 0, 0, 1, 1, 0, 0]",1.000001073742977,2.112493182879085,1.1402508551881414
779,E0,2016,Liverpool,"[1, 0, 1, 1, 1, 1, 1, 1, 1, 1, 0, 1, 1, 1, 1, 0, 0, 1, 0, 1, 1, 1, 1, 1, 0, 1, 1, 1]",1.0353839675910859,2.6583814153224874,3.076923076923077
780,E0,2016,Man City,"[1, 1, 1, 1, 1, 1, 0, 1, 1, 1, 0, 0, 1, 1, 1, 0, 1, 0, 1, 1, 1, 1, 0, 1, 1, 1, 1, 1, 1]",1.0405392976648786,1.077837907792553,1.5313935681470139
781,E0,2016,Man United,"[1, 1, 1, 0, 0, 1, 0, 1, 1, 1, 1, 1, 1, 1, 1, 1, 1, 1, 1, 1, 0, 0, 1]",1.07233024128348,1.4152648420527782,1.2150668286755772
782,E0,2016,Middlesbrough,"[1, 0, 0, 0, 0, 1, 0, 1, 0, 0, 1, 0, 0, 0, 0, 0, 0, 0, 0, 0, 0, 1, 0, 0, 0]",1.0000000040959993,5.921098112943876,5.291005291005291
783,E0,2016,Southampton,"[0, 0, 1, 1, 1, 0, 0, 1, 0, 1, 1, 0, 0, 0, 0, 1, 0, 0, 1, 1, 0, 1, 1, 0, 0, 0, 1, 0]",1.0000070522559947,1.0,1.594896331738437
784,E0,2016,Stoke,"[0, 0, 0, 0, 1, 1, 1, 0, 1, 1, 0, 0, 0, 1, 1, 0, 1, 0, 1, 0, 0, 0, 0, 1, 0, 0, 1]",1.0000085188245282,1.2125502788520504,1.7985611510791366
785,E0,2016,Sunderland,"[0, 0, 0, 0, 0, 0, 0, 0, 1, 1, 0, 1, 0, 0, 1, 0, 0, 0, 0, 1, 0, 0, 0, 0, 0, 0, 0, 0, 1, 0, 0, 0]",1.0000000000023337,2.6190772794528927,3.067484662576687
786,E0,2016,Swansea,"[1, 0, 0, 0, 0, 0, 0, 0, 0, 1, 0, 1, 0, 0, 0, 0, 1, 0, 1, 1, 0, 1, 0, 1, 0, 0, 0, 0, 0, 1, 1, 1, 1]",1.0000000934710107,8.079486843814614,1.0214504596527068
787,E0,2016,Tottenham,"[1, 1, 1, 1, 1, 1, 0, 1, 0, 1, 1, 1, 1, 1, 1, 1, 0, 1, 1, 1, 1, 1, 1, 1, 1, 1, 0, 1, 1, 1]",1.1323631612550908,1.0,1.466275659824047
788,E0,2016,Watford,"[0, 0, 1, 1, 0, 1, 1, 0, 1, 0, 0, 1, 0, 0, 0, 0, 1, 1, 0, 0, 0, 1, 1, 0, 1, 0, 0, 0, 0, 0, 0]",1.0000001780184222,1.225432996724369,1.7793594306049823
789,E0,2016,West Brom,"[1, 0, 0, 1, 0, 0, 1, 1, 1, 0, 1, 0, 0, 1, 1, 0, 1, 1, 1, 0, 0, 1, 0, 0, 0, 0, 0, 0, 0]",1.0000043148663462,5.342763831452186,6.410256410256411
790,E0,2016,West Ham,"[0, 1, 0, 0, 0, 0, 1, 1, 0, 0, 0, 1, 1, 1, 0, 0, 1, 1, 0, 1, 0, 0, 0, 0, 0, 1, 1, 0, 1]",1.0000043148663462,1.1345588586097761,1.4144271570014144
791,E0,2017,Arsenal,"[1, 0, 0, 1, 1, 1, 0, 1, 1, 0, 1, 1, 1, 0, 1, 1, 0, 1, 0, 1, 0, 0, 0, 1, 1, 1, 0, 1, 0, 1, 0, 1]",1.0002386500854352,3.38554667770801,4.149377593360996
792,E0,2017,Bournemouth,"[0, 0, 0, 0, 1, 0, 0, 1, 0, 1, 1, 0, 0, 0, 0, 1, 1, 1, 1, 0, 0, 1, 0, 0, 0, 1, 1]",1.0000085188245282,5.059171961836803,1.0309278350515463
793,E0,2017,Brighton,"[0, 0, 1, 0, 1, 0, 1, 1, 0, 0, 0, 0, 1, 0, 0, 0, 1, 1, 1, 0, 0, 0, 1, 0, 0]",1.0000047384037907,1.2504075805649362,1.7421602787456445
794,E0,2017,Burnley,"[1, 0, 1, 1, 0, 1, 1, 1, 0, 1, 0, 1, 1, 0, 0, 0, 0, 0, 1, 1, 1, 1, 1, 0, 0, 0]",1.0003199999365238,7.994539031723141,7.194244604316546
795,E0,2017,Chelsea,"[0, 1, 1, 1, 1, 0, 0, 1, 1, 1, 1, 1, 1, 0, 1, 1, 1, 1, 1, 0, 0, 1, 0, 0, 1, 0, 1, 1, 1, 1, 0]",1.0029115660945855,2.557248100966788,3.289473684210526
796,E0,2017,Crystal Palace,"[0, 0, 0, 0, 0, 0, 0, 1, 0, 0, 1, 1, 1, 0, 1, 1, 0, 0, 0, 0, 0, 1, 0, 1, 1, 1, 1]",1.0000085188245282,5.059171961836803,1.0438413361169103
797,E0,2017,Everton,"[1, 0, 0, 0, 1, 0, 0, 0, 1, 0, 1, 1, 1, 1, 0, 0, 0, 1, 0, 1, 0, 0, 1, 1, 0, 1, 1, 0]",1.0000216273787577,1.394191536215651,2.1459227467811157
798,E0,2017,Huddersfield,"[1, 1, 0, 0, 0, 1, 0, 1, 0, 0, 0, 0, 1, 0, 1, 0, 0, 0, 0, 0, 1, 1, 0, 0, 0, 1, 0, 0]",1.0000001256558595,1.4307425518952905,2.0242914979757085
799,E0,2017,Leicester,"[0, 1, 0, 0, 0, 1, 1, 0, 1, 1, 1, 1, 0, 0, 0, 1, 1, 0, 0, 1, 1, 0, 0, 0, 0, 1, 0]",1.0000264021157483,1.7728555629700242,2.262443438914027
800,E0,2017,Liverpool,"[1, 1, 0, 1, 0, 1, 1, 1, 1, 1, 1, 1, 1, 1, 1, 0, 1, 1, 1, 1, 0, 1, 1, 1, 0, 1]",1.06639174482282,1.5737967564178146,1.8867924528301887
801,E0,2017,Man City,"[1, 1, 1, 1, 1, 1, 1, 1, 1, 1, 1, 1, 1, 1, 1, 1, 1, 1, 1, 1, 0, 1, 1, 1, 1, 1, 1, 1, 0, 1, 1, 1, 1, 1]",1.5546929991739886,6.116750906827485,4.11522633744856
802,E0,2017,Man United,"[1, 1, 1, 1, 1, 1, 0, 1, 0, 1, 1, 1, 1, 0, 1, 1, 1, 1, 1, 0, 1, 0, 1, 1, 1, 1, 1, 0, 1, 1, 0, 1]",1.0196375040140082,1.468511338068724,1.9841269841269842
803,E0,2017,Newcastle,"[0, 0, 1, 1, 1, 0, 1, 0, 0, 0, 0, 0, 0, 0, 0, 1, 0, 1, 0, 1, 0, 1, 1, 1, 1, 0, 0, 0, 0, 1]",1.000001073742977,6.857339845965379,1.0235414534288638
804,E0,2017,Southampton,"[1, 0, 1, 0, 0, 1, 0, 0, 1, 0, 0, 0, 0, 0, 1, 0, 0, 0, 0, 0, 1, 1, 0]",1.0000020752630105,1.307262776279657,1.7793594306049823
805,E0,2017,Stoke,"[0, 1, 0, 0, 1, 0, 0, 1, 0, 0, 1, 0, 0, 0, 1, 0, 0, 0, 1, 0, 0, 0, 0, 0, 0, 1]",1.0000000390499972,1.4844573025701866,2.0161290322580645
806,E0,2017,Swansea,"[0, 1, 0, 0, 0, 1, 0, 0, 0, 0, 0, 0, 1, 0, 0, 0, 1, 0, 1, 1, 1, 0, 1, 0, 0, 0, 0, 0, 0]",1.0000000147804569,2.7357059781262243,1.0940919037199124
807,E0,2017,Tottenham,"[1, 0, 1, 1, 1, 1, 1, 0, 1, 0, 0, 1, 1, 0, 1, 1, 1, 1, 1, 1, 1, 1, 1, 1, 1, 0, 1, 0, 1, 1]",1.0189341066500277,4.773974089246257,1.0427528675703859
808,E0,2017,Watford,"[1, 1, 0, 1, 1, 0, 0, 0, 1, 1, 0, 0, 0, 0, 0, 1, 0, 0, 0, 1, 0, 1, 1, 0, 0, 0, 0, 0, 1, 0]",1.0000002911196926,1.3957587072550006,1.968503937007874
809,E0,2017,West Brom,"[1, 1, 0, 0, 0, 0, 0, 0, 0, 0, 0, 0, 1, 0, 0, 0, 0, 0, 0, 0, 0, 1, 1, 1, 0]",1.000000036520349,1.092752472513164,1.3831258644536653
810,E0,2017,West Ham,"[0, 0, 0, 1, 0, 1, 0, 0, 0, 0, 0, 1, 1, 0, 1, 1, 0, 1, 0, 0, 0, 1, 0, 0, 1, 1]",1.0000040304007103,2.2702128930571153,1.124859392575928
811,E0,2018,Arsenal,"[0, 0, 1, 1, 1, 1, 1, 1, 1, 1, 1, 1, 0, 1, 0, 1, 0, 1, 1, 0, 1, 1, 1, 1, 1, 0, 1, 0, 0, 0, 1]",1.0029115660945855,2.557248100966788,3.4246575342465753
812,E0,2018,Bournemouth,"[1, 1, 0, 1, 0, 1, 1, 1, 0, 0, 0, 0, 1, 0, 0, 1, 0, 0, 0, 1, 1, 0, 0, 0, 0, 1, 0, 0, 1, 0, 1, 0]",1.0000005504200213,3.38554667770801,4.385964912280702
813,E0,2018,Brighton,"[0, 1, 0, 0, 0, 1, 1, 1, 0, 0, 1, 1, 0, 0, 0, 1, 0, 0, 0, 0, 0, 1, 1, 0, 0, 0, 0, 0, 0]",1.0000000768817379,3.401934864321009,3.8910505836575875
814,E0,2018,Burnley,"[0, 0, 0, 0, 1, 1, 0, 0, 0, 0, 0, 0, 1, 0, 0, 0, 1, 1, 1, 1, 1, 0, 0, 0, 0, 1, 1, 1, 0, 0, 0]",1.0000001780184222,20.655901733594813,1.0060362173038229
815,E0,2018,Cardiff,"[0, 0, 0, 0, 0, 0, 1, 0, 0, 1, 0, 1, 0, 1, 0, 0, 1, 0, 0, 0, 1, 1, 0, 0, 0, 1, 0, 0, 0, 1, 0, 0, 0, 1]",1.0000000009222718,1.0,1.5267175572519085
816,E0,2018,Chelsea,"[1, 1, 1, 1, 1, 1, 1, 1, 0, 1, 0, 1, 1, 0, 1, 1, 1, 0, 0, 1, 0, 1, 1, 0, 1, 1, 1, 0, 1]",1.0110219577916044,2.7357059781262234,3.4722222222222223
817,E0,2018,Crystal Palace,"[1, 0, 0, 0, 1, 0, 0, 0, 0, 0, 1, 0, 0, 1, 1, 0, 1, 0, 0, 1, 1, 0, 1, 0, 1, 0, 1, 0, 1, 1, 1]",1.0000066297630519,8.61625694745803,1.027749229188078
818,E0,2018,Everton,"[1, 0, 0, 1, 1, 1, 0, 1, 1, 0, 0, 0, 1, 0, 0, 1, 0, 1, 0, 0, 0, 1, 0, 1, 1, 1, 0, 1, 1]",1.0000981179048942,1.6990428015780097,1.1961722488038278
819,E0,2018,Fulham,"[0, 0, 1, 0, 0, 0, 0, 0, 0, 0, 1, 0, 0, 0, 1, 0, 0, 0, 1, 0, 0, 0, 0, 0, 0, 0, 0, 0, 1, 1, 1, 0, 0]",1.000000000016802,1.6119015726257202,1.2195121951219512
820,E0,2018,Huddersfield,"[0, 0, 0, 0, 0, 0, 0, 1, 1, 0, 0, 0, 0, 0, 0, 0, 0, 0, 0, 0, 0, 0, 1, 0, 0, 0, 0, 0, 0, 0, 0]",1.000000000000001,1.6819586303894865,1.8832391713747645
821,E0,2018,Leicester,"[0, 1, 1, 0, 0, 1, 1, 0, 0, 1, 1, 0, 0, 1, 1, 0, 1, 0, 0, 0, 0, 0, 1, 0, 1, 1, 1, 1, 0, 1, 0]",1.0000186617163016,1.1645279344287736,1.7985611510791366
822,E0,2018,Liverpool,"[1, 1, 1, 1, 1, 1, 1, 1, 1, 1, 1, 1, 1, 1, 1, 1, 1, 0, 1, 1, 1, 1, 1, 1, 1, 1, 1, 1, 1, 1, 1]",2.573974139097947,2.991486736749604,2.0964360587002098
823,E0,2018,Man City,"[1, 1, 1, 1, 1, 1, 1, 1, 1, 1, 1, 1, 1, 0, 1, 0, 0, 1, 1, 1, 1, 0, 1, 1, 1, 1, 1, 1, 1, 1, 1, 1, 1, 1, 1, 1]",1.1363898108273567,3.2910301709171903,1.0548523206751055
824,E0,2018,Man United,"[1, 0, 0, 1, 1, 0, 1, 1, 1, 0, 1, 0, 1, 1, 1, 1, 1, 1, 1, 1, 1, 1, 0, 1, 0, 1, 0, 0, 0]",1.0026924409278846,1.1141779823941576,1.594896331738437
825,E0,2018,Newcastle,"[0, 0, 0, 0, 0, 0, 0, 1, 1, 1, 0, 0, 1, 0, 0, 0, 1, 1, 0, 1, 1, 0, 1, 0, 0, 1, 1, 0, 1]",1.0000043148663462,9.580400047110771,1.0224948875255624
826,E0,2018,Southampton,"[0, 0, 1, 0, 0, 0, 0, 0, 0, 0, 1, 1, 0, 0, 1, 1, 0, 0, 1, 0, 1, 1, 0, 1, 0, 0]",1.0000010244707045,4.293996901425504,1.0493179433368311
827,E0,2018,Tottenham,"[1, 1, 1, 0, 0, 1, 1, 1, 1, 0, 1, 1, 1, 0, 1, 1, 1, 1, 1, 0, 1, 0, 1, 1, 1, 1, 0, 0, 0, 0, 1, 1, 0, 1, 0, 0]",1.000314624582846,11.431418925262108,11.627906976744185
828,E0,2018,Watford,"[1, 1, 1, 1, 0, 0, 0, 1, 1, 0, 0, 0, 0, 1, 1, 0, 1, 0, 1, 1, 0, 1, 0, 0, 1, 0, 1, 0, 0, 0]",1.0000108419256055,2.077102443916055,2.865329512893983
829,E0,2018,West Ham,"[0, 0, 0, 0, 1, 1, 0, 0, 1, 0, 1, 1, 1, 1, 0, 1, 0, 1, 0, 0, 1, 0, 1, 0, 1, 0, 0, 0, 1, 1, 1]",1.0000186617163016,1.1645279344287736,1.7361111111111112
830,E0,2018,Wolves,"[0, 1, 1, 1, 1, 0, 0, 0, 0, 0, 1, 1, 1, 0, 1, 0, 0, 1, 1, 1, 0, 1, 0, 1, 0, 1, 1, 1, 0]",1.0002422216562439,1.1852614388792184,1.3869625520110958
831,E0,2019,Arsenal,"[1, 1, 0, 1, 1, 0, 0, 0, 1, 0, 0, 1, 1, 1, 1, 0, 0, 1]",1.0050669010723305,1.0,1.4771048744460857
832,E0,2019,Aston Villa,"[0, 0, 1, 0, 0, 1, 1, 0, 0, 0, 1, 0, 0, 0, 0, 1, 0, 1, 0, 1, 0, 0, 0, 0, 0, 0]",1.0000000390499972,1.4844573025701862,1.953125
833,E0,2019,Bournemouth,"[1, 0, 0, 1, 1, 0, 1, 0, 0, 0, 0, 0, 1, 0, 0, 0, 0, 0, 1, 1, 0, 0, 0, 0, 0]",1.0000002322183192,4.196674638349662,4.366812227074236
834,E0,2019,Brighton,"[1, 0, 0, 0, 1, 0, 1, 1, 0, 0, 0, 1, 0, 0, 1, 0, 0, 0, 1, 0]",1.0000275862345145,1.5149698400143738,1.9342359767891684
835,E0,2019,Burnley,"[1, 0, 0, 1, 1, 0, 0, 0, 1, 1, 0, 0, 0, 1, 1, 0, 0, 0, 0, 1, 1, 1, 1, 0, 1, 1]",1.0001220852154804,3.8955510646742493,1.0593220338983051
836,E0,2019,Chelsea,"[0, 1, 1, 0, 1, 1, 1, 1, 1, 1, 0, 0, 1, 0, 0, 1, 0, 1, 1, 0, 0, 1, 1, 1, 1]",1.0047447730400427,1.6934713679658726,2.331002331002331
837,E0,2019,Crystal Palace,"[0, 1, 1, 0, 1, 1, 0, 0, 0, 0, 1, 1, 0, 1, 0, 0, 0, 1, 1, 1, 1, 0, 0]",1.000299532124069,1.194952865215271,1.7064846416382253
838,E0,2019,Everton,"[1, 0, 1, 0, 0, 0, 0, 1, 0, 1, 0, 0, 0, 1, 1, 1, 0, 1, 1, 1, 0, 0, 1]",1.000299532124069,6.230607262229361,1.0309278350515463
839,E0,2019,Leicester,"[1, 1, 0, 1, 1, 0, 1, 1, 1, 1, 1, 1, 1, 1, 0, 0, 1, 1, 0, 0, 1, 0, 0, 1]",1.0077672112184624,10.960350281743487,9.900990099009901
840,E0,2019,Liverpool,"[1, 1, 1, 1, 1, 1, 1, 1, 1, 1, 1, 1, 1, 1, 1, 1, 1, 1, 1, 1, 1, 1, 1, 1, 1, 1, 0, 1, 1]",2.576281543157095,2.980081630279913,2.0
841,E0,2019,Man City,"[1, 1, 1, 0, 1, 1, 0, 1, 1, 1, 0, 1, 1, 0, 1, 1, 0, 1, 1, 1, 1, 0, 1, 1, 0, 1, 1, 0]",1.0090809969140144,1.0,1.6181229773462784
842,E0,2019,Man United,"[1, 0, 1, 0, 0, 1, 0, 1, 1, 1, 0, 1, 1, 0, 1, 0, 0, 1, 1, 1, 1, 1]",1.0069787753789607,2.5015720958124104,1.1098779134295227
843,E0,2019,Newcastle,"[0, 0, 1, 0, 0, 1, 0, 1, 1, 0, 1, 1, 0, 1, 0, 0, 0, 1, 0, 0, 1, 1]",1.0001711688931327,1.0,1.529051987767584
844,E0,2019,Norwich,"[0, 1, 0, 0, 1, 0, 0, 0, 0, 0, 0, 1, 0, 0, 0, 0, 0, 1, 0, 0, 0, 1, 0, 0, 0]",1.0000000040959993,1.4240369358458118,1.8518518518518519
845,E0,2019,Sheffield United,"[1, 0, 0, 1, 0, 1, 1, 0, 1, 1, 1, 0, 0, 1, 0, 1, 1, 1, 0, 0]",1.0025393837573966,1.485173431318231,2.159827213822894
846,E0,2019,Southampton,"[0, 0, 1, 1, 0, 0, 0, 0, 0, 0, 1, 1, 0, 0, 1, 1, 1, 1, 0, 1, 0, 0, 1, 0, 0, 1, 0, 1]",1.0000070522559947,7.332802363718645,1.0245901639344261
847,E0,2019,Tottenham,"[1, 0, 1, 0, 1, 0, 0, 1, 1, 0, 1, 1, 0, 1, 0, 0, 1, 1, 1, 0, 0, 1]",1.0012732005270761,1.0,1.5037593984962405
848,E0,2019,Watford,"[0, 0, 0, 0, 0, 0, 1, 0, 0, 0, 0, 1, 1, 1, 1, 0, 0, 0, 1, 0, 0, 0]",1.0000006208898136,15.930678984852202,1.0070493454179255
849,E0,2019,West Ham,"[0, 1, 1, 1, 0, 0, 0, 0, 0, 1, 0, 0, 1, 0, 0, 1, 0, 0, 0, 0, 0, 1, 0, 0, 0]",1.0000002322183192,4.196674638349662,4.464285714285714
850,E0,2019,Wolves,"[0, 0, 1, 1, 1, 1, 1, 0, 1, 1, 0, 0, 1, 0, 1, 1, 1, 1, 1]",1.0339797189568796,1.1305126953518096,1.529051987767584
851,E0,2020,Arsenal,"[1, 1, 0, 1, 0, 1, 1, 1, 0, 1, 0, 0, 1, 0, 0, 0, 0, 0, 1, 1, 1, 1, 1, 0, 0, 1, 0, 1, 1, 0, 1, 0, 1, 1, 1, 1, 1]",1.0000863007758216,7.708368139193394,1.0309278350515463
852,E0,2020,Aston Villa,"[0, 0, 1, 1, 1, 1, 1, 1, 0, 0, 1, 0, 0, 1, 1, 1, 0, 0, 1, 0, 1, 0, 1, 0, 1, 0, 0, 1, 0, 0, 1, 0, 0, 1, 1]",1.0000123163261698,1.5935185086730126,2.293577981651376
853,E0,2020,Bournemouth,"[0, 0, 1, 0, 0, 1]",1.0384615384615383,1.0,1.2820512820512822
854,E0,2020,Brighton,"[1, 0, 0, 1, 0, 1, 0, 0, 0, 1, 0, 0, 0, 0, 1, 1, 1, 0, 0, 0, 1, 1, 0, 0, 1, 0, 1, 0]",1.0000020858643386,3.8151830986750914,1.0626992561105206
855,E0,2020,Burnley,"[1, 1, 0, 0, 0, 0, 0, 0, 1, 0, 1, 1, 0, 1, 0, 0, 1, 1, 0, 0, 1, 0, 1, 0, 0, 0, 1, 0, 1, 0, 0, 0]",1.0000001529326978,1.0,1.589825119236884
856,E0,2020,Chelsea,"[0, 1, 1, 0, 1, 0, 1, 1, 0, 1, 1, 1, 1, 1, 0, 0, 1, 0, 0, 1, 0, 1, 1, 1, 1, 1, 1, 0, 1, 1, 1, 1, 0, 1, 0]",1.0007953563264727,1.7615003464905998,1.2121212121212122
857,E0,2020,Crystal Palace,"[0, 0, 0, 0, 0, 1, 1, 0, 0, 1, 0, 1, 0, 0, 1, 0, 0, 1, 0, 0, 1, 1, 0, 0, 1, 0, 1, 0, 0, 0, 1, 0, 1, 0, 0]",1.0000000125004151,1.1033438169078342,1.5220700152207
858,E0,2020,Everton,"[1, 0, 0, 1, 0, 1, 1, 1, 1, 0, 0, 0, 1, 0, 1, 1, 1, 1, 0, 1, 0, 1, 0, 0, 1, 1, 1, 0, 0, 1, 0, 1, 0, 1, 0]",1.0000308793302868,2.383376743892888,3.4602076124567476
859,E0,2020,Fulham,"[0, 0, 0, 0, 0, 1, 0, 0, 1, 0, 0, 0, 0, 1, 1, 0, 1, 0, 0, 0, 0, 0, 0, 0, 0]",1.0000000040959993,1.7519751094531673,1.148105625717566
860,E0,2020,Leeds,"[0, 1, 1, 0, 1, 0, 0, 1, 0, 0, 1, 0, 1, 1, 0, 0, 1, 1, 0, 1, 0, 0, 1, 0, 0, 1, 1, 1, 0, 1, 1, 1, 1]",1.0000613993407603,2.572563780955837,1.1198208286674132
861,E0,2020,Leicester,"[0, 1, 0, 1, 0, 0, 1, 1, 1, 0, 0, 1, 1, 1, 0, 0, 1, 1, 0, 1, 1, 1, 1, 0, 1, 1, 1, 0, 1, 1, 0, 0, 1, 1, 0, 1, 0, 0]",1.0000309140585766,1.9079161977909678,1.2224938875305624
862,E0,2020,Liverpool,"[0, 1, 1, 0, 1, 1, 1, 1, 1, 0, 1, 1, 1, 1, 1, 1, 0, 0, 1, 1, 0, 0, 0, 0, 1, 0, 0, 1, 1, 1, 1, 1, 1, 1, 1]",1.0016411433239603,1.55112332074862,2.0964360587002098
863,E0,2020,Man City,"[1, 0, 1, 1, 1, 1, 1, 1, 0, 1, 1, 0, 1, 1, 1, 1, 1, 1, 1, 1, 1, 1, 1, 1, 1, 1, 1, 1, 1, 0, 1, 1, 1, 0, 1, 1, 0, 1, 0, 1]",1.0217994037926508,1.4562252500893333,1.9920318725099602
864,E0,2020,Man United,"[1, 1, 1, 1, 0, 1, 0, 1, 0, 1, 1, 1, 1, 1, 1, 1, 1, 1, 1, 0, 1, 1, 1, 1, 1, 1, 1, 1, 0, 0, 1]",1.041329771833122,1.072056961980483,1.51285930408472
865,E0,2020,Newcastle,"[1, 0, 0, 0, 0, 1, 0, 1, 0, 1, 0, 0, 1, 1, 0, 0, 0, 0, 0, 0, 0, 1, 0, 1, 0, 0, 0, 1, 1, 0, 1, 0, 1, 1]",1.0000000797802575,1.3626843907003843,1.3123359580052494
866,E0,2020,Norwich,"[0, 0, 0, 0, 0, 0, 0]",1.0,,1.0
867,E0,2020,Sheffield United,"[1, 1, 1, 0, 0, 0, 0, 0, 0, 0, 0, 0, 0, 0, 0, 0, 0, 0, 0, 0, 0, 1, 0, 1, 0, 1, 0, 0, 0, 0, 1, 0, 0, 0, 0, 0, 1, 0, 0, 1, 0, 1]",1.0000000000000828,6.44163380766157,1.0405827263267429
868,E0,2020,Southampton,"[1, 1, 1, 0, 0, 1, 1, 1, 1, 1, 0, 1, 1, 0, 1, 0, 0, 0, 0, 0, 0, 0, 0, 1, 0, 0, 1, 0, 0, 0, 1, 1, 0, 0]",1.0000009086784087,67.41986365429065,40.0
869,E0,2020,Tottenham,"[0, 1, 1, 1, 1, 0, 1, 1, 1, 1, 1, 1, 1, 0, 0, 1, 1, 0, 0, 0, 1, 0, 0, 1, 1, 1, 0, 1, 0, 1, 1, 0, 1, 0, 1]",1.0003734143139063,3.961287471055115,5.4945054945054945
870,E0,2020,Watford,"[0, 1, 1, 0, 0, 0]",1.0384615384615383,5.449489742783179,5.555555555555555
871,E0,2020,West Brom,"[0, 0, 0, 0, 0, 0, 1, 0, 0, 0, 0, 0, 1, 0, 0, 0, 0, 1, 0, 0, 1, 1, 0, 0, 0, 0, 0]",1.0000000003012175,1.7317027855544465,1.1627906976744187
872,E0,2020,West Ham,"[1, 0, 1, 1, 0, 0, 1, 1, 0, 1, 1, 1, 0, 1, 0, 1, 1, 1, 1, 0, 1, 1, 1, 0, 1, 0, 1, 1, 0, 0, 1, 0, 1, 1]",1.0006113774567316,1.0,1.5822784810126582
873,E0,2020,Wolves,"[0, 0, 1, 1, 0, 1, 0, 0, 1, 1, 1, 0, 1, 0, 0, 1, 0, 0, 0, 0, 0, 1, 1, 1, 0, 0, 0, 1, 1, 0, 1, 0, 0, 0]",1.000000281212835,1.9969006680980415,2.5839793281653747
874,E0,2021,Arsenal,"[0, 0, 0, 1, 1, 1, 1, 1, 1, 0, 1, 0, 0, 1, 1, 1, 1, 0, 1, 1, 1, 1, 1, 0, 1, 0, 0, 0, 1, 1, 1, 1, 0, 0, 1]",1.0003734143139063,1.201965280611849,1.3812154696132597
875,E0,2021,Aston Villa,"[0, 1, 0, 1, 1, 0, 0, 0, 0, 0, 1, 1, 0, 1, 0, 1, 0, 0, 1, 0, 0, 1, 1, 1, 0, 0, 0, 0, 1, 1, 0, 0]",1.0000005504200213,1.3710488542442367,2.032520325203252
876,E0,2021,Brentford,"[1, 0, 1, 1, 0, 0, 0, 0, 1, 0, 1, 0, 0, 1, 0, 0, 0, 0, 0, 0, 0, 1, 1, 0, 1, 1, 1, 0, 1, 1, 0]",1.0000021813523625,1.6134167067979837,1.2269938650306749
877,E0,2021,Brighton,"[1, 1, 0, 1, 1, 0, 0, 0, 1, 1, 1, 0, 0, 0, 0, 0, 0, 1, 1, 0, 1, 1, 1]",1.0007804162586758,1.7907289630377372,2.457002457002457
878,E0,2021,Burnley,"[0, 0, 0, 0, 0, 1, 0, 0, 0, 0, 1, 1, 0, 0, 0, 0, 1, 0, 1, 1, 1, 0, 0, 0]",1.0000003790022123,1.492252565710692,1.243781094527363
879,E0,2021,Chelsea,"[1, 1, 1, 1, 0, 1, 1, 1, 1, 1, 1, 0, 1, 1, 0, 1, 1, 1, 1, 1, 0, 1, 0, 1, 0, 1, 1]",1.0396277828471792,3.0484830975519874,3.484320557491289
880,E0,2021,Crystal Palace,"[0, 1, 0, 1, 1, 0, 0, 0, 1, 0, 1, 0, 0, 0, 1, 1, 1, 0, 0, 1, 1, 0, 1]",1.000299532124069,1.790728963037736,1.1574074074074074
881,E0,2021,Everton,"[1, 1, 1, 0, 1, 0, 0, 0, 0, 0, 0, 1, 0, 0, 0, 0, 0, 1, 0, 0, 0, 0, 1, 0, 0, 1, 0, 1, 1, 0, 1, 0]",1.0000000380087273,1.3878914311033805,1.2804097311139564
882,E0,2021,Leeds,"[0, 0, 0, 1, 0, 1, 0, 1, 0, 0, 0, 1, 1, 0, 0, 0, 0, 0, 0, 0, 1, 1, 1, 0, 0, 0, 1]",1.0000006272258672,1.258056324210277,1.7123287671232876
883,E0,2021,Leicester,"[1, 0, 1, 0, 0, 1, 1, 0, 0, 1, 0, 1, 0, 1, 0, 0, 0, 1, 1, 0, 1, 1, 0, 0, 0, 1, 1, 1]",1.0000610388817677,1.0,1.5015015015015014
884,E0,2021,Liverpool,"[1, 1, 1, 1, 1, 1, 0, 1, 1, 1, 1, 1, 1, 0, 1, 1, 1, 1, 1, 1, 1, 1, 1, 1, 1, 1, 1, 1, 1, 1]",1.551023315653171,6.085764297825455,1.0
885,E0,2021,Man City,"[0, 1, 1, 1, 1, 1, 1, 0, 1, 1, 1, 1, 1, 1, 1, 1, 1, 1, 1, 1, 1, 1, 0, 1, 1, 1, 1, 1, 1, 1, 1, 1]",1.261032507627949,1.7869990979237944,1.152073732718894
886,E0,2021,Man United,"[1, 1, 1, 1, 0, 0, 0, 1, 0, 0, 1, 1, 1, 1, 0, 1, 1, 1, 1, 0, 1, 0, 1, 0, 0, 1, 0, 0]",1.0003959489930363,2.156578207112445,2.9154518950437316
887,E0,2021,Newcastle,"[0, 0, 0, 0, 0, 0, 0, 1, 0, 0, 0, 1, 1, 1, 1, 1, 1, 0, 0, 0, 1, 1, 1, 1, 0, 0, 1, 1]",1.0000216273787577,16.285698285444777,1.0111223458038423
888,E0,2021,Norwich,"[0, 0, 0, 0, 0, 0, 0, 0, 1, 1, 0, 0, 0, 0, 0, 0, 1, 1, 0, 0, 0, 0, 0, 0, 1, 0, 0, 0, 0, 0, 0]",1.0000000000013003,1.7005323856392154,1.1574074074074074
889,E0,2021,Southampton,"[0, 0, 0, 1, 1, 1, 0, 0, 0, 1, 1, 0, 1, 1, 1, 0, 0, 0, 0, 1, 0, 0, 0, 0, 0]",1.0000047384037907,3.4769945721831013,4.385964912280702
890,E0,2021,Tottenham,"[1, 1, 1, 0, 0, 0, 1, 1, 0, 0, 1, 1, 1, 1, 1, 1, 0, 0, 0, 1, 0, 1, 1, 0, 1, 1, 1, 1, 0, 1, 1, 1, 1]",1.0015247601944897,1.2306696849594334,1.3623978201634876
891,E0,2021,Watford,"[1, 0, 0, 0, 1, 0, 0, 1, 0, 0, 1, 0, 0, 0, 0, 0, 0, 0, 0, 0, 1, 0, 0, 0, 1, 0, 0, 0, 0, 0, 0, 0, 0]",1.000000000001427,2.356991333751943,2.949852507374631
892,E0,2021,West Ham,"[1, 1, 0, 1, 0, 1, 1, 1, 1, 0, 0, 1, 0, 0, 1, 1, 1, 0, 0, 1, 1, 0, 1, 0, 1, 0, 0, 0, 1, 0]",1.0000803555384554,2.077102443916055,3.0303030303030303
893,E0,2021,Wolves,"[0, 0, 0, 1, 0, 1, 1, 1, 1, 0, 1, 0, 0, 1, 1, 1, 1, 0, 1, 1, 0, 0, 0, 1, 1, 0, 1, 0, 0, 0, 0, 0]",1.0000054332895676,3.298430830986802,4.166666666666667
894,E0,2022,Arsenal,"[1, 1, 1, 1, 1, 0, 1, 1, 1, 1, 1, 1, 1, 1, 1, 1, 1, 0, 0, 1, 1, 1, 1, 1, 1, 1, 0, 1, 1, 0, 0, 1]",1.0374222121779535,12.956907606783744,11.764705882352942
895,E0,2022,Aston Villa,"[0, 1, 0, 0, 0, 1, 0, 0, 1, 0, 1, 1, 0, 1, 1, 1, 0, 0, 0, 1, 1, 1, 1, 1, 1, 1, 1, 0, 0, 1, 1]",1.0002875987894146,2.753724121122935,1.098901098901099
896,E0,2022,Bournemouth,"[1, 0, 0, 0, 1, 1, 0, 0, 0, 0, 1, 0, 0, 0, 0, 0, 1, 0, 0, 1, 0, 1, 0, 1, 1, 0, 1, 1, 0, 0, 0, 0]",1.0000000380087273,3.5838221284797918,1.0741138560687433
897,E0,2022,Brentford,"[1, 0, 1, 0, 0, 1, 0, 1, 1, 1, 1, 1, 1, 0, 1, 0, 0, 0, 1, 1, 0, 1, 1, 1]",1.003565380454712,1.4508341017261661,1.937984496124031
898,E0,2022,Brighton,"[1, 1, 1, 0, 1, 0, 0, 0, 1, 1, 0, 1, 0, 1, 1, 1, 0, 1, 1, 1, 0, 1, 0, 1, 1, 0, 1, 0, 1, 0]",1.00047040616249,1.0,1.6103059581320451
899,E0,2022,Chelsea,"[1, 0, 1, 0, 1, 1, 1, 1, 0, 0, 0, 1, 0, 0, 1, 0, 0, 1, 1, 0, 0, 0, 0, 0, 1, 0, 0]",1.0000085188245282,3.0591151422662852,3.8461538461538463
900,E0,2022,Crystal Palace,"[0, 1, 0, 0, 1, 1, 0, 1, 1, 0, 0, 1, 0, 0, 0, 0, 0, 0, 0, 1, 1, 1, 0, 1, 0, 1]",1.0000139141738802,1.417584562397788,1.9723865877712032
901,E0,2022,Everton,"[0, 0, 1, 1, 0, 0, 0, 1, 0, 0, 0, 0, 0, 0, 1, 0, 1, 0, 0, 1, 0, 0, 0, 1, 0, 1]",1.0000002215727783,2.4041360466134973,1.098901098901099
902,E0,2022,Fulham,"[1, 0, 1, 0, 1, 0, 0, 1, 1, 0, 0, 1, 1, 1, 1, 0, 0, 1, 1, 0, 0, 0, 0, 1, 1, 0, 0, 0, 1, 1, 0]",1.0000186617163016,2.61572821872245,3.5211267605633805
903,E0,2022,Leeds,"[1, 1, 0, 0, 0, 0, 0, 0, 1, 1, 0, 0, 0, 0, 0, 0, 1, 0, 1, 0, 1, 0, 0, 0, 0, 0, 0, 0]",1.0000000037252903,1.4781368793495824,2.1052631578947367
904,E0,2022,Leicester,"[0, 0, 0, 0, 0, 0, 1, 0, 1, 1, 0, 1, 1, 0, 0, 0, 0, 1, 1, 0, 0, 0, 0, 0, 0, 0, 0, 1, 0, 0, 1]",1.0000000087742942,1.2703663581307605,1.7361111111111112
905,E0,2022,Liverpool,"[0, 1, 1, 0, 1, 1, 0, 0, 1, 1, 1, 1, 0, 0, 0, 1, 1, 1, 1, 0, 0, 1, 1, 1, 1, 1, 1, 1]",1.0044080667937543,4.155898574305098,1.0526315789473684
906,E0,2022,Man City,"[1, 1, 1, 1, 1, 1, 1, 0, 1, 1, 1, 0, 1, 1, 0, 1, 1, 0, 1, 1, 1, 1, 1, 1, 1, 1, 1, 1, 1, 1, 1, 1, 0]",1.0777737549222652,1.4486609064150622,1.2254901960784315
907,E0,2022,Man United,"[0, 0, 1, 1, 1, 1, 0, 1, 1, 1, 0, 1, 1, 1, 1, 1, 0, 1, 1, 1, 0, 0, 1, 1, 1, 1, 0, 0, 1, 1, 1, 1]",1.0050986407046356,1.4175390044707004,1.9646365422396856
908,E0,2022,Newcastle,"[1, 0, 1, 1, 1, 1, 1, 1, 1, 1, 1, 0, 0, 1, 1, 1, 1, 1, 0, 1, 1, 1, 0, 1]",1.0645149042829638,1.5787109069570155,1.9455252918287937
909,E0,2022,Nottm Forest,"[0, 1, 0, 0, 0, 0, 0, 0, 1, 0, 1, 0, 1, 1, 1, 0, 0, 0, 0, 0, 0, 0, 0, 1, 0, 1, 1]",1.0000006272258672,1.258056324210277,1.8115942028985508
910,E0,2022,Southampton,"[0, 1, 0, 1, 0, 0, 0, 0, 1, 0, 0, 0, 0, 0, 0, 1, 0, 0, 0, 1, 0, 1, 0, 0, 0, 0, 0, 0, 0, 0, 0]",1.0000000000200384,2.3539355298440188,2.824858757062147
911,E0,2022,Tottenham,"[1, 1, 1, 1, 1, 0, 1, 1, 0, 0, 1, 0, 1, 0, 1, 0, 0, 1, 1, 0, 1, 1, 0, 1, 1, 0, 0, 0, 1, 0, 0, 1]",1.0001004625174241,2.032382073839673,2.7472527472527473
912,E0,2022,West Ham,"[0, 0, 0, 1, 0, 0, 1, 1, 0, 1, 0, 0, 0, 0, 0, 0, 1, 0, 1, 0, 1, 0, 1, 1, 0, 0, 0, 1, 0, 1, 0]",1.0000001780184222,4.474943725749456,1.0559662090813093
913,E0,2022,Wolves,"[0, 0, 1, 0, 0, 0, 1, 0, 0, 0, 0, 1, 0, 1, 0, 1, 1, 0, 0, 1, 0, 0, 1, 1, 0, 1, 0, 1, 0, 0]",1.0000002911196926,3.6856769773913247,1.0857763300760044
914,E0,2023,Arsenal,"[1, 1, 1, 1, 1, 1, 1, 0, 1, 1, 1, 1, 0, 1, 0, 0, 1, 1, 1, 1, 1, 1, 1, 1, 1, 1, 0, 1, 1, 1, 1, 1, 1]",1.0777737549222652,5.8024348406362725,1.0319917440660475
915,E0,2023,Aston Villa,"[0, 1, 1, 0, 1, 1, 1, 1, 1, 0, 1, 1, 1, 1, 1, 0, 1, 0, 1, 0, 1, 1, 1, 0, 1, 0, 1, 1, 0, 0]",1.0022888852923264,7.6669281105776035,8.064516129032258
916,E0,2023,Bournemouth,"[0, 0, 0, 0, 0, 0, 1, 0, 1, 1, 1, 1, 1, 1, 0, 0, 0, 0, 1, 1, 1, 1, 0, 0, 1, 1, 0, 0, 0]",1.0000132324636137,1.1852614388792186,1.7301038062283738
917,E0,2023,Brentford,"[1, 0, 0, 0, 1, 1, 1, 0, 0, 1, 0, 0, 0, 0, 0, 1, 0, 0, 1, 0, 0, 0, 0, 0, 1, 1, 0, 1, 0]",1.0000003360687846,1.1141779823941582,1.4204545454545454
918,E0,2023,Brighton,"[1, 1, 0, 1, 1, 1, 0, 0, 1, 0, 1, 0, 1, 0, 1, 0, 1, 0, 1, 0, 0, 0, 0, 1, 0, 0]",1.000043124234921,7.994539031723146,7.6923076923076925
919,E0,2023,Burnley,"[0, 0, 0, 0, 0, 1, 0, 0, 0, 0, 0, 0, 1, 0, 0, 1, 0, 0, 0, 0, 0, 0, 0, 1, 0, 1, 0, 0, 0]",1.000000000020512,1.7148184646676152,1.1961722488038278
920,E0,2023,Chelsea,"[0, 1, 0, 0, 1, 1, 0, 1, 0, 1, 0, 0, 1, 0, 1, 1, 1, 0, 0, 1, 1, 1, 1, 0, 1, 1, 1, 1, 1]",1.0012612189753203,12.497217766607374,1.0224948875255624
921,E0,2023,Crystal Palace,"[1, 0, 1, 0, 1, 0, 0, 1, 0, 0, 0, 0, 0, 1, 0, 1, 0, 0, 1, 0, 0, 0, 1, 1, 1, 1, 1, 1]",1.0000216273787577,3.6726779667447933,1.0582010582010581
922,E0,2023,Everton,"[0, 0, 0, 0, 1, 0, 1, 0, 1, 1, 0, 1, 1, 1, 1, 0, 0, 0, 0, 0, 0, 0, 1, 0, 1, 1, 1, 1, 0]",1.0000132324636137,2.796305669936188,3.7735849056603774
923,E0,2023,Fulham,"[1, 0, 0, 1, 0, 1, 0, 0, 0, 1, 0, 1, 1, 0, 0, 0, 1, 0, 1, 0, 1, 1, 0, 1, 0, 0, 1, 0, 0, 1]",1.0000035672456171,1.381306779628721,1.2936610608020698
924,E0,2023,Liverpool,"[1, 1, 1, 1, 1, 0, 1, 1, 1, 1, 1, 1, 1, 1, 1, 1, 0, 1, 1, 1, 1, 1, 1, 0, 1, 0, 1, 1]",1.1306376598772285,3.3413079443537024,3.389830508474576
925,E0,2023,Luton,"[0, 0, 0, 0, 1, 0, 0, 0, 0, 1, 0, 0, 0, 1, 1, 0, 1, 0, 0, 0, 0, 0, 0, 0, 1, 0, 0, 0, 0, 0]",1.0000000000327671,2.637010333503869,3.257328990228013
926,E0,2023,Man City,"[1, 1, 1, 1, 1, 1, 0, 0, 1, 1, 1, 0, 1, 1, 1, 1, 1, 1, 1, 1, 1, 1, 1, 1, 1, 1, 1, 1, 1, 1, 1]",1.277535089687671,12.116702307089945,1.0
927,E0,2023,Man United,"[1, 0, 1, 0, 0, 1, 0, 1, 1, 0, 1, 1, 1, 0, 1, 0, 0, 1, 0, 1, 1, 1, 1, 0, 0, 1, 0, 1, 0, 0, 1, 1]",1.0001004625174241,1.0,1.545595054095827
928,E0,2023,Newcastle,"[1, 0, 0, 0, 1, 1, 1, 1, 1, 0, 1, 1, 0, 0, 1, 0, 0, 0, 0, 1, 1, 0, 1, 0, 1, 1, 1, 0, 1, 1, 0, 1]",1.0001004625174241,1.0,1.6
929,E0,2023,Nottm Forest,"[0, 1, 0, 1, 0, 0, 1, 0, 0, 0, 0, 0, 0, 1, 1, 0, 0, 0, 1, 0, 0, 0, 1, 0, 0, 0, 1, 0, 1]",1.0000000768817379,1.264639251686811,1.7006802721088434
930,E0,2023,Sheffield United,"[0, 0, 0, 0, 0, 0, 0, 0, 0, 1, 0, 0, 0, 1, 0, 0, 0, 0, 0, 1, 0, 0, 0, 0, 0, 0, 0, 0, 0, 0, 0]",1.000000000000001,1.6819586303894865,1.8796992481203008
931,E0,2023,Tottenham,"[1, 1, 1, 1, 1, 1, 1, 1, 0, 0, 0, 0, 1, 1, 1, 0, 1, 1, 1, 0, 1, 1, 0, 1, 1, 0, 0, 0, 0, 1, 0, 1]",1.000542395119226,2.077553086835777,2.785515320334262
932,E0,2023,West Ham,"[1, 1, 1, 0, 0, 1, 0, 0, 0, 1, 1, 1, 0, 1, 1, 1, 0, 0, 0, 1, 1, 0, 1, 0, 0, 0, 1, 0]",1.0000610388817677,2.1352407823389097,2.9585798816568047
933,E0,2023,Wolves,"[0, 0, 1, 0, 0, 1, 1, 0, 1, 0, 0, 1, 0, 1, 1, 1, 0, 1, 0, 1, 1, 0, 1, 0, 0, 0, 0, 1, 0, 0, 0]",1.0000021813523625,2.753724121122936,3.7593984962406015
934,E0,2024,Arsenal,"[1, 1, 1, 1, 1, 0, 0, 1, 1, 1, 1, 1, 1, 1, 1, 1, 1, 0, 1, 1, 1, 0, 1, 1]",1.1263248245189097,1.0,1.4749262536873156
935,E0,2024,Aston Villa,"[1, 0, 1, 1, 1, 1, 0, 0, 0, 1, 1, 0, 1, 0, 1, 1, 0, 1, 0, 1, 1, 1, 1, 1, 0, 1, 1, 1, 0]",1.0026924409278846,1.874136989801855,1.1737089201877935
936,E0,2024,Bournemouth,"[1, 0, 0, 1, 0, 1, 1, 0, 0, 1, 1, 1, 1, 1, 1, 1, 0, 1, 0, 0, 0, 0, 1, 1, 0, 0, 1]",1.000480469748762,2.750205918357974,3.3444816053511706
937,E0,2024,Brentford,"[1, 0, 1, 0, 0, 1, 0, 1, 0, 1, 1, 0, 1, 0, 0, 0, 1, 0, 1, 0, 1, 1, 0, 1, 0, 1, 1, 1, 1, 0]",1.0000803555384554,2.077102443916055,1.146788990825688
938,E0,2024,Brighton,"[1, 1, 0, 1, 1, 0, 1, 1, 0, 0, 1, 1, 0, 0, 1, 1, 1, 1, 0, 0, 0, 1, 1, 1, 1]",1.0047447730400427,1.2504075805649355,1.3333333333333333
939,E0,2024,Chelsea,"[0, 1, 1, 1, 1, 0, 1, 1, 1, 1, 1, 1, 0, 0, 1, 0, 1, 0, 0, 1, 1, 0, 1, 1, 1, 1, 0, 1, 1]",1.0055366346526524,1.6255712684154726,2.3529411764705883
940,E0,2024,Crystal Palace,"[0, 0, 0, 0, 0, 1, 0, 1, 1, 0, 1, 1, 1, 0, 1, 0, 1, 1, 1, 1, 0, 0, 1, 1]",1.0006383553064375,4.218379289520601,1.0515247108307044
941,E0,2024,Everton,"[0, 0, 0, 0, 1, 1, 0, 0, 1, 0, 0, 0, 1, 1, 1, 1, 0, 1, 0, 0, 1, 1, 1]",1.000299532124069,46.31638648495338,1.0030090270812437
942,E0,2024,Fulham,"[0, 1, 1, 1, 0, 0, 1, 1, 0, 1, 1, 0, 1, 0, 1, 1, 0, 1, 0, 1, 0, 1, 0, 0, 1, 0, 0, 1, 0]",1.0000981179048942,2.6725084851718366,3.4246575342465753
943,E0,2024,Ipswich,"[0, 0, 0, 0, 0, 1, 0, 0, 0, 1, 0, 0, 1, 0, 0, 0, 0, 0, 0, 0, 0, 1, 0, 0, 0, 0, 0, 0]",1.0000000000014737,3.341307944353699,3.389830508474576
944,E0,2024,Leicester,"[0, 0, 0, 1, 1, 0, 0, 0, 0, 1, 0, 0, 0, 0, 0, 0, 0, 1, 0, 0, 0, 0, 0, 0, 0, 0, 0, 0, 1, 1, 0]",1.0000000000200384,1.0720569619804832,1.4492753623188406
945,E0,2024,Liverpool,"[1, 1, 1, 0, 1, 1, 1, 1, 1, 1, 1, 1, 1, 1, 1, 1, 1, 1, 1, 1, 1, 1, 1, 0, 1, 1, 1, 0, 0]",1.143112332847026,3.6284944294107975,3.4965034965034967
946,E0,2024,Man City,"[1, 1, 1, 1, 1, 1, 1, 0, 0, 0, 0, 1, 0, 0, 1, 1, 1, 1, 0, 1, 0, 1, 0, 1, 1, 1, 1, 1, 1, 1]",1.0047702083675836,4.047490773733085,1.0471204188481675
947,E0,2024,Man United,"[1, 0, 0, 1, 0, 1, 0, 1, 1, 0, 0, 1, 0, 0, 0, 1, 0, 1, 0, 0, 1, 1, 0, 0, 0, 0, 0, 0, 1]",1.0000012762218502,1.2194514456293808,1.6920473773265652
948,E0,2024,Newcastle,"[1, 1, 1, 0, 0, 0, 1, 1, 0, 0, 1, 1, 1, 1, 1, 1, 0, 1, 0, 0, 1, 0, 1, 1, 1, 1, 1, 0, 1, 1, 0, 0]",1.000542395119226,2.077553086835777,2.840909090909091
949,E0,2024,Nott'm Forest,"[1, 1, 1, 1, 0, 1, 0, 0, 1, 1, 1, 0, 0, 1, 0, 1, 0]",1.0145438522021881,1.9277900873276073,2.487562189054726
950,E0,2024,Nottm Forest,"[1, 1, 0, 1, 1, 1, 0, 0, 1, 0, 1, 1, 1]",1.1237242070993683,1.1517471847516747,1.5082956259426847
951,E0,2024,Southampton,"[0, 0, 0, 0, 0, 0, 0, 0, 1, 0, 0, 0, 0, 0, 0, 0, 0, 0, 0, 0, 1, 0, 0, 0, 0, 0, 0, 0, 0, 0, 0, 0]",1.0,1.0,1.314060446780552
952,E0,2024,Tottenham,"[1, 0, 0, 1, 1, 0, 1, 0, 1, 0, 1, 0, 0, 1, 0, 0, 0, 0, 0, 0, 1, 1, 1, 0, 0, 0, 1, 0, 0, 0, 0, 0, 0]",1.0000000232305728,2.957714004944479,3.745318352059925
953,E0,2024,West Ham,"[0, 1, 0, 0, 1, 0, 1, 0, 1, 0, 0, 1, 1, 0, 0, 1, 0, 0, 0, 1, 1, 0, 0, 0, 0, 1, 0, 1]",1.0000020858643386,1.405422818414341,2.0833333333333335
954,E0,2024,Wolves,"[0, 0, 0, 0, 0, 0, 0, 1, 1, 0, 0, 0, 0, 1, 1, 0, 0, 0, 0, 1, 0, 1, 0, 1, 1, 1, 1, 1, 1, 0, 0, 0]",1.0000001529326978,6.5000081891335695,1.0460251046025104
955,SP1,2000,Alaves,"[1, 0, 1, 1, 1, 0, 1, 0, 0, 1, 0, 1, 0, 0, 0, 0, 1, 0, 1, 1, 1, 1, 1, 0, 0, 1, 0, 0, 0, 0, 0]",1.0000066297630519,1.1418764301879516,1.440922190201729
956,SP1,2000,Ath Bilbao,"[0, 1, 0, 1, 0, 0, 1, 0, 1, 0, 1, 0, 1, 1, 0, 1, 0, 1, 0, 0, 0, 1, 1, 0, 0, 0, 0, 0]",1.0000020858643386,3.8151830986750905,4.672897196261682
957,SP1,2000,Barcelona,"[1, 0, 1, 0, 1, 1, 0, 1, 0, 0, 1, 1, 1, 1, 1, 1, 1, 0, 0, 1, 1, 0, 1, 1, 0, 1]",1.0040079250847682,1.4396280507508077,1.2515644555694618
958,SP1,2000,Celta,"[1, 1, 1, 0, 0, 1, 0, 1, 0, 0, 0, 0, 0, 0, 1, 1, 1, 1, 1, 1, 1, 0, 1, 1, 0, 1, 1]",1.0011125351463466,126.23984901405542,1.0
959,SP1,2000,Espanol,"[1, 0, 0, 0, 0, 1, 1, 1, 1, 0, 0, 0, 0, 1, 0, 1, 1, 1, 0, 0, 1, 1, 0, 1, 1, 0, 0, 0, 1, 0]",1.0000108419256055,2.077102443916055,1.1494252873563218
960,SP1,2000,La Coruna,"[1, 1, 1, 0, 1, 1, 0, 1, 1, 1, 0, 1, 0, 1, 1, 1, 1, 1, 0, 1, 0, 1, 0, 1, 0, 1, 1, 1, 0, 1, 1]",1.0058675337390457,1.6010061893051915,2.202643171806167
961,SP1,2000,Las Palmas,"[0, 0, 1, 1, 1, 0, 0, 0, 1, 1, 0, 0, 1, 1, 1, 0, 1, 0, 0, 0, 0, 1, 0, 0, 0, 1, 0, 1, 0, 0, 1]",1.0000021813523625,2.753724121122936,3.4129692832764507
962,SP1,2000,Malaga,"[0, 1, 0, 0, 1, 1, 0, 0, 1, 0, 1, 0, 1, 1, 1, 0, 0, 0, 0, 1, 1, 1, 0, 1, 1, 1, 0, 1, 1, 0]",1.0000803555384554,1.0,1.557632398753894
963,SP1,2000,Mallorca,"[0, 0, 0, 1, 1, 1, 1, 1, 0, 1, 1, 1, 0, 1, 1, 0, 1, 1, 1, 1, 1, 0, 1, 1, 1, 1, 1]",1.020631459915856,4.161556982374938,1.0526315789473684
964,SP1,2000,Numancia,"[1, 0, 0, 1, 0, 0, 1, 0, 0, 0, 0, 1, 0, 0, 1, 0, 0, 1, 0, 1, 0, 0, 0, 0, 0, 1, 1, 0, 1]",1.0000003360687846,1.1141779823941582,1.422475106685633
965,SP1,2000,Osasuna,"[0, 1, 0, 0, 0, 0, 0, 1, 0, 1, 0, 0, 0, 0, 0, 1, 1, 0, 1, 0, 1, 1, 0, 0, 1, 1]",1.0000040304007103,8.62936914340093,1.015228426395939
966,SP1,2000,Oviedo,"[0, 0, 1, 1, 0, 1, 0, 1, 1, 0, 1, 0, 1, 0, 0, 0, 1, 0, 0, 0, 0, 0, 1, 0, 0, 1, 0, 0, 1, 0]",1.0000002911196926,3.6856769773913247,4.484304932735426
967,SP1,2000,Real Madrid,"[1, 1, 1, 0, 1, 0, 0, 1, 1, 1, 1, 1, 1, 1, 1, 1, 1, 1, 0, 1, 1, 0, 1, 1, 1, 1, 0, 1, 1, 1]",1.036467456652839,1.0,1.4992503748125936
968,SP1,2000,Santander,"[0, 0, 0, 1, 0, 1, 0, 0, 0, 1, 0, 0, 0, 0, 0, 0, 1, 0, 1, 0, 1, 0, 1, 1, 0, 0, 1, 0, 1]",1.0000003360687846,10.092130919267758,1.019367991845056
969,SP1,2000,Sociedad,"[0, 0, 1, 0, 0, 1, 0, 0, 1, 0, 0, 0, 0, 0, 1, 0, 1, 0, 1, 0, 1, 1, 0, 0, 1, 1, 1, 0]",1.0000020858643386,17.837330531714123,1.0060362173038229
970,SP1,2000,Valencia,"[0, 1, 1, 1, 1, 1, 1, 0, 1, 1, 1, 1, 0, 0, 0, 1, 1, 1, 1, 0, 0, 1, 0, 1, 1, 0, 1, 0, 0]",1.0012612189753203,1.6301485839835357,2.4271844660194173
971,SP1,2000,Valladolid,"[1, 0, 0, 1, 0, 1, 0, 1, 0, 1, 1, 0, 1, 0, 0, 0, 0, 0, 1, 0, 0, 1, 0]",1.000032936368384,3.5324009677010246,3.8461538461538463
972,SP1,2000,Vallecano,"[1, 1, 1, 0, 0, 1, 1, 0, 1, 0, 1, 0, 0, 1, 0, 0, 0, 1, 0, 0, 0, 0, 0, 1, 0]",1.0000167774974797,6.6104247748498945,7.407407407407407
973,SP1,2000,Villarreal,"[0, 1, 1, 0, 0, 1, 1, 0, 0, 1, 1, 0, 1, 0, 1, 1, 1, 1, 0, 0, 1, 0, 0, 1, 1, 0, 1, 0, 1]",1.0002422216562439,1.1852614388792184,1.394700139470014
974,SP1,2000,Zaragoza,"[0, 0, 0, 1, 1, 0, 1, 1, 1, 0, 0, 1, 0, 1, 0, 0, 0, 1, 0, 0, 1, 0, 0]",1.000032936368384,3.5324009677010246,3.787878787878788
975,SP1,2001,Alaves,"[1, 1, 0, 1, 0, 1, 1, 0, 1, 1, 0, 1, 1, 0, 0, 1, 1, 0, 0, 1, 0, 0, 0, 0, 1, 0, 0, 1, 0, 1, 0, 1, 0, 0, 1]",1.0000046609767201,7.456942371576547,9.00900900900901
976,SP1,2001,Ath Bilbao,"[1, 0, 1, 1, 0, 0, 1, 1, 1, 1, 1, 0, 1, 0, 0, 1, 1, 0, 1, 0, 1, 0, 0, 0, 0, 0, 1]",1.0001958937576536,5.159462344712264,6.802721088435374
977,SP1,2001,Barcelona,"[1, 1, 1, 1, 0, 1, 0, 1, 0, 0, 1, 0, 1, 1, 0, 0, 1, 1, 1, 0, 1, 0, 1, 1, 1, 0, 1, 1]",1.002062992532928,1.0,1.492537313432836
978,SP1,2001,Betis,"[0, 1, 1, 1, 1, 1, 0, 0, 0, 1, 1, 1, 1, 0, 0, 1, 1, 1, 1, 0, 1, 1, 0, 0]",1.003565380454712,1.4508341017261661,2.0080321285140563
979,SP1,2001,Celta,"[1, 1, 1, 1, 0, 0, 0, 1, 1, 1, 1, 1, 1, 0, 0, 0, 1, 1, 1, 1, 0, 0, 1, 1, 0, 0]",1.0018184244638189,8.629369143400936,8.928571428571429
980,SP1,2001,Espanol,"[1, 0, 0, 0, 1, 1, 0, 1, 0, 0, 1, 0, 1, 0, 1, 0, 0, 1, 1, 1, 1, 0, 0, 0, 1, 0, 1, 0, 0, 0]",1.0000035672456171,1.381306779628721,2.0120724346076457
981,SP1,2001,La Coruna,"[1, 1, 0, 1, 1, 1, 1, 0, 1, 0, 1, 0, 0, 1, 1, 0, 0, 1, 0, 1, 0, 1, 1, 1, 1, 1, 1, 0, 1, 1]",1.0022888852923264,1.0,1.4880952380952381
982,SP1,2001,Las Palmas,"[1, 0, 0, 0, 1, 0, 1, 0, 1, 0, 0, 1, 1, 1, 0, 0, 0, 0, 0, 1, 0, 1, 0, 0, 0]",1.0000047384037907,3.4769945721831013,4.651162790697675
983,SP1,2001,Malaga,"[1, 0, 0, 0, 1, 1, 0, 0, 1, 0, 1, 0, 1, 0, 1, 1, 0, 1, 1, 1, 1, 0, 0, 1]",1.0006383553064375,4.2183792895205965,1.0416666666666667
984,SP1,2001,Mallorca,"[0, 1, 0, 0, 0, 0, 1, 0, 1, 1, 0, 1, 0, 0, 0, 1, 1, 0, 0, 0, 0, 1, 1, 0, 1, 0, 0, 1]",1.0000020858643386,1.405422818414341,1.2626262626262625
985,SP1,2001,Osasuna,"[0, 0, 1, 1, 1, 0, 0, 1, 0, 0, 0, 0, 1, 0, 1, 1, 1, 0, 0, 0, 0, 0, 1, 0, 1, 0]",1.0000040304007103,1.0,1.5151515151515151
986,SP1,2001,Real Madrid,"[0, 0, 1, 0, 1, 1, 1, 0, 1, 1, 1, 1, 1, 1, 1, 0, 0, 1, 0, 1, 1, 1, 1, 1, 1, 0, 1, 0, 0]",1.0026924409278846,2.6346661716771793,3.4965034965034967
987,SP1,2001,Sevilla,"[0, 1, 1, 0, 1, 0, 1, 0, 1, 0, 1, 0, 1, 0, 1, 1, 0, 0, 1, 0, 0, 0, 0, 1, 1, 1, 1]",1.0001958937576536,1.1779206329654481,1.404494382022472
988,SP1,2001,Sociedad,"[0, 0, 0, 0, 0, 0, 1, 1, 1, 0, 0, 1, 0, 0, 1, 0, 0, 0, 1, 0, 1, 1, 0, 1, 1, 0, 1, 0, 1, 1]",1.0000035672456171,3.509760066157496,1.0593220338983051
989,SP1,2001,Tenerife,"[0, 0, 1, 0, 0, 1, 1, 0, 0, 0, 1, 1, 0, 0, 0, 1, 0, 0, 0, 0, 1, 1, 0, 0, 0, 1, 0, 0, 1, 0]",1.0000000696917235,1.0,1.5082956259426847
990,SP1,2001,Valencia,"[1, 1, 1, 1, 1, 0, 0, 1, 1, 1, 0, 0, 1, 1, 1, 1, 1, 1, 0, 1, 1, 1, 1, 1, 1, 1]",1.06639174482282,6.672036047305911,1.0256410256410255
991,SP1,2001,Valladolid,"[0, 1, 0, 0, 1, 1, 0, 1, 0, 1, 0, 1, 0, 0, 1, 1, 1, 0, 1, 0, 1, 0, 0, 0, 0, 1, 1, 0, 0]",1.0000132324636137,1.1852614388792189,1.763668430335097
992,SP1,2001,Vallecano,"[0, 0, 0, 0, 0, 0, 1, 0, 1, 0, 1, 0, 0, 0, 1, 1, 0, 1, 0, 1, 0, 1, 0, 1, 1, 1, 1, 1]",1.0000216273787577,151.1386683262818,1.0
993,SP1,2001,Villarreal,"[1, 1, 0, 1, 1, 0, 0, 0, 0, 1, 1, 0, 0, 0, 0, 1, 0, 1, 0, 0, 0, 1, 0, 1, 0, 0, 1, 0]",1.0000020858643386,1.405422818414341,2.032520325203252
994,SP1,2001,Zaragoza,"[0, 1, 0, 1, 1, 0, 0, 0, 1, 1, 0, 1, 0, 0, 0, 1, 0, 0, 1, 0, 1, 0, 0, 0, 0, 0, 0, 0]",1.0000001256558595,4.155898574305099,4.424778761061947
995,SP1,2002,Alaves,"[0, 1, 0, 0, 0, 1, 0, 1, 0, 1, 0, 1, 1, 0, 1, 0, 0, 0, 0, 0, 0, 0, 1, 0, 0, 0, 0]",1.0000001356566086,8.061245980155801,7.246376811594203
996,SP1,2002,Ath Bilbao,"[0, 0, 0, 1, 0, 1, 1, 1, 0, 0, 0, 1, 1, 0, 0, 1, 1, 0, 0, 1, 0, 1, 1, 1, 1, 1, 1, 0]",1.0001603743215302,3.6726779667447973,1.0775862068965518
997,SP1,2002,Ath Madrid,"[1, 0, 1, 1, 1, 0, 1, 0, 0, 0, 1, 0, 1, 1, 0, 1, 1, 0, 0, 0, 0, 0, 1, 1, 0, 0, 0]",1.0000264021157483,5.549952677450858,6.578947368421052
998,SP1,2002,Barcelona,"[1, 1, 0, 0, 1, 1, 0, 0, 0, 0, 1, 1, 0, 0, 0, 1, 1, 1, 0, 0, 1, 1, 0, 1, 1, 1, 1]",1.000480469748762,5.549952677450865,1.0330578512396693
999,SP1,2002,Betis,"[1, 1, 0, 1, 1, 0, 1, 1, 0, 1, 0, 1, 1, 0, 0, 1, 0, 0, 0, 1, 0, 0, 0, 1, 1, 1]",1.0003199999365238,7.994539031723141,8.695652173913043
1000,SP1,2002,Celta,"[1, 1, 1, 1, 0, 0, 1, 0, 1, 1, 0, 1, 0, 0, 0, 1, 0, 1, 1, 0, 1, 1, 1, 1, 0, 1, 1, 0]",1.0009257086133403,1.4054228184143418,1.3020833333333333
1001,SP1,2002,Espanol,"[0, 0, 0, 0, 1, 1, 0, 0, 0, 0, 1, 0, 0, 1, 0, 1, 1, 0, 0, 1, 1, 1, 1, 0, 0]",1.0000167774974797,12.47935483682374,1.0121457489878543
1002,SP1,2002,La Coruna,"[0, 1, 1, 1, 0, 0, 1, 1, 1, 1, 1, 0, 1, 0, 1, 1, 1, 1, 1, 1, 0, 1, 1, 1, 0, 1, 1, 0, 0, 1, 0, 1]",1.002497160122815,1.0,1.5174506828528074
1003,SP1,2002,Malaga,"[1, 1, 1, 0, 0, 1, 0, 0, 0, 1, 1, 0, 0, 0, 1, 0, 1, 1, 1, 0, 0, 0, 0, 1, 0]",1.0000526568633756,1.2044934832953196,1.7699115044247788
1004,SP1,2002,Mallorca,"[0, 0, 0, 1, 1, 1, 1, 1, 1, 1, 0, 0, 0, 0, 1, 0, 0, 0, 0, 0, 1, 1, 1, 1, 0, 1, 0, 1]",1.0000610388817677,1.0,1.5408320493066257
1005,SP1,2002,Osasuna,"[0, 0, 0, 1, 0, 0, 0, 1, 1, 1, 1, 0, 0, 1, 0, 1, 0, 0, 0, 0, 0, 1, 0, 1, 1, 1, 1]",1.0000264021157483,1.1498501929607134,1.3869625520110958
1006,SP1,2002,Real Madrid,"[1, 1, 1, 0, 1, 1, 1, 1, 1, 1, 1, 1, 0, 1, 1, 1, 1, 1, 1, 0, 1, 0, 1, 1, 1, 1]",1.128646931639655,1.0,1.3986013986013985
1007,SP1,2002,Recreativo,"[0, 0, 0, 0, 0, 1, 0, 0, 1, 0, 0, 0, 0, 1, 0, 0, 1, 1, 1, 1, 0, 1, 0, 0, 0, 0]",1.0000002215727783,10.272154226659369,1.0204081632653061
1008,SP1,2002,Santander,"[0, 1, 0, 1, 1, 0, 0, 0, 0, 1, 0, 1, 1, 0, 0, 0, 0, 0, 1, 1, 1, 0, 0, 0, 0, 1, 1, 1, 0, 0, 1, 0, 0]",1.0000003364114312,1.5805509476068458,1.2468827930174564
1009,SP1,2002,Sevilla,"[0, 0, 1, 0, 1, 0, 0, 1, 1, 0, 1, 0, 1, 0, 1, 1, 1, 1, 0, 1, 0, 0, 0, 1, 1, 0, 0]",1.0000747424113352,1.707952953687042,1.187648456057007
1010,SP1,2002,Sociedad,"[1, 1, 1, 1, 1, 1, 1, 1, 1, 1, 1, 1, 0, 0, 1, 0, 1, 1, 0, 1, 1, 0, 1, 1, 1, 1, 0, 1]",1.0353839675910859,2.6583814153224874,3.3222591362126246
1011,SP1,2002,Valencia,"[1, 1, 1, 0, 1, 1, 0, 1, 1, 1, 0, 0, 1, 1, 1, 1, 1, 0, 0, 0, 1, 0, 1, 0, 0, 1, 0, 0, 1]",1.0005661855097403,9.580400047110784,9.803921568627452
1012,SP1,2002,Valladolid,"[1, 1, 0, 0, 1, 0, 0, 1, 0, 0, 0, 1, 0, 1, 1, 0, 1, 0, 0, 0, 1, 0, 0, 0, 1, 1, 0, 1]",1.0000070522559947,1.0,1.5313935681470139
1013,SP1,2002,Vallecano,"[0, 1, 0, 1, 0, 0, 0, 0, 0, 1, 1, 0, 1, 0, 0, 0, 1, 0, 0, 0, 1, 0, 0, 0, 0, 0, 0]",1.0000000239081301,4.161556982374937,4.464285714285714
1014,SP1,2002,Villarreal,"[0, 0, 1, 0, 0, 1, 1, 0, 0, 1, 1, 0, 1, 1, 0, 0, 1, 0, 0, 1, 0, 0, 1, 1, 0, 0]",1.0000139141738802,1.417584562397788,1.953125
1015,SP1,2003,Albacete,"[0, 0, 0, 0, 1, 0, 1, 0, 1, 0, 0, 0, 1, 1, 1, 0, 0, 0, 0, 1, 1, 1, 0, 1, 0, 0, 1, 1, 0, 1]",1.0000035672456171,1.381306779628721,1.3175230566534915
1016,SP1,2003,Ath Bilbao,"[0, 0, 1, 1, 1, 0, 1, 0, 1, 1, 0, 0, 1, 0, 1, 1, 1, 1, 0, 0, 1, 0, 1, 1, 0, 1, 0]",1.000480469748762,1.7728555629700244,1.1848341232227488
1017,SP1,2003,Ath Madrid,"[0, 1, 0, 0, 0, 1, 1, 1, 1, 1, 0, 1, 0, 1, 1, 1, 0, 0, 1, 0, 1, 1, 0, 0, 0, 1, 0, 1]",1.0001603743215302,1.3941915362156505,1.9723865877712032
1018,SP1,2003,Barcelona,"[1, 1, 0, 0, 1, 1, 1, 0, 0, 0, 1, 0, 1, 1, 1, 1, 1, 1, 1, 1, 1, 1, 1, 1, 1, 1, 0, 1, 0]",1.0110219577916044,7.873407846880616,1.0214504596527068
1019,SP1,2003,Betis,"[0, 1, 1, 1, 0, 0, 0, 0, 1, 0, 0, 1, 1, 1, 1, 1, 0, 0, 0, 1, 1, 0, 0, 1, 1]",1.0003910298510639,1.7798390893831886,1.183431952662722
1020,SP1,2003,Celta,"[0, 1, 0, 0, 1, 0, 0, 1, 0, 0, 1, 0, 0, 1, 1, 0, 0, 0, 0, 0, 1, 1, 0, 1, 0, 0]",1.0000010244707045,1.4396280507508081,1.2515644555694618
1021,SP1,2003,Espanol,"[0, 0, 0, 0, 0, 0, 1, 0, 0, 1, 0, 0, 0, 0, 0, 1, 1, 0, 0, 1, 1, 0, 0, 1, 1, 0, 1, 0, 1, 1, 0, 1, 0, 1]",1.0000000797802575,12.168447040007408,1.0204081632653061
1022,SP1,2003,La Coruna,"[1, 1, 1, 1, 0, 1, 1, 1, 0, 1, 0, 1, 0, 1, 1, 1, 0, 1, 1, 1, 0, 0, 0, 1, 1, 1, 1, 0, 1, 1]",1.0047702083675836,1.4235226121059472,1.996007984031936
1023,SP1,2003,Malaga,"[0, 0, 0, 1, 1, 0, 1, 0, 1, 1, 0, 1, 0, 1, 1, 0, 0, 0, 0, 0, 0, 1, 1, 1, 0, 1, 1, 1, 0, 0, 1, 0]",1.0000054332895676,1.3633443364812856,2.1459227467811157
1024,SP1,2003,Mallorca,"[0, 1, 0, 0, 0, 0, 1, 0, 1, 1, 1, 1, 1, 0, 0, 0, 0, 1, 0, 0, 0, 0, 1, 0, 0, 1, 0, 1, 1, 1, 1, 1]",1.0000054332895676,1.3633443364812856,1.3513513513513513
1025,SP1,2003,Murcia,"[0, 0, 1, 0, 0, 0, 0, 0, 0, 0, 0, 1, 0, 0, 0, 0, 0, 0, 1, 0, 0, 0, 0, 1, 0, 1, 0]",1.0000000003012175,1.7317027855544465,1.1890606420927468
1026,SP1,2003,Osasuna,"[1, 0, 1, 1, 1, 0, 1, 0, 1, 1, 0, 1, 0, 0, 1, 1, 1, 0, 0, 0, 0, 0, 0]",1.000299532124069,16.042186607707386,13.333333333333334
1027,SP1,2003,Real Madrid,"[1, 1, 1, 0, 1, 1, 1, 1, 0, 1, 1, 1, 1, 1, 1, 0, 1, 1, 1, 1, 1, 0, 1, 1, 0, 1, 0, 0, 0, 0, 0]",1.0029115660945855,9.378040297598128,9.900990099009901
1028,SP1,2003,Santander,"[1, 0, 0, 1, 1, 0, 0, 1, 1, 0, 1, 0, 0, 1, 1, 0, 0, 0, 1, 0, 1, 0, 0, 0, 0, 1, 0, 0]",1.0000020858643386,3.8151830986750914,4.444444444444445
1029,SP1,2003,Sevilla,"[1, 0, 1, 0, 1, 0, 0, 1, 1, 0, 0, 1, 0, 0, 0, 1, 1, 1, 1, 0, 0, 0, 1, 1, 1, 0, 1, 1]",1.0001603743215302,3.6726779667447973,1.0559662090813093
1030,SP1,2003,Sociedad,"[1, 1, 0, 0, 1, 0, 0, 0, 0, 0, 0, 1, 1, 1, 1, 1, 0, 0, 0, 1, 0, 0, 1, 0, 1]",1.0000526568633756,1.7213174941320748,1.1976047904191616
1031,SP1,2003,Valencia,"[1, 1, 1, 1, 1, 1, 0, 1, 0, 1, 1, 1, 1, 1, 1, 0, 1, 1, 0, 0, 1, 1, 1, 1, 1, 1, 1, 1, 0, 0]",1.0189341066500277,4.7739740892462565,4.566210045662101
1032,SP1,2003,Valladolid,"[1, 0, 1, 0, 0, 0, 1, 1, 1, 0, 1, 0, 1, 0, 0, 0, 0, 0, 1, 1, 0, 0, 0, 0, 0, 0, 1]",1.0000024675850911,6.371319155832752,6.211180124223603
1033,SP1,2003,Villarreal,"[1, 1, 0, 0, 1, 0, 1, 1, 0, 1, 1, 0, 1, 1, 0, 0, 0, 1, 0, 0, 0, 1, 0, 0, 1, 1, 1, 1, 0]",1.0000981179048942,2.6725084851718366,3.389830508474576
1034,SP1,2003,Zaragoza,"[0, 0, 1, 0, 0, 1, 0, 1, 1, 0, 0, 0, 1, 0, 0, 0, 0, 1, 0, 1, 1, 1, 1, 0, 0, 0, 1, 1, 1]",1.0000132324636137,4.710188252065446,1.0438413361169103
1035,SP1,2004,Albacete,"[0, 0, 0, 1, 0, 1, 0, 0, 1, 0, 0, 0, 0, 0, 0, 0, 1, 0, 0]",1.000000812377462,3.0103072551635788,2.932551319648094
1036,SP1,2004,Ath Bilbao,"[0, 0, 1, 0, 1, 0, 0, 0, 1, 1, 1, 1, 0, 0, 1, 0, 1, 0, 0, 0]",1.0001048685962692,1.0,1.5337423312883436
1037,SP1,2004,Ath Madrid,"[1, 1, 0, 1, 0, 1, 0, 1, 0, 1, 0, 0, 0, 1, 0, 1, 1, 0, 0, 0]",1.0003406222731859,5.089899949782235,5.405405405405405
1038,SP1,2004,Barcelona,"[1, 1, 1, 1, 1, 1, 1, 1, 1, 1, 1, 0, 1, 1, 1, 1, 1, 1, 1]",2.5954462419217785,2.8852242744063337,2.127659574468085
1039,SP1,2004,Betis,"[0, 0, 1, 1, 0, 1, 0, 1, 0, 1, 1, 0, 0, 1, 0, 1, 1, 1]",1.0050669010723305,2.684860036843631,1.0845986984815619
1040,SP1,2004,Espanol,"[1, 1, 0, 1, 0, 0, 1, 1, 1, 0, 1, 0, 1, 0, 1, 0, 1, 1]",1.0120302629502178,1.5324648525363422,2.0618556701030926
1041,SP1,2004,Getafe,"[0, 0, 0, 1, 0, 1, 0, 0, 0, 1, 0, 1, 1, 0, 1, 1, 1, 0, 1, 0]",1.0003406222731859,5.089899949782235,1.0330578512396693
1042,SP1,2004,La Coruna,"[0, 1, 0, 1, 1, 0, 0, 0, 1, 1, 1, 0, 0, 0, 1, 0]",1.0013440263094877,1.557664487414707,1.183431952662722
1043,SP1,2004,Levante,"[1, 0, 1, 0, 1, 1, 0, 1, 1, 0, 0, 0, 0, 0, 1, 1, 1, 0, 0, 0, 0, 0]",1.000053708304116,4.725704293047139,4.9504950495049505
1044,SP1,2004,Malaga,"[0, 1, 1, 0, 1, 0, 0, 1, 0, 0, 0, 1, 1, 1, 1, 0, 0, 1, 0, 1, 1, 1]",1.0012732005270761,10.547128916596174,1.0101010101010102
1045,SP1,2004,Mallorca,"[0, 1, 0, 0, 0, 0, 0, 0, 1, 0, 0, 0, 0, 0, 1, 0, 0, 0, 1, 1, 1, 1]",1.000003384000517,5.347001374984941,1.0298661174047374
1046,SP1,2004,Numancia,"[0, 1, 0, 0, 0, 0, 0, 0, 0, 0, 0, 0, 0, 0, 0, 0, 1]",1.0000000366985253,1.0695754410744591,1.2391573729863692
1047,SP1,2004,Osasuna,"[1, 1, 0, 1, 0, 1, 0, 0, 1, 0, 1, 1, 0, 0, 0, 0, 1, 1, 0, 0]",1.0003406222731859,1.485173431318231,1.9880715705765408
1048,SP1,2004,Real Madrid,"[1, 1, 0, 1, 0, 0, 1, 1, 1, 1, 0, 1, 1, 1, 1, 1, 0, 1, 0, 1, 1, 1, 1, 1]",1.032712566805831,2.7163241191279597,1.0810810810810811
1049,SP1,2004,Santander,"[0, 0, 1, 0, 0, 1, 1, 0, 0, 0, 1, 0, 1, 1, 1, 0, 1, 0, 1]",1.0012020482646102,8.089319677011394,1.019367991845056
1050,SP1,2004,Sevilla,"[1, 0, 1, 1, 1, 1, 0, 0, 1, 1, 1, 0, 1, 0, 0, 1, 1, 1, 0, 0]",1.0060834016032016,2.5766811724602716,2.9761904761904763
1051,SP1,2004,Sociedad,"[0, 0, 0, 1, 0, 1, 1, 1, 1, 0, 0, 0, 0, 0, 1, 1, 0, 0, 0]",1.0001250703212936,4.380060473911438,4.878048780487805
1052,SP1,2004,Valencia,"[1, 1, 1, 1, 0, 0, 0, 1, 1, 1, 1, 1, 0, 1, 0, 1, 0, 1]",1.0267070053726983,1.0,1.4306151645207439
1053,SP1,2004,Villarreal,"[0, 0, 1, 1, 1, 1, 1, 1, 1, 1, 0, 1, 0, 0, 1, 1, 1, 1]",1.056480579359929,1.6025981397064235,1.9646365422396856
1054,SP1,2004,Zaragoza,"[1, 1, 0, 1, 0, 1, 0, 1, 0, 0, 1, 1, 0, 0, 1, 1, 0, 1, 0, 0, 0]",1.0005998843070971,1.8899530183206625,2.277904328018223
1055,SP1,2005,Alaves,"[0, 0, 0, 1, 0, 0, 1, 0, 0, 0, 0, 0, 1, 0, 1, 1, 0, 0, 1, 1, 0, 0, 0, 1, 0, 1]",1.0000010244707045,4.293996901425505,1.0548523206751055
1056,SP1,2005,Ath Bilbao,"[1, 0, 0, 0, 0, 0, 0, 0, 1, 1, 0, 0, 0, 1, 0, 0, 1, 0, 1, 1, 1, 0, 0, 1, 1, 1]",1.0000139141738802,20.16695746618559,1.0060362173038229
1057,SP1,2005,Ath Madrid,"[0, 1, 0, 0, 1, 0, 1, 1, 0, 0, 0, 1, 1, 1, 1, 1, 1, 0, 1, 0, 0, 1, 1, 0, 0]",1.0003910298510639,1.7798390893831886,1.183431952662722
1058,SP1,2005,Barcelona,"[1, 0, 1, 1, 1, 1, 1, 1, 1, 1, 1, 1, 1, 1, 1, 1, 1, 0, 0, 1, 1, 1, 0, 1, 1, 1, 1, 1, 1, 0, 0]",1.041329771833122,14.691020808114368,13.88888888888889
1059,SP1,2005,Betis,"[0, 1, 0, 1, 0, 0, 0, 0, 0, 0, 1, 1, 0, 1, 0, 0, 0, 1, 0, 1, 1, 1, 0, 0, 0, 1]",1.0000040304007103,2.2702128930571153,1.1299435028248588
1060,SP1,2005,Cadiz,"[0, 1, 0, 1, 1, 0, 0, 0, 0, 0, 0, 0, 1, 1, 0, 0, 0, 0, 1, 0, 0, 0, 1, 0, 0, 1]",1.0000002215727783,1.0,1.5313935681470139
1061,SP1,2005,Celta,"[1, 1, 0, 1, 1, 0, 1, 0, 1, 1, 0, 1, 0, 0, 0, 1, 1, 0, 1, 1, 0, 1, 1, 0, 0, 0, 1, 1, 0, 1, 1, 1, 0, 1]",1.0001208984795058,1.0,1.5723270440251573
1062,SP1,2005,Espanol,"[0, 1, 1, 0, 0, 0, 0, 0, 1, 0, 1, 0, 1, 0, 1, 0, 0, 0, 1, 0, 1, 0, 0, 1, 0, 0, 1]",1.0000024675850911,1.1259216864190518,1.466275659824047
1063,SP1,2005,Getafe,"[1, 1, 1, 1, 0, 1, 0, 0, 0, 1, 0, 0, 0, 1, 0, 1, 0, 0, 1, 1, 0, 0, 1, 1, 1, 1, 0, 1, 0]",1.0000981179048942,1.6990428015780097,1.2077294685990339
1064,SP1,2005,La Coruna,"[1, 1, 0, 0, 1, 1, 1, 0, 1, 1, 1, 0, 1, 0, 0, 0, 1, 1, 0, 0, 1, 1, 0, 1, 0, 1, 0, 0]",1.0001603743215302,3.6726779667447973,4.504504504504505
1065,SP1,2005,Malaga,"[0, 0, 1, 1, 0, 0, 1, 0, 1, 0, 0, 0, 0, 0, 0, 0, 1, 0, 0, 0, 0, 0, 0, 0, 0, 0, 0, 0, 0]",1.000000000020512,5.850610204465302,5.128205128205129
1066,SP1,2005,Mallorca,"[0, 0, 1, 0, 0, 0, 1, 1, 0, 0, 1, 0, 0, 0, 0, 0, 1, 1, 1, 0, 0, 1, 1, 0, 1]",1.0000167774974797,2.8623150147777876,1.0893246187363834
1067,SP1,2005,Osasuna,"[1, 0, 1, 0, 1, 1, 1, 0, 1, 1, 1, 1, 1, 1, 1, 0, 0, 0, 1, 1, 0, 0, 1, 1, 1, 0, 0, 1, 1, 0, 1, 0, 1]",1.0007237688584583,2.442426693761846,3.3003300330033003
1068,SP1,2005,Real Madrid,"[1, 0, 0, 1, 1, 1, 1, 0, 0, 1, 1, 0, 1, 1, 0, 1, 1, 1, 1, 1, 1, 0, 1, 1, 1, 1, 1, 0]",1.0090809969140144,2.3707434785811916,1.1185682326621924
1069,SP1,2005,Santander,"[0, 0, 1, 1, 0, 0, 0, 0, 1, 1, 1, 0, 0, 1, 0, 0, 1, 0, 0, 0, 0, 1, 0, 1, 0]",1.0000047384037907,1.2504075805649362,1.7513134851138354
1070,SP1,2005,Sevilla,"[1, 0, 0, 1, 1, 1, 1, 1, 0, 0, 1, 0, 1, 0, 1, 1, 0, 1, 1, 0, 1, 0, 1, 1, 0, 1, 1, 1, 1, 1]",1.0022888852923264,2.192645727045988,1.124859392575928
1071,SP1,2005,Sociedad,"[0, 1, 0, 1, 0, 1, 1, 1, 0, 0, 0, 0, 0, 1, 0, 0, 0, 1, 0, 0, 0, 0, 1, 0, 0, 0, 1, 1, 1, 0, 0]",1.0000001780184222,1.225432996724369,1.8281535648994516
1072,SP1,2005,Valencia,"[1, 1, 0, 1, 1, 0, 0, 1, 1, 1, 1, 1, 1, 1, 1, 1, 1, 0, 0, 1, 1, 1, 1, 1, 0, 0]",1.0172411895220552,1.4844573025701866,2.0618556701030926
1073,SP1,2005,Villarreal,"[0, 0, 1, 1, 1, 1, 1, 1, 0, 1, 1, 0, 1, 0, 0, 1, 1, 0, 1, 0, 0, 1, 1]",1.0042682705288792,1.7424339504346935,2.375296912114014
1074,SP1,2005,Zaragoza,"[1, 0, 0, 0, 0, 1, 1, 1, 1, 1, 0, 1, 0, 1, 0, 1, 0, 0, 0, 0, 1, 0]",1.0001711688931327,2.403285745872034,2.932551319648094
1075,SP1,2007,Almeria,"[1, 0, 0, 1, 0, 1, 0, 0, 0, 1, 1, 0, 0, 1, 1, 1, 1, 1, 0, 0, 1, 0, 1, 1, 0, 0, 0, 1]",1.0000610388817677,2.1352407823389097,1.1641443538998837
1076,SP1,2007,Ath Bilbao,"[0, 1, 0, 0, 1, 0, 1, 0, 1, 0, 0, 1, 0, 0, 1, 1, 0, 1, 1, 1, 1, 0, 1, 0, 0, 1, 0]",1.0000747424113352,5.159462344712263,1.0319917440660475
1077,SP1,2007,Ath Madrid,"[0, 1, 1, 1, 0, 1, 1, 1, 0, 1, 1, 1, 0, 1, 1, 0, 0, 1, 0, 0, 1, 0, 1, 1, 0, 1, 0, 1, 1, 1, 0]",1.0006473805833505,2.5205898121182626,3.4482758620689653
1078,SP1,2007,Barcelona,"[1, 1, 1, 1, 1, 0, 1, 1, 0, 1, 1, 1, 0, 1, 1, 1, 1, 1, 1, 0, 0, 1, 0, 0, 1, 0, 0, 1]",1.0044080667937543,4.155898574305102,4.424778761061947
1079,SP1,2007,Betis,"[0, 0, 0, 1, 0, 0, 1, 0, 0, 1, 1, 0, 1, 1, 0, 0, 1, 1, 0, 0, 1, 1, 1, 0, 1, 0, 0]",1.0000264021157483,1.1498501929607134,1.4124293785310735
1080,SP1,2007,Espanol,"[0, 1, 0, 1, 1, 1, 1, 1, 1, 1, 1, 1, 0, 0, 0, 1, 0, 0, 0, 1, 0, 1, 0, 0, 0, 0, 0, 0, 0]",1.0000132324636137,77.69274097574012,52.63157894736842
1081,SP1,2007,Getafe,"[0, 0, 0, 0, 0, 1, 0, 1, 1, 1, 1, 0, 0, 1, 0, 0, 1, 1, 0, 1, 1, 1, 0, 0, 0, 0, 1]",1.0000264021157483,1.1498501929607134,1.3908205841446453
1082,SP1,2007,La Coruna,"[0, 1, 0, 0, 1, 0, 0, 1, 0, 0, 0, 1, 0, 0, 0, 1, 1, 0, 1, 1, 1, 0, 1, 1, 1, 1, 1, 0, 1, 0, 0]",1.0000186617163016,19.678355745915923,1.0101010101010102
1083,SP1,2007,Levante,"[0, 0, 0, 0, 0, 0, 0, 0, 0, 1, 0, 1, 0, 0, 0, 0, 0, 1, 0, 1, 0, 1, 0, 0, 0, 0, 0, 1, 1, 0, 0, 0, 0]",1.000000000016802,5.31391604284498,1.0309278350515463
1084,SP1,2007,Mallorca,"[1, 0, 1, 0, 1, 1, 0, 0, 1, 0, 0, 0, 1, 1, 0, 1, 1, 0, 1, 1, 1, 1, 1, 1]",1.003565380454712,27.30428846364506,1.0050251256281406
1085,SP1,2007,Murcia,"[1, 0, 0, 1, 0, 1, 0, 0, 0, 1, 1, 0, 0, 0, 0, 0, 0, 0, 0, 0, 1, 0, 1, 0, 0, 0, 0, 0, 0]",1.0000000022792956,4.13335857259711,4.716981132075472
1086,SP1,2007,Osasuna,"[0, 1, 0, 1, 0, 1, 0, 0, 0, 1, 0, 1, 0, 0, 1, 0, 0, 1, 0, 1, 1, 0, 1, 0, 1, 0, 0, 0, 0, 1, 0]",1.0000006565889483,1.1221877249077818,1.4771048744460857
1087,SP1,2007,Real Madrid,"[1, 1, 1, 1, 1, 1, 0, 1, 1, 0, 1, 1, 1, 1, 1, 1, 1, 1, 1, 0, 1, 0, 0, 1, 1, 0, 0, 1, 1, 1, 1, 1, 1, 1]",1.0202654180659385,4.62870794021366,4.8076923076923075
1088,SP1,2007,Recreativo,"[0, 1, 1, 0, 0, 0, 0, 0, 1, 0, 1, 1, 0, 0, 0, 1, 1, 0, 0, 1, 0, 1, 0, 1, 0, 0, 1]",1.0000085188245282,1.6698788931654527,1.1976047904191616
1089,SP1,2007,Santander,"[1, 0, 0, 1, 1, 1, 1, 1, 0, 1, 0, 0, 1, 1, 0, 0, 1, 1, 1, 0, 1, 1, 0, 1, 0, 0, 1, 0, 1]",1.0005661855097403,1.1345588586097763,1.6611295681063123
1090,SP1,2007,Sevilla,"[1, 1, 0, 0, 0, 0, 1, 1, 0, 1, 0, 0, 0, 1, 1, 1, 0, 0, 1, 1, 1, 1, 0, 1, 1, 0, 0, 1, 1, 0, 1, 1, 1, 1]",1.0001208984795058,5.766526323817174,1.0384215991692627
1091,SP1,2007,Valencia,"[0, 1, 1, 1, 1, 1, 0, 1, 0, 0, 1, 1, 0, 0, 0, 0, 0, 0, 1, 1, 0, 0, 1, 0, 0, 0, 0, 1, 0, 1, 1, 1]",1.0000054332895676,1.3633443364812856,1.9305019305019304
1092,SP1,2007,Valladolid,"[1, 0, 0, 0, 0, 0, 1, 1, 0, 1, 0, 1, 1, 1, 0, 0, 0, 1, 0, 0, 0, 1, 1, 0, 1, 0]",1.0000139141738802,1.417584562397788,2.0408163265306123
1093,SP1,2007,Villarreal,"[1, 0, 1, 1, 1, 1, 0, 1, 0, 1, 1, 1, 0, 0, 1, 0, 1, 1, 0, 1, 1, 1, 1, 1, 1, 0, 0, 1, 1, 1, 1, 1, 1]",1.006163471264842,3.35387161971146,1.0582010582010581
1094,SP1,2007,Zaragoza,"[0, 1, 0, 1, 1, 0, 1, 1, 0, 0, 0, 0, 1, 1, 0, 0, 0, 0, 1, 0, 0, 0, 1, 1, 0, 0]",1.0000040304007103,2.2702128930571153,2.9154518950437316
1095,SP1,2008,Almeria,"[1, 1, 0, 1, 0, 0, 0, 1, 0, 0, 0, 0, 1, 1, 0, 0, 1, 1, 0, 0, 0, 1, 0, 1, 0, 1, 1, 1, 0, 0, 0]",1.0000021813523625,1.6134167067979837,1.2195121951219512
1096,SP1,2008,Ath Bilbao,"[0, 1, 0, 0, 0, 0, 0, 1, 0, 1, 1, 1, 1, 1, 0, 1, 0, 0, 0, 0, 0, 1, 0, 0, 1, 1, 1, 0, 0, 0]",1.000001073742977,2.112493182879084,2.865329512893983
1097,SP1,2008,Ath Madrid,"[1, 0, 1, 1, 0, 0, 0, 1, 1, 1, 1, 1, 1, 0, 0, 0, 1, 0, 1, 1, 0, 0, 1, 1, 0, 1, 1, 1, 1, 1, 1]",1.0013984000171472,2.984115387669029,1.0905125408942202
1098,SP1,2008,Barcelona,"[0, 1, 1, 1, 1, 1, 1, 1, 1, 1, 1, 1, 1, 1, 1, 1, 1, 1, 1, 1, 0, 0, 1, 1, 1, 1, 1, 1, 1, 1, 0, 0]",1.0706423244887302,6.3913560971815375,6.7114093959731544
1099,SP1,2008,Betis,"[0, 0, 0, 0, 1, 1, 0, 1, 1, 1, 0, 0, 0, 0, 0, 1, 0, 1, 0, 1, 1, 0, 0, 0, 0, 1]",1.0000040304007103,1.0,1.529051987767584
1100,SP1,2008,Espanol,"[1, 1, 0, 0, 0, 1, 0, 0, 0, 0, 0, 0, 0, 0, 1, 0, 0, 0, 1, 1, 1, 1, 1, 0, 1, 1, 1]",1.0000264021157483,85.41528377940637,1.0
1101,SP1,2008,Getafe,"[1, 0, 1, 0, 1, 0, 0, 1, 1, 0, 0, 0, 0, 1, 0, 0, 0, 1, 0, 1, 0, 0, 0, 0, 1, 1]",1.0000040304007103,1.0,1.4771048744460857
1102,SP1,2008,La Coruna,"[1, 0, 0, 1, 0, 1, 1, 0, 1, 1, 1, 0, 1, 1, 0, 0, 0, 1, 1, 1, 0, 0, 0, 1, 1, 1, 1, 0]",1.0003959489930363,2.156578207112445,2.73224043715847
1103,SP1,2008,Malaga,"[0, 0, 0, 1, 1, 1, 1, 0, 0, 1, 0, 1, 1, 1, 1, 0, 1, 1, 0, 1, 0, 0, 1, 1, 0, 1, 0, 0]",1.0001603743215302,1.3941915362156505,1.968503937007874
1104,SP1,2008,Mallorca,"[0, 1, 1, 0, 0, 1, 0, 0, 0, 0, 0, 0, 0, 0, 1, 0, 1, 1, 1, 1, 0, 1, 1, 1, 1, 0, 1, 1, 0]",1.00003734536836,66.5294343336539,1.0
1105,SP1,2008,Numancia,"[1, 0, 0, 0, 0, 0, 1, 0, 0, 1, 0, 1, 0, 1, 0, 1, 0, 0, 0, 0, 0, 0, 0, 1, 0, 1, 0, 0, 0, 1, 1, 0, 0]",1.0000000050556486,1.8730770925264304,2.5188916876574305
1106,SP1,2008,Osasuna,"[0, 0, 0, 0, 0, 0, 1, 0, 0, 1, 0, 0, 1, 1, 1, 0, 1, 1, 1, 0, 0, 0, 0, 1, 1]",1.0000167774974797,12.47935483682374,1.019367991845056
1107,SP1,2008,Real Madrid,"[0, 1, 1, 1, 1, 1, 1, 1, 0, 1, 0, 0, 0, 1, 1, 1, 1, 1, 1, 1, 1, 1, 1, 1, 1, 1, 1, 1, 1, 1, 0, 0, 0, 0, 0]",1.0032904102898306,1.0893783286629681,1.6666666666666667
1108,SP1,2008,Recreativo,"[1, 0, 0, 0, 0, 0, 0, 0, 0, 1, 1, 0, 1, 1, 1, 0, 1, 0, 0, 0, 0, 0, 0, 0, 1, 0, 0, 0, 0]",1.0000000147804569,7.873407846880619,7.407407407407407
1109,SP1,2008,Santander,"[0, 0, 0, 1, 0, 1, 1, 0, 1, 0, 1, 1, 1, 0, 0, 0, 0, 1, 0, 1, 0, 0, 1, 0, 0, 0, 1, 1]",1.0000070522559947,2.156578207112444,2.808988764044944
1110,SP1,2008,Sevilla,"[1, 1, 1, 1, 1, 0, 0, 1, 1, 0, 1, 1, 1, 1, 0, 0, 0, 1, 1, 1, 1, 1, 1, 0, 0, 0, 0, 1, 1, 1, 1]",1.0029115660945855,1.1044808528971033,1.7064846416382253
1111,SP1,2008,Sp Gijon,"[0, 0, 0, 0, 0, 1, 1, 1, 1, 0, 1, 0, 1, 0, 0, 1, 0, 1, 0, 0, 1, 0, 0, 0, 0, 1, 1, 0, 0, 0, 0, 0, 0, 0, 1, 1, 1]",1.0000000252739794,1.6829608168820447,2.3696682464454977
1112,SP1,2008,Valencia,"[1, 1, 1, 1, 1, 1, 0, 1, 0, 1, 0, 1, 0, 1, 0, 0, 1, 0, 0, 0, 1, 1, 1, 1, 1, 0, 1, 0, 0, 1]",1.00047040616249,2.1124931828790836,2.7472527472527473
1113,SP1,2008,Valladolid,"[0, 1, 0, 1, 0, 0, 0, 1, 0, 1, 1, 1, 1, 0, 0, 0, 0, 1, 1, 0, 0, 1, 1, 1, 0, 0, 0, 0, 0, 0, 0]",1.0000006565889483,1.7651046730506206,2.4691358024691357
1114,SP1,2008,Villarreal,"[1, 1, 1, 1, 1, 1, 1, 0, 1, 0, 0, 0, 1, 0, 1, 1, 1, 0, 1, 0, 0, 1, 1, 0, 1, 1, 1]",1.0051647688620928,1.2580563242102765,1.3477088948787062
1115,SP1,2009,Almeria,"[0, 1, 0, 1, 0, 0, 1, 0, 0, 0, 0, 1, 0, 1, 1, 1, 1, 0, 1, 0, 0, 0, 0, 0, 1, 0]",1.0000040304007103,2.2702128930571153,1.1074197120708749
1116,SP1,2009,Ath Bilbao,"[1, 1, 1, 0, 0, 0, 0, 1, 1, 1, 0, 1, 1, 0, 1, 0, 0, 1, 0, 1, 1, 0, 1, 0, 1, 0, 0, 0, 1]",1.0000981179048942,2.6725084851718366,3.4129692832764507
1117,SP1,2009,Ath Madrid,"[0, 0, 1, 0, 0, 0, 0, 1, 1, 0, 1, 1, 1, 0, 0, 1, 0, 1, 1, 0, 1, 0, 1, 0, 0, 0, 1, 0, 1, 0]",1.0000035672456171,1.381306779628721,1.2936610608020698
1118,SP1,2009,Barcelona,"[1, 1, 1, 1, 1, 1, 1, 1, 1, 1, 1, 1, 1, 1, 1, 1, 1, 0, 1, 1, 1, 1, 1, 1, 1, 1, 1, 1, 1, 1, 1, 1]",2.510735297992956,3.0014694962146766,1.937984496124031
1119,SP1,2009,Espanol,"[0, 0, 1, 1, 1, 0, 0, 0, 0, 0, 1, 0, 1, 0, 1, 0, 1, 0, 0, 1, 1, 0, 1, 0, 0, 1, 0]",1.0000085188245282,1.6698788931654527,1.2121212121212122
1120,SP1,2009,Getafe,"[1, 0, 0, 1, 0, 1, 0, 1, 0, 0, 1, 1, 0, 1, 1, 1, 0, 0, 1, 0, 0, 0, 1, 0, 1, 1, 1, 0, 1, 1, 1]",1.0001220004391758,1.1418764301879516,1.7667844522968197
1121,SP1,2009,La Coruna,"[0, 1, 0, 1, 1, 1, 1, 0, 1, 1, 1, 0, 1, 0, 1, 0, 0, 1, 0, 1, 0, 0, 0, 0, 0, 0, 0, 0, 1, 0]",1.0000035672456171,114.27482694980245,62.5
1122,SP1,2009,Malaga,"[1, 0, 0, 0, 0, 0, 0, 0, 1, 1, 0, 1, 1, 1, 0, 0, 0, 1, 0, 0, 0, 0]",1.000003384000517,1.5021085513242054,1.221001221001221
1123,SP1,2009,Mallorca,"[1, 1, 0, 1, 0, 1, 1, 0, 1, 1, 1, 0, 1, 0, 1, 0, 1, 0, 0, 1, 1, 0, 1, 0, 1, 1, 1, 0, 0, 1]",1.00047040616249,2.112493182879084,2.785515320334262
1124,SP1,2009,Osasuna,"[0, 0, 1, 1, 0, 1, 0, 0, 1, 0, 0, 0, 1, 1, 1, 1, 0, 0, 0, 0, 0, 1, 0, 1, 0, 0, 1, 0]",1.0000020858643386,1.405422818414341,1.996007984031936
1125,SP1,2009,Real Madrid,"[1, 1, 1, 1, 1, 0, 1, 1, 1, 1, 0, 1, 1, 1, 1, 0, 1, 1, 1, 1, 1, 1, 1, 1, 1, 1, 1, 1, 0, 1, 1, 1, 1, 1, 1]",1.1455476508511033,3.071248664826452,1.0660980810234542
1126,SP1,2009,Santander,"[0, 1, 0, 0, 0, 0, 0, 0, 1, 1, 0, 1, 1, 1, 0, 0, 0, 1, 0, 0, 1, 0, 0, 0, 0, 1]",1.0000010244707045,1.4396280507508081,2.0964360587002098
1127,SP1,2009,Sevilla,"[0, 1, 1, 1, 1, 1, 0, 1, 1, 1, 1, 0, 0, 0, 0, 1, 1, 0, 1, 1, 0, 0, 0, 1, 1, 0, 1, 0, 1, 1, 0, 1]",1.0002386500854352,1.3710488542442367,1.9723865877712032
1128,SP1,2009,Sp Gijon,"[0, 1, 0, 1, 1, 1, 1, 0, 0, 0, 1, 0, 0, 0, 0, 1, 1, 0, 0, 1, 0, 0, 0, 0, 0]",1.0000047384037907,3.4769945721831013,3.5587188612099645
1129,SP1,2009,Tenerife,"[0, 1, 0, 1, 0, 0, 0, 1, 0, 0, 1, 0, 0, 0, 0, 0, 1, 0, 0, 0, 1, 0, 0, 1, 1, 0, 1, 0, 0]",1.0000000768817379,1.6255712684154735,1.2195121951219512
1130,SP1,2009,Valencia,"[1, 1, 0, 1, 1, 1, 1, 1, 1, 0, 1, 1, 1, 0, 1, 1, 0, 0, 1, 1, 0, 1, 0, 1, 0, 1, 1, 1, 0, 1]",1.0047702083675836,4.047490773733086,4.672897196261682
1131,SP1,2009,Valladolid,"[0, 1, 0, 0, 0, 1, 0, 1, 0, 0, 0, 0, 0, 0, 0, 1, 0, 0, 1, 1, 0, 1, 0]",1.0000020752630105,1.732946032892913,1.1641443538998837
1132,SP1,2009,Villarreal,"[0, 0, 0, 0, 1, 1, 0, 1, 0, 1, 1, 1, 0, 1, 0, 0, 1, 0, 1, 1, 0, 1, 1, 1, 0, 1, 1, 0, 0, 1]",1.0000803555384554,2.077102443916055,1.1363636363636365
1133,SP1,2009,Xerez,"[0, 0, 0, 0, 1, 0, 0, 0, 0, 0, 0, 0, 0, 0, 1, 0, 0, 0, 1, 0, 1, 1, 0, 1, 0, 1, 0, 1]",1.0000000241572442,79.19353069752607,1.001001001001001
1134,SP1,2009,Zaragoza,"[1, 0, 0, 1, 0, 0, 1, 0, 0, 0, 0, 0, 0, 0, 1, 1, 0, 1, 0, 0, 1, 1, 0, 0, 1, 1, 0]",1.0000024675850911,11.068631642535621,1.0070493454179255
1135,SP1,2010,Almeria,"[0, 0, 1, 0, 0, 0, 0, 1, 0, 0, 0, 1, 0, 1, 0, 0, 1, 0, 0, 0, 0, 0, 0, 0, 1, 0]",1.0000000052639626,1.0,1.466275659824047
1136,SP1,2010,Ath Bilbao,"[1, 0, 1, 0, 0, 1, 0, 1, 0, 1, 0, 1, 0, 1, 1, 0, 1, 1, 1, 1, 0, 0, 0, 0, 1, 0, 1, 0, 1, 1, 0, 1, 0, 1]",1.0000201604282182,1.0,1.5723270440251573
1137,SP1,2010,Ath Madrid,"[1, 1, 0, 1, 0, 1, 0, 0, 1, 1, 0, 0, 1, 1, 0, 1, 0, 0, 0, 0, 1, 1, 0, 1, 1, 1, 1, 0, 0, 1, 1]",1.0001220004391758,1.1418764301879516,1.7921146953405018
1138,SP1,2010,Barcelona,"[1, 0, 1, 1, 1, 1, 1, 1, 1, 1, 1, 1, 1, 1, 1, 1, 1, 1, 1, 1, 1, 1, 1, 1, 1, 1, 1, 1, 1, 0, 1, 1]",1.5529737929330627,1.0,1.342281879194631
1139,SP1,2010,Espanol,"[1, 0, 1, 0, 1, 0, 1, 1, 0, 1, 1, 1, 1, 0, 0, 0, 1, 1, 1, 0, 0, 0, 0, 1, 0, 0, 1, 0, 0, 0, 1, 0, 0, 0]",1.0000009086784087,11.230791432181167,15.625
1140,SP1,2010,Getafe,"[0, 1, 0, 1, 1, 0, 1, 0, 0, 0, 1, 1, 1, 1, 0, 0, 0, 0, 1, 0, 0, 0, 0, 0, 1, 0, 0, 1, 0, 1]",1.000001073742977,6.857339845965379,8.19672131147541
1141,SP1,2010,Hercules,"[0, 1, 0, 1, 0, 0, 0, 1, 0, 1, 0, 1, 0, 1, 0, 0, 0, 0, 1, 0, 0, 0, 0, 0, 1, 0, 1, 0, 0, 0]",1.000000014348908,4.0474907737330845,4.504504504504505
1142,SP1,2010,La Coruna,"[0, 0, 0, 0, 1, 1, 1, 0, 1, 0, 1, 0, 0, 0, 0, 1, 1, 0, 0, 1, 1, 0, 0, 1, 0]",1.0000167774974797,1.1404610508219608,1.375515818431912
1143,SP1,2010,Levante,"[0, 0, 0, 1, 1, 0, 0, 0, 0, 1, 0, 1, 0, 0, 0, 0, 0, 1, 1, 1, 0, 1, 1, 1, 1, 1, 0, 0, 0]",1.0000043148663462,9.580400047110771,1.027749229188078
1144,SP1,2010,Malaga,"[0, 1, 0, 1, 0, 0, 0, 0, 0, 1, 0, 0, 1, 0, 0, 1, 0, 0, 0, 1, 0, 0, 1, 1, 0, 1, 1, 1, 1, 1, 0]",1.0000021813523625,4.389078388412735,1.053740779768177
1145,SP1,2010,Mallorca,"[0, 1, 0, 1, 0, 1, 1, 0, 1, 1, 0, 0, 0, 1, 1, 0, 0, 0, 1, 0, 0, 1, 0, 1, 0, 0, 1, 0, 0, 0]",1.000001073742977,6.857339845965379,7.751937984496124
1146,SP1,2010,Osasuna,"[0, 0, 1, 0, 1, 0, 1, 0, 1, 0, 0, 0, 0, 0, 1, 0, 1, 0, 1, 1, 1, 0, 0, 0, 0, 1, 1, 1, 0, 1]",1.0000035672456171,3.509760066157496,1.0729613733905579
1147,SP1,2010,Real Madrid,"[1, 1, 1, 1, 1, 1, 1, 1, 1, 1, 0, 1, 1, 1, 1, 1, 1, 0, 1, 1, 1, 1, 1, 1, 1, 0, 1, 1, 0, 1, 1, 1, 1]",1.1448404609194427,3.5594592016754127,3.875968992248062
1148,SP1,2010,Santander,"[0, 0, 1, 0, 0, 1, 0, 1, 0, 0, 1, 0, 1, 0, 0, 1, 1, 0, 0, 1, 1, 0, 0, 1, 1, 1, 0, 0]",1.0000070522559947,2.156578207112444,1.1415525114155252
1149,SP1,2010,Sevilla,"[1, 1, 0, 1, 0, 1, 0, 1, 1, 0, 0, 0, 0, 0, 1, 1, 0, 1, 0, 1, 1, 0, 1, 1, 0, 1, 1, 0, 0, 1, 1]",1.0001220004391758,1.6928771361984458,1.203369434416366
1150,SP1,2010,Sociedad,"[1, 0, 0, 0, 1, 0, 1, 1, 1, 0, 0, 1, 1, 0, 0, 0, 0, 1, 0, 1, 0, 1, 1, 0, 0, 0, 0, 0, 0, 1, 0, 1, 0, 1, 0]",1.0000001717987212,1.6853079247984242,2.242152466367713
1151,SP1,2010,Sp Gijon,"[0, 1, 0, 0, 1, 0, 0, 0, 0, 0, 0, 1, 1, 1, 0, 0, 1, 1, 1, 1, 0, 1, 0, 1]",1.0000859438183252,23.747131694799986,1.0111223458038423
1152,SP1,2010,Valencia,"[1, 1, 1, 1, 1, 0, 0, 0, 1, 1, 0, 1, 1, 1, 1, 1, 1, 1, 1, 0, 1, 0, 0, 1, 1, 1, 0, 0, 1, 1]",1.0047702083675836,1.4235226121059472,2.1186440677966103
1153,SP1,2010,Villarreal,"[0, 1, 1, 1, 1, 1, 1, 1, 0, 1, 1, 0, 1, 1, 0, 1, 1, 1, 0, 0, 1, 0, 1, 0, 0, 1, 0, 1, 0, 0]",1.00047040616249,6.857339845965379,7.751937984496124
1154,SP1,2010,Zaragoza,"[0, 0, 0, 0, 0, 1, 0, 0, 0, 1, 0, 1, 1, 1, 0, 0, 1, 0, 1, 0, 0, 1, 0, 1, 1, 0, 0, 1, 1]",1.0000043148663462,2.6198523848362028,1.1061946902654867
1155,SP1,2011,Ath Bilbao,"[0, 0, 0, 1, 1, 1, 1, 0, 1, 1, 0, 1, 0, 1, 1, 0, 0, 0, 0, 1, 1, 1, 0, 0, 0]",1.000149609722819,1.7798390893831888,2.3640661938534278
1156,SP1,2011,Ath Madrid,"[0, 1, 1, 0, 0, 1, 0, 1, 0, 1, 0, 0, 1, 1, 1, 0, 1, 0, 1, 0, 1, 0, 0, 1, 1, 1, 1]",1.000480469748762,1.7728555629700244,1.203369434416366
1157,SP1,2011,Barcelona,"[1, 1, 1, 1, 1, 1, 1, 1, 0, 1, 1, 1, 1, 1, 1, 0, 1, 1, 1, 1, 1, 1, 1, 1, 1, 1, 1, 0, 1, 1, 1]",1.277535089687671,1.6819586303894871,1.152073732718894
1158,SP1,2011,Betis,"[1, 1, 1, 1, 0, 0, 0, 0, 0, 0, 0, 0, 0, 1, 1, 1, 0, 0, 0, 1, 1, 0, 0, 0, 1, 1, 1, 0, 1, 0]",1.0000035672456171,1.381306779628721,1.2755102040816326
1159,SP1,2011,Espanol,"[0, 1, 0, 1, 0, 0, 1, 1, 1, 0, 0, 0, 1, 1, 1, 1, 0, 0, 0, 1, 1, 0, 0, 1, 0, 0, 0, 0]",1.0000070522559947,2.156578207112444,2.8011204481792715
1160,SP1,2011,Getafe,"[0, 0, 0, 1, 0, 0, 1, 0, 1, 0, 1, 1, 1, 1, 0, 0, 0, 1, 1, 1, 0, 1, 0, 1, 0, 0, 0]",1.0000264021157483,1.7728555629700242,2.493765586034913
1161,SP1,2011,Granada,"[0, 0, 1, 0, 0, 0, 0, 1, 1, 1, 0, 1, 0, 0, 0, 1, 1, 0, 1, 0, 0, 0, 1, 0, 0, 1, 0, 1, 0, 1, 0, 0]",1.0000001529326978,1.0,1.5408320493066257
1162,SP1,2011,Levante,"[1, 1, 1, 1, 1, 1, 1, 0, 0, 0, 1, 0, 1, 0, 0, 0, 0, 0, 1, 1, 0, 1, 1, 0, 1, 0, 0, 1, 0, 0, 1]",1.0000491355329604,1.644240699330826,2.320185614849188
1163,SP1,2011,Malaga,"[0, 1, 1, 1, 1, 0, 0, 0, 1, 1, 1, 0, 0, 0, 0, 1, 0, 1, 0, 1, 1, 1, 1, 1, 0, 1, 0, 1, 0, 0, 1]",1.0001220004391758,1.6928771361984458,1.2121212121212122
1164,SP1,2011,Mallorca,"[1, 0, 0, 0, 1, 0, 0, 1, 1, 0, 0, 1, 0, 1, 0, 1, 0, 1, 1, 0, 0, 1, 0, 1, 1, 1, 1, 0]",1.0000610388817677,2.1352407823389097,1.1037527593818985
1165,SP1,2011,Osasuna,"[1, 0, 0, 1, 1, 0, 1, 1, 1, 0, 0, 1, 0, 1, 1, 1, 0, 0, 1, 0, 0, 1, 1]",1.001884466069514,1.158976390528136,1.7543859649122806
1166,SP1,2011,Real Madrid,"[1, 1, 0, 1, 1, 1, 1, 1, 1, 1, 1, 1, 1, 0, 1, 1, 1, 1, 1, 1, 1, 1, 1, 1, 1, 1, 1, 1, 1, 1, 1, 1, 1, 1]",1.5546929991739886,6.116750906827485,1.0
1167,SP1,2011,Santander,"[0, 0, 0, 0, 1, 0, 0, 1, 1, 1, 0, 0, 0, 0, 0, 0, 0, 0, 0, 0, 0, 0, 0]",1.0000000044020372,25.763838673781333,18.51851851851852
1168,SP1,2011,Sevilla,"[1, 1, 1, 1, 0, 0, 1, 1, 0, 0, 0, 0, 0, 0, 1, 1, 0, 0, 1, 1, 1, 0, 1, 0, 0, 0, 1]",1.0000747424113352,1.707952953687042,1.2239902080783354
1169,SP1,2011,Sociedad,"[1, 0, 1, 0, 0, 0, 0, 0, 0, 1, 1, 1, 0, 1, 0, 1, 0, 1, 0, 1, 0, 0, 0, 1, 1, 0, 1]",1.0000264021157483,1.1498501929607134,1.4265335235378032
1170,SP1,2011,Sp Gijon,"[0, 0, 0, 0, 0, 0, 1, 1, 1, 0, 0, 1, 0, 0, 1, 0, 0, 0, 0, 1, 0, 0, 0, 0, 1, 0, 1, 1, 0, 1, 0]",1.0000000426161884,1.104480852897103,1.4534883720930232
1171,SP1,2011,Valencia,"[1, 1, 1, 0, 1, 1, 1, 1, 0, 1, 1, 0, 1, 0, 1, 0, 0, 1, 1, 0, 0, 1, 0, 1, 0, 1, 1, 0]",1.0009257086133403,3.8151830986750914,4.424778761061947
1172,SP1,2011,Vallecano,"[1, 0, 0, 0, 1, 1, 0, 1, 0, 0, 0, 0, 1, 1, 0, 0, 1, 1, 1, 0, 1, 0, 1, 0, 0, 0, 1, 0, 0, 0, 0, 0, 0, 1]",1.0000000797802575,1.3626843907003843,1.9193857965451055
1173,SP1,2011,Villarreal,"[0, 0, 1, 0, 0, 1, 1, 0, 0, 0, 0, 1, 1, 1, 0, 0, 0, 0, 1, 0, 1, 1, 0, 0]",1.0000077335441881,1.450834101726167,1.2547051442910917
1174,SP1,2011,Zaragoza,"[0, 1, 0, 1, 0, 0, 0, 0, 0, 0, 0, 0, 0, 0, 0, 1, 0, 0, 1, 0, 1, 1, 1, 0, 0, 1, 0, 1, 1, 1, 1]",1.0000006565889483,52.613778915076054,1.0030090270812437
1175,SP1,2012,Ath Bilbao,"[0, 0, 1, 0, 1, 0, 0, 1, 1, 0, 0, 1, 1, 0, 0, 0, 1, 0, 0, 0, 1, 1, 0, 1, 0, 0, 1, 1, 0]",1.0000043148663462,1.1345588586097761,1.492537313432836
1176,SP1,2012,Ath Madrid,"[1, 1, 1, 1, 1, 1, 1, 1, 0, 1, 1, 1, 0, 1, 0, 1, 1, 1, 0, 1, 0, 1, 1, 0, 1, 1, 1, 0, 1, 0, 1]",1.0114935784029138,2.6740283828519202,3.1746031746031744
1177,SP1,2012,Barcelona,"[1, 1, 1, 1, 1, 1, 1, 1, 1, 1, 1, 1, 1, 1, 1, 1, 1, 1, 0, 1, 1, 1, 1, 0, 1, 1, 1, 1, 1, 1, 1, 1, 1, 1]",1.5546929991739886,6.116750906827485,4.62962962962963
1178,SP1,2012,Betis,"[1, 0, 1, 1, 0, 0, 1, 1, 1, 0, 0, 1, 1, 0, 1, 0, 1, 1, 0, 0, 0, 1, 1, 0, 1, 0, 0, 1, 0, 1]",1.0000803555384554,2.077102443916055,2.7472527472527473
1179,SP1,2012,Celta,"[0, 0, 1, 0, 1, 0, 1, 0, 0, 0, 1, 0, 0, 0, 1, 0, 0, 0, 0, 1, 0, 0, 0, 0, 0, 1, 1, 0, 0, 1, 1]",1.0000000426161884,1.104480852897103,1.4367816091954022
1180,SP1,2012,Espanol,"[0, 0, 0, 0, 0, 1, 1, 0, 0, 0, 1, 0, 1, 1, 1, 1, 1, 0, 0, 1, 1, 1, 0, 0, 0, 0, 0]",1.0000085188245282,1.6698788931654527,1.1778563015312131
1181,SP1,2012,Getafe,"[0, 1, 0, 0, 1, 1, 0, 1, 0, 0, 1, 1, 1, 0, 0, 0, 1, 0, 1, 1, 1, 1, 0, 0, 0, 1, 0, 0, 0, 0]",1.0000035672456171,1.381306779628721,1.9569471624266144
1182,SP1,2012,Granada,"[0, 0, 0, 1, 1, 0, 0, 0, 1, 0, 0, 0, 1, 0, 1, 0, 1, 1, 0, 0, 0, 0, 0, 0, 1, 1, 1, 0, 1]",1.0000012762218502,1.6301485839835352,1.2269938650306749
1183,SP1,2012,La Coruna,"[1, 0, 0, 0, 0, 1, 0, 0, 0, 0, 0, 1, 0, 0, 0, 0, 0, 0, 0, 1, 1, 1, 1, 0, 1, 0, 0]",1.0000001356566086,2.812055916609088,1.0834236186348862
1184,SP1,2012,Levante,"[0, 1, 0, 1, 0, 1, 1, 1, 0, 1, 0, 1, 1, 0, 1, 0, 0, 1, 0, 0, 0, 1, 0, 0, 0, 0, 0, 1]",1.0000070522559947,7.332802363718645,7.874015748031496
1185,SP1,2012,Malaga,"[1, 1, 1, 1, 0, 1, 0, 0, 1, 0, 1, 1, 1, 0, 0, 1, 1, 1, 0, 0, 1, 0, 1, 0, 1, 0, 0, 1, 0]",1.0002422216562439,1.6546326752135534,2.247191011235955
1186,SP1,2012,Mallorca,"[1, 1, 1, 0, 0, 0, 0, 0, 0, 0, 0, 0, 1, 0, 0, 0, 0, 0, 0, 1, 1, 0, 0, 0, 1, 0, 0, 1, 1]",1.0000000768817379,1.6255712684154735,1.2048192771084338
1187,SP1,2012,Osasuna,"[0, 0, 0, 0, 1, 0, 0, 0, 1, 1, 0, 0, 0, 1, 0, 1, 1, 1, 0, 0, 0, 1, 0, 0, 0, 1, 0, 1, 0]",1.0000003360687846,2.6346661716771775,1.1098779134295227
1188,SP1,2012,Real Madrid,"[0, 1, 0, 1, 1, 1, 1, 1, 1, 1, 0, 1, 1, 0, 1, 1, 1, 0, 1, 1, 1, 1, 1, 1, 1, 1, 1, 1, 1, 1, 1]",1.0769808673728831,5.824428305592731,1.0351966873706004
1189,SP1,2012,Sevilla,"[1, 1, 1, 0, 0, 1, 0, 0, 1, 0, 0, 0, 0, 1, 0, 1, 1, 0, 1, 0, 1, 0, 1, 0, 1, 0, 1, 0, 0, 1]",1.0000108419256055,2.077102443916055,1.1737089201877935
1190,SP1,2012,Sociedad,"[0, 1, 0, 1, 0, 1, 0, 0, 0, 1, 1, 1, 1, 0, 1, 1, 1, 1, 1, 1, 1, 1, 1, 0, 1, 1]",1.008463484833925,10.272154226659369,1.0235414534288638
1191,SP1,2012,Valencia,"[0, 1, 0, 1, 0, 1, 0, 1, 1, 0, 0, 1, 0, 1, 1, 1, 0, 1, 1, 1, 0, 1, 1, 1, 0, 1, 1, 1, 1, 0]",1.0010591193918743,3.6856769773913247,1.0570824524312896
1192,SP1,2012,Valladolid,"[1, 1, 0, 0, 0, 1, 0, 1, 0, 1, 1, 0, 0, 0, 1, 1, 0, 0, 1, 0, 0, 0, 1, 0, 1, 0, 0, 0]",1.0000020858643386,1.405422818414341,2.0618556701030926
1193,SP1,2012,Vallecano,"[1, 1, 0, 0, 0, 1, 0, 0, 1, 1, 0, 1, 0, 0, 1, 1, 1, 1, 0, 1, 0, 1, 0, 0, 1, 0, 0, 1, 0, 0, 0, 1, 1]",1.000009326114319,1.6368781064550613,2.336448598130841
1194,SP1,2012,Zaragoza,"[0, 1, 0, 0, 1, 0, 0, 1, 1, 0, 1, 0, 0, 1, 0, 1, 0, 0, 0, 0, 0, 0, 0, 0, 0, 0, 1, 1, 0, 0, 0]",1.0000000087742942,15.76819111084799,15.384615384615385
1195,SP1,2013,Almeria,"[0, 0, 0, 0, 0, 0, 0, 1, 1, 1, 0, 0, 1, 1, 0, 0, 1, 0, 1, 0, 0, 0, 0, 1, 0, 0, 0, 0, 1, 1, 1]",1.0000001780184222,1.5984901975973347,1.2224938875305624
1196,SP1,2013,Ath Bilbao,"[1, 1, 0, 1, 0, 1, 0, 1, 1, 0, 1, 1, 1, 1, 0, 1, 1, 1, 0, 1, 1, 1, 0, 1, 1, 0, 1, 1]",1.0090809969140144,1.0,1.5313935681470139
1197,SP1,2013,Ath Madrid,"[1, 1, 1, 1, 1, 1, 1, 1, 0, 1, 1, 1, 1, 1, 1, 1, 1, 1, 1, 0, 1, 0, 1, 1, 1, 1, 1, 1, 1, 1, 1, 0]",1.1338730931613314,3.3123389154299705,3.3112582781456954
1198,SP1,2013,Barcelona,"[1, 1, 1, 1, 1, 1, 1, 1, 1, 1, 1, 1, 1, 0, 1, 1, 1, 1, 0, 1, 1, 0, 1, 0, 1, 1, 1, 1, 1, 0, 1, 1]",1.0706423244887302,6.3913560971815375,5.813953488372093
1199,SP1,2013,Betis,"[0, 0, 1, 0, 1, 0, 0, 0, 0, 0, 0, 0, 0, 0, 0, 0, 1, 0, 0, 0, 1, 0, 1, 0, 0, 0, 0, 0, 0, 1, 0]",1.0000000000200384,2.9389923895241408,1.079913606911447
1200,SP1,2013,Celta,"[1, 0, 0, 0, 0, 0, 1, 0, 1, 0, 0, 1, 0, 0, 1, 0, 1, 1, 1, 0, 0, 1, 0, 0, 1, 0, 1, 1, 1, 1, 0]",1.0000066297630519,8.61625694745803,1.02880658436214
1201,SP1,2013,Elche,"[0, 0, 0, 1, 1, 1, 0, 0, 1, 0, 0, 0, 0, 1, 0, 1, 0, 1, 0, 0, 1, 0, 0, 1, 0]",1.0000047384037907,1.6934713679658733,1.2077294685990339
1202,SP1,2013,Espanol,"[1, 1, 1, 0, 0, 0, 1, 0, 0, 0, 1, 0, 1, 0, 0, 1, 0, 1, 1, 0, 1, 0, 1, 0, 0, 0, 0, 0, 0]",1.0000012762218502,1.2194514456293808,1.8975332068311195
1203,SP1,2013,Getafe,"[0, 0, 1, 0, 1, 1, 1, 1, 0, 1, 0, 0, 1, 0, 0, 0, 0, 0, 0, 0, 0, 0, 0, 1, 0, 0, 1, 1, 1]",1.0000012762218502,3.0170403900746994,3.5211267605633805
1204,SP1,2013,Granada,"[1, 0, 0, 0, 1, 0, 0, 1, 0, 1, 1, 0, 0, 1, 0, 0, 1, 0, 0, 0, 1, 0, 0, 1, 1, 0, 0, 0, 1, 0, 0, 0, 1]",1.0000000934710107,1.7629665749395707,2.525252525252525
1205,SP1,2013,Levante,"[0, 1, 1, 0, 1, 1, 0, 0, 0, 0, 1, 0, 0, 1, 1, 1, 1, 0, 0, 0, 1, 0, 0, 1, 1, 0]",1.000043124234921,2.213958889667522,1.1547344110854503
1206,SP1,2013,Malaga,"[0, 0, 1, 1, 0, 0, 0, 1, 0, 0, 1, 1, 0, 0, 0, 1, 0, 0, 1, 0, 1, 0, 1, 1, 0, 1, 0, 0, 1]",1.0000043148663462,2.6198523848362028,1.098901098901099
1207,SP1,2013,Osasuna,"[0, 0, 0, 0, 1, 0, 0, 1, 0, 1, 0, 0, 1, 0, 1, 1, 0, 0, 1, 1, 0, 0, 0, 0, 0, 1, 0, 0, 1]",1.0000003360687846,1.1141779823941582,1.4814814814814814
1208,SP1,2013,Real Madrid,"[1, 1, 1, 1, 1, 0, 1, 1, 0, 1, 1, 1, 1, 1, 1, 1, 1, 1, 1, 1, 1, 1, 1, 1, 0, 0, 1, 1, 1, 1, 0, 1]",1.0706423244887302,1.563439300198103,1.9305019305019304
1209,SP1,2013,Sevilla,"[0, 0, 0, 1, 1, 1, 0, 0, 1, 1, 1, 1, 1, 0, 0, 0, 1, 1, 1, 1, 1, 1, 0, 1, 1, 1, 0, 0, 1]",1.0012612189753203,3.0170403900746994,1.091703056768559
1210,SP1,2013,Sociedad,"[1, 0, 0, 0, 1, 1, 1, 0, 1, 1, 1, 1, 1, 0, 1, 0, 1, 1, 0, 0, 1, 0, 1, 0, 1, 1, 0]",1.0011125351463466,1.6698788931654536,2.3094688221709005
1211,SP1,2013,Valencia,"[1, 0, 0, 0, 1, 1, 1, 0, 0, 0, 1, 0, 1, 0, 0, 1, 0, 1, 1, 1, 0, 0, 1, 0, 1, 0, 0, 1]",1.0000216273787577,1.394191536215651,1.3054830287206267
1212,SP1,2013,Valladolid,"[0, 0, 1, 0, 0, 1, 0, 0, 0, 1, 0, 0, 0, 1, 0, 1, 0, 0, 1, 0, 1, 0, 0]",1.0000020752630105,1.732946032892913,1.1737089201877935
1213,SP1,2013,Vallecano,"[1, 0, 0, 0, 0, 0, 0, 1, 1, 0, 0, 0, 1, 0, 0, 0, 0, 1, 0, 0, 1, 0, 0, 1, 1, 1, 1, 0, 1, 1, 1, 0, 0, 0]",1.0000000797802575,12.168447040007408,1.019367991845056
1214,SP1,2013,Villarreal,"[1, 1, 1, 1, 0, 1, 0, 1, 0, 1, 1, 0, 0, 1, 1, 1, 0, 1, 0, 0, 1, 0, 0, 1, 0, 1, 0, 0, 1, 1]",1.0001995269871187,3.5097600661574946,4.25531914893617
1215,SP1,2014,Almeria,"[0, 1, 0, 1, 0, 0, 0, 0, 0, 0, 0, 1, 1, 0, 0, 0, 1, 1, 0, 0, 0, 0, 0, 1, 0, 1, 0, 0, 0, 0]",1.0000000024520586,1.0,1.5748031496062993
1216,SP1,2014,Ath Bilbao,"[0, 1, 0, 0, 0, 0, 1, 1, 1, 1, 0, 0, 0, 0, 0, 1, 0, 1, 1, 1, 1, 1, 0, 0, 1, 1, 1, 1]",1.0001603743215302,16.285698285444777,1.0121457489878543
1217,SP1,2014,Ath Madrid,"[1, 1, 1, 1, 0, 1, 1, 1, 0, 1, 1, 1, 0, 1, 1, 0, 1, 1, 1, 1, 0, 1, 1, 1, 1, 1, 1, 1, 0]",1.0405392976648786,1.0778379077925528,1.5748031496062993
1218,SP1,2014,Barcelona,"[1, 1, 1, 1, 1, 1, 1, 0, 0, 1, 1, 1, 1, 1, 0, 1, 1, 1, 1, 1, 1, 0, 1, 1, 1, 1, 1, 1, 1, 1, 1, 1, 1, 1]",1.1352054535432305,3.300930040698996,1.0330578512396693
1219,SP1,2014,Celta,"[1, 1, 1, 0, 1, 1, 0, 0, 0, 0, 0, 0, 0, 0, 1, 1, 1, 0, 0, 1, 0, 1, 1, 0, 1, 1]",1.0001220852154804,3.8955510646742493,1.0548523206751055
1220,SP1,2014,Cordoba,"[0, 0, 0, 0, 0, 0, 1, 0, 1, 1, 0, 0, 0, 0, 0, 0, 0, 0, 0, 0, 0, 0, 0, 0, 0, 0, 0]",1.0000000000003941,12.154084747229541,8.130081300813009
1221,SP1,2014,Eibar,"[1, 0, 0, 1, 0, 1, 0, 0, 1, 1, 0, 1, 1, 0, 0, 0, 0, 0, 0, 0, 0, 0, 1, 0, 0, 0, 0, 0, 0, 1]",1.000000014348908,20.21323857313588,25.0
1222,SP1,2014,Elche,"[0, 1, 0, 0, 0, 0, 0, 1, 0, 0, 0, 0, 1, 1, 0, 0, 1, 1, 0, 1, 0, 0, 0, 1, 1, 0, 1, 1, 0, 0]",1.0000002911196926,3.6856769773913247,1.0570824524312896
1223,SP1,2014,Espanol,"[0, 0, 1, 1, 0, 0, 0, 1, 0, 1, 1, 0, 0, 1, 1, 0, 0, 1, 0, 1, 0, 1, 1, 0, 1, 1, 0, 0]",1.0000216273787577,1.394191536215651,1.278772378516624
1224,SP1,2014,Getafe,"[0, 1, 0, 0, 0, 1, 1, 0, 1, 0, 0, 0, 0, 0, 1, 0, 1, 0, 1, 0, 1, 0, 0, 1, 1, 0, 0, 0, 0, 0, 0]",1.0000000426161884,1.104480852897103,1.4204545454545454
1225,SP1,2014,Granada,"[1, 1, 0, 0, 0, 0, 0, 0, 0, 0, 0, 1, 0, 0, 0, 1, 0, 0, 0, 0, 0, 1, 1, 1]",1.0000003790022123,1.492252565710692,1.1933174224343674
1226,SP1,2014,La Coruna,"[0, 1, 0, 0, 0, 0, 1, 0, 0, 0, 1, 0, 1, 0, 1, 1, 0, 0, 0, 0, 0, 0, 0, 1]",1.0000003790022123,1.492252565710692,1.2345679012345678
1227,SP1,2014,Levante,"[0, 0, 0, 1, 0, 0, 0, 1, 1, 0, 0, 0, 0, 0, 1, 0, 1, 0, 1, 0, 0, 1, 0, 0, 1, 1, 0, 0]",1.0000001256558595,4.1558985743050965,1.0626992561105206
1228,SP1,2014,Malaga,"[1, 0, 0, 1, 1, 1, 1, 1, 0, 0, 1, 1, 1, 0, 0, 1, 0, 0, 1, 1, 0, 1, 0, 0, 0, 0, 0, 1, 0, 0]",1.0000108419256055,6.520023336532439,7.518796992481203
1229,SP1,2014,Real Madrid,"[1, 0, 0, 1, 1, 1, 1, 1, 1, 1, 1, 1, 1, 1, 1, 0, 1, 1, 1, 1, 1, 0, 1, 1, 0, 1, 0, 1, 1, 1, 1, 1, 1, 1, 1, 1]",1.0390269286606044,1.0,1.485884101040119
1230,SP1,2014,Sevilla,"[1, 1, 1, 1, 0, 1, 1, 1, 0, 0, 1, 1, 1, 1, 1, 0, 1, 0, 0, 1, 0, 1, 1, 1, 1, 1, 1, 1, 0, 1, 1]",1.0114935784029138,1.0880029784477663,1.5337423312883436
1231,SP1,2014,Sociedad,"[0, 1, 0, 0, 0, 0, 0, 1, 1, 0, 1, 0, 1, 0, 1, 0, 1, 1, 1, 0, 0, 1, 0, 0, 1]",1.0000526568633756,1.7213174941320748,1.221001221001221
1232,SP1,2014,Valencia,"[1, 1, 1, 1, 1, 0, 1, 1, 0, 0, 1, 1, 1, 1, 1, 0, 1, 1, 1, 1, 1, 1, 1, 0, 1, 1, 1]",1.075021002944733,1.431534257696034,1.2547051442910917
1233,SP1,2014,Vallecano,"[0, 0, 1, 1, 0, 1, 0, 0, 0, 1, 1, 0, 0, 0, 1, 0, 1, 0, 0, 0, 1, 0, 1, 0, 1, 1, 1, 0, 0, 1, 0, 1, 1, 0]",1.0000009086784087,1.3526140727644687,1.3175230566534915
1234,SP1,2014,Villarreal,"[1, 0, 1, 0, 1, 1, 0, 0, 1, 1, 1, 1, 1, 1, 1, 0, 1, 0, 1, 1, 0, 0, 0, 1, 1, 0]",1.0018184244638189,2.2702128930571153,2.824858757062147
1235,SP1,2015,Ath Bilbao,"[0, 0, 1, 0, 0, 1, 1, 1, 1, 0, 1, 0, 1, 1, 0, 0, 1, 1, 0, 0, 1, 1, 1, 1, 0, 1, 1, 0, 1, 1]",1.00047040616249,2.112493182879084,1.160092807424594
1236,SP1,2015,Ath Madrid,"[1, 1, 0, 1, 1, 0, 1, 1, 1, 1, 1, 1, 1, 0, 1, 1, 1, 1, 0, 1, 1, 1, 1, 1, 1, 0, 1, 1, 1, 1, 1, 1, 0, 1]",1.0382697059880182,1.0,1.5082956259426847
1237,SP1,2015,Barcelona,"[1, 1, 1, 1, 0, 1, 0, 1, 1, 1, 1, 1, 1, 1, 1, 1, 1, 1, 1, 1, 1, 1, 1, 1, 1, 1, 0, 0, 0, 1, 1, 1, 1, 1]",1.0717315809871115,1.5609426551375476,1.9920318725099602
1238,SP1,2015,Betis,"[0, 1, 0, 1, 1, 0, 0, 1, 0, 1, 0, 0, 0, 0, 0, 1, 1, 1, 0, 0, 0, 1, 1, 0, 0, 1]",1.0000139141738802,1.417584562397788,1.2820512820512822
1239,SP1,2015,Celta,"[1, 1, 1, 1, 1, 0, 1, 0, 0, 1, 1, 1, 0, 0, 0, 1, 0, 0, 0, 1, 1, 0, 1, 1, 1, 1, 0, 1, 0]",1.0005661855097403,1.1345588586097763,1.6420361247947455
1240,SP1,2015,Eibar,"[1, 1, 0, 1, 0, 1, 1, 0, 0, 0, 1, 1, 1, 1, 0, 0, 0, 1, 0, 0, 0, 0, 0, 0, 1, 0, 0, 0]",1.0000020858643386,175.50401935446936,111.11111111111111
1241,SP1,2015,Espanol,"[1, 0, 0, 1, 1, 0, 0, 1, 0, 0, 1, 0, 0, 1, 0, 0, 0, 0, 0, 0, 1, 1, 0, 1, 1, 0, 0, 0, 1, 0, 1]",1.0000006565889483,1.1221877249077818,1.4285714285714286
1242,SP1,2015,Getafe,"[0, 0, 0, 1, 0, 1, 1, 0, 0, 0, 1, 0, 1, 1, 1, 0, 0, 0, 0, 0, 0, 0, 0, 0, 0, 0, 1, 1, 0]",1.0000000768817379,16.46588287008014,14.705882352941176
1243,SP1,2015,Granada,"[0, 1, 0, 0, 0, 0, 0, 1, 0, 1, 0, 0, 1, 0, 0, 1, 0, 0, 0, 0, 1, 1, 0, 0, 1, 0, 1, 1, 0]",1.0000003360687846,2.6346661716771775,1.1086474501108647
1244,SP1,2015,La Coruna,"[1, 0, 1, 1, 0, 1, 1, 1, 0, 0, 0, 0, 0, 0, 1, 0, 0, 0, 1, 0]",1.0001048685962692,13.40631735274709,11.363636363636363
1245,SP1,2015,Las Palmas,"[0, 0, 1, 0, 0, 0, 0, 1, 0, 0, 1, 0, 1, 0, 0, 1, 0, 0, 0, 1, 1, 1, 0, 1, 1, 1, 0, 1, 0, 0]",1.000001073742977,6.857339845965379,1.0256410256410255
1246,SP1,2015,Levante,"[0, 0, 0, 1, 0, 0, 0, 1, 0, 0, 0, 0, 0, 1, 0, 1, 0, 0, 0, 1, 0, 0, 1, 0, 0, 1, 0, 0, 1, 0]",1.0000000024520586,2.343689107513912,1.1160714285714286
1247,SP1,2015,Malaga,"[0, 0, 0, 1, 0, 1, 0, 0, 0, 1, 1, 1, 1, 0, 0, 1, 1, 0, 0, 1, 1, 0, 0, 1, 0, 1]",1.000043124234921,1.0,1.4513788098693758
1248,SP1,2015,Real Madrid,"[1, 1, 1, 1, 1, 1, 1, 0, 0, 1, 1, 0, 1, 1, 1, 1, 1, 1, 1, 0, 1, 1, 1, 1, 1, 1, 1, 1, 1, 1, 1, 1]",1.1338730931613314,3.3123389154299705,1.0460251046025104
1249,SP1,2015,Sevilla,"[0, 0, 0, 1, 1, 1, 0, 1, 0, 1, 1, 1, 0, 1, 1, 1, 1, 0, 1, 1, 0, 0, 0, 0, 1, 0, 0, 0]",1.0000610388817677,2.1352407823389097,2.8011204481792715
1250,SP1,2015,Sociedad,"[0, 0, 1, 0, 0, 1, 0, 0, 1, 0, 1, 0, 0, 1, 0, 1, 1, 1, 1, 0, 0, 0, 1, 1, 0, 0, 0, 1, 1]",1.0000132324636137,4.710188252065446,1.0548523206751055
1251,SP1,2015,Sp Gijon,"[0, 1, 0, 0, 1, 0, 1, 0, 0, 0, 1, 0, 0, 0, 0, 0, 1, 1, 0, 0, 0, 0, 0, 1, 0, 1, 0, 1, 1]",1.0000003360687846,2.6346661716771775,1.091703056768559
1252,SP1,2015,Valencia,"[1, 0, 1, 0, 1, 0, 1, 1, 0, 0, 0, 0, 0, 1, 1, 0, 1, 0, 0, 0, 0, 1, 1, 1, 0, 0, 0]",1.0000085188245282,1.2125502788520504,1.7921146953405018
1253,SP1,2015,Vallecano,"[0, 0, 1, 1, 0, 0, 0, 1, 0, 1, 0, 0, 0, 0, 0, 0, 1, 1, 0, 0, 1, 0, 1, 0, 0, 0, 1]",1.0000006272258672,1.6556739560245854,1.2195121951219512
1254,SP1,2015,Villarreal,"[1, 1, 1, 1, 1, 0, 0, 1, 0, 0, 1, 1, 1, 1, 1, 1, 1, 1, 1, 0, 0, 1, 1, 0, 0, 1, 0, 0]",1.002062992532928,2.2269171779751695,2.6455026455026456
1255,SP1,2016,Alaves,"[1, 0, 1, 0, 0, 0, 1, 0, 1, 1, 0, 1, 0, 1, 1, 0, 1, 1, 0, 0, 0, 1, 1, 1, 1]",1.0009520715919464,3.1145415753386905,1.0741138560687433
1256,SP1,2016,Ath Bilbao,"[0, 0, 1, 1, 1, 1, 0, 1, 0, 1, 0, 1, 0, 1, 1, 0, 1, 0, 1, 0, 1, 1, 0, 1, 1, 0, 1, 1, 1, 1, 0, 0]",1.0002386500854352,1.3710488542442367,1.2804097311139564
1257,SP1,2016,Ath Madrid,"[1, 1, 1, 1, 1, 0, 1, 0, 0, 1, 0, 1, 1, 1, 1, 1, 1, 0, 1, 1, 1, 1, 1, 1, 1, 0, 1, 1, 1]",1.0405392976648786,2.3505626523084286,1.0822510822510822
1258,SP1,2016,Barcelona,"[1, 1, 0, 1, 1, 0, 1, 1, 1, 1, 1, 1, 1, 1, 1, 1, 1, 1, 1, 1, 0, 1, 1, 1, 0, 1, 1, 1, 1, 1, 1, 1]",1.1338730931613314,1.0,1.4534883720930232
1259,SP1,2016,Betis,"[0, 1, 0, 1, 0, 0, 1, 0, 0, 1, 0, 1, 0, 1, 0, 0, 0, 1, 0, 0, 1, 0, 0, 0, 1, 1, 0, 0, 0]",1.0000003360687846,1.874136989801855,2.4813895781637716
1260,SP1,2016,Celta,"[0, 0, 0, 1, 1, 1, 0, 1, 1, 0, 1, 0, 0, 1, 1, 0, 1, 0, 1, 0, 0, 1, 1, 0, 0, 1, 0, 0, 0, 0, 0, 0]",1.0000005504200213,3.38554667770801,4.032258064516129
1261,SP1,2016,Eibar,"[0, 1, 1, 0, 1, 0, 1, 0, 1, 1, 0, 0, 1, 0, 1, 1, 1, 0, 1, 0, 1, 1, 1, 0, 0, 1, 0, 0, 0]",1.0000981179048942,1.1577587410924932,1.7301038062283738
1262,SP1,2016,Espanol,"[0, 0, 1, 0, 1, 1, 1, 1, 0, 0, 1, 1, 1, 0, 0, 1, 0, 1, 1, 0, 1, 1, 0, 0, 1, 0, 1]",1.000480469748762,1.1498501929607132,1.6
1263,SP1,2016,Granada,"[0, 0, 0, 0, 0, 0, 0, 0, 1, 0, 0, 0, 0, 1, 0, 1, 0, 1, 0, 0, 0, 0, 0, 0, 0, 0, 0, 0, 0, 0]",1.0000000000000744,1.0,1.4326647564469914
1264,SP1,2016,La Coruna,"[1, 0, 0, 0, 1, 0, 0, 0, 0, 1, 0, 1, 0, 0, 0, 0, 1, 1, 0, 0, 0, 1, 0, 0, 0, 1]",1.0000002215727783,1.0,1.4619883040935673
1265,SP1,2016,Las Palmas,"[1, 1, 0, 1, 0, 0, 1, 0, 1, 0, 1, 0, 1, 0, 0, 0, 0, 1, 0, 1, 0, 0, 1, 0, 0, 0, 0, 0, 0]",1.0000003360687846,6.188029878660101,7.874015748031496
1266,SP1,2016,Leganes,"[1, 0, 0, 1, 0, 1, 0, 0, 0, 0, 1, 0, 0, 0, 0, 0, 0, 1, 0, 1, 0, 0, 0, 0, 1, 0, 1]",1.0000001356566086,1.104581612524389,1.392757660167131
1267,SP1,2016,Malaga,"[0, 0, 1, 0, 1, 1, 0, 1, 1, 0, 0, 0, 0, 0, 1, 0, 0, 0, 0, 0, 1, 1, 0, 1, 1, 1, 1, 0]",1.0000070522559947,2.156578207112444,1.152073732718894
1268,SP1,2016,Osasuna,"[0, 0, 0, 0, 1, 0, 0, 0, 0, 0, 0, 0, 0, 0, 0, 0, 0, 0, 0, 0, 0, 1, 1, 0, 0, 0, 1, 0]",1.0000000000014737,3.341307944353699,1.0515247108307044
1269,SP1,2016,Real Madrid,"[1, 1, 1, 1, 1, 1, 1, 1, 1, 1, 1, 1, 0, 1, 1, 1, 1, 0, 1, 1, 1, 1, 1, 1, 1, 0, 1, 1, 1, 1, 1, 1]",1.261032507627949,1.7869990979237944,2.1321961620469083
1270,SP1,2016,Sevilla,"[1, 1, 1, 0, 1, 1, 1, 0, 1, 1, 0, 1, 1, 1, 1, 1, 0, 1, 1, 1, 1, 0, 0, 1, 1, 1, 0, 0, 1]",1.0110219577916044,2.7357059781262234,3.3222591362126246
1271,SP1,2016,Sociedad,"[0, 1, 0, 1, 0, 1, 0, 1, 1, 1, 1, 0, 1, 1, 0, 1, 1, 0, 1, 1, 0, 1, 1, 0, 0, 0, 1, 0, 1, 1, 1]",1.0006473805833505,1.1221877249077818,1.7543859649122806
1272,SP1,2016,Sp Gijon,"[1, 1, 0, 0, 0, 0, 0, 0, 0, 0, 1, 0, 0, 0, 0, 0, 0, 1, 0, 0, 0, 1, 0, 0, 0, 0, 1, 1]",1.0000000037252903,1.478136879349582,1.2594458438287153
1273,SP1,2016,Valencia,"[0, 0, 0, 0, 1, 1, 0, 1, 0, 0, 0, 0, 1, 1, 0, 0, 1, 1, 0, 1, 0, 0, 1, 1, 1, 0, 0, 0, 1, 1, 0]",1.0000021813523625,4.389078388412734,1.0604453870625663
1274,SP1,2016,Villarreal,"[1, 1, 1, 1, 1, 0, 1, 0, 0, 1, 1, 0, 1, 1, 0, 1, 1, 1, 0, 0, 1, 1, 0, 1, 1, 1, 0, 1]",1.0044080667937543,1.4307425518952903,1.996007984031936
1275,SP1,2017,Alaves,"[0, 0, 0, 0, 0, 0, 1, 0, 0, 0, 1, 0, 0, 1, 1, 0, 1, 0, 1, 0, 1, 1, 1, 0, 1, 0, 0, 0, 1, 1, 0, 1, 0, 1, 1, 0]",1.0000001432840055,10.406092761162144,1.0141987829614605
1276,SP1,2017,Ath Bilbao,"[1, 1, 0, 0, 0, 1, 0, 0, 0, 1, 1, 1, 0, 0, 1, 0, 1, 0, 1, 0, 0, 0, 1, 0, 0]",1.0000167774974797,1.8781289297349788,2.6041666666666665
1277,SP1,2017,Ath Madrid,"[1, 1, 1, 1, 1, 1, 1, 1, 1, 1, 0, 1, 1, 1, 1, 1, 1, 1, 1, 0, 1, 0, 1, 1, 0, 1, 0, 1]",1.0680066232814376,6.5595193124701385,6.802721088435374
1278,SP1,2017,Barcelona,"[1, 1, 1, 1, 1, 1, 1, 1, 1, 1, 1, 1, 1, 1, 1, 1, 1, 1, 1, 1, 1, 1, 1, 1, 1, 1, 1, 0, 1]",2.576281543157095,2.980081630279913,2.0876826722338206
1279,SP1,2017,Betis,"[0, 1, 0, 1, 1, 1, 0, 1, 0, 0, 0, 0, 1, 0, 1, 1, 0, 0, 1, 1, 0, 1, 0, 1, 1, 1, 1, 1, 1, 1, 0, 0]",1.0001004625174241,2.032382073839673,1.1778563015312131
1280,SP1,2017,Celta,"[0, 0, 1, 0, 1, 1, 0, 0, 1, 0, 1, 0, 0, 1, 1, 1, 1, 0, 0, 1, 0, 1, 0, 1, 0, 0, 0, 1]",1.0000216273787577,1.394191536215651,1.2853470437017995
1281,SP1,2017,Eibar,"[1, 0, 0, 1, 0, 0, 0, 0, 0, 1, 1, 1, 1, 1, 1, 0, 1, 1, 0, 0, 1, 0, 0, 0, 0, 1, 0, 1, 1]",1.00003734536836,1.6990428015780104,2.2123893805309733
1282,SP1,2017,Espanol,"[0, 0, 1, 1, 0, 1, 0, 0, 1, 0, 0, 1, 1, 0, 0, 1, 1, 0, 0, 0, 0, 1, 1, 1, 1]",1.000149609722819,1.169291329729407,1.3623978201634876
1283,SP1,2017,Getafe,"[0, 1, 0, 1, 0, 0, 1, 1, 0, 1, 0, 1, 0, 1, 1, 0, 1, 0, 0, 1, 0, 0, 1, 1, 1, 1, 0, 1]",1.0001603743215302,1.3941915362156505,1.297016861219196
1284,SP1,2017,Girona,"[1, 0, 0, 0, 0, 1, 1, 1, 0, 1, 1, 0, 0, 1, 1, 0, 1, 0, 1, 1, 1, 0, 0, 0, 1, 0, 0, 0, 1]",1.00003734536836,1.6990428015780104,2.3640661938534278
1285,SP1,2017,La Coruna,"[0, 0, 0, 1, 0, 1, 0, 1, 0, 0, 0, 1, 0, 0, 0, 0, 0, 0, 0, 0, 0, 0, 1, 1, 0, 0, 0]",1.0000000032228296,2.3468306312988285,2.8328611898016995
1286,SP1,2017,Las Palmas,"[0, 0, 1, 1, 0, 0, 0, 0, 0, 0, 0, 0, 1, 0, 0, 0, 0, 1, 0, 1, 0, 0, 0, 0, 0, 0, 0, 0, 0, 0, 0]",1.0000000000013003,1.443675956444303,1.9120458891013383
1287,SP1,2017,Leganes,"[1, 1, 0, 0, 1, 1, 1, 0, 0, 0, 0, 1, 0, 1, 0, 1, 0, 0, 0, 0, 1, 0, 1, 0, 0, 1, 0, 0, 0, 0, 1]",1.0000006565889483,5.183990872486547,5.0
1288,SP1,2017,Levante,"[1, 1, 0, 0, 0, 1, 0, 0, 0, 0, 0, 0, 0, 0, 0, 1, 1, 1, 0, 1, 1, 1, 1, 1, 0]",1.0000526568633756,34.11623989574066,1.0040160642570282
1289,SP1,2017,Malaga,"[0, 0, 0, 0, 0, 0, 0, 0, 1, 0, 1, 0, 1, 0, 0, 0, 0, 0, 0, 0, 0, 0, 0, 0, 1, 0, 0, 0, 1, 0, 0, 0, 0]",1.0000000000000768,1.4486609064150617,1.8518518518518519
1290,SP1,2017,Real Madrid,"[1, 1, 0, 1, 1, 1, 1, 0, 1, 1, 1, 0, 0, 1, 1, 1, 1, 1, 1, 0, 1, 1, 1, 1, 1, 1, 0, 1]",1.0353839675910859,2.6583814153224874,1.088139281828074
1291,SP1,2017,Sevilla,"[1, 1, 1, 1, 0, 1, 0, 0, 1, 0, 1, 1, 1, 0, 0, 0, 0, 1, 0, 1, 1, 0, 1, 1, 0, 0, 0, 0, 1, 1, 1]",1.0001220004391758,1.1418764301879516,1.7152658662092624
1292,SP1,2017,Sociedad,"[1, 1, 1, 0, 0, 0, 1, 0, 1, 0, 0, 1, 0, 0, 0, 0, 1, 0, 1, 0, 1, 0, 0, 1, 1, 1, 0, 1, 0, 1, 0]",1.0000066297630519,2.5413467469471964,1.1001100110011002
1293,SP1,2017,Valencia,"[1, 1, 1, 1, 1, 1, 1, 1, 1, 0, 1, 0, 0, 1, 1, 0, 0, 0, 1, 1, 1, 1, 1, 1, 1, 1, 0, 0, 0, 1, 1]",1.0058675337390457,1.6010061893051915,2.1551724137931036
1294,SP1,2017,Villarreal,"[0, 0, 1, 1, 0, 1, 1, 1, 1, 0, 0, 0, 1, 1, 1, 1, 1, 0, 0, 1, 0, 0, 1, 1, 0, 0, 1, 1, 1, 0, 1]",1.0002875987894146,1.6134167067979837,2.192982456140351
1295,SP1,2018,Alaves,"[0, 1, 1, 1, 0, 1, 1, 1, 0, 1, 0, 0, 1, 1, 0, 0, 0, 1, 1, 1, 0, 0, 0, 0, 0, 0, 1]",1.0000747424113352,11.48387522556508,11.764705882352942
1296,SP1,2018,Ath Bilbao,"[1, 0, 0, 0, 0, 0, 1, 1, 1, 1, 0, 1, 1, 0, 1, 1, 1, 0, 1, 0, 1, 0, 1, 0]",1.0006383553064375,1.433367307217438,1.25
1297,SP1,2018,Ath Madrid,"[1, 0, 1, 1, 1, 1, 1, 1, 1, 1, 1, 1, 1, 0, 0, 1, 1, 1, 1, 0, 1, 1, 0, 1, 1, 1, 1, 0]",1.0353839675910859,2.6583814153224874,3.2467532467532467
1298,SP1,2018,Barcelona,"[1, 1, 1, 1, 0, 1, 1, 1, 0, 1, 1, 1, 1, 1, 1, 1, 1, 1, 1, 1, 1, 1, 1, 1, 1, 1, 1, 0, 1]",1.2768095126070789,1.6757309218467342,1.1389521640091116
1299,SP1,2018,Betis,"[0, 1, 1, 1, 0, 0, 0, 1, 0, 1, 1, 1, 0, 0, 1, 0, 1, 0, 1, 0, 1, 0, 0, 1, 0, 0, 0, 0, 1, 1]",1.0000108419256055,2.077102443916055,2.8011204481792715
1300,SP1,2018,Celta,"[1, 1, 0, 0, 0, 1, 0, 0, 1, 1, 0, 0, 0, 0, 0, 1, 0, 0, 0, 0, 0, 1, 1, 0, 1, 1, 0]",1.0000024675850911,1.1259216864190518,1.4184397163120568
1301,SP1,2018,Eibar,"[0, 0, 1, 1, 0, 0, 1, 0, 1, 1, 0, 0, 1, 1, 0, 1, 0, 1, 0, 0, 0, 1, 1, 0]",1.0000859438183252,1.4333673072174375,1.2578616352201257
1302,SP1,2018,Espanol,"[1, 0, 1, 0, 1, 1, 1, 1, 0, 0, 0, 0, 0, 0, 1, 0, 0, 0, 1, 1, 0, 0, 1, 1, 1, 1, 1]",1.0001958937576536,2.85237525222753,1.0905125408942202
1303,SP1,2018,Getafe,"[0, 1, 1, 0, 0, 1, 1, 0, 1, 1, 0, 1, 1, 0, 1, 1, 1, 1, 0, 1, 1, 0, 1, 0]",1.003565380454712,1.4508341017261661,1.2406947890818858
1304,SP1,2018,Girona,"[0, 1, 1, 0, 0, 1, 1, 1, 0, 0, 0, 0, 0, 0, 1, 1, 0, 1, 0, 0, 0, 0, 0, 0, 1, 0, 0, 0]",1.0000001256558595,1.4307425518952905,1.9455252918287937
1305,SP1,2018,Huesca,"[1, 0, 0, 0, 0, 0, 0, 0, 0, 0, 0, 0, 1, 0, 0, 1, 1, 0, 1, 0, 0, 0, 1, 0, 0, 1]",1.0000000390499972,4.99046398295989,1.0405827263267429
1306,SP1,2018,Leganes,"[0, 0, 0, 0, 1, 0, 1, 0, 1, 1, 0, 1, 0, 1, 1, 0, 1, 0, 0, 1, 1, 0, 0, 1, 0, 0]",1.0000139141738802,1.417584562397788,1.2936610608020698
1307,SP1,2018,Levante,"[1, 0, 0, 0, 0, 1, 1, 1, 1, 0, 1, 0, 0, 0, 1, 0, 0, 1, 0, 0, 0, 0, 0, 1, 0, 1, 1]",1.0000085188245282,1.2125502788520504,1.7301038062283738
1308,SP1,2018,Real Madrid,"[1, 1, 1, 1, 0, 0, 0, 0, 1, 1, 0, 1, 1, 1, 0, 1, 1, 1, 1, 1, 0, 1, 0, 1, 1, 1, 0, 1, 1, 0, 1, 0, 0]",1.0007237688584583,1.1119564282409475,1.7421602787456445
1309,SP1,2018,Sevilla,"[1, 0, 0, 1, 1, 1, 1, 0, 1, 1, 1, 1, 0, 0, 1, 0, 0, 0, 0, 1, 1, 0, 1, 1, 1, 0, 1, 0, 0, 1]",1.0001995269871187,3.5097600661574946,4.524886877828054
1310,SP1,2018,Sociedad,"[1, 0, 0, 1, 0, 1, 0, 1, 1, 0, 0, 0, 0, 1, 1, 1, 1, 0, 0, 1, 0, 0, 0, 1, 1, 1, 0]",1.0000747424113352,1.707952953687042,1.2121212121212122
1311,SP1,2018,Valencia,"[0, 1, 0, 1, 1, 0, 1, 0, 1, 1, 1, 1, 1, 1, 0, 1, 1, 0, 0, 1, 1, 1]",1.0150255836039843,1.5021085513242054,1.2254901960784315
1312,SP1,2018,Valladolid,"[0, 0, 1, 1, 1, 1, 0, 0, 0, 1, 0, 0, 0, 1, 0, 0, 0, 0, 0, 1, 0, 0, 1, 0, 1, 1, 0]",1.0000024675850911,1.8755823130992606,2.288329519450801
1313,SP1,2018,Vallecano,"[0, 0, 1, 0, 0, 0, 0, 0, 0, 1, 0, 0, 1, 1, 1, 1, 0, 0, 0, 0, 0, 0, 0, 0, 1, 0, 0, 1, 0, 0]",1.0000000024520586,2.343689107513912,3.048780487804878
1314,SP1,2018,Villarreal,"[0, 0, 1, 1, 0, 0, 0, 1, 0, 0, 0, 0, 1, 0, 0, 1, 1, 0, 0, 1, 1, 1, 0, 1]",1.0000273827455919,9.399600179321332,1.016260162601626
1315,SP1,2019,Alaves,"[1, 0, 0, 0, 1, 0, 1, 0, 0, 1, 1, 0, 0, 0, 1, 0, 1, 0, 1, 0, 1, 0, 0, 0]",1.0000077335441881,1.450834101726167,2.05761316872428
1316,SP1,2019,Ath Bilbao,"[1, 1, 1, 0, 0, 0, 1, 1, 1, 1, 0, 0, 0, 0, 0, 1, 1, 1, 0, 1]",1.0025393837573966,5.089899949782234,5.617977528089888
1317,SP1,2019,Ath Madrid,"[1, 1, 1, 0, 1, 1, 1, 0, 1, 1, 1, 0, 0, 1, 1, 1, 1, 1, 1]",1.1352475816786893,1.096270321401207,1.567398119122257
1318,SP1,2019,Barcelona,"[0, 1, 1, 0, 1, 1, 1, 1, 1, 0, 1, 1, 1, 1, 1, 1, 0, 1, 1, 1, 1, 0, 1, 1, 1, 1]",1.06639174482282,1.5737967564178146,1.1750881316098707
1319,SP1,2019,Betis,"[0, 0, 1, 1, 0, 0, 0, 1, 0, 1, 1, 1, 0, 1, 0, 0, 0, 1, 0, 0, 1, 0]",1.000053708304116,1.4654132519766008,1.937984496124031
1320,SP1,2019,Celta,"[0, 1, 0, 0, 1, 0, 0, 0, 0, 0, 1, 0, 0, 0, 1, 1, 0, 1, 1, 0]",1.0000275862345145,5.627841535723151,1.0256410256410255
1321,SP1,2019,Eibar,"[0, 0, 0, 1, 1, 0, 0, 1, 1, 0, 0, 0, 0, 1, 0, 1, 0, 0, 1, 0, 0, 0, 1, 1]",1.0000077335441881,1.450834101726167,1.2391573729863692
1322,SP1,2019,Espanol,"[0, 0, 1, 0, 0, 0, 0, 1, 0, 0, 0, 0, 0, 0, 1, 0, 1, 0, 0, 1, 0, 0, 0]",1.00000005124646,1.7767864953793953,1.1389521640091116
1323,SP1,2019,Getafe,"[0, 1, 0, 1, 1, 0, 1, 1, 1, 1, 1, 0, 0, 1, 1, 1, 1, 0, 0, 1, 0, 1]",1.0069787753789607,2.5015720958124104,2.8735632183908044
1324,SP1,2019,Granada,"[0, 1, 1, 1, 1, 0, 1, 1, 0, 0, 0, 0, 1, 0, 0, 1, 0, 0, 1, 0, 1, 1, 1, 0, 0]",1.000149609722819,1.7798390893831888,2.5510204081632653
1325,SP1,2019,Leganes,"[0, 0, 0, 0, 0, 0, 0, 1, 0, 0, 0, 0, 1, 1, 0, 1, 0, 0, 1, 0, 0, 0, 0]",1.00000005124646,7.930549544618186,1.0111223458038423
1326,SP1,2019,Levante,"[0, 1, 1, 0, 0, 1, 0, 0, 1, 1, 0, 1, 0, 0, 1, 1, 0, 0, 0, 0, 1, 0, 1, 0, 1, 0, 1]",1.0000264021157483,1.1498501929607134,1.3477088948787062
1327,SP1,2019,Mallorca,"[1, 0, 0, 0, 0, 0, 1, 1, 0, 0, 1, 0, 0, 0, 0, 0, 1, 0, 0, 0, 1, 0, 1, 0, 0, 0, 0, 1]",1.0000000241572442,1.0,1.5197568389057752
1328,SP1,2019,Osasuna,"[1, 0, 1, 0, 1, 1, 0, 1, 0, 0, 1, 0, 0, 1, 0, 0, 1, 0, 0, 1, 1]",1.0005998843070971,1.8899530183206625,2.3529411764705883
1329,SP1,2019,Real Madrid,"[1, 1, 1, 1, 1, 0, 1, 1, 1, 1, 1, 1, 1, 1, 1, 1, 0, 1, 0, 1, 1, 1, 1, 1]",1.2522183643134284,1.7921992046139361,2.044989775051125
1330,SP1,2019,Sevilla,"[1, 1, 1, 0, 0, 1, 0, 1, 1, 1, 1, 1, 0, 1, 0, 1, 0, 1, 1, 1, 1]",1.0358096089780828,1.114863803201625,1.6129032258064515
1331,SP1,2019,Sociedad,"[1, 0, 1, 1, 1, 0, 0, 1, 1, 0, 1, 0, 1, 1, 0, 0, 1, 0, 1, 1, 1, 0, 1, 0, 0, 0, 0]",1.0001958937576536,5.159462344712264,5.780346820809249
1332,SP1,2019,Valencia,"[0, 1, 0, 1, 1, 0, 1, 1, 0, 1, 1, 1, 0, 1, 1, 0, 0, 1, 0, 1, 0, 0]",1.0012732005270761,2.4032857458720343,3.125
1333,SP1,2019,Valladolid,"[1, 0, 0, 1, 1, 0, 1, 0, 0, 0, 0, 1, 0, 1, 0, 0, 1, 0]",1.0002034783347418,1.5324648525363427,1.941747572815534
1334,SP1,2019,Villarreal,"[0, 1, 1, 0, 1, 0, 1, 1, 0, 0, 0, 0, 1, 1, 1, 0, 1, 1, 1, 0, 0, 0, 1, 1, 1, 1]",1.0007850071902127,3.985282010464006,1.0695187165775402
1335,SP1,2020,Alaves,"[0, 0, 0, 1, 0, 0, 0, 0, 1, 0, 1, 1, 0, 0, 1, 0, 0, 0, 0, 1, 0, 0, 0, 0, 0, 0, 1, 1, 0, 1, 1, 0]",1.0000000082718061,1.0,1.5408320493066257
1336,SP1,2020,Ath Bilbao,"[1, 0, 0, 1, 0, 0, 0, 1, 0, 0, 1, 0, 1, 0, 1, 0, 0, 1, 0, 1, 0, 1, 0, 1, 1, 0, 1, 1, 0, 0, 0]",1.0000021813523625,1.6134167067979837,1.2239902080783354
1337,SP1,2020,Ath Madrid,"[1, 1, 1, 1, 1, 1, 1, 1, 1, 1, 1, 0, 1, 1, 1, 1, 1, 1, 1, 1, 1, 0, 1, 1, 1, 0, 1, 1, 0, 1, 1, 1, 1]",1.1448404609194427,3.5594592016754127,3.663003663003663
1338,SP1,2020,Barcelona,"[1, 1, 1, 0, 1, 1, 1, 0, 0, 1, 0, 1, 0, 1, 1, 1, 1, 1, 1, 1, 1, 1, 1, 1, 1, 1, 1, 1, 1, 0, 1, 1, 0, 1, 0, 1]",1.0109682430068903,2.286506648491762,1.1025358324145536
1339,SP1,2020,Betis,"[0, 1, 0, 0, 0, 1, 1, 0, 0, 1, 0, 0, 1, 0, 0, 0, 1, 0, 1, 0, 1, 1, 1, 0, 1, 1, 1, 1, 0, 1, 1, 1, 1]",1.0000613993407603,47.046943032284716,1.0030090270812437
1340,SP1,2020,Cadiz,"[0, 1, 0, 1, 1, 1, 0, 0, 1, 0, 0, 0, 1, 0, 0, 0, 0, 0, 1, 0, 1, 1, 0, 1, 1, 0, 0]",1.0000085188245282,1.2125502788520504,1.7006802721088434
1341,SP1,2020,Celta,"[0, 0, 1, 0, 0, 0, 0, 0, 1, 1, 1, 1, 1, 0, 0, 0, 1, 0, 1, 0, 1, 0, 0, 1, 1, 1, 1, 1, 0]",1.00003734536836,2.6725084851718366,1.1037527593818985
1342,SP1,2020,Eibar,"[0, 0, 1, 1, 0, 0, 0, 0, 1, 1, 0, 1, 0, 0, 1, 0, 0, 0, 0, 0, 0, 0, 0, 0, 0, 0, 0, 1, 1, 0, 0]",1.0000000014994237,7.721984922810562,8.403361344537815
1343,SP1,2020,Elche,"[0, 1, 1, 1, 0, 0, 0, 0, 0, 0, 0, 0, 1, 0, 0, 1, 0, 0, 0, 0, 1, 0, 0, 0, 1, 1]",1.0000002215727783,1.0,1.4814814814814814
1344,SP1,2020,Espanol,"[0, 0, 0, 0, 0]",1.0,,1.0
1345,SP1,2020,Getafe,"[0, 0, 0, 0, 1, 1, 0, 1, 0, 0, 0, 0, 1, 0, 0, 1, 1, 0, 0, 0, 0, 0, 1, 0, 0, 0, 1, 0, 0, 0, 1]",1.0000000087742942,1.2703663581307605,1.9305019305019304
1346,SP1,2020,Granada,"[1, 1, 0, 1, 1, 1, 1, 0, 1, 1, 0, 0, 0, 1, 1, 0, 1, 0, 0, 1, 0, 0, 0, 1, 0, 1, 0, 0, 1, 1, 0, 1, 0, 0, 0, 0]",1.0000013634404148,9.95984991163529,13.698630136986301
1347,SP1,2020,Huesca,"[0, 0, 0, 0, 1, 0, 0, 0, 0, 0, 1, 0, 0, 1, 0, 0, 1, 1, 0, 0, 0, 1, 0, 1, 0]",1.0000002322183192,6.131577275331127,1.0319917440660475
1348,SP1,2020,Leganes,"[1, 1, 1]",inf,,1.0
1349,SP1,2020,Levante,"[0, 0, 1, 1, 0, 1, 0, 0, 0, 1, 0, 1, 1, 0, 1, 1, 0, 1, 0, 1, 0, 0, 1, 0, 0, 0, 0, 0]",1.0000020858643386,1.405422818414341,1.9801980198019802
1350,SP1,2020,Mallorca,"[0, 1, 0, 0]",1.0666666666666667,2.0000000000000018,2.0120724346076457
1351,SP1,2020,Osasuna,"[1, 0, 1, 1, 1, 0, 0, 1, 1, 0, 0, 0, 0, 0, 0, 0, 1, 0, 1, 1, 0, 1, 0, 1, 1, 1, 0, 0, 1, 0, 0]",1.0000066297630519,2.5413467469471964,1.1037527593818985
1352,SP1,2020,Real Madrid,"[1, 1, 1, 1, 1, 1, 1, 1, 0, 1, 1, 0, 0, 1, 1, 1, 1, 1, 1, 1, 0, 1, 1, 1, 1, 1, 1, 1, 1, 1, 1, 1, 1, 1]",1.1352054535432305,3.300930040698996,1.0515247108307044
1353,SP1,2020,Sevilla,"[1, 1, 1, 1, 1, 1, 0, 0, 0, 1, 1, 1, 0, 1, 1, 1, 1, 0, 1, 1, 1, 1, 1, 1, 0, 0, 1, 1, 1, 1, 1, 1, 1, 0, 1, 0, 1]",1.0066696107630018,1.2838167312018616,1.3297872340425532
1354,SP1,2020,Sociedad,"[1, 0, 1, 1, 0, 1, 1, 1, 1, 1, 1, 0, 0, 0, 1, 0, 1, 1, 1, 1, 0, 0, 0, 1, 1, 0, 1, 0, 1, 1]",1.0010591193918743,1.3957587072550004,2.0618556701030926
1355,SP1,2020,Valencia,"[0, 1, 0, 1, 0, 1, 0, 1, 0, 0, 0, 1, 0, 0, 0, 1, 0, 1, 0, 1, 0, 1, 0, 1, 0, 0, 0, 1, 0, 1]",1.000001073742977,2.112493182879085,1.1325028312570782
1356,SP1,2020,Valladolid,"[1, 0, 0, 0, 1, 0, 0, 0, 0, 0, 1, 1, 0, 1, 0, 1, 0, 0, 0, 0, 1, 0, 0, 0, 0, 0, 0]",1.0000000239081301,4.161556982374937,4.444444444444445
1357,SP1,2020,Villarreal,"[1, 0, 1, 0, 0, 1, 1, 0, 1, 1, 1, 1, 1, 0, 1, 1, 0, 0, 0, 1, 1, 1, 0, 1, 0, 0, 1, 0, 1, 1, 0]",1.0002875987894146,4.389078388412735,4.9504950495049505
1358,SP1,2021,Alaves,"[0, 0, 0, 0, 0, 1, 0, 0, 1, 1, 1, 0, 0, 0, 0, 0, 0, 0, 1, 0, 0, 0, 0, 0, 1, 0, 1, 0, 1, 0, 0]",1.0000000014994237,1.0880029784477658,1.408450704225352
1359,SP1,2021,Ath Bilbao,"[1, 1, 0, 1, 1, 0, 0, 0, 1, 0, 1, 1, 1, 0, 1, 0, 1, 0, 1, 0, 1, 1, 0, 1, 0]",1.0009520715919464,1.7213174941320755,2.3696682464454977
1360,SP1,2021,Ath Madrid,"[1, 1, 1, 1, 0, 1, 1, 1, 1, 0, 0, 0, 0, 1, 1, 0, 1, 0, 1, 1, 1, 1, 1, 1, 0, 1, 0, 1, 1, 1]",1.0047702083675836,1.423522612105947,1.287001287001287
1361,SP1,2021,Barcelona,"[1, 1, 1, 0, 1, 0, 0, 1, 1, 0, 1, 1, 1, 1, 1, 1, 1, 1, 1, 1, 1, 0, 1, 0, 1, 1, 1, 0]",1.0181411867357049,1.478136879349582,1.25
1362,SP1,2021,Betis,"[0, 1, 1, 1, 0, 1, 1, 1, 0, 0, 1, 1, 1, 1, 0, 0, 1, 1, 0, 1, 1, 0, 0, 1, 1, 1, 0, 0, 1, 1]",1.0010591193918743,1.3957587072550004,2.070393374741201
1363,SP1,2021,Cadiz,"[0, 0, 1, 0, 0, 0, 1, 0, 0, 0, 0, 0, 1, 0, 1, 0, 1, 0, 1, 0, 1, 0, 1]",1.000009015453466,15.261812978465136,1.0030090270812437
1364,SP1,2021,Celta,"[0, 0, 0, 0, 1, 1, 0, 0, 1, 0, 1, 0, 1, 1, 0, 1, 1, 0, 1, 0, 0, 0, 1, 0, 1, 0, 1, 0]",1.0000070522559947,1.0,1.5432098765432098
1365,SP1,2021,Elche,"[0, 1, 0, 0, 1, 0, 0, 0, 0, 1, 0, 0, 1, 1, 1, 0, 1, 0, 0, 1, 0, 0, 0, 1, 1, 0, 0, 0, 1]",1.0000012762218502,1.2194514456293808,1.7857142857142858
1366,SP1,2021,Espanol,"[0, 0, 1, 0, 1, 1, 0, 1, 0, 1, 0, 1, 0, 1, 0, 0, 0, 0, 1, 1, 0, 1, 0, 0, 0, 0]",1.0000040304007103,2.2702128930571153,2.7624309392265194
1367,SP1,2021,Getafe,"[0, 0, 0, 0, 0, 0, 0, 0, 1, 0, 1, 1, 1, 0, 1, 1, 0, 0, 1, 0, 0, 1, 0]",1.000009015453466,3.0366975519767707,1.0718113612004287
1368,SP1,2021,Granada,"[0, 0, 0, 0, 1, 1, 0, 0, 1, 1, 1, 0, 0, 0, 0, 0, 0, 0, 1, 0, 0, 1, 1, 0]",1.0000018816799632,2.446390095668297,3.058103975535168
1369,SP1,2021,Levante,"[0, 0, 0, 0, 0, 0, 0, 0, 0, 0, 0, 1, 0, 0, 0, 1, 1, 0, 0, 1, 0, 1, 0, 1, 0, 1, 1]",1.0000001356566086,104.80847506312001,1.0
1370,SP1,2021,Mallorca,"[1, 1, 0, 0, 0, 1, 0, 0, 1, 0, 0, 0, 0, 1, 1, 0, 0, 0, 0, 0, 0, 0, 1, 0, 1, 0, 0, 1, 1]",1.0000003360687846,1.874136989801855,2.5974025974025974
1371,SP1,2021,Osasuna,"[1, 0, 1, 0, 1, 1, 1, 0, 0, 0, 0, 0, 1, 0, 1, 1, 0, 0, 1, 0, 1, 0, 1, 1, 0, 0, 0]",1.0000264021157483,1.1498501929607134,1.4388489208633093
1372,SP1,2021,Real Madrid,"[1, 1, 1, 1, 1, 0, 1, 1, 1, 1, 1, 1, 1, 1, 1, 0, 1, 1, 1, 1, 1, 1, 0, 1, 1, 1, 1, 1, 0, 1]",1.1323631612550908,3.325629499698156,3.5335689045936394
1373,SP1,2021,Sevilla,"[1, 1, 1, 1, 0, 1, 1, 1, 1, 0, 1, 1, 1, 1, 1, 1, 1, 0, 1, 0, 1, 1]",1.1235812393203466,1.0,1.447178002894356
1374,SP1,2021,Sociedad,"[0, 1, 1, 1, 1, 1, 1, 1, 1, 0, 0, 0, 0, 1, 1, 0, 1, 1, 0, 1, 1, 1, 0, 0, 1, 1, 0]",1.0024500208091667,1.1259216864190518,1.6474464579901154
1375,SP1,2021,Valencia,"[1, 1, 1, 0, 0, 0, 0, 1, 1, 1, 1, 0, 0, 0, 0, 0, 1, 1, 1, 0, 0, 0, 1]",1.000299532124069,3.19045476180617,3.816793893129771
1376,SP1,2021,Vallecano,"[0, 0, 1, 1, 1, 1, 0, 1, 0, 1, 0, 1, 1, 0, 1, 0, 0, 0, 0, 0, 0, 0, 0, 0, 1, 1, 0, 0, 0]",1.0000012762218502,105.00467082474118,71.42857142857143
1377,SP1,2021,Villarreal,"[1, 1, 0, 0, 0, 1, 0, 0, 1, 1, 1, 1, 0, 1, 1, 1, 1, 0, 1, 0, 0, 1, 1, 0, 1, 0, 1]",1.0011125351463466,1.2125502788520512,1.3736263736263736
1378,SP1,2022,Almeria,"[0, 1, 0, 0, 0, 0, 1, 0, 1, 0, 1, 0, 1, 0, 1, 0, 0, 0, 1, 0, 0, 1, 0, 0, 1, 0, 1, 0, 1, 0]",1.0000002911196926,1.3957587072550006,1.9920318725099602
1379,SP1,2022,Ath Bilbao,"[1, 1, 0, 1, 1, 1, 0, 0, 1, 0, 1, 0, 0, 0, 1, 1, 0, 0, 0, 1, 1, 1, 1, 0, 0, 0, 1, 0, 0]",1.00003734536836,1.6990428015780104,2.4271844660194173
1380,SP1,2022,Ath Madrid,"[1, 0, 1, 1, 0, 1, 1, 1, 1, 0, 0, 1, 0, 1, 1, 1, 1, 1, 1, 1, 1, 1, 1, 0, 1, 1, 1, 0, 1, 1]",1.0189341066500277,4.7739740892462565,1.0256410256410255
1381,SP1,2022,Barcelona,"[1, 1, 1, 1, 1, 1, 1, 0, 1, 1, 1, 1, 1, 1, 1, 1, 1, 1, 1, 1, 0, 1, 1, 1, 1, 1, 0, 1, 1, 1, 0, 0, 1, 0]",1.0382697059880182,12.674579451543174,11.494252873563218
1382,SP1,2022,Betis,"[1, 1, 1, 0, 1, 1, 0, 1, 0, 1, 0, 1, 0, 1, 0, 0, 1, 1, 1, 1, 0, 0, 1, 0, 0, 1, 1, 0, 1]",1.0005661855097403,1.1345588586097763,1.6474464579901154
1383,SP1,2022,Cadiz,"[0, 0, 0, 0, 0, 1, 0, 1, 0, 1, 0, 1, 0, 1, 0, 1, 0, 1, 0, 0, 1, 0, 0, 1, 0, 1]",1.0000040304007103,2.2702128930571153,1.1415525114155252
1384,SP1,2022,Celta,"[0, 1, 1, 0, 0, 1, 0, 0, 0, 0, 0, 1, 0, 1, 1, 0, 1, 1, 1, 0, 0, 1, 0, 0, 0, 0, 0, 1]",1.0000020858643386,1.405422818414341,1.2820512820512822
1385,SP1,2022,Elche,"[0, 0, 0, 0, 0, 0, 0, 0, 0, 0, 0, 0, 0, 1, 0, 0, 0, 1, 0, 0, 0, 0, 0, 0, 1, 0, 1, 1]",1.0000000000335254,6.5595193124701385,1.0309278350515463
1386,SP1,2022,Espanol,"[0, 0, 1, 0, 0, 1, 0, 0, 1, 1, 0, 0, 1, 1, 0, 0, 0, 0, 0, 0, 0, 1, 0, 0, 1]",1.0000011529228345,2.042007077426557,2.4038461538461537
1387,SP1,2022,Getafe,"[0, 0, 0, 1, 1, 0, 0, 1, 0, 1, 0, 0, 0, 0, 1, 0, 1, 1, 0, 0, 0, 0, 1, 0, 1, 1]",1.0000040304007103,2.2702128930571153,1.1376564277588168
1388,SP1,2022,Girona,"[0, 1, 0, 1, 0, 0, 0, 0, 1, 1, 1, 0, 0, 1, 0, 1, 1, 0, 0, 1, 1, 0, 1, 1, 1, 0, 0, 0]",1.0000216273787577,1.394191536215651,1.243781094527363
1389,SP1,2022,Mallorca,"[0, 1, 0, 1, 0, 0, 0, 1, 1, 1, 0, 1, 0, 1, 0, 1, 0, 1, 0, 0, 0, 1, 1, 0, 0, 1, 0, 1, 0, 1]",1.0000108419256055,1.0,1.5873015873015872
1390,SP1,2022,Osasuna,"[1, 1, 0, 1, 1, 0, 0, 0, 1, 1, 1, 0, 0, 1, 0, 0, 1, 0, 0, 1, 0, 1, 1, 0, 0, 1, 0, 1, 0, 1]",1.000030518509476,1.3768000610028868,2.0408163265306123
1391,SP1,2022,Real Madrid,"[1, 1, 1, 1, 1, 1, 1, 1, 1, 1, 0, 1, 1, 0, 1, 1, 0, 1, 1, 1, 0, 1, 0, 1, 1, 0, 1, 0, 1, 0, 1, 1]",1.0101240651702437,9.05371065115399,10.0
1392,SP1,2022,Sevilla,"[0, 0, 0, 1, 0, 1, 0, 0, 0, 1, 0, 1, 1, 0, 1, 0, 0, 1, 0, 1, 1, 1, 1, 0, 1, 1, 0, 0]",1.0000216273787577,3.6726779667447933,1.0683760683760684
1393,SP1,2022,Sociedad,"[1, 0, 1, 0, 1, 1, 1, 1, 1, 0, 0, 1, 1, 1, 1, 1, 0, 1, 0, 1, 0, 1, 0, 1, 1, 1, 1, 1, 0, 1]",1.0047702083675836,1.423522612105947,1.9120458891013383
1394,SP1,2022,Valencia,"[1, 0, 0, 1, 0, 1, 1, 0, 0, 1, 0, 0, 0, 0, 0, 0, 0, 1, 0, 1, 0, 0, 0, 1, 1, 0, 1, 1, 0]",1.0000012762218502,1.6301485839835352,1.218026796589525
1395,SP1,2022,Valladolid,"[0, 0, 1, 0, 0, 1, 0, 1, 1, 0, 1, 0, 0, 0, 0, 0, 1, 1, 0, 0, 1, 0, 0, 1, 1, 0, 0, 0, 0, 0, 1]",1.0000001780184222,1.5984901975973347,1.218026796589525
1396,SP1,2022,Vallecano,"[1, 0, 0, 1, 0, 1, 0, 1, 1, 1, 0, 1, 0, 1, 1, 0, 0, 0, 1, 0, 1, 0, 1, 0, 0, 0, 1, 0]",1.0000216273787577,3.6726779667447933,5.0
1397,SP1,2022,Villarreal,"[1, 1, 1, 0, 0, 1, 0, 1, 0, 0, 1, 1, 1, 1, 0, 0, 0, 0, 1, 1, 1, 1, 1, 0, 0, 1, 1, 1, 1, 1, 0]",1.0006473805833505,1.7651046730506201,1.218026796589525
1398,SP1,2023,Alaves,"[0, 1, 0, 1, 0, 0, 0, 0, 1, 0, 1, 0, 0, 0, 1, 1, 1, 0, 0, 1, 0, 0, 0, 1, 1, 1, 0, 1]",1.0000070522559947,7.332802363718645,1.0341261633919339
1399,SP1,2023,Almeria,"[0, 0, 0, 0, 0, 0, 0, 0, 0, 0, 0, 0, 0, 0, 0, 0, 0, 0, 1, 0, 0, 0, 1, 0, 0, 1]",1.0000000000006433,12.180648805535197,1.0
1400,SP1,2023,Ath Bilbao,"[0, 1, 1, 1, 1, 0, 1, 0, 1, 1, 1, 1, 1, 1, 1, 0, 1, 1, 0, 1, 1, 0, 0, 1, 0, 1, 1]",1.010485715175889,2.8120559166090873,3.5460992907801416
1401,SP1,2023,Ath Madrid,"[1, 1, 0, 1, 1, 1, 1, 1, 1, 0, 1, 1, 0, 1, 0, 1, 0, 1, 1, 1, 0, 1, 1, 0, 0, 1, 1, 0, 1, 1, 1, 1, 0, 1]",1.00268915501144,1.0,1.4947683109118086
1402,SP1,2023,Barcelona,"[1, 1, 1, 1, 1, 1, 1, 0, 1, 1, 1, 0, 1, 1, 1, 0, 1, 1, 1, 1, 1, 1, 1, 1, 0, 1, 0, 1, 1, 1, 1]",1.0769808673728831,1.4436759564443031,1.2626262626262625
1403,SP1,2023,Betis,"[1, 0, 1, 0, 1, 1, 1, 1, 0, 1, 0, 1, 1, 1, 0, 0, 0, 0, 1, 1, 1, 1, 0]",1.0042682705288792,1.7424339504346937,2.331002331002331
1404,SP1,2023,Cadiz,"[1, 0, 1, 0, 0, 0, 0, 0, 0, 0, 0, 0, 0, 0, 1, 0, 1, 0, 0, 0, 1, 1, 0]",1.0000003807656164,3.216969981136046,1.050420168067227
1405,SP1,2023,Celta,"[0, 0, 1, 0, 0, 0, 0, 0, 0, 1, 0, 1, 0, 0, 1, 0, 0, 1, 0, 1, 0, 1, 0, 1, 0, 1, 1]",1.0000024675850911,11.068631642535637,1.0131712259371835
1406,SP1,2023,Getafe,"[0, 1, 0, 1, 0, 1, 1, 0, 1, 1, 0, 0, 1, 0, 1, 0, 0, 1, 0, 1, 0, 0, 0, 0, 0]",1.0000167774974797,6.610424774849898,6.134969325153374
1407,SP1,2023,Girona,"[1, 1, 1, 1, 1, 1, 0, 1, 1, 1, 1, 1, 1, 1, 1, 1, 1, 1, 0, 0, 1, 0, 1, 0, 1, 0, 1, 1, 1, 0, 1, 1]",1.0196375040140082,27.945911368590536,20.833333333333332
1408,SP1,2023,Granada,"[0, 0, 1, 0, 0, 0, 0, 0, 0, 0, 0, 0, 0, 1, 0, 0, 0, 0, 0, 0, 0, 0, 1, 1, 0, 0, 0, 0, 0]",1.0000000000009028,1.059970797209226,1.3404825737265416
1409,SP1,2023,Las Palmas,"[0, 0, 0, 1, 0, 1, 1, 0, 1, 1, 0, 1, 1, 0, 0, 1, 1, 0, 1, 0, 0, 0, 0, 0, 0, 0, 0, 0]",1.0000005492724295,8.078941288262076,8.547008547008547
1410,SP1,2023,Mallorca,"[0, 0, 1, 0, 0, 0, 0, 1, 1, 0, 0, 0, 1, 0, 1, 0, 1, 0, 0, 0, 1, 1]",1.0000147009957618,2.5015720958124104,1.088139281828074
1411,SP1,2023,Osasuna,"[1, 0, 1, 0, 0, 0, 1, 0, 1, 0, 0, 0, 1, 0, 1, 1, 0, 0, 1, 1, 1, 0, 0, 1, 0, 0, 0, 0, 1]",1.0000043148663462,1.1345588586097761,1.4771048744460857
1412,SP1,2023,Real Madrid,"[1, 1, 1, 1, 1, 0, 1, 1, 1, 1, 1, 1, 1, 1, 1, 1, 1, 1, 1, 1, 1, 1, 1, 1, 1, 1, 1, 1, 1, 1]",2.508673743496829,2.991486736749604,1.0
1413,SP1,2023,Sevilla,"[0, 0, 0, 1, 1, 0, 0, 0, 0, 1, 0, 0, 0, 0, 1, 1, 0, 1, 0, 1, 1, 1, 1, 0, 0, 0, 0]",1.0000024675850911,11.068631642535644,1.0131712259371835
1414,SP1,2023,Sociedad,"[1, 0, 1, 1, 1, 0, 1, 0, 1, 1, 1, 0, 1, 0, 1, 0, 0, 1, 1, 1, 0, 1, 0, 1, 1, 0]",1.0018184244638189,2.2702128930571153,2.6737967914438503
1415,SP1,2023,Valencia,"[1, 1, 0, 0, 1, 0, 0, 1, 1, 0, 0, 0, 1, 1, 1, 1, 0, 1, 0, 1, 0, 1, 1, 0, 0, 0, 0, 0]",1.0000216273787577,1.394191536215651,2.032520325203252
1416,SP1,2023,Vallecano,"[1, 1, 0, 0, 1, 1, 0, 0, 0, 0, 1, 0, 0, 0, 0, 0, 0, 1, 1, 0, 0, 1, 0, 0]",1.0000018816799632,2.446390095668297,3.1545741324921135
1417,SP1,2023,Villarreal,"[0, 1, 0, 0, 1, 0, 0, 1, 0, 0, 1, 0, 0, 1, 0, 0, 1, 1, 1, 1, 1, 0, 1, 1, 0, 1, 1]",1.0001958937576536,11.483875225565088,1.015228426395939
1418,SP1,2024,Alaves,"[0, 1, 1, 0, 1, 0, 0, 0, 0, 0, 1, 0, 0, 0, 1, 0, 0, 0, 1, 0, 1, 0, 1, 0, 1, 1]",1.0000040304007103,2.2702128930571153,1.1415525114155252
1419,SP1,2024,Ath Bilbao,"[0, 1, 0, 1, 1, 1, 0, 1, 1, 1, 1, 1, 1, 1, 1, 1, 0, 1, 1, 0, 1, 1, 1, 1, 0]",1.0385653185700183,1.0927524725131645,1.639344262295082
1420,SP1,2024,Ath Madrid,"[1, 1, 1, 1, 1, 0, 1, 1, 1, 1, 1, 1, 1, 1, 0, 1, 1, 1, 0, 0, 1, 1, 0, 1, 1, 0, 1, 1]",1.0353839675910859,13.723441425588014,12.048192771084338
1421,SP1,2024,Barcelona,"[1, 1, 1, 1, 1, 1, 1, 0, 1, 1, 1, 1, 0, 0, 1, 0, 0, 1, 1, 1, 1, 1, 1, 1, 1, 1, 1, 1, 1, 1, 1, 1, 0, 1]",1.0382697059880182,12.674579451543174,1.0111223458038423
1422,SP1,2024,Betis,"[0, 1, 1, 0, 1, 0, 1, 1, 0, 0, 1, 0, 0, 1, 0, 1, 1, 1, 1, 1, 1, 0, 1, 1, 1, 0]",1.0018184244638189,8.629369143400936,1.0235414534288638
1423,SP1,2024,Celta,"[1, 1, 0, 0, 1, 0, 0, 1, 0, 0, 1, 0, 1, 0, 1, 0, 0, 0, 1, 1, 1, 1, 1, 0, 0, 1, 0, 1, 1, 0, 1]",1.0000491355329604,2.61572821872245,1.1086474501108647
1424,SP1,2024,Espanol,"[0, 0, 1, 1, 0, 0, 0, 1, 0, 0, 0, 0, 1, 0, 0, 1, 1, 0, 1, 0, 1, 1, 1, 0, 0, 0, 0, 0, 1]",1.0000012762218502,4.725042137738414,1.037344398340249
1425,SP1,2024,Getafe,"[0, 0, 0, 1, 0, 0, 1, 0, 1, 0, 0, 1, 1, 1, 1, 0, 0, 1, 1, 0, 1, 0, 0, 0, 0, 0, 0, 1, 0]",1.0000012762218502,3.0170403900747007,3.663003663003663
1426,SP1,2024,Girona,"[0, 1, 1, 0, 0, 1, 0, 0, 1, 1, 1, 0, 0, 1, 1, 0, 0, 1, 0, 0, 0, 0, 0, 0, 0, 1, 0, 1, 0, 0]",1.0000002911196926,16.213956228192743,13.698630136986301
1427,SP1,2024,Las Palmas,"[0, 0, 0, 0, 0, 0, 1, 1, 0, 1, 0, 1, 1, 1, 0, 0, 0, 0, 0, 0, 0, 0, 1, 1, 0, 0, 0, 0, 0, 0]",1.0000000024520586,9.366712016344753,13.157894736842104
1428,SP1,2024,Leganes,"[1, 0, 0, 0, 0, 1, 0, 1, 0, 0, 1, 0, 1, 0, 0, 0, 1, 0, 0, 0, 0, 1, 0, 1, 1]",1.0000047384037907,1.2504075805649362,1.8518518518518519
1429,SP1,2024,Mallorca,"[0, 1, 0, 1, 1, 1, 0, 1, 0, 0, 1, 1, 0, 0, 1, 1, 0, 0, 0, 1, 1, 0, 0, 1, 0, 0, 1, 0, 0]",1.0000132324636137,2.796305669936188,3.4364261168384878
1430,SP1,2024,Osasuna,"[1, 0, 1, 0, 1, 1, 0, 1, 1, 0, 0, 0, 1, 0, 0, 0, 1, 1, 1, 0, 1, 1]",1.0012732005270761,1.0,1.4684287812041117
1431,SP1,2024,Real Madrid,"[1, 1, 1, 1, 1, 1, 1, 0, 1, 1, 1, 0, 1, 1, 1, 1, 1, 0, 1, 0, 1, 1, 1, 0, 1, 1, 1, 1, 0, 1, 1, 1]",1.0374222121779535,2.6190772794528927,3.1055900621118013
1432,SP1,2024,Sevilla,"[0, 0, 1, 0, 1, 1, 0, 1, 0, 0, 1, 0, 1, 0, 1, 0, 1, 1, 0, 0, 0, 0, 0, 0, 1, 0, 0]",1.0000024675850911,1.8755823130992606,2.4330900243309004
1433,SP1,2024,Sociedad,"[0, 1, 0, 0, 0, 1, 1, 0, 1, 1, 0, 1, 1, 0, 1, 0, 0, 0, 1, 0, 1, 0, 0, 1, 1, 0, 0, 0, 0, 1, 0]",1.0000021813523625,2.753724121122936,3.8910505836575875
1434,SP1,2024,Valencia,"[0, 0, 0, 0, 1, 0, 0, 1, 0, 0, 0, 0, 1, 0, 1, 1, 0, 1, 1, 1, 1, 1, 1, 0, 0]",1.0000526568633756,34.11623989574068,1.0070493454179255
1435,SP1,2024,Valladolid,"[1, 0, 0, 0, 0, 0, 0, 1, 0, 0, 0, 0, 0, 1, 0, 1, 0, 0, 0, 0, 0, 0, 0, 0, 0, 0, 0, 0, 0, 0, 0, 0, 0, 0]",1.0000000000000009,24.20701141958042,21.27659574468085
1436,SP1,2024,Vallecano,"[1, 0, 0, 1, 1, 0, 1, 0, 0, 0, 1, 1, 1, 1, 1, 0, 0, 0, 1, 0, 0, 0, 1, 1, 1]",1.0003910298510639,1.169291329729407,1.694915254237288
1437,SP1,2024,Villarreal,"[1, 1, 1, 0, 1, 1, 0, 1, 1, 0, 0, 1, 0, 1, 1, 1, 1, 0, 0, 1, 1, 0, 1, 1, 1, 1, 1, 1]",1.0090809969140144,2.370743478581191,1.1173184357541899
