,Division,Season,Team,Sequence
0,D1,2000,Bayern Munich,"[3, 3, 3, 0, 3, 3, 0, 0, 3, 1, 3, 0, 0, 1, 3, 1, 3, 3, 3, 3, 3, 0, 1, 0, 3, 3, 0, 1, 0, 3, 3, 3, 3, 1]"
1,D1,2000,Bochum,"[3, 0, 0, 0, 3, 1, 3, 0, 0, 0, 1, 0, 1, 0, 3, 0, 3, 0, 0, 0, 0, 1, 1, 0, 0, 0, 3, 3, 0, 0, 1, 0, 0, 0]"
2,D1,2000,Cottbus,"[0, 0, 0, 3, 0, 0, 1, 3, 0, 3, 1, 3, 0, 0, 3, 0, 0, 3, 0, 3, 0, 0, 3, 0, 0, 3, 0, 1, 0, 3, 0, 0, 3, 3]"
3,D1,2000,Dortmund,"[3, 3, 0, 3, 3, 0, 1, 3, 0, 0, 0, 3, 1, 3, 3, 3, 1, 3, 3, 0, 1, 3, 1, 3, 1, 0, 3, 1, 0, 3, 1, 1, 3, 1]"
4,D1,2000,Ein Frankfurt,"[3, 0, 3, 0, 3, 1, 1, 0, 0, 3, 0, 3, 3, 0, 0, 0, 0, 0, 0, 3, 3, 1, 0, 0, 1, 1, 0, 0, 0, 0, 0, 3, 0, 3]"
5,D1,2000,FC Koln,"[0, 3, 1, 1, 0, 0, 0, 3, 0, 3, 1, 3, 3, 3, 3, 0, 1, 1, 3, 0, 0, 0, 1, 3, 3, 1, 3, 1, 1, 0, 3, 0, 0, 1]"
6,D1,2000,Freiburg,"[3, 1, 1, 1, 3, 0, 0, 0, 3, 0, 0, 0, 3, 1, 1, 3, 3, 1, 3, 3, 1, 3, 0, 0, 1, 1, 3, 1, 3, 3, 0, 3, 3, 3]"
7,D1,2000,Hamburg,"[1, 0, 3, 3, 0, 1, 3, 1, 3, 0, 3, 0, 0, 0, 0, 3, 0, 0, 0, 0, 3, 0, 3, 3, 1, 1, 1, 1, 1, 1, 3, 1, 0, 1]"
8,D1,2000,Hansa Rostock,"[0, 0, 0, 1, 3, 3, 3, 0, 3, 1, 0, 1, 0, 3, 0, 0, 3, 0, 0, 0, 1, 3, 3, 3, 0, 3, 0, 1, 1, 3, 0, 3, 1, 0]"
9,D1,2000,Hertha,"[0, 3, 3, 0, 3, 0, 3, 3, 3, 3, 3, 0, 0, 3, 1, 0, 0, 0, 3, 3, 0, 3, 0, 3, 3, 0, 3, 0, 3, 0, 3, 0, 1, 3]"
10,D1,2000,Kaiserslautern,"[0, 0, 3, 1, 3, 0, 1, 3, 3, 3, 3, 0, 0, 0, 3, 1, 3, 3, 1, 0, 3, 3, 0, 3, 3, 3, 0, 0, 3, 0, 0, 1, 0, 0]"
11,D1,2000,Leverkusen,"[3, 0, 3, 1, 0, 3, 1, 1, 3, 1, 3, 3, 3, 3, 0, 3, 0, 0, 3, 3, 3, 0, 0, 0, 3, 3, 0, 3, 0, 1, 3, 0, 1, 3]"
12,D1,2000,Munich 1860,"[1, 3, 3, 1, 0, 3, 1, 0, 0, 0, 1, 1, 1, 0, 0, 3, 3, 3, 0, 3, 0, 1, 3, 3, 0, 0, 0, 0, 3, 3, 0, 3, 1, 0]"
13,D1,2000,Schalke 04,"[3, 3, 3, 1, 1, 3, 0, 3, 0, 1, 0, 3, 3, 3, 0, 3, 3, 1, 3, 0, 3, 0, 1, 0, 1, 1, 3, 3, 3, 3, 1, 3, 0, 3]"
14,D1,2000,Stuttgart,"[0, 3, 0, 3, 0, 1, 1, 1, 1, 0, 3, 0, 1, 0, 0, 0, 3, 1, 0, 3, 0, 0, 1, 3, 1, 1, 0, 1, 3, 0, 3, 1, 3, 0]"
15,D1,2000,Unterhaching,"[0, 1, 0, 1, 0, 3, 0, 0, 1, 3, 1, 1, 3, 3, 0, 0, 3, 1, 0, 0, 0, 3, 3, 0, 0, 1, 1, 1, 1, 0, 3, 1, 0, 0]"
16,D1,2000,Werder Bremen,"[3, 0, 0, 0, 1, 1, 3, 1, 0, 1, 0, 3, 1, 3, 3, 0, 0, 1, 3, 3, 1, 3, 3, 3, 0, 0, 3, 3, 3, 0, 0, 1, 3, 3]"
17,D1,2000,Wolfsburg,"[0, 3, 0, 3, 0, 1, 1, 3, 3, 1, 1, 1, 1, 0, 3, 3, 0, 3, 1, 0, 3, 1, 0, 0, 3, 1, 3, 1, 0, 3, 1, 0, 3, 0]"
18,D1,2001,Bayern Munich,"[0, 3, 1, 3, 3, 3, 3, 3, 3, 3, 3, 3, 0, 1, 0, 1, 0, 1, 0, 3, 0, 1, 3, 3, 3, 3, 1, 3, 1, 1, 3, 3, 3, 3]"
19,D1,2001,Cottbus,"[3, 0, 3, 3, 1, 1, 0, 0, 0, 0, 0, 0, 1, 1, 0, 0, 1, 0, 3, 0, 3, 0, 3, 0, 3, 0, 3, 0, 3, 1, 1, 1, 0, 0]"
20,D1,2001,Dortmund,"[3, 3, 3, 3, 0, 0, 1, 3, 3, 0, 3, 3, 3, 3, 3, 3, 1, 1, 3, 1, 3, 1, 1, 0, 1, 3, 3, 3, 0, 3, 0, 3, 3, 3]"
21,D1,2001,FC Koln,"[1, 3, 0, 0, 3, 1, 0, 0, 0, 0, 0, 0, 0, 3, 0, 1, 1, 1, 0, 0, 0, 0, 1, 0, 1, 0, 3, 0, 1, 0, 3, 0, 3, 3]"
22,D1,2001,Freiburg,"[3, 0, 0, 1, 1, 0, 3, 0, 1, 3, 1, 3, 0, 0, 0, 1, 1, 0, 3, 1, 1, 0, 0, 0, 1, 0, 0, 0, 0, 0, 0, 3, 0, 3]"
23,D1,2001,Hamburg,"[0, 3, 1, 0, 0, 1, 0, 1, 3, 3, 0, 0, 1, 0, 3, 0, 1, 3, 0, 3, 1, 3, 0, 3, 3, 0, 1, 1, 1, 0, 1, 3, 0, 0]"
24,D1,2001,Hansa Rostock,"[0, 3, 0, 0, 1, 1, 0, 1, 0, 3, 3, 0, 0, 1, 0, 3, 3, 0, 0, 3, 0, 3, 0, 1, 0, 3, 0, 1, 0, 3, 0, 0, 1, 0]"
25,D1,2001,Hertha,"[1, 0, 3, 0, 1, 3, 0, 3, 0, 3, 3, 3, 3, 1, 3, 1, 3, 1, 0, 1, 0, 3, 3, 3, 1, 3, 3, 3, 0, 3, 3, 0, 3, 0]"
26,D1,2001,Kaiserslautern,"[3, 3, 3, 3, 3, 3, 3, 0, 3, 0, 1, 0, 3, 0, 3, 3, 1, 0, 3, 3, 1, 0, 3, 0, 3, 0, 1, 0, 0, 1, 3, 0, 3, 0]"
27,D1,2001,Leverkusen,"[3, 3, 1, 1, 3, 3, 1, 3, 3, 3, 3, 3, 3, 3, 0, 3, 0, 0, 3, 0, 0, 3, 1, 3, 1, 3, 3, 3, 3, 3, 1, 0, 0, 3]"
28,D1,2001,MGladbach,"[3, 0, 1, 3, 0, 1, 1, 0, 0, 3, 1, 0, 1, 0, 1, 0, 1, 1, 0, 0, 3, 0, 3, 1, 3, 0, 3, 3, 3, 1, 0, 1, 1, 0]"
29,D1,2001,Munich 1860,"[0, 0, 1, 3, 3, 0, 3, 1, 0, 0, 0, 3, 0, 3, 3, 3, 1, 3, 3, 0, 3, 0, 0, 3, 3, 0, 0, 0, 3, 0, 3, 1, 1, 3]"
30,D1,2001,Nurnberg,"[0, 3, 0, 0, 0, 0, 3, 1, 0, 0, 0, 0, 3, 1, 0, 0, 1, 1, 0, 3, 3, 3, 0, 3, 0, 0, 0, 0, 3, 0, 0, 0, 3, 3]"
31,D1,2001,Schalke 04,"[0, 1, 1, 3, 3, 3, 0, 3, 0, 3, 1, 3, 1, 0, 3, 1, 0, 3, 3, 3, 3, 3, 1, 3, 0, 3, 3, 3, 1, 3, 0, 3, 0, 0]"
32,D1,2001,St Pauli,"[1, 1, 0, 0, 0, 0, 1, 0, 1, 3, 0, 0, 0, 0, 0, 0, 1, 1, 3, 0, 3, 0, 1, 1, 1, 3, 0, 0, 0, 1, 0, 0, 0, 0]"
33,D1,2001,Stuttgart,"[1, 0, 1, 3, 1, 3, 3, 0, 3, 0, 3, 0, 3, 1, 1, 0, 1, 1, 3, 3, 0, 0, 3, 1, 0, 0, 0, 3, 3, 3, 1, 1, 1, 3]"
34,D1,2001,Werder Bremen,"[0, 3, 1, 0, 0, 1, 3, 3, 3, 0, 3, 3, 3, 3, 3, 3, 1, 3, 0, 0, 0, 3, 1, 0, 0, 3, 0, 0, 3, 1, 3, 3, 3, 0]"
35,D1,2001,Wolfsburg,"[0, 1, 0, 1, 1, 0, 0, 3, 3, 0, 0, 3, 0, 3, 3, 1, 3, 3, 0, 1, 1, 3, 0, 0, 0, 3, 1, 3, 0, 0, 3, 3, 0, 3]"
36,D1,2002,Bayern Munich,"[1, 3, 3, 3, 3, 3, 0, 3, 3, 1, 0, 3, 3, 3, 3, 3, 1, 3, 1, 3, 3, 3, 3, 1, 0, 0, 3, 3, 3, 3, 0]"
37,D1,2002,Bielefeld,"[3, 0, 3, 1, 0, 0, 3, 0, 1, 3, 0, 0, 0, 1, 3, 3, 1, 1, 1, 1, 0, 1, 3, 1, 0, 3, 1, 1, 0, 0, 0, 0]"
38,D1,2002,Bochum,"[3, 3, 3, 1, 0, 1, 0, 0, 3, 3, 0, 3, 0, 1, 0, 1, 1, 3, 0, 3, 1, 0, 0, 0, 0, 1, 0, 3, 3, 1, 3, 1, 3]"
39,D1,2002,Cottbus,"[1, 0, 0, 3, 0, 0, 0, 0, 0, 1, 0, 0, 3, 1, 0, 1, 0, 3, 3, 1, 3, 0, 0, 0, 0, 0, 0, 1, 1, 1, 0, 3, 1]"
40,D1,2002,Dortmund,"[1, 1, 3, 1, 1, 3, 3, 3, 1, 3, 1, 0, 3, 0, 3, 3, 3, 0, 3, 1, 3, 0, 3, 1, 0, 1, 3, 1, 1, 3, 1, 1]"
41,D1,2002,Hamburg,"[3, 0, 0, 0, 3, 0, 3, 0, 3, 0, 1, 3, 3, 1, 3, 1, 1, 1, 3, 0, 3, 1, 3, 0, 3, 1, 1, 3, 1, 3, 1, 3]"
42,D1,2002,Hannover,"[0, 0, 0, 0, 3, 1, 3, 0, 1, 1, 3, 3, 0, 0, 0, 0, 1, 1, 3, 3, 3, 3, 0, 3, 1, 0, 3, 0, 0, 3, 1, 3]"
43,D1,2002,Hansa Rostock,"[3, 3, 3, 0, 3, 0, 0, 1, 0, 0, 1, 0, 1, 1, 3, 0, 1, 0, 3, 1, 1, 0, 0, 3, 0, 3, 0, 0, 1, 3, 0, 3, 0]"
44,D1,2002,Hertha,"[1, 1, 1, 0, 3, 3, 0, 3, 3, 1, 0, 3, 3, 0, 0, 1, 0, 3, 0, 3, 1, 0, 3, 3, 3, 0, 3, 3, 3, 0, 0, 0, 3]"
45,D1,2002,Kaiserslautern,"[1, 0, 0, 1, 0, 1, 0, 3, 0, 1, 0, 0, 0, 0, 3, 0, 3, 0, 1, 3, 3, 1, 3, 3, 3, 1, 3, 0, 3, 0, 1, 1, 0]"
46,D1,2002,Leverkusen,"[1, 1, 0, 3, 0, 0, 3, 0, 3, 1, 0, 3, 1, 1, 0, 3, 0, 0, 0, 0, 3, 0, 1, 0, 3, 0, 0, 1, 3, 0, 3, 3]"
47,D1,2002,MGladbach,"[1, 0, 3, 3, 1, 0, 0, 3, 0, 0, 0, 3, 1, 1, 0, 3, 0, 0, 0, 0, 1, 3, 0, 3, 0, 3, 1, 1, 1, 3, 1, 3]"
48,D1,2002,Munich 1860,"[0, 3, 3, 0, 1, 1, 3, 0, 3, 3, 3, 0, 0, 1, 3, 0, 1, 3, 0, 1, 1, 0, 0, 1, 3, 0, 1, 1, 3, 3, 0, 0]"
49,D1,2002,Nurnberg,"[0, 0, 3, 0, 0, 3, 3, 0, 0, 1, 3, 3, 0, 1, 0, 1, 3, 0, 0, 0, 1, 0, 0, 3, 1, 0, 1, 0, 0, 0, 0, 0]"
50,D1,2002,Schalke 04,"[3, 3, 1, 1, 1, 3, 0, 3, 0, 1, 3, 0, 3, 1, 3, 1, 1, 3, 1, 0, 1, 1, 1, 0, 1, 1, 3, 3, 0, 0, 0, 0, 3]"
51,D1,2002,Stuttgart,"[1, 1, 0, 1, 1, 3, 0, 3, 3, 1, 3, 3, 1, 3, 0, 0, 3, 3, 3, 3, 3, 1, 3, 0, 3, 3, 0, 1, 3, 0, 0, 3]"
52,D1,2002,Werder Bremen,"[0, 3, 0, 3, 3, 3, 3, 1, 1, 0, 3, 0, 3, 3, 3, 1, 3, 1, 0, 0, 0, 3, 0, 0, 3, 3, 0, 0, 3, 3, 3, 0]"
53,D1,2002,Wolfsburg,"[0, 3, 0, 3, 1, 0, 3, 3, 0, 3, 0, 3, 0, 3, 0, 1, 0, 0, 1, 1, 3, 1, 3, 0, 3, 3, 0, 1, 1, 3, 0]"
54,D1,2003,Bayern Munich,"[3, 1, 3, 3, 1, 3, 0, 1, 3, 3, 1, 3, 0, 3, 1, 1, 3, 3, 3, 0, 3]"
55,D1,2003,Bochum,"[0, 1, 1, 3, 3, 3, 0, 0, 3, 1, 3, 1, 3, 1, 3, 1, 0, 0, 3, 3, 1]"
56,D1,2003,Dortmund,"[1, 3, 0, 3, 3, 3, 0, 0, 1, 0, 3, 0, 0, 1, 3, 1, 3, 3, 3, 0, 3]"
57,D1,2003,Ein Frankfurt,"[0, 0, 1, 0, 0, 3, 1, 0, 0, 1, 3, 1, 3, 0, 3, 0, 0, 0, 0, 0, 3]"
58,D1,2003,FC Koln,"[0, 0, 0, 0, 1, 3, 0, 0, 1, 1, 3, 3, 0, 0, 0, 0, 0, 1, 0, 3, 0, 0, 0]"
59,D1,2003,Freiburg,"[0, 1, 3, 0, 3, 0, 0, 0, 3, 0, 0, 3, 0, 0, 3, 0, 1, 1, 3, 1, 0, 0, 0]"
60,D1,2003,Hamburg,"[0, 1, 3, 1, 3, 0, 1, 1, 3, 3, 0, 1, 3, 0, 3, 0, 3, 0, 0, 3, 3]"
61,D1,2003,Hannover,"[3, 1, 3, 0, 0, 0, 1, 3, 1, 0, 1, 3, 0, 0, 0, 0, 1, 1, 3, 3, 1, 0]"
62,D1,2003,Hansa Rostock,"[0, 1, 0, 0, 0, 0, 0, 1, 3, 1, 0, 0, 3, 1, 3, 1, 0, 3, 1, 0, 0, 3, 0]"
63,D1,2003,Hertha,"[0, 1, 0, 0, 3, 1, 0, 0, 3, 3, 3, 1, 0, 1, 0, 1, 3, 1, 3]"
64,D1,2003,Kaiserslautern,"[0, 3, 3, 3, 0, 3, 0, 0, 0, 1, 0, 3, 0, 3, 3, 1, 0, 0, 0, 3, 0]"
65,D1,2003,Leverkusen,"[3, 3, 3, 3, 3, 1, 0, 3, 0, 0, 0, 0, 3, 3, 3, 1, 3, 3, 3, 3]"
66,D1,2003,MGladbach,"[3, 0, 1, 0, 1, 0, 1, 0, 3, 3, 0, 0, 0, 3, 0, 3, 0, 1, 3, 1, 0, 3]"
67,D1,2003,Munich 1860,"[3, 1, 0, 0, 0, 3, 1, 3, 0, 1, 0, 3, 1, 3, 0, 0, 1, 3, 0, 0, 0, 0, 0]"
68,D1,2003,Schalke 04,"[1, 1, 0, 1, 3, 0, 1, 3, 3, 3, 1, 3, 1, 3, 1, 3, 0, 1, 3, 3, 0, 0, 0, 1]"
69,D1,2003,Stuttgart,"[3, 3, 3, 1, 3, 3, 3, 1, 0, 0, 3, 0, 1, 3, 3, 1, 1, 3, 3, 3, 3, 0]"
70,D1,2003,Werder Bremen,"[3, 3, 3, 3, 0, 3, 1, 3, 3, 3, 3, 3, 3, 3, 3, 1, 1, 3, 1, 1]"
71,D1,2003,Wolfsburg,"[3, 0, 3, 0, 0, 3, 0, 3, 3, 1, 0, 0, 3, 0, 0, 0, 0, 0, 3, 3, 1]"
72,D1,2004,Bayern Munich,"[3, 1, 0, 3, 1, 3, 3, 0, 3, 3, 0, 3, 3, 3, 3, 1, 1, 3, 1, 3, 0, 3, 3, 3, 0, 3, 3, 3, 3, 3, 3, 3, 3, 3]"
73,D1,2004,Bielefeld,"[1, 0, 0, 1, 3, 3, 0, 3, 3, 0, 0, 3, 3, 3, 0, 1, 0, 0, 0, 1, 3, 1, 3, 0, 0, 0, 3, 0, 1, 3, 0, 0, 1, 0]"
74,D1,2004,Bochum,"[1, 1, 3, 1, 1, 0, 0, 0, 0, 3, 0, 1, 0, 0, 3, 0, 0, 1, 0, 1, 0, 3, 0, 0, 0, 3, 1, 3, 3, 0, 0, 0, 3, 3]"
75,D1,2004,Dortmund,"[0, 3, 1, 1, 1, 1, 1, 0, 0, 3, 3, 0, 0, 3, 0, 0, 1, 3, 1, 3, 3, 0, 3, 1, 0, 3, 3, 3, 1, 3, 1, 3, 3, 3]"
76,D1,2004,Freiburg,"[1, 3, 1, 1, 1, 0, 0, 0, 3, 0, 0, 0, 0, 0, 0, 0, 1, 1, 3, 0, 1, 0, 0, 0, 0, 0, 1, 0, 0, 0, 1, 0, 0, 0]"
77,D1,2004,Hamburg,"[0, 0, 3, 0, 0, 3, 0, 0, 3, 3, 1, 0, 3, 3, 3, 0, 3, 0, 3, 3, 3, 3, 0, 3, 3, 0, 1, 0, 3, 3, 0, 1, 0, 0]"
78,D1,2004,Hannover,"[0, 1, 1, 0, 3, 0, 3, 3, 3, 3, 3, 0, 3, 1, 1, 3, 0, 0, 3, 0, 1, 0, 0, 0, 0, 3, 3, 0, 0, 0, 3, 0, 3, 1]"
79,D1,2004,Hansa Rostock,"[1, 0, 3, 0, 0, 1, 0, 3, 0, 0, 0, 0, 0, 1, 0, 1, 1, 1, 0, 1, 0, 0, 1, 3, 3, 0, 3, 0, 3, 0, 3, 0, 1, 0]"
80,D1,2004,Hertha,"[1, 1, 1, 1, 1, 0, 3, 3, 0, 0, 3, 1, 3, 1, 3, 3, 3, 1, 1, 3, 3, 0, 3, 1, 1, 3, 0, 3, 3, 3, 0, 3, 1, 1]"
81,D1,2004,Kaiserslautern,"[0, 0, 0, 3, 3, 0, 0, 0, 1, 0, 3, 1, 3, 0, 3, 3, 1, 3, 3, 1, 3, 0, 1, 1, 3, 0, 0, 3, 0, 0, 0, 3, 0, 0]"
82,D1,2004,Leverkusen,"[3, 1, 3, 0, 1, 0, 3, 0, 1, 3, 0, 3, 1, 0, 3, 3, 1, 3, 3, 0, 3, 3, 1, 0, 1, 3, 0, 0, 3, 3, 1, 3, 1, 3]"
83,D1,2004,MGladbach,"[1, 0, 1, 3, 0, 1, 0, 3, 0, 0, 3, 1, 3, 0, 0, 0, 1, 3, 1, 3, 0, 0, 1, 3, 0, 0, 1, 0, 1, 1, 3, 1, 1, 0]"
84,D1,2004,Mainz,"[0, 3, 1, 3, 1, 1, 3, 3, 0, 3, 0, 1, 0, 3, 0, 0, 0, 0, 0, 0, 0, 1, 0, 3, 1, 3, 0, 0, 1, 3, 3, 0, 3, 3]"
85,D1,2004,Nurnberg,"[3, 1, 0, 1, 1, 0, 1, 3, 0, 0, 3, 3, 0, 1, 0, 1, 3, 0, 3, 0, 0, 0, 0, 1, 3, 0, 0, 3, 3, 1, 0, 3, 0, 0]"
86,D1,2004,Schalke 04,"[0, 3, 0, 0, 3, 0, 3, 3, 3, 3, 3, 3, 0, 3, 3, 3, 1, 3, 0, 1, 3, 3, 3, 3, 3, 0, 3, 0, 0, 0, 1, 3, 0, 3]"
87,D1,2004,Stuttgart,"[3, 1, 3, 3, 1, 3, 3, 3, 0, 0, 0, 3, 0, 3, 1, 3, 1, 3, 0, 1, 0, 3, 1, 3, 3, 3, 3, 3, 0, 1, 0, 3, 0, 0]"
88,D1,2004,Werder Bremen,"[3, 3, 0, 0, 3, 3, 0, 0, 3, 3, 1, 1, 1, 0, 3, 3, 1, 0, 3, 3, 3, 3, 3, 0, 1, 3, 0, 3, 0, 0, 3, 0, 3, 3]"
89,D1,2004,Wolfsburg,"[3, 0, 3, 3, 3, 3, 3, 0, 3, 0, 3, 0, 3, 0, 0, 0, 3, 0, 0, 0, 0, 3, 1, 0, 3, 0, 0, 3, 0, 1, 3, 0, 1, 3]"
90,D1,2005,Bayern Munich,"[3, 3, 3, 3, 3, 3, 0, 3, 1, 3, 3, 3, 3, 3, 1, 3, 3, 3, 3, 1, 3, 1, 3, 0, 1, 3, 3, 1, 0, 3, 1, 3, 1, 1]"
91,D1,2005,Bielefeld,"[0, 0, 3, 1, 1, 0, 0, 1, 3, 3, 3, 0, 0, 1, 0, 1, 3, 0, 0, 1, 3, 0, 3, 0, 3, 0, 1, 3, 3, 0, 0, 0, 0, 0]"
92,D1,2005,Dortmund,"[1, 0, 1, 3, 0, 3, 1, 1, 1, 1, 3, 0, 3, 3, 0, 0, 0, 3, 1, 3, 1, 0, 0, 1, 1, 3, 3, 0, 0, 1, 3, 3, 1, 1]"
93,D1,2005,Duisburg,"[1, 0, 1, 0, 0, 0, 3, 1, 0, 0, 3, 0, 0, 0, 1, 1, 1, 3, 1, 0, 1, 0, 3, 0, 1, 0, 0, 1, 1, 0, 0, 0, 3, 1]"
94,D1,2005,Ein Frankfurt,"[0, 0, 3, 0, 1, 0, 0, 0, 3, 3, 0, 3, 1, 1, 3, 3, 0, 0, 1, 3, 0, 0, 0, 1, 0, 3, 1, 0, 0, 1, 3, 1, 1, 0]"
95,D1,2005,FC Koln,"[3, 3, 0, 0, 3, 0, 0, 0, 0, 0, 0, 1, 1, 0, 1, 0, 0, 0, 1, 1, 1, 0, 0, 3, 0, 0, 1, 1, 3, 1, 3, 0, 0, 3]"
96,D1,2005,Hamburg,"[3, 3, 1, 3, 1, 3, 3, 3, 0, 1, 3, 1, 3, 3, 3, 3, 1, 0, 3, 0, 3, 3, 0, 3, 3, 3, 0, 3, 3, 3, 0, 3, 0, 0]"
97,D1,2005,Hannover,"[1, 1, 1, 3, 0, 0, 0, 1, 3, 1, 0, 1, 1, 3, 3, 1, 1, 1, 1, 3, 3, 1, 0, 0, 1, 3, 0, 0, 1, 1, 0, 0, 1, 1]"
98,D1,2005,Hertha,"[1, 3, 0, 3, 1, 3, 3, 0, 0, 3, 1, 3, 0, 1, 3, 0, 1, 1, 1, 1, 1, 0, 0, 0, 3, 3, 1, 3, 3, 1, 1, 0, 3, 0]"
99,D1,2005,Kaiserslautern,"[0, 3, 3, 0, 1, 0, 0, 0, 1, 0, 1, 0, 0, 0, 0, 0, 3, 0, 1, 1, 3, 3, 3, 1, 0, 0, 3, 0, 0, 0, 3, 1, 1, 1]"
100,D1,2005,Leverkusen,"[3, 0, 0, 1, 3, 3, 0, 1, 0, 1, 1, 3, 1, 0, 0, 1, 1, 3, 0, 3, 0, 3, 3, 1, 0, 0, 3, 3, 3, 3, 3, 3, 1, 1]"
101,D1,2005,MGladbach,"[0, 1, 1, 3, 0, 3, 3, 3, 1, 3, 0, 1, 1, 1, 0, 1, 3, 0, 0, 1, 1, 3, 0, 3, 0, 1, 0, 3, 0, 0, 1, 0, 1, 3]"
102,D1,2005,Mainz,"[0, 0, 0, 0, 0, 3, 1, 0, 3, 0, 3, 1, 1, 0, 3, 0, 1, 3, 0, 1, 0, 0, 0, 1, 3, 3, 1, 0, 1, 1, 1, 3, 3, 1]"
103,D1,2005,Nurnberg,"[0, 1, 0, 0, 1, 1, 0, 3, 0, 0, 0, 0, 3, 0, 3, 1, 1, 3, 1, 0, 0, 3, 0, 3, 3, 3, 1, 3, 0, 3, 0, 3, 1, 3]"
104,D1,2005,Schalke 04,"[3, 3, 1, 1, 1, 1, 3, 3, 1, 1, 0, 3, 1, 3, 3, 3, 0, 3, 1, 1, 3, 3, 3, 3, 3, 0, 1, 0, 1, 1, 1, 3, 0, 3]"
105,D1,2005,Stuttgart,"[1, 0, 1, 1, 3, 0, 3, 1, 1, 1, 1, 3, 1, 1, 1, 3, 3, 0, 1, 1, 0, 3, 3, 1, 1, 1, 0, 0, 3, 1, 0, 0, 3, 0]"
106,D1,2005,Werder Bremen,"[3, 3, 1, 3, 3, 0, 3, 3, 3, 1, 3, 0, 3, 0, 3, 3, 1, 3, 3, 1, 0, 3, 3, 1, 0, 0, 3, 3, 3, 1, 1, 3, 3, 3]"
107,D1,2005,Wolfsburg,"[1, 1, 3, 0, 1, 3, 3, 0, 3, 1, 0, 1, 0, 1, 0, 0, 0, 0, 3, 0, 1, 0, 3, 1, 1, 0, 1, 1, 0, 1, 3, 0, 0, 1]"
108,D1,2006,Aachen,"[0, 0, 3, 3, 0, 3, 3, 0, 0, 0, 1, 1, 1, 0, 0, 3, 1, 0, 0, 0, 1, 3, 1, 3, 3, 3, 0, 0, 0, 0, 0, 0, 1, 0]"
109,D1,2006,Bayern Munich,"[3, 3, 1, 0, 3, 0, 3, 0, 3, 1, 0, 3, 3, 3, 1, 3, 3, 0, 1, 0, 3, 0, 3, 3, 1, 0, 3, 3, 3, 0, 0, 1, 3, 3]"
110,D1,2006,Bielefeld,"[1, 0, 0, 3, 0, 3, 1, 3, 3, 1, 1, 3, 1, 0, 1, 1, 0, 1, 0, 0, 0, 0, 0, 3, 0, 0, 3, 1, 0, 3, 3, 3, 3, 0]"
111,D1,2006,Bochum,"[0, 0, 0, 1, 3, 0, 0, 1, 0, 3, 0, 1, 3, 0, 3, 0, 3, 0, 1, 1, 0, 3, 1, 0, 3, 0, 3, 3, 0, 3, 3, 3, 0, 3]"
112,D1,2006,Cottbus,"[0, 1, 3, 3, 1, 0, 0, 3, 3, 1, 0, 1, 0, 0, 0, 0, 1, 3, 1, 1, 0, 0, 3, 3, 0, 3, 1, 3, 3, 0, 3, 0, 0, 0]"
113,D1,2006,Dortmund,"[0, 1, 3, 3, 0, 1, 3, 1, 1, 1, 1, 3, 0, 1, 3, 0, 0, 3, 0, 0, 0, 3, 0, 0, 0, 1, 0, 3, 0, 3, 3, 3, 3, 0]"
114,D1,2006,Ein Frankfurt,"[1, 1, 1, 3, 1, 1, 1, 1, 0, 3, 3, 0, 0, 1, 3, 0, 0, 0, 1, 1, 1, 0, 0, 3, 1, 3, 1, 0, 3, 0, 0, 3, 3, 0]"
115,D1,2006,Hamburg,"[1, 1, 1, 0, 1, 1, 0, 3, 1, 0, 0, 1, 1, 0, 0, 1, 1, 1, 1, 0, 3, 3, 3, 3, 1, 1, 3, 0, 3, 1, 3, 0, 3, 3]"
116,D1,2006,Hannover,"[0, 0, 0, 3, 1, 1, 1, 0, 1, 0, 3, 0, 3, 3, 3, 1, 0, 0, 3, 3, 1, 3, 3, 0, 1, 1, 0, 0, 0, 3, 3, 3, 0, 0]"
117,D1,2006,Hertha,"[1, 3, 1, 3, 1, 1, 0, 3, 0, 3, 1, 1, 3, 3, 0, 0, 3, 3, 0, 3, 0, 0, 1, 0, 0, 0, 0, 1, 3, 0, 3, 0, 0, 3]"
118,D1,2006,Leverkusen,"[3, 0, 1, 0, 1, 3, 0, 0, 3, 1, 3, 0, 0, 3, 1, 3, 3, 3, 0, 0, 1, 0, 3, 3, 1, 3, 3, 0, 0, 3, 0, 0, 3, 3]"
119,D1,2006,MGladbach,"[3, 0, 3, 0, 3, 0, 3, 0, 0, 0, 0, 1, 0, 0, 1, 1, 0, 0, 1, 3, 1, 0, 1, 0, 3, 0, 1, 0, 0, 0, 0, 1, 0, 0]"
120,D1,2006,Mainz,"[3, 1, 1, 0, 1, 1, 0, 0, 0, 1, 0, 0, 1, 0, 1, 1, 0, 3, 3, 1, 3, 3, 3, 0, 3, 0, 0, 0, 0, 1, 0, 0, 3, 0]"
121,D1,2006,Nurnberg,"[3, 3, 1, 1, 1, 1, 1, 1, 1, 0, 0, 1, 3, 1, 1, 1, 3, 3, 1, 3, 3, 3, 0, 0, 1, 1, 3, 0, 3, 0, 1, 0, 0, 3]"
122,D1,2006,Schalke 04,"[1, 3, 3, 0, 3, 0, 3, 3, 0, 1, 3, 3, 3, 3, 1, 3, 3, 3, 3, 3, 3, 1, 0, 0, 1, 3, 0, 3, 3, 3, 0, 3, 0, 3]"
123,D1,2006,Stuttgart,"[0, 3, 0, 3, 1, 1, 3, 1, 3, 3, 3, 3, 0, 3, 1, 3, 1, 0, 3, 3, 3, 3, 1, 0, 1, 0, 3, 3, 3, 3, 3, 3, 3, 3]"
124,D1,2006,Werder Bremen,"[3, 3, 0, 0, 1, 3, 3, 3, 3, 1, 3, 0, 1, 3, 3, 3, 3, 3, 3, 0, 0, 0, 1, 3, 1, 3, 1, 3, 3, 3, 0, 3, 0, 3]"
125,D1,2006,Wolfsburg,"[1, 1, 1, 0, 0, 3, 0, 1, 3, 3, 3, 1, 1, 1, 0, 0, 0, 0, 1, 3, 1, 1, 0, 3, 1, 3, 0, 3, 0, 0, 1, 0, 1, 0]"
126,D1,2007,Bayern Munich,"[3, 3, 3, 1, 1, 3, 3, 3, 3, 3, 1, 1, 0, 3, 3, 1, 1, 3, 1, 3, 1, 3, 3, 0, 3, 1, 3, 3, 3, 3, 1, 3, 3, 3]"
127,D1,2007,Bielefeld,"[3, 1, 3, 0, 3, 0, 0, 0, 0, 1, 1, 0, 3, 0, 0, 0, 3, 0, 0, 0, 0, 1, 0, 1, 1, 1, 3, 0, 3, 1, 3, 0, 1, 1]"
128,D1,2007,Bochum,"[1, 3, 3, 0, 0, 1, 0, 1, 0, 0, 0, 3, 3, 3, 0, 1, 0, 3, 1, 0, 3, 3, 1, 1, 1, 1, 0, 1, 3, 1, 0, 0, 3, 0]"
129,D1,2007,Cottbus,"[1, 0, 0, 1, 0, 0, 0, 1, 1, 0, 1, 3, 0, 0, 3, 1, 3, 0, 1, 0, 1, 0, 0, 3, 0, 3, 3, 3, 0, 3, 0, 1, 3, 0]"
130,D1,2007,Dortmund,"[0, 0, 3, 3, 3, 0, 0, 0, 3, 1, 1, 0, 1, 0, 3, 3, 0, 1, 0, 3, 3, 0, 1, 0, 1, 1, 3, 0, 0, 1, 1, 3, 1, 0]"
131,D1,2007,Duisburg,"[3, 0, 0, 3, 0, 0, 0, 0, 0, 3, 0, 0, 0, 0, 3, 1, 0, 1, 0, 0, 3, 0, 1, 0, 1, 3, 0, 3, 0, 1, 3, 0, 0, 0]"
132,D1,2007,Ein Frankfurt,"[3, 1, 3, 0, 3, 1, 0, 1, 3, 0, 1, 1, 1, 0, 1, 1, 3, 3, 3, 0, 3, 0, 1, 3, 3, 3, 0, 0, 0, 1, 0, 0, 0, 3]"
133,D1,2007,Hamburg,"[3, 3, 0, 1, 0, 3, 3, 1, 3, 3, 3, 3, 1, 3, 0, 1, 1, 1, 1, 3, 1, 3, 1, 3, 1, 1, 0, 0, 1, 0, 3, 0, 0, 3]"
134,D1,2007,Hannover,"[0, 3, 0, 3, 1, 0, 3, 3, 3, 1, 1, 3, 0, 0, 3, 3, 0, 1, 1, 0, 0, 3, 0, 1, 1, 1, 0, 3, 3, 1, 1, 3, 0, 3]"
135,D1,2007,Hansa Rostock,"[0, 0, 0, 0, 0, 3, 3, 3, 0, 1, 1, 0, 3, 0, 0, 0, 3, 0, 1, 3, 0, 1, 1, 1, 0, 0, 0, 3, 0, 0, 0, 0, 0, 3]"
136,D1,2007,Hertha,"[0, 3, 0, 3, 3, 3, 0, 0, 1, 0, 3, 0, 3, 0, 0, 0, 1, 0, 3, 3, 1, 3, 1, 1, 0, 0, 0, 1, 1, 1, 3, 3, 3, 0]"
137,D1,2007,Karlsruhe,"[3, 0, 0, 3, 3, 0, 3, 3, 3, 1, 1, 3, 0, 3, 0, 1, 1, 3, 1, 1, 0, 3, 0, 0, 1, 1, 0, 0, 3, 1, 0, 1, 0, 0]"
138,D1,2007,Leverkusen,"[1, 0, 3, 1, 3, 3, 3, 0, 0, 1, 0, 3, 3, 3, 3, 3, 0, 3, 1, 1, 3, 0, 3, 3, 0, 0, 0, 3, 0, 1, 0, 0, 3, 0]"
139,D1,2007,Nurnberg,"[0, 3, 0, 1, 1, 0, 0, 1, 0, 3, 0, 0, 0, 3, 0, 3, 0, 0, 1, 0, 1, 0, 1, 0, 1, 1, 3, 0, 3, 1, 1, 3, 0, 0]"
140,D1,2007,Schalke 04,"[1, 3, 1, 1, 1, 3, 3, 3, 0, 1, 1, 0, 1, 3, 3, 1, 3, 3, 3, 0, 0, 0, 3, 3, 3, 1, 3, 0, 3, 3, 1, 3, 3, 3]"
141,D1,2007,Stuttgart,"[1, 0, 3, 0, 3, 0, 3, 0, 0, 0, 3, 3, 3, 3, 0, 3, 0, 0, 0, 3, 3, 3, 3, 1, 3, 1, 3, 0, 3, 0, 3, 0, 0, 1]"
142,D1,2007,Werder Bremen,"[1, 0, 3, 3, 0, 3, 1, 3, 3, 3, 1, 3, 3, 3, 3, 0, 3, 0, 1, 3, 0, 3, 0, 0, 1, 0, 3, 3, 3, 1, 3, 3, 3, 3]"
143,D1,2007,Wolfsburg,"[0, 3, 1, 0, 0, 3, 1, 1, 3, 1, 3, 0, 0, 0, 1, 0, 3, 3, 3, 3, 1, 0, 3, 3, 1, 3, 3, 0, 0, 1, 1, 3, 3, 3]"
144,D1,2008,Bayern Munich,"[1, 1, 3, 3, 0, 0, 1, 3, 3, 3, 3, 3, 1, 3, 3, 3, 1, 0, 3, 0, 0, 1, 3, 3, 3, 0, 3, 3, 0, 3, 3, 3, 1, 3]"
145,D1,2008,Bielefeld,"[1, 1, 0, 0, 3, 1, 0, 0, 1, 1, 0, 0, 1, 3, 0, 1, 1, 3, 1, 0, 1, 1, 1, 3, 0, 0, 0, 0, 1, 1, 1, 0, 0, 1]"
146,D1,2008,Bochum,"[0, 1, 0, 3, 1, 0, 1, 1, 0, 0, 1, 1, 1, 0, 1, 0, 0, 3, 0, 3, 1, 3, 1, 0, 3, 0, 3, 0, 0, 0, 0, 0, 3, 1]"
147,D1,2008,Cottbus,"[0, 1, 0, 0, 1, 3, 0, 0, 0, 1, 0, 0, 3, 0, 3, 0, 1, 0, 3, 1, 3, 0, 0, 0, 0, 0, 3, 0, 3, 1, 0, 0, 0, 3]"
148,D1,2008,Dortmund,"[3, 1, 3, 1, 0, 3, 1, 1, 1, 3, 1, 0, 3, 3, 1, 1, 3, 1, 0, 1, 1, 1, 0, 1, 3, 3, 3, 3, 3, 3, 3, 0, 3, 1]"
149,D1,2008,Ein Frankfurt,"[0, 1, 1, 0, 1, 0, 0, 3, 3, 0, 3, 1, 0, 3, 0, 3, 0, 0, 1, 0, 3, 0, 1, 1, 1, 3, 0, 3, 0, 0, 1, 0, 0, 0]"
150,D1,2008,FC Koln,"[0, 1, 3, 0, 0, 3, 3, 3, 0, 0, 3, 3, 0, 0, 0, 0, 3, 1, 1, 1, 3, 1, 0, 0, 3, 0, 0, 0, 0, 3, 0, 0, 3, 1]"
151,D1,2008,Hamburg,"[1, 3, 3, 3, 0, 3, 3, 1, 0, 3, 0, 3, 0, 3, 1, 3, 3, 3, 0, 3, 3, 0, 0, 3, 3, 3, 0, 3, 0, 1, 0, 3, 0, 3]"
152,D1,2008,Hannover,"[0, 1, 0, 3, 0, 3, 1, 0, 1, 0, 3, 0, 1, 0, 3, 0, 1, 3, 0, 1, 0, 3, 0, 1, 1, 0, 3, 0, 3, 3, 1, 3, 0, 1]"
153,D1,2008,Hertha,"[3, 1, 0, 1, 3, 0, 3, 3, 1, 3, 0, 3, 3, 3, 3, 0, 3, 3, 1, 3, 0, 3, 3, 3, 0, 0, 0, 3, 3, 1, 3, 3, 1, 0]"
154,D1,2008,Hoffenheim,"[3, 3, 0, 1, 3, 0, 3, 3, 3, 3, 3, 0, 3, 3, 3, 0, 1, 3, 1, 0, 1, 1, 1, 1, 1, 0, 0, 1, 0, 0, 3, 3, 1, 3]"
155,D1,2008,Karlsruhe,"[3, 0, 0, 0, 3, 3, 0, 0, 0, 0, 0, 1, 0, 0, 0, 3, 0, 0, 3, 1, 0, 0, 0, 0, 0, 1, 0, 1, 3, 1, 0, 0, 3, 3]"
156,D1,2008,Leverkusen,"[0, 3, 3, 0, 3, 3, 0, 3, 3, 3, 3, 1, 3, 0, 0, 3, 1, 1, 0, 3, 0, 0, 1, 0, 1, 3, 1, 0, 0, 3, 1, 0, 3, 0]"
157,D1,2008,MGladbach,"[0, 0, 3, 0, 0, 0, 0, 1, 3, 0, 0, 3, 1, 0, 0, 0, 0, 0, 1, 1, 3, 0, 3, 3, 0, 1, 0, 0, 1, 0, 3, 3, 0, 1]"
158,D1,2008,Schalke 04,"[3, 1, 3, 1, 3, 0, 1, 1, 1, 3, 3, 0, 0, 3, 0, 3, 1, 0, 3, 0, 1, 3, 3, 0, 0, 3, 3, 3, 3, 0, 0, 0, 1, 0]"
159,D1,2008,Stuttgart,"[3, 0, 3, 1, 3, 0, 3, 0, 3, 0, 0, 1, 1, 0, 3, 3, 1, 3, 3, 1, 1, 3, 3, 0, 3, 3, 3, 3, 3, 1, 3, 3, 3, 0]"
160,D1,2008,Werder Bremen,"[1, 1, 0, 3, 3, 3, 0, 1, 1, 0, 3, 1, 3, 0, 3, 0, 3, 0, 0, 1, 0, 1, 1, 3, 0, 3, 1, 0, 3, 0, 3, 3, 0, 0]"
161,D1,2008,Wolfsburg,"[3, 1, 1, 1, 3, 0, 1, 3, 0, 3, 0, 3, 0, 3, 1, 3, 0, 1, 3, 3, 3, 3, 3, 3, 3, 3, 3, 3, 0, 3, 0, 3, 3, 3]"
162,D1,2009,Bayern Munich,"[1, 1, 0, 3, 3, 3, 0, 1, 3, 3, 1, 1, 1, 3, 3, 3, 3, 3, 3, 3, 3, 3, 1, 3, 1, 3, 0, 0, 3, 1, 3, 1, 3, 3]"
163,D1,2009,Bochum,"[1, 0, 3, 0, 0, 0, 3, 1, 0, 0, 0, 0, 3, 1, 1, 0, 3, 3, 1, 1, 1, 3, 1, 1, 0, 0, 0, 0, 1, 0, 0, 0, 0, 0]"
164,D1,2009,Dortmund,"[3, 0, 1, 1, 0, 1, 0, 3, 3, 1, 3, 1, 1, 3, 3, 3, 3, 3, 3, 0, 0, 0, 3, 0, 3, 3, 3, 1, 3, 0, 1, 3, 1, 0]"
165,D1,2009,Ein Frankfurt,"[3, 1, 1, 1, 3, 1, 0, 0, 3, 0, 3, 0, 0, 3, 3, 1, 1, 3, 1, 0, 3, 3, 1, 0, 0, 0, 3, 3, 3, 0, 1, 1, 0, 0]"
166,D1,2009,FC Koln,"[0, 0, 1, 0, 0, 3, 0, 1, 3, 1, 0, 3, 0, 1, 1, 1, 3, 0, 3, 3, 1, 0, 0, 1, 1, 0, 1, 3, 0, 3, 3, 0, 1, 0]"
167,D1,2009,Freiburg,"[1, 0, 0, 3, 0, 3, 3, 0, 0, 0, 0, 3, 0, 3, 1, 1, 0, 0, 0, 0, 1, 0, 0, 1, 0, 0, 3, 1, 1, 0, 3, 3, 1, 3]"
168,D1,2009,Hamburg,"[1, 3, 3, 3, 3, 1, 3, 3, 1, 1, 0, 1, 0, 1, 1, 3, 3, 3, 0, 1, 1, 3, 1, 0, 3, 0, 1, 0, 1, 3, 0, 0, 3, 1]"
169,D1,2009,Hannover,"[0, 1, 3, 0, 1, 1, 0, 3, 0, 3, 3, 1, 0, 0, 1, 0, 0, 0, 0, 0, 0, 0, 0, 0, 3, 3, 0, 0, 1, 3, 0, 0, 3, 3]"
170,D1,2009,Hertha,"[3, 0, 0, 0, 0, 0, 0, 0, 0, 1, 0, 0, 1, 0, 0, 1, 0, 3, 1, 1, 0, 1, 3, 0, 0, 0, 3, 1, 3, 0, 1, 0, 1, 0]"
171,D1,2009,Hoffenheim,"[1, 0, 1, 3, 3, 3, 3, 0, 0, 3, 3, 0, 3, 0, 1, 1, 0, 0, 0, 0, 3, 0, 1, 3, 0, 0, 1, 1, 0, 0, 1, 3, 3, 1]"
172,D1,2009,Leverkusen,"[1, 3, 3, 3, 3, 1, 3, 3, 1, 1, 1, 3, 1, 3, 1, 1, 3, 3, 3, 3, 1, 3, 1, 1, 0, 3, 0, 0, 0, 1, 0, 3, 1, 1]"
173,D1,2009,MGladbach,"[1, 3, 0, 3, 0, 0, 0, 0, 0, 1, 3, 1, 3, 3, 0, 3, 0, 0, 1, 3, 0, 3, 1, 1, 0, 0, 1, 3, 0, 3, 0, 1, 0, 1]"
174,D1,2009,Mainz,"[1, 1, 3, 0, 3, 3, 0, 3, 0, 3, 1, 3, 1, 1, 0, 1, 0, 0, 3, 0, 3, 1, 1, 0, 3, 3, 0, 0, 0, 3, 3, 1, 1, 1]"
175,D1,2009,Nurnberg,"[0, 1, 0, 1, 3, 0, 0, 0, 3, 0, 1, 0, 3, 0, 0, 0, 0, 0, 1, 3, 0, 0, 1, 1, 3, 3, 1, 0, 3, 0, 0, 0, 0, 3]"
176,D1,2009,Schalke 04,"[3, 3, 1, 0, 3, 0, 3, 3, 3, 1, 1, 1, 3, 0, 3, 3, 3, 3, 1, 3, 1, 3, 0, 3, 3, 3, 1, 3, 0, 0, 3, 3, 0, 1]"
177,D1,2009,Stuttgart,"[0, 3, 1, 1, 0, 0, 3, 0, 0, 0, 1, 1, 1, 0, 1, 1, 3, 3, 3, 3, 3, 0, 3, 3, 1, 0, 3, 3, 3, 3, 3, 3, 1, 1]"
178,D1,2009,Werder Bremen,"[0, 1, 3, 3, 1, 1, 3, 3, 3, 3, 1, 1, 3, 1, 1, 0, 0, 0, 0, 0, 3, 3, 1, 3, 1, 3, 3, 3, 0, 3, 3, 3, 3, 1]"
179,D1,2009,Wolfsburg,"[3, 3, 0, 0, 0, 3, 3, 1, 3, 1, 1, 3, 0, 1, 1, 0, 1, 0, 0, 1, 0, 0, 3, 3, 3, 3, 0, 3, 3, 3, 0, 0, 1, 3]"
180,D1,2010,Bayern Munich,"[3, 0, 1, 1, 3, 0, 0, 3, 1, 3, 1, 3, 1, 3, 0, 3, 3, 1, 3, 3, 0, 3, 3, 0, 0, 3, 3, 3, 1, 3, 1, 3, 3, 3]"
181,D1,2010,Dortmund,"[0, 3, 3, 3, 3, 3, 3, 3, 1, 3, 3, 3, 3, 3, 3, 3, 0, 3, 1, 3, 1, 1, 3, 3, 3, 0, 1, 3, 1, 3, 0, 3, 0, 3]"
182,D1,2010,Ein Frankfurt,"[0, 0, 3, 0, 0, 3, 3, 3, 1, 3, 3, 1, 0, 0, 3, 0, 3, 0, 0, 0, 1, 0, 0, 0, 1, 0, 3, 1, 1, 0, 1, 0, 0, 0]"
183,D1,2010,FC Koln,"[0, 0, 3, 1, 0, 1, 0, 0, 0, 3, 0, 0, 3, 1, 0, 3, 0, 1, 3, 0, 3, 3, 1, 3, 0, 3, 0, 3, 0, 0, 0, 3, 3, 3]"
184,D1,2010,Freiburg,"[0, 3, 3, 3, 0, 0, 3, 0, 3, 0, 3, 3, 0, 0, 3, 3, 1, 1, 1, 3, 1, 0, 3, 0, 0, 0, 0, 1, 3, 0, 0, 3, 0, 0]"
185,D1,2010,Hamburg,"[3, 3, 1, 1, 0, 0, 3, 3, 1, 0, 3, 0, 0, 3, 0, 0, 3, 3, 3, 0, 3, 0, 3, 1, 0, 0, 3, 1, 1, 1, 0, 0, 1, 1]"
186,D1,2010,Hannover,"[3, 3, 1, 0, 3, 3, 0, 0, 3, 0, 0, 3, 3, 3, 3, 3, 0, 3, 0, 0, 3, 1, 3, 3, 3, 0, 3, 0, 3, 1, 3, 0, 0, 3]"
187,D1,2010,Hoffenheim,"[3, 3, 3, 1, 0, 1, 0, 3, 1, 3, 0, 0, 3, 1, 1, 1, 1, 0, 1, 3, 3, 0, 1, 0, 0, 3, 0, 1, 0, 3, 0, 0, 3, 0]"
188,D1,2010,Kaiserslautern,"[3, 3, 0, 1, 0, 0, 0, 0, 0, 3, 0, 1, 3, 3, 0, 1, 3, 1, 0, 0, 0, 1, 0, 1, 1, 3, 3, 0, 3, 0, 3, 3, 3, 3]"
189,D1,2010,Leverkusen,"[3, 0, 1, 1, 3, 3, 1, 3, 0, 3, 3, 3, 1, 1, 3, 3, 1, 0, 3, 3, 0, 3, 3, 1, 3, 3, 3, 3, 3, 0, 3, 0, 1, 3]"
190,D1,2010,MGladbach,"[1, 3, 0, 0, 0, 1, 1, 0, 0, 0, 1, 3, 0, 0, 0, 0, 0, 3, 0, 3, 0, 0, 3, 0, 3, 1, 0, 0, 3, 0, 3, 3, 3, 1]"
191,D1,2010,Mainz,"[3, 3, 3, 3, 3, 3, 3, 0, 3, 0, 0, 0, 3, 3, 0, 0, 3, 0, 0, 3, 1, 0, 0, 3, 3, 0, 1, 1, 0, 3, 1, 3, 3, 3]"
192,D1,2010,Nurnberg,"[1, 0, 1, 1, 3, 0, 3, 0, 3, 3, 3, 0, 0, 0, 0, 1, 3, 0, 1, 3, 3, 3, 3, 1, 3, 3, 0, 0, 1, 3, 1, 0, 0, 0]"
193,D1,2010,Schalke 04,"[0, 0, 0, 0, 3, 1, 0, 1, 1, 0, 3, 1, 3, 0, 3, 3, 3, 0, 3, 0, 1, 3, 0, 1, 0, 3, 0, 3, 3, 1, 0, 0, 0, 0]"
194,D1,2010,St Pauli,"[3, 0, 0, 1, 3, 0, 3, 3, 0, 0, 0, 0, 1, 0, 3, 0, 0, 1, 1, 3, 3, 3, 0, 0, 0, 0, 0, 0, 0, 1, 0, 0, 0, 0]"
195,D1,2010,Stuttgart,"[0, 0, 0, 3, 0, 0, 0, 1, 3, 0, 3, 1, 0, 0, 1, 0, 0, 3, 1, 0, 3, 0, 0, 3, 3, 3, 1, 1, 0, 3, 3, 3, 3, 0]"
196,D1,2010,Werder Bremen,"[0, 3, 1, 0, 0, 3, 1, 3, 3, 0, 0, 1, 0, 3, 1, 0, 0, 3, 0, 0, 1, 1, 0, 1, 3, 1, 3, 1, 1, 1, 3, 0, 3, 0]"
197,D1,2010,Wolfsburg,"[0, 0, 0, 3, 3, 3, 1, 0, 0, 3, 0, 1, 1, 1, 1, 1, 1, 1, 3, 0, 0, 0, 0, 3, 0, 0, 1, 1, 0, 1, 3, 3, 0, 3]"
198,D1,2011,Augsburg,"[1, 1, 0, 0, 0, 1, 1, 0, 3, 1, 0, 0, 0, 3, 0, 3, 1, 0, 1, 1, 1, 0, 3, 1, 1, 3, 1, 3, 0, 0, 3, 1, 1, 3]"
199,D1,2011,Bayern Munich,"[0, 3, 3, 3, 3, 3, 3, 1, 3, 0, 3, 3, 0, 0, 3, 3, 3, 0, 3, 1, 3, 1, 3, 0, 3, 3, 3, 3, 3, 0, 1, 3, 3, 3]"
200,D1,2011,Dortmund,"[3, 0, 3, 1, 0, 0, 3, 3, 3, 3, 1, 3, 3, 3, 1, 1, 3, 3, 3, 3, 3, 3, 3, 3, 1, 3, 3, 1, 3, 3, 3, 3, 3, 3]"
201,D1,2011,FC Koln,"[0, 0, 1, 3, 0, 3, 3, 0, 3, 0, 3, 0, 0, 1, 3, 1, 0, 0, 0, 3, 0, 0, 0, 1, 3, 0, 0, 0, 1, 0, 0, 1, 0, 0]"
202,D1,2011,Freiburg,"[1, 0, 0, 3, 0, 0, 0, 3, 0, 0, 0, 3, 1, 1, 1, 0, 0, 3, 0, 1, 0, 1, 0, 3, 1, 3, 3, 3, 1, 3, 1, 1, 3, 0]"
203,D1,2011,Hamburg,"[0, 1, 0, 0, 0, 0, 3, 0, 3, 1, 1, 1, 3, 1, 3, 1, 1, 0, 3, 1, 3, 0, 1, 0, 0, 0, 0, 3, 1, 0, 3, 1, 1, 0]"
204,D1,2011,Hannover,"[3, 3, 1, 1, 0, 3, 1, 3, 0, 3, 0, 1, 0, 1, 1, 1, 1, 1, 3, 3, 1, 3, 0, 1, 0, 3, 0, 3, 0, 3, 0, 1, 0, 3]"
205,D1,2011,Hertha,"[0, 1, 1, 3, 3, 1, 0, 3, 0, 1, 3, 0, 1, 1, 1, 0, 1, 0, 0, 0, 0, 0, 0, 3, 0, 0, 3, 0, 1, 0, 1, 0, 0, 3]"
206,D1,2011,Hoffenheim,"[0, 3, 3, 0, 3, 3, 0, 1, 0, 3, 0, 1, 0, 1, 0, 3, 1, 1, 0, 1, 1, 1, 3, 1, 0, 0, 3, 1, 3, 3, 1, 0, 0, 0]"
207,D1,2011,Kaiserslautern,"[0, 1, 1, 0, 0, 3, 0, 0, 3, 3, 1, 1, 0, 0, 1, 1, 1, 1, 1, 0, 0, 0, 0, 1, 1, 0, 0, 0, 0, 0, 0, 3, 0, 0]"
208,D1,2011,Leverkusen,"[0, 3, 3, 1, 3, 0, 0, 3, 1, 0, 3, 1, 3, 1, 3, 1, 0, 3, 1, 1, 0, 3, 3, 3, 0, 0, 0, 0, 1, 3, 1, 3, 3, 3]"
209,D1,2011,MGladbach,"[3, 1, 3, 0, 3, 3, 3, 0, 1, 0, 3, 3, 3, 3, 1, 0, 3, 3, 3, 1, 3, 3, 1, 0, 1, 3, 0, 0, 1, 1, 3, 0, 1, 3]"
210,D1,2011,Mainz,"[3, 3, 0, 1, 0, 0, 0, 1, 0, 1, 0, 3, 3, 1, 1, 1, 0, 0, 3, 1, 1, 1, 3, 0, 3, 0, 0, 3, 0, 3, 1, 1, 1, 0]"
211,D1,2011,Nurnberg,"[3, 0, 0, 3, 3, 1, 0, 1, 0, 1, 0, 0, 0, 3, 0, 0, 3, 3, 0, 0, 1, 3, 3, 3, 0, 0, 0, 0, 1, 3, 3, 1, 3, 0]"
212,D1,2011,Schalke 04,"[0, 3, 3, 3, 0, 0, 3, 3, 0, 3, 3, 1, 3, 0, 3, 3, 3, 3, 3, 1, 0, 3, 0, 0, 3, 3, 3, 1, 3, 0, 0, 1, 3, 3]"
213,D1,2011,Stuttgart,"[3, 1, 0, 0, 3, 3, 0, 3, 3, 1, 1, 0, 3, 0, 1, 0, 0, 0, 0, 1, 3, 0, 3, 3, 1, 3, 3, 1, 3, 3, 3, 1, 0, 3]"
214,D1,2011,Werder Bremen,"[3, 0, 3, 3, 3, 1, 3, 0, 0, 1, 3, 3, 0, 3, 0, 3, 0, 1, 1, 1, 1, 3, 0, 0, 3, 0, 1, 0, 1, 1, 0, 0, 0, 0]"
215,D1,2011,Wolfsburg,"[3, 0, 0, 0, 3, 0, 3, 0, 3, 1, 0, 0, 3, 0, 1, 0, 3, 3, 0, 1, 3, 0, 0, 1, 3, 3, 3, 3, 0, 0, 0, 1, 3, 0]"
216,D1,2012,Augsburg,"[0, 0, 1, 0, 0, 1, 3, 1, 0, 0, 0, 0, 1, 0, 1, 0, 1, 3, 1, 1, 1, 0, 3, 3, 0, 3, 0, 0, 3, 0, 3, 0, 0, 3]"
217,D1,2012,Bayern Munich,"[3, 3, 3, 3, 3, 3, 3, 3, 0, 3, 3, 1, 3, 3, 1, 3, 1, 3, 3, 3, 3, 3, 3, 3, 3, 3, 3, 3, 3, 3, 3, 1, 3, 3]"
218,D1,2012,Dortmund,"[3, 1, 3, 0, 1, 3, 1, 0, 3, 1, 3, 3, 3, 1, 1, 0, 3, 3, 3, 3, 0, 3, 1, 3, 0, 3, 3, 3, 3, 3, 3, 1, 1, 0]"
219,D1,2012,Ein Frankfurt,"[3, 3, 3, 3, 1, 3, 0, 3, 0, 1, 0, 3, 1, 0, 0, 3, 3, 0, 3, 3, 1, 0, 1, 0, 1, 0, 3, 0, 0, 3, 1, 3, 1, 1]"
220,D1,2012,Fortuna Dusseldorf,"[3, 1, 1, 1, 3, 1, 0, 0, 0, 0, 1, 0, 3, 1, 3, 0, 3, 0, 0, 3, 0, 3, 0, 1, 0, 1, 0, 0, 1, 0, 0, 0, 0, 0]"
221,D1,2012,Freiburg,"[1, 0, 3, 1, 0, 0, 3, 3, 0, 1, 1, 3, 3, 0, 1, 3, 3, 1, 1, 0, 3, 3, 1, 1, 0, 0, 3, 3, 3, 0, 0, 3, 3, 0]"
222,D1,2012,Greuther Furth,"[0, 3, 0, 1, 0, 0, 0, 1, 1, 1, 0, 0, 1, 0, 0, 0, 1, 0, 0, 3, 0, 0, 1, 1, 0, 1, 0, 0, 0, 3, 0, 3, 0, 0]"
223,D1,2012,Hamburg,"[0, 0, 0, 3, 1, 3, 3, 0, 3, 0, 1, 3, 0, 3, 1, 3, 0, 1, 3, 0, 3, 3, 0, 1, 3, 0, 0, 0, 3, 3, 0, 1, 3, 0]"
224,D1,2012,Hannover,"[1, 3, 3, 0, 3, 0, 1, 0, 0, 3, 3, 0, 0, 3, 0, 3, 0, 0, 3, 0, 3, 1, 3, 0, 1, 0, 3, 1, 0, 0, 3, 1, 0, 3]"
225,D1,2012,Hoffenheim,"[0, 0, 0, 3, 3, 1, 0, 1, 0, 3, 1, 0, 0, 0, 0, 0, 0, 1, 0, 3, 0, 0, 0, 0, 3, 1, 0, 3, 1, 0, 3, 1, 0, 3]"
226,D1,2012,Leverkusen,"[0, 3, 0, 1, 3, 3, 1, 1, 3, 3, 0, 3, 3, 3, 3, 0, 3, 3, 1, 0, 1, 3, 1, 3, 0, 0, 3, 1, 1, 3, 3, 3, 3, 3]"
227,D1,2012,MGladbach,"[3, 1, 0, 1, 1, 0, 3, 0, 3, 1, 3, 0, 1, 3, 1, 3, 1, 1, 3, 0, 1, 0, 1, 3, 1, 3, 0, 3, 0, 3, 0, 0, 3, 0]"
228,D1,2012,Mainz,"[1, 0, 0, 3, 0, 3, 3, 1, 3, 0, 3, 0, 0, 3, 3, 0, 3, 1, 3, 0, 1, 1, 1, 1, 3, 1, 1, 0, 0, 0, 1, 1, 0, 1]"
229,D1,2012,Nurnberg,"[3, 1, 3, 0, 0, 0, 0, 1, 0, 3, 0, 1, 1, 3, 0, 3, 1, 1, 0, 3, 1, 1, 1, 1, 3, 3, 1, 3, 0, 0, 0, 0, 3, 3]"
230,D1,2012,Schalke 04,"[1, 3, 3, 0, 3, 1, 3, 3, 3, 0, 3, 0, 1, 0, 1, 0, 0, 3, 1, 0, 0, 1, 3, 3, 3, 0, 3, 3, 1, 0, 3, 3, 0, 3]"
231,D1,2012,Stuttgart,"[0, 0, 1, 1, 0, 3, 1, 3, 3, 1, 0, 3, 0, 3, 3, 3, 0, 0, 0, 0, 0, 3, 1, 0, 0, 3, 0, 1, 3, 3, 0, 0, 3, 1]"
232,D1,2012,Werder Bremen,"[0, 3, 0, 1, 3, 0, 0, 3, 1, 3, 0, 3, 1, 0, 3, 0, 1, 0, 0, 3, 3, 0, 0, 0, 1, 1, 1, 0, 1, 0, 0, 1, 1, 0]"
233,D1,2012,Wolfsburg,"[3, 0, 1, 1, 0, 0, 0, 0, 3, 0, 3, 3, 1, 0, 1, 3, 0, 3, 0, 1, 3, 0, 1, 0, 3, 1, 1, 1, 1, 3, 3, 1, 1, 1]"
234,D1,2013,Augsburg,"[0, 0, 3, 3, 3, 0, 1, 0, 0, 0, 3, 0, 3, 1, 3, 3, 1, 1, 3, 3, 0, 3, 1, 3, 0, 1, 0, 0, 3, 0, 1, 3, 3, 3]"
235,D1,2013,Bayern Munich,"[3, 3, 3, 1, 3, 3, 3, 1, 3, 3, 3, 3, 3, 3, 3, 3, 3, 3, 3, 3, 3, 3, 3, 3, 3, 3, 3, 1, 0, 0, 3, 3, 3, 3]"
236,D1,2013,Braunschweig,"[0, 0, 0, 0, 1, 0, 0, 3, 0, 0, 3, 1, 0, 0, 0, 0, 3, 1, 0, 0, 3, 0, 1, 1, 1, 0, 3, 1, 3, 0, 0, 0, 0, 0]"
237,D1,2013,Dortmund,"[3, 3, 3, 3, 3, 1, 3, 0, 3, 3, 3, 0, 0, 3, 0, 1, 0, 1, 3, 3, 3, 0, 3, 3, 0, 3, 1, 3, 3, 3, 3, 1, 3, 3]"
238,D1,2013,Ein Frankfurt,"[0, 0, 3, 0, 3, 1, 1, 1, 1, 0, 0, 0, 1, 0, 0, 3, 1, 3, 0, 3, 0, 1, 3, 1, 0, 3, 3, 0, 3, 0, 0, 1, 0, 0]"
239,D1,2013,Freiburg,"[0, 0, 1, 1, 0, 1, 0, 1, 1, 0, 3, 0, 3, 0, 0, 0, 3, 3, 0, 1, 0, 0, 1, 0, 3, 3, 1, 3, 0, 3, 3, 1, 0, 0]"
240,D1,2013,Hamburg,"[1, 0, 0, 3, 0, 0, 1, 3, 1, 3, 0, 0, 3, 1, 0, 0, 0, 0, 0, 0, 0, 3, 0, 1, 3, 0, 1, 0, 3, 0, 0, 0, 0, 0]"
241,D1,2013,Hannover,"[3, 0, 3, 3, 0, 3, 0, 1, 0, 0, 0, 1, 0, 3, 0, 1, 0, 3, 3, 0, 0, 0, 1, 1, 3, 0, 0, 0, 0, 3, 3, 1, 3, 3]"
242,D1,2013,Hertha,"[3, 1, 3, 0, 0, 1, 3, 1, 3, 0, 0, 3, 0, 1, 3, 3, 3, 0, 0, 3, 0, 3, 1, 1, 0, 0, 0, 0, 1, 0, 1, 3, 0, 0]"
243,D1,2013,Hoffenheim,"[1, 3, 1, 0, 3, 0, 1, 1, 0, 3, 0, 0, 0, 1, 3, 1, 0, 0, 3, 1, 3, 1, 3, 0, 0, 3, 3, 1, 1, 3, 0, 1, 0, 3]"
244,D1,2013,Leverkusen,"[3, 3, 3, 0, 3, 3, 3, 1, 3, 3, 0, 3, 3, 3, 3, 0, 0, 0, 3, 3, 0, 0, 0, 1, 0, 0, 3, 1, 0, 3, 3, 1, 3, 3]"
245,D1,2013,MGladbach,"[0, 3, 0, 3, 0, 3, 1, 3, 0, 3, 3, 3, 3, 3, 3, 1, 1, 0, 0, 0, 1, 1, 1, 0, 3, 3, 0, 3, 3, 1, 0, 3, 3, 0]"
246,D1,2013,Mainz,"[3, 3, 3, 0, 0, 0, 0, 1, 0, 3, 0, 3, 3, 0, 1, 1, 3, 3, 3, 0, 3, 1, 3, 1, 3, 0, 0, 3, 0, 3, 0, 3, 0, 3]"
247,D1,2013,Nurnberg,"[1, 1, 0, 0, 1, 1, 1, 0, 1, 1, 0, 0, 1, 0, 1, 1, 1, 3, 3, 0, 3, 3, 0, 0, 0, 0, 3, 0, 0, 0, 0, 0, 0, 0]"
248,D1,2013,Schalke 04,"[1, 0, 0, 3, 3, 0, 1, 3, 3, 0, 3, 3, 1, 3, 0, 3, 1, 3, 3, 3, 3, 1, 0, 3, 3, 3, 1, 3, 1, 3, 0, 0, 3, 3]"
249,D1,2013,Stuttgart,"[0, 0, 0, 3, 3, 1, 3, 1, 1, 1, 0, 3, 0, 0, 3, 0, 0, 0, 0, 0, 0, 0, 0, 1, 1, 3, 0, 0, 3, 1, 3, 1, 0, 0]"
250,D1,2013,Werder Bremen,"[3, 3, 0, 0, 0, 3, 1, 1, 1, 0, 3, 0, 0, 1, 0, 0, 3, 1, 0, 0, 1, 1, 3, 3, 1, 0, 0, 3, 1, 0, 3, 0, 3, 0]"
251,D1,2013,Wolfsburg,"[0, 3, 0, 3, 0, 3, 0, 0, 3, 3, 3, 3, 1, 1, 3, 3, 1, 0, 0, 3, 3, 3, 0, 0, 1, 1, 3, 3, 0, 3, 3, 1, 3, 3]"
252,D1,2014,Augsburg,"[0, 0, 3, 3, 0, 3, 0, 0, 3, 0, 3, 3, 3, 3, 0, 0, 3, 3, 3, 1, 0, 1, 0, 3, 0, 0, 1, 0, 3, 0, 1, 3, 0, 3]"
253,D1,2014,Bayern Munich,"[3, 1, 3, 1, 3, 3, 3, 3, 1, 3, 3, 3, 3, 3, 3, 3, 3, 0, 1, 3, 3, 3, 3, 3, 3, 0, 3, 3, 3, 3, 0, 0, 0, 3]"
254,D1,2014,Dortmund,"[0, 3, 3, 0, 1, 0, 0, 0, 0, 0, 3, 1, 0, 3, 0, 1, 0, 1, 0, 3, 3, 3, 3, 1, 1, 3, 0, 0, 3, 3, 1, 3, 0, 3]"
255,D1,2014,Ein Frankfurt,"[3, 1, 0, 1, 1, 3, 3, 0, 0, 0, 0, 3, 3, 3, 0, 1, 1, 0, 1, 1, 3, 0, 3, 0, 3, 0, 1, 0, 1, 0, 0, 3, 1, 3]"
256,D1,2014,FC Koln,"[1, 3, 1, 1, 0, 0, 0, 3, 3, 0, 3, 0, 0, 0, 3, 1, 0, 3, 1, 1, 0, 1, 0, 3, 1, 1, 0, 3, 1, 1, 1, 3, 0, 1]"
257,D1,2014,Freiburg,"[0, 1, 0, 1, 1, 1, 1, 0, 0, 3, 3, 1, 0, 1, 1, 0, 1, 3, 0, 0, 3, 1, 0, 0, 0, 3, 3, 1, 0, 1, 0, 1, 3, 0]"
258,D1,2014,Hamburg,"[1, 0, 0, 1, 0, 0, 3, 1, 0, 3, 0, 3, 0, 3, 1, 0, 1, 0, 3, 3, 0, 1, 0, 1, 0, 0, 0, 0, 0, 3, 3, 1, 0, 3]"
259,D1,2014,Hannover,"[3, 1, 3, 0, 3, 0, 0, 0, 3, 3, 3, 0, 0, 0, 1, 3, 1, 0, 1, 0, 0, 1, 1, 0, 0, 0, 1, 1, 0, 0, 1, 1, 3, 3]"
260,D1,2014,Hertha,"[1, 0, 0, 1, 3, 0, 3, 0, 3, 0, 0, 3, 0, 0, 3, 1, 0, 0, 0, 3, 0, 0, 3, 1, 1, 3, 3, 1, 1, 0, 0, 0, 1, 0]"
261,D1,2014,Hoffenheim,"[3, 1, 1, 3, 1, 1, 3, 1, 3, 0, 0, 0, 3, 0, 3, 0, 3, 0, 0, 0, 3, 1, 3, 0, 3, 1, 0, 0, 0, 3, 1, 0, 0, 3]"
262,D1,2014,Leverkusen,"[3, 3, 1, 0, 3, 1, 1, 1, 3, 0, 1, 3, 3, 0, 1, 3, 1, 1, 3, 0, 0, 1, 3, 3, 3, 3, 3, 3, 3, 1, 3, 0, 3, 0]"
263,D1,2014,MGladbach,"[1, 1, 3, 1, 3, 3, 1, 3, 1, 3, 0, 0, 0, 3, 1, 3, 0, 3, 3, 0, 3, 1, 3, 1, 3, 3, 3, 3, 1, 3, 3, 3, 3, 0]"
264,D1,2014,Mainz,"[1, 1, 3, 3, 1, 1, 1, 3, 0, 0, 1, 1, 0, 0, 1, 1, 0, 3, 1, 0, 0, 3, 0, 1, 3, 1, 1, 0, 3, 3, 0, 0, 3, 0]"
265,D1,2014,Paderborn,"[1, 3, 1, 3, 0, 0, 1, 3, 0, 3, 0, 1, 0, 1, 1, 0, 1, 0, 0, 1, 3, 0, 0, 0, 0, 1, 0, 3, 0, 1, 3, 0, 0, 0]"
266,D1,2014,Schalke 04,"[0, 1, 0, 1, 3, 3, 0, 3, 0, 3, 0, 3, 3, 3, 0, 3, 1, 3, 1, 3, 0, 1, 0, 3, 1, 0, 1, 1, 1, 0, 3, 0, 3, 0]"
267,D1,2014,Stuttgart,"[1, 0, 0, 0, 1, 3, 0, 1, 3, 0, 0, 0, 3, 0, 1, 3, 1, 0, 1, 0, 0, 0, 1, 1, 0, 3, 0, 3, 0, 1, 0, 3, 3, 3]"
268,D1,2014,Werder Bremen,"[1, 1, 1, 0, 0, 0, 1, 0, 0, 3, 3, 0, 3, 0, 1, 0, 3, 3, 3, 3, 3, 1, 0, 3, 0, 1, 1, 0, 3, 1, 3, 1, 0, 0]"
269,D1,2014,Wolfsburg,"[0, 1, 1, 3, 0, 3, 3, 3, 3, 3, 3, 0, 3, 3, 1, 1, 3, 3, 1, 3, 3, 3, 3, 0, 3, 1, 3, 3, 1, 0, 1, 3, 3, 1]"
270,D1,2015,Augsburg,"[0, 1, 0, 0, 3, 0, 0, 1, 0, 0, 1, 0, 3, 1, 3, 3, 3, 1, 1, 0, 0, 3, 1, 0, 1, 1, 0, 0, 3, 3, 3, 1, 1, 0]"
271,D1,2015,Bayern Munich,"[3, 3, 3, 3, 3, 3, 3, 3, 3, 3, 1, 3, 3, 3, 0, 3, 3, 3, 3, 1, 3, 3, 3, 0, 1, 3, 3, 3, 3, 3, 3, 1, 3, 3]"
272,D1,2015,Darmstadt,"[1, 1, 1, 3, 0, 3, 1, 0, 3, 0, 0, 1, 0, 1, 3, 0, 0, 3, 0, 3, 0, 0, 1, 0, 1, 1, 1, 1, 3, 3, 0, 0, 3, 0]"
273,D1,2015,Dortmund,"[3, 3, 3, 3, 3, 1, 1, 0, 3, 3, 3, 3, 0, 3, 3, 3, 0, 3, 3, 1, 3, 3, 3, 3, 1, 3, 3, 3, 1, 3, 3, 3, 0, 1]"
274,D1,2015,Ein Frankfurt,"[0, 1, 3, 3, 1, 0, 1, 0, 0, 3, 1, 1, 0, 0, 0, 0, 3, 3, 1, 0, 0, 1, 1, 0, 1, 0, 3, 0, 0, 0, 3, 3, 3, 0]"
275,D1,2015,FC Koln,"[3, 1, 3, 0, 3, 0, 1, 3, 0, 0, 1, 3, 1, 1, 0, 1, 3, 0, 1, 1, 3, 0, 0, 1, 0, 3, 0, 1, 0, 3, 3, 1, 1, 1]"
276,D1,2015,Hamburg,"[0, 3, 0, 3, 1, 3, 0, 0, 1, 3, 0, 1, 3, 3, 0, 1, 0, 0, 0, 1, 3, 1, 1, 0, 3, 0, 0, 3, 0, 0, 3, 1, 0, 3]"
277,D1,2015,Hannover,"[1, 0, 0, 0, 0, 0, 1, 3, 3, 0, 3, 0, 0, 3, 0, 0, 0, 0, 0, 0, 0, 0, 3, 0, 0, 0, 0, 0, 1, 3, 1, 0, 3, 0]"
278,D1,2015,Hertha,"[3, 1, 0, 3, 0, 3, 1, 3, 0, 3, 0, 3, 3, 0, 3, 3, 3, 1, 1, 1, 0, 1, 3, 3, 0, 3, 3, 0, 1, 0, 0, 0, 0, 1]"
279,D1,2015,Hoffenheim,"[0, 0, 1, 0, 0, 1, 3, 1, 0, 0, 1, 1, 0, 1, 1, 3, 0, 1, 0, 0, 1, 3, 0, 3, 0, 3, 3, 1, 3, 3, 0, 3, 0, 0]"
280,D1,2015,Ingolstadt,"[3, 0, 3, 1, 3, 0, 1, 3, 0, 0, 1, 1, 3, 0, 1, 0, 0, 3, 0, 3, 0, 3, 1, 1, 1, 1, 0, 3, 3, 0, 1, 0, 0, 0]"
281,D1,2015,Leverkusen,"[3, 3, 0, 0, 0, 3, 3, 1, 1, 3, 0, 0, 3, 1, 0, 3, 3, 1, 3, 1, 3, 0, 0, 0, 1, 3, 3, 3, 3, 3, 3, 3, 0, 3]"
282,D1,2015,MGladbach,"[0, 0, 0, 0, 0, 3, 3, 3, 3, 3, 3, 1, 3, 1, 3, 0, 3, 0, 0, 3, 0, 3, 1, 3, 0, 3, 0, 3, 0, 0, 3, 1, 3, 3]"
283,D1,2015,Mainz,"[0, 3, 3, 0, 3, 0, 0, 3, 0, 0, 1, 3, 1, 3, 3, 1, 0, 0, 3, 3, 3, 0, 3, 3, 1, 0, 1, 3, 1, 0, 0, 1, 3, 1]"
284,D1,2015,Schalke 04,"[3, 1, 0, 3, 3, 3, 3, 0, 3, 0, 1, 0, 0, 1, 3, 0, 3, 0, 3, 3, 0, 1, 1, 3, 3, 0, 3, 0, 1, 0, 0, 3, 1, 3]"
285,D1,2015,Stuttgart,"[0, 0, 0, 0, 0, 3, 0, 1, 3, 0, 3, 0, 0, 0, 1, 1, 3, 3, 3, 3, 3, 1, 0, 0, 3, 1, 0, 1, 0, 0, 0, 0, 0, 0]"
286,D1,2015,Werder Bremen,"[0, 1, 3, 3, 0, 0, 0, 0, 0, 3, 0, 3, 0, 0, 1, 1, 0, 3, 1, 0, 1, 0, 1, 3, 3, 0, 1, 0, 0, 3, 0, 3, 1, 3]"
287,D1,2015,Wolfsburg,"[3, 1, 3, 1, 3, 0, 1, 0, 3, 3, 3, 0, 3, 1, 0, 1, 0, 0, 1, 0, 3, 1, 0, 3, 3, 0, 1, 0, 1, 0, 0, 0, 3, 3]"
288,D1,2016,Augsburg,"[0, 3, 0, 1, 3, 0, 1, 0, 0, 3, 1, 1, 1, 0, 3, 1, 0, 3, 3, 0, 0, 3, 1, 0, 1, 0, 0, 0, 3, 0, 3, 1, 1, 1]"
289,D1,2016,Bayern Munich,"[3, 3, 3, 3, 3, 1, 1, 3, 3, 1, 0, 3, 3, 3, 3, 3, 3, 3, 1, 3, 1, 3, 3, 3, 3, 3, 0, 3, 1, 1, 3, 3, 3, 3]"
290,D1,2016,Darmstadt,"[0, 3, 0, 1, 0, 1, 0, 3, 0, 0, 0, 0, 0, 0, 0, 0, 1, 0, 0, 3, 0, 0, 0, 3, 0, 0, 0, 0, 3, 3, 3, 0, 0, 1]"
291,D1,2016,Dortmund,"[3, 0, 3, 3, 3, 0, 1, 1, 1, 3, 3, 0, 3, 1, 1, 1, 3, 1, 3, 0, 3, 3, 3, 0, 3, 1, 3, 0, 3, 3, 1, 3, 1, 3]"
292,D1,2016,Ein Frankfurt,"[3, 0, 3, 3, 1, 0, 1, 3, 1, 3, 3, 3, 1, 1, 0, 3, 0, 3, 3, 0, 0, 0, 0, 0, 1, 1, 0, 1, 0, 3, 0, 0, 0, 1]"
293,D1,2016,FC Koln,"[3, 1, 3, 3, 1, 1, 3, 0, 3, 0, 3, 1, 0, 1, 1, 1, 1, 3, 3, 0, 1, 0, 0, 1, 3, 0, 3, 0, 0, 1, 1, 3, 1, 3]"
294,D1,2016,Freiburg,"[0, 3, 0, 3, 0, 3, 0, 3, 3, 0, 0, 0, 1, 3, 1, 3, 0, 3, 0, 3, 1, 0, 3, 1, 1, 0, 3, 3, 0, 3, 0, 3, 1, 0]"
295,D1,2016,Hamburg,"[1, 0, 0, 0, 0, 0, 1, 0, 0, 0, 1, 1, 3, 3, 0, 3, 0, 0, 3, 3, 1, 0, 3, 3, 1, 3, 0, 3, 0, 0, 0, 1, 1, 3]"
296,D1,2016,Hertha,"[3, 3, 3, 0, 1, 3, 1, 3, 0, 3, 1, 3, 3, 0, 0, 3, 0, 0, 3, 0, 1, 3, 0, 3, 0, 0, 0, 3, 0, 3, 0, 0, 3, 0]"
297,D1,2016,Hoffenheim,"[1, 1, 1, 1, 3, 3, 3, 3, 3, 1, 1, 1, 3, 1, 1, 1, 3, 0, 3, 0, 3, 1, 3, 1, 3, 3, 3, 0, 3, 1, 3, 0, 3, 1]"
298,D1,2016,Ingolstadt,"[1, 0, 0, 0, 0, 0, 0, 1, 0, 0, 3, 1, 0, 3, 3, 0, 0, 3, 0, 0, 3, 0, 0, 1, 0, 3, 3, 3, 0, 0, 1, 1, 1, 1]"
299,D1,2016,Leverkusen,"[0, 3, 0, 1, 3, 3, 0, 0, 3, 3, 0, 0, 1, 3, 0, 1, 3, 0, 0, 3, 3, 0, 0, 1, 0, 1, 3, 0, 1, 0, 0, 1, 1, 3]"
300,D1,2016,MGladbach,"[3, 0, 3, 1, 3, 0, 1, 0, 1, 0, 0, 1, 0, 3, 0, 0, 1, 3, 3, 3, 0, 3, 3, 0, 0, 1, 3, 3, 0, 0, 3, 1, 1, 1]"
301,D1,2016,Mainz,"[0, 1, 3, 3, 0, 1, 3, 0, 3, 0, 3, 0, 0, 0, 3, 0, 1, 1, 0, 3, 0, 3, 1, 0, 0, 0, 0, 0, 3, 1, 0, 1, 3, 0]"
302,D1,2016,RB Leipzig,"[1, 3, 3, 1, 1, 3, 3, 3, 3, 3, 3, 3, 3, 0, 3, 0, 3, 3, 0, 0, 3, 3, 1, 0, 0, 3, 3, 3, 3, 1, 1, 3, 0, 1]"
303,D1,2016,Schalke 04,"[0, 0, 0, 0, 0, 3, 1, 3, 1, 3, 3, 3, 0, 0, 1, 0, 3, 0, 1, 3, 1, 1, 0, 3, 3, 1, 0, 3, 0, 1, 3, 0, 1, 1]"
304,D1,2016,Werder Bremen,"[0, 0, 0, 0, 3, 1, 3, 0, 0, 0, 0, 1, 3, 3, 1, 1, 0, 0, 0, 0, 3, 3, 3, 1, 3, 3, 3, 1, 3, 3, 3, 0, 0, 0]"
305,D1,2016,Wolfsburg,"[3, 1, 1, 0, 0, 1, 0, 0, 0, 3, 0, 1, 0, 0, 3, 3, 3, 0, 0, 3, 0, 0, 1, 3, 3, 1, 0, 0, 3, 0, 0, 3, 1, 0]"
306,D1,2017,Augsburg,"[0, 1, 3, 3, 3, 1, 0, 1, 0, 3, 1, 0, 3, 3, 1, 0, 1, 3, 0, 1, 3, 0, 0, 1, 0, 3, 0, 1, 0, 1, 3, 1, 0, 0]"
307,D1,2017,Bayern Munich,"[3, 3, 0, 3, 3, 1, 1, 3, 3, 3, 3, 3, 0, 3, 3, 3, 3, 3, 3, 3, 3, 3, 3, 1, 3, 3, 0, 3, 3, 3, 3, 3, 3, 0]"
308,D1,2017,Dortmund,"[3, 3, 1, 3, 3, 3, 3, 0, 1, 0, 0, 0, 1, 1, 0, 3, 3, 1, 1, 1, 3, 3, 3, 1, 1, 3, 3, 0, 3, 0, 3, 1, 0, 0]"
309,D1,2017,Ein Frankfurt,"[1, 0, 3, 0, 3, 0, 3, 3, 1, 1, 3, 1, 0, 3, 0, 3, 1, 1, 3, 3, 0, 3, 3, 0, 3, 0, 3, 0, 1, 0, 0, 0, 3, 0]"
310,D1,2017,FC Koln,"[0, 0, 0, 0, 0, 1, 0, 0, 1, 0, 0, 0, 0, 1, 0, 0, 3, 3, 3, 1, 0, 0, 1, 3, 0, 0, 3, 0, 1, 0, 1, 0, 0, 0]"
311,D1,2017,Freiburg,"[1, 0, 1, 0, 1, 1, 3, 0, 1, 0, 0, 0, 3, 1, 3, 3, 1, 1, 3, 1, 1, 0, 3, 1, 0, 1, 0, 0, 0, 0, 0, 3, 0, 3]"
312,D1,2017,Hamburg,"[3, 3, 0, 0, 0, 0, 1, 0, 0, 0, 3, 0, 3, 1, 1, 0, 0, 0, 0, 1, 1, 0, 0, 0, 1, 0, 0, 1, 3, 0, 3, 3, 0, 3]"
313,D1,2017,Hannover,"[3, 3, 1, 3, 1, 1, 0, 0, 3, 3, 0, 0, 1, 0, 3, 0, 1, 3, 1, 0, 1, 3, 1, 0, 0, 0, 0, 0, 3, 1, 0, 0, 3, 0]"
314,D1,2017,Hertha,"[3, 0, 1, 1, 3, 0, 1, 0, 1, 3, 1, 0, 3, 0, 1, 3, 3, 0, 1, 1, 1, 3, 0, 1, 0, 1, 3, 1, 0, 3, 3, 1, 0, 0]"
315,D1,2017,Hoffenheim,"[3, 1, 3, 1, 3, 3, 0, 1, 1, 0, 3, 1, 0, 3, 0, 3, 0, 1, 0, 0, 1, 3, 0, 1, 3, 3, 1, 3, 1, 3, 3, 3, 0, 3]"
316,D1,2017,Leverkusen,"[0, 1, 0, 3, 0, 3, 1, 1, 3, 3, 1, 1, 3, 1, 3, 3, 1, 0, 3, 3, 1, 0, 3, 0, 3, 3, 0, 1, 3, 3, 0, 0, 1, 3]"
317,D1,2017,MGladbach,"[3, 1, 0, 1, 3, 0, 3, 3, 0, 3, 1, 3, 3, 0, 1, 0, 3, 0, 3, 0, 0, 0, 0, 3, 1, 0, 1, 1, 3, 0, 3, 1, 3, 0]"
318,D1,2017,Mainz,"[0, 0, 3, 0, 0, 3, 1, 3, 0, 1, 1, 3, 0, 0, 1, 0, 1, 0, 3, 0, 0, 0, 3, 1, 1, 0, 0, 1, 1, 3, 0, 3, 3, 0]"
319,D1,2017,RB Leipzig,"[0, 3, 3, 1, 0, 3, 3, 3, 3, 0, 3, 1, 3, 0, 1, 1, 0, 3, 0, 1, 3, 3, 0, 0, 1, 1, 3, 3, 0, 1, 0, 0, 3, 3]"
320,D1,2017,Schalke 04,"[3, 0, 3, 3, 0, 0, 1, 3, 3, 1, 3, 3, 1, 1, 1, 3, 1, 0, 1, 3, 0, 0, 3, 3, 3, 3, 3, 3, 0, 3, 1, 1, 3, 3]"
321,D1,2017,Stuttgart,"[0, 3, 0, 3, 0, 1, 0, 3, 0, 3, 0, 3, 1, 0, 0, 0, 0, 3, 0, 0, 1, 3, 3, 3, 3, 1, 3, 1, 0, 1, 3, 3, 3, 3]"
322,D1,2017,Werder Bremen,"[0, 0, 1, 0, 1, 1, 1, 0, 1, 0, 0, 3, 0, 3, 3, 0, 1, 1, 0, 1, 3, 3, 0, 3, 1, 3, 3, 3, 0, 1, 0, 1, 1, 3]"
323,D1,2017,Wolfsburg,"[0, 3, 1, 0, 1, 1, 1, 1, 1, 1, 1, 3, 0, 3, 1, 1, 0, 1, 0, 3, 1, 0, 0, 1, 0, 0, 0, 1, 3, 1, 0, 0, 0, 3]"
324,D1,2018,Augsburg,"[3, 1, 0, 0, 1, 3, 0, 1, 3, 1, 0, 0, 0, 0, 1, 1, 0, 0, 0, 3, 0, 0, 0, 3, 1, 3, 0, 0, 3, 3, 0, 1, 0, 0]"
325,D1,2018,Bayern Munich,"[3, 3, 3, 3, 1, 0, 0, 3, 3, 1, 0, 1, 3, 3, 3, 3, 3, 3, 3, 0, 3, 3, 3, 3, 3, 3, 1, 3, 3, 3, 1, 3, 1, 3]"
326,D1,2018,Dortmund,"[3, 1, 3, 1, 3, 3, 3, 3, 1, 3, 3, 3, 3, 3, 3, 0, 3, 3, 3, 1, 1, 1, 3, 0, 3, 3, 3, 0, 3, 3, 0, 1, 3, 3]"
327,D1,2018,Ein Frankfurt,"[3, 0, 0, 1, 0, 3, 3, 3, 1, 3, 3, 3, 0, 0, 3, 1, 0, 3, 1, 1, 1, 1, 3, 3, 3, 3, 3, 3, 0, 1, 1, 0, 0, 0]"
328,D1,2018,Fortuna Dusseldorf,"[0, 1, 3, 1, 0, 0, 0, 0, 0, 0, 3, 1, 0, 0, 3, 3, 3, 3, 0, 1, 3, 0, 3, 3, 0, 0, 3, 3, 0, 0, 3, 1, 0, 3]"
329,D1,2018,Freiburg,"[0, 0, 1, 3, 3, 0, 1, 1, 3, 1, 0, 1, 0, 3, 0, 1, 3, 0, 0, 1, 1, 1, 3, 0, 3, 1, 1, 0, 0, 0, 0, 1, 0, 3]"
330,D1,2018,Hannover,"[1, 1, 0, 0, 0, 0, 3, 1, 0, 0, 3, 0, 0, 1, 0, 1, 0, 0, 0, 0, 3, 0, 0, 0, 0, 0, 0, 0, 0, 1, 3, 0, 3, 0]"
331,D1,2018,Hertha,"[3, 3, 1, 3, 0, 3, 1, 1, 1, 0, 0, 1, 3, 3, 0, 1, 0, 3, 1, 0, 3, 1, 0, 3, 0, 0, 0, 0, 0, 1, 1, 3, 3, 0]"
332,D1,2018,Hoffenheim,"[0, 3, 0, 1, 3, 0, 0, 3, 3, 3, 3, 1, 1, 1, 1, 1, 1, 0, 3, 1, 1, 3, 1, 0, 3, 1, 3, 3, 3, 3, 0, 1, 0, 0]"
333,D1,2018,Leverkusen,"[0, 0, 0, 3, 3, 0, 1, 1, 3, 0, 0, 3, 1, 3, 0, 3, 3, 0, 3, 3, 3, 3, 0, 3, 3, 0, 0, 0, 3, 3, 3, 3, 1, 3]"
334,D1,2018,MGladbach,"[3, 1, 3, 0, 3, 1, 3, 3, 0, 3, 3, 3, 0, 3, 1, 3, 0, 3, 3, 3, 0, 1, 0, 0, 3, 1, 0, 1, 3, 0, 0, 1, 3, 0]"
335,D1,2018,Mainz,"[3, 1, 3, 0, 1, 0, 1, 0, 0, 3, 3, 0, 3, 1, 0, 1, 1, 3, 3, 0, 0, 0, 3, 0, 0, 0, 0, 3, 0, 3, 0, 1, 3, 3]"
336,D1,2018,Nurnberg,"[0, 1, 1, 3, 0, 3, 0, 0, 1, 1, 0, 0, 1, 0, 0, 0, 0, 0, 0, 1, 0, 1, 0, 0, 0, 0, 3, 1, 1, 0, 1, 0, 0, 0]"
337,D1,2018,RB Leipzig,"[0, 1, 3, 1, 3, 3, 3, 1, 1, 3, 3, 0, 3, 0, 3, 0, 3, 0, 3, 3, 1, 3, 1, 3, 1, 3, 3, 3, 3, 3, 3, 1, 1, 0]"
338,D1,2018,Schalke 04,"[0, 0, 0, 0, 0, 3, 3, 0, 1, 3, 0, 3, 1, 0, 1, 0, 3, 3, 1, 0, 0, 1, 0, 0, 0, 0, 3, 0, 1, 0, 3, 1, 1, 1]"
339,D1,2018,Stuttgart,"[0, 0, 1, 1, 0, 3, 0, 0, 0, 0, 3, 0, 3, 0, 3, 0, 0, 0, 0, 1, 0, 0, 1, 3, 0, 1, 0, 1, 0, 0, 3, 0, 3, 1]"
340,D1,2018,Werder Bremen,"[1, 3, 1, 3, 3, 0, 3, 3, 0, 0, 0, 1, 0, 3, 0, 1, 0, 3, 1, 1, 3, 1, 1, 1, 3, 3, 3, 1, 3, 0, 0, 1, 3, 3]"
341,D1,2018,Wolfsburg,"[3, 3, 1, 0, 1, 1, 0, 0, 3, 0, 0, 3, 3, 1, 3, 3, 3, 0, 0, 3, 1, 3, 3, 1, 0, 3, 0, 3, 0, 1, 3, 3, 0, 3]"
342,D1,2019,Augsburg,"[0, 1, 0, 3, 1, 0, 0, 1, 1, 0, 3, 3, 1, 3, 3, 3, 0, 0, 0, 3, 0, 1, 0, 0, 0, 0, 3, 1, 0, 1, 3, 0, 1, 0]"
343,D1,2019,Bayern Munich,"[1, 3, 3, 1, 3, 3, 0, 1, 3, 0, 3, 3, 0, 0, 3, 3, 3, 3, 3, 3, 1, 3, 3, 3, 3, 3, 3, 3, 3, 3, 3, 3, 3, 3]"
344,D1,2019,Dortmund,"[3, 3, 0, 3, 1, 1, 1, 3, 1, 3, 0, 1, 3, 3, 3, 1, 0, 3, 3, 3, 0, 3, 3, 3, 3, 3, 3, 0, 3, 3, 3, 0, 3, 0]"
345,D1,2019,Ein Frankfurt,"[3, 0, 3, 0, 1, 3, 1, 3, 0, 3, 0, 0, 0, 1, 0, 0, 0, 3, 3, 1, 3, 0, 0, 0, 0, 0, 1, 3, 3, 0, 3, 3, 1, 3]"
346,D1,2019,FC Koln,"[0, 0, 3, 0, 0, 0, 1, 3, 0, 0, 0, 0, 1, 0, 3, 3, 3, 3, 0, 3, 0, 3, 3, 3, 0, 1, 1, 0, 0, 1, 0, 0, 1, 0]"
347,D1,2019,Fortuna Dusseldorf,"[3, 0, 0, 1, 0, 0, 0, 3, 0, 3, 1, 0, 1, 0, 0, 0, 3, 0, 0, 1, 1, 0, 3, 1, 1, 1, 1, 3, 0, 1, 0, 1, 1, 0]"
348,D1,2019,Freiburg,"[3, 3, 0, 3, 1, 3, 1, 0, 3, 1, 3, 1, 0, 3, 0, 0, 1, 3, 0, 0, 3, 1, 0, 0, 3, 1, 0, 1, 0, 3, 1, 3, 0, 3]"
349,D1,2019,Hertha,"[1, 0, 0, 0, 3, 3, 3, 1, 0, 0, 0, 0, 0, 1, 3, 3, 1, 0, 3, 1, 0, 3, 0, 1, 1, 3, 3, 1, 3, 0, 0, 0, 3, 0]"
350,D1,2019,Hoffenheim,"[0, 3, 1, 0, 1, 0, 3, 3, 3, 3, 3, 0, 1, 0, 0, 3, 3, 0, 3, 3, 0, 0, 1, 0, 1, 0, 1, 3, 3, 1, 0, 3, 3, 3]"
351,D1,2019,Leverkusen,"[3, 3, 1, 0, 3, 3, 1, 0, 1, 0, 3, 1, 3, 3, 0, 0, 3, 3, 3, 0, 3, 3, 3, 1, 3, 3, 3, 0, 3, 0, 1, 3, 0, 3]"
352,D1,2019,MGladbach,"[1, 3, 0, 3, 3, 3, 3, 0, 3, 3, 3, 0, 3, 3, 0, 3, 1, 0, 3, 1, 3, 1, 3, 0, 3, 3, 0, 1, 3, 0, 0, 3, 3, 3]"
353,D1,2019,Mainz,"[0, 0, 0, 3, 0, 0, 3, 0, 3, 0, 0, 3, 3, 0, 0, 3, 0, 0, 0, 0, 3, 1, 0, 3, 1, 1, 0, 1, 0, 3, 0, 3, 3, 0]"
354,D1,2019,Paderborn,"[0, 0, 1, 0, 0, 0, 0, 0, 3, 0, 0, 1, 0, 3, 1, 0, 3, 0, 3, 0, 1, 0, 0, 0, 0, 1, 1, 1, 0, 1, 0, 0, 0, 0]"
355,D1,2019,RB Leipzig,"[3, 3, 3, 1, 3, 0, 1, 1, 0, 3, 3, 3, 3, 3, 3, 1, 3, 3, 0, 1, 1, 3, 3, 1, 1, 1, 3, 1, 3, 1, 3, 1, 0, 3]"
356,D1,2019,Schalke 04,"[1, 0, 3, 3, 3, 3, 1, 0, 1, 3, 1, 3, 3, 0, 3, 1, 1, 3, 0, 1, 1, 1, 0, 0, 1, 0, 0, 0, 0, 1, 1, 0, 0, 0]"
357,D1,2019,Union Berlin,"[0, 1, 3, 0, 0, 0, 0, 3, 0, 3, 3, 3, 0, 3, 1, 0, 0, 0, 3, 0, 3, 0, 3, 1, 0, 0, 0, 1, 0, 1, 3, 3, 0, 3]"
358,D1,2019,Werder Bremen,"[0, 0, 3, 3, 0, 1, 1, 1, 1, 1, 0, 0, 3, 0, 0, 0, 0, 3, 0, 0, 0, 0, 0, 1, 0, 3, 1, 3, 0, 0, 3, 0, 0, 3]"
359,D1,2019,Wolfsburg,"[3, 3, 1, 1, 1, 3, 3, 1, 1, 0, 0, 3, 0, 0, 3, 1, 0, 0, 0, 3, 1, 3, 3, 1, 1, 3, 0, 3, 0, 3, 1, 0, 3, 0]"
360,D1,2020,Augsburg,"[3, 3, 1, 0, 0, 3, 0, 1, 1, 0, 1, 3, 0, 3, 0, 0, 0, 3, 0, 0, 0, 1, 3, 0, 3, 0, 3, 0, 1, 0, 0, 0, 3, 0]"
361,D1,2020,Bayern Munich,"[3, 0, 3, 3, 3, 3, 3, 1, 3, 1, 1, 3, 3, 3, 0, 3, 3, 3, 3, 3, 1, 0, 3, 3, 3, 3, 3, 1, 3, 3, 0, 3, 1, 3]"
362,D1,2020,Bielefeld,"[1, 3, 0, 0, 0, 0, 0, 0, 0, 3, 0, 0, 3, 0, 3, 1, 3, 0, 0, 1, 0, 0, 1, 0, 3, 0, 1, 3, 1, 3, 0, 1, 1, 3]"
363,D1,2020,Dortmund,"[3, 0, 3, 3, 3, 3, 0, 3, 0, 1, 0, 3, 0, 3, 3, 1, 0, 0, 3, 0, 1, 3, 3, 0, 3, 1, 0, 3, 3, 3, 3, 3, 3, 3]"
364,D1,2020,Ein Frankfurt,"[1, 3, 3, 1, 0, 1, 1, 1, 1, 1, 0, 1, 3, 3, 3, 3, 1, 3, 3, 3, 3, 3, 0, 1, 1, 3, 3, 3, 0, 3, 0, 1, 0, 3]"
365,D1,2020,FC Koln,"[0, 0, 0, 1, 1, 0, 1, 0, 3, 1, 3, 0, 1, 0, 0, 1, 3, 0, 3, 3, 0, 0, 0, 1, 0, 1, 0, 0, 0, 3, 3, 0, 1, 3]"
366,D1,2020,Freiburg,"[3, 1, 0, 1, 1, 0, 0, 0, 1, 1, 3, 3, 3, 3, 3, 0, 1, 3, 0, 3, 1, 0, 3, 0, 0, 3, 0, 0, 3, 1, 0, 3, 1, 0]"
367,D1,2020,Hertha,"[3, 0, 0, 0, 0, 1, 3, 0, 1, 3, 1, 1, 0, 3, 0, 1, 0, 0, 0, 0, 1, 0, 0, 3, 0, 3, 1, 1, 1, 3, 1, 3, 1, 0]"
368,D1,2020,Hoffenheim,"[3, 3, 0, 0, 1, 0, 0, 1, 1, 3, 0, 0, 3, 0, 0, 1, 3, 3, 0, 0, 1, 3, 1, 3, 0, 0, 0, 1, 1, 3, 1, 3, 1, 3]"
369,D1,2020,Leverkusen,"[1, 1, 1, 3, 3, 3, 3, 3, 1, 3, 3, 3, 0, 0, 1, 0, 3, 0, 0, 3, 1, 1, 0, 3, 0, 0, 3, 1, 3, 0, 3, 1, 1, 0]"
370,D1,2020,MGladbach,"[0, 1, 3, 1, 3, 3, 0, 1, 3, 1, 1, 1, 0, 3, 3, 1, 3, 3, 1, 0, 1, 0, 0, 0, 0, 3, 3, 1, 3, 0, 3, 0, 0, 3]"
371,D1,2020,Mainz,"[0, 0, 0, 0, 0, 0, 1, 3, 1, 0, 0, 1, 0, 0, 0, 1, 0, 3, 0, 3, 1, 3, 0, 1, 3, 3, 1, 3, 3, 3, 1, 1, 0, 3]"
372,D1,2020,RB Leipzig,"[3, 1, 3, 3, 3, 0, 3, 1, 3, 1, 3, 3, 1, 3, 0, 1, 3, 0, 3, 3, 3, 3, 3, 3, 1, 3, 0, 3, 1, 0, 3, 0, 1, 0]"
373,D1,2020,Schalke 04,"[0, 0, 0, 1, 0, 1, 1, 0, 0, 0, 1, 0, 0, 0, 3, 0, 0, 0, 1, 0, 1, 0, 0, 1, 0, 0, 0, 3, 0, 0, 0, 0, 3, 0]"
374,D1,2020,Stuttgart,"[0, 3, 1, 3, 1, 1, 1, 1, 0, 3, 3, 1, 0, 0, 3, 1, 0, 0, 3, 0, 1, 3, 3, 1, 3, 0, 3, 0, 0, 0, 0, 3, 3, 0]"
375,D1,2020,Union Berlin,"[0, 1, 3, 1, 1, 3, 3, 3, 1, 0, 1, 1, 3, 3, 1, 3, 0, 0, 1, 0, 1, 3, 1, 1, 3, 0, 1, 1, 3, 0, 3, 0, 1, 3]"
376,D1,2020,Werder Bremen,"[0, 3, 3, 1, 1, 1, 1, 1, 0, 0, 0, 0, 3, 0, 1, 3, 0, 3, 1, 1, 0, 3, 1, 3, 0, 0, 0, 0, 0, 0, 0, 1, 0, 0]"
377,D1,2020,Wolfsburg,"[1, 1, 1, 1, 3, 1, 3, 3, 3, 1, 3, 0, 3, 0, 1, 1, 3, 3, 3, 3, 1, 3, 3, 0, 3, 3, 3, 0, 0, 3, 0, 3, 1, 0]"
378,D1,2021,Augsburg,"[0, 1, 0, 1, 3, 0, 0, 1, 0, 3, 0, 3, 1, 0, 3, 1, 1, 0, 1, 0, 3, 0, 0, 1, 3, 0, 3, 3, 0, 0, 3, 0, 0, 3]"
379,D1,2021,Bayern Munich,"[1, 3, 3, 3, 3, 3, 0, 3, 3, 3, 3, 0, 3, 3, 3, 3, 3, 0, 3, 3, 3, 0, 3, 3, 1, 1, 3, 3, 3, 3, 3, 0, 1, 1]"
380,D1,2021,Bielefeld,"[1, 1, 1, 0, 1, 0, 0, 1, 0, 0, 3, 1, 0, 1, 0, 3, 3, 1, 1, 3, 1, 0, 3, 0, 0, 0, 0, 1, 0, 0, 0, 1, 0, 1]"
381,D1,2021,Bochum,"[0, 3, 0, 0, 0, 1, 0, 3, 3, 0, 3, 0, 3, 3, 1, 0, 0, 3, 0, 1, 1, 3, 1, 0, 3, 0, 0, 3, 1, 0, 0, 3, 3, 0]"
382,D1,2021,Dortmund,"[3, 0, 3, 3, 3, 0, 3, 3, 3, 3, 0, 3, 3, 0, 1, 3, 0, 3, 3, 3, 0, 3, 3, 1, 3, 3, 1, 0, 3, 3, 0, 0, 3, 3]"
383,D1,2021,Ein Frankfurt,"[0, 1, 1, 1, 1, 1, 3, 0, 0, 1, 3, 3, 3, 0, 3, 3, 3, 0, 1, 0, 3, 0, 0, 0, 3, 3, 1, 1, 0, 0, 1, 0, 1, 1]"
384,D1,2021,FC Koln,"[3, 0, 3, 1, 1, 1, 3, 0, 1, 0, 1, 1, 3, 1, 0, 3, 3, 3, 0, 1, 3, 0, 3, 1, 0, 3, 1, 0, 3, 3, 3, 3, 0, 0]"
385,D1,2021,Freiburg,"[1, 3, 3, 1, 1, 3, 3, 1, 3, 3, 0, 0, 0, 3, 0, 1, 3, 1, 0, 3, 0, 1, 3, 3, 1, 3, 1, 0, 3, 3, 1, 3, 0, 0]"
386,D1,2021,Greuther Furth,"[0, 1, 0, 0, 0, 0, 0, 0, 0, 0, 0, 0, 0, 0, 3, 0, 1, 1, 1, 3, 0, 3, 0, 1, 0, 0, 1, 1, 0, 1, 0, 1, 0, 0]"
387,D1,2021,Hertha,"[0, 0, 0, 3, 3, 0, 0, 3, 3, 0, 1, 0, 1, 1, 3, 0, 3, 0, 1, 0, 1, 0, 0, 0, 0, 0, 3, 0, 0, 3, 3, 1, 0, 0]"
388,D1,2021,Hoffenheim,"[3, 1, 0, 0, 1, 3, 0, 3, 0, 3, 0, 3, 3, 3, 3, 1, 1, 3, 0, 0, 0, 3, 3, 3, 3, 1, 0, 0, 0, 1, 1, 0, 0, 0]"
389,D1,2021,Leverkusen,"[1, 3, 3, 0, 3, 3, 3, 0, 1, 0, 1, 3, 3, 3, 0, 1, 0, 1, 3, 3, 3, 3, 0, 3, 1, 0, 3, 3, 1, 0, 3, 3, 3, 3]"
390,D1,2021,MGladbach,"[1, 0, 0, 3, 0, 3, 3, 1, 0, 3, 1, 3, 0, 0, 0, 0, 1, 3, 0, 0, 1, 3, 0, 1, 0, 3, 3, 1, 3, 0, 1, 3, 1, 3]"
391,D1,2021,Mainz,"[3, 0, 3, 3, 1, 0, 0, 0, 3, 3, 1, 1, 0, 3, 0, 3, 0, 0, 3, 0, 3, 1, 3, 0, 0, 3, 1, 0, 0, 1, 0, 3, 3, 1]"
392,D1,2021,RB Leipzig,"[0, 3, 0, 0, 1, 3, 3, 1, 3, 1, 3, 0, 0, 0, 3, 1, 0, 3, 3, 3, 0, 3, 3, 3, 1, 3, 1, 3, 3, 3, 0, 0, 3, 1]"
393,D1,2021,Stuttgart,"[3, 0, 0, 1, 0, 1, 3, 1, 1, 0, 0, 0, 3, 1, 3, 0, 0, 1, 0, 0, 0, 0, 1, 0, 3, 1, 3, 1, 0, 1, 0, 1, 1, 3]"
394,D1,2021,Union Berlin,"[1, 1, 3, 1, 0, 3, 3, 3, 1, 0, 1, 3, 0, 3, 0, 1, 3, 1, 3, 3, 0, 0, 0, 3, 0, 1, 0, 3, 3, 3, 3, 1, 3, 3]"
395,D1,2021,Wolfsburg,"[3, 3, 3, 3, 1, 0, 0, 0, 0, 3, 3, 1, 0, 0, 0, 0, 0, 0, 1, 0, 3, 3, 0, 1, 3, 0, 0, 0, 3, 0, 3, 1, 3, 1]"
396,D1,2022,Augsburg,"[0, 3, 0, 0, 0, 3, 3, 3, 1, 0, 1, 0, 0, 1, 0, 0, 3, 0, 3, 0, 3, 0, 3, 0, 1, 1, 0, 0, 1, 1, 3, 0, 0, 0]"
397,D1,2022,Bayern Munich,"[3, 3, 3, 1, 1, 1, 0, 3, 1, 3, 3, 3, 3, 3, 3, 1, 1, 1, 3, 3, 0, 3, 3, 3, 0, 3, 3, 1, 0, 3, 3, 3, 0, 3]"
398,D1,2022,Bochum,"[0, 0, 0, 0, 0, 0, 1, 0, 3, 0, 3, 0, 0, 3, 3, 3, 0, 0, 3, 0, 0, 0, 0, 3, 3, 1, 0, 1, 0, 1, 0, 3, 1, 3]"
399,D1,2022,Dortmund,"[3, 3, 0, 3, 3, 0, 3, 0, 1, 0, 3, 3, 3, 0, 0, 3, 3, 3, 3, 3, 3, 3, 3, 1, 3, 0, 3, 1, 3, 1, 3, 3, 3, 1]"
400,D1,2022,Ein Frankfurt,"[0, 1, 1, 3, 3, 0, 3, 3, 0, 3, 3, 0, 3, 3, 1, 3, 1, 1, 3, 0, 3, 0, 1, 1, 0, 1, 0, 1, 0, 1, 0, 3, 1, 3]"
401,D1,2022,FC Koln,"[3, 1, 1, 1, 3, 0, 1, 3, 0, 3, 0, 1, 0, 0, 0, 3, 1, 1, 1, 3, 0, 0, 1, 0, 0, 1, 3, 1, 3, 0, 3, 3, 1, 0]"
402,D1,2022,Freiburg,"[3, 0, 3, 3, 3, 1, 1, 3, 1, 0, 3, 3, 3, 0, 3, 0, 1, 3, 0, 3, 3, 1, 1, 3, 1, 1, 0, 3, 3, 3, 0, 0, 3, 0]"
403,D1,2022,Hertha,"[0, 1, 0, 0, 3, 1, 1, 1, 1, 0, 3, 0, 0, 0, 3, 0, 0, 0, 0, 3, 0, 3, 0, 1, 0, 1, 0, 0, 0, 0, 3, 0, 1, 3]"
404,D1,2022,Hoffenheim,"[0, 3, 3, 3, 0, 3, 1, 1, 0, 3, 0, 1, 0, 0, 0, 0, 1, 0, 0, 0, 0, 0, 0, 0, 3, 3, 3, 1, 0, 0, 3, 0, 3, 1]"
405,D1,2022,Leverkusen,"[0, 0, 0, 3, 0, 1, 1, 0, 3, 0, 1, 0, 3, 3, 3, 3, 3, 0, 0, 3, 0, 1, 3, 3, 3, 3, 3, 1, 3, 1, 0, 1, 1, 0]"
406,D1,2022,MGladbach,"[3, 1, 3, 1, 0, 1, 3, 0, 3, 1, 0, 0, 3, 0, 3, 0, 0, 3, 1, 0, 3, 0, 1, 0, 1, 1, 3, 1, 0, 0, 3, 0, 1, 3]"
407,D1,2022,Mainz,"[3, 1, 3, 0, 3, 0, 1, 0, 1, 3, 3, 0, 0, 0, 1, 1, 0, 3, 0, 3, 3, 3, 3, 1, 1, 3, 1, 1, 3, 0, 0, 0, 0, 1]"
408,D1,2022,RB Leipzig,"[1, 1, 0, 3, 0, 3, 0, 3, 1, 3, 1, 3, 3, 3, 3, 1, 3, 3, 1, 0, 3, 3, 0, 3, 0, 0, 3, 3, 0, 3, 3, 3, 3, 3]"
409,D1,2022,Schalke 04,"[0, 1, 1, 0, 1, 3, 0, 0, 0, 0, 0, 0, 0, 3, 0, 0, 0, 1, 1, 1, 1, 3, 3, 1, 1, 0, 0, 3, 0, 3, 3, 0, 1, 0]"
410,D1,2022,Stuttgart,"[1, 1, 0, 1, 1, 1, 0, 0, 0, 3, 0, 3, 0, 3, 0, 1, 1, 0, 0, 0, 3, 0, 0, 1, 0, 0, 3, 1, 1, 3, 0, 1, 3, 1]"
411,D1,2022,Union Berlin,"[3, 1, 3, 3, 1, 3, 3, 0, 3, 3, 0, 3, 0, 1, 0, 3, 3, 3, 3, 3, 1, 0, 1, 1, 3, 3, 0, 1, 3, 1, 0, 3, 0, 3]"
412,D1,2022,Werder Bremen,"[1, 1, 3, 0, 3, 0, 1, 3, 3, 0, 0, 3, 3, 0, 0, 0, 0, 3, 3, 0, 0, 3, 0, 0, 1, 0, 1, 0, 3, 0, 0, 0, 1, 0]"
413,D1,2022,Wolfsburg,"[1, 0, 1, 0, 0, 3, 0, 3, 1, 1, 1, 3, 3, 3, 3, 3, 3, 0, 0, 1, 0, 3, 1, 1, 3, 1, 0, 1, 3, 3, 0, 3, 0, 0]"
414,D1,2023,Augsburg,"[1, 0, 1, 0, 3, 0, 0, 3, 3, 1, 1, 1, 3, 0, 1, 0, 0, 3, 0, 1, 1, 0, 3, 3, 3, 3, 1, 0, 3, 0, 0, 0, 0, 0]"
415,D1,2023,Bayern Munich,"[3, 3, 3, 1, 3, 1, 3, 3, 3, 3, 3, 3, 0, 3, 3, 3, 0, 3, 3, 3, 0, 0, 3, 1, 3, 3, 0, 0, 3, 3, 3, 0, 3, 0]"
416,D1,2023,Bochum,"[0, 1, 1, 1, 0, 0, 1, 0, 1, 3, 1, 1, 3, 0, 3, 0, 1, 3, 0, 1, 1, 3, 0, 0, 0, 0, 1, 0, 1, 0, 3, 3, 0, 0]"
417,D1,2023,Darmstadt,"[0, 0, 0, 1, 0, 3, 3, 0, 0, 0, 1, 1, 0, 0, 0, 1, 0, 1, 0, 0, 1, 0, 1, 0, 0, 0, 1, 0, 0, 3, 0, 0, 0, 0]"
418,D1,2023,Dortmund,"[3, 1, 1, 3, 3, 3, 3, 3, 1, 0, 0, 3, 1, 0, 1, 1, 3, 3, 3, 1, 3, 1, 0, 3, 3, 3, 3, 0, 3, 1, 0, 3, 0, 3]"
419,D1,2023,Ein Frankfurt,"[3, 1, 1, 1, 1, 0, 3, 3, 1, 3, 1, 0, 0, 3, 0, 3, 3, 1, 3, 0, 1, 1, 1, 3, 3, 0, 1, 1, 0, 3, 0, 0, 1, 1]"
420,D1,2023,FC Koln,"[0, 0, 1, 0, 0, 0, 0, 3, 0, 1, 1, 0, 3, 1, 0, 0, 1, 0, 1, 3, 1, 0, 1, 0, 1, 0, 1, 3, 0, 0, 1, 1, 3, 0]"
421,D1,2023,Freiburg,"[3, 3, 0, 0, 1, 3, 0, 3, 0, 1, 0, 1, 3, 3, 3, 0, 1, 3, 0, 0, 0, 1, 0, 1, 3, 0, 3, 0, 3, 1, 0, 1, 1, 0]"
422,D1,2023,Heidenheim,"[0, 0, 1, 3, 0, 3, 0, 0, 0, 3, 0, 1, 0, 3, 3, 3, 1, 1, 1, 1, 3, 0, 1, 0, 0, 1, 1, 3, 1, 0, 3, 1, 1, 3]"
423,D1,2023,Hoffenheim,"[0, 3, 3, 3, 3, 0, 3, 0, 3, 0, 1, 1, 0, 3, 0, 1, 0, 0, 1, 1, 1, 0, 3, 3, 0, 0, 0, 3, 0, 3, 0, 1, 3, 3]"
424,D1,2023,Leverkusen,"[3, 3, 3, 1, 3, 3, 3, 3, 3, 3, 3, 3, 1, 1, 3, 3, 3, 3, 1, 3, 3, 3, 3, 3, 3, 3, 3, 3, 3, 1, 1, 3, 3, 3]"
425,D1,2023,MGladbach,"[1, 0, 0, 1, 0, 3, 1, 0, 3, 1, 3, 0, 3, 0, 1, 0, 3, 0, 1, 0, 1, 0, 3, 1, 1, 1, 0, 3, 0, 0, 1, 1, 1, 0]"
426,D1,2023,Mainz,"[0, 1, 0, 0, 0, 0, 1, 0, 1, 3, 1, 1, 0, 1, 0, 1, 1, 0, 0, 1, 0, 3, 0, 1, 0, 3, 1, 3, 3, 1, 1, 1, 3, 3]"
427,D1,2023,RB Leipzig,"[0, 3, 3, 3, 3, 1, 1, 3, 3, 0, 3, 0, 3, 3, 3, 1, 0, 0, 0, 3, 1, 3, 0, 3, 3, 3, 1, 3, 3, 3, 3, 1, 1, 1]"
428,D1,2023,Stuttgart,"[3, 0, 3, 3, 3, 3, 3, 3, 0, 0, 3, 3, 3, 1, 0, 3, 0, 0, 3, 3, 3, 3, 1, 3, 3, 3, 1, 3, 3, 0, 1, 3, 3, 3]"
429,D1,2023,Union Berlin,"[3, 3, 0, 0, 0, 0, 0, 0, 0, 0, 0, 1, 3, 0, 3, 1, 0, 3, 0, 1, 3, 3, 1, 0, 0, 3, 1, 0, 0, 0, 1, 0, 0, 3]"
430,D1,2023,Werder Bremen,"[0, 0, 3, 0, 3, 0, 0, 0, 3, 1, 1, 0, 0, 3, 1, 1, 1, 3, 3, 3, 0, 3, 1, 0, 0, 0, 0, 1, 0, 3, 3, 1, 1, 3]"
431,D1,2023,Wolfsburg,"[3, 3, 0, 3, 0, 3, 0, 0, 0, 1, 0, 3, 0, 0, 3, 0, 1, 1, 1, 1, 0, 1, 1, 0, 0, 0, 3, 0, 0, 3, 3, 3, 0, 0]"
432,D1,2024,Augsburg,"[1, 0, 3, 0, 0, 3, 0, 3, 1, 1, 0, 3, 1, 0, 0, 0, 3, 3, 3, 1, 1, 1, 3, 1, 3, 3, 1, 0, 3, 1, 0, 0, 0, 0]"
433,D1,2024,Bayern Munich,"[3, 3, 3, 3, 1, 1, 3, 3, 3, 3, 3, 1, 3, 0, 3, 3, 3, 3, 3, 3, 3, 1, 3, 3, 0, 1, 3, 3, 1, 3, 3, 1, 3, 3]"
434,D1,2024,Bochum,"[0, 0, 0, 1, 0, 0, 0, 0, 0, 1, 0, 0, 0, 1, 3, 0, 3, 1, 0, 0, 1, 3, 1, 0, 3, 0, 0, 0, 0, 0, 1, 1, 0, 3]"
435,D1,2024,Dortmund,"[3, 1, 3, 0, 3, 0, 3, 0, 3, 0, 3, 1, 1, 1, 3, 0, 0, 0, 1, 3, 0, 0, 3, 3, 0, 0, 3, 3, 1, 3, 3, 3, 3, 3]"
436,D1,2024,Ein Frankfurt,"[0, 3, 3, 3, 3, 1, 0, 1, 3, 3, 3, 3, 1, 0, 0, 3, 3, 3, 1, 1, 1, 3, 0, 0, 0, 3, 3, 0, 3, 1, 3, 1, 1, 3]"
437,D1,2024,Freiburg,"[3, 0, 3, 3, 0, 3, 3, 0, 1, 1, 0, 3, 1, 3, 0, 3, 0, 0, 0, 3, 3, 3, 3, 1, 1, 1, 0, 0, 3, 3, 3, 1, 3, 0]"
438,D1,2024,Heidenheim,"[3, 3, 0, 0, 3, 0, 0, 1, 0, 0, 0, 0, 0, 0, 0, 3, 1, 0, 0, 0, 0, 0, 1, 0, 1, 3, 3, 0, 0, 0, 3, 1, 3, 0]"
439,D1,2024,Hoffenheim,"[3, 0, 0, 0, 0, 1, 3, 1, 0, 1, 3, 0, 1, 1, 0, 0, 0, 3, 1, 0, 0, 3, 1, 3, 1, 0, 1, 0, 3, 0, 0, 1, 1, 0]"
440,D1,2024,Holstein Kiel,"[0, 0, 0, 1, 0, 1, 0, 0, 3, 0, 0, 0, 0, 0, 3, 0, 3, 0, 1, 0, 1, 0, 0, 3, 1, 0, 0, 1, 0, 1, 3, 3, 0, 0]"
441,D1,2024,Leverkusen,"[3, 0, 3, 3, 1, 1, 3, 1, 1, 1, 3, 3, 3, 3, 3, 3, 3, 3, 1, 3, 1, 1, 3, 3, 0, 3, 3, 3, 1, 1, 3, 1, 0, 1]"
442,D1,2024,M'gladbach,"[0, 0, 0, 3, 3, 1, 3, 0, 3, 0, 3, 3, 1, 0, 0, 0, 1, 0, 0]"
443,D1,2024,MGladbach,"[0, 3, 0, 0, 3, 0, 3, 1, 3, 1, 3, 0, 1, 3, 3]"
444,D1,2024,Mainz,"[1, 1, 0, 3, 0, 3, 0, 1, 1, 3, 3, 3, 0, 3, 3, 3, 0, 0, 3, 0, 1, 3, 3, 3, 3, 1, 0, 1, 0, 1, 0, 1, 3, 1]"
445,D1,2024,RB Leipzig,"[3, 3, 1, 1, 3, 3, 3, 3, 0, 1, 0, 0, 3, 3, 0, 3, 0, 1, 1, 1, 3, 1, 1, 0, 1, 3, 0, 3, 3, 1, 0, 1, 1, 0]"
446,D1,2024,St Pauli,"[0, 0, 0, 1, 3, 0, 0, 1, 3, 0, 0, 3, 0, 0, 3, 0, 0, 3, 3, 1, 0, 0, 0, 0, 1, 3, 0, 1, 3, 1, 1, 0, 1, 0]"
447,D1,2024,Stuttgart,"[0, 1, 3, 3, 1, 1, 0, 3, 1, 0, 3, 1, 3, 3, 0, 3, 3, 3, 0, 0, 3, 0, 1, 0, 1, 0, 0, 3, 0, 1, 0, 3, 3, 3]"
448,D1,2024,Union Berlin,"[1, 3, 1, 3, 0, 3, 3, 1, 0, 1, 0, 0, 0, 1, 0, 0, 0, 3, 0, 1, 3, 0, 0, 0, 3, 1, 3, 3, 1, 1, 1, 1, 0, 3]"
449,D1,2024,Werder Bremen,"[1, 1, 3, 0, 3, 0, 3, 1, 0, 3, 0, 1, 3, 3, 3, 0, 1, 0, 1, 3, 0, 0, 0, 0, 3, 0, 3, 3, 3, 3, 1, 1, 1, 3]"
450,D1,2024,Wolfsburg,"[0, 3, 0, 0, 1, 3, 0, 1, 1, 3, 3, 3, 3, 0, 0, 3, 3, 0, 1, 1, 1, 3, 1, 3, 1, 0, 0, 0, 0, 1, 0, 0, 1, 3]"
451,E0,2000,Arsenal,"[0, 3, 3, 1, 1, 3, 1, 3, 3, 3, 3, 3, 1, 0, 0, 3, 3, 1, 0, 3, 1, 0, 1, 1, 3, 3, 3, 0, 3, 1, 3, 3, 0, 3, 3, 3, 1, 0]"
452,E0,2000,Aston Villa,"[1, 1, 0, 3, 3, 1, 3, 0, 1, 3, 3, 3, 0, 1, 1, 1, 1, 3, 0, 0, 0, 0, 0, 3, 1, 0, 1, 3, 1, 3, 3, 1, 3, 1, 1, 1, 3, 0]"
453,E0,2000,Bradford,"[0, 3, 1, 0, 1, 0, 0, 1, 0, 0, 1, 0, 0, 0, 1, 3, 1, 0, 0, 0, 3, 0, 1, 0, 0, 0, 0, 0, 1, 1, 0, 3, 3, 0, 0, 1, 0, 1]"
454,E0,2000,Charlton,"[3, 0, 0, 1, 1, 3, 3, 1, 0, 3, 0, 3, 0, 3, 0, 0, 1, 0, 3, 0, 3, 3, 1, 1, 3, 1, 3, 1, 1, 0, 3, 0, 0, 1, 3, 3, 0, 0]"
455,E0,2000,Chelsea,"[3, 0, 1, 1, 1, 0, 1, 3, 0, 3, 3, 0, 1, 0, 0, 3, 3, 0, 3, 1, 3, 1, 3, 3, 0, 1, 1, 3, 0, 3, 3, 3, 3, 0, 0, 3, 1, 3]"
456,E0,2000,Coventry,"[0, 3, 3, 0, 1, 0, 0, 1, 3, 0, 0, 0, 0, 0, 1, 0, 3, 0, 1, 3, 1, 1, 0, 0, 0, 0, 1, 1, 1, 0, 3, 3, 0, 3, 0, 0, 0, 1]"
457,E0,2000,Derby,"[1, 0, 1, 1, 1, 0, 1, 0, 0, 0, 0, 1, 1, 3, 0, 3, 0, 3, 3, 1, 0, 3, 0, 1, 0, 3, 1, 3, 3, 1, 0, 0, 0, 3, 0, 0, 3, 1]"
458,E0,2000,Everton,"[0, 3, 1, 0, 3, 0, 1, 0, 1, 3, 0, 0, 3, 3, 3, 0, 0, 1, 0, 0, 0, 1, 3, 1, 0, 1, 3, 0, 1, 0, 3, 3, 0, 0, 0, 3, 0, 1]"
459,E0,2000,Ipswich,"[0, 1, 3, 0, 0, 3, 1, 3, 1, 3, 3, 0, 3, 3, 3, 0, 3, 3, 0, 1, 3, 0, 3, 0, 0, 0, 3, 3, 0, 3, 3, 1, 3, 3, 3, 0, 3, 1]"
460,E0,2000,Leeds,"[3, 3, 0, 1, 0, 1, 3, 3, 0, 1, 3, 1, 0, 3, 0, 0, 3, 0, 0, 1, 3, 0, 3, 3, 3, 1, 1, 3, 1, 3, 3, 3, 3, 3, 3, 0, 3, 3]"
461,E0,2000,Leicester,"[1, 3, 1, 3, 3, 3, 1, 1, 0, 0, 3, 3, 1, 3, 0, 3, 0, 3, 3, 0, 0, 0, 1, 0, 3, 0, 3, 3, 0, 0, 0, 0, 0, 0, 0, 0, 3, 0]"
462,E0,2000,Liverpool,"[3, 0, 1, 3, 3, 1, 1, 0, 3, 3, 3, 0, 3, 0, 0, 3, 0, 3, 3, 0, 3, 3, 1, 1, 3, 1, 0, 1, 3, 1, 0, 3, 3, 3, 3, 3, 1, 3]"
463,E0,2000,Man City,"[0, 3, 0, 3, 0, 1, 1, 0, 3, 3, 0, 0, 0, 0, 0, 0, 3, 1, 0, 1, 0, 1, 0, 1, 1, 1, 0, 3, 0, 1, 0, 0, 0, 3, 1, 3, 0, 0]"
464,E0,2000,Man United,"[3, 1, 1, 3, 3, 3, 1, 0, 3, 3, 3, 3, 3, 3, 3, 3, 1, 0, 3, 3, 1, 3, 3, 3, 3, 3, 1, 3, 1, 3, 0, 3, 3, 1, 3, 0, 0, 0]"
465,E0,2000,Middlesbrough,"[3, 1, 0, 1, 0, 1, 1, 3, 0, 0, 0, 0, 0, 0, 1, 0, 0, 3, 1, 3, 1, 1, 3, 1, 1, 1, 1, 0, 1, 3, 0, 1, 3, 0, 3, 0, 1, 3]"
466,E0,2000,Newcastle,"[0, 3, 3, 3, 1, 0, 0, 3, 3, 0, 0, 3, 1, 0, 3, 1, 0, 3, 0, 3, 1, 0, 3, 3, 0, 0, 0, 1, 0, 1, 0, 3, 1, 3, 1, 0, 1, 3]"
467,E0,2000,Southampton,"[1, 0, 1, 1, 0, 3, 3, 0, 1, 0, 0, 3, 1, 3, 0, 0, 3, 0, 1, 3, 3, 0, 1, 1, 3, 3, 3, 3, 3, 0, 0, 0, 1, 0, 1, 0, 3, 3]"
468,E0,2000,Sunderland,"[3, 0, 0, 1, 0, 3, 1, 1, 3, 1, 3, 0, 1, 3, 3, 3, 3, 0, 3, 3, 1, 3, 3, 1, 0, 0, 1, 0, 1, 3, 0, 1, 0, 0, 1, 3, 3, 1]"
469,E0,2000,Tottenham,"[3, 1, 0, 3, 3, 0, 1, 0, 0, 3, 0, 3, 0, 3, 3, 0, 1, 1, 1, 0, 0, 3, 1, 1, 1, 1, 3, 0, 0, 3, 0, 3, 3, 0, 0, 1, 0, 3]"
470,E0,2000,West Ham,"[0, 0, 1, 1, 0, 1, 3, 1, 1, 0, 3, 1, 3, 3, 3, 3, 1, 1, 0, 3, 0, 0, 1, 1, 0, 1, 3, 0, 0, 0, 0, 1, 3, 0, 0, 0, 3, 0]"
471,E0,2001,Arsenal,"[3, 0, 3, 1, 3, 1, 3, 3, 1, 1, 0, 1, 3, 3, 3, 1, 0, 3, 3, 3, 1, 1, 3, 3, 1, 3, 3, 3, 3, 3, 3, 3, 3, 3, 3, 3, 3, 3]"
472,E0,2001,Aston Villa,"[1, 1, 3, 1, 3, 3, 3, 0, 3, 3, 0, 1, 1, 0, 1, 0, 3, 0, 0, 1, 1, 3, 3, 1, 1, 1, 0, 3, 0, 0, 1, 0, 1, 0, 0, 1, 3, 3]"
473,E0,2001,Blackburn,"[0, 1, 3, 0, 1, 1, 3, 0, 3, 1, 1, 3, 1, 1, 0, 0, 0, 3, 0, 0, 0, 3, 0, 0, 0, 0, 1, 3, 3, 0, 0, 3, 1, 3, 1, 3, 0, 3]"
474,E0,2001,Bolton,"[3, 3, 3, 1, 0, 1, 1, 0, 0, 3, 0, 1, 3, 1, 0, 0, 1, 0, 0, 1, 1, 1, 1, 0, 0, 3, 1, 1, 0, 0, 3, 3, 0, 3, 1, 0, 0, 0]"
475,E0,2001,Charlton,"[0, 3, 1, 0, 1, 3, 1, 1, 0, 0, 3, 1, 0, 1, 3, 3, 1, 0, 1, 3, 3, 0, 0, 3, 1, 0, 1, 3, 1, 3, 0, 0, 0, 0, 1, 0, 1, 1]"
476,E0,2001,Chelsea,"[1, 3, 1, 3, 1, 1, 3, 1, 0, 1, 3, 1, 1, 3, 0, 1, 3, 3, 0, 3, 0, 1, 3, 3, 3, 1, 0, 3, 3, 3, 0, 3, 1, 3, 1, 0, 3, 0]"
477,E0,2001,Derby,"[3, 0, 1, 1, 0, 0, 0, 0, 1, 1, 0, 3, 0, 0, 3, 0, 0, 3, 0, 3, 0, 0, 0, 0, 3, 0, 3, 1, 0, 3, 0, 0, 0, 0, 0, 0, 0, 1]"
478,E0,2001,Everton,"[3, 1, 3, 0, 0, 0, 3, 1, 3, 0, 1, 1, 1, 3, 0, 3, 0, 0, 0, 0, 0, 3, 1, 1, 0, 0, 1, 1, 0, 3, 3, 0, 3, 0, 1, 3, 0, 0]"
479,E0,2001,Fulham,"[0, 3, 1, 1, 0, 1, 1, 0, 1, 3, 3, 3, 1, 1, 3, 1, 0, 1, 0, 3, 3, 1, 0, 1, 3, 0, 0, 0, 0, 0, 0, 1, 0, 1, 3, 3, 1, 0]"
480,E0,2001,Ipswich,"[0, 3, 0, 1, 1, 0, 0, 1, 1, 1, 0, 0, 0, 1, 0, 0, 0, 3, 3, 3, 0, 3, 3, 3, 3, 0, 0, 0, 0, 1, 1, 0, 1, 0, 0, 3, 0, 0]"
481,E0,2001,Leeds,"[3, 3, 1, 1, 3, 3, 3, 1, 1, 1, 3, 0, 1, 1, 3, 1, 3, 0, 3, 3, 3, 0, 1, 0, 0, 1, 1, 1, 3, 3, 3, 0, 0, 3, 3, 0, 3, 3]"
482,E0,2001,Leicester,"[0, 0, 1, 3, 0, 1, 0, 0, 0, 0, 1, 3, 0, 1, 3, 0, 1, 1, 0, 1, 0, 1, 0, 0, 0, 0, 0, 0, 1, 1, 0, 3, 0, 0, 1, 1, 1, 3]"
483,E0,2001,Liverpool,"[3, 0, 0, 3, 3, 3, 1, 3, 3, 3, 1, 3, 3, 3, 1, 0, 0, 3, 1, 1, 0, 1, 1, 3, 3, 3, 3, 1, 3, 3, 3, 3, 3, 3, 3, 0, 3, 3]"
484,E0,2001,Man United,"[3, 1, 1, 3, 0, 3, 3, 3, 0, 1, 0, 3, 0, 0, 0, 3, 3, 3, 3, 3, 3, 3, 3, 0, 3, 3, 3, 3, 1, 3, 3, 0, 3, 3, 3, 3, 0, 1]"
485,E0,2001,Middlesbrough,"[0, 0, 0, 0, 3, 3, 1, 0, 1, 3, 0, 3, 1, 1, 3, 0, 0, 0, 0, 3, 0, 1, 3, 1, 1, 3, 0, 3, 1, 0, 3, 1, 3, 3, 0, 0, 0, 0]"
486,E0,2001,Newcastle,"[1, 1, 3, 3, 0, 3, 0, 3, 0, 3, 3, 0, 3, 1, 3, 3, 3, 3, 3, 0, 0, 3, 1, 3, 3, 3, 3, 0, 0, 1, 3, 1, 1, 3, 3, 1, 3, 0]"
487,E0,2001,Southampton,"[0, 0, 0, 3, 0, 3, 0, 0, 1, 0, 0, 0, 3, 0, 3, 3, 0, 3, 0, 3, 3, 0, 1, 3, 1, 0, 1, 3, 1, 1, 1, 1, 0, 3, 1, 0, 0, 3]"
488,E0,2001,Sunderland,"[3, 0, 1, 3, 1, 0, 1, 3, 0, 0, 1, 0, 3, 0, 3, 1, 0, 3, 3, 0, 1, 0, 1, 0, 0, 3, 0, 0, 3, 0, 1, 0, 3, 0, 0, 0, 1, 1]"
489,E0,2001,Tottenham,"[1, 1, 0, 3, 0, 3, 0, 0, 3, 3, 3, 0, 1, 3, 3, 0, 3, 0, 0, 1, 3, 0, 1, 0, 0, 3, 3, 0, 0, 0, 3, 1, 3, 0, 1, 1, 3, 0]"
490,E0,2001,West Ham,"[0, 1, 1, 0, 3, 0, 0, 3, 3, 3, 0, 1, 0, 0, 1, 3, 1, 1, 3, 1, 0, 3, 0, 0, 3, 0, 3, 0, 3, 0, 3, 3, 3, 1, 3, 0, 0, 3]"
491,E0,2002,Arsenal,"[3, 1, 3, 1, 3, 3, 3, 3, 3, 0, 0, 3, 3, 3, 0, 3, 0, 1, 3, 3, 1, 3, 3, 3, 1, 3, 1, 3, 3, 0, 3, 1, 1, 3, 1, 0, 3, 3]"
492,E0,2002,Aston Villa,"[0, 0, 3, 0, 3, 0, 3, 0, 1, 0, 1, 1, 3, 1, 3, 0, 0, 3, 0, 0, 3, 3, 1, 0, 3, 3, 0, 0, 0, 0, 1, 1, 1, 3, 1, 0, 3, 0]"
493,E0,2002,Birmingham,"[0, 0, 1, 3, 1, 3, 0, 0, 3, 1, 0, 3, 0, 1, 3, 1, 0, 3, 1, 1, 0, 0, 0, 1, 0, 0, 0, 3, 3, 0, 3, 0, 3, 3, 3, 3, 0, 1]"
494,E0,2002,Blackburn,"[1, 3, 1, 0, 0, 1, 3, 3, 0, 3, 3, 1, 1, 0, 0, 3, 1, 0, 3, 1, 1, 3, 1, 1, 0, 0, 3, 3, 3, 3, 0, 3, 3, 0, 1, 3, 1, 3]"
495,E0,2002,Bolton,"[0, 0, 3, 3, 0, 0, 1, 0, 0, 1, 0, 1, 3, 1, 0, 1, 0, 1, 3, 1, 0, 1, 1, 0, 0, 3, 1, 1, 0, 3, 3, 3, 0, 3, 1, 1, 1, 3]"
496,E0,2002,Charlton,"[0, 3, 0, 3, 0, 0, 1, 0, 0, 3, 0, 1, 0, 3, 3, 3, 3, 1, 1, 1, 3, 0, 1, 3, 3, 3, 3, 3, 0, 0, 1, 0, 0, 0, 0, 3, 0, 0]"
497,E0,2002,Chelsea,"[3, 1, 1, 1, 3, 3, 1, 0, 0, 3, 3, 1, 3, 3, 1, 3, 3, 1, 3, 1, 0, 0, 3, 0, 3, 1, 3, 0, 0, 3, 3, 3, 3, 0, 3, 1, 0, 3]"
498,E0,2002,Everton,"[1, 3, 1, 0, 0, 3, 0, 3, 0, 3, 3, 3, 3, 3, 3, 0, 0, 3, 1, 1, 1, 1, 0, 3, 3, 3, 0, 3, 1, 1, 0, 3, 3, 0, 0, 3, 0, 0]"
499,E0,2002,Fulham,"[3, 1, 0, 3, 3, 1, 0, 3, 1, 0, 0, 0, 0, 1, 3, 0, 3, 0, 0, 1, 0, 1, 3, 0, 0, 3, 3, 1, 3, 1, 0, 0, 0, 3, 0, 1, 3, 3]"
500,E0,2002,Leeds,"[3, 3, 0, 0, 3, 3, 0, 0, 1, 0, 1, 0, 3, 0, 0, 0, 0, 3, 1, 3, 3, 3, 0, 1, 0, 0, 3, 0, 0, 0, 0, 3, 1, 0, 3, 0, 3, 3]"
501,E0,2002,Liverpool,"[3, 3, 1, 1, 1, 3, 3, 3, 3, 3, 3, 3, 0, 1, 0, 0, 0, 0, 1, 1, 1, 0, 1, 3, 1, 3, 1, 0, 3, 3, 3, 0, 3, 3, 3, 3, 0, 0]"
502,E0,2002,Man City,"[0, 3, 0, 3, 0, 1, 1, 0, 0, 0, 3, 3, 3, 0, 0, 3, 3, 1, 0, 3, 3, 1, 3, 0, 3, 0, 1, 0, 0, 3, 0, 0, 1, 3, 3, 0, 3, 0]"
503,E0,2002,Man United,"[3, 1, 1, 3, 0, 0, 3, 3, 3, 1, 1, 3, 0, 1, 3, 3, 3, 3, 0, 0, 3, 3, 3, 3, 3, 3, 1, 1, 3, 3, 3, 3, 3, 1, 3, 3, 3, 3]"
504,E0,2002,Middlesbrough,"[1, 1, 3, 0, 3, 0, 3, 3, 3, 0, 1, 0, 3, 0, 3, 0, 1, 1, 0, 3, 0, 0, 1, 0, 0, 1, 3, 1, 3, 3, 1, 3, 1, 0, 0, 0, 3, 0]"
505,E0,2002,Newcastle,"[3, 0, 1, 0, 0, 3, 3, 3, 0, 3, 3, 0, 3, 0, 3, 3, 1, 3, 0, 3, 3, 1, 3, 3, 3, 1, 3, 3, 0, 3, 3, 0, 0, 0, 1, 3, 3, 1]"
506,E0,2002,Southampton,"[1, 0, 1, 0, 3, 0, 1, 1, 3, 3, 3, 0, 1, 0, 3, 3, 3, 1, 1, 1, 3, 3, 1, 0, 3, 0, 0, 0, 3, 1, 1, 1, 3, 0, 0, 1, 0, 3]"
507,E0,2002,Sunderland,"[1, 0, 3, 1, 0, 0, 0, 3, 0, 0, 1, 1, 3, 1, 0, 0, 0, 3, 1, 0, 0, 0, 1, 0, 0, 0, 0, 0, 0, 0, 0, 0, 0, 0, 0, 0, 0, 0]"
508,E0,2002,Tottenham,"[1, 3, 3, 3, 0, 3, 0, 0, 3, 3, 0, 1, 0, 0, 3, 1, 3, 1, 3, 1, 0, 0, 3, 3, 0, 1, 3, 1, 0, 0, 0, 3, 1, 0, 3, 0, 0, 0]"
509,E0,2002,West Brom,"[0, 0, 0, 3, 3, 3, 0, 0, 0, 1, 0, 0, 1, 1, 0, 3, 0, 0, 1, 0, 0, 0, 1, 0, 3, 1, 0, 0, 0, 0, 0, 0, 0, 3, 0, 0, 1, 1]"
510,E0,2002,West Ham,"[0, 1, 0, 0, 0, 1, 3, 0, 3, 3, 0, 0, 0, 1, 0, 0, 1, 0, 1, 1, 1, 1, 0, 0, 3, 0, 0, 3, 3, 1, 3, 1, 1, 0, 3, 3, 3, 1]"
511,E0,2003,Arsenal,"[3, 3, 3, 3, 1, 1, 3, 3, 3, 1, 3, 3, 3, 1, 1, 3, 1, 3, 3, 1, 3, 3, 3, 3, 3, 3, 3, 3, 3, 1, 1, 1, 1]"
512,E0,2003,Aston Villa,"[0, 1, 0, 3, 0, 3, 0, 1, 1, 1, 1, 0, 0, 3, 0, 3, 3, 1, 3, 3, 0, 0, 3, 3, 3, 1, 0, 3, 0, 3, 1, 3, 3, 1]"
513,E0,2003,Birmingham,"[3, 1, 3, 1, 3, 3, 0, 1, 1, 3, 0, 1, 0, 0, 0, 3, 3, 0, 0, 3, 1, 1, 1, 3, 1, 3, 3, 0, 0, 3, 1, 1, 1, 0]"
514,E0,2003,Blackburn,"[3, 1, 0, 1, 0, 3, 0, 0, 0, 0, 0, 3, 0, 3, 3, 0, 0, 1, 3, 1, 0, 1, 0, 3, 1, 0, 1, 0, 3, 0, 3, 3, 0]"
515,E0,2003,Bolton,"[0, 1, 0, 1, 3, 1, 1, 1, 0, 0, 3, 1, 3, 3, 0, 3, 1, 0, 1, 0, 3, 3, 3, 1, 1, 0, 0, 0, 0, 3, 0, 3, 3, 3]"
516,E0,2003,Charlton,"[0, 3, 1, 1, 0, 0, 3, 3, 3, 1, 3, 3, 1, 0, 0, 1, 1, 3, 3, 1, 3, 3, 0, 0, 0, 3, 0, 3, 0, 0, 0, 0, 1, 1]"
517,E0,2003,Chelsea,"[3, 3, 1, 3, 3, 3, 3, 1, 0, 3, 3, 3, 3, 3, 1, 0, 3, 0, 3, 0, 3, 1, 3, 3, 3, 0, 3, 3, 3, 3, 0, 3, 1]"
518,E0,2003,Everton,"[0, 3, 1, 0, 1, 0, 3, 0, 1, 1, 0, 0, 3, 0, 1, 3, 3, 0, 3, 1, 0, 0, 1, 0, 0, 1, 3, 3, 1, 1, 0, 0, 0, 0]"
519,E0,2003,Fulham,"[3, 0, 3, 1, 1, 3, 3, 1, 0, 3, 0, 0, 3, 1, 3, 0, 0, 3, 0, 0, 3, 0, 3, 1, 0, 0, 1, 3, 0, 1, 1, 3, 1]"
520,E0,2003,Leeds,"[1, 0, 1, 3, 0, 0, 0, 3, 0, 0, 0, 0, 0, 3, 1, 3, 1, 1, 0, 0, 0, 0, 0, 0, 3, 1, 1, 0, 3, 0, 0, 0, 1]"
521,E0,2003,Leicester,"[1, 0, 1, 0, 3, 0, 0, 0, 0, 0, 3, 3, 1, 3, 1, 0, 0, 1, 1, 1, 0, 1, 0, 0, 1, 1, 1, 3, 1, 1, 1, 1, 3]"
522,E0,2003,Liverpool,"[0, 1, 1, 3, 3, 3, 0, 0, 0, 3, 3, 0, 1, 3, 1, 0, 3, 1, 3, 3, 0, 1, 1, 1, 3, 1, 0, 3, 3, 1, 3, 3, 3]"
523,E0,2003,Man City,"[3, 1, 3, 0, 3, 1, 1, 0, 3, 0, 3, 0, 0, 0, 1, 0, 1, 0, 1, 1, 0, 1, 0, 1, 0, 3, 0, 3, 0, 1, 1, 3, 0]"
524,E0,2003,Man United,"[3, 3, 3, 0, 3, 1, 3, 3, 3, 0, 3, 3, 3, 0, 3, 3, 3, 3, 3, 3, 1, 0, 3, 3, 0, 1, 1, 0, 3, 1, 3, 0, 0, 1]"
525,E0,2003,Middlesbrough,"[0, 0, 1, 0, 0, 3, 3, 0, 0, 1, 3, 3, 1, 3, 1, 1, 1, 0, 3, 0, 1, 3, 0, 3, 0, 0, 3, 0, 3, 1, 3, 0, 0, 0, 3]"
526,E0,2003,Newcastle,"[1, 0, 0, 1, 1, 0, 3, 3, 3, 3, 1, 0, 3, 1, 1, 3, 1, 1, 0, 3, 1, 3, 1, 3, 1, 3, 1, 0, 3, 0, 3, 1, 3, 0]"
527,E0,2003,Portsmouth,"[3, 1, 3, 1, 1, 0, 0, 0, 3, 0, 0, 3, 0, 0, 1, 0, 0, 3, 0, 0, 3, 0, 1, 0, 0, 1, 0, 0, 3, 3, 3, 1, 1, 0]"
528,E0,2003,Southampton,"[1, 1, 1, 3, 3, 3, 0, 0, 1, 3, 0, 1, 0, 0, 3, 3, 3, 0, 0, 1, 0, 3, 0, 1, 0, 1, 1, 3, 0, 3, 0, 0, 1]"
529,E0,2003,Tottenham,"[0, 3, 1, 0, 0, 0, 1, 3, 3, 1, 0, 0, 3, 0, 3, 0, 0, 0, 0, 3, 3, 3, 0, 3, 3, 1, 0, 3, 0, 0, 1, 0, 3]"
530,E0,2003,Wolves,"[0, 0, 0, 1, 0, 0, 1, 3, 1, 3, 0, 1, 0, 1, 0, 0, 0, 3, 1, 0, 3, 1, 1, 0, 0, 3, 1, 0, 0, 0, 3, 1, 3]"
531,E0,2004,Arsenal,"[3, 3, 3, 3, 3, 1, 3, 3, 3, 0, 1, 1, 3, 1, 0, 3, 1, 3, 3, 3, 3, 1, 0, 3, 0, 3, 3, 1, 3, 3, 3, 3, 1]"
532,E0,2004,Aston Villa,"[3, 1, 0, 3, 1, 1, 1, 1, 0, 3, 1, 3, 3, 3, 0, 1, 0, 0, 0, 0, 3, 0, 3, 0, 1, 0, 3, 0, 3, 0, 3, 1, 3, 1]"
533,E0,2004,Birmingham,"[1, 0, 3, 0, 0, 1, 1, 1, 1, 1, 0, 3, 0, 1, 1, 0, 3, 3, 3, 3, 0, 0, 0, 0, 3, 0, 3, 0, 0, 3, 1, 1, 1, 0]"
534,E0,2004,Blackburn,"[1, 0, 0, 1, 0, 3, 0, 1, 0, 0, 1, 1, 1, 1, 3, 0, 1, 1, 1, 3, 0, 3, 3, 0, 0, 0, 3, 3, 1, 0, 1, 3, 3]"
535,E0,2004,Bolton,"[3, 0, 3, 3, 1, 1, 1, 0, 3, 3, 3, 1, 0, 1, 0, 0, 0, 0, 0, 0, 1, 3, 3, 3, 3, 3, 1, 0, 3, 3, 0, 3, 3, 1]"
536,E0,2004,Charlton,"[0, 3, 3, 0, 1, 1, 3, 0, 1, 0, 0, 3, 3, 0, 0, 3, 3, 3, 1, 3, 0, 0, 3, 3, 0, 1, 1, 1, 3, 0, 1, 0, 0, 1]"
537,E0,2004,Chelsea,"[3, 3, 3, 3, 1, 1, 3, 3, 0, 3, 3, 3, 3, 1, 3, 3, 1, 3, 3, 3, 3, 3, 3, 3, 3, 1, 3, 3, 3, 3, 3, 1, 1]"
538,E0,2004,Crystal Palace,"[1, 0, 0, 0, 0, 0, 1, 3, 0, 3, 3, 1, 0, 0, 1, 0, 1, 0, 0, 1, 0, 3, 0, 3, 1, 0, 0, 3, 1, 0, 0, 0, 1, 0]"
539,E0,2004,Everton,"[0, 3, 3, 1, 3, 3, 3, 0, 3, 3, 1, 0, 3, 3, 1, 3, 3, 1, 3, 0, 0, 3, 1, 0, 3, 1, 0, 3, 0, 0, 0, 3, 3]"
540,E0,2004,Fulham,"[1, 3, 0, 0, 0, 1, 3, 0, 0, 0, 3, 3, 0, 0, 0, 3, 1, 0, 0, 0, 3, 1, 3, 3, 1, 0, 0, 1, 0, 3, 0, 1, 1]"
541,E0,2004,Liverpool,"[1, 3, 0, 3, 0, 3, 0, 3, 3, 1, 0, 3, 0, 3, 1, 0, 1, 3, 3, 3, 0, 3, 0, 0, 3, 3, 0, 0, 1, 3, 3, 0, 1, 3]"
542,E0,2004,Man City,"[1, 0, 0, 3, 0, 3, 0, 1, 3, 0, 1, 1, 1, 3, 3, 0, 0, 3, 0, 1, 3, 1, 3, 0, 1, 1, 0, 3, 0, 0, 1, 3, 1, 3]"
543,E0,2004,Man United,"[0, 3, 1, 1, 1, 3, 3, 1, 1, 3, 0, 1, 3, 3, 3, 3, 1, 3, 3, 3, 3, 1, 3, 3, 3, 3, 3, 3, 1, 3, 1, 0, 0]"
544,E0,2004,Middlesbrough,"[1, 0, 3, 3, 3, 0, 0, 1, 3, 1, 3, 1, 3, 3, 0, 3, 1, 3, 0, 3, 0, 0, 1, 1, 0, 3, 1, 1, 0, 0, 3, 0, 1]"
545,E0,2004,Newcastle,"[1, 0, 1, 0, 3, 3, 3, 1, 1, 3, 0, 0, 0, 3, 1, 0, 1, 0, 1, 0, 3, 1, 3, 0, 1, 1, 3, 3, 1, 0, 0, 0]"
546,E0,2004,Norwich,"[1, 0, 1, 0, 1, 1, 0, 1, 1, 0, 1, 1, 0, 3, 1, 0, 3, 0, 0, 0, 1, 0, 0, 1, 0, 3, 0, 0, 0, 0, 0, 3, 1, 3]"
547,E0,2004,Portsmouth,"[1, 0, 3, 3, 0, 0, 1, 3, 1, 3, 0, 0, 0, 3, 3, 1, 1, 0, 3, 0, 1, 0, 0, 0, 3, 0, 0, 0, 0, 1, 0, 3, 1, 0]"
548,E0,2004,Southampton,"[0, 3, 0, 0, 1, 0, 0, 1, 0, 1, 1, 1, 3, 0, 1, 0, 1, 0, 1, 0, 0, 1, 0, 3, 0, 1, 1, 1, 3, 3, 0, 0, 0, 1]"
549,E0,2004,Tottenham,"[1, 3, 1, 3, 1, 1, 0, 3, 0, 0, 0, 0, 0, 0, 3, 3, 3, 3, 3, 1, 3, 1, 0, 0, 0, 3, 3, 0, 0, 3, 1, 3, 1, 1]"
550,E0,2004,West Brom,"[1, 1, 1, 0, 0, 1, 0, 3, 1, 0, 0, 1, 0, 1, 0, 0, 0, 0, 0, 1, 1, 1, 0, 3, 1, 0, 1, 3, 0, 3, 3, 1, 1]"
551,E0,2005,Arsenal,"[3, 0, 3, 0, 3, 1, 3, 0, 3, 1, 3, 3, 3, 0, 0, 0, 3, 3, 1, 1, 3, 0, 0, 3, 1, 0, 0, 3, 3, 3, 3, 0, 1, 3, 1, 3, 3, 3]"
552,E0,2005,Aston Villa,"[1, 0, 1, 3, 0, 1, 0, 0, 3, 0, 0, 0, 3, 3, 1, 1, 0, 3, 1, 1, 3, 0, 1, 1, 3, 0, 1, 3, 0, 0, 1, 0, 1, 3, 0, 0, 0, 3]"
553,E0,2005,Birmingham,"[1, 0, 0, 3, 0, 1, 1, 0, 0, 0, 0, 0, 3, 0, 3, 0, 0, 1, 0, 3, 0, 3, 1, 0, 0, 3, 0, 1, 0, 0, 1, 3, 1, 0, 3, 1, 1, 0]"
554,E0,2005,Blackburn,"[0, 3, 1, 0, 1, 0, 3, 3, 0, 3, 0, 3, 1, 0, 0, 3, 0, 3, 3, 3, 1, 3, 3, 0, 0, 3, 3, 0, 3, 3, 3, 1, 1, 0, 0, 3, 3, 3]"
555,E0,2005,Bolton,"[1, 0, 3, 3, 1, 3, 3, 0, 0, 3, 3, 3, 0, 3, 1, 3, 1, 0, 1, 1, 3, 1, 1, 1, 3, 0, 3, 3, 0, 0, 0, 0, 0, 1, 3, 0, 1, 3]"
556,E0,2005,Charlton,"[3, 3, 3, 3, 0, 3, 0, 1, 3, 0, 0, 0, 0, 0, 3, 0, 0, 3, 0, 3, 1, 1, 0, 3, 0, 1, 1, 1, 3, 0, 3, 1, 1, 0, 3, 0, 0, 0]"
557,E0,2005,Chelsea,"[3, 3, 3, 3, 3, 3, 3, 3, 3, 1, 3, 0, 3, 3, 3, 3, 3, 3, 3, 3, 3, 3, 1, 1, 3, 0, 3, 3, 3, 0, 3, 1, 3, 3, 3, 3, 0, 0]"
558,E0,2005,Everton,"[0, 3, 0, 0, 0, 0, 0, 0, 1, 3, 3, 0, 3, 3, 1, 0, 0, 0, 0, 3, 3, 3, 3, 1, 3, 3, 0, 1, 3, 3, 0, 1, 1, 0, 0, 1, 3, 1]"
559,E0,2005,Fulham,"[1, 0, 0, 3, 1, 0, 0, 0, 1, 3, 0, 3, 0, 3, 1, 0, 3, 0, 1, 0, 3, 3, 0, 3, 0, 3, 0, 0, 0, 0, 3, 1, 0, 3, 3, 3, 0, 3]"
560,E0,2005,Liverpool,"[1, 3, 1, 1, 1, 0, 3, 0, 3, 3, 3, 3, 3, 3, 3, 3, 3, 3, 1, 3, 0, 1, 0, 0, 3, 3, 3, 1, 0, 3, 3, 3, 3, 3, 3, 3, 3, 3]"
561,E0,2005,Man City,"[1, 3, 3, 3, 1, 0, 0, 3, 3, 0, 3, 0, 1, 0, 3, 0, 3, 0, 0, 1, 0, 3, 0, 3, 0, 3, 0, 3, 0, 0, 0, 0, 0, 0, 3, 0, 0, 0]"
562,E0,2005,Man United,"[3, 3, 3, 1, 1, 0, 3, 3, 1, 0, 3, 3, 3, 3, 1, 3, 3, 3, 1, 3, 1, 0, 3, 0, 3, 3, 3, 3, 3, 3, 3, 3, 3, 1, 3, 0, 1, 3]"
563,E0,2005,Middlesbrough,"[1, 0, 3, 0, 3, 1, 0, 3, 1, 0, 3, 0, 3, 1, 0, 0, 1, 0, 1, 1, 0, 0, 3, 0, 3, 3, 3, 0, 0, 3, 3, 0, 0, 3, 0, 1, 1, 0]"
564,E0,2005,Newcastle,"[0, 1, 0, 0, 1, 3, 3, 1, 0, 3, 3, 3, 0, 0, 1, 3, 3, 0, 0, 1, 0, 0, 0, 3, 3, 1, 3, 3, 0, 0, 0, 3, 3, 3, 3, 3, 1, 3]"
565,E0,2005,Portsmouth,"[0, 0, 1, 0, 3, 1, 0, 1, 1, 0, 3, 0, 0, 0, 0, 0, 3, 1, 0, 3, 0, 0, 0, 1, 0, 0, 0, 0, 3, 3, 3, 1, 1, 3, 0, 3, 3, 0]"
566,E0,2005,Sunderland,"[0, 0, 0, 0, 0, 1, 3, 1, 0, 0, 0, 0, 0, 0, 0, 0, 0, 1, 0, 0, 0, 3, 0, 0, 1, 0, 0, 0, 0, 0, 0, 1, 1, 0, 0, 0, 3, 0]"
567,E0,2005,Tottenham,"[3, 3, 1, 0, 1, 1, 3, 3, 3, 1, 1, 0, 1, 3, 3, 3, 1, 3, 0, 3, 3, 0, 1, 0, 3, 1, 1, 3, 0, 3, 3, 0, 3, 3, 0, 1, 3, 0]"
568,E0,2005,West Brom,"[1, 3, 0, 0, 0, 1, 0, 0, 3, 0, 0, 0, 3, 1, 1, 3, 0, 0, 3, 0, 0, 3, 0, 1, 3, 0, 0, 0, 1, 0, 0, 0, 1, 0, 1, 0, 0, 1]"
569,E0,2005,West Ham,"[3, 1, 0, 3, 3, 1, 1, 0, 3, 0, 3, 1, 0, 3, 0, 3, 0, 1, 0, 0, 0, 3, 3, 3, 3, 3, 1, 0, 0, 3, 0, 1, 0, 3, 0, 0, 3, 3]"
570,E0,2005,Wigan,"[0, 0, 3, 3, 1, 3, 3, 3, 3, 3, 3, 0, 0, 0, 0, 0, 3, 3, 3, 0, 0, 0, 3, 1, 1, 0, 1, 0, 3, 3, 0, 1, 1, 0, 3, 0, 0, 0]"
571,E0,2006,Arsenal,"[1, 0, 1, 3, 3, 3, 3, 3, 1, 0, 3, 1, 0, 0, 3, 1, 3, 1, 3, 3, 0, 3, 3, 3, 1, 3, 3, 3, 0, 0, 0, 1, 3, 3, 1, 3, 1, 1]"
572,E0,2006,Aston Villa,"[1, 3, 3, 1, 1, 3, 1, 1, 1, 0, 3, 3, 1, 1, 0, 1, 1, 0, 0, 0, 0, 1, 0, 3, 0, 3, 0, 1, 0, 1, 1, 3, 1, 3, 1, 3, 3, 1]"
573,E0,2006,Blackburn,"[0, 1, 0, 1, 3, 3, 3, 1, 0, 0, 0, 0, 1, 3, 0, 0, 3, 0, 3, 3, 3, 0, 3, 0, 0, 3, 0, 3, 3, 0, 0, 0, 3, 1, 3, 3, 1, 1]"
574,E0,2006,Bolton,"[3, 1, 0, 3, 1, 3, 3, 3, 3, 0, 0, 1, 0, 3, 0, 0, 3, 3, 3, 3, 3, 0, 1, 0, 1, 3, 3, 0, 0, 0, 3, 3, 1, 0, 0, 1, 0, 1]"
575,E0,2006,Charlton,"[0, 0, 3, 0, 0, 0, 0, 0, 1, 1, 3, 0, 0, 1, 0, 3, 0, 0, 0, 1, 3, 0, 0, 3, 1, 0, 0, 3, 1, 3, 3, 1, 1, 0, 1, 0, 0, 1]"
576,E0,2006,Chelsea,"[3, 0, 3, 3, 3, 3, 1, 3, 3, 3, 0, 3, 3, 1, 3, 1, 3, 3, 3, 1, 1, 1, 3, 0, 3, 3, 3, 3, 3, 3, 3, 3, 3, 1, 1, 1, 1, 1]"
577,E0,2006,Everton,"[3, 1, 3, 3, 1, 1, 1, 0, 3, 1, 0, 0, 3, 1, 0, 3, 0, 0, 3, 1, 3, 0, 1, 3, 1, 3, 0, 3, 1, 3, 1, 3, 1, 3, 0, 0, 3, 1]"
578,E0,2006,Fulham,"[0, 1, 3, 3, 1, 0, 1, 3, 1, 0, 3, 1, 0, 0, 3, 0, 0, 3, 1, 1, 1, 1, 1, 1, 0, 3, 0, 0, 1, 1, 1, 0, 0, 0, 1, 0, 3, 0]"
579,E0,2006,Liverpool,"[1, 3, 0, 0, 3, 3, 0, 1, 0, 3, 3, 0, 1, 3, 1, 3, 3, 3, 3, 0, 3, 3, 3, 3, 3, 1, 0, 3, 0, 1, 3, 3, 1, 3, 3, 0, 0, 1]"
580,E0,2006,Man City,"[0, 1, 3, 0, 0, 3, 1, 1, 0, 3, 0, 1, 3, 0, 3, 1, 0, 0, 0, 3, 3, 3, 1, 0, 0, 0, 0, 0, 3, 3, 1, 3, 1, 0, 1, 0, 0, 0]"
581,E0,2006,Man United,"[3, 3, 3, 3, 0, 1, 3, 3, 3, 3, 3, 3, 3, 1, 3, 3, 3, 0, 3, 3, 3, 1, 3, 0, 3, 3, 3, 3, 3, 3, 3, 0, 3, 1, 3, 3, 1, 0]"
582,E0,2006,Middlesbrough,"[0, 3, 0, 1, 1, 0, 0, 3, 3, 0, 0, 3, 1, 1, 0, 0, 1, 0, 3, 1, 0, 3, 3, 3, 1, 1, 0, 3, 1, 0, 0, 3, 0, 0, 1, 0, 3, 3]"
583,E0,2006,Newcastle,"[3, 0, 0, 3, 0, 1, 0, 0, 0, 1, 0, 1, 1, 3, 3, 3, 0, 3, 3, 0, 0, 1, 3, 1, 3, 0, 3, 0, 1, 0, 0, 3, 1, 0, 1, 0, 0, 1]"
584,E0,2006,Portsmouth,"[3, 1, 3, 3, 3, 0, 0, 3, 0, 3, 0, 1, 3, 0, 1, 1, 3, 1, 3, 3, 0, 1, 1, 0, 1, 0, 3, 0, 0, 1, 1, 3, 0, 3, 1, 3, 0, 1]"
585,E0,2006,Reading,"[3, 0, 0, 3, 3, 1, 3, 0, 0, 0, 0, 3, 3, 3, 3, 0, 1, 0, 0, 1, 0, 3, 1, 3, 3, 3, 3, 0, 0, 1, 0, 0, 1, 3, 3, 3, 0, 1]"
586,E0,2006,Sheffield United,"[1, 0, 0, 1, 0, 0, 3, 1, 0, 0, 3, 1, 0, 0, 3, 3, 1, 3, 0, 0, 3, 0, 1, 0, 3, 0, 3, 0, 1, 0, 0, 0, 3, 0, 1, 3, 0, 0]"
587,E0,2006,Tottenham,"[0, 3, 0, 0, 1, 0, 3, 1, 3, 1, 3, 0, 1, 3, 0, 3, 3, 3, 0, 3, 0, 1, 0, 1, 0, 0, 3, 3, 3, 3, 3, 0, 1, 1, 3, 3, 1, 3]"
588,E0,2006,Watford,"[0, 1, 0, 0, 1, 1, 1, 0, 1, 1, 3, 0, 0, 0, 1, 1, 0, 0, 0, 1, 0, 0, 3, 0, 0, 3, 1, 0, 1, 0, 0, 0, 3, 0, 1, 0, 3, 1]"
589,E0,2006,West Ham,"[3, 1, 0, 1, 0, 0, 0, 0, 0, 3, 3, 0, 0, 3, 0, 0, 0, 3, 1, 0, 0, 0, 1, 1, 0, 0, 0, 0, 0, 3, 3, 3, 0, 0, 3, 3, 3, 3]"
590,E0,2006,Wigan,"[0, 3, 0, 1, 1, 0, 0, 3, 3, 3, 3, 1, 0, 0, 3, 1, 0, 0, 0, 0, 0, 0, 0, 0, 3, 0, 1, 3, 3, 1, 0, 0, 1, 1, 0, 0, 0, 3]"
591,E0,2007,Arsenal,"[3, 1, 3, 3, 3, 3, 3, 3, 3, 1, 1, 3, 3, 3, 1, 0, 3, 3, 1, 3, 3, 1, 3, 3, 3, 3, 1, 1, 1, 1, 0, 3, 1, 0, 3, 3, 3, 3]"
592,E0,2007,Aston Villa,"[0, 1, 3, 3, 0, 3, 1, 3, 0, 1, 3, 3, 3, 3, 0, 0, 1, 1, 1, 3, 3, 3, 1, 1, 0, 3, 3, 1, 1, 0, 0, 0, 3, 3, 3, 1, 0, 1]"
593,E0,2007,Birmingham,"[0, 1, 0, 3, 0, 3, 1, 0, 0, 0, 3, 0, 0, 0, 3, 0, 1, 0, 3, 1, 0, 1, 0, 0, 1, 1, 1, 3, 0, 1, 0, 3, 0, 1, 0, 1, 0, 3]"
594,E0,2007,Blackburn,"[3, 1, 1, 3, 1, 0, 3, 3, 3, 3, 1, 0, 1, 0, 3, 0, 0, 0, 1, 3, 3, 3, 1, 1, 1, 0, 3, 3, 1, 0, 3, 1, 1, 0, 1, 3, 3, 0]"
595,E0,2007,Bolton,"[0, 0, 0, 3, 0, 0, 1, 1, 0, 0, 1, 1, 1, 3, 0, 3, 0, 3, 0, 0, 3, 0, 1, 1, 3, 0, 0, 0, 0, 0, 1, 0, 0, 3, 3, 1, 3, 1]"
596,E0,2007,Chelsea,"[3, 3, 1, 3, 0, 1, 0, 1, 3, 3, 3, 3, 1, 3, 3, 3, 0, 3, 1, 3, 3, 3, 3, 3, 1, 1, 3, 3, 3, 1, 3, 3, 3, 1, 3, 3, 3, 1]"
597,E0,2007,Derby,"[1, 0, 0, 0, 0, 3, 0, 1, 0, 1, 0, 0, 0, 0, 0, 0, 0, 1, 0, 0, 0, 0, 0, 1, 1, 0, 0, 1, 0, 0, 0, 1, 0, 0, 0, 0, 0, 0]"
598,E0,2007,Everton,"[3, 3, 0, 1, 3, 0, 0, 3, 0, 0, 3, 3, 1, 3, 1, 3, 3, 0, 3, 0, 3, 3, 3, 1, 1, 3, 3, 3, 3, 0, 1, 0, 3, 1, 0, 1, 0, 3]"
599,E0,2007,Fulham,"[0, 3, 0, 0, 1, 1, 1, 1, 0, 1, 1, 3, 0, 1, 0, 0, 0, 1, 0, 1, 0, 0, 0, 1, 3, 0, 0, 0, 1, 3, 0, 1, 0, 3, 0, 3, 3, 3]"
600,E0,2007,Liverpool,"[3, 1, 3, 3, 1, 1, 3, 1, 3, 1, 1, 3, 3, 3, 0, 0, 3, 3, 1, 1, 1, 1, 0, 3, 1, 3, 3, 3, 3, 3, 0, 3, 1, 3, 3, 1, 3, 3]"
601,E0,2007,Man City,"[3, 3, 3, 0, 0, 3, 1, 3, 3, 3, 0, 3, 1, 3, 1, 0, 3, 1, 1, 1, 3, 0, 1, 1, 0, 3, 0, 1, 0, 3, 1, 0, 0, 3, 3, 0, 0, 0]"
602,E0,2007,Man United,"[1, 1, 0, 3, 3, 3, 3, 3, 3, 3, 3, 1, 3, 0, 3, 3, 3, 3, 3, 0, 3, 3, 3, 3, 1, 0, 3, 3, 3, 3, 3, 3, 1, 3, 1, 0, 3, 3]"
603,E0,2007,Middlesbrough,"[0, 0, 3, 1, 3, 0, 1, 0, 0, 0, 0, 1, 1, 0, 1, 3, 3, 0, 0, 3, 0, 1, 1, 3, 1, 3, 0, 0, 1, 1, 3, 0, 1, 1, 0, 0, 3, 3]"
604,E0,2007,Newcastle,"[3, 1, 1, 3, 0, 3, 0, 3, 3, 0, 0, 1, 0, 0, 1, 3, 3, 1, 0, 0, 0, 0, 1, 0, 1, 0, 0, 0, 0, 1, 3, 3, 3, 1, 3, 1, 0, 0]"
605,E0,2007,Portsmouth,"[1, 1, 3, 0, 0, 1, 3, 3, 3, 3, 1, 3, 1, 3, 1, 3, 0, 0, 1, 0, 3, 0, 3, 0, 1, 3, 3, 0, 3, 3, 0, 3, 3, 1, 0, 0, 0, 0]"
606,E0,2007,Reading,"[1, 0, 3, 0, 0, 0, 3, 0, 3, 0, 3, 0, 0, 0, 1, 3, 1, 3, 1, 0, 0, 0, 0, 0, 0, 0, 0, 3, 3, 0, 3, 1, 0, 0, 0, 1, 0, 3]"
607,E0,2007,Sunderland,"[3, 1, 0, 0, 0, 3, 1, 0, 0, 0, 1, 0, 1, 0, 3, 0, 1, 0, 0, 3, 0, 3, 0, 3, 0, 3, 0, 1, 0, 0, 3, 3, 3, 0, 0, 3, 0, 0]"
608,E0,2007,Tottenham,"[0, 0, 3, 0, 1, 0, 1, 1, 1, 0, 0, 1, 3, 1, 0, 3, 3, 0, 3, 3, 0, 0, 3, 1, 1, 3, 0, 3, 0, 1, 3, 0, 1, 1, 1, 1, 3, 0]"
609,E0,2007,West Ham,"[0, 3, 1, 3, 3, 0, 0, 0, 3, 1, 1, 3, 1, 0, 3, 0, 3, 1, 3, 0, 3, 1, 3, 0, 1, 3, 0, 0, 0, 3, 1, 0, 0, 0, 3, 1, 0, 1]"
610,E0,2007,Wigan,"[0, 3, 3, 1, 0, 1, 0, 0, 0, 0, 0, 0, 0, 0, 1, 0, 3, 1, 3, 0, 1, 3, 0, 0, 3, 0, 3, 1, 1, 3, 0, 0, 3, 1, 1, 1, 3, 0]"
611,E0,2008,Arsenal,"[3, 0, 3, 3, 3, 0, 1, 3, 3, 1, 0, 3, 0, 0, 3, 3, 1, 1, 1, 3, 3, 3, 1, 1, 1, 1, 1, 3, 3, 3, 3, 3, 1, 3, 3, 0, 1, 3]"
612,E0,2008,Aston Villa,"[3, 0, 1, 3, 3, 3, 0, 1, 3, 3, 0, 0, 3, 1, 1, 3, 3, 3, 1, 3, 3, 3, 3, 1, 3, 0, 1, 0, 0, 0, 0, 1, 1, 1, 3, 0, 1, 3]"
613,E0,2008,Blackburn,"[3, 1, 0, 0, 3, 3, 0, 1, 1, 0, 1, 0, 0, 0, 0, 0, 0, 3, 1, 1, 3, 1, 1, 0, 0, 3, 1, 3, 0, 1, 3, 0, 0, 3, 0, 3, 0, 1]"
614,E0,2008,Bolton,"[3, 0, 1, 0, 0, 0, 3, 1, 0, 0, 3, 3, 0, 3, 3, 0, 0, 3, 0, 0, 0, 0, 1, 3, 0, 3, 3, 0, 0, 1, 3, 0, 0, 1, 1, 1, 1, 0]"
615,E0,2008,Chelsea,"[3, 3, 1, 3, 1, 3, 3, 3, 0, 3, 3, 3, 3, 1, 0, 3, 1, 1, 3, 1, 0, 3, 3, 0, 1, 3, 3, 3, 3, 0, 3, 3, 1, 3, 3, 3, 3, 3]"
616,E0,2008,Everton,"[0, 3, 0, 3, 1, 0, 1, 0, 1, 3, 3, 3, 1, 0, 3, 0, 3, 1, 3, 3, 3, 1, 1, 0, 3, 1, 3, 1, 3, 0, 3, 1, 1, 0, 3, 1, 3, 3]"
617,E0,2008,Fulham,"[0, 3, 3, 0, 0, 0, 1, 1, 3, 0, 3, 3, 1, 1, 1, 1, 3, 1, 1, 0, 0, 3, 1, 0, 3, 1, 0, 0, 3, 3, 0, 3, 1, 3, 0, 3, 3, 0]"
618,E0,2008,Hull,"[3, 1, 0, 3, 1, 3, 3, 3, 3, 0, 0, 0, 1, 1, 1, 3, 1, 0, 0, 0, 0, 0, 0, 1, 1, 0, 0, 3, 1, 0, 1, 0, 0, 0, 0, 0, 1, 0]"
619,E0,2008,Liverpool,"[3, 3, 1, 3, 1, 3, 3, 3, 3, 3, 0, 3, 3, 1, 1, 3, 1, 1, 3, 3, 1, 1, 1, 3, 3, 1, 0, 3, 3, 3, 3, 3, 1, 3, 3, 3, 3, 3]"
620,E0,2008,Man City,"[0, 3, 3, 0, 3, 0, 0, 1, 3, 0, 0, 0, 1, 3, 0, 1, 0, 0, 3, 1, 3, 3, 0, 3, 0, 1, 0, 3, 0, 3, 0, 0, 3, 3, 3, 0, 0, 3]"
621,E0,2008,Man United,"[1, 3, 0, 1, 3, 3, 3, 1, 3, 3, 0, 3, 1, 3, 3, 1, 3, 3, 3, 3, 3, 3, 3, 3, 3, 3, 3, 0, 0, 3, 3, 3, 3, 3, 3, 3, 1, 3]"
622,E0,2008,Middlesbrough,"[3, 0, 3, 0, 0, 0, 3, 0, 1, 3, 1, 3, 1, 0, 1, 0, 1, 0, 0, 0, 1, 0, 0, 1, 0, 1, 3, 0, 1, 0, 0, 3, 1, 0, 0, 0, 1, 0]"
623,E0,2008,Newcastle,"[1, 3, 0, 0, 0, 0, 1, 1, 0, 3, 3, 0, 1, 1, 1, 1, 3, 3, 0, 0, 1, 0, 0, 1, 3, 1, 0, 0, 1, 0, 0, 1, 0, 1, 0, 3, 0, 0]"
624,E0,2008,Portsmouth,"[0, 0, 3, 3, 0, 3, 3, 1, 1, 0, 0, 3, 1, 1, 3, 1, 0, 0, 0, 0, 1, 0, 0, 0, 3, 1, 0, 1, 3, 1, 1, 3, 0, 1, 0, 0, 3, 0]"
625,E0,2008,Stoke,"[0, 3, 0, 0, 1, 0, 0, 3, 0, 3, 3, 1, 0, 3, 1, 1, 1, 0, 0, 0, 1, 0, 0, 3, 0, 1, 1, 3, 0, 3, 3, 1, 3, 0, 0, 3, 3, 0]"
626,E0,2008,Sunderland,"[0, 3, 0, 1, 3, 0, 1, 1, 3, 0, 0, 0, 3, 0, 0, 0, 3, 3, 1, 0, 1, 0, 3, 1, 3, 1, 0, 1, 0, 0, 0, 0, 3, 0, 0, 1, 0, 0]"
627,E0,2008,Tottenham,"[0, 0, 1, 0, 1, 0, 0, 0, 3, 1, 3, 3, 0, 3, 0, 3, 1, 0, 1, 0, 0, 1, 3, 0, 1, 3, 3, 1, 3, 3, 0, 3, 3, 0, 3, 1, 3, 0]"
628,E0,2008,West Brom,"[0, 0, 1, 3, 0, 3, 3, 0, 0, 0, 1, 0, 0, 0, 0, 1, 0, 3, 0, 3, 0, 3, 0, 1, 0, 0, 0, 0, 1, 1, 0, 1, 0, 3, 0, 3, 0, 1]"
629,E0,2008,West Ham,"[3, 0, 3, 0, 3, 3, 0, 0, 0, 0, 1, 0, 1, 3, 1, 0, 1, 0, 3, 3, 1, 3, 3, 1, 0, 0, 3, 3, 1, 1, 3, 0, 1, 0, 3, 0, 0, 3]"
630,E0,2008,Wigan,"[0, 0, 3, 1, 1, 3, 0, 0, 0, 0, 3, 1, 1, 3, 3, 0, 3, 3, 3, 3, 0, 0, 1, 1, 1, 1, 0, 0, 3, 3, 0, 0, 0, 1, 0, 0, 0, 3]"
631,E0,2009,Arsenal,"[3, 3, 0, 0, 3, 3, 3, 3, 1, 3, 3, 0, 0, 3, 3, 1, 3, 3, 3, 1, 3, 3, 1, 0, 0, 3, 3, 3, 3, 3, 3, 1, 3, 0, 0, 1, 0, 3]"
632,E0,2009,Aston Villa,"[0, 3, 3, 3, 3, 0, 1, 3, 1, 1, 0, 3, 1, 1, 3, 3, 3, 3, 0, 0, 1, 1, 3, 1, 1, 3, 1, 3, 1, 1, 0, 3, 1, 3, 3, 3, 0, 0]"
633,E0,2009,Birmingham,"[0, 3, 1, 0, 0, 3, 0, 0, 0, 3, 1, 1, 3, 3, 3, 3, 3, 1, 1, 3, 1, 0, 1, 3, 0, 0, 3, 3, 1, 0, 0, 1, 1, 0, 1, 0, 3, 0]"
634,E0,2009,Blackburn,"[0, 0, 1, 3, 0, 3, 0, 3, 0, 0, 3, 3, 0, 1, 1, 1, 0, 0, 1, 1, 0, 3, 3, 1, 0, 3, 3, 0, 0, 1, 3, 3, 1, 1, 0, 1, 3, 3]"
635,E0,2009,Bolton,"[0, 0, 0, 3, 1, 3, 1, 0, 3, 0, 0, 0, 1, 0, 1, 3, 1, 1, 0, 0, 3, 0, 1, 0, 1, 0, 3, 3, 0, 3, 0, 0, 0, 0, 3, 1, 0, 3]"
636,E0,2009,Burnley,"[0, 3, 3, 0, 0, 3, 0, 3, 0, 0, 3, 1, 1, 0, 0, 1, 1, 0, 1, 0, 0, 0, 0, 3, 0, 0, 0, 0, 1, 0, 0, 0, 0, 3, 0, 0, 0, 3]"
637,E0,2009,Chelsea,"[3, 3, 3, 3, 3, 3, 0, 3, 0, 3, 3, 3, 3, 3, 0, 1, 3, 1, 1, 3, 3, 3, 3, 1, 3, 0, 3, 0, 3, 1, 3, 3, 3, 3, 0, 3, 3, 3]"
638,E0,2009,Everton,"[0, 0, 3, 0, 3, 3, 1, 1, 0, 1, 3, 0, 0, 0, 1, 1, 1, 1, 3, 1, 3, 3, 3, 0, 3, 3, 0, 3, 1, 3, 3, 1, 1, 1, 3, 3, 1, 3]"
639,E0,2009,Fulham,"[3, 0, 0, 3, 0, 0, 1, 3, 1, 3, 1, 0, 3, 1, 3, 1, 3, 1, 0, 0, 0, 0, 0, 3, 1, 3, 3, 1, 0, 0, 0, 3, 1, 1, 0, 3, 0, 0]"
640,E0,2009,Hull,"[0, 0, 3, 1, 0, 0, 0, 3, 0, 1, 0, 3, 1, 3, 1, 0, 1, 0, 0, 1, 1, 0, 1, 1, 3, 0, 0, 0, 0, 0, 3, 0, 0, 1, 0, 0, 1, 1]"
641,E0,2009,Liverpool,"[0, 3, 0, 3, 3, 3, 3, 0, 0, 3, 0, 1, 1, 3, 1, 0, 3, 0, 3, 3, 1, 3, 1, 3, 3, 0, 1, 3, 0, 3, 0, 3, 1, 1, 3, 3, 0, 1]"
642,E0,2009,Man City,"[3, 3, 3, 3, 0, 3, 1, 1, 1, 1, 1, 1, 1, 3, 1, 0, 3, 3, 3, 3, 0, 3, 0, 3, 1, 1, 3, 1, 3, 0, 3, 3, 3, 0, 1, 3, 0, 1]"
643,E0,2009,Man United,"[3, 0, 3, 3, 3, 3, 3, 1, 3, 0, 3, 0, 3, 3, 3, 0, 3, 0, 3, 3, 1, 3, 3, 3, 3, 1, 0, 3, 3, 3, 3, 3, 0, 1, 3, 3, 3, 3]"
644,E0,2009,Portsmouth,"[0, 0, 0, 0, 0, 0, 0, 3, 0, 1, 3, 0, 0, 0, 3, 1, 0, 3, 0, 0, 1, 0, 0, 0, 1, 0, 3, 0, 0, 3, 0, 0, 1, 1, 0, 1, 3, 0]"
645,E0,2009,Stoke,"[3, 0, 1, 3, 0, 1, 0, 1, 3, 3, 1, 0, 3, 1, 0, 1, 0, 0, 0, 3, 1, 1, 3, 1, 1, 3, 0, 1, 1, 0, 3, 3, 1, 0, 0, 1, 3, 0]"
646,E0,2009,Sunderland,"[3, 0, 3, 0, 3, 0, 3, 1, 3, 0, 1, 0, 3, 0, 0, 1, 0, 0, 1, 1, 0, 0, 1, 1, 1, 0, 1, 3, 1, 3, 1, 0, 3, 0, 3, 3, 0, 0]"
647,E0,2009,Tottenham,"[3, 3, 3, 3, 0, 0, 3, 1, 3, 0, 0, 3, 3, 1, 1, 0, 3, 3, 1, 3, 1, 0, 3, 1, 1, 0, 3, 3, 3, 3, 3, 0, 3, 3, 0, 3, 3, 0]"
648,E0,2009,West Ham,"[3, 0, 1, 0, 0, 0, 1, 0, 1, 1, 3, 0, 1, 3, 0, 0, 0, 1, 3, 0, 1, 1, 1, 0, 3, 3, 0, 0, 0, 0, 0, 0, 1, 3, 0, 3, 0, 1]"
649,E0,2009,Wigan,"[3, 0, 0, 0, 3, 0, 3, 0, 1, 3, 0, 1, 0, 3, 0, 1, 0, 1, 0, 3, 0, 0, 1, 1, 1, 0, 0, 3, 0, 0, 3, 0, 0, 1, 3, 0, 1, 0]"
650,E0,2009,Wolves,"[0, 3, 0, 1, 0, 3, 0, 0, 1, 1, 1, 0, 0, 0, 3, 3, 0, 3, 0, 0, 0, 1, 1, 0, 3, 0, 0, 0, 3, 1, 3, 1, 0, 1, 1, 1, 0, 3]"
651,E0,2010,Arsenal,"[1, 3, 3, 3, 1, 0, 0, 3, 3, 3, 0, 3, 3, 0, 3, 3, 0, 3, 1, 3, 1, 3, 3, 3, 1, 3, 3, 1, 1, 1, 3, 1, 1, 0, 3, 0, 0, 1]"
652,E0,2010,Aston Villa,"[3, 0, 3, 0, 1, 3, 0, 1, 0, 1, 1, 3, 1, 0, 0, 0, 3, 0, 0, 1, 0, 1, 3, 3, 0, 1, 1, 3, 0, 0, 1, 3, 3, 1, 0, 1, 3, 3]"
653,E0,2010,Birmingham,"[1, 3, 1, 1, 0, 1, 0, 0, 3, 1, 1, 0, 1, 3, 1, 1, 0, 1, 0, 3, 1, 0, 1, 3, 3, 0, 0, 1, 0, 3, 1, 3, 0, 0, 1, 0, 0, 0]"
654,E0,2010,Blackburn,"[3, 0, 0, 1, 1, 3, 0, 1, 0, 0, 3, 3, 0, 3, 0, 3, 0, 1, 0, 3, 0, 3, 0, 3, 0, 0, 1, 0, 0, 1, 1, 1, 0, 0, 3, 1, 1, 3]"
655,E0,2010,Blackpool,"[3, 0, 1, 3, 0, 0, 3, 0, 0, 3, 1, 0, 1, 3, 1, 3, 3, 0, 0, 3, 0, 0, 0, 0, 0, 1, 3, 0, 0, 1, 0, 0, 0, 1, 1, 1, 3, 0]"
656,E0,2010,Bolton,"[1, 3, 1, 0, 1, 1, 1, 3, 1, 0, 3, 1, 3, 3, 1, 0, 3, 0, 3, 0, 0, 1, 0, 0, 3, 0, 3, 1, 3, 0, 0, 3, 3, 0, 0, 0, 0, 0]"
657,E0,2010,Chelsea,"[3, 3, 3, 3, 3, 0, 3, 1, 3, 3, 0, 3, 0, 0, 1, 1, 1, 0, 3, 1, 0, 3, 3, 3, 0, 1, 3, 3, 3, 1, 3, 3, 3, 3, 3, 0, 1, 0]"
658,E0,2010,Everton,"[0, 1, 0, 1, 0, 1, 3, 3, 1, 3, 1, 1, 0, 1, 0, 1, 1, 3, 1, 0, 3, 1, 1, 0, 3, 0, 3, 3, 1, 3, 1, 3, 3, 0, 1, 3, 0, 3]"
659,E0,2010,Fulham,"[1, 1, 1, 3, 1, 1, 1, 0, 0, 3, 1, 0, 1, 0, 1, 0, 1, 0, 3, 0, 3, 1, 3, 0, 3, 1, 1, 1, 3, 0, 3, 0, 1, 3, 3, 0, 3, 1]"
660,E0,2010,Liverpool,"[1, 0, 3, 1, 0, 1, 0, 0, 3, 3, 3, 1, 0, 3, 0, 3, 0, 0, 3, 0, 0, 1, 3, 3, 3, 3, 1, 0, 3, 3, 0, 3, 1, 3, 3, 3, 0, 0]"
661,E0,2010,Man City,"[1, 3, 0, 1, 3, 3, 3, 3, 0, 0, 3, 1, 1, 3, 1, 3, 3, 0, 3, 3, 3, 1, 3, 0, 1, 3, 0, 1, 3, 0, 3, 0, 3, 3, 0, 3, 3, 3]"
662,E0,2010,Man United,"[3, 1, 3, 1, 3, 1, 1, 1, 3, 3, 3, 1, 1, 3, 3, 3, 3, 1, 3, 3, 1, 3, 3, 3, 0, 3, 3, 0, 0, 3, 3, 3, 1, 3, 0, 3, 1, 3]"
663,E0,2010,Newcastle,"[0, 3, 1, 0, 3, 0, 0, 1, 3, 3, 3, 0, 1, 0, 1, 0, 3, 0, 0, 3, 3, 1, 1, 0, 1, 1, 3, 1, 0, 0, 3, 0, 1, 1, 0, 3, 1, 1]"
664,E0,2010,Stoke,"[0, 0, 0, 3, 1, 3, 3, 0, 0, 0, 0, 3, 3, 3, 1, 1, 0, 3, 0, 3, 0, 3, 0, 0, 3, 0, 0, 1, 0, 3, 1, 0, 1, 3, 1, 3, 0, 0]"
665,E0,2010,Sunderland,"[1, 0, 3, 1, 1, 1, 1, 1, 3, 0, 3, 1, 3, 1, 0, 3, 1, 3, 0, 0, 3, 3, 1, 3, 0, 0, 0, 0, 1, 0, 0, 0, 0, 3, 0, 3, 0, 3]"
666,E0,2010,Tottenham,"[1, 3, 0, 1, 3, 0, 3, 3, 1, 0, 0, 1, 3, 3, 3, 1, 1, 3, 3, 3, 0, 1, 1, 3, 3, 3, 0, 1, 1, 1, 3, 1, 1, 0, 1, 0, 3, 3]"
667,E0,2010,West Brom,"[0, 3, 0, 1, 3, 3, 1, 1, 3, 0, 0, 1, 0, 0, 3, 3, 0, 0, 0, 0, 0, 3, 0, 1, 0, 1, 1, 1, 3, 1, 3, 3, 0, 1, 3, 0, 3, 1]"
668,E0,2010,West Ham,"[0, 0, 0, 0, 1, 3, 1, 1, 0, 0, 1, 1, 1, 0, 3, 0, 0, 1, 3, 1, 3, 0, 0, 1, 3, 0, 1, 3, 3, 1, 0, 0, 0, 0, 0, 1, 0, 0]"
669,E0,2010,Wigan,"[0, 0, 3, 1, 0, 1, 3, 1, 1, 0, 0, 1, 3, 0, 0, 1, 1, 3, 1, 0, 1, 1, 0, 0, 1, 3, 1, 0, 0, 3, 1, 0, 3, 0, 1, 1, 3, 3]"
670,E0,2010,Wolves,"[3, 1, 1, 0, 0, 0, 0, 1, 0, 3, 0, 0, 0, 0, 3, 0, 3, 0, 3, 0, 3, 0, 0, 0, 3, 0, 1, 3, 1, 3, 0, 0, 1, 0, 1, 3, 3, 0]"
671,E0,2011,Arsenal,"[1, 0, 0, 3, 0, 3, 0, 3, 3, 3, 3, 3, 1, 3, 3, 0, 3, 1, 3, 0, 0, 0, 1, 3, 3, 3, 3, 3, 3, 3, 0, 3, 3, 0, 1, 1, 1, 3]"
672,E0,2011,Aston Villa,"[1, 3, 1, 1, 1, 1, 3, 0, 0, 1, 3, 0, 1, 0, 3, 0, 0, 1, 3, 0, 1, 3, 1, 0, 0, 1, 1, 3, 0, 0, 1, 1, 0, 1, 0, 1, 1, 0]"
673,E0,2011,Blackburn,"[0, 0, 0, 1, 3, 0, 0, 1, 0, 1, 0, 1, 0, 3, 0, 0, 0, 1, 3, 0, 3, 1, 0, 0, 3, 0, 1, 3, 3, 0, 0, 0, 0, 0, 3, 0, 0, 0]"
674,E0,2011,Bolton,"[3, 0, 0, 0, 0, 0, 0, 3, 0, 0, 3, 0, 0, 0, 0, 0, 3, 0, 1, 3, 0, 3, 1, 0, 0, 0, 0, 3, 3, 3, 0, 0, 1, 3, 1, 0, 1, 1]"
675,E0,2011,Chelsea,"[1, 3, 3, 3, 0, 3, 3, 3, 0, 0, 3, 0, 3, 3, 3, 1, 1, 1, 0, 3, 3, 1, 1, 1, 0, 3, 0, 3, 0, 1, 3, 3, 1, 1, 3, 0, 0, 3]"
676,E0,2011,Everton,"[0, 3, 1, 3, 0, 0, 0, 3, 0, 0, 3, 3, 0, 0, 1, 3, 1, 3, 0, 0, 1, 1, 3, 1, 3, 1, 3, 0, 0, 3, 3, 1, 3, 1, 3, 1, 1, 3]"
677,E0,2011,Fulham,"[1, 0, 0, 1, 1, 1, 3, 0, 0, 3, 0, 1, 1, 3, 0, 3, 0, 1, 1, 3, 0, 3, 1, 0, 3, 3, 3, 0, 0, 0, 3, 3, 1, 3, 0, 3, 3, 0]"
678,E0,2011,Liverpool,"[1, 3, 3, 0, 0, 3, 3, 1, 1, 3, 1, 3, 1, 0, 3, 3, 1, 1, 3, 0, 1, 0, 3, 1, 0, 0, 0, 3, 0, 0, 0, 1, 3, 0, 3, 0, 3, 0]"
679,E0,2011,Man City,"[3, 3, 3, 3, 1, 3, 3, 3, 3, 3, 3, 3, 1, 3, 0, 3, 3, 1, 0, 3, 3, 3, 0, 3, 3, 3, 3, 0, 3, 1, 1, 0, 3, 3, 3, 3, 3, 3]"
680,E0,2011,Man United,"[3, 3, 3, 3, 3, 1, 3, 1, 0, 3, 3, 3, 1, 3, 3, 3, 3, 3, 0, 0, 3, 3, 3, 1, 3, 3, 3, 3, 3, 3, 3, 3, 0, 3, 1, 0, 3, 3]"
681,E0,2011,Newcastle,"[1, 3, 3, 1, 1, 3, 3, 1, 3, 3, 3, 0, 1, 0, 0, 1, 0, 3, 0, 3, 3, 0, 3, 3, 0, 1, 1, 0, 3, 3, 3, 3, 3, 3, 0, 3, 0, 0]"
682,E0,2011,Norwich,"[1, 1, 0, 0, 3, 3, 0, 3, 1, 1, 0, 0, 3, 0, 3, 1, 1, 0, 1, 3, 3, 1, 0, 3, 3, 0, 0, 1, 0, 3, 0, 1, 3, 0, 0, 0, 1, 3]"
683,E0,2011,QPR,"[0, 3, 0, 1, 3, 1, 0, 1, 3, 0, 0, 3, 0, 1, 0, 0, 0, 1, 0, 0, 0, 3, 1, 0, 0, 0, 1, 0, 3, 0, 3, 0, 3, 0, 3, 0, 3, 0]"
684,E0,2011,Stoke,"[1, 1, 3, 3, 0, 1, 0, 3, 0, 0, 0, 0, 3, 3, 3, 3, 0, 1, 1, 3, 1, 0, 0, 0, 0, 3, 3, 0, 1, 1, 0, 3, 1, 0, 1, 1, 0, 1]"
685,E0,2011,Sunderland,"[1, 0, 1, 0, 3, 0, 1, 0, 3, 1, 0, 1, 0, 0, 3, 0, 3, 1, 3, 3, 0, 3, 3, 3, 0, 0, 1, 3, 0, 3, 1, 1, 0, 1, 1, 1, 0, 0]"
686,E0,2011,Swansea,"[0, 1, 1, 0, 3, 0, 3, 0, 1, 3, 1, 0, 1, 0, 3, 1, 0, 1, 1, 3, 3, 0, 1, 3, 0, 0, 3, 3, 3, 0, 0, 0, 0, 3, 1, 1, 0, 3]"
687,E0,2011,Tottenham,"[0, 0, 3, 3, 3, 3, 1, 3, 3, 3, 3, 3, 3, 0, 3, 1, 3, 1, 3, 3, 1, 0, 3, 1, 3, 0, 0, 0, 1, 1, 3, 1, 0, 0, 3, 3, 1, 3]"
688,E0,2011,West Brom,"[0, 0, 0, 3, 0, 1, 1, 3, 3, 0, 0, 3, 0, 1, 0, 3, 3, 1, 0, 0, 0, 3, 1, 0, 3, 3, 3, 0, 1, 0, 0, 3, 0, 3, 3, 1, 1, 0]"
689,E0,2011,Wigan,"[1, 1, 3, 0, 0, 0, 0, 0, 0, 0, 0, 1, 3, 0, 3, 1, 1, 0, 1, 0, 0, 0, 0, 1, 3, 1, 0, 1, 1, 3, 3, 0, 3, 3, 0, 3, 3, 3]"
690,E0,2011,Wolves,"[3, 3, 1, 0, 0, 0, 0, 0, 1, 0, 3, 0, 0, 3, 0, 0, 1, 1, 1, 0, 1, 0, 0, 3, 0, 1, 0, 0, 0, 0, 0, 0, 0, 1, 0, 1, 1, 0]"
691,E0,2012,Arsenal,"[1, 1, 3, 3, 1, 0, 3, 0, 3, 0, 1, 3, 1, 1, 0, 3, 3, 3, 3, 1, 0, 0, 3, 1, 3, 3, 3, 0, 3, 3, 3, 3, 1, 3, 1, 3, 3, 3]"
692,E0,2012,Aston Villa,"[0, 0, 1, 3, 0, 1, 0, 0, 1, 3, 0, 0, 1, 3, 1, 1, 3, 0, 0, 0, 1, 0, 1, 0, 1, 3, 0, 0, 3, 3, 0, 3, 1, 0, 3, 3, 0, 1]"
693,E0,2012,Chelsea,"[3, 3, 3, 1, 3, 3, 3, 3, 0, 1, 1, 0, 1, 1, 0, 3, 3, 3, 3, 0, 3, 1, 3, 1, 0, 3, 0, 3, 3, 0, 3, 3, 1, 3, 3, 1, 3, 3]"
694,E0,2012,Everton,"[3, 3, 0, 1, 3, 3, 1, 1, 1, 1, 3, 0, 1, 1, 1, 3, 1, 3, 3, 0, 3, 1, 1, 3, 1, 0, 0, 3, 3, 3, 1, 3, 1, 0, 3, 1, 3, 0]"
695,E0,2012,Fulham,"[3, 0, 0, 3, 3, 0, 1, 3, 1, 1, 1, 0, 0, 1, 0, 3, 0, 0, 1, 0, 3, 1, 0, 3, 0, 1, 3, 1, 3, 3, 0, 1, 0, 0, 0, 0, 0, 3]"
696,E0,2012,Liverpool,"[0, 1, 0, 1, 0, 3, 1, 3, 1, 1, 1, 3, 1, 0, 3, 3, 0, 3, 0, 3, 3, 0, 3, 1, 1, 0, 3, 3, 3, 0, 3, 1, 1, 1, 3, 1, 3, 3]"
697,E0,2012,Man City,"[3, 1, 3, 1, 1, 3, 3, 3, 3, 1, 3, 3, 1, 3, 1, 0, 3, 3, 0, 3, 3, 3, 3, 1, 1, 0, 3, 3, 0, 3, 3, 3, 0, 3, 1, 3, 3, 0]"
698,E0,2012,Man United,"[0, 3, 3, 3, 3, 0, 3, 3, 3, 3, 3, 0, 3, 3, 3, 3, 3, 1, 3, 3, 3, 3, 1, 3, 3, 3, 3, 3, 3, 3, 0, 3, 1, 3, 1, 0, 3, 1]"
699,E0,2012,Newcastle,"[3, 0, 1, 1, 3, 1, 0, 1, 3, 1, 0, 0, 0, 0, 3, 0, 0, 3, 0, 0, 0, 1, 0, 3, 3, 0, 3, 0, 3, 0, 0, 3, 0, 1, 0, 1, 3, 0]"
700,E0,2012,Norwich,"[0, 1, 1, 1, 0, 0, 0, 3, 1, 3, 1, 3, 1, 1, 3, 3, 3, 0, 0, 0, 0, 1, 0, 1, 1, 1, 3, 0, 1, 1, 0, 1, 0, 3, 0, 0, 3, 3]"
701,E0,2012,QPR,"[0, 1, 0, 1, 0, 0, 0, 1, 0, 1, 0, 0, 0, 1, 1, 1, 3, 0, 0, 0, 3, 1, 1, 1, 1, 0, 0, 3, 3, 0, 0, 1, 0, 0, 1, 0, 0, 0]"
702,E0,2012,Reading,"[1, 0, 0, 0, 1, 1, 0, 1, 1, 1, 3, 0, 0, 0, 0, 0, 0, 0, 1, 3, 0, 3, 3, 1, 3, 0, 0, 0, 0, 0, 0, 0, 1, 0, 1, 3, 0, 0]"
703,E0,2012,Southampton,"[0, 0, 0, 0, 3, 0, 1, 0, 0, 0, 1, 3, 3, 1, 0, 3, 0, 1, 1, 1, 3, 1, 1, 0, 1, 3, 0, 0, 1, 3, 3, 3, 1, 1, 0, 0, 1, 1]"
704,E0,2012,Stoke,"[1, 1, 1, 1, 0, 3, 1, 0, 1, 0, 3, 1, 3, 3, 3, 1, 1, 1, 3, 1, 0, 0, 0, 1, 0, 3, 0, 0, 0, 1, 0, 0, 0, 3, 3, 1, 0, 1]"
705,E0,2012,Sunderland,"[1, 1, 1, 1, 3, 0, 1, 1, 0, 0, 3, 0, 1, 0, 0, 3, 0, 3, 3, 0, 0, 3, 3, 1, 0, 0, 0, 1, 0, 1, 0, 0, 3, 3, 0, 1, 1, 0]"
706,E0,2012,Swansea,"[3, 3, 1, 0, 0, 0, 1, 3, 0, 1, 1, 3, 1, 3, 3, 0, 0, 1, 1, 3, 1, 1, 3, 1, 0, 3, 0, 3, 0, 0, 0, 1, 1, 0, 1, 3, 0, 0]"
707,E0,2012,Tottenham,"[0, 1, 1, 3, 3, 3, 3, 0, 3, 0, 0, 0, 3, 3, 3, 0, 3, 1, 3, 3, 3, 1, 1, 1, 3, 3, 3, 3, 0, 0, 3, 1, 3, 1, 3, 1, 3, 3]"
708,E0,2012,West Brom,"[3, 1, 3, 0, 3, 1, 3, 0, 0, 3, 3, 3, 3, 0, 0, 0, 1, 3, 3, 0, 0, 0, 1, 0, 0, 3, 3, 0, 3, 1, 0, 0, 1, 3, 0, 0, 0, 1]"
709,E0,2012,West Ham,"[3, 0, 3, 1, 1, 3, 0, 3, 0, 1, 3, 1, 0, 0, 3, 0, 1, 0, 0, 3, 0, 1, 0, 0, 3, 0, 0, 3, 0, 3, 1, 1, 1, 3, 0, 1, 0, 3]"
710,E0,2012,Wigan,"[0, 3, 1, 0, 0, 0, 1, 0, 3, 3, 0, 0, 3, 0, 0, 1, 0, 0, 0, 3, 0, 1, 0, 1, 1, 0, 3, 0, 3, 3, 1, 0, 0, 1, 3, 0, 0, 1]"
711,E0,2013,Arsenal,"[0, 3, 3, 3, 3, 3, 1, 3, 3, 3, 0, 3, 3, 3, 1, 0, 1, 3, 3, 3, 3, 3, 1, 3, 0, 1, 3, 0, 3, 0, 1, 1, 0, 3, 3, 3, 3, 3]"
712,E0,2013,Aston Villa,"[3, 0, 0, 0, 3, 3, 1, 0, 0, 1, 3, 1, 1, 3, 0, 0, 0, 0, 1, 3, 0, 1, 3, 0, 0, 1, 0, 3, 3, 0, 0, 0, 0, 1, 0, 3, 0, 0]"
713,E0,2013,Cardiff,"[0, 3, 1, 1, 0, 3, 0, 0, 1, 3, 0, 1, 0, 1, 0, 3, 0, 0, 1, 0, 0, 0, 0, 3, 0, 1, 0, 0, 3, 0, 0, 1, 0, 3, 1, 0, 0, 0]"
714,E0,2013,Chelsea,"[3, 3, 1, 0, 3, 1, 3, 3, 3, 0, 1, 3, 3, 3, 0, 3, 1, 3, 3, 3, 3, 3, 1, 3, 3, 1, 3, 3, 3, 0, 3, 0, 3, 3, 0, 3, 1, 3]"
715,E0,2013,Crystal Palace,"[0, 0, 3, 0, 0, 0, 0, 0, 0, 0, 1, 3, 0, 3, 3, 0, 0, 3, 0, 1, 0, 3, 3, 0, 3, 0, 1, 0, 1, 0, 3, 3, 3, 3, 3, 0, 1, 1]"
716,E0,2013,Everton,"[1, 1, 1, 3, 3, 3, 0, 3, 3, 1, 1, 1, 3, 3, 1, 3, 3, 0, 3, 1, 3, 1, 0, 3, 0, 0, 3, 3, 3, 3, 3, 3, 3, 0, 3, 0, 0, 3]"
717,E0,2013,Fulham,"[3, 0, 0, 1, 0, 0, 3, 3, 0, 0, 0, 0, 0, 0, 3, 0, 0, 3, 0, 3, 0, 0, 0, 0, 1, 0, 1, 0, 0, 3, 0, 0, 3, 3, 0, 1, 0, 1]"
718,E0,2013,Hull,"[0, 3, 0, 1, 3, 3, 1, 0, 0, 3, 0, 0, 3, 0, 1, 1, 1, 0, 3, 0, 0, 0, 0, 1, 3, 0, 3, 0, 0, 3, 0, 0, 3, 0, 1, 0, 0, 0]"
719,E0,2013,Liverpool,"[3, 3, 3, 1, 0, 3, 3, 1, 3, 0, 3, 1, 0, 3, 3, 3, 3, 0, 0, 3, 3, 1, 3, 1, 3, 3, 3, 3, 3, 3, 3, 3, 3, 3, 3, 0, 1, 3]"
720,E0,2013,Man City,"[3, 0, 3, 1, 3, 0, 3, 3, 0, 3, 0, 3, 3, 3, 1, 3, 3, 3, 3, 3, 3, 3, 3, 0, 1, 3, 3, 3, 3, 1, 3, 0, 1, 3, 3, 3, 3, 3]"
721,E0,2013,Man United,"[3, 1, 0, 3, 0, 0, 3, 1, 3, 3, 3, 1, 1, 0, 0, 3, 3, 3, 3, 0, 3, 0, 3, 0, 1, 1, 3, 3, 0, 3, 0, 3, 3, 0, 3, 0, 3, 1]"
722,E0,2013,Newcastle,"[0, 1, 3, 3, 0, 0, 3, 1, 0, 3, 3, 3, 3, 0, 3, 1, 3, 3, 0, 0, 0, 3, 1, 0, 0, 0, 3, 3, 0, 3, 0, 0, 0, 0, 0, 0, 3, 0]"
723,E0,2013,Norwich,"[1, 0, 3, 0, 0, 3, 0, 0, 1, 0, 3, 0, 3, 0, 3, 1, 1, 0, 0, 1, 0, 3, 1, 0, 1, 0, 3, 0, 1, 0, 3, 0, 0, 0, 0, 0, 1, 0]"
724,E0,2013,Southampton,"[3, 1, 0, 1, 3, 3, 3, 1, 3, 1, 3, 0, 0, 0, 1, 1, 0, 3, 0, 0, 3, 1, 1, 3, 1, 3, 0, 0, 3, 3, 0, 3, 0, 0, 1, 3, 3, 1]"
725,E0,2013,Stoke,"[0, 3, 3, 1, 0, 0, 0, 1, 0, 1, 1, 3, 0, 1, 3, 1, 3, 0, 0, 1, 0, 0, 0, 3, 1, 1, 0, 3, 1, 3, 3, 3, 0, 3, 1, 0, 3, 3]"
726,E0,2013,Sunderland,"[0, 1, 0, 0, 0, 0, 0, 0, 3, 0, 3, 0, 1, 0, 0, 1, 1, 3, 1, 0, 3, 1, 3, 3, 0, 0, 1, 0, 0, 0, 0, 0, 1, 3, 3, 3, 3, 0]"
727,E0,2013,Swansea,"[0, 0, 3, 1, 3, 0, 0, 3, 1, 0, 1, 3, 0, 3, 1, 1, 0, 0, 1, 0, 0, 0, 3, 0, 3, 1, 0, 1, 0, 0, 1, 3, 0, 0, 3, 3, 0, 3]"
728,E0,2013,Tottenham,"[3, 3, 0, 3, 3, 1, 0, 3, 3, 1, 0, 0, 1, 3, 3, 0, 3, 1, 3, 3, 3, 3, 0, 1, 3, 3, 0, 3, 0, 0, 3, 0, 3, 1, 3, 3, 0, 3]"
729,E0,2013,West Brom,"[0, 1, 0, 1, 3, 3, 1, 1, 0, 3, 1, 1, 0, 0, 0, 0, 1, 1, 1, 3, 0, 1, 0, 1, 0, 1, 1, 0, 3, 0, 1, 3, 1, 0, 3, 0, 0, 0]"
730,E0,2013,West Ham,"[3, 1, 0, 1, 0, 0, 3, 0, 1, 1, 0, 0, 3, 0, 0, 1, 0, 0, 1, 0, 3, 0, 1, 3, 3, 3, 3, 0, 0, 0, 3, 3, 0, 0, 0, 0, 3, 0]"
731,E0,2014,Arsenal,"[3, 1, 1, 1, 3, 1, 0, 1, 3, 3, 0, 0, 3, 3, 0, 3, 1, 3, 3, 0, 3, 3, 3, 0, 3, 3, 3, 3, 3, 3, 3, 3, 1, 3, 0, 1, 1, 3]"
732,E0,2014,Aston Villa,"[3, 1, 3, 3, 0, 0, 0, 0, 0, 0, 1, 1, 1, 3, 3, 0, 1, 0, 1, 1, 0, 0, 0, 0, 0, 0, 0, 3, 3, 0, 0, 1, 3, 0, 3, 3, 0, 0]"
733,E0,2014,Burnley,"[0, 0, 1, 1, 1, 0, 1, 0, 0, 0, 3, 3, 1, 1, 0, 3, 0, 0, 1, 1, 3, 0, 0, 1, 0, 1, 0, 0, 3, 0, 1, 0, 0, 0, 0, 3, 1, 3]"
734,E0,2014,Chelsea,"[3, 3, 3, 3, 1, 3, 3, 3, 1, 3, 3, 3, 1, 3, 0, 3, 3, 3, 1, 0, 3, 3, 1, 3, 3, 1, 3, 1, 3, 3, 3, 3, 1, 3, 3, 1, 0, 3]"
735,E0,2014,Crystal Palace,"[0, 0, 1, 1, 3, 3, 0, 0, 1, 0, 0, 3, 1, 0, 1, 1, 0, 0, 1, 1, 3, 3, 0, 3, 1, 0, 3, 0, 3, 3, 3, 3, 0, 0, 0, 0, 3, 3]"
736,E0,2014,Everton,"[1, 1, 0, 3, 0, 1, 0, 3, 3, 1, 1, 3, 0, 1, 0, 3, 0, 0, 0, 0, 1, 1, 3, 1, 0, 1, 0, 0, 3, 3, 3, 1, 3, 3, 0, 0, 3, 0]"
737,E0,2014,Hull,"[3, 1, 0, 1, 1, 0, 3, 1, 1, 0, 0, 0, 0, 1, 1, 0, 0, 3, 0, 3, 0, 0, 0, 1, 3, 3, 0, 1, 1, 0, 0, 0, 3, 3, 0, 0, 0, 1]"
738,E0,2014,Leicester,"[1, 0, 1, 3, 3, 0, 1, 0, 0, 0, 0, 1, 0, 0, 0, 0, 0, 0, 3, 1, 3, 0, 0, 0, 0, 1, 0, 1, 0, 3, 3, 3, 3, 0, 3, 3, 1, 3]"
739,E0,2014,Liverpool,"[3, 0, 3, 0, 0, 1, 3, 3, 1, 0, 0, 0, 3, 3, 1, 0, 1, 3, 3, 1, 3, 3, 3, 1, 3, 3, 3, 3, 3, 0, 0, 3, 1, 0, 3, 1, 0, 0]"
740,E0,2014,Man City,"[3, 3, 0, 1, 1, 3, 3, 3, 0, 3, 1, 3, 3, 3, 3, 3, 3, 3, 1, 3, 1, 0, 1, 1, 3, 3, 0, 3, 0, 3, 0, 0, 3, 3, 3, 3, 3, 3]"
741,E0,2014,Man United,"[0, 1, 1, 3, 0, 3, 3, 1, 1, 0, 3, 3, 3, 3, 3, 3, 1, 3, 1, 1, 0, 3, 3, 1, 3, 0, 3, 3, 3, 3, 3, 3, 0, 0, 0, 3, 1, 1]"
742,E0,2014,Newcastle,"[0, 1, 1, 0, 1, 0, 1, 3, 3, 3, 3, 3, 0, 1, 3, 0, 0, 0, 3, 1, 0, 0, 3, 1, 1, 0, 3, 0, 0, 0, 0, 0, 0, 0, 0, 1, 0, 3]"
743,E0,2014,QPR,"[0, 0, 3, 0, 1, 0, 0, 0, 3, 0, 1, 0, 3, 0, 3, 0, 3, 0, 1, 1, 0, 0, 0, 0, 3, 0, 0, 0, 0, 0, 3, 1, 0, 1, 0, 0, 3, 0]"
744,E0,2014,Southampton,"[0, 1, 3, 3, 3, 3, 0, 3, 3, 3, 3, 1, 0, 0, 0, 0, 3, 3, 1, 3, 3, 3, 0, 3, 1, 0, 0, 3, 1, 3, 0, 3, 0, 1, 0, 0, 3, 0]"
745,E0,2014,Stoke,"[0, 1, 3, 0, 1, 3, 0, 3, 0, 1, 3, 0, 0, 0, 3, 1, 0, 3, 3, 1, 0, 3, 3, 1, 0, 3, 3, 3, 0, 0, 0, 1, 3, 1, 0, 3, 1, 3]"
746,E0,2014,Sunderland,"[1, 1, 0, 1, 1, 1, 3, 0, 0, 3, 1, 1, 1, 0, 1, 1, 3, 0, 1, 0, 0, 0, 3, 1, 0, 1, 0, 1, 0, 0, 3, 0, 1, 3, 3, 1, 1, 0]"
747,E0,2014,Swansea,"[3, 3, 3, 0, 0, 1, 1, 0, 3, 1, 3, 0, 1, 3, 0, 0, 3, 3, 0, 1, 1, 0, 3, 1, 0, 3, 3, 0, 0, 3, 3, 1, 0, 3, 3, 3, 0, 0]"
748,E0,2014,Tottenham,"[3, 3, 0, 1, 0, 1, 3, 0, 0, 3, 0, 3, 3, 0, 1, 3, 3, 3, 1, 3, 0, 3, 3, 3, 0, 1, 3, 3, 0, 3, 1, 0, 3, 1, 0, 0, 3, 3]"
749,E0,2014,West Brom,"[1, 1, 0, 0, 3, 3, 0, 1, 1, 3, 0, 0, 0, 0, 1, 3, 0, 0, 0, 1, 3, 1, 0, 1, 3, 1, 3, 0, 3, 0, 0, 0, 3, 1, 3, 1, 3, 0]"
750,E0,2014,West Ham,"[0, 3, 0, 1, 3, 0, 3, 3, 3, 1, 1, 0, 3, 3, 3, 1, 3, 0, 0, 1, 1, 3, 0, 1, 1, 1, 0, 0, 0, 3, 0, 1, 0, 1, 3, 0, 0, 0]"
751,E0,2015,Arsenal,"[0, 3, 1, 3, 3, 0, 3, 3, 3, 3, 3, 1, 0, 1, 3, 3, 3, 0, 3, 3, 1, 1, 0, 1, 3, 3, 0, 0, 1, 3, 3, 1, 1, 3, 1, 3, 1, 3]"
752,E0,2015,Aston Villa,"[3, 0, 0, 1, 0, 0, 0, 0, 0, 0, 0, 1, 0, 0, 1, 0, 1, 1, 0, 0, 3, 1, 1, 0, 3, 0, 0, 0, 0, 0, 0, 0, 0, 0, 0, 0, 1, 0]"
753,E0,2015,Bournemouth,"[0, 0, 3, 1, 0, 3, 0, 1, 0, 0, 0, 0, 1, 1, 3, 3, 3, 1, 0, 1, 0, 3, 1, 3, 0, 0, 1, 3, 3, 3, 0, 0, 3, 0, 0, 0, 1, 0]"
754,E0,2015,Chelsea,"[1, 0, 3, 0, 0, 3, 1, 0, 3, 0, 0, 0, 3, 1, 0, 0, 3, 1, 1, 3, 1, 1, 3, 1, 1, 3, 3, 3, 1, 1, 3, 0, 0, 3, 1, 0, 1, 1]"
755,E0,2015,Crystal Palace,"[3, 0, 3, 3, 0, 0, 3, 3, 0, 0, 1, 3, 0, 3, 1, 3, 3, 1, 1, 0, 0, 0, 0, 0, 1, 0, 0, 1, 0, 0, 1, 3, 1, 1, 0, 0, 3, 0]"
756,E0,2015,Everton,"[1, 3, 0, 1, 3, 1, 3, 1, 0, 0, 3, 1, 3, 1, 1, 1, 0, 3, 0, 1, 1, 1, 0, 3, 3, 0, 3, 0, 0, 0, 1, 1, 1, 0, 3, 0, 0, 3]"
757,E0,2015,Leicester,"[3, 3, 1, 1, 3, 1, 0, 3, 1, 3, 3, 3, 3, 1, 3, 3, 3, 0, 1, 1, 3, 1, 3, 3, 3, 0, 3, 1, 3, 3, 3, 3, 3, 1, 3, 1, 3, 1]"
758,E0,2015,Liverpool,"[3, 3, 1, 0, 0, 1, 3, 1, 1, 1, 3, 0, 3, 3, 0, 1, 0, 3, 3, 0, 1, 0, 3, 0, 1, 3, 3, 3, 0, 1, 3, 3, 3, 1, 0, 3, 1, 1]"
759,E0,2015,Man City,"[3, 3, 3, 3, 3, 0, 0, 3, 3, 1, 3, 1, 0, 3, 0, 3, 0, 3, 1, 3, 1, 3, 1, 3, 0, 0, 0, 3, 1, 0, 3, 3, 3, 1, 3, 0, 1, 1]"
760,E0,2015,Man United,"[3, 3, 1, 0, 3, 3, 3, 0, 3, 1, 1, 3, 3, 1, 1, 0, 0, 0, 1, 3, 1, 3, 0, 3, 1, 0, 3, 3, 0, 3, 3, 0, 3, 3, 1, 3, 0, 3]"
761,E0,2015,Newcastle,"[1, 0, 1, 0, 0, 0, 1, 0, 3, 0, 1, 3, 0, 0, 3, 3, 1, 0, 0, 0, 1, 3, 0, 0, 3, 0, 0, 0, 0, 1, 0, 0, 3, 1, 1, 3, 1, 3]"
762,E0,2015,Norwich,"[0, 3, 1, 0, 3, 1, 1, 0, 0, 0, 0, 3, 0, 1, 0, 1, 3, 0, 3, 3, 0, 0, 0, 0, 0, 1, 0, 0, 0, 1, 3, 3, 0, 0, 0, 0, 3, 0]"
763,E0,2015,Southampton,"[1, 0, 1, 3, 1, 0, 3, 3, 1, 1, 3, 3, 0, 0, 1, 0, 0, 3, 0, 0, 3, 3, 3, 1, 3, 3, 0, 0, 1, 3, 3, 0, 3, 1, 3, 3, 3, 3]"
764,E0,2015,Stoke,"[0, 1, 1, 0, 0, 1, 3, 3, 3, 0, 1, 3, 3, 0, 3, 1, 0, 3, 3, 0, 3, 1, 0, 0, 0, 3, 3, 3, 1, 0, 3, 1, 0, 0, 0, 1, 0, 3]"
765,E0,2015,Sunderland,"[0, 0, 1, 1, 0, 0, 0, 1, 0, 3, 0, 0, 3, 3, 0, 0, 0, 0, 0, 3, 3, 0, 1, 0, 1, 3, 0, 1, 1, 1, 1, 0, 3, 1, 1, 3, 3, 1]"
766,E0,2015,Swansea,"[1, 3, 1, 3, 0, 1, 0, 1, 0, 3, 0, 0, 1, 0, 0, 0, 1, 3, 1, 0, 0, 3, 3, 1, 1, 0, 0, 3, 3, 0, 3, 1, 3, 0, 0, 3, 3, 1]"
767,E0,2015,Tottenham,"[0, 1, 1, 1, 3, 3, 3, 1, 1, 3, 3, 1, 3, 1, 1, 0, 3, 3, 3, 1, 0, 3, 3, 3, 3, 3, 3, 0, 1, 3, 3, 1, 3, 3, 1, 1, 0, 0]"
768,E0,2015,Watford,"[1, 1, 1, 0, 3, 3, 0, 1, 0, 3, 3, 0, 0, 3, 3, 3, 3, 1, 0, 0, 0, 0, 3, 1, 0, 3, 1, 0, 0, 0, 0, 1, 3, 0, 3, 0, 0, 1]"
769,E0,2015,West Brom,"[0, 1, 0, 3, 1, 3, 0, 0, 3, 3, 0, 0, 3, 1, 1, 1, 0, 0, 3, 3, 1, 0, 1, 1, 0, 3, 3, 1, 3, 0, 1, 0, 0, 0, 1, 0, 1, 1]"
770,E0,2015,West Ham,"[3, 0, 0, 3, 3, 3, 1, 1, 3, 3, 0, 1, 0, 1, 1, 1, 1, 1, 3, 3, 3, 0, 1, 3, 0, 1, 3, 3, 3, 1, 1, 1, 1, 3, 3, 0, 3, 0]"
771,E0,2016,Arsenal,"[0, 1, 3, 3, 3, 3, 3, 3, 1, 3, 1, 1, 3, 3, 3, 0, 0, 3, 3, 1, 3, 3, 0, 0, 3, 0, 0, 1, 3, 0, 3, 3, 0, 3, 3, 3, 3, 3]"
772,E0,2016,Bournemouth,"[0, 0, 1, 3, 0, 3, 1, 3, 1, 0, 0, 3, 0, 3, 0, 3, 0, 0, 3, 1, 0, 1, 0, 0, 0, 0, 1, 3, 3, 1, 1, 0, 0, 3, 3, 1, 3, 1]"
773,E0,2016,Burnley,"[0, 3, 0, 1, 0, 3, 0, 0, 3, 1, 3, 0, 0, 0, 3, 0, 0, 3, 3, 0, 3, 0, 3, 0, 1, 1, 0, 0, 1, 0, 3, 1, 0, 0, 3, 1, 0, 0]"
774,E0,2016,Chelsea,"[3, 3, 3, 1, 0, 0, 3, 3, 3, 3, 3, 3, 3, 3, 3, 3, 3, 3, 3, 0, 3, 3, 1, 3, 1, 3, 3, 3, 0, 3, 3, 0, 3, 3, 3, 3, 3, 3]"
775,E0,2016,Crystal Palace,"[0, 0, 1, 3, 3, 3, 1, 0, 0, 0, 0, 0, 0, 3, 1, 0, 0, 1, 0, 0, 0, 0, 3, 0, 0, 3, 3, 3, 3, 0, 3, 1, 3, 0, 0, 0, 3, 0]"
776,E0,2016,Everton,"[1, 3, 3, 3, 3, 0, 1, 1, 0, 3, 0, 1, 0, 1, 0, 3, 0, 3, 1, 3, 3, 3, 1, 3, 1, 3, 0, 3, 3, 0, 1, 3, 3, 1, 0, 0, 3, 0]"
777,E0,2016,Hull,"[3, 3, 0, 1, 0, 0, 0, 0, 0, 0, 3, 0, 1, 0, 1, 0, 0, 0, 1, 0, 3, 0, 1, 3, 0, 1, 0, 3, 0, 3, 3, 0, 0, 3, 1, 0, 0, 0]"
778,E0,2016,Leicester,"[0, 1, 3, 0, 3, 0, 1, 0, 3, 1, 0, 0, 1, 0, 3, 0, 1, 0, 3, 1, 0, 0, 0, 0, 0, 3, 3, 3, 3, 3, 0, 1, 0, 3, 3, 0, 0, 1]"
779,E0,2016,Liverpool,"[3, 0, 1, 3, 3, 3, 3, 1, 3, 3, 3, 1, 3, 0, 1, 3, 3, 3, 3, 1, 1, 0, 1, 0, 3, 0, 3, 3, 1, 3, 1, 3, 3, 0, 3, 1, 3, 3]"
780,E0,2016,Man City,"[3, 3, 3, 3, 3, 3, 0, 1, 1, 3, 1, 3, 3, 0, 0, 3, 3, 3, 0, 3, 0, 1, 3, 3, 3, 3, 1, 1, 1, 0, 3, 3, 1, 1, 3, 3, 3, 3]"
781,E0,2016,Man United,"[3, 3, 3, 0, 0, 3, 1, 1, 0, 1, 3, 1, 1, 1, 3, 3, 3, 3, 3, 3, 1, 1, 1, 3, 3, 1, 3, 1, 1, 3, 3, 3, 1, 1, 0, 0, 1, 3]"
782,E0,2016,Middlesbrough,"[1, 3, 1, 0, 0, 0, 1, 0, 1, 3, 1, 0, 1, 3, 0, 0, 3, 0, 0, 1, 1, 0, 1, 0, 1, 0, 0, 0, 1, 0, 1, 0, 0, 3, 1, 0, 0, 0]"
783,E0,2016,Southampton,"[1, 0, 1, 0, 3, 3, 1, 3, 1, 0, 0, 1, 3, 0, 3, 1, 3, 0, 0, 0, 0, 3, 0, 0, 3, 3, 0, 1, 3, 3, 0, 0, 1, 1, 0, 3, 1, 0]"
784,E0,2016,Stoke,"[1, 0, 0, 0, 0, 1, 1, 3, 3, 3, 1, 0, 3, 3, 0, 1, 1, 0, 0, 3, 3, 1, 1, 0, 3, 0, 3, 1, 0, 0, 0, 0, 3, 0, 1, 1, 0, 3]"
785,E0,2016,Sunderland,"[0, 0, 1, 0, 0, 0, 1, 0, 0, 0, 3, 3, 0, 3, 0, 0, 3, 0, 0, 1, 0, 0, 1, 3, 0, 0, 0, 1, 0, 0, 0, 1, 0, 0, 3, 0, 0, 0]"
786,E0,2016,Swansea,"[3, 0, 0, 1, 0, 0, 0, 0, 1, 0, 0, 1, 3, 0, 3, 0, 0, 0, 0, 3, 0, 3, 3, 0, 3, 0, 3, 0, 0, 1, 0, 0, 0, 3, 1, 3, 3, 3]"
787,E0,2016,Tottenham,"[1, 3, 1, 3, 3, 3, 3, 1, 1, 1, 1, 3, 0, 3, 0, 3, 3, 3, 3, 3, 3, 1, 1, 3, 0, 3, 3, 3, 3, 3, 3, 3, 3, 3, 0, 3, 3, 3]"
788,E0,2016,Watford,"[1, 0, 0, 3, 3, 0, 1, 3, 1, 3, 0, 3, 0, 0, 3, 0, 0, 1, 0, 0, 1, 1, 3, 3, 0, 1, 0, 0, 3, 3, 0, 3, 0, 0, 0, 0, 0, 0]"
789,E0,2016,West Brom,"[3, 0, 1, 0, 3, 1, 1, 1, 0, 0, 3, 3, 1, 3, 0, 3, 0, 0, 3, 3, 0, 3, 1, 3, 1, 3, 0, 0, 3, 1, 0, 0, 0, 0, 1, 0, 0, 0]"
790,E0,2016,West Ham,"[0, 3, 0, 0, 0, 0, 1, 3, 3, 0, 1, 0, 1, 0, 1, 3, 3, 3, 0, 0, 3, 3, 0, 3, 1, 1, 0, 0, 0, 0, 0, 3, 1, 1, 1, 3, 0, 3]"
791,E0,2017,Arsenal,"[3, 0, 0, 3, 1, 3, 3, 0, 3, 3, 0, 3, 3, 3, 0, 1, 1, 3, 1, 3, 1, 1, 0, 3, 0, 3, 0, 0, 0, 3, 3, 3, 0, 3, 0, 3, 0, 3]"
792,E0,2017,Bournemouth,"[0, 0, 0, 0, 3, 0, 1, 0, 3, 0, 3, 3, 1, 0, 1, 1, 0, 0, 0, 1, 3, 1, 3, 1, 3, 3, 0, 1, 1, 0, 3, 1, 1, 0, 0, 0, 3, 3]"
793,E0,2017,Brighton,"[0, 0, 1, 3, 0, 3, 0, 1, 3, 1, 3, 1, 0, 1, 0, 0, 0, 1, 3, 0, 1, 1, 0, 0, 1, 3, 1, 3, 3, 0, 0, 1, 0, 1, 1, 3, 0, 0]"
794,E0,2017,Burnley,"[3, 0, 1, 3, 1, 1, 3, 1, 0, 3, 3, 3, 0, 3, 0, 3, 3, 1, 0, 1, 1, 0, 0, 0, 1, 1, 0, 1, 3, 3, 3, 3, 3, 0, 1, 1, 0, 0]"
795,E0,2017,Chelsea,"[0, 3, 3, 3, 1, 3, 0, 0, 3, 3, 3, 3, 1, 3, 3, 0, 3, 3, 1, 3, 3, 1, 1, 3, 0, 0, 3, 0, 0, 3, 0, 1, 3, 3, 3, 3, 1, 0]"
796,E0,2017,Crystal Palace,"[0, 0, 0, 0, 0, 0, 0, 3, 0, 1, 0, 1, 3, 1, 1, 1, 3, 3, 1, 0, 1, 3, 3, 0, 1, 1, 0, 0, 0, 0, 3, 0, 1, 3, 1, 3, 3, 3]"
797,E0,2017,Everton,"[3, 1, 0, 0, 0, 3, 0, 1, 0, 0, 3, 1, 0, 3, 3, 1, 3, 3, 1, 1, 0, 0, 0, 1, 3, 0, 3, 0, 0, 3, 3, 0, 1, 1, 3, 3, 1, 0]"
798,E0,2017,Huddersfield,"[3, 3, 1, 0, 1, 1, 0, 0, 3, 0, 3, 0, 0, 0, 0, 3, 0, 3, 1, 1, 1, 0, 0, 0, 0, 0, 3, 3, 0, 1, 0, 0, 1, 3, 0, 1, 1, 0]"
799,E0,2017,Leicester,"[0, 3, 0, 0, 1, 0, 1, 1, 3, 3, 1, 0, 1, 3, 3, 3, 3, 0, 1, 0, 0, 3, 1, 3, 0, 1, 0, 1, 1, 3, 3, 0, 0, 1, 0, 0, 3, 0]"
800,E0,2017,Liverpool,"[1, 3, 3, 0, 1, 3, 1, 1, 0, 3, 3, 3, 1, 3, 3, 1, 1, 3, 1, 3, 3, 3, 3, 0, 3, 1, 3, 3, 3, 0, 3, 3, 1, 3, 1, 1, 0, 3]"
801,E0,2017,Man City,"[3, 1, 3, 3, 3, 3, 3, 3, 3, 3, 3, 3, 3, 3, 3, 3, 3, 3, 3, 3, 1, 3, 0, 3, 3, 1, 3, 3, 3, 3, 3, 0, 3, 3, 3, 1, 3, 3]"
802,E0,2017,Man United,"[3, 3, 3, 1, 3, 3, 3, 1, 0, 3, 0, 3, 3, 3, 3, 0, 3, 3, 1, 1, 1, 3, 3, 3, 0, 3, 0, 3, 3, 3, 3, 3, 0, 3, 3, 0, 1, 3]"
803,E0,2017,Newcastle,"[0, 0, 3, 3, 3, 0, 1, 1, 3, 0, 0, 0, 0, 1, 0, 0, 0, 0, 3, 0, 1, 3, 1, 0, 1, 1, 3, 1, 0, 3, 3, 3, 3, 0, 0, 0, 0, 3]"
804,E0,2017,Southampton,"[1, 3, 1, 0, 3, 0, 0, 1, 3, 1, 0, 0, 3, 0, 1, 1, 0, 0, 1, 0, 1, 0, 1, 1, 1, 3, 0, 1, 1, 0, 0, 0, 0, 1, 3, 1, 3, 0]"
805,E0,2017,Stoke,"[0, 3, 1, 1, 0, 0, 3, 0, 0, 3, 1, 1, 0, 0, 3, 0, 0, 0, 3, 1, 0, 0, 0, 3, 1, 0, 1, 1, 1, 0, 0, 0, 0, 1, 1, 1, 0, 3]"
806,E0,2017,Swansea,"[1, 0, 3, 0, 1, 0, 0, 3, 0, 0, 0, 0, 1, 0, 0, 3, 0, 0, 1, 0, 3, 0, 1, 3, 3, 1, 3, 0, 3, 1, 0, 1, 1, 0, 0, 0, 0, 0]"
807,E0,2017,Tottenham,"[3, 0, 1, 3, 1, 3, 3, 3, 3, 0, 3, 0, 1, 0, 1, 3, 3, 0, 3, 3, 3, 1, 3, 1, 3, 1, 3, 3, 3, 3, 3, 3, 0, 1, 3, 0, 3, 3]"
808,E0,2017,Watford,"[1, 3, 1, 3, 0, 3, 1, 3, 0, 0, 0, 3, 3, 0, 1, 0, 0, 0, 0, 3, 0, 0, 1, 0, 1, 3, 0, 3, 3, 0, 0, 1, 0, 0, 1, 0, 3, 0]"
809,E0,2017,West Brom,"[3, 3, 1, 0, 1, 0, 1, 1, 0, 0, 0, 0, 1, 1, 1, 0, 1, 0, 0, 1, 1, 0, 3, 1, 0, 0, 0, 0, 0, 0, 0, 0, 1, 3, 1, 3, 3, 0]"
810,E0,2017,West Ham,"[0, 0, 0, 3, 1, 0, 3, 1, 0, 1, 0, 0, 1, 0, 0, 3, 1, 3, 0, 1, 3, 1, 3, 1, 1, 0, 3, 0, 0, 0, 3, 1, 1, 0, 0, 3, 1, 3]"
811,E0,2018,Arsenal,"[0, 0, 3, 3, 3, 3, 3, 3, 3, 1, 1, 1, 3, 3, 1, 3, 0, 3, 1, 0, 3, 0, 3, 3, 0, 3, 3, 3, 1, 3, 3, 0, 3, 0, 0, 0, 1, 3]"
812,E0,2018,Bournemouth,"[3, 3, 1, 0, 3, 0, 3, 3, 1, 3, 0, 0, 0, 0, 3, 0, 0, 3, 0, 0, 1, 0, 3, 3, 0, 0, 1, 0, 0, 3, 1, 0, 0, 3, 0, 1, 3, 0]"
813,E0,2018,Brighton,"[0, 3, 0, 1, 1, 0, 0, 3, 3, 3, 0, 0, 1, 3, 3, 0, 0, 0, 1, 3, 1, 0, 0, 0, 1, 0, 0, 3, 3, 0, 0, 0, 0, 1, 0, 1, 1, 0]"
814,E0,2018,Burnley,"[1, 0, 0, 0, 0, 3, 3, 1, 0, 0, 0, 1, 0, 0, 0, 3, 0, 0, 0, 3, 3, 3, 1, 1, 1, 3, 3, 0, 0, 0, 0, 3, 3, 3, 1, 0, 0, 0]"
815,E0,2018,Cardiff,"[0, 1, 1, 0, 0, 0, 0, 0, 3, 0, 0, 3, 0, 3, 0, 3, 0, 0, 1, 3, 0, 1, 0, 0, 3, 3, 0, 0, 0, 3, 0, 0, 0, 3, 0, 0, 0, 3]"
816,E0,2018,Chelsea,"[3, 3, 3, 3, 3, 1, 1, 3, 1, 3, 3, 1, 0, 3, 0, 3, 3, 0, 3, 3, 1, 3, 0, 0, 3, 0, 3, 3, 1, 0, 3, 3, 3, 0, 1, 1, 3, 1]"
817,E0,2018,Crystal Palace,"[3, 0, 0, 0, 3, 1, 0, 0, 0, 1, 0, 0, 1, 3, 0, 0, 3, 3, 1, 0, 3, 0, 0, 1, 3, 1, 3, 0, 3, 0, 3, 0, 3, 0, 3, 1, 3, 3]"
818,E0,2018,Everton,"[1, 3, 1, 1, 0, 0, 3, 3, 3, 0, 3, 1, 3, 0, 1, 1, 0, 0, 3, 0, 0, 3, 0, 3, 0, 0, 0, 3, 1, 0, 3, 3, 3, 0, 3, 1, 3, 1]"
819,E0,2018,Fulham,"[0, 0, 3, 1, 0, 1, 0, 0, 0, 0, 0, 0, 3, 0, 1, 0, 0, 1, 1, 3, 0, 0, 0, 3, 0, 0, 0, 0, 0, 0, 0, 0, 0, 3, 3, 3, 0, 0]"
820,E0,2018,Huddersfield,"[0, 0, 1, 1, 0, 0, 0, 1, 0, 0, 3, 1, 3, 0, 0, 0, 0, 0, 0, 0, 0, 1, 0, 0, 0, 0, 0, 3, 0, 0, 0, 0, 0, 0, 0, 0, 1, 1]"
821,E0,2018,Leicester,"[0, 3, 3, 0, 0, 3, 3, 0, 0, 1, 3, 1, 1, 3, 1, 0, 0, 3, 3, 0, 3, 0, 0, 1, 0, 0, 0, 3, 0, 3, 3, 3, 3, 0, 1, 3, 0, 1]"
822,E0,2018,Liverpool,"[3, 3, 3, 3, 3, 3, 1, 1, 3, 3, 1, 3, 3, 3, 3, 3, 3, 3, 3, 3, 0, 3, 3, 1, 1, 3, 1, 3, 1, 3, 3, 3, 3, 3, 3, 3, 3, 3]"
823,E0,2018,Man City,"[3, 3, 1, 3, 3, 3, 3, 1, 3, 3, 3, 3, 3, 3, 3, 0, 3, 0, 0, 3, 3, 3, 3, 0, 3, 3, 3, 3, 3, 3, 3, 3, 3, 3, 3, 3, 3, 3]"
824,E0,2018,Man United,"[3, 0, 0, 3, 3, 1, 0, 3, 1, 3, 3, 0, 1, 1, 1, 3, 0, 3, 3, 3, 3, 3, 3, 1, 3, 3, 1, 3, 3, 0, 3, 0, 3, 0, 0, 1, 1, 0]"
825,E0,2018,Newcastle,"[0, 1, 0, 0, 0, 1, 0, 0, 0, 1, 3, 3, 3, 0, 1, 0, 3, 1, 0, 1, 0, 0, 3, 3, 0, 1, 3, 3, 0, 3, 1, 0, 0, 3, 3, 1, 0, 3]"
826,E0,2018,Southampton,"[1, 0, 0, 3, 1, 0, 0, 0, 1, 1, 0, 1, 0, 1, 0, 0, 3, 3, 0, 0, 1, 3, 3, 1, 1, 0, 0, 3, 0, 3, 3, 0, 3, 0, 1, 1, 0, 1]"
827,E0,2018,Tottenham,"[3, 3, 3, 0, 0, 3, 3, 3, 3, 0, 3, 3, 3, 0, 3, 3, 3, 3, 3, 0, 3, 0, 3, 3, 3, 3, 0, 0, 1, 0, 0, 3, 3, 0, 3, 0, 0, 1]"
828,E0,2018,Watford,"[3, 3, 3, 3, 0, 1, 0, 0, 3, 3, 0, 1, 0, 0, 0, 1, 3, 3, 0, 1, 1, 3, 1, 0, 1, 3, 3, 0, 3, 0, 0, 3, 0, 3, 1, 0, 0, 0]"
829,E0,2018,West Ham,"[0, 0, 0, 0, 3, 1, 3, 0, 0, 1, 3, 1, 0, 3, 3, 3, 3, 0, 3, 0, 1, 3, 0, 0, 1, 1, 3, 0, 3, 0, 3, 0, 0, 0, 1, 3, 3, 3]"
830,E0,2018,Wolves,"[1, 0, 1, 3, 3, 1, 3, 3, 0, 0, 0, 1, 0, 0, 3, 3, 3, 0, 1, 3, 0, 0, 3, 3, 3, 1, 1, 0, 3, 1, 0, 3, 0, 1, 3, 3, 3, 0]"
831,E0,2019,Arsenal,"[3, 3, 0, 1, 1, 3, 1, 3, 0, 1, 1, 0, 1, 1, 0, 3, 0, 1, 1, 0, 3, 1, 1, 1, 1, 3, 3, 3, 0, 0, 3]"
832,E0,2019,Aston Villa,"[0, 0, 3, 0, 1, 0, 1, 3, 3, 0, 0, 0, 3, 1, 0, 0, 0, 0, 3, 0, 3, 0, 1, 3, 0, 0, 0, 0, 1, 0, 1, 0]"
833,E0,2019,Bournemouth,"[1, 3, 0, 0, 3, 3, 1, 0, 1, 1, 3, 0, 0, 0, 0, 0, 3, 0, 1, 0, 0, 0, 0, 3, 3, 0, 0, 1, 0, 0, 0]"
834,E0,2019,Brighton,"[3, 1, 0, 0, 1, 1, 0, 3, 0, 3, 3, 0, 0, 0, 3, 1, 1, 0, 0, 3, 1, 0, 1, 0, 1, 1, 1, 0, 1, 3, 1, 0]"
835,E0,2019,Burnley,"[3, 0, 1, 0, 1, 3, 1, 3, 0, 0, 0, 3, 3, 0, 0, 0, 3, 3, 0, 0, 0, 0, 3, 3, 1, 3, 3, 1, 1, 0, 3, 3]"
836,E0,2019,Chelsea,"[0, 1, 3, 1, 3, 0, 3, 3, 3, 3, 3, 3, 0, 0, 3, 0, 0, 3, 0, 3, 1, 3, 0, 1, 1, 0, 3, 1, 3, 3, 3]"
837,E0,2019,Crystal Palace,"[1, 0, 3, 3, 0, 1, 3, 3, 0, 1, 0, 0, 0, 3, 3, 1, 1, 0, 3, 1, 1, 1, 1, 0, 0, 0, 3, 3, 3, 3, 0, 0]"
838,E0,2019,Everton,"[1, 3, 0, 3, 0, 0, 0, 0, 3, 0, 1, 3, 0, 0, 0, 3, 1, 1, 3, 3, 0, 3, 1, 1, 3, 3, 0, 1, 0, 1, 3]"
839,E0,2019,Leicester,"[1, 1, 3, 3, 0, 3, 3, 0, 3, 3, 3, 3, 3, 3, 3, 3, 1, 0, 0, 3, 3, 0, 0, 3, 1, 1, 0, 0, 3, 1, 1]"
840,E0,2019,Liverpool,"[3, 3, 3, 3, 3, 3, 3, 3, 1, 3, 3, 3, 3, 3, 3, 3, 3, 3, 3, 3, 3, 3, 3, 3, 3, 3, 3, 0, 3, 1, 3]"
841,E0,2019,Man City,"[3, 1, 3, 3, 0, 3, 3, 0, 3, 3, 3, 0, 3, 1, 3, 0, 3, 3, 0, 3, 3, 3, 1, 3, 0, 3, 3, 0, 3, 3, 0]"
842,E0,2019,Man United,"[3, 1, 0, 1, 3, 0, 1, 0, 1, 3, 0, 3, 1, 1, 3, 3, 1, 0, 3, 3, 0, 3, 0, 0, 1, 3, 3, 1, 3, 1, 3, 3]"
843,E0,2019,Newcastle,"[0, 0, 3, 1, 0, 1, 0, 3, 0, 1, 3, 3, 0, 1, 3, 3, 0, 3, 0, 0, 0, 1, 3, 1, 1, 0, 0, 1, 3, 3, 1]"
844,E0,2019,Norwich,"[0, 3, 0, 0, 3, 0, 0, 0, 1, 0, 0, 0, 3, 1, 0, 0, 1, 0, 0, 1, 1, 0, 3, 0, 1, 0, 0, 3, 0, 0, 0]"
845,E0,2019,Sheffield United,"[1, 3, 0, 1, 0, 3, 0, 1, 3, 1, 3, 1, 1, 1, 0, 3, 3, 3, 1, 0, 0, 3, 1, 0, 3, 3, 1, 3, 1, 0, 0]"
846,E0,2019,Southampton,"[0, 0, 3, 1, 3, 0, 0, 0, 1, 0, 0, 0, 1, 3, 3, 0, 0, 3, 3, 1, 3, 3, 0, 3, 0, 0, 3, 0, 0, 3, 0, 3]"
847,E0,2019,Tottenham,"[3, 1, 0, 1, 3, 0, 3, 0, 1, 0, 1, 1, 3, 3, 0, 3, 3, 0, 3, 1, 0, 0, 1, 3, 3, 3, 0, 0, 1, 1, 3]"
848,E0,2019,Watford,"[0, 0, 0, 1, 1, 0, 0, 1, 1, 1, 0, 3, 0, 0, 0, 1, 0, 3, 1, 3, 3, 3, 1, 0, 0, 1, 0, 3, 0, 1, 0, 0]"
849,E0,2019,West Ham,"[0, 1, 3, 3, 1, 3, 1, 0, 0, 1, 0, 0, 0, 3, 0, 0, 3, 0, 0, 3, 0, 1, 0, 0, 1, 0, 0, 3, 0, 0, 0]"
850,E0,2019,Wolves,"[1, 1, 1, 0, 0, 1, 3, 3, 1, 1, 1, 3, 3, 1, 3, 1, 0, 3, 3, 0, 0, 1, 3, 0, 1, 1, 3, 3, 1, 3, 3, 3]"
851,E0,2020,Arsenal,"[3, 3, 1, 0, 3, 0, 3, 3, 3, 0, 3, 0, 0, 3, 0, 1, 0, 0, 0, 1, 0, 3, 3, 3, 1, 3, 3, 1, 0, 0, 3, 0, 3, 1, 3, 1, 0, 3, 1, 0, 3, 3, 3, 3, 3]"
852,E0,2020,Aston Villa,"[0, 0, 3, 1, 3, 1, 3, 3, 3, 3, 0, 0, 3, 0, 0, 3, 1, 3, 3, 1, 0, 0, 3, 0, 3, 0, 3, 1, 0, 3, 0, 1, 1, 0, 3, 0, 0, 1, 3, 0, 1, 0, 3, 3]"
853,E0,2020,Bournemouth,"[0, 0, 1, 3, 0, 0, 3]"
854,E0,2020,Brighton,"[3, 0, 0, 1, 1, 3, 0, 3, 0, 0, 1, 1, 0, 1, 3, 1, 0, 0, 1, 1, 1, 0, 1, 0, 3, 1, 3, 3, 1, 1, 0, 0, 0, 3, 3, 0, 1, 1, 0, 3, 0, 1, 3, 0]"
855,E0,2020,Burnley,"[1, 3, 1, 1, 3, 0, 0, 0, 0, 1, 0, 0, 1, 3, 0, 1, 3, 1, 3, 0, 3, 0, 0, 3, 3, 0, 0, 1, 3, 1, 1, 0, 1, 1, 3, 0, 0, 0, 3, 0, 3, 0, 0, 0]"
856,E0,2020,Chelsea,"[0, 3, 3, 0, 3, 0, 3, 3, 0, 1, 3, 1, 1, 3, 3, 3, 1, 3, 0, 0, 3, 0, 1, 0, 3, 0, 1, 3, 3, 3, 3, 1, 1, 3, 3, 1, 0, 3, 1, 3, 3, 3, 0, 3, 0]"
857,E0,2020,Crystal Palace,"[0, 0, 0, 0, 0, 1, 3, 3, 0, 0, 1, 3, 0, 3, 0, 0, 3, 1, 1, 0, 0, 1, 3, 1, 0, 0, 3, 3, 0, 0, 3, 1, 1, 0, 3, 1, 0, 0, 0, 3, 0, 3, 0, 0]"
858,E0,2020,Everton,"[3, 0, 1, 0, 1, 3, 0, 3, 3, 3, 3, 1, 0, 0, 0, 3, 0, 1, 3, 3, 3, 3, 0, 3, 1, 0, 3, 1, 0, 0, 3, 3, 3, 0, 0, 1, 1, 1, 3, 0, 3, 1, 0, 3, 0]"
859,E0,2020,Fulham,"[0, 0, 0, 0, 1, 0, 3, 0, 0, 3, 0, 1, 1, 1, 1, 1, 0, 0, 1, 1, 0, 1, 3, 1, 3, 1, 0, 3, 0, 0, 0, 0, 1, 0, 0, 0, 1, 0]"
860,E0,2020,Leeds,"[0, 3, 3, 1, 0, 3, 0, 0, 1, 3, 0, 0, 3, 0, 3, 3, 0, 0, 3, 3, 0, 3, 0, 0, 3, 0, 0, 1, 3, 3, 3, 1, 1, 0, 3, 3, 3, 3]"
861,E0,2020,Leicester,"[0, 3, 1, 0, 3, 0, 0, 3, 3, 3, 0, 0, 3, 3, 3, 0, 0, 3, 3, 0, 3, 1, 1, 3, 3, 3, 1, 0, 3, 1, 3, 3, 0, 1, 3, 3, 0, 0, 3, 3, 1, 0, 3, 0, 0]"
862,E0,2020,Liverpool,"[0, 3, 3, 1, 0, 3, 3, 3, 3, 3, 0, 1, 3, 3, 1, 3, 1, 3, 1, 3, 3, 1, 1, 0, 1, 0, 3, 3, 0, 0, 0, 0, 3, 0, 0, 3, 3, 3, 1, 1, 3, 3, 3, 3, 3]"
863,E0,2020,Man City,"[3, 0, 3, 3, 3, 3, 3, 3, 0, 1, 3, 1, 3, 1, 0, 3, 3, 1, 1, 3, 3, 3, 3, 3, 3, 3, 3, 3, 3, 3, 3, 3, 3, 3, 0, 3, 3, 3, 0, 3, 3, 0, 3, 0, 3]"
864,E0,2020,Man United,"[3, 3, 1, 3, 1, 3, 0, 3, 0, 3, 1, 0, 3, 3, 3, 3, 1, 3, 3, 1, 3, 3, 3, 1, 3, 0, 1, 3, 1, 1, 3, 1, 1, 3, 3, 3, 3, 3, 1, 3, 0, 0, 1, 3]"
865,E0,2020,Newcastle,"[3, 1, 0, 0, 0, 1, 0, 3, 0, 1, 3, 0, 1, 3, 0, 0, 3, 3, 0, 1, 0, 1, 0, 0, 0, 0, 0, 3, 0, 3, 0, 0, 1, 1, 1, 0, 1, 3, 3, 1, 0, 3, 0, 3, 3]"
866,E0,2020,Norwich,"[0, 0, 0, 0, 0, 0, 0]"
867,E0,2020,Sheffield United,"[3, 1, 3, 3, 0, 0, 0, 0, 0, 0, 0, 1, 0, 0, 0, 0, 0, 0, 0, 0, 1, 0, 0, 0, 3, 0, 3, 0, 3, 0, 0, 0, 0, 3, 0, 0, 0, 0, 0, 3, 0, 0, 3, 0, 3]"
868,E0,2020,Southampton,"[3, 1, 1, 1, 3, 3, 0, 0, 3, 3, 1, 3, 3, 3, 1, 0, 3, 3, 1, 0, 1, 1, 3, 0, 0, 0, 0, 0, 0, 1, 0, 0, 3, 0, 0, 3, 0, 0, 1, 0, 3, 3, 0, 0]"
869,E0,2020,Tottenham,"[0, 3, 1, 3, 3, 3, 1, 0, 3, 1, 3, 1, 3, 3, 3, 3, 1, 3, 1, 0, 0, 1, 3, 1, 3, 0, 0, 0, 3, 0, 0, 3, 3, 3, 0, 3, 1, 0, 1, 3, 3, 0, 3, 0, 3]"
870,E0,2020,Watford,"[0, 3, 3, 0, 0, 0]"
871,E0,2020,West Brom,"[0, 0, 1, 0, 1, 1, 0, 0, 0, 3, 0, 0, 1, 0, 1, 0, 0, 3, 0, 0, 1, 0, 0, 1, 1, 3, 0, 1, 0, 3, 3, 0, 1, 1, 0, 0, 0, 0]"
872,E0,2020,West Ham,"[3, 1, 0, 3, 3, 1, 1, 0, 0, 3, 3, 1, 1, 0, 3, 3, 3, 0, 3, 1, 0, 1, 1, 3, 3, 3, 3, 0, 3, 1, 3, 3, 0, 3, 0, 1, 3, 3, 0, 0, 3, 0, 1, 3, 3]"
873,E0,2020,Wolves,"[0, 0, 3, 1, 3, 0, 3, 0, 0, 3, 3, 1, 3, 0, 1, 3, 0, 0, 3, 0, 1, 0, 1, 0, 0, 1, 0, 3, 1, 3, 3, 1, 0, 1, 0, 0, 3, 3, 0, 1, 3, 0, 0, 0]"
874,E0,2021,Arsenal,"[0, 0, 0, 3, 3, 3, 1, 1, 3, 3, 3, 0, 3, 0, 0, 3, 3, 3, 3, 0, 1, 3, 3, 3, 3, 3, 0, 3, 0, 0, 0, 3, 3, 3, 3, 0, 0, 3]"
875,E0,2021,Aston Villa,"[0, 3, 1, 0, 3, 3, 0, 0, 0, 0, 0, 3, 3, 0, 3, 0, 3, 0, 0, 1, 3, 1, 0, 0, 3, 3, 3, 0, 0, 0, 0, 1, 3, 3, 0, 1, 1, 0]"
876,E0,2021,Brentford,"[3, 1, 1, 0, 3, 1, 3, 0, 0, 0, 0, 1, 3, 0, 1, 3, 0, 0, 3, 0, 0, 0, 0, 0, 1, 0, 0, 3, 3, 0, 3, 3, 3, 1, 0, 3, 3, 0]"
877,E0,2021,Brighton,"[3, 3, 0, 3, 3, 1, 1, 1, 0, 1, 1, 0, 1, 1, 1, 0, 3, 1, 3, 1, 1, 1, 3, 0, 0, 0, 0, 0, 0, 1, 3, 3, 0, 1, 3, 3, 1, 3]"
878,E0,2021,Burnley,"[0, 0, 1, 0, 0, 1, 1, 0, 1, 3, 1, 1, 1, 0, 1, 0, 0, 1, 1, 1, 0, 3, 3, 1, 0, 0, 0, 0, 3, 0, 1, 3, 3, 3, 0, 0, 1, 0]"
879,E0,2021,Chelsea,"[3, 3, 1, 3, 3, 0, 3, 3, 3, 3, 1, 3, 1, 3, 0, 3, 1, 1, 3, 1, 1, 0, 1, 3, 3, 3, 3, 3, 0, 3, 0, 3, 1, 0, 1, 3, 1, 3]"
880,E0,2021,Crystal Palace,"[0, 1, 1, 3, 0, 1, 1, 1, 1, 3, 3, 1, 0, 0, 0, 3, 1, 0, 3, 0, 1, 0, 1, 1, 0, 3, 1, 3, 1, 3, 0, 0, 1, 3, 3, 1, 0, 3]"
881,E0,2021,Everton,"[3, 1, 3, 3, 0, 3, 1, 0, 0, 0, 1, 0, 0, 0, 3, 0, 1, 0, 0, 0, 0, 3, 0, 0, 0, 0, 3, 0, 0, 3, 1, 0, 3, 3, 1, 0, 3, 0]"
882,E0,2021,Leeds,"[0, 1, 1, 0, 1, 0, 3, 0, 1, 3, 1, 0, 1, 3, 1, 0, 0, 0, 3, 3, 0, 1, 0, 0, 0, 0, 0, 0, 3, 3, 1, 3, 1, 0, 0, 0, 1, 3]"
883,E0,2021,Leicester,"[3, 0, 3, 0, 0, 1, 1, 3, 3, 0, 1, 0, 3, 1, 0, 3, 0, 3, 0, 1, 0, 1, 0, 3, 3, 0, 3, 1, 3, 0, 1, 1, 0, 0, 3, 3, 1, 3]"
884,E0,2021,Liverpool,"[3, 3, 1, 3, 3, 1, 1, 3, 3, 1, 0, 3, 3, 3, 3, 3, 3, 1, 0, 1, 3, 3, 3, 3, 3, 3, 3, 3, 3, 3, 1, 3, 3, 3, 1, 3, 3, 3]"
885,E0,2021,Man City,"[0, 3, 3, 3, 1, 3, 1, 3, 3, 0, 3, 3, 3, 3, 3, 3, 3, 3, 3, 3, 3, 3, 1, 3, 3, 0, 3, 3, 1, 3, 1, 3, 3, 3, 3, 3, 1, 3]"
886,E0,2021,Man United,"[3, 1, 3, 3, 3, 0, 1, 0, 0, 3, 0, 0, 1, 3, 3, 3, 1, 3, 0, 1, 3, 3, 1, 1, 3, 3, 1, 0, 3, 1, 0, 3, 0, 0, 1, 3, 0, 0]"
887,E0,2021,Newcastle,"[0, 0, 1, 0, 1, 1, 0, 0, 1, 0, 1, 1, 0, 1, 3, 0, 0, 0, 1, 1, 3, 3, 3, 1, 3, 3, 3, 0, 0, 0, 3, 3, 3, 3, 0, 0, 3, 3]"
888,E0,2021,Norwich,"[0, 0, 0, 0, 0, 0, 1, 1, 0, 0, 3, 3, 1, 1, 0, 0, 0, 0, 0, 0, 3, 3, 1, 0, 0, 0, 0, 0, 0, 1, 3, 0, 0, 0, 0, 0, 1, 0]"
889,E0,2021,Southampton,"[0, 1, 1, 1, 1, 0, 0, 3, 1, 3, 3, 0, 0, 1, 1, 0, 1, 3, 1, 3, 0, 1, 3, 1, 3, 3, 0, 0, 0, 1, 0, 3, 0, 1, 0, 0, 0, 0]"
890,E0,2021,Tottenham,"[3, 3, 3, 0, 0, 0, 3, 3, 0, 0, 1, 3, 3, 3, 1, 3, 1, 3, 3, 0, 0, 0, 3, 0, 3, 3, 0, 3, 3, 3, 3, 0, 1, 3, 1, 3, 3, 3]"
891,E0,2021,Watford,"[3, 0, 0, 0, 3, 1, 0, 0, 3, 0, 0, 3, 0, 0, 0, 0, 0, 0, 1, 0, 1, 0, 0, 3, 0, 1, 0, 0, 3, 0, 0, 0, 0, 0, 0, 1, 0, 0]"
892,E0,2021,West Ham,"[3, 3, 1, 1, 0, 3, 0, 3, 3, 3, 3, 0, 0, 1, 3, 1, 0, 0, 3, 3, 3, 0, 0, 3, 1, 1, 3, 0, 3, 0, 3, 0, 1, 0, 0, 3, 1, 0]"
893,E0,2021,Wolves,"[0, 0, 0, 3, 0, 3, 3, 3, 1, 3, 0, 3, 1, 1, 0, 0, 3, 1, 3, 3, 3, 0, 3, 3, 0, 0, 0, 3, 3, 0, 3, 0, 0, 0, 1, 0, 1, 0]"
894,E0,2022,Arsenal,"[3, 3, 3, 3, 3, 0, 3, 3, 3, 3, 1, 3, 3, 3, 3, 3, 1, 3, 3, 0, 1, 0, 3, 3, 3, 3, 3, 3, 3, 1, 1, 1, 0, 3, 3, 0, 0, 3]"
895,E0,2022,Aston Villa,"[0, 3, 0, 0, 0, 1, 3, 1, 1, 0, 0, 3, 0, 3, 3, 0, 3, 1, 3, 3, 0, 0, 0, 3, 3, 1, 3, 3, 3, 3, 3, 1, 3, 0, 0, 3, 1, 3]"
896,E0,2022,Bournemouth,"[3, 0, 0, 0, 1, 3, 1, 1, 3, 1, 0, 0, 0, 0, 3, 0, 0, 0, 0, 1, 0, 1, 3, 0, 0, 3, 0, 3, 0, 3, 3, 0, 3, 3, 0, 0, 0, 0]"
897,E0,2022,Brentford,"[1, 3, 0, 1, 1, 3, 0, 1, 0, 3, 1, 0, 1, 1, 3, 1, 3, 3, 3, 1, 3, 1, 1, 3, 0, 3, 1, 1, 0, 0, 0, 1, 3, 3, 0, 3, 3, 3]"
898,E0,2022,Brighton,"[3, 1, 3, 3, 0, 3, 1, 0, 0, 1, 0, 3, 3, 0, 3, 0, 3, 3, 1, 3, 1, 0, 3, 1, 3, 1, 3, 0, 3, 0, 3, 3, 0, 3, 0, 3, 1, 0]"
899,E0,2022,Chelsea,"[3, 1, 0, 3, 0, 3, 3, 3, 3, 1, 1, 0, 0, 0, 3, 1, 0, 0, 3, 1, 1, 1, 0, 0, 3, 3, 1, 0, 1, 0, 0, 0, 0, 3, 1, 0, 0, 1]"
900,E0,2022,Crystal Palace,"[0, 1, 3, 0, 1, 1, 0, 3, 1, 3, 0, 3, 3, 0, 0, 3, 0, 0, 1, 1, 0, 1, 1, 1, 0, 0, 0, 0, 3, 3, 3, 1, 0, 3, 0, 3, 1, 1]"
901,E0,2022,Everton,"[0, 0, 1, 1, 1, 1, 3, 3, 0, 0, 0, 3, 1, 0, 0, 0, 1, 0, 0, 0, 3, 0, 3, 0, 0, 1, 3, 1, 1, 0, 0, 1, 0, 1, 3, 0, 1, 3]"
902,E0,2022,Fulham,"[1, 1, 3, 0, 3, 0, 3, 0, 0, 1, 3, 3, 1, 0, 0, 3, 3, 3, 3, 0, 0, 1, 3, 3, 1, 0, 0, 0, 0, 3, 3, 0, 0, 0, 3, 3, 1, 0]"
903,E0,2022,Leeds,"[3, 1, 3, 0, 1, 0, 1, 0, 0, 0, 0, 3, 3, 0, 0, 1, 1, 0, 1, 0, 1, 0, 0, 3, 0, 1, 3, 0, 3, 0, 0, 0, 1, 0, 0, 1, 0, 0]"
904,E0,2022,Leicester,"[1, 0, 0, 0, 0, 0, 0, 3, 0, 1, 3, 3, 0, 3, 3, 0, 0, 0, 0, 1, 3, 3, 0, 0, 0, 0, 1, 0, 0, 0, 0, 3, 1, 1, 0, 0, 1, 3]"
905,E0,2022,Liverpool,"[1, 1, 0, 3, 3, 1, 1, 0, 3, 3, 0, 0, 3, 3, 3, 3, 0, 0, 1, 0, 3, 3, 1, 3, 3, 0, 0, 1, 1, 3, 3, 3, 3, 3, 3, 3, 1, 1]"
906,E0,2022,Man City,"[3, 3, 1, 3, 3, 1, 3, 3, 3, 0, 3, 3, 3, 0, 3, 1, 3, 0, 3, 3, 0, 3, 3, 1, 3, 3, 3, 3, 3, 3, 3, 3, 3, 3, 3, 3, 1, 0]"
907,E0,2022,Man United,"[0, 0, 3, 3, 3, 3, 0, 3, 1, 3, 1, 3, 0, 3, 3, 3, 3, 3, 1, 0, 3, 1, 3, 3, 0, 1, 0, 3, 3, 3, 1, 3, 0, 0, 3, 3, 3, 3]"
908,E0,2022,Newcastle,"[3, 1, 1, 1, 0, 1, 1, 3, 3, 1, 3, 3, 3, 3, 3, 3, 1, 1, 3, 1, 1, 1, 0, 0, 3, 3, 3, 3, 3, 0, 3, 3, 3, 0, 1, 3, 1, 1]"
909,E0,2022,Nottm Forest,"[0, 3, 1, 0, 0, 0, 0, 0, 1, 0, 1, 3, 0, 1, 3, 0, 1, 3, 3, 1, 3, 0, 1, 0, 1, 0, 0, 1, 0, 0, 0, 0, 3, 0, 3, 1, 3, 1]"
910,E0,2022,Southampton,"[0, 1, 3, 0, 3, 0, 0, 0, 0, 1, 3, 1, 0, 0, 0, 0, 0, 0, 3, 0, 0, 0, 3, 0, 3, 1, 0, 1, 0, 0, 0, 1, 0, 0, 0, 0, 0, 1]"
911,E0,2022,Tottenham,"[3, 1, 3, 3, 1, 3, 3, 0, 3, 3, 0, 0, 3, 0, 3, 1, 0, 3, 0, 0, 3, 3, 0, 3, 3, 0, 3, 1, 1, 3, 0, 0, 1, 0, 3, 0, 0, 3]"
912,E0,2022,West Ham,"[0, 0, 0, 3, 1, 0, 0, 3, 3, 1, 0, 3, 0, 0, 0, 0, 0, 1, 0, 3, 1, 1, 0, 3, 0, 1, 3, 0, 3, 1, 3, 0, 0, 0, 3, 0, 3, 0]"
913,E0,2022,Wolves,"[0, 1, 0, 1, 1, 3, 0, 0, 0, 3, 0, 0, 1, 0, 0, 3, 0, 1, 3, 0, 3, 3, 0, 1, 0, 3, 0, 0, 1, 3, 3, 0, 3, 0, 3, 0, 1, 0]"
914,E0,2023,Arsenal,"[3, 3, 1, 3, 3, 1, 3, 3, 1, 3, 0, 3, 3, 3, 3, 0, 3, 1, 0, 0, 3, 3, 3, 3, 3, 3, 3, 3, 1, 3, 3, 0, 3, 3, 3, 3, 3, 3]"
915,E0,2023,Aston Villa,"[0, 3, 3, 0, 3, 3, 3, 1, 3, 3, 0, 3, 3, 1, 3, 3, 3, 1, 0, 3, 1, 0, 3, 0, 3, 3, 3, 0, 1, 3, 0, 1, 3, 3, 1, 0, 1, 0]"
916,E0,2023,Bournemouth,"[1, 0, 0, 1, 1, 0, 0, 0, 0, 3, 0, 3, 3, 1, 3, 3, 3, 3, 0, 0, 1, 1, 0, 1, 0, 3, 1, 3, 3, 3, 0, 1, 0, 3, 3, 0, 0, 0]"
917,E0,2023,Brentford,"[1, 3, 1, 1, 0, 0, 1, 0, 3, 3, 3, 0, 0, 3, 0, 0, 0, 0, 0, 3, 0, 0, 3, 0, 0, 0, 1, 0, 0, 1, 1, 1, 3, 3, 0, 1, 3, 0]"
918,E0,2023,Brighton,"[3, 3, 0, 3, 3, 3, 0, 1, 0, 1, 1, 1, 3, 0, 3, 1, 0, 1, 3, 1, 1, 0, 3, 0, 3, 1, 0, 3, 0, 1, 0, 1, 0, 0, 3, 1, 0, 0]"
919,E0,2023,Burnley,"[0, 0, 0, 1, 0, 0, 3, 0, 0, 0, 0, 0, 0, 3, 0, 1, 0, 3, 0, 0, 1, 0, 1, 0, 0, 0, 0, 1, 3, 1, 1, 0, 1, 3, 1, 0, 0, 0]"
920,E0,2023,Chelsea,"[1, 0, 3, 0, 1, 0, 3, 3, 1, 0, 3, 1, 0, 3, 0, 0, 3, 0, 3, 3, 3, 0, 0, 3, 1, 1, 3, 1, 3, 1, 3, 0, 1, 3, 3, 3, 3, 3]"
921,E0,2023,Crystal Palace,"[3, 0, 1, 3, 0, 1, 3, 1, 0, 0, 3, 0, 0, 1, 0, 0, 1, 1, 0, 3, 0, 3, 0, 0, 1, 3, 0, 1, 1, 0, 0, 3, 3, 3, 1, 3, 3, 3]"
922,E0,2023,Everton,"[0, 0, 0, 1, 0, 3, 0, 3, 0, 3, 1, 3, 0, 3, 3, 3, 3, 0, 0, 0, 1, 1, 1, 0, 1, 1, 0, 0, 0, 1, 3, 0, 3, 3, 3, 1, 3, 0]"
923,E0,2023,Fulham,"[3, 0, 1, 0, 3, 1, 0, 3, 0, 1, 0, 0, 3, 0, 3, 3, 0, 0, 0, 3, 0, 1, 1, 3, 0, 3, 3, 0, 3, 1, 0, 0, 3, 0, 1, 1, 0, 3]"
924,E0,2023,Liverpool,"[1, 3, 3, 3, 3, 3, 0, 1, 3, 3, 1, 3, 1, 3, 3, 3, 1, 1, 3, 3, 3, 3, 0, 3, 3, 3, 3, 1, 3, 3, 1, 0, 3, 0, 1, 3, 1, 3]"
925,E0,2023,Luton,"[0, 0, 0, 0, 1, 3, 0, 0, 1, 0, 1, 0, 3, 0, 0, 0, 3, 3, 0, 1, 3, 1, 0, 0, 0, 0, 1, 0, 1, 0, 0, 3, 0, 0, 0, 1, 0, 0]"
926,E0,2023,Man City,"[3, 3, 3, 3, 3, 3, 0, 0, 3, 3, 3, 1, 1, 1, 0, 3, 1, 3, 3, 3, 3, 3, 3, 1, 3, 3, 3, 1, 1, 3, 3, 3, 3, 3, 3, 3, 3, 3]"
927,E0,2023,Man United,"[3, 0, 3, 0, 0, 3, 0, 3, 3, 0, 3, 3, 3, 0, 3, 0, 1, 0, 3, 0, 1, 3, 3, 3, 3, 0, 0, 3, 1, 0, 1, 1, 3, 1, 0, 0, 3, 3]"
928,E0,2023,Newcastle,"[3, 0, 0, 0, 3, 3, 3, 1, 3, 1, 3, 0, 3, 3, 0, 0, 3, 0, 0, 0, 0, 3, 1, 3, 1, 0, 3, 0, 3, 1, 3, 3, 0, 3, 3, 1, 0, 3]"
929,E0,2023,Nottm Forest,"[0, 3, 0, 3, 1, 0, 1, 1, 1, 0, 3, 0, 0, 0, 0, 1, 0, 0, 3, 3, 0, 0, 1, 0, 3, 0, 0, 0, 1, 1, 3, 0, 1, 0, 0, 3, 0, 3]"
930,E0,2023,Sheffield United,"[0, 0, 0, 1, 0, 0, 0, 0, 0, 0, 3, 1, 0, 0, 0, 3, 0, 1, 0, 0, 1, 0, 0, 3, 0, 0, 0, 1, 1, 0, 1, 0, 0, 0, 0, 0, 0, 0]"
931,E0,2023,Tottenham,"[1, 3, 3, 3, 3, 1, 3, 3, 3, 3, 0, 0, 0, 1, 0, 3, 3, 3, 0, 3, 1, 3, 1, 3, 0, 3, 3, 0, 3, 1, 3, 0, 0, 0, 0, 3, 0, 3]"
932,E0,2023,West Ham,"[1, 3, 3, 3, 0, 0, 3, 1, 0, 0, 0, 3, 3, 1, 3, 0, 3, 3, 3, 1, 1, 1, 0, 0, 0, 3, 3, 1, 1, 0, 1, 3, 0, 0, 1, 0, 3, 0]"
933,E0,2023,Wolves,"[0, 0, 3, 0, 0, 1, 3, 1, 3, 1, 0, 3, 0, 0, 3, 1, 0, 3, 3, 3, 1, 0, 3, 0, 3, 3, 0, 3, 0, 1, 0, 1, 0, 0, 3, 0, 0, 0]"
934,E0,2024,Arsenal,"[3, 3, 1, 3, 1, 3, 3, 0, 1, 0, 1, 3, 3, 3, 1, 1, 3, 3, 3, 1, 3, 1, 3, 3, 3, 0, 1, 1, 3, 3, 1, 1, 3, 1, 0, 1, 3, 3]"
935,E0,2024,Aston Villa,"[3, 0, 3, 3, 3, 1, 1, 3, 1, 0, 0, 1, 0, 3, 3, 0, 3, 0, 1, 3, 3, 1, 1, 0, 1, 1, 3, 0, 3, 3, 3, 3, 3, 0, 3, 3, 3, 0]"
936,E0,2024,Bournemouth,"[1, 1, 3, 0, 0, 3, 0, 3, 1, 3, 0, 0, 3, 3, 3, 1, 3, 1, 1, 3, 1, 3, 3, 0, 3, 0, 0, 1, 0, 0, 1, 3, 1, 1, 3, 0, 0, 3]"
937,E0,2024,Brentford,"[3, 0, 3, 0, 0, 1, 3, 0, 3, 0, 3, 1, 3, 0, 3, 0, 0, 1, 0, 3, 1, 0, 3, 0, 3, 3, 1, 0, 3, 0, 1, 1, 3, 3, 3, 3, 0, 1]"
938,E0,2024,Brighton,"[3, 3, 1, 1, 1, 0, 3, 3, 1, 0, 3, 3, 1, 0, 1, 0, 1, 1, 1, 1, 3, 3, 0, 0, 3, 3, 3, 3, 1, 0, 0, 1, 0, 3, 1, 3, 3, 3]"
939,E0,2024,Chelsea,"[0, 3, 1, 3, 3, 3, 1, 0, 3, 1, 1, 3, 3, 3, 3, 3, 1, 0, 0, 1, 1, 3, 0, 3, 0, 0, 3, 3, 0, 3, 1, 1, 3, 3, 3, 0, 3, 3]"
940,E0,2024,Crystal Palace,"[0, 0, 1, 1, 1, 0, 0, 0, 3, 1, 0, 1, 1, 3, 1, 3, 0, 1, 3, 1, 3, 3, 0, 3, 0, 3, 3, 3, 1, 3, 0, 0, 1, 1, 1, 3, 3, 1]"
941,E0,2024,Everton,"[0, 0, 0, 0, 1, 3, 1, 3, 1, 0, 1, 1, 0, 3, 1, 1, 1, 0, 0, 0, 3, 3, 3, 1, 3, 1, 1, 1, 1, 0, 1, 3, 0, 0, 1, 3, 3, 3]"
942,E0,2024,Fulham,"[0, 3, 1, 1, 3, 3, 0, 0, 1, 3, 3, 0, 1, 3, 1, 1, 1, 3, 1, 1, 0, 3, 0, 3, 3, 0, 3, 0, 3, 0, 3, 0, 0, 3, 0, 0, 3, 0]"
943,E0,2024,Ipswich,"[0, 0, 1, 1, 1, 1, 0, 0, 0, 1, 3, 1, 0, 0, 0, 3, 0, 0, 3, 1, 0, 0, 0, 0, 1, 0, 0, 0, 0, 3, 0, 1, 0, 0, 1, 0, 0, 0]"
944,E0,2024,Leicester,"[1, 0, 0, 1, 1, 0, 3, 3, 0, 1, 0, 0, 0, 3, 1, 0, 0, 0, 0, 0, 0, 0, 3, 0, 0, 0, 0, 0, 0, 0, 0, 1, 0, 0, 3, 1, 3, 0]"
945,E0,2024,Liverpool,"[3, 3, 3, 0, 3, 3, 3, 3, 1, 3, 3, 3, 3, 1, 1, 3, 3, 3, 1, 1, 3, 3, 3, 1, 3, 1, 3, 3, 3, 3, 0, 3, 3, 3, 0, 1, 0, 1]"
946,E0,2024,Man City,"[3, 3, 3, 3, 1, 1, 3, 3, 3, 0, 0, 0, 0, 3, 1, 0, 0, 1, 3, 3, 1, 3, 3, 0, 3, 0, 3, 0, 1, 3, 1, 3, 3, 3, 3, 1, 3, 3]"
947,E0,2024,Man United,"[3, 0, 0, 3, 1, 0, 1, 3, 0, 1, 3, 1, 3, 0, 0, 3, 0, 0, 0, 1, 3, 0, 3, 0, 0, 1, 3, 1, 3, 0, 1, 0, 0, 1, 0, 0, 0, 3]"
948,E0,2024,Newcastle,"[3, 1, 3, 3, 0, 1, 1, 0, 0, 3, 3, 0, 1, 1, 0, 3, 3, 3, 3, 3, 3, 0, 3, 0, 0, 3, 0, 3, 3, 3, 3, 3, 0, 3, 1, 3, 0, 0]"
949,E0,2024,Nott'm Forest,"[3, 3, 3, 1, 3, 0, 3, 0, 0, 1, 3, 3, 3, 0, 0, 3, 0, 1, 1, 3, 0]"
950,E0,2024,Nottm Forest,"[1, 3, 1, 3, 1, 0, 1, 3, 3, 3, 0, 0, 3, 0, 3, 3, 3]"
951,E0,2024,Southampton,"[0, 0, 0, 0, 1, 0, 0, 0, 0, 3, 0, 0, 1, 0, 0, 0, 1, 0, 0, 0, 0, 0, 0, 3, 0, 0, 0, 0, 0, 1, 0, 0, 1, 0, 0, 1, 0, 0]"
952,E0,2024,Tottenham,"[1, 3, 0, 0, 3, 3, 0, 3, 0, 3, 0, 3, 1, 0, 0, 3, 0, 0, 1, 0, 0, 0, 0, 3, 3, 3, 0, 1, 0, 0, 3, 0, 0, 0, 1, 0, 0, 0]"
953,E0,2024,West Ham,"[0, 3, 0, 1, 0, 1, 3, 0, 3, 0, 1, 3, 0, 0, 3, 1, 1, 3, 0, 0, 3, 0, 1, 0, 0, 3, 3, 0, 1, 0, 1, 0, 1, 0, 1, 3, 0, 3]"
954,E0,2024,Wolves,"[0, 0, 1, 0, 0, 0, 0, 0, 1, 1, 3, 3, 0, 0, 0, 0, 3, 3, 1, 0, 0, 0, 0, 3, 0, 3, 0, 1, 3, 3, 3, 3, 3, 3, 0, 0, 0, 1]"
955,SP1,2000,Alaves,"[3, 0, 1, 3, 1, 3, 3, 0, 3, 0, 1, 0, 3, 0, 3, 0, 0, 0, 0, 3, 0, 3, 3, 1, 1, 3, 1, 1, 3, 3, 0, 0, 3, 0, 0, 0, 0, 0]"
956,SP1,2000,Ath Bilbao,"[0, 3, 0, 3, 1, 0, 1, 0, 1, 3, 0, 3, 0, 3, 1, 1, 0, 3, 3, 1, 0, 3, 0, 3, 1, 1, 1, 0, 0, 0, 3, 3, 0, 1, 0, 0, 0, 0]"
957,SP1,2000,Barcelona,"[3, 0, 3, 0, 3, 3, 0, 1, 3, 0, 0, 3, 1, 3, 1, 3, 3, 3, 3, 1, 3, 0, 0, 3, 1, 1, 1, 3, 1, 1, 0, 1, 1, 3, 3, 0, 1, 3]"
958,SP1,2000,Celta,"[3, 3, 3, 0, 1, 0, 3, 0, 3, 0, 1, 0, 1, 0, 1, 0, 0, 0, 1, 3, 1, 3, 1, 1, 3, 3, 3, 3, 3, 0, 3, 1, 3, 0, 1, 3, 3, 1]"
959,SP1,2000,Espanol,"[3, 0, 0, 1, 0, 0, 3, 1, 3, 1, 3, 3, 0, 0, 0, 0, 3, 0, 3, 3, 3, 0, 0, 1, 1, 1, 3, 3, 0, 3, 3, 0, 1, 1, 0, 0, 3, 0]"
960,SP1,2000,La Coruna,"[3, 3, 1, 3, 0, 1, 3, 3, 0, 3, 1, 3, 3, 1, 0, 3, 0, 3, 3, 1, 3, 3, 3, 1, 0, 3, 0, 3, 0, 3, 0, 3, 1, 3, 3, 0, 3, 3]"
961,SP1,2000,Las Palmas,"[0, 1, 1, 0, 3, 3, 3, 0, 0, 0, 3, 3, 1, 0, 0, 3, 3, 3, 1, 0, 3, 0, 0, 0, 1, 0, 3, 0, 0, 0, 1, 3, 0, 3, 1, 0, 0, 3]"
962,SP1,2000,Malaga,"[0, 1, 3, 0, 0, 3, 1, 3, 0, 1, 0, 3, 0, 3, 0, 3, 3, 3, 0, 1, 0, 0, 0, 3, 3, 3, 1, 0, 3, 1, 3, 1, 1, 3, 0, 3, 3, 0]"
963,SP1,2000,Mallorca,"[1, 0, 0, 0, 3, 1, 3, 3, 3, 3, 0, 3, 1, 1, 1, 3, 1, 3, 1, 0, 1, 3, 3, 0, 3, 1, 3, 1, 3, 3, 1, 3, 0, 3, 3, 3, 3, 3]"
964,SP1,2000,Numancia,"[3, 0, 0, 3, 1, 0, 0, 1, 3, 0, 0, 0, 1, 1, 0, 3, 0, 0, 3, 0, 1, 0, 3, 0, 3, 0, 1, 0, 0, 1, 1, 0, 0, 3, 1, 3, 0, 3]"
965,SP1,2000,Osasuna,"[0, 3, 1, 0, 1, 1, 0, 0, 1, 1, 1, 0, 0, 1, 3, 0, 3, 0, 1, 0, 0, 0, 0, 3, 3, 0, 1, 3, 1, 0, 3, 1, 3, 0, 1, 0, 3, 3]"
966,SP1,2000,Oviedo,"[0, 1, 0, 3, 1, 3, 0, 3, 0, 3, 3, 0, 3, 0, 3, 0, 0, 0, 1, 3, 0, 0, 0, 0, 0, 1, 3, 1, 0, 0, 1, 1, 3, 0, 0, 3, 1, 0]"
967,SP1,2000,Real Madrid,"[3, 1, 3, 1, 3, 0, 3, 0, 0, 3, 3, 3, 3, 3, 3, 3, 3, 1, 3, 3, 3, 0, 3, 1, 1, 3, 0, 3, 3, 3, 3, 1, 0, 1, 3, 3, 1, 3]"
968,SP1,2000,Santander,"[1, 0, 0, 1, 0, 3, 0, 3, 0, 1, 1, 0, 0, 3, 0, 1, 0, 0, 0, 0, 0, 3, 0, 3, 0, 3, 0, 3, 1, 3, 0, 1, 0, 3, 1, 1, 0, 3]"
969,SP1,2000,Sociedad,"[1, 0, 1, 0, 3, 0, 0, 3, 0, 0, 3, 0, 1, 0, 0, 0, 1, 0, 1, 3, 1, 0, 3, 0, 3, 0, 1, 1, 3, 1, 3, 0, 0, 3, 3, 1, 3, 0]"
970,SP1,2000,Valencia,"[0, 3, 3, 3, 1, 3, 3, 3, 0, 1, 1, 3, 1, 3, 3, 1, 3, 0, 0, 0, 1, 3, 3, 3, 1, 3, 0, 0, 3, 0, 1, 3, 3, 0, 3, 1, 0, 0]"
971,SP1,2000,Valladolid,"[1, 3, 1, 1, 1, 1, 0, 1, 0, 3, 0, 3, 1, 0, 1, 1, 3, 0, 1, 3, 1, 3, 0, 3, 0, 0, 0, 0, 0, 3, 0, 0, 1, 1, 1, 3, 1, 0]"
972,SP1,2000,Vallecano,"[3, 1, 1, 3, 1, 3, 0, 0, 3, 1, 3, 0, 3, 1, 1, 0, 1, 3, 1, 0, 0, 3, 1, 1, 0, 0, 0, 3, 0, 1, 0, 1, 1, 0, 0, 0, 3, 0]"
973,SP1,2000,Villarreal,"[0, 3, 3, 1, 1, 0, 1, 0, 3, 3, 0, 0, 1, 3, 3, 1, 0, 3, 0, 3, 3, 3, 3, 0, 0, 1, 3, 0, 1, 0, 1, 3, 3, 0, 1, 3, 0, 3]"
974,SP1,2000,Zaragoza,"[0, 1, 1, 0, 1, 0, 1, 3, 3, 0, 3, 1, 1, 3, 1, 1, 3, 1, 0, 0, 3, 0, 3, 0, 1, 0, 1, 0, 3, 1, 0, 0, 3, 0, 1, 1, 0, 1]"
975,SP1,2001,Alaves,"[3, 3, 1, 0, 1, 3, 0, 1, 3, 3, 0, 3, 3, 0, 3, 3, 0, 0, 3, 3, 0, 0, 3, 0, 0, 0, 0, 3, 0, 0, 3, 0, 3, 0, 3, 0, 0, 3]"
976,SP1,2001,Ath Bilbao,"[3, 0, 3, 1, 3, 1, 0, 0, 1, 1, 3, 3, 1, 3, 3, 1, 1, 3, 0, 3, 0, 1, 0, 3, 1, 3, 0, 3, 0, 3, 0, 0, 0, 1, 0, 0, 1, 3]"
977,SP1,2001,Barcelona,"[3, 1, 1, 3, 3, 3, 0, 1, 1, 3, 0, 3, 1, 0, 0, 1, 3, 0, 3, 3, 0, 0, 3, 3, 1, 3, 0, 3, 0, 1, 3, 1, 3, 3, 0, 3, 3, 1]"
978,SP1,2001,Betis,"[0, 3, 3, 3, 3, 1, 3, 0, 1, 0, 0, 1, 3, 3, 3, 1, 3, 0, 0, 1, 1, 1, 3, 1, 1, 3, 3, 1, 3, 1, 1, 1, 1, 0, 3, 3, 0, 0]"
979,SP1,2001,Celta,"[3, 3, 1, 3, 1, 1, 1, 3, 1, 1, 0, 0, 0, 3, 3, 1, 3, 3, 1, 1, 1, 3, 3, 0, 1, 1, 0, 0, 3, 3, 3, 3, 0, 0, 3, 3, 0, 0]"
980,SP1,2001,Espanol,"[3, 0, 0, 0, 3, 3, 1, 0, 3, 1, 0, 0, 3, 0, 3, 1, 0, 3, 0, 1, 1, 0, 3, 1, 3, 1, 3, 1, 3, 0, 0, 0, 3, 0, 3, 0, 0, 0]"
981,SP1,2001,La Coruna,"[3, 3, 0, 3, 1, 1, 3, 3, 3, 0, 3, 0, 3, 0, 0, 3, 1, 3, 0, 0, 3, 1, 0, 3, 1, 0, 3, 3, 1, 3, 3, 1, 3, 3, 0, 1, 3, 3]"
982,SP1,2001,Las Palmas,"[3, 0, 0, 1, 0, 3, 0, 3, 1, 0, 3, 0, 1, 0, 3, 1, 1, 3, 1, 3, 0, 0, 1, 1, 0, 1, 0, 0, 3, 0, 3, 1, 1, 1, 0, 0, 0, 1]"
983,SP1,2001,Malaga,"[3, 1, 0, 1, 0, 0, 1, 3, 1, 3, 0, 0, 3, 0, 3, 1, 1, 0, 3, 1, 1, 1, 1, 0, 3, 1, 3, 0, 3, 3, 1, 3, 3, 0, 1, 1, 0, 3]"
984,SP1,2001,Mallorca,"[0, 3, 1, 0, 0, 0, 0, 1, 3, 0, 3, 3, 0, 3, 1, 1, 0, 1, 0, 0, 3, 3, 0, 0, 1, 0, 0, 3, 3, 1, 0, 3, 0, 1, 1, 0, 1, 3]"
985,SP1,2001,Osasuna,"[0, 0, 1, 3, 3, 3, 1, 0, 0, 3, 0, 1, 0, 0, 0, 3, 1, 0, 3, 1, 1, 3, 1, 1, 3, 1, 0, 1, 0, 0, 0, 0, 1, 3, 0, 3, 1, 0]"
986,SP1,2001,Real Madrid,"[0, 1, 0, 3, 1, 0, 3, 1, 1, 3, 3, 0, 3, 3, 3, 3, 3, 1, 3, 3, 1, 1, 0, 0, 3, 0, 3, 3, 3, 1, 3, 3, 3, 0, 3, 0, 1, 0]"
987,SP1,2001,Sevilla,"[0, 1, 3, 3, 0, 3, 1, 1, 0, 1, 3, 1, 0, 3, 0, 1, 3, 0, 3, 0, 3, 3, 0, 1, 1, 0, 3, 0, 0, 0, 1, 0, 1, 1, 3, 3, 3, 3]"
988,SP1,2001,Sociedad,"[0, 0, 1, 0, 0, 0, 1, 0, 3, 3, 3, 0, 0, 3, 0, 1, 0, 3, 1, 0, 0, 0, 3, 0, 3, 3, 1, 1, 0, 3, 3, 1, 0, 3, 0, 3, 3, 1]"
989,SP1,2001,Tenerife,"[0, 0, 3, 0, 1, 0, 3, 3, 0, 0, 0, 3, 1, 3, 0, 0, 1, 0, 3, 0, 1, 0, 0, 1, 1, 0, 3, 1, 3, 1, 0, 0, 0, 3, 0, 0, 3, 0]"
990,SP1,2001,Valencia,"[3, 1, 3, 1, 1, 1, 3, 1, 3, 1, 3, 1, 1, 0, 1, 0, 3, 3, 3, 0, 0, 3, 3, 3, 1, 1, 3, 3, 3, 0, 3, 3, 3, 1, 3, 3, 3, 3]"
991,SP1,2001,Valladolid,"[0, 1, 3, 0, 1, 0, 3, 3, 0, 1, 3, 0, 3, 0, 3, 0, 1, 0, 3, 3, 3, 1, 0, 3, 0, 1, 3, 0, 0, 1, 0, 1, 1, 0, 3, 3, 0, 0]"
992,SP1,2001,Vallecano,"[0, 1, 0, 0, 0, 0, 0, 3, 0, 3, 0, 3, 0, 0, 0, 1, 1, 1, 1, 3, 3, 0, 3, 1, 0, 3, 1, 0, 1, 3, 1, 1, 0, 3, 3, 3, 3, 3]"
993,SP1,2001,Villarreal,"[3, 3, 0, 3, 3, 1, 0, 0, 1, 0, 0, 3, 1, 3, 0, 1, 0, 0, 0, 1, 1, 3, 0, 3, 1, 1, 0, 1, 0, 1, 0, 3, 0, 3, 0, 0, 3, 0]"
994,SP1,2001,Zaragoza,"[0, 1, 3, 0, 1, 3, 3, 0, 0, 0, 3, 3, 0, 3, 0, 0, 0, 3, 0, 1, 0, 3, 1, 1, 0, 3, 0, 0, 0, 1, 0, 1, 1, 1, 0, 0, 0, 1]"
995,SP1,2002,Alaves,"[1, 0, 3, 0, 0, 1, 0, 3, 0, 3, 1, 1, 0, 3, 0, 3, 1, 1, 3, 1, 0, 3, 0, 0, 0, 1, 0, 1, 0, 0, 0, 1, 3, 0, 0, 0, 0, 1]"
996,SP1,2002,Ath Bilbao,"[0, 0, 1, 0, 3, 1, 0, 3, 1, 3, 3, 0, 0, 0, 3, 3, 0, 0, 1, 3, 1, 3, 1, 0, 0, 3, 0, 3, 1, 1, 3, 3, 1, 3, 3, 1, 3, 0]"
997,SP1,2002,Ath Madrid,"[1, 1, 3, 1, 0, 1, 1, 3, 1, 3, 3, 0, 3, 0, 0, 0, 3, 1, 0, 3, 1, 3, 0, 3, 3, 0, 1, 0, 1, 1, 0, 0, 0, 3, 3, 0, 0, 0]"
998,SP1,2002,Barcelona,"[1, 3, 3, 0, 1, 0, 3, 1, 3, 0, 1, 0, 0, 0, 3, 3, 1, 0, 0, 0, 1, 3, 3, 1, 1, 1, 3, 0, 0, 1, 3, 3, 1, 0, 3, 3, 3, 3]"
999,SP1,2002,Betis,"[3, 1, 3, 1, 1, 0, 1, 3, 1, 3, 0, 3, 3, 0, 3, 0, 1, 3, 3, 0, 0, 3, 0, 0, 0, 1, 1, 3, 0, 1, 0, 1, 1, 0, 1, 3, 3, 3]"
1000,SP1,2002,Celta,"[3, 3, 3, 1, 3, 0, 1, 0, 3, 0, 1, 3, 3, 0, 3, 0, 0, 0, 3, 0, 3, 3, 1, 1, 0, 3, 3, 1, 3, 3, 1, 1, 1, 0, 3, 1, 3, 0]"
1001,SP1,2002,Espanol,"[0, 0, 0, 1, 0, 3, 3, 0, 0, 0, 0, 3, 0, 0, 3, 0, 3, 1, 3, 1, 1, 0, 0, 3, 1, 3, 1, 1, 1, 1, 3, 1, 1, 1, 3, 0, 1, 0]"
1002,SP1,2002,La Coruna,"[0, 3, 3, 3, 0, 0, 3, 1, 1, 3, 1, 1, 1, 3, 3, 3, 0, 3, 0, 3, 1, 3, 3, 3, 3, 3, 0, 3, 3, 3, 0, 3, 3, 0, 0, 3, 0, 3]"
1003,SP1,2002,Malaga,"[3, 3, 1, 1, 3, 1, 0, 0, 3, 1, 1, 0, 1, 0, 0, 1, 1, 1, 3, 3, 0, 0, 1, 0, 3, 0, 1, 3, 3, 3, 1, 1, 0, 0, 0, 0, 3, 0]"
1004,SP1,2002,Mallorca,"[0, 0, 0, 3, 3, 3, 3, 3, 3, 3, 1, 1, 0, 0, 0, 0, 3, 1, 0, 0, 0, 0, 1, 0, 3, 1, 3, 1, 1, 1, 3, 3, 0, 3, 0, 1, 1, 3]"
1005,SP1,2002,Osasuna,"[1, 0, 0, 0, 1, 3, 0, 0, 0, 3, 1, 3, 3, 3, 0, 0, 1, 1, 3, 0, 1, 3, 0, 1, 0, 1, 1, 0, 0, 0, 3, 0, 1, 3, 1, 3, 3, 3]"
1006,SP1,2002,Real Madrid,"[3, 3, 1, 3, 1, 0, 1, 1, 3, 1, 1, 3, 3, 3, 3, 3, 3, 1, 1, 1, 3, 0, 3, 3, 3, 3, 3, 3, 0, 1, 3, 0, 1, 3, 3, 1, 3, 3]"
1007,SP1,2002,Recreativo,"[0, 0, 0, 1, 0, 0, 1, 3, 0, 0, 3, 0, 1, 0, 0, 0, 1, 1, 3, 0, 1, 0, 3, 3, 1, 1, 1, 3, 3, 0, 3, 0, 1, 0, 0, 0, 1, 1]"
1008,SP1,2002,Santander,"[0, 3, 0, 1, 3, 3, 0, 1, 0, 0, 0, 3, 0, 3, 3, 0, 0, 0, 0, 0, 3, 3, 3, 0, 0, 0, 0, 3, 1, 3, 1, 3, 1, 0, 0, 3, 0, 0]"
1009,SP1,2002,Sevilla,"[0, 1, 1, 1, 1, 0, 3, 0, 3, 0, 1, 0, 3, 3, 0, 3, 1, 1, 0, 3, 1, 0, 3, 3, 3, 1, 3, 0, 3, 0, 0, 0, 1, 1, 3, 3, 0, 0]"
1010,SP1,2002,Sociedad,"[3, 3, 1, 3, 3, 1, 3, 3, 1, 1, 1, 3, 3, 3, 3, 1, 1, 3, 3, 0, 1, 0, 3, 0, 3, 3, 1, 0, 3, 3, 0, 3, 3, 3, 3, 1, 0, 3]"
1011,SP1,2002,Valencia,"[3, 3, 1, 3, 0, 1, 3, 3, 1, 0, 3, 1, 3, 3, 0, 0, 1, 3, 3, 3, 1, 3, 3, 1, 0, 0, 1, 0, 3, 0, 3, 0, 0, 3, 0, 1, 0, 3]"
1012,SP1,2002,Valladolid,"[3, 3, 0, 1, 0, 3, 0, 0, 3, 1, 0, 0, 0, 3, 0, 3, 1, 3, 0, 3, 0, 0, 0, 3, 1, 1, 0, 0, 0, 3, 1, 3, 1, 1, 1, 0, 3, 1]"
1013,SP1,2002,Vallecano,"[1, 0, 3, 0, 1, 3, 0, 0, 0, 0, 1, 0, 3, 3, 0, 3, 0, 0, 0, 1, 3, 0, 0, 0, 3, 0, 1, 0, 1, 0, 0, 0, 1, 1, 1, 1, 0, 1]"
1014,SP1,2002,Villarreal,"[1, 0, 0, 1, 1, 3, 1, 0, 0, 3, 1, 3, 1, 0, 0, 3, 3, 1, 0, 3, 3, 0, 0, 3, 0, 0, 1, 3, 0, 1, 0, 1, 3, 3, 0, 1, 1, 0]"
1015,SP1,2003,Albacete,"[0, 0, 0, 0, 3, 0, 3, 0, 3, 0, 0, 0, 3, 1, 3, 3, 1, 0, 0, 1, 1, 0, 0, 1, 3, 3, 3, 0, 3, 1, 0, 1, 0, 3, 3, 1, 0, 3]"
1016,SP1,2003,Ath Bilbao,"[0, 0, 3, 1, 3, 1, 3, 0, 3, 0, 3, 3, 0, 1, 0, 3, 1, 1, 0, 1, 3, 3, 3, 1, 1, 3, 0, 0, 3, 0, 1, 3, 3, 1, 0, 1, 3, 0]"
1017,SP1,2003,Ath Madrid,"[0, 3, 0, 0, 1, 0, 3, 3, 3, 3, 3, 0, 3, 0, 3, 1, 1, 1, 3, 3, 1, 1, 0, 0, 1, 3, 1, 0, 3, 1, 3, 0, 0, 0, 3, 1, 0, 3]"
1018,SP1,2003,Barcelona,"[3, 1, 3, 1, 1, 0, 0, 3, 3, 1, 3, 0, 1, 0, 0, 3, 1, 0, 3, 1, 3, 3, 3, 3, 3, 3, 3, 3, 3, 1, 3, 1, 3, 3, 3, 0, 3, 0]"
1019,SP1,2003,Betis,"[0, 1, 3, 1, 3, 1, 1, 3, 0, 0, 0, 1, 0, 1, 3, 0, 0, 1, 3, 1, 3, 3, 3, 3, 1, 1, 0, 1, 0, 1, 0, 1, 3, 3, 0, 0, 3, 3]"
1020,SP1,2003,Celta,"[1, 1, 0, 1, 3, 0, 0, 3, 1, 0, 1, 0, 3, 1, 0, 1, 1, 0, 3, 1, 0, 0, 3, 3, 0, 0, 0, 0, 1, 0, 1, 1, 3, 3, 0, 3, 0, 0]"
1021,SP1,2003,Espanol,"[1, 1, 0, 0, 0, 0, 0, 0, 3, 0, 0, 3, 0, 0, 0, 0, 0, 3, 3, 0, 0, 3, 3, 0, 0, 3, 3, 0, 1, 3, 0, 1, 3, 3, 0, 3, 0, 3]"
1022,SP1,2003,La Coruna,"[3, 3, 3, 3, 0, 3, 3, 3, 0, 1, 3, 1, 0, 1, 3, 0, 3, 3, 1, 3, 0, 3, 3, 3, 1, 0, 0, 0, 3, 3, 1, 3, 1, 1, 3, 0, 3, 3]"
1023,SP1,2003,Malaga,"[1, 0, 0, 0, 3, 3, 0, 3, 0, 3, 3, 1, 0, 3, 0, 3, 3, 0, 0, 0, 0, 0, 0, 3, 3, 3, 0, 3, 3, 1, 1, 3, 0, 1, 0, 3, 1, 0]"
1024,SP1,2003,Mallorca,"[0, 3, 0, 1, 0, 1, 0, 0, 3, 0, 3, 3, 3, 3, 3, 0, 0, 0, 0, 1, 3, 0, 0, 1, 1, 0, 0, 3, 0, 0, 1, 3, 0, 3, 3, 3, 3, 3]"
1025,SP1,2003,Murcia,"[1, 1, 0, 1, 0, 3, 0, 0, 0, 1, 0, 1, 1, 1, 1, 1, 0, 0, 0, 1, 0, 3, 0, 0, 0, 0, 1, 0, 0, 3, 0, 0, 0, 0, 3, 0, 3, 0]"
1026,SP1,2003,Osasuna,"[3, 0, 3, 1, 3, 1, 3, 0, 3, 0, 1, 1, 1, 3, 3, 1, 0, 1, 1, 1, 3, 1, 0, 0, 1, 3, 1, 1, 3, 1, 1, 3, 0, 0, 0, 0, 0, 0]"
1027,SP1,2003,Real Madrid,"[3, 1, 3, 3, 0, 3, 3, 3, 1, 3, 0, 3, 1, 3, 3, 3, 3, 3, 0, 1, 3, 3, 3, 1, 3, 3, 1, 1, 0, 3, 3, 0, 3, 0, 0, 0, 0, 0]"
1028,SP1,2003,Santander,"[3, 1, 0, 1, 0, 3, 3, 0, 0, 3, 3, 0, 3, 0, 0, 1, 1, 3, 1, 1, 3, 0, 0, 0, 3, 0, 1, 3, 1, 0, 1, 0, 0, 0, 3, 1, 0, 0]"
1029,SP1,2003,Sevilla,"[3, 1, 0, 1, 3, 1, 1, 1, 1, 0, 3, 0, 0, 3, 3, 0, 0, 3, 1, 0, 0, 0, 3, 3, 3, 1, 3, 0, 0, 0, 3, 1, 3, 1, 3, 0, 3, 3]"
1030,SP1,2003,Sociedad,"[1, 1, 3, 3, 0, 1, 0, 3, 0, 1, 0, 0, 1, 1, 0, 0, 0, 3, 3, 3, 3, 3, 0, 1, 0, 0, 1, 3, 0, 0, 1, 3, 1, 0, 1, 1, 1, 3]"
1031,SP1,2003,Valencia,"[1, 3, 3, 3, 3, 3, 3, 0, 1, 3, 0, 1, 3, 1, 3, 3, 3, 3, 3, 1, 0, 3, 3, 1, 0, 0, 3, 3, 3, 3, 3, 3, 1, 1, 3, 3, 0, 0]"
1032,SP1,2003,Valladolid,"[1, 3, 0, 3, 0, 0, 0, 3, 1, 3, 1, 3, 1, 1, 0, 1, 3, 1, 0, 1, 3, 0, 0, 0, 0, 0, 3, 3, 0, 1, 0, 0, 1, 0, 0, 1, 0, 3]"
1033,SP1,2003,Villarreal,"[1, 1, 3, 1, 3, 1, 0, 1, 0, 3, 0, 3, 3, 0, 1, 3, 3, 0, 3, 3, 0, 0, 0, 3, 0, 0, 0, 3, 0, 1, 1, 0, 3, 3, 1, 3, 3, 0]"
1034,SP1,2003,Zaragoza,"[0, 0, 3, 0, 0, 1, 3, 0, 1, 3, 1, 3, 0, 1, 0, 0, 3, 1, 0, 0, 0, 0, 3, 0, 3, 3, 3, 1, 1, 3, 1, 0, 0, 1, 0, 3, 3, 3]"
1035,SP1,2004,Albacete,"[0, 0, 0, 1, 1, 3, 0, 3, 1, 1, 0, 0, 1, 1, 3, 1, 0, 0, 0, 1, 0, 0, 0, 0, 3, 0, 1, 0]"
1036,SP1,2004,Ath Bilbao,"[1, 1, 0, 0, 3, 0, 3, 0, 1, 0, 0, 3, 3, 3, 1, 1, 3, 0, 0, 3, 0, 1, 3, 0, 0, 0]"
1037,SP1,2004,Ath Madrid,"[3, 3, 1, 0, 3, 0, 3, 0, 1, 1, 3, 0, 3, 0, 0, 1, 0, 3, 0, 3, 3, 0, 1, 0, 0, 1, 1]"
1038,SP1,2004,Barcelona,"[3, 3, 1, 3, 3, 3, 3, 3, 1, 3, 3, 3, 1, 3, 0, 3, 3, 3, 1, 1, 3, 3, 3, 3, 1, 1, 1]"
1039,SP1,2004,Betis,"[1, 0, 0, 3, 1, 1, 1, 3, 1, 1, 0, 3, 0, 3, 0, 3, 3, 1, 0, 0, 3, 0, 1, 3, 3, 3, 1]"
1040,SP1,2004,Espanol,"[1, 3, 3, 0, 3, 0, 0, 3, 1, 3, 3, 1, 0, 3, 1, 0, 1, 3, 1, 0, 1, 3, 0, 3, 1, 1, 3]"
1041,SP1,2004,Getafe,"[0, 0, 0, 3, 0, 3, 0, 0, 0, 3, 1, 0, 1, 3, 1, 1, 3, 0, 1, 3, 3, 3, 0, 3, 0, 1, 1]"
1042,SP1,2004,La Coruna,"[1, 0, 3, 0, 1, 3, 3, 1, 1, 0, 1, 1, 0, 0, 1, 1, 3, 1, 3, 1, 3, 0, 0, 0, 3, 1, 0, 1]"
1043,SP1,2004,Levante,"[1, 3, 0, 3, 0, 3, 3, 0, 3, 3, 0, 1, 0, 1, 0, 0, 0, 3, 1, 3, 1, 3, 0, 0, 0, 0, 1, 1, 0]"
1044,SP1,2004,Malaga,"[0, 1, 3, 3, 0, 3, 0, 1, 1, 0, 3, 0, 0, 0, 3, 3, 3, 3, 0, 0, 3, 0, 3, 3, 3]"
1045,SP1,2004,Mallorca,"[0, 3, 0, 1, 0, 0, 1, 0, 0, 0, 3, 0, 0, 0, 1, 0, 0, 3, 0, 0, 0, 3, 3, 1, 3, 3, 1]"
1046,SP1,2004,Numancia,"[1, 0, 3, 0, 1, 0, 0, 0, 0, 0, 0, 1, 0, 1, 1, 0, 0, 1, 1, 0, 0, 0, 1, 0, 1, 3, 1]"
1047,SP1,2004,Osasuna,"[1, 3, 3, 0, 3, 0, 3, 0, 0, 3, 0, 1, 3, 3, 0, 1, 0, 1, 0, 1, 0, 3, 3, 0, 1, 1, 1, 0]"
1048,SP1,2004,Real Madrid,"[3, 3, 0, 3, 0, 0, 1, 3, 3, 3, 1, 3, 0, 3, 3, 3, 3, 3, 0, 3, 0, 3, 3, 3, 3, 1, 1, 3]"
1049,SP1,2004,Santander,"[0, 0, 1, 3, 0, 1, 0, 3, 3, 1, 0, 0, 0, 3, 1, 0, 1, 1, 3, 3, 3, 1, 0, 3, 0, 3]"
1050,SP1,2004,Sevilla,"[3, 0, 3, 1, 3, 1, 3, 3, 0, 0, 3, 1, 3, 3, 1, 0, 3, 0, 1, 0, 3, 3, 3, 0, 1, 1, 0]"
1051,SP1,2004,Sociedad,"[1, 1, 0, 0, 0, 3, 0, 3, 3, 3, 1, 3, 0, 0, 0, 0, 0, 3, 1, 3, 0, 0, 0, 1, 1]"
1052,SP1,2004,Valencia,"[3, 1, 3, 3, 3, 1, 0, 0, 1, 0, 3, 3, 3, 1, 3, 3, 1, 0, 3, 0, 3, 1, 0, 1, 1, 3]"
1053,SP1,2004,Villarreal,"[0, 1, 1, 1, 0, 3, 1, 3, 1, 1, 3, 3, 1, 3, 3, 3, 3, 0, 3, 0, 0, 3, 3, 3, 1, 3]"
1054,SP1,2004,Zaragoza,"[3, 1, 3, 0, 3, 0, 3, 0, 3, 1, 0, 1, 0, 3, 3, 0, 0, 3, 3, 0, 3, 0, 1, 0, 0]"
1055,SP1,2005,Alaves,"[1, 0, 0, 1, 0, 3, 1, 0, 1, 1, 0, 3, 0, 0, 1, 0, 0, 0, 3, 0, 3, 1, 3, 0, 1, 0, 3, 1, 3, 1, 1, 0, 1, 0, 0, 3, 0, 3]"
1056,SP1,2005,Ath Bilbao,"[3, 1, 0, 0, 1, 0, 0, 0, 0, 1, 1, 0, 3, 1, 1, 3, 0, 0, 0, 1, 3, 0, 0, 3, 1, 0, 3, 3, 1, 3, 1, 1, 0, 0, 1, 3, 3, 3]"
1057,SP1,2005,Ath Madrid,"[1, 0, 3, 0, 0, 3, 0, 3, 3, 1, 1, 0, 1, 1, 1, 1, 0, 1, 0, 3, 3, 3, 3, 3, 3, 0, 3, 1, 0, 1, 0, 1, 3, 3, 0, 0, 1, 1]"
1058,SP1,2005,Barcelona,"[1, 3, 0, 1, 3, 1, 1, 3, 3, 3, 3, 3, 3, 3, 3, 3, 3, 3, 3, 3, 3, 0, 0, 3, 3, 3, 0, 3, 3, 1, 1, 1, 3, 3, 3, 3, 0, 0]"
1059,SP1,2005,Betis,"[0, 3, 1, 1, 0, 1, 3, 0, 0, 0, 1, 0, 1, 0, 1, 0, 3, 1, 3, 0, 3, 0, 0, 0, 3, 0, 1, 1, 3, 3, 3, 1, 0, 0, 1, 0, 3, 1]"
1060,SP1,2005,Cadiz,"[0, 3, 1, 1, 0, 1, 3, 3, 0, 1, 0, 0, 1, 0, 0, 0, 0, 3, 3, 0, 1, 1, 0, 0, 0, 3, 0, 1, 0, 1, 0, 1, 3, 1, 0, 1, 0, 3]"
1061,SP1,2005,Celta,"[3, 3, 0, 3, 3, 1, 0, 3, 0, 1, 3, 3, 0, 3, 0, 0, 0, 3, 1, 3, 0, 3, 3, 0, 3, 3, 0, 0, 0, 3, 3, 0, 3, 3, 3, 0, 1, 3]"
1062,SP1,2005,Espanol,"[0, 3, 3, 0, 0, 1, 0, 0, 1, 0, 1, 3, 1, 0, 1, 1, 3, 0, 3, 0, 3, 0, 0, 0, 3, 0, 3, 0, 1, 1, 1, 1, 0, 3, 1, 0, 0, 3]"
1063,SP1,2005,Getafe,"[3, 1, 3, 1, 3, 3, 0, 3, 0, 0, 0, 1, 3, 0, 0, 0, 3, 0, 1, 3, 0, 1, 1, 0, 1, 3, 3, 0, 0, 3, 3, 3, 1, 3, 1, 0, 3, 0]"
1064,SP1,2005,La Coruna,"[3, 3, 1, 1, 1, 0, 1, 0, 3, 3, 1, 3, 0, 3, 3, 3, 0, 3, 0, 1, 0, 0, 3, 1, 3, 0, 0, 3, 3, 0, 3, 1, 1, 1, 0, 3, 0, 0]"
1065,SP1,2005,Malaga,"[0, 0, 3, 1, 3, 0, 0, 3, 0, 1, 1, 3, 0, 0, 0, 1, 1, 0, 0, 0, 0, 3, 0, 0, 0, 1, 1, 0, 0, 1, 0, 0, 1, 0, 0, 0, 0, 0]"
1066,SP1,2005,Mallorca,"[0, 0, 3, 1, 0, 0, 1, 0, 3, 1, 3, 0, 0, 3, 0, 1, 0, 1, 0, 1, 0, 0, 1, 3, 3, 1, 1, 1, 3, 0, 1, 1, 1, 0, 3, 3, 0, 3]"
1067,SP1,2005,Osasuna,"[3, 0, 3, 0, 3, 3, 3, 0, 3, 3, 3, 1, 3, 3, 3, 1, 3, 1, 0, 0, 0, 3, 1, 3, 0, 0, 3, 3, 3, 0, 0, 3, 1, 3, 0, 3, 0, 3]"
1068,SP1,2005,Real Madrid,"[3, 0, 0, 3, 3, 3, 3, 0, 0, 3, 3, 0, 1, 3, 3, 1, 0, 1, 3, 3, 3, 3, 3, 3, 0, 3, 1, 1, 1, 3, 1, 1, 1, 3, 3, 3, 1, 0]"
1069,SP1,2005,Santander,"[0, 0, 3, 3, 1, 0, 1, 0, 1, 1, 1, 0, 0, 1, 3, 1, 3, 1, 3, 0, 1, 0, 3, 0, 1, 1, 0, 3, 0, 1, 0, 1, 0, 0, 3, 0, 3, 0]"
1070,SP1,2005,Sevilla,"[3, 1, 0, 1, 0, 1, 3, 3, 3, 1, 1, 3, 3, 0, 0, 3, 0, 3, 0, 3, 3, 0, 3, 3, 0, 3, 0, 1, 3, 3, 0, 1, 1, 3, 3, 3, 3, 3]"
1071,SP1,2005,Sociedad,"[0, 3, 0, 3, 0, 1, 3, 3, 3, 0, 0, 0, 1, 1, 0, 0, 3, 0, 0, 1, 0, 3, 0, 0, 0, 0, 3, 0, 0, 0, 3, 1, 3, 3, 0, 1, 1, 0]"
1072,SP1,2005,Valencia,"[3, 1, 1, 1, 3, 0, 3, 3, 0, 1, 0, 3, 3, 3, 1, 3, 3, 1, 3, 3, 1, 3, 3, 3, 1, 1, 1, 0, 1, 0, 3, 3, 3, 3, 3, 0, 1, 0]"
1073,SP1,2005,Villarreal,"[0, 1, 1, 0, 3, 3, 1, 3, 3, 1, 3, 1, 3, 0, 3, 3, 1, 1, 0, 3, 0, 1, 0, 3, 1, 3, 1, 1, 1, 0, 3, 1, 0, 0, 1, 3, 1, 3]"
1074,SP1,2005,Zaragoza,"[1, 1, 1, 3, 1, 1, 0, 0, 1, 1, 0, 1, 0, 3, 3, 1, 3, 3, 3, 0, 1, 3, 1, 1, 0, 3, 0, 3, 1, 1, 0, 1, 0, 0, 1, 0, 3, 0]"
1075,SP1,2007,Almeria,"[3, 0, 0, 1, 3, 0, 1, 3, 0, 0, 0, 1, 1, 3, 3, 0, 0, 1, 3, 3, 3, 3, 1, 3, 0, 1, 0, 1, 1, 3, 0, 3, 3, 0, 1, 0, 0, 3]"
1076,SP1,2007,Ath Bilbao,"[1, 0, 1, 3, 0, 0, 1, 3, 1, 0, 3, 0, 1, 3, 0, 1, 1, 0, 3, 0, 1, 0, 3, 3, 0, 1, 3, 3, 3, 1, 3, 0, 3, 0, 0, 3, 1, 0]"
1077,SP1,2007,Ath Madrid,"[0, 1, 1, 3, 3, 3, 0, 3, 3, 3, 0, 1, 3, 3, 3, 1, 0, 3, 3, 0, 0, 1, 3, 0, 0, 3, 0, 3, 3, 0, 3, 1, 0, 1, 3, 3, 3, 0]"
1078,SP1,2007,Barcelona,"[1, 3, 1, 3, 3, 3, 3, 0, 3, 1, 3, 0, 3, 1, 3, 3, 0, 3, 3, 3, 1, 3, 1, 3, 3, 0, 0, 1, 3, 0, 1, 1, 1, 0, 3, 0, 0, 3]"
1079,SP1,2007,Betis,"[1, 1, 0, 0, 0, 3, 1, 1, 1, 0, 0, 3, 0, 0, 3, 3, 1, 0, 3, 1, 3, 0, 0, 3, 1, 3, 0, 0, 3, 3, 3, 0, 3, 0, 1, 1, 0, 1]"
1080,SP1,2007,Espanol,"[0, 1, 3, 0, 3, 3, 3, 3, 1, 1, 1, 3, 3, 1, 1, 3, 3, 3, 0, 0, 0, 3, 0, 0, 0, 3, 0, 3, 0, 0, 0, 0, 1, 1, 1, 0, 0, 0]"
1081,SP1,2007,Getafe,"[0, 1, 0, 1, 0, 0, 0, 3, 0, 3, 3, 3, 1, 3, 0, 0, 3, 0, 0, 3, 3, 0, 1, 1, 3, 1, 3, 3, 0, 0, 1, 1, 0, 1, 0, 3, 1, 1]"
1082,SP1,2007,La Coruna,"[0, 1, 3, 1, 0, 0, 3, 0, 0, 1, 3, 0, 1, 0, 0, 1, 3, 0, 0, 0, 3, 3, 1, 0, 3, 3, 1, 3, 0, 3, 3, 3, 3, 3, 0, 3, 0, 0]"
1083,SP1,2007,Levante,"[0, 1, 0, 0, 0, 0, 0, 0, 0, 0, 3, 0, 3, 0, 0, 0, 0, 1, 0, 1, 3, 1, 0, 3, 0, 3, 0, 0, 0, 0, 0, 3, 3, 0, 1, 0, 0, 0]"
1084,SP1,2007,Mallorca,"[3, 1, 0, 1, 3, 0, 3, 3, 1, 1, 0, 0, 3, 1, 0, 1, 0, 0, 1, 1, 3, 1, 1, 1, 1, 1, 3, 0, 3, 3, 1, 0, 3, 3, 3, 3, 3, 3]"
1085,SP1,2007,Murcia,"[3, 1, 1, 0, 0, 3, 1, 0, 3, 1, 0, 0, 1, 1, 0, 3, 1, 3, 0, 0, 0, 1, 0, 0, 0, 0, 0, 0, 3, 0, 3, 0, 0, 1, 0, 0, 0, 0]"
1086,SP1,2007,Osasuna,"[1, 1, 0, 3, 0, 3, 0, 1, 3, 0, 0, 0, 3, 1, 1, 0, 3, 0, 0, 3, 0, 0, 3, 0, 3, 1, 3, 1, 0, 3, 0, 3, 0, 0, 0, 0, 3, 0]"
1087,SP1,2007,Real Madrid,"[3, 3, 3, 1, 3, 3, 3, 0, 3, 3, 0, 3, 1, 3, 3, 3, 3, 3, 3, 3, 3, 0, 3, 0, 0, 3, 3, 0, 0, 3, 1, 3, 3, 3, 3, 3, 1, 3]"
1088,SP1,2007,Recreativo,"[1, 1, 0, 3, 3, 0, 0, 0, 0, 1, 0, 3, 0, 3, 3, 1, 1, 1, 0, 1, 0, 0, 3, 3, 1, 0, 0, 3, 0, 1, 3, 1, 0, 3, 0, 0, 3, 1]"
1089,SP1,2007,Santander,"[1, 1, 3, 0, 0, 3, 3, 1, 3, 1, 1, 3, 3, 0, 3, 0, 0, 3, 3, 0, 1, 1, 0, 1, 3, 3, 3, 0, 3, 3, 0, 3, 0, 0, 3, 0, 1, 3]"
1090,SP1,2007,Sevilla,"[3, 3, 0, 0, 0, 0, 3, 3, 0, 3, 0, 0, 0, 1, 3, 1, 3, 3, 0, 0, 3, 3, 1, 3, 3, 0, 3, 3, 0, 0, 3, 3, 0, 1, 3, 3, 3, 3]"
1091,SP1,2007,Valencia,"[0, 3, 3, 3, 3, 3, 0, 3, 0, 0, 3, 3, 0, 0, 1, 0, 1, 1, 0, 0, 0, 3, 3, 1, 1, 0, 1, 0, 3, 0, 0, 0, 0, 3, 0, 3, 3, 3]"
1092,SP1,2007,Valladolid,"[3, 1, 0, 1, 0, 0, 0, 0, 1, 1, 3, 3, 0, 3, 0, 1, 1, 3, 3, 3, 0, 0, 0, 1, 3, 0, 0, 1, 0, 3, 3, 1, 0, 3, 0, 1, 1, 1]"
1093,SP1,2007,Villarreal,"[3, 0, 3, 3, 3, 3, 0, 3, 0, 3, 3, 3, 1, 0, 0, 3, 1, 0, 3, 3, 0, 1, 3, 1, 3, 1, 3, 3, 3, 3, 0, 0, 3, 3, 3, 3, 3, 3]"
1094,SP1,2007,Zaragoza,"[0, 1, 1, 3, 0, 3, 3, 0, 3, 3, 0, 0, 1, 0, 1, 1, 1, 0, 1, 3, 1, 3, 0, 0, 0, 0, 3, 0, 1, 0, 0, 1, 3, 1, 3, 0, 1, 0]"
1095,SP1,2008,Almeria,"[3, 1, 3, 0, 3, 1, 0, 0, 1, 0, 3, 0, 0, 0, 1, 0, 3, 1, 1, 3, 0, 0, 3, 1, 3, 0, 0, 0, 3, 0, 3, 0, 3, 3, 3, 0, 0, 0]"
1096,SP1,2008,Ath Bilbao,"[0, 1, 3, 1, 0, 0, 0, 0, 0, 1, 3, 0, 3, 1, 3, 3, 1, 3, 3, 0, 3, 0, 1, 1, 0, 0, 0, 0, 3, 0, 0, 3, 3, 1, 3, 0, 0, 0]"
1097,SP1,2008,Ath Madrid,"[3, 0, 3, 3, 0, 0, 0, 1, 3, 1, 3, 1, 3, 3, 3, 3, 0, 0, 1, 1, 0, 3, 1, 0, 3, 1, 3, 0, 0, 3, 3, 0, 3, 3, 3, 3, 3, 3]"
1098,SP1,2008,Barcelona,"[0, 1, 3, 3, 3, 3, 3, 3, 3, 3, 3, 1, 3, 3, 3, 3, 3, 3, 3, 3, 3, 3, 1, 0, 0, 3, 3, 3, 3, 3, 3, 3, 1, 3, 1, 0, 0, 1]"
1099,SP1,2008,Betis,"[0, 1, 1, 0, 0, 0, 3, 3, 0, 3, 3, 3, 0, 1, 0, 0, 0, 0, 3, 0, 1, 3, 1, 0, 1, 1, 1, 1, 1, 3, 3, 0, 0, 0, 0, 3, 1, 1]"
1100,SP1,2008,Espanol,"[3, 3, 1, 0, 0, 1, 1, 0, 3, 0, 0, 0, 0, 1, 0, 0, 1, 1, 0, 1, 1, 1, 0, 3, 0, 0, 1, 0, 3, 1, 3, 3, 3, 3, 0, 3, 3, 3]"
1101,SP1,2008,Getafe,"[3, 1, 1, 0, 3, 1, 0, 3, 1, 0, 0, 1, 3, 1, 3, 0, 0, 0, 0, 3, 1, 1, 1, 1, 0, 0, 0, 3, 0, 3, 0, 0, 0, 0, 3, 1, 3, 1]"
1102,SP1,2008,La Coruna,"[3, 0, 1, 1, 0, 3, 1, 0, 3, 3, 0, 3, 3, 3, 0, 3, 3, 0, 0, 0, 3, 1, 1, 1, 3, 3, 0, 1, 0, 0, 3, 3, 1, 3, 3, 1, 0, 1]"
1103,SP1,2008,Malaga,"[0, 1, 0, 0, 3, 3, 3, 3, 0, 0, 1, 1, 3, 0, 3, 1, 3, 3, 3, 1, 0, 3, 1, 3, 0, 3, 1, 0, 0, 3, 1, 3, 1, 0, 3, 0, 1, 0]"
1104,SP1,2008,Mallorca,"[0, 1, 1, 3, 3, 0, 0, 3, 0, 1, 0, 1, 0, 0, 0, 1, 0, 0, 0, 3, 0, 1, 3, 3, 3, 1, 1, 3, 0, 3, 1, 3, 3, 3, 0, 3, 3, 0]"
1105,SP1,2008,Numancia,"[3, 0, 0, 0, 1, 0, 0, 3, 0, 0, 3, 1, 0, 3, 0, 3, 0, 3, 0, 0, 0, 0, 0, 0, 0, 3, 0, 3, 1, 1, 0, 0, 0, 3, 1, 3, 0, 0]"
1106,SP1,2008,Osasuna,"[1, 1, 0, 1, 1, 0, 0, 0, 0, 1, 0, 3, 0, 1, 0, 3, 1, 0, 0, 1, 3, 3, 1, 3, 1, 0, 1, 3, 3, 3, 0, 0, 1, 0, 0, 1, 3, 3]"
1107,SP1,2008,Real Madrid,"[0, 3, 3, 3, 3, 1, 3, 3, 1, 3, 0, 3, 0, 0, 0, 3, 3, 3, 3, 3, 3, 3, 3, 3, 3, 1, 3, 3, 3, 3, 3, 3, 3, 0, 0, 0, 0, 0]"
1108,SP1,2008,Recreativo,"[3, 0, 0, 1, 0, 0, 1, 1, 1, 0, 0, 0, 0, 3, 3, 0, 3, 1, 3, 3, 1, 0, 1, 1, 3, 0, 1, 0, 0, 0, 0, 0, 0, 3, 0, 0, 0, 0]"
1109,SP1,2008,Santander,"[1, 1, 0, 0, 0, 3, 1, 0, 3, 3, 0, 3, 0, 1, 1, 1, 3, 1, 3, 3, 0, 0, 1, 0, 1, 0, 3, 0, 3, 0, 0, 3, 0, 0, 0, 3, 3, 1]"
1110,SP1,2008,Sevilla,"[1, 3, 1, 3, 3, 3, 3, 0, 0, 3, 3, 1, 0, 3, 3, 1, 1, 3, 3, 0, 0, 0, 3, 3, 3, 3, 1, 3, 3, 0, 0, 0, 0, 3, 3, 1, 3, 3]"
1111,SP1,2008,Sp Gijon,"[0, 0, 0, 0, 0, 3, 3, 3, 3, 0, 3, 0, 3, 0, 0, 3, 0, 3, 0, 0, 3, 0, 0, 0, 0, 3, 3, 0, 0, 0, 0, 0, 0, 1, 0, 3, 3, 3]"
1112,SP1,2008,Valencia,"[3, 1, 3, 3, 3, 3, 3, 1, 0, 3, 0, 1, 3, 0, 3, 0, 3, 1, 0, 0, 3, 0, 1, 1, 0, 0, 1, 3, 3, 3, 3, 3, 1, 0, 3, 0, 0, 3]"
1113,SP1,2008,Valladolid,"[0, 3, 0, 3, 0, 0, 1, 0, 3, 0, 3, 3, 3, 1, 3, 0, 0, 0, 0, 1, 3, 3, 0, 0, 3, 3, 3, 0, 0, 0, 1, 0, 1, 0, 1, 0, 0, 1]"
1114,SP1,2008,Villarreal,"[1, 3, 3, 3, 3, 3, 1, 1, 3, 3, 1, 0, 3, 1, 0, 0, 0, 1, 3, 1, 0, 3, 1, 3, 1, 3, 0, 3, 0, 0, 1, 3, 3, 0, 1, 3, 3, 3]"
1115,SP1,2009,Almeria,"[1, 0, 3, 1, 1, 0, 3, 0, 0, 3, 0, 0, 0, 1, 0, 3, 1, 1, 0, 1, 3, 1, 3, 3, 1, 3, 0, 3, 0, 1, 0, 0, 1, 0, 0, 3, 1, 0]"
1116,SP1,2009,Ath Bilbao,"[3, 3, 3, 0, 0, 1, 0, 0, 3, 3, 1, 3, 0, 3, 3, 0, 1, 3, 0, 0, 3, 0, 3, 1, 3, 1, 1, 0, 3, 0, 3, 0, 1, 1, 0, 1, 0, 3]"
1117,SP1,2009,Ath Madrid,"[0, 1, 0, 1, 1, 3, 0, 1, 0, 0, 0, 3, 3, 0, 1, 3, 3, 3, 0, 0, 1, 3, 0, 3, 1, 3, 0, 3, 0, 3, 0, 0, 0, 3, 0, 3, 1, 0]"
1118,SP1,2009,Barcelona,"[3, 3, 3, 3, 3, 3, 1, 3, 1, 3, 1, 3, 3, 3, 3, 1, 3, 3, 3, 3, 3, 0, 3, 3, 1, 3, 3, 3, 3, 3, 3, 3, 1, 3, 3, 3, 3, 3]"
1119,SP1,2009,Espanol,"[0, 0, 3, 3, 1, 1, 3, 1, 1, 0, 0, 0, 0, 0, 3, 0, 3, 0, 1, 3, 0, 3, 0, 1, 1, 0, 3, 1, 1, 1, 3, 0, 1, 3, 0, 0, 3, 0]"
1120,SP1,2009,Getafe,"[3, 0, 0, 3, 0, 3, 0, 3, 0, 0, 3, 3, 0, 3, 3, 3, 0, 0, 3, 1, 0, 1, 0, 0, 1, 3, 1, 0, 3, 1, 3, 3, 0, 3, 1, 1, 3, 3]"
1121,SP1,2009,La Coruna,"[0, 3, 0, 3, 3, 3, 3, 0, 1, 3, 3, 3, 0, 1, 1, 1, 3, 0, 3, 0, 1, 0, 3, 0, 3, 1, 0, 0, 0, 0, 1, 0, 1, 0, 0, 0, 3, 0]"
1122,SP1,2009,Malaga,"[3, 0, 0, 0, 0, 1, 0, 0, 0, 1, 1, 1, 1, 1, 3, 1, 1, 3, 0, 3, 1, 3, 3, 0, 0, 0, 3, 0, 1, 0, 0, 1, 1, 1, 1, 1, 0, 1]"
1123,SP1,2009,Mallorca,"[3, 1, 3, 0, 3, 0, 3, 1, 3, 0, 3, 1, 3, 3, 0, 3, 0, 3, 1, 0, 3, 0, 0, 3, 3, 0, 3, 1, 0, 1, 3, 1, 3, 1, 3, 0, 0, 3]"
1124,SP1,2009,Osasuna,"[1, 0, 0, 3, 3, 0, 3, 1, 1, 0, 0, 3, 1, 0, 0, 1, 0, 3, 3, 3, 3, 0, 1, 0, 1, 0, 0, 0, 3, 0, 3, 1, 0, 1, 0, 3, 0, 1]"
1125,SP1,2009,Real Madrid,"[3, 3, 3, 3, 3, 0, 3, 1, 3, 3, 3, 0, 3, 3, 3, 1, 3, 0, 3, 3, 3, 3, 3, 3, 3, 3, 3, 3, 3, 3, 0, 3, 3, 3, 3, 3, 3, 1]"
1126,SP1,2009,Santander,"[0, 1, 3, 0, 1, 0, 1, 1, 0, 0, 0, 0, 3, 3, 0, 3, 3, 1, 3, 1, 1, 0, 0, 0, 1, 1, 3, 1, 0, 0, 1, 3, 1, 0, 0, 0, 0, 3]"
1127,SP1,2009,Sevilla,"[0, 3, 3, 3, 3, 3, 0, 1, 3, 3, 3, 1, 1, 3, 0, 0, 0, 0, 3, 3, 0, 3, 3, 1, 0, 1, 0, 1, 0, 3, 3, 0, 3, 0, 3, 3, 0, 3]"
1128,SP1,2009,Sp Gijon,"[0, 3, 1, 1, 0, 3, 3, 1, 1, 3, 1, 3, 0, 0, 0, 1, 3, 0, 0, 0, 0, 1, 3, 3, 0, 1, 0, 3, 1, 1, 0, 0, 0, 0, 1, 1, 1, 0]"
1129,SP1,2009,Tenerife,"[0, 3, 0, 3, 0, 0, 0, 3, 0, 1, 0, 1, 3, 0, 1, 0, 0, 1, 1, 0, 0, 3, 0, 0, 0, 3, 0, 1, 1, 0, 1, 3, 3, 0, 3, 0, 1, 0]"
1130,SP1,2009,Valencia,"[3, 3, 1, 0, 1, 3, 1, 3, 3, 3, 3, 1, 3, 0, 1, 3, 3, 3, 1, 0, 3, 1, 3, 0, 1, 0, 3, 3, 0, 3, 0, 3, 0, 3, 3, 3, 0, 3]"
1131,SP1,2009,Valladolid,"[1, 0, 3, 0, 0, 1, 0, 3, 1, 1, 0, 1, 1, 1, 3, 0, 0, 1, 0, 1, 0, 1, 1, 0, 0, 0, 3, 1, 0, 0, 1, 3, 1, 3, 1, 0, 3, 0]"
1132,SP1,2009,Villarreal,"[1, 1, 0, 0, 0, 1, 0, 3, 3, 0, 3, 0, 3, 3, 3, 1, 1, 0, 3, 0, 0, 3, 0, 3, 1, 3, 0, 1, 3, 3, 3, 0, 3, 3, 0, 0, 3, 1]"
1133,SP1,2009,Xerez,"[0, 0, 0, 0, 1, 1, 3, 0, 0, 1, 1, 0, 0, 0, 0, 0, 0, 1, 0, 3, 0, 0, 0, 1, 3, 0, 3, 1, 3, 1, 0, 3, 1, 0, 3, 0, 3, 1]"
1134,SP1,2009,Zaragoza,"[3, 0, 0, 1, 3, 0, 1, 0, 3, 0, 1, 0, 0, 0, 0, 1, 0, 1, 0, 3, 3, 1, 0, 3, 1, 1, 0, 0, 3, 3, 0, 1, 1, 0, 3, 3, 0, 1]"
1135,SP1,2010,Almeria,"[1, 1, 0, 0, 3, 1, 0, 1, 1, 1, 0, 0, 0, 1, 3, 0, 0, 0, 1, 3, 0, 3, 0, 1, 0, 1, 3, 1, 0, 0, 0, 0, 0, 0, 0, 1, 3, 0]"
1136,SP1,2010,Ath Bilbao,"[3, 0, 1, 3, 0, 0, 3, 0, 3, 0, 3, 0, 3, 0, 3, 3, 0, 1, 3, 3, 3, 3, 0, 0, 0, 0, 3, 1, 0, 3, 0, 3, 3, 0, 3, 0, 1, 3]"
1137,SP1,2010,Ath Madrid,"[3, 3, 0, 1, 3, 0, 3, 0, 1, 0, 3, 3, 0, 0, 3, 3, 1, 0, 3, 0, 0, 0, 0, 3, 1, 1, 3, 1, 0, 3, 3, 1, 3, 3, 0, 0, 3, 3]"
1138,SP1,2010,Barcelona,"[3, 0, 3, 3, 3, 1, 3, 3, 3, 3, 3, 3, 3, 3, 3, 3, 3, 3, 3, 3, 3, 3, 1, 3, 3, 3, 3, 1, 3, 3, 3, 1, 3, 0, 3, 1, 1, 3]"
1139,SP1,2010,Espanol,"[3, 0, 3, 0, 3, 0, 3, 3, 0, 3, 1, 3, 3, 3, 0, 0, 0, 3, 3, 3, 0, 0, 0, 0, 3, 0, 0, 3, 0, 0, 1, 1, 0, 3, 0, 1, 0, 0]"
1140,SP1,2010,Getafe,"[0, 3, 1, 0, 3, 3, 0, 3, 0, 0, 0, 1, 3, 3, 3, 3, 0, 1, 0, 0, 0, 3, 1, 0, 1, 1, 0, 1, 0, 0, 0, 3, 0, 0, 3, 0, 3, 1]"
1141,SP1,2010,Hercules,"[0, 3, 0, 1, 3, 0, 1, 1, 0, 0, 3, 0, 3, 0, 3, 1, 0, 3, 0, 0, 0, 0, 3, 0, 1, 0, 0, 0, 0, 3, 1, 0, 3, 0, 0, 1, 0, 1]"
1142,SP1,2010,La Coruna,"[1, 1, 1, 0, 0, 0, 1, 0, 3, 3, 1, 3, 0, 3, 0, 1, 3, 0, 0, 0, 1, 0, 3, 1, 1, 1, 3, 0, 0, 3, 1, 3, 0, 0, 1, 3, 1, 0]"
1143,SP1,2010,Levante,"[0, 0, 0, 3, 1, 1, 3, 0, 0, 0, 0, 3, 0, 3, 1, 0, 0, 0, 0, 0, 3, 3, 3, 0, 3, 1, 3, 1, 3, 3, 1, 3, 0, 1, 0, 1, 1, 0]"
1144,SP1,2010,Malaga,"[0, 3, 0, 3, 0, 1, 0, 0, 0, 0, 3, 0, 0, 3, 0, 0, 3, 1, 0, 0, 0, 1, 1, 1, 3, 0, 0, 3, 3, 0, 1, 3, 3, 3, 3, 3, 1, 0]"
1145,SP1,2010,Mallorca,"[1, 0, 3, 0, 3, 1, 0, 3, 3, 0, 1, 3, 3, 0, 0, 0, 3, 3, 0, 0, 0, 1, 3, 0, 0, 3, 0, 1, 3, 0, 1, 0, 3, 0, 1, 1, 0, 0]"
1146,SP1,2010,Osasuna,"[1, 0, 0, 3, 0, 1, 1, 3, 0, 3, 0, 3, 0, 0, 1, 1, 0, 1, 0, 0, 3, 1, 0, 3, 0, 1, 3, 3, 3, 0, 0, 0, 0, 3, 3, 3, 0, 3]"
1147,SP1,2010,Real Madrid,"[1, 3, 3, 3, 1, 3, 3, 3, 3, 3, 3, 3, 0, 3, 3, 3, 3, 3, 1, 3, 0, 3, 3, 3, 1, 3, 3, 3, 3, 0, 3, 1, 3, 0, 3, 3, 3, 3]"
1148,SP1,2010,Santander,"[0, 0, 3, 1, 0, 0, 3, 0, 3, 0, 1, 0, 3, 0, 3, 1, 1, 1, 0, 0, 1, 1, 3, 3, 1, 1, 0, 0, 3, 3, 1, 0, 0, 3, 3, 3, 0, 0]"
1149,SP1,2010,Sevilla,"[3, 1, 3, 1, 0, 3, 0, 3, 0, 3, 3, 0, 0, 0, 0, 0, 3, 3, 0, 3, 1, 1, 0, 3, 1, 3, 0, 1, 3, 3, 1, 0, 3, 3, 0, 0, 3, 3]"
1150,SP1,2010,Sociedad,"[3, 1, 0, 0, 0, 3, 0, 3, 3, 3, 0, 0, 3, 3, 0, 0, 0, 0, 3, 0, 3, 0, 3, 3, 0, 1, 0, 0, 0, 0, 0, 3, 0, 3, 0, 3, 0, 1]"
1151,SP1,2010,Sp Gijon,"[0, 3, 1, 0, 0, 1, 3, 0, 1, 1, 0, 0, 0, 0, 1, 1, 0, 1, 3, 3, 3, 0, 1, 1, 1, 0, 3, 1, 3, 3, 3, 0, 3, 1, 1, 0, 3, 1]"
1152,SP1,2010,Valencia,"[3, 3, 3, 1, 3, 3, 0, 0, 1, 0, 3, 1, 3, 0, 1, 3, 3, 3, 3, 3, 1, 3, 3, 1, 3, 0, 3, 0, 0, 3, 3, 3, 0, 0, 3, 1, 1, 3]"
1153,SP1,2010,Villarreal,"[0, 3, 3, 3, 3, 3, 1, 3, 1, 3, 0, 1, 3, 3, 0, 3, 3, 0, 3, 3, 3, 0, 0, 1, 1, 3, 0, 1, 3, 0, 0, 3, 0, 3, 1, 1, 0, 0]"
1154,SP1,2010,Zaragoza,"[1, 0, 0, 1, 0, 1, 0, 0, 1, 3, 0, 1, 0, 1, 0, 1, 3, 0, 3, 3, 3, 1, 0, 0, 1, 3, 0, 3, 0, 0, 3, 0, 3, 3, 0, 0, 3, 3]"
1155,SP1,2011,Ath Bilbao,"[1, 0, 0, 0, 1, 3, 3, 1, 3, 1, 1, 3, 0, 1, 1, 3, 1, 3, 0, 3, 1, 0, 3, 1, 3, 0, 0, 0, 1, 0, 3, 1, 3, 3, 0, 0, 1, 0]"
1156,SP1,2011,Ath Madrid,"[1, 0, 3, 3, 0, 1, 1, 1, 0, 3, 0, 3, 0, 3, 0, 0, 1, 3, 3, 3, 1, 1, 1, 0, 1, 3, 0, 3, 0, 3, 0, 0, 3, 3, 1, 1, 3, 3]"
1157,SP1,2011,Barcelona,"[3, 1, 3, 1, 3, 3, 3, 1, 3, 3, 1, 3, 0, 3, 3, 3, 1, 3, 3, 1, 3, 0, 3, 3, 3, 3, 3, 3, 3, 3, 3, 3, 3, 0, 3, 3, 3, 1]"
1158,SP1,2011,Betis,"[3, 3, 3, 3, 0, 0, 0, 0, 0, 0, 1, 0, 0, 0, 3, 3, 3, 0, 1, 0, 0, 3, 3, 1, 0, 0, 0, 1, 1, 3, 3, 1, 3, 0, 1, 3, 0, 1]"
1159,SP1,2011,Espanol,"[0, 3, 0, 3, 0, 0, 3, 3, 3, 0, 1, 1, 0, 0, 3, 3, 1, 1, 3, 3, 1, 0, 1, 0, 0, 3, 3, 1, 0, 1, 1, 0, 3, 0, 0, 0, 0, 1]"
1160,SP1,2011,Getafe,"[1, 0, 0, 0, 3, 0, 1, 1, 1, 0, 3, 0, 3, 0, 3, 3, 1, 1, 3, 3, 0, 0, 1, 1, 0, 3, 3, 1, 3, 0, 3, 0, 3, 0, 0, 1, 1, 0]"
1161,SP1,2011,Granada,"[0, 0, 3, 0, 1, 0, 1, 0, 0, 3, 1, 3, 3, 1, 0, 3, 0, 0, 0, 3, 3, 0, 3, 0, 0, 0, 3, 0, 0, 3, 1, 1, 0, 3, 0, 3, 0, 0]"
1162,SP1,2011,Levante,"[1, 1, 3, 3, 3, 3, 3, 3, 3, 0, 0, 0, 3, 0, 3, 0, 1, 0, 1, 0, 1, 0, 0, 3, 3, 0, 3, 3, 0, 1, 3, 0, 0, 1, 3, 0, 0, 3]"
1163,SP1,2011,Malaga,"[0, 3, 3, 3, 1, 3, 0, 0, 0, 3, 1, 3, 3, 0, 1, 0, 1, 0, 0, 3, 0, 3, 0, 3, 3, 3, 1, 3, 3, 0, 3, 0, 1, 1, 3, 0, 0, 3]"
1164,SP1,2011,Mallorca,"[3, 0, 0, 0, 3, 1, 1, 1, 0, 0, 1, 3, 1, 1, 3, 0, 1, 0, 3, 0, 3, 0, 3, 0, 1, 1, 3, 3, 0, 0, 1, 3, 0, 3, 3, 3, 3, 0]"
1165,SP1,2011,Osasuna,"[1, 3, 0, 1, 1, 1, 0, 3, 1, 3, 0, 1, 3, 3, 1, 3, 1, 0, 1, 0, 1, 3, 0, 3, 1, 3, 1, 1, 3, 0, 0, 3, 0, 1, 1, 0, 3, 3]"
1166,SP1,2011,Real Madrid,"[3, 3, 0, 1, 3, 3, 3, 3, 3, 3, 3, 3, 3, 3, 0, 3, 3, 3, 3, 3, 3, 3, 3, 3, 3, 3, 1, 1, 3, 3, 1, 3, 3, 3, 3, 3, 3, 3]"
1167,SP1,2011,Santander,"[0, 1, 0, 1, 1, 1, 0, 0, 1, 3, 1, 0, 0, 3, 1, 1, 3, 3, 0, 1, 1, 1, 0, 1, 0, 0, 0, 0, 1, 0, 0, 0, 1, 0, 0, 1, 0, 0]"
1168,SP1,2011,Sevilla,"[3, 1, 3, 1, 3, 1, 3, 1, 1, 0, 1, 0, 3, 3, 0, 0, 0, 1, 1, 0, 0, 0, 3, 3, 1, 0, 0, 3, 3, 3, 0, 3, 0, 1, 0, 0, 3, 1]"
1169,SP1,2011,Sociedad,"[3, 1, 0, 3, 0, 0, 0, 1, 0, 0, 0, 1, 3, 3, 1, 1, 1, 3, 0, 3, 0, 3, 0, 3, 0, 3, 0, 0, 0, 3, 1, 1, 1, 1, 3, 1, 0, 3]"
1170,SP1,2011,Sp Gijon,"[0, 0, 0, 0, 1, 0, 0, 3, 3, 1, 1, 3, 0, 0, 3, 0, 0, 3, 0, 0, 1, 0, 1, 1, 0, 3, 0, 0, 1, 0, 0, 3, 0, 3, 3, 0, 3, 0]"
1171,SP1,2011,Valencia,"[3, 3, 3, 1, 0, 3, 1, 1, 3, 3, 3, 0, 3, 3, 0, 3, 1, 0, 1, 1, 1, 3, 0, 0, 3, 1, 3, 0, 0, 1, 1, 3, 0, 3, 0, 3, 3, 0]"
1172,SP1,2011,Vallecano,"[1, 1, 3, 0, 0, 1, 0, 3, 3, 0, 3, 1, 0, 0, 0, 0, 3, 3, 0, 0, 3, 3, 3, 0, 3, 0, 3, 0, 0, 0, 3, 0, 0, 0, 0, 0, 0, 3]"
1173,SP1,2011,Villarreal,"[0, 1, 0, 3, 1, 1, 1, 0, 0, 3, 1, 3, 0, 0, 1, 0, 1, 0, 3, 1, 3, 3, 0, 1, 0, 0, 0, 1, 3, 1, 0, 3, 1, 1, 1, 3, 0, 0]"
1174,SP1,2011,Zaragoza,"[0, 1, 3, 0, 1, 1, 3, 0, 0, 0, 1, 0, 0, 0, 0, 0, 0, 1, 1, 0, 0, 3, 0, 0, 3, 0, 1, 3, 3, 3, 0, 0, 3, 0, 3, 3, 3, 3]"
1175,SP1,2012,Ath Bilbao,"[0, 0, 3, 1, 1, 0, 3, 0, 0, 3, 3, 0, 1, 0, 3, 3, 0, 0, 0, 1, 3, 1, 0, 0, 0, 3, 3, 0, 3, 0, 0, 1, 1, 1, 3, 3, 0, 1]"
1176,SP1,2012,Ath Madrid,"[1, 3, 3, 3, 3, 3, 3, 3, 3, 0, 3, 3, 3, 0, 3, 0, 3, 1, 3, 3, 0, 3, 0, 3, 3, 1, 0, 3, 1, 1, 3, 3, 0, 1, 3, 0, 1, 3]"
1177,SP1,2012,Barcelona,"[3, 3, 3, 3, 3, 3, 1, 3, 3, 3, 3, 3, 3, 3, 3, 3, 3, 3, 3, 0, 3, 1, 3, 3, 3, 0, 3, 3, 1, 3, 3, 3, 1, 3, 3, 3, 3, 3]"
1178,SP1,2012,Betis,"[3, 0, 3, 3, 0, 0, 3, 1, 3, 3, 0, 0, 3, 3, 0, 3, 0, 3, 3, 1, 0, 0, 1, 0, 3, 1, 3, 0, 1, 3, 1, 0, 1, 0, 3, 0, 3, 1]"
1179,SP1,2012,Celta,"[0, 0, 3, 0, 3, 0, 3, 0, 1, 0, 0, 1, 3, 1, 0, 0, 0, 3, 0, 1, 1, 0, 0, 0, 3, 0, 0, 0, 1, 0, 0, 3, 3, 1, 0, 0, 3, 3]"
1180,SP1,2012,Espanol,"[0, 0, 0, 1, 0, 0, 1, 3, 1, 3, 0, 0, 0, 1, 1, 1, 3, 0, 3, 3, 1, 3, 3, 3, 0, 1, 0, 3, 1, 3, 1, 3, 0, 0, 1, 0, 0, 0]"
1181,SP1,2012,Getafe,"[0, 3, 1, 0, 0, 3, 3, 0, 3, 0, 0, 3, 3, 3, 1, 1, 0, 0, 1, 1, 0, 3, 0, 3, 3, 3, 1, 3, 1, 1, 0, 0, 0, 3, 0, 0, 0, 0]"
1182,SP1,2012,Granada,"[0, 1, 0, 1, 0, 3, 3, 0, 0, 0, 3, 0, 0, 1, 0, 1, 3, 0, 1, 3, 0, 3, 3, 0, 0, 0, 1, 1, 0, 0, 0, 1, 3, 3, 1, 3, 0, 3]"
1183,SP1,2012,La Coruna,"[3, 1, 1, 1, 0, 0, 0, 0, 1, 3, 0, 0, 1, 0, 0, 1, 0, 3, 1, 0, 0, 0, 0, 0, 0, 1, 0, 3, 3, 3, 3, 1, 1, 1, 0, 3, 0, 0]"
1184,SP1,2012,Levante,"[1, 0, 3, 0, 3, 0, 3, 3, 3, 1, 0, 3, 0, 1, 3, 3, 0, 3, 0, 0, 3, 0, 0, 1, 0, 1, 1, 1, 3, 0, 0, 0, 0, 1, 1, 0, 3, 1]"
1185,SP1,2012,Malaga,"[3, 1, 3, 3, 1, 3, 0, 3, 1, 0, 0, 1, 3, 0, 3, 3, 3, 0, 0, 1, 3, 1, 3, 3, 0, 1, 1, 0, 3, 0, 3, 0, 3, 0, 0, 1, 3, 0]"
1186,SP1,2012,Mallorca,"[3, 1, 3, 1, 3, 0, 0, 0, 0, 0, 0, 1, 0, 1, 0, 0, 3, 1, 0, 0, 0, 0, 1, 0, 0, 3, 3, 0, 0, 0, 3, 1, 0, 1, 0, 3, 1, 3]"
1187,SP1,2012,Osasuna,"[0, 0, 0, 1, 0, 3, 0, 1, 0, 0, 3, 1, 1, 3, 0, 1, 0, 0, 1, 3, 0, 3, 1, 3, 3, 0, 0, 0, 3, 0, 0, 1, 1, 0, 3, 0, 3, 0]"
1188,SP1,2012,Real Madrid,"[1, 0, 3, 0, 3, 3, 1, 3, 3, 3, 3, 3, 0, 3, 3, 1, 0, 3, 1, 3, 3, 0, 3, 3, 3, 3, 3, 3, 1, 3, 3, 3, 3, 3, 3, 1, 1, 3]"
1189,SP1,2012,Sevilla,"[3, 1, 1, 3, 3, 0, 0, 3, 0, 1, 0, 3, 0, 0, 1, 0, 0, 3, 0, 1, 3, 3, 0, 3, 0, 3, 0, 3, 0, 3, 1, 0, 1, 3, 1, 0, 0, 3]"
1190,SP1,2012,Sociedad,"[0, 3, 0, 3, 0, 3, 0, 0, 1, 0, 3, 3, 1, 3, 1, 1, 3, 0, 1, 3, 1, 3, 3, 1, 3, 1, 3, 3, 1, 3, 3, 1, 3, 0, 1, 3, 1, 3]"
1191,SP1,2012,Valencia,"[1, 1, 0, 3, 0, 3, 0, 3, 0, 3, 1, 3, 0, 0, 3, 0, 3, 3, 3, 0, 3, 1, 3, 3, 1, 1, 0, 3, 1, 3, 1, 3, 0, 3, 3, 3, 3, 0]"
1192,SP1,2012,Valladolid,"[3, 3, 0, 0, 0, 3, 1, 0, 1, 3, 1, 0, 3, 3, 0, 1, 0, 0, 3, 3, 0, 1, 1, 0, 3, 1, 1, 0, 0, 0, 3, 1, 1, 0, 3, 0, 0, 0]"
1193,SP1,2012,Vallecano,"[3, 3, 1, 0, 0, 0, 3, 0, 0, 3, 3, 0, 3, 0, 0, 3, 3, 3, 3, 0, 3, 0, 3, 0, 0, 1, 3, 0, 0, 3, 0, 1, 1, 0, 0, 3, 3, 1]"
1194,SP1,2012,Zaragoza,"[0, 3, 0, 0, 3, 0, 0, 3, 3, 0, 3, 0, 0, 1, 3, 0, 3, 0, 0, 0, 1, 1, 0, 0, 1, 0, 1, 0, 1, 0, 0, 0, 3, 3, 1, 0, 0, 0]"
1195,SP1,2013,Almeria,"[0, 1, 1, 0, 1, 0, 0, 0, 0, 0, 3, 3, 3, 0, 0, 1, 3, 3, 0, 0, 3, 0, 3, 0, 1, 0, 0, 0, 3, 1, 0, 0, 0, 0, 3, 3, 3, 1]"
1196,SP1,2013,Ath Bilbao,"[3, 3, 0, 3, 0, 3, 0, 1, 3, 3, 1, 0, 3, 3, 3, 1, 3, 0, 3, 3, 3, 1, 1, 0, 3, 3, 1, 1, 3, 1, 0, 3, 3, 0, 3, 3, 1, 1]"
1197,SP1,2013,Ath Madrid,"[3, 3, 3, 3, 3, 3, 3, 3, 0, 3, 3, 3, 1, 3, 3, 3, 3, 3, 1, 1, 3, 3, 0, 3, 0, 1, 3, 3, 3, 3, 3, 3, 3, 3, 3, 0, 1, 1]"
1198,SP1,2013,Barcelona,"[3, 3, 3, 3, 3, 3, 3, 3, 1, 3, 3, 3, 3, 3, 0, 3, 3, 3, 1, 1, 3, 0, 3, 3, 0, 3, 0, 3, 3, 3, 3, 3, 0, 3, 3, 1, 1, 1]"
1199,SP1,2013,Betis,"[0, 0, 1, 3, 1, 0, 3, 0, 0, 0, 1, 0, 0, 0, 1, 0, 0, 1, 0, 0, 0, 3, 0, 0, 0, 1, 3, 1, 0, 3, 0, 0, 0, 0, 0, 0, 3, 0]"
1200,SP1,2013,Celta,"[1, 3, 1, 0, 1, 0, 0, 0, 0, 3, 0, 3, 0, 0, 3, 0, 1, 0, 3, 0, 3, 3, 1, 3, 1, 0, 0, 3, 0, 0, 3, 0, 1, 3, 3, 3, 3, 0]"
1201,SP1,2013,Elche,"[0, 1, 1, 1, 0, 0, 3, 3, 3, 0, 1, 0, 1, 3, 0, 0, 0, 0, 1, 3, 0, 3, 1, 1, 0, 3, 0, 1, 0, 1, 1, 3, 0, 0, 1, 3, 1, 0]"
1202,SP1,2013,Espanol,"[1, 3, 1, 3, 3, 0, 0, 0, 3, 0, 1, 0, 0, 3, 0, 1, 3, 0, 0, 3, 1, 0, 3, 3, 0, 1, 3, 0, 1, 3, 0, 0, 1, 0, 0, 0, 1, 0]"
1203,SP1,2013,Getafe,"[0, 1, 0, 3, 0, 3, 3, 3, 3, 0, 3, 0, 1, 0, 3, 0, 0, 0, 0, 1, 0, 1, 0, 0, 1, 1, 0, 1, 0, 0, 3, 0, 0, 1, 3, 1, 3, 3]"
1204,SP1,2013,Granada,"[3, 0, 1, 0, 1, 0, 3, 0, 0, 3, 0, 3, 3, 0, 0, 3, 0, 0, 3, 1, 0, 0, 0, 3, 0, 0, 3, 1, 3, 0, 0, 0, 3, 0, 0, 1, 0, 3]"
1205,SP1,2013,Levante,"[0, 1, 3, 1, 1, 1, 3, 0, 3, 3, 1, 0, 0, 0, 0, 3, 0, 0, 3, 1, 3, 1, 1, 3, 1, 3, 0, 0, 1, 0, 3, 0, 0, 1, 1, 3, 3, 0]"
1206,SP1,2013,Malaga,"[0, 0, 1, 3, 1, 3, 1, 0, 0, 0, 1, 3, 0, 0, 1, 3, 3, 0, 0, 1, 0, 3, 0, 0, 1, 1, 3, 0, 3, 0, 3, 3, 0, 3, 0, 0, 1, 3]"
1207,SP1,2013,Osasuna,"[0, 0, 0, 0, 3, 0, 0, 3, 1, 0, 3, 0, 0, 3, 0, 1, 1, 3, 3, 1, 0, 0, 3, 1, 3, 0, 0, 0, 0, 0, 1, 3, 1, 1, 0, 0, 1, 3]"
1208,SP1,2013,Real Madrid,"[3, 3, 3, 1, 3, 3, 0, 3, 3, 0, 3, 3, 3, 3, 3, 1, 3, 3, 3, 3, 3, 1, 3, 3, 3, 1, 3, 3, 0, 0, 3, 3, 3, 3, 1, 1, 0, 3]"
1209,SP1,2013,Sevilla,"[0, 1, 1, 0, 0, 3, 1, 3, 1, 3, 0, 0, 3, 3, 3, 1, 3, 3, 1, 1, 0, 0, 0, 1, 3, 3, 3, 3, 3, 3, 0, 3, 3, 3, 0, 1, 0, 3]"
1210,SP1,2013,Sociedad,"[3, 1, 0, 1, 1, 0, 1, 0, 3, 3, 1, 3, 0, 3, 3, 3, 3, 3, 0, 1, 3, 0, 1, 3, 3, 0, 0, 3, 0, 3, 1, 0, 1, 3, 3, 1, 1, 0]"
1211,SP1,2013,Valencia,"[3, 0, 0, 0, 3, 3, 3, 1, 0, 0, 0, 3, 1, 0, 3, 0, 0, 3, 0, 1, 1, 3, 3, 1, 3, 0, 1, 0, 3, 1, 0, 1, 3, 1, 0, 1, 0, 3]"
1212,SP1,2013,Valladolid,"[0, 0, 3, 1, 0, 1, 1, 0, 1, 3, 1, 0, 1, 0, 0, 3, 0, 1, 0, 0, 3, 1, 1, 0, 1, 1, 3, 0, 1, 0, 3, 1, 1, 0, 3, 1, 0, 0]"
1213,SP1,2013,Vallecano,"[3, 0, 0, 0, 0, 0, 0, 3, 3, 0, 0, 0, 3, 0, 1, 0, 0, 0, 3, 0, 0, 1, 3, 0, 0, 3, 3, 3, 1, 3, 0, 3, 1, 3, 3, 0, 0, 0]"
1214,SP1,2013,Villarreal,"[3, 3, 3, 1, 1, 3, 0, 3, 0, 3, 0, 3, 1, 3, 1, 0, 0, 3, 3, 3, 0, 3, 0, 0, 3, 1, 0, 1, 0, 3, 1, 0, 3, 0, 0, 1, 3, 3]"
1215,SP1,2014,Almeria,"[1, 0, 1, 3, 0, 3, 1, 0, 0, 0, 0, 1, 0, 0, 0, 3, 3, 0, 0, 0, 3, 3, 1, 0, 1, 0, 1, 0, 0, 0, 3, 0, 3, 0, 1, 0, 0, 0]"
1216,SP1,2014,Ath Bilbao,"[0, 3, 0, 0, 0, 1, 0, 1, 3, 3, 1, 3, 3, 0, 1, 0, 0, 0, 0, 1, 3, 0, 1, 3, 3, 3, 3, 3, 0, 1, 0, 3, 3, 1, 1, 1, 3, 3]"
1217,SP1,2014,Ath Madrid,"[1, 3, 3, 1, 3, 3, 0, 3, 3, 3, 0, 3, 3, 3, 0, 3, 3, 0, 3, 3, 3, 3, 0, 3, 1, 1, 1, 3, 3, 3, 1, 3, 3, 3, 1, 1, 0, 1]"
1218,SP1,2014,Barcelona,"[3, 3, 3, 3, 1, 3, 3, 3, 0, 0, 3, 3, 3, 3, 1, 3, 0, 3, 3, 3, 3, 3, 3, 0, 3, 3, 3, 3, 3, 3, 1, 3, 3, 3, 3, 3, 3, 1]"
1219,SP1,2014,Celta,"[3, 1, 1, 1, 3, 3, 0, 1, 3, 3, 1, 0, 0, 0, 0, 0, 0, 1, 0, 0, 3, 1, 3, 3, 1, 0, 0, 3, 0, 1, 3, 3, 0, 3, 1, 1, 1, 3]"
1220,SP1,2014,Cordoba,"[0, 1, 1, 0, 0, 1, 1, 0, 1, 0, 1, 1, 0, 3, 1, 0, 3, 3, 1, 0, 0, 0, 0, 0, 0, 0, 0, 0, 0, 1, 0, 1, 0, 0, 0, 0, 0, 0]"
1221,SP1,2014,Eibar,"[3, 0, 0, 3, 1, 1, 1, 0, 1, 3, 0, 0, 3, 3, 1, 0, 3, 3, 1, 0, 0, 0, 0, 0, 0, 0, 0, 1, 0, 3, 0, 0, 0, 0, 0, 0, 1, 3]"
1222,SP1,2014,Elche,"[0, 1, 3, 0, 0, 0, 1, 0, 0, 3, 1, 1, 0, 0, 0, 0, 1, 3, 3, 0, 0, 3, 3, 0, 1, 3, 0, 0, 1, 0, 3, 3, 0, 3, 3, 0, 0, 1]"
1223,SP1,2014,Espanol,"[1, 0, 0, 1, 3, 1, 3, 0, 1, 0, 1, 0, 3, 0, 3, 3, 0, 0, 3, 3, 0, 0, 3, 0, 3, 0, 1, 1, 1, 3, 3, 1, 0, 3, 1, 3, 0, 0]"
1224,SP1,2014,Getafe,"[0, 3, 0, 0, 0, 3, 1, 3, 0, 3, 1, 0, 0, 1, 1, 1, 0, 0, 0, 3, 0, 3, 0, 3, 0, 3, 0, 0, 3, 3, 1, 0, 0, 0, 0, 0, 1, 0]"
1225,SP1,2014,Granada,"[3, 1, 1, 3, 0, 0, 0, 0, 1, 0, 1, 1, 0, 1, 0, 1, 0, 1, 0, 1, 3, 0, 1, 0, 0, 3, 0, 1, 0, 1, 0, 1, 0, 0, 3, 3, 3, 1]"
1226,SP1,2014,La Coruna,"[0, 1, 3, 0, 0, 0, 0, 3, 1, 0, 1, 1, 0, 0, 3, 0, 3, 1, 0, 1, 3, 3, 0, 0, 1, 0, 0, 1, 0, 1, 1, 0, 1, 0, 1, 1, 3, 1]"
1227,SP1,2014,Levante,"[0, 0, 1, 0, 3, 0, 1, 0, 0, 3, 1, 3, 0, 1, 1, 1, 0, 1, 0, 0, 0, 3, 0, 3, 0, 3, 0, 0, 3, 0, 0, 1, 3, 3, 0, 1, 0, 1]"
1228,SP1,2014,Malaga,"[3, 0, 1, 1, 1, 0, 3, 3, 3, 3, 3, 0, 0, 3, 3, 3, 0, 1, 0, 1, 3, 0, 0, 3, 3, 0, 3, 0, 1, 0, 1, 0, 1, 0, 0, 3, 0, 0]"
1229,SP1,2014,Real Madrid,"[3, 0, 0, 3, 3, 3, 3, 3, 3, 3, 3, 3, 3, 3, 3, 0, 3, 3, 3, 3, 3, 0, 3, 3, 1, 0, 3, 0, 3, 3, 3, 3, 3, 3, 3, 1, 3, 3]"
1230,SP1,2014,Sevilla,"[1, 3, 3, 3, 3, 0, 3, 3, 3, 0, 1, 0, 3, 3, 1, 3, 3, 3, 0, 3, 0, 0, 3, 0, 1, 3, 3, 3, 3, 3, 1, 1, 3, 3, 0, 1, 3, 3]"
1231,SP1,2014,Sociedad,"[0, 3, 1, 0, 0, 1, 0, 0, 1, 0, 3, 1, 3, 0, 1, 1, 3, 1, 0, 3, 0, 1, 1, 3, 0, 3, 3, 3, 1, 0, 1, 0, 1, 1, 3, 0, 0, 3]"
1232,SP1,2014,Valencia,"[1, 3, 3, 3, 3, 1, 3, 0, 3, 3, 1, 0, 0, 1, 3, 3, 3, 1, 3, 3, 0, 3, 3, 3, 3, 1, 3, 3, 1, 1, 3, 0, 3, 1, 3, 1, 1, 3]"
1233,SP1,2014,Vallecano,"[1, 1, 0, 0, 3, 3, 0, 3, 0, 0, 0, 3, 3, 0, 0, 0, 3, 0, 3, 0, 0, 0, 3, 0, 3, 0, 3, 3, 3, 0, 0, 3, 0, 1, 1, 3, 3, 0]"
1234,SP1,2014,Villarreal,"[3, 0, 1, 3, 1, 0, 3, 3, 0, 0, 1, 3, 3, 3, 3, 3, 1, 1, 3, 3, 0, 3, 0, 3, 1, 3, 1, 0, 1, 0, 1, 1, 1, 0, 1, 3, 3, 0]"
1235,SP1,2015,Ath Bilbao,"[0, 0, 3, 0, 0, 1, 3, 1, 3, 3, 3, 0, 3, 1, 0, 3, 3, 1, 0, 0, 3, 3, 1, 0, 0, 3, 3, 3, 3, 0, 1, 3, 3, 0, 1, 3, 1, 3]"
1236,SP1,2015,Ath Madrid,"[3, 3, 0, 3, 3, 0, 1, 3, 3, 1, 3, 3, 3, 3, 3, 0, 3, 3, 3, 3, 1, 0, 3, 3, 1, 3, 3, 3, 3, 0, 3, 3, 3, 3, 3, 3, 0, 3]"
1237,SP1,2015,Barcelona,"[3, 3, 3, 3, 0, 3, 0, 3, 3, 3, 3, 3, 3, 1, 1, 3, 1, 3, 3, 3, 3, 3, 3, 3, 3, 3, 3, 3, 3, 1, 0, 0, 0, 3, 3, 3, 3, 3]"
1238,SP1,2015,Betis,"[1, 0, 3, 1, 0, 3, 3, 0, 1, 0, 3, 0, 3, 1, 0, 1, 0, 0, 0, 1, 1, 0, 3, 1, 1, 1, 3, 3, 0, 0, 0, 3, 1, 3, 0, 0, 1, 3]"
1239,SP1,2015,Celta,"[3, 3, 1, 3, 3, 1, 1, 3, 0, 3, 0, 0, 3, 1, 3, 3, 0, 0, 0, 3, 0, 0, 1, 0, 3, 3, 1, 0, 3, 3, 1, 3, 1, 1, 3, 0, 3, 0]"
1240,SP1,2015,Eibar,"[3, 3, 1, 0, 1, 1, 3, 1, 0, 3, 3, 1, 0, 0, 1, 0, 3, 3, 3, 3, 0, 0, 0, 3, 0, 0, 0, 0, 1, 1, 0, 0, 3, 0, 1, 0, 1, 0]"
1241,SP1,2015,Espanol,"[3, 0, 0, 3, 3, 0, 0, 3, 0, 1, 0, 3, 0, 1, 0, 3, 0, 1, 0, 0, 1, 0, 0, 0, 3, 3, 0, 3, 1, 3, 1, 0, 0, 1, 0, 3, 0, 3]"
1242,SP1,2015,Getafe,"[0, 0, 0, 3, 0, 3, 1, 3, 0, 0, 0, 1, 3, 0, 1, 1, 1, 3, 3, 3, 0, 0, 0, 0, 0, 0, 0, 1, 0, 1, 0, 0, 0, 3, 1, 3, 1, 0]"
1243,SP1,2015,Granada,"[0, 3, 0, 0, 0, 0, 1, 1, 1, 1, 0, 3, 1, 0, 3, 0, 0, 3, 0, 0, 3, 0, 0, 0, 0, 3, 3, 0, 1, 1, 1, 1, 0, 3, 0, 3, 3, 0]"
1244,SP1,2015,La Coruna,"[1, 1, 3, 0, 3, 3, 1, 1, 0, 1, 1, 3, 3, 1, 1, 3, 1, 0, 0, 1, 1, 1, 1, 1, 0, 0, 0, 1, 0, 3, 1, 0, 1, 0, 1, 0, 3, 0]"
1245,SP1,2015,Las Palmas,"[0, 1, 1, 0, 3, 0, 0, 0, 1, 0, 3, 1, 0, 0, 3, 0, 3, 1, 1, 0, 0, 3, 0, 0, 0, 3, 3, 3, 0, 3, 3, 3, 1, 0, 3, 0, 1, 0]"
1246,SP1,2015,Levante,"[0, 1, 1, 0, 1, 0, 3, 0, 0, 0, 1, 3, 0, 1, 0, 0, 0, 0, 3, 0, 3, 0, 0, 0, 3, 0, 0, 1, 3, 0, 1, 0, 3, 0, 1, 0, 3, 0]"
1247,SP1,2015,Malaga,"[1, 0, 1, 0, 0, 1, 3, 0, 3, 0, 0, 0, 1, 1, 3, 3, 3, 3, 1, 0, 0, 3, 3, 0, 1, 1, 0, 1, 3, 3, 1, 1, 0, 1, 0, 3, 0, 3]"
1248,SP1,2015,Real Madrid,"[1, 3, 3, 3, 3, 1, 1, 3, 3, 3, 0, 0, 3, 3, 0, 3, 3, 1, 3, 3, 1, 3, 3, 3, 1, 0, 3, 3, 3, 3, 3, 3, 3, 3, 3, 3, 3, 3]"
1249,SP1,2015,Sevilla,"[1, 0, 1, 0, 0, 3, 3, 1, 3, 0, 3, 0, 3, 1, 3, 1, 3, 0, 3, 3, 1, 3, 1, 3, 1, 0, 3, 1, 3, 0, 0, 0, 1, 0, 3, 0, 0, 0]"
1250,SP1,2015,Sociedad,"[1, 1, 0, 0, 3, 1, 0, 0, 3, 0, 0, 3, 0, 3, 1, 0, 0, 1, 3, 1, 0, 3, 3, 3, 3, 1, 0, 1, 0, 0, 3, 3, 0, 0, 1, 0, 3, 3]"
1251,SP1,2015,Sp Gijon,"[1, 1, 0, 3, 0, 0, 3, 1, 0, 3, 0, 0, 0, 3, 0, 0, 0, 0, 0, 3, 3, 1, 1, 0, 1, 0, 0, 0, 0, 3, 1, 0, 1, 3, 0, 3, 1, 3]"
1252,SP1,2015,Valencia,"[1, 1, 3, 1, 0, 3, 0, 3, 0, 3, 3, 1, 0, 1, 1, 1, 0, 1, 0, 1, 1, 0, 0, 3, 3, 0, 3, 0, 0, 0, 0, 3, 3, 3, 1, 0, 0, 0]"
1253,SP1,2015,Vallecano,"[1, 0, 0, 3, 3, 0, 0, 0, 3, 0, 3, 1, 0, 0, 0, 0, 0, 1, 0, 1, 3, 1, 3, 1, 1, 1, 0, 0, 1, 1, 3, 0, 3, 1, 0, 0, 0, 3]"
1254,SP1,2015,Villarreal,"[1, 3, 3, 3, 3, 3, 0, 0, 1, 3, 0, 1, 0, 3, 3, 3, 3, 3, 3, 1, 1, 3, 1, 3, 1, 3, 1, 0, 0, 1, 3, 3, 0, 0, 1, 3, 0, 0]"
1255,SP1,2016,Alaves,"[1, 1, 3, 1, 0, 3, 0, 1, 0, 0, 3, 0, 3, 1, 1, 3, 1, 0, 1, 1, 3, 0, 3, 3, 0, 1, 3, 3, 0, 0, 0, 3, 1, 1, 3, 3, 3, 1]"
1256,SP1,2016,Ath Bilbao,"[0, 0, 3, 3, 3, 3, 0, 3, 0, 1, 1, 3, 0, 3, 0, 3, 1, 1, 1, 3, 0, 3, 0, 3, 0, 3, 3, 0, 3, 3, 0, 3, 3, 3, 3, 0, 1, 0]"
1257,SP1,2016,Ath Madrid,"[1, 1, 3, 3, 1, 3, 3, 3, 0, 3, 0, 0, 3, 1, 0, 3, 3, 3, 1, 1, 3, 3, 3, 0, 1, 3, 3, 3, 3, 3, 1, 3, 3, 0, 3, 3, 1, 3]"
1258,SP1,2016,Barcelona,"[3, 3, 0, 3, 1, 3, 0, 3, 3, 3, 3, 1, 1, 1, 3, 3, 1, 3, 3, 1, 3, 3, 3, 3, 3, 3, 0, 3, 3, 3, 0, 3, 3, 3, 3, 3, 3, 3]"
1259,SP1,2016,Betis,"[0, 1, 3, 1, 0, 3, 0, 0, 3, 0, 0, 3, 0, 1, 3, 0, 3, 0, 1, 1, 1, 0, 0, 3, 0, 1, 0, 3, 0, 0, 0, 3, 3, 0, 0, 0, 1, 1]"
1260,SP1,2016,Celta,"[0, 0, 0, 1, 3, 3, 3, 0, 3, 1, 3, 0, 3, 1, 0, 0, 3, 3, 0, 3, 0, 3, 1, 1, 0, 0, 3, 3, 0, 0, 3, 0, 0, 0, 0, 0, 0, 1]"
1261,SP1,2016,Eibar,"[0, 3, 3, 1, 0, 3, 1, 0, 1, 3, 0, 3, 3, 0, 1, 1, 0, 3, 0, 3, 3, 3, 0, 3, 1, 0, 1, 1, 3, 3, 3, 0, 0, 1, 3, 0, 0, 0]"
1262,SP1,2016,Espanol,"[0, 1, 1, 0, 3, 0, 1, 1, 1, 3, 1, 3, 3, 1, 3, 0, 1, 0, 3, 3, 3, 0, 0, 3, 1, 0, 3, 1, 3, 0, 3, 3, 0, 1, 0, 3, 0, 3]"
1263,SP1,2016,Granada,"[1, 0, 0, 1, 0, 0, 0, 0, 1, 0, 1, 1, 0, 3, 1, 0, 0, 1, 0, 0, 3, 0, 3, 0, 3, 0, 0, 0, 0, 1, 0, 0, 0, 0, 0, 0, 0, 0]"
1264,SP1,2016,La Coruna,"[3, 1, 0, 1, 0, 0, 3, 0, 0, 1, 1, 0, 0, 3, 0, 3, 1, 1, 1, 0, 0, 0, 0, 1, 3, 1, 3, 0, 0, 1, 0, 3, 0, 0, 1, 0, 1, 3]"
1265,SP1,2016,Las Palmas,"[3, 3, 0, 3, 0, 1, 1, 1, 0, 1, 3, 0, 3, 1, 1, 0, 3, 0, 1, 3, 0, 0, 0, 0, 1, 3, 0, 3, 0, 0, 3, 0, 1, 0, 0, 0, 0, 0]"
1266,SP1,2016,Leganes,"[3, 1, 0, 0, 3, 0, 3, 0, 0, 0, 0, 3, 0, 1, 1, 1, 0, 1, 1, 0, 0, 0, 0, 3, 0, 3, 1, 1, 1, 0, 0, 0, 0, 3, 0, 3, 1, 1]"
1267,SP1,2016,Malaga,"[1, 1, 0, 0, 3, 0, 3, 1, 3, 0, 3, 1, 3, 1, 1, 0, 0, 0, 0, 1, 0, 1, 3, 0, 0, 0, 0, 1, 0, 3, 3, 0, 3, 3, 3, 3, 1, 0]"
1268,SP1,2016,Osasuna,"[1, 0, 0, 1, 0, 0, 1, 3, 0, 1, 0, 0, 0, 0, 0, 0, 1, 1, 0, 1, 0, 0, 0, 0, 0, 0, 1, 0, 0, 3, 3, 0, 1, 0, 1, 0, 3, 0]"
1269,SP1,2016,Real Madrid,"[3, 3, 3, 3, 1, 1, 1, 3, 3, 3, 3, 3, 3, 1, 3, 3, 0, 3, 3, 3, 3, 0, 3, 1, 3, 3, 3, 3, 3, 1, 3, 0, 3, 3, 3, 3, 3, 3]"
1270,SP1,2016,Sevilla,"[3, 1, 3, 1, 3, 0, 3, 3, 3, 1, 0, 3, 3, 0, 3, 3, 3, 3, 3, 0, 1, 3, 3, 3, 3, 1, 1, 0, 1, 0, 3, 1, 3, 3, 0, 1, 0, 3]"
1271,SP1,2016,Sociedad,"[0, 3, 1, 0, 3, 0, 3, 0, 3, 3, 3, 3, 1, 0, 3, 3, 0, 3, 3, 0, 3, 3, 0, 3, 1, 3, 0, 0, 1, 0, 3, 0, 3, 3, 3, 1, 1, 1]"
1272,SP1,2016,Sp Gijon,"[3, 1, 3, 0, 0, 0, 0, 0, 1, 1, 0, 0, 0, 3, 0, 0, 0, 0, 1, 0, 0, 3, 0, 1, 0, 0, 1, 3, 1, 0, 0, 0, 1, 1, 0, 3, 3, 1]"
1273,SP1,2016,Valencia,"[0, 0, 0, 0, 3, 3, 0, 3, 0, 1, 0, 1, 0, 1, 0, 1, 3, 3, 0, 0, 1, 3, 3, 0, 3, 0, 1, 0, 3, 3, 3, 1, 0, 0, 0, 3, 3, 0]"
1274,SP1,2016,Villarreal,"[1, 1, 3, 3, 1, 3, 1, 3, 3, 0, 3, 0, 0, 1, 3, 3, 1, 1, 0, 3, 1, 1, 3, 0, 3, 3, 3, 0, 0, 3, 3, 0, 3, 3, 3, 0, 1, 3]"
1275,SP1,2017,Alaves,"[0, 0, 0, 0, 0, 0, 3, 0, 0, 0, 3, 0, 0, 3, 3, 0, 3, 0, 3, 1, 0, 3, 3, 3, 0, 3, 0, 0, 0, 1, 3, 3, 0, 3, 0, 3, 3, 0]"
1276,SP1,2017,Ath Bilbao,"[1, 3, 3, 0, 0, 1, 0, 3, 0, 0, 0, 1, 1, 1, 3, 1, 3, 3, 1, 1, 1, 0, 1, 0, 3, 1, 0, 3, 0, 1, 3, 0, 1, 0, 0, 3, 0, 0]"
1277,SP1,2017,Ath Madrid,"[1, 3, 1, 3, 3, 3, 1, 1, 3, 1, 3, 1, 3, 3, 3, 3, 0, 3, 3, 1, 3, 3, 3, 3, 3, 3, 0, 3, 0, 3, 1, 3, 0, 1, 3, 0, 3, 1]"
1278,SP1,2017,Barcelona,"[3, 3, 3, 3, 3, 3, 3, 1, 3, 3, 3, 3, 1, 1, 3, 3, 3, 3, 3, 3, 3, 1, 1, 3, 3, 1, 3, 3, 3, 1, 3, 3, 1, 3, 1, 3, 0, 3]"
1279,SP1,2017,Betis,"[0, 3, 0, 3, 3, 3, 1, 0, 3, 0, 1, 0, 1, 0, 0, 3, 0, 3, 3, 0, 0, 3, 3, 0, 3, 1, 0, 3, 3, 3, 3, 3, 3, 1, 3, 0, 1, 0]"
1280,SP1,2017,Celta,"[0, 0, 3, 0, 1, 3, 1, 3, 0, 0, 3, 0, 3, 1, 0, 0, 3, 1, 3, 3, 3, 0, 1, 0, 3, 0, 3, 0, 1, 1, 3, 0, 1, 1, 0, 1, 0, 3]"
1281,SP1,2017,Eibar,"[3, 0, 0, 3, 0, 0, 0, 1, 0, 1, 0, 3, 3, 3, 1, 3, 3, 3, 0, 1, 1, 3, 3, 0, 0, 3, 1, 0, 0, 1, 0, 0, 3, 0, 1, 3, 3, 1]"
1282,SP1,2017,Espanol,"[1, 0, 0, 3, 1, 3, 0, 1, 1, 3, 0, 0, 3, 0, 0, 1, 3, 3, 1, 0, 0, 1, 1, 1, 1, 3, 1, 3, 0, 1, 0, 0, 0, 3, 1, 3, 3, 3]"
1283,SP1,2017,Getafe,"[1, 0, 3, 0, 1, 3, 0, 0, 1, 3, 1, 3, 0, 3, 1, 0, 3, 0, 3, 1, 1, 1, 1, 3, 0, 3, 0, 0, 3, 0, 0, 3, 3, 3, 1, 3, 0, 3]"
1284,SP1,2017,Girona,"[1, 3, 0, 0, 1, 0, 1, 0, 3, 3, 3, 1, 1, 0, 3, 3, 0, 0, 3, 1, 1, 3, 0, 3, 0, 3, 3, 3, 0, 1, 0, 0, 3, 0, 1, 0, 0, 3]"
1285,SP1,2017,La Coruna,"[0, 1, 0, 0, 3, 0, 3, 1, 0, 3, 0, 0, 1, 0, 3, 0, 0, 1, 0, 0, 1, 0, 0, 0, 1, 0, 1, 0, 1, 0, 3, 3, 1, 1, 0, 1, 0, 0]"
1286,SP1,2017,Las Palmas,"[0, 0, 3, 3, 0, 0, 0, 0, 0, 0, 0, 0, 1, 3, 0, 1, 0, 0, 0, 3, 0, 3, 1, 0, 1, 1, 0, 0, 1, 0, 0, 0, 0, 0, 1, 0, 0, 0]"
1287,SP1,2017,Leganes,"[3, 3, 0, 0, 1, 3, 1, 3, 3, 0, 0, 0, 0, 3, 0, 1, 3, 0, 1, 3, 1, 0, 0, 0, 1, 0, 3, 0, 3, 0, 0, 3, 0, 1, 0, 0, 0, 3]"
1288,SP1,2017,Levante,"[3, 1, 1, 1, 3, 0, 0, 1, 1, 1, 0, 3, 0, 1, 0, 1, 1, 0, 0, 0, 1, 1, 0, 0, 0, 0, 1, 3, 3, 1, 3, 0, 3, 3, 3, 3, 3, 0]"
1289,SP1,2017,Malaga,"[0, 0, 0, 0, 0, 1, 0, 0, 0, 3, 0, 3, 0, 1, 3, 0, 0, 0, 0, 1, 1, 0, 0, 0, 0, 0, 0, 0, 1, 3, 0, 0, 0, 3, 0, 0, 0, 0]"
1290,SP1,2017,Real Madrid,"[3, 1, 1, 3, 0, 3, 3, 3, 3, 0, 3, 1, 3, 1, 3, 0, 1, 0, 3, 3, 1, 3, 3, 3, 3, 0, 3, 3, 3, 3, 1, 3, 1, 3, 1, 0, 3, 1]"
1291,SP1,2017,Sevilla,"[1, 3, 3, 3, 3, 0, 3, 0, 0, 3, 0, 3, 3, 3, 0, 1, 0, 0, 0, 3, 1, 0, 3, 3, 0, 3, 3, 0, 0, 1, 0, 1, 1, 0, 3, 3, 1, 3]"
1292,SP1,2017,Sociedad,"[3, 3, 3, 0, 0, 0, 1, 3, 1, 0, 3, 1, 1, 0, 0, 1, 3, 0, 0, 0, 0, 3, 0, 3, 0, 1, 3, 0, 0, 1, 3, 3, 3, 0, 3, 0, 3, 0]"
1293,SP1,2017,Valencia,"[3, 1, 1, 1, 3, 3, 3, 3, 3, 3, 3, 3, 1, 0, 3, 0, 0, 3, 3, 0, 0, 0, 3, 3, 3, 1, 3, 3, 3, 3, 3, 0, 0, 1, 1, 0, 3, 3]"
1294,SP1,2017,Villarreal,"[0, 0, 3, 3, 1, 0, 3, 3, 3, 1, 3, 1, 0, 0, 0, 3, 3, 1, 3, 3, 3, 0, 0, 1, 3, 0, 0, 3, 3, 0, 0, 1, 3, 3, 3, 0, 3, 1]"
1295,SP1,2018,Alaves,"[0, 1, 3, 3, 3, 1, 0, 3, 3, 3, 0, 3, 0, 1, 0, 1, 3, 3, 1, 0, 0, 0, 3, 1, 1, 3, 1, 3, 0, 0, 1, 0, 1, 0, 1, 0, 0, 3]"
1296,SP1,2018,Ath Bilbao,"[3, 1, 1, 1, 0, 1, 0, 1, 1, 1, 0, 0, 1, 0, 3, 1, 1, 3, 3, 1, 3, 0, 1, 3, 3, 0, 1, 3, 3, 3, 0, 3, 0, 3, 1, 0, 3, 0]"
1297,SP1,2018,Ath Madrid,"[1, 3, 0, 1, 3, 3, 1, 3, 1, 3, 1, 3, 1, 1, 3, 3, 3, 1, 3, 3, 3, 0, 0, 3, 3, 3, 3, 0, 3, 3, 0, 3, 3, 3, 3, 0, 1, 1]"
1298,SP1,2018,Barcelona,"[3, 3, 3, 3, 1, 0, 1, 1, 3, 3, 3, 0, 1, 3, 3, 3, 3, 3, 3, 3, 3, 1, 1, 3, 3, 3, 3, 3, 3, 1, 3, 1, 3, 3, 3, 0, 3, 1]"
1299,SP1,2018,Betis,"[0, 1, 3, 1, 1, 3, 3, 0, 0, 0, 1, 3, 0, 3, 3, 3, 1, 0, 0, 3, 0, 3, 0, 1, 3, 0, 3, 0, 1, 0, 3, 0, 0, 0, 1, 0, 3, 3]"
1300,SP1,2018,Celta,"[1, 3, 3, 0, 1, 1, 1, 0, 0, 3, 1, 0, 0, 3, 3, 1, 0, 0, 0, 0, 0, 3, 0, 0, 1, 0, 0, 0, 3, 1, 3, 0, 3, 1, 1, 3, 0, 1]"
1301,SP1,2018,Eibar,"[0, 0, 3, 1, 3, 0, 0, 3, 1, 0, 3, 1, 3, 0, 1, 1, 1, 1, 0, 3, 1, 3, 1, 1, 0, 3, 1, 0, 1, 3, 0, 1, 0, 0, 3, 3, 0, 1]"
1302,SP1,2018,Espanol,"[1, 3, 0, 3, 0, 3, 1, 3, 3, 1, 3, 0, 0, 0, 0, 0, 0, 3, 0, 0, 0, 1, 3, 1, 1, 3, 1, 0, 0, 1, 3, 3, 1, 1, 1, 3, 3, 3]"
1303,SP1,2018,Getafe,"[0, 3, 1, 3, 0, 1, 1, 0, 3, 3, 1, 0, 1, 3, 1, 3, 1, 0, 3, 3, 0, 1, 3, 1, 3, 3, 3, 1, 0, 1, 3, 1, 3, 1, 0, 3, 0, 1]"
1304,SP1,2018,Girona,"[1, 0, 3, 3, 1, 0, 1, 0, 1, 3, 3, 1, 3, 1, 0, 0, 1, 1, 1, 0, 0, 0, 0, 3, 1, 3, 0, 3, 0, 0, 0, 0, 0, 0, 3, 0, 0, 0]"
1305,SP1,2018,Huesca,"[3, 1, 0, 0, 0, 0, 1, 0, 0, 0, 1, 0, 1, 0, 0, 1, 0, 3, 0, 0, 1, 3, 3, 0, 1, 3, 0, 0, 0, 1, 1, 1, 1, 3, 1, 0, 0, 3]"
1306,SP1,2018,Leganes,"[0, 1, 0, 0, 0, 3, 0, 3, 1, 0, 1, 1, 3, 3, 1, 1, 1, 0, 3, 0, 1, 3, 3, 0, 1, 3, 0, 0, 3, 3, 1, 1, 0, 0, 1, 3, 0, 0]"
1307,SP1,2018,Levante,"[3, 0, 1, 0, 0, 0, 3, 3, 3, 3, 1, 0, 1, 3, 1, 0, 0, 1, 0, 3, 0, 1, 0, 3, 0, 0, 0, 1, 1, 0, 1, 0, 1, 3, 0, 3, 3, 1]"
1308,SP1,2018,Real Madrid,"[3, 3, 3, 1, 3, 0, 1, 0, 0, 0, 3, 3, 0, 3, 3, 3, 1, 0, 3, 3, 3, 3, 3, 0, 3, 0, 3, 3, 3, 0, 3, 1, 3, 1, 0, 3, 0, 0]"
1309,SP1,2018,Sevilla,"[3, 1, 0, 0, 3, 3, 3, 3, 0, 3, 1, 3, 3, 1, 1, 3, 1, 1, 0, 0, 3, 0, 1, 0, 0, 0, 3, 3, 0, 3, 3, 3, 0, 3, 0, 0, 1, 3]"
1310,SP1,2018,Sociedad,"[3, 1, 0, 0, 3, 1, 0, 3, 1, 0, 1, 3, 3, 0, 0, 0, 0, 3, 3, 1, 1, 3, 1, 3, 1, 0, 0, 1, 1, 3, 0, 1, 0, 0, 3, 3, 3, 0]"
1311,SP1,2018,Valencia,"[1, 0, 1, 1, 1, 1, 3, 1, 1, 1, 0, 3, 3, 0, 1, 1, 3, 0, 1, 3, 3, 1, 1, 1, 1, 3, 3, 1, 3, 3, 0, 3, 3, 0, 0, 3, 3, 3]"
1312,SP1,2018,Valladolid,"[1, 0, 1, 0, 1, 3, 3, 3, 3, 1, 0, 1, 0, 0, 3, 0, 1, 0, 1, 0, 3, 0, 1, 0, 0, 0, 0, 3, 1, 0, 0, 1, 1, 3, 0, 3, 3, 0]"
1313,SP1,2018,Vallecano,"[0, 0, 3, 0, 1, 1, 0, 0, 1, 0, 0, 1, 0, 3, 0, 0, 3, 3, 3, 1, 3, 0, 0, 0, 0, 0, 0, 0, 1, 0, 3, 0, 1, 0, 3, 0, 0, 1]"
1314,SP1,2018,Villarreal,"[0, 1, 0, 3, 1, 3, 0, 0, 1, 0, 1, 1, 3, 0, 0, 1, 1, 1, 0, 1, 0, 1, 1, 3, 0, 0, 3, 3, 0, 1, 0, 3, 3, 3, 1, 0, 3, 1]"
1315,SP1,2019,Alaves,"[3, 1, 1, 0, 0, 0, 3, 0, 3, 0, 1, 0, 3, 3, 0, 0, 1, 0, 1, 3, 0, 1, 3, 0, 3, 1, 1, 0, 3, 0, 0, 0]"
1316,SP1,2019,Ath Bilbao,"[3, 1, 3, 1, 3, 1, 0, 0, 1, 0, 3, 1, 3, 3, 3, 0, 1, 1, 1, 1, 1, 0, 0, 0, 0, 3, 3, 1, 1, 3, 0, 3]"
1317,SP1,2019,Ath Madrid,"[3, 3, 3, 0, 1, 3, 1, 1, 1, 3, 1, 1, 3, 1, 0, 1, 3, 3, 3, 0, 1, 0, 3, 1, 3, 1, 1, 1, 3, 3, 3, 3, 1]"
1318,SP1,2019,Barcelona,"[0, 3, 1, 3, 0, 3, 3, 3, 3, 3, 0, 3, 3, 3, 3, 1, 1, 3, 1, 3, 0, 3, 3, 3, 3, 0, 3, 3, 3, 1, 3, 1, 1]"
1319,SP1,2019,Betis,"[0, 0, 3, 1, 1, 3, 0, 1, 0, 0, 3, 1, 0, 3, 3, 3, 1, 0, 1, 3, 0, 1, 0, 1, 1, 0, 3, 0, 1, 0, 3, 0]"
1320,SP1,2019,Celta,"[0, 3, 1, 0, 1, 1, 0, 3, 0, 0, 0, 0, 0, 3, 1, 0, 1, 0, 1, 1, 1, 0, 3, 1, 3, 1, 1, 0, 1, 3, 3, 1, 0]"
1321,SP1,2019,Eibar,"[0, 1, 0, 0, 1, 3, 3, 1, 0, 0, 3, 3, 0, 0, 0, 0, 1, 3, 0, 3, 1, 1, 0, 0, 3, 0, 0, 0, 1, 1, 3, 3]"
1322,SP1,2019,Espanol,"[0, 1, 0, 3, 0, 1, 0, 0, 0, 3, 0, 0, 0, 1, 0, 0, 1, 0, 1, 3, 1, 0, 3, 1, 0, 1, 0, 3, 1, 0, 0, 0]"
1323,SP1,2019,Getafe,"[0, 1, 1, 1, 3, 1, 0, 3, 3, 0, 3, 3, 1, 1, 3, 3, 3, 0, 0, 3, 3, 3, 3, 0, 0, 3, 1, 0, 1, 1, 1, 3]"
1324,SP1,2019,Granada,"[1, 0, 3, 3, 3, 1, 3, 0, 3, 3, 0, 0, 0, 1, 0, 3, 0, 0, 3, 0, 0, 3, 0, 3, 3, 1, 1, 3, 1, 0, 1, 0]"
1325,SP1,2019,Leganes,"[0, 0, 0, 0, 1, 1, 0, 0, 0, 3, 0, 0, 1, 0, 0, 3, 1, 3, 1, 0, 1, 3, 0, 1, 0, 1, 3, 0, 0, 1, 1, 0, 0]"
1326,SP1,2019,Levante,"[0, 3, 3, 0, 1, 0, 1, 3, 0, 0, 3, 3, 0, 3, 0, 0, 3, 3, 0, 0, 0, 0, 3, 0, 3, 0, 1, 1, 1, 3, 0, 3]"
1327,SP1,2019,Mallorca,"[3, 0, 0, 1, 0, 0, 0, 3, 3, 0, 1, 0, 3, 0, 0, 0, 1, 0, 0, 3, 0, 0, 0, 3, 1, 0, 3, 0, 0, 1, 0, 0, 3]"
1328,SP1,2019,Osasuna,"[3, 1, 1, 1, 1, 0, 1, 3, 0, 3, 1, 3, 1, 0, 3, 1, 0, 0, 1, 1, 3, 0, 0, 3, 0, 0, 3, 1, 0, 0, 3, 3]"
1329,SP1,2019,Real Madrid,"[3, 1, 1, 3, 3, 3, 1, 3, 0, 3, 1, 3, 3, 3, 3, 1, 1, 1, 3, 3, 3, 3, 3, 1, 0, 3, 0, 3, 3, 3, 3, 3]"
1330,SP1,2019,Sevilla,"[3, 3, 1, 3, 0, 0, 3, 0, 3, 3, 1, 1, 3, 3, 3, 1, 0, 3, 1, 0, 3, 1, 0, 1, 3, 3, 1, 3, 1, 1, 1, 1, 3]"
1331,SP1,2019,Sociedad,"[1, 3, 0, 3, 3, 3, 0, 0, 3, 3, 0, 3, 1, 0, 3, 1, 1, 3, 0, 0, 3, 0, 3, 3, 3, 0, 3, 1, 0, 0, 0, 0]"
1332,SP1,2019,Valencia,"[1, 0, 3, 0, 1, 1, 3, 3, 1, 0, 1, 3, 3, 0, 3, 3, 1, 1, 3, 0, 3, 3, 0, 1, 0, 3, 1, 1, 0, 3, 0, 0]"
1333,SP1,2019,Valladolid,"[3, 1, 0, 1, 0, 1, 3, 1, 1, 3, 0, 3, 0, 0, 1, 1, 0, 1, 1, 1, 0, 3, 1, 0, 3, 0, 0, 3, 1, 0, 1, 1]"
1334,SP1,2019,Villarreal,"[1, 0, 1, 3, 3, 0, 3, 0, 3, 3, 0, 1, 0, 0, 0, 1, 3, 3, 3, 0, 3, 3, 1, 3, 0, 0, 0, 3, 3, 3, 1, 3]"
1335,SP1,2020,Alaves,"[0, 0, 0, 1, 3, 0, 0, 0, 1, 0, 3, 0, 3, 1, 1, 1, 3, 1, 0, 0, 3, 1, 0, 0, 0, 0, 1, 3, 0, 0, 0, 0, 1, 0, 0, 1, 3, 3, 1, 0, 1, 3, 3, 0]"
1336,SP1,2020,Ath Bilbao,"[3, 0, 0, 3, 0, 0, 0, 3, 0, 0, 3, 0, 3, 0, 3, 1, 0, 1, 0, 3, 1, 0, 3, 0, 3, 0, 1, 3, 1, 1, 3, 0, 1, 1, 1, 1, 1, 3, 1, 3, 1, 0, 0, 0]"
1337,SP1,2020,Ath Madrid,"[3, 1, 3, 3, 1, 3, 1, 1, 3, 3, 3, 3, 3, 3, 3, 0, 3, 3, 3, 3, 3, 3, 3, 3, 1, 3, 1, 0, 3, 1, 3, 1, 3, 0, 1, 3, 3, 0, 3, 1, 3, 3, 3]"
1338,SP1,2020,Barcelona,"[3, 3, 3, 0, 3, 3, 3, 1, 0, 0, 1, 3, 0, 3, 0, 3, 3, 1, 3, 1, 3, 3, 3, 3, 3, 3, 3, 1, 3, 3, 3, 3, 3, 3, 0, 3, 3, 0, 3, 1, 1, 0, 3]"
1339,SP1,2020,Betis,"[0, 1, 3, 0, 0, 0, 3, 3, 0, 0, 3, 0, 0, 3, 0, 0, 0, 3, 1, 0, 3, 0, 1, 3, 3, 1, 3, 0, 3, 3, 3, 3, 0, 3, 1, 1, 1, 1, 1, 1, 3, 1, 3, 3]"
1340,SP1,2020,Cadiz,"[0, 3, 0, 3, 1, 3, 1, 3, 0, 0, 1, 3, 0, 0, 0, 1, 1, 3, 1, 0, 0, 0, 0, 1, 0, 3, 1, 0, 3, 3, 1, 0, 1, 3, 3, 0, 0, 1]"
1341,SP1,2020,Celta,"[1, 1, 0, 0, 1, 1, 3, 1, 0, 0, 0, 1, 0, 1, 0, 3, 3, 3, 3, 1, 3, 0, 0, 0, 1, 1, 1, 3, 0, 1, 3, 1, 0, 3, 0, 1, 0, 3, 3, 3, 3, 3, 0]"
1342,SP1,2020,Eibar,"[0, 0, 1, 3, 3, 0, 1, 0, 0, 0, 3, 1, 3, 0, 1, 1, 3, 1, 1, 0, 0, 1, 3, 0, 0, 1, 0, 0, 1, 0, 1, 0, 0, 1, 0, 0, 0, 0, 0, 3, 3, 1, 0, 0]"
1343,SP1,2020,Elche,"[0, 3, 1, 3, 3, 0, 1, 1, 1, 1, 0, 0, 1, 1, 0, 0, 1, 0, 0, 1, 0, 3, 0, 0, 3, 0, 0, 1, 1, 0, 0, 1, 3, 0, 0, 0, 3, 3]"
1344,SP1,2020,Espanol,"[0, 0, 0, 0, 0, 1]"
1345,SP1,2020,Getafe,"[0, 1, 0, 1, 0, 0, 3, 1, 3, 0, 3, 0, 1, 0, 1, 1, 0, 0, 3, 1, 0, 0, 3, 3, 0, 1, 0, 0, 0, 0, 3, 0, 1, 1, 1, 0, 1, 0, 3, 0, 0, 0, 3, 1]"
1346,SP1,2020,Granada,"[3, 1, 3, 0, 3, 3, 3, 3, 0, 1, 3, 3, 1, 0, 0, 0, 1, 3, 3, 0, 3, 0, 0, 3, 1, 0, 1, 1, 0, 0, 3, 0, 3, 0, 0, 3, 3, 0, 3, 0, 0, 0, 0, 1]"
1347,SP1,2020,Huesca,"[1, 0, 1, 1, 1, 1, 0, 0, 1, 1, 0, 1, 3, 0, 1, 0, 0, 0, 0, 1, 3, 0, 0, 3, 1, 0, 0, 1, 3, 3, 0, 0, 0, 3, 0, 3, 0, 1]"
1348,SP1,2020,Leganes,"[3, 1, 3, 3, 1]"
1349,SP1,2020,Levante,"[1, 1, 0, 0, 3, 3, 0, 3, 0, 0, 0, 1, 1, 1, 1, 1, 3, 0, 3, 1, 3, 0, 3, 1, 1, 3, 1, 0, 1, 3, 1, 0, 3, 0, 0, 3, 0, 0, 0, 0, 1, 1, 0, 1]"
1350,SP1,2020,Mallorca,"[0, 3, 0, 0, 1]"
1351,SP1,2020,Osasuna,"[3, 1, 0, 3, 3, 1, 3, 0, 0, 3, 1, 3, 0, 0, 1, 0, 0, 0, 0, 1, 1, 1, 1, 0, 1, 3, 0, 3, 3, 0, 3, 0, 1, 1, 1, 3, 3, 3, 0, 0, 1, 3, 0, 0]"
1352,SP1,2020,Real Madrid,"[3, 3, 3, 3, 3, 1, 1, 3, 3, 3, 0, 3, 3, 0, 1, 0, 3, 3, 3, 3, 3, 1, 3, 1, 3, 0, 3, 3, 3, 3, 1, 1, 3, 3, 3, 3, 1, 3, 1, 3, 1, 3, 3, 3]"
1353,SP1,2020,Sevilla,"[3, 3, 3, 1, 3, 3, 3, 1, 0, 0, 0, 3, 3, 3, 0, 3, 1, 3, 3, 1, 3, 0, 3, 3, 3, 3, 3, 3, 0, 0, 3, 3, 1, 3, 3, 3, 3, 3, 0, 1, 3, 0, 3]"
1354,SP1,2020,Sociedad,"[3, 1, 0, 3, 1, 1, 1, 1, 3, 0, 3, 3, 3, 3, 3, 3, 1, 1, 1, 0, 0, 0, 3, 1, 0, 1, 1, 3, 3, 3, 1, 3, 0, 0, 1, 1, 0, 3, 3, 0, 3, 0, 3, 3]"
1355,SP1,2020,Valencia,"[0, 1, 3, 0, 3, 0, 3, 0, 1, 3, 0, 0, 0, 1, 3, 1, 0, 1, 1, 1, 0, 0, 1, 3, 1, 0, 3, 1, 0, 3, 0, 3, 0, 3, 0, 1, 1, 0, 1, 0, 3, 0, 3, 1]"
1356,SP1,2020,Valladolid,"[1, 3, 0, 0, 0, 3, 1, 0, 1, 0, 0, 1, 0, 0, 3, 3, 1, 0, 3, 1, 0, 1, 3, 0, 1, 1, 0, 0, 1, 0, 1, 3, 1, 1, 0, 0, 1, 1, 1, 1, 0, 0, 0, 0]"
1357,SP1,2020,Villarreal,"[3, 0, 3, 0, 0, 3, 1, 3, 0, 3, 1, 3, 1, 3, 3, 1, 1, 1, 1, 3, 1, 0, 3, 3, 1, 1, 1, 1, 0, 1, 0, 0, 3, 3, 3, 0, 3, 0, 0, 3, 0, 3, 3, 0]"
1358,SP1,2021,Alaves,"[0, 0, 0, 0, 0, 3, 0, 0, 3, 3, 1, 3, 1, 0, 0, 1, 0, 0, 1, 1, 0, 0, 0, 3, 0, 1, 1, 0, 0, 0, 0, 3, 0, 3, 0, 3, 0, 0]"
1359,SP1,2021,Ath Bilbao,"[1, 1, 3, 3, 1, 0, 1, 3, 3, 1, 1, 0, 1, 1, 0, 1, 0, 3, 0, 3, 1, 3, 3, 0, 3, 0, 3, 0, 1, 3, 1, 0, 3, 3, 1, 0, 3, 0]"
1360,SP1,2021,Ath Madrid,"[3, 3, 1, 3, 1, 3, 0, 3, 1, 1, 3, 1, 3, 3, 0, 0, 0, 0, 3, 1, 3, 0, 3, 0, 3, 3, 3, 3, 3, 3, 0, 3, 1, 0, 3, 3, 1, 3]"
1361,SP1,2021,Barcelona,"[3, 1, 3, 1, 1, 3, 0, 3, 0, 0, 1, 1, 3, 3, 0, 1, 3, 1, 3, 1, 3, 3, 1, 3, 3, 3, 3, 3, 3, 3, 0, 3, 0, 3, 3, 3, 1, 0]"
1362,SP1,2021,Betis,"[1, 1, 0, 3, 1, 3, 3, 0, 3, 3, 3, 0, 0, 3, 3, 3, 3, 0, 0, 1, 3, 3, 0, 3, 3, 0, 0, 3, 1, 3, 3, 1, 0, 1, 0, 3, 3, 1]"
1363,SP1,2021,Cadiz,"[1, 1, 0, 0, 3, 1, 0, 1, 0, 0, 1, 1, 3, 0, 0, 0, 1, 1, 0, 0, 1, 3, 0, 1, 1, 1, 3, 0, 3, 1, 0, 3, 0, 1, 3, 0, 1, 3]"
1364,SP1,2021,Celta,"[0, 1, 0, 0, 0, 3, 3, 0, 0, 3, 0, 1, 1, 1, 3, 0, 1, 3, 3, 0, 3, 1, 3, 1, 1, 0, 3, 0, 1, 0, 0, 3, 0, 1, 3, 0, 3, 0]"
1365,SP1,2021,Elche,"[1, 0, 1, 3, 1, 0, 0, 3, 0, 1, 0, 0, 1, 0, 1, 3, 0, 0, 1, 3, 3, 1, 3, 0, 3, 0, 0, 3, 0, 0, 0, 3, 3, 1, 0, 0, 0, 3]"
1366,SP1,2021,Espanol,"[1, 1, 0, 0, 1, 3, 0, 3, 3, 1, 1, 0, 3, 0, 3, 0, 3, 0, 3, 0, 1, 0, 0, 1, 1, 0, 3, 1, 3, 0, 3, 0, 0, 0, 1, 0, 1, 1]"
1367,SP1,2021,Getafe,"[0, 0, 0, 0, 0, 0, 0, 1, 1, 0, 1, 3, 0, 3, 1, 1, 1, 3, 3, 0, 3, 1, 3, 0, 1, 1, 0, 1, 1, 3, 0, 0, 3, 1, 1, 1, 1, 0]"
1368,SP1,2021,Granada,"[1, 1, 0, 0, 1, 0, 0, 3, 1, 1, 3, 0, 0, 1, 3, 1, 3, 3, 1, 1, 0, 0, 0, 0, 0, 1, 0, 0, 3, 1, 0, 0, 1, 1, 3, 3, 0, 1]"
1369,SP1,2021,Levante,"[1, 1, 0, 1, 1, 0, 0, 0, 1, 0, 1, 0, 0, 1, 0, 1, 0, 0, 0, 3, 0, 0, 0, 3, 1, 3, 0, 1, 0, 3, 0, 3, 0, 1, 3, 0, 3, 3]"
1370,SP1,2021,Mallorca,"[1, 3, 3, 0, 1, 0, 0, 3, 0, 1, 1, 1, 1, 0, 1, 3, 1, 0, 0, 0, 0, 3, 3, 0, 0, 0, 0, 0, 0, 0, 3, 0, 3, 0, 0, 1, 3, 3]"
1371,SP1,2021,Osasuna,"[1, 1, 3, 0, 3, 0, 3, 3, 3, 1, 1, 0, 0, 0, 1, 1, 1, 0, 0, 3, 0, 3, 1, 3, 0, 0, 3, 0, 3, 0, 3, 3, 0, 1, 1, 1, 0, 0]"
1372,SP1,2021,Real Madrid,"[3, 1, 3, 3, 3, 3, 1, 0, 3, 1, 3, 3, 3, 3, 3, 3, 3, 1, 3, 0, 3, 1, 3, 1, 3, 3, 3, 3, 0, 3, 3, 3, 3, 3, 0, 3, 1, 1]"
1373,SP1,2021,Sevilla,"[3, 3, 1, 1, 3, 3, 0, 3, 3, 1, 3, 3, 1, 0, 3, 3, 3, 1, 3, 3, 1, 1, 1, 3, 1, 3, 1, 1, 1, 0, 3, 0, 3, 1, 1, 1, 1, 3]"
1374,SP1,2021,Sociedad,"[0, 3, 3, 3, 1, 3, 3, 1, 3, 1, 3, 1, 3, 1, 0, 0, 0, 0, 1, 3, 1, 1, 3, 0, 3, 3, 0, 3, 1, 3, 3, 1, 0, 1, 0, 3, 3, 0]"
1375,SP1,2021,Valencia,"[3, 1, 3, 3, 0, 0, 1, 1, 0, 1, 0, 3, 1, 1, 1, 3, 3, 3, 0, 0, 1, 0, 1, 0, 0, 3, 3, 1, 3, 1, 1, 0, 0, 1, 1, 0, 1, 3]"
1376,SP1,2021,Vallecano,"[0, 0, 3, 1, 3, 3, 3, 0, 3, 0, 3, 1, 0, 3, 1, 3, 0, 3, 0, 1, 0, 0, 0, 0, 0, 0, 1, 0, 1, 1, 0, 3, 3, 1, 1, 0, 0, 0]"
1377,SP1,2021,Villarreal,"[1, 1, 1, 1, 3, 1, 3, 0, 0, 1, 0, 3, 1, 0, 0, 3, 3, 3, 3, 1, 0, 3, 3, 1, 3, 3, 0, 3, 0, 0, 1, 3, 3, 0, 1, 3, 0, 3]"
1378,SP1,2022,Almeria,"[0, 1, 3, 0, 0, 0, 0, 3, 0, 3, 0, 3, 0, 3, 1, 0, 1, 1, 3, 0, 0, 0, 3, 0, 0, 1, 1, 3, 0, 0, 3, 0, 3, 0, 3, 0, 1, 1]"
1379,SP1,2022,Ath Bilbao,"[1, 3, 3, 0, 3, 3, 3, 1, 0, 1, 0, 3, 0, 3, 1, 1, 0, 0, 0, 3, 3, 0, 0, 1, 0, 3, 1, 3, 3, 3, 0, 1, 0, 0, 3, 0, 0, 1]"
1380,SP1,2022,Ath Madrid,"[3, 0, 3, 1, 3, 0, 3, 3, 3, 1, 3, 0, 1, 0, 3, 0, 1, 3, 3, 1, 3, 3, 1, 3, 3, 3, 3, 3, 3, 0, 3, 3, 3, 0, 3, 1, 3, 1]"
1381,SP1,2022,Barcelona,"[1, 3, 3, 3, 3, 3, 3, 3, 0, 3, 3, 3, 3, 3, 1, 3, 3, 3, 3, 3, 3, 3, 0, 3, 3, 3, 3, 1, 1, 3, 0, 3, 3, 3, 0, 0, 3, 0]"
1382,SP1,2022,Betis,"[3, 3, 3, 0, 3, 3, 0, 1, 3, 1, 0, 3, 1, 0, 1, 3, 0, 3, 0, 0, 3, 3, 3, 1, 1, 3, 0, 0, 3, 0, 1, 0, 3, 3, 1, 0, 3, 1]"
1383,SP1,2022,Cadiz,"[0, 0, 0, 0, 0, 3, 1, 1, 1, 1, 0, 3, 1, 0, 1, 3, 1, 0, 3, 0, 3, 0, 3, 1, 1, 1, 0, 3, 0, 1, 0, 3, 0, 0, 3, 0, 3, 1]"
1384,SP1,2022,Celta,"[1, 0, 3, 3, 0, 0, 3, 0, 0, 0, 1, 0, 0, 1, 1, 3, 1, 0, 3, 3, 0, 1, 3, 1, 3, 3, 1, 1, 0, 0, 3, 0, 0, 0, 0, 1, 0, 3]"
1385,SP1,2022,Elche,"[0, 1, 0, 0, 0, 0, 0, 1, 1, 0, 1, 0, 0, 0, 0, 0, 1, 1, 0, 3, 0, 0, 0, 3, 1, 0, 0, 0, 0, 0, 0, 3, 0, 3, 1, 1, 3, 1]"
1386,SP1,2022,Espanol,"[1, 0, 0, 3, 0, 0, 1, 1, 3, 0, 1, 1, 1, 0, 1, 1, 3, 3, 0, 1, 0, 3, 3, 0, 0, 0, 0, 0, 0, 1, 0, 3, 0, 0, 3, 1, 1, 1]"
1387,SP1,2022,Getafe,"[0, 0, 1, 0, 3, 3, 0, 0, 1, 1, 1, 3, 1, 0, 3, 0, 0, 0, 0, 1, 1, 3, 0, 3, 1, 3, 1, 0, 1, 0, 0, 0, 3, 0, 1, 3, 3, 1]"
1388,SP1,2022,Girona,"[0, 3, 0, 1, 3, 0, 0, 0, 1, 0, 1, 1, 3, 3, 1, 1, 3, 0, 0, 3, 0, 3, 3, 0, 0, 1, 3, 1, 3, 0, 3, 3, 3, 1, 0, 1, 0, 0]"
1389,SP1,2022,Mallorca,"[1, 0, 3, 1, 0, 3, 0, 1, 0, 0, 3, 1, 3, 3, 0, 3, 0, 3, 0, 3, 0, 3, 0, 0, 1, 0, 1, 1, 3, 3, 0, 1, 0, 3, 0, 3, 0, 3]"
1390,SP1,2022,Osasuna,"[3, 3, 0, 3, 3, 0, 1, 0, 0, 3, 1, 3, 3, 0, 0, 1, 3, 1, 0, 1, 1, 0, 3, 1, 0, 0, 1, 3, 0, 3, 3, 0, 0, 3, 0, 3, 0, 3]"
1391,SP1,2022,Real Madrid,"[3, 3, 3, 3, 3, 3, 1, 3, 3, 3, 3, 1, 0, 3, 3, 0, 3, 1, 3, 0, 3, 3, 1, 1, 3, 0, 3, 0, 3, 3, 0, 3, 0, 3, 0, 3, 3, 1]"
1392,SP1,2022,Sevilla,"[0, 1, 0, 0, 3, 1, 0, 1, 3, 1, 0, 0, 1, 0, 1, 3, 0, 3, 3, 0, 3, 1, 0, 0, 3, 0, 3, 1, 3, 3, 3, 0, 3, 3, 1, 1, 0, 0]"
1393,SP1,2022,Sociedad,"[3, 0, 3, 1, 0, 3, 3, 3, 3, 3, 0, 0, 1, 3, 3, 3, 3, 3, 1, 0, 3, 1, 0, 1, 1, 3, 0, 3, 0, 3, 1, 3, 3, 1, 3, 3, 0, 3]"
1394,SP1,2022,Valencia,"[3, 0, 0, 3, 0, 3, 1, 3, 1, 1, 0, 0, 1, 3, 0, 0, 1, 0, 0, 0, 0, 0, 3, 0, 3, 0, 1, 0, 0, 3, 3, 0, 1, 3, 3, 0, 1, 1]"
1395,SP1,2022,Valladolid,"[0, 1, 0, 3, 0, 0, 3, 1, 0, 3, 3, 0, 3, 0, 0, 0, 0, 0, 3, 3, 1, 0, 0, 3, 1, 0, 0, 1, 3, 3, 0, 0, 0, 0, 0, 3, 1, 1]"
1396,SP1,2022,Vallecano,"[1, 3, 0, 0, 3, 0, 3, 0, 1, 1, 3, 3, 3, 1, 1, 0, 3, 0, 3, 3, 1, 1, 0, 1, 0, 1, 1, 0, 3, 0, 3, 0, 3, 0, 0, 0, 3, 0]"
1397,SP1,2022,Villarreal,"[3, 3, 1, 3, 0, 1, 1, 0, 3, 0, 3, 0, 0, 3, 3, 3, 1, 3, 0, 0, 0, 0, 3, 3, 1, 3, 3, 3, 0, 0, 3, 3, 1, 3, 3, 3, 0, 1]"
1398,SP1,2023,Alaves,"[0, 3, 0, 3, 0, 0, 1, 0, 1, 1, 0, 3, 0, 3, 1, 0, 0, 0, 1, 3, 3, 3, 0, 1, 1, 1, 0, 3, 0, 0, 0, 3, 3, 3, 1, 0, 3, 1]"
1399,SP1,2023,Almeria,"[0, 0, 1, 0, 0, 1, 0, 1, 0, 0, 0, 0, 0, 0, 1, 0, 1, 0, 0, 1, 0, 0, 0, 1, 1, 1, 0, 1, 3, 0, 1, 0, 0, 3, 0, 0, 1, 3]"
1400,SP1,2023,Ath Bilbao,"[0, 3, 3, 1, 3, 3, 1, 0, 3, 0, 1, 3, 3, 1, 3, 1, 3, 3, 3, 3, 0, 1, 3, 1, 3, 0, 1, 3, 3, 0, 1, 1, 0, 3, 1, 0, 3, 3]"
1401,SP1,2023,Ath Madrid,"[3, 1, 3, 0, 3, 3, 3, 3, 3, 3, 0, 3, 3, 0, 3, 0, 1, 3, 0, 3, 3, 3, 1, 0, 3, 1, 3, 0, 0, 3, 3, 0, 3, 3, 3, 3, 0, 3]"
1402,SP1,2023,Barcelona,"[1, 3, 3, 3, 3, 3, 1, 3, 1, 3, 0, 3, 3, 1, 3, 0, 1, 3, 3, 3, 0, 3, 3, 1, 3, 3, 1, 3, 3, 3, 3, 0, 3, 0, 3, 3, 3, 3]"
1403,SP1,2023,Betis,"[3, 1, 0, 3, 0, 1, 1, 3, 1, 1, 3, 3, 1, 3, 1, 1, 1, 1, 0, 3, 0, 3, 1, 3, 1, 3, 0, 0, 0, 0, 3, 3, 1, 3, 3, 1, 0, 1]"
1404,SP1,2023,Cadiz,"[3, 0, 1, 3, 0, 1, 1, 0, 0, 0, 1, 0, 0, 1, 1, 1, 1, 1, 0, 0, 0, 1, 1, 0, 0, 1, 1, 3, 0, 3, 0, 0, 1, 0, 3, 3, 1, 0]"
1405,SP1,2023,Celta,"[0, 1, 0, 3, 0, 0, 1, 0, 1, 0, 0, 1, 0, 1, 1, 1, 3, 0, 3, 1, 0, 0, 3, 0, 0, 1, 3, 0, 3, 1, 0, 3, 0, 3, 0, 3, 3, 1]"
1406,SP1,2023,Getafe,"[1, 0, 3, 0, 3, 0, 1, 1, 1, 1, 1, 3, 1, 3, 0, 3, 3, 1, 0, 0, 3, 0, 1, 3, 1, 0, 1, 0, 3, 0, 1, 1, 3, 0, 0, 0, 0, 0]"
1407,SP1,2023,Girona,"[1, 3, 3, 3, 3, 3, 3, 0, 3, 3, 3, 3, 3, 1, 3, 3, 3, 1, 3, 1, 3, 3, 1, 0, 0, 3, 0, 3, 0, 3, 0, 3, 3, 3, 1, 0, 3, 3]"
1408,SP1,2023,Granada,"[0, 0, 3, 0, 0, 0, 1, 1, 1, 0, 0, 0, 1, 0, 0, 1, 0, 0, 3, 0, 0, 0, 1, 1, 1, 0, 0, 0, 0, 0, 3, 1, 3, 0, 0, 0, 0, 0]"
1409,SP1,2023,Las Palmas,"[1, 0, 1, 0, 0, 3, 0, 3, 3, 0, 3, 3, 1, 0, 3, 3, 1, 0, 0, 3, 3, 0, 1, 3, 0, 1, 1, 0, 0, 0, 0, 0, 0, 0, 0, 1, 1, 1]"
1410,SP1,2023,Mallorca,"[1, 0, 0, 1, 3, 0, 1, 1, 1, 0, 1, 0, 0, 1, 1, 3, 1, 3, 0, 1, 1, 0, 0, 3, 0, 1, 3, 0, 3, 1, 0, 0, 1, 0, 3, 1, 1, 3]"
1411,SP1,2023,Osasuna,"[3, 0, 3, 0, 0, 1, 0, 3, 0, 3, 0, 0, 1, 0, 1, 1, 3, 0, 3, 3, 1, 0, 0, 3, 3, 1, 3, 0, 0, 3, 0, 0, 0, 0, 1, 1, 3, 1]"
1412,SP1,2023,Real Madrid,"[3, 3, 3, 3, 3, 0, 3, 3, 3, 1, 3, 1, 3, 3, 3, 1, 3, 3, 3, 3, 3, 3, 1, 3, 1, 3, 1, 3, 3, 3, 3, 3, 3, 3, 3, 3, 1, 1]"
1413,SP1,2023,Sevilla,"[0, 0, 0, 3, 1, 3, 0, 1, 1, 1, 1, 1, 0, 1, 0, 0, 3, 0, 0, 0, 0, 1, 3, 3, 1, 0, 3, 1, 0, 3, 3, 3, 1, 3, 0, 0, 0, 0]"
1414,SP1,2023,Sociedad,"[1, 1, 1, 3, 0, 3, 3, 3, 0, 3, 1, 0, 3, 3, 1, 3, 1, 1, 1, 0, 3, 1, 1, 0, 3, 0, 0, 3, 3, 3, 1, 1, 0, 3, 0, 3, 3, 0]"
1415,SP1,2023,Valencia,"[3, 3, 0, 0, 3, 1, 0, 0, 1, 3, 1, 3, 0, 1, 0, 0, 1, 3, 3, 3, 3, 0, 3, 0, 1, 1, 3, 0, 1, 3, 3, 0, 0, 0, 1, 0, 0, 1]"
1416,SP1,2023,Vallecano,"[3, 3, 0, 0, 3, 1, 1, 1, 1, 3, 1, 1, 0, 1, 0, 1, 0, 0, 3, 0, 1, 0, 0, 0, 1, 0, 1, 0, 3, 1, 1, 3, 0, 0, 1, 3, 0, 0]"
1417,SP1,2023,Villarreal,"[0, 3, 0, 0, 3, 1, 0, 1, 0, 1, 3, 0, 0, 3, 1, 0, 0, 3, 0, 0, 1, 3, 1, 1, 1, 3, 3, 3, 3, 0, 1, 3, 3, 0, 3, 3, 1, 1]"
1418,SP1,2024,Alaves,"[0, 1, 3, 3, 0, 3, 0, 0, 0, 0, 0, 3, 0, 0, 1, 1, 1, 1, 0, 3, 1, 0, 0, 1, 0, 1, 3, 1, 0, 3, 0, 1, 3, 1, 0, 3, 3, 1]"
1419,SP1,2024,Ath Bilbao,"[1, 0, 3, 0, 3, 3, 3, 1, 0, 3, 1, 1, 1, 3, 3, 3, 3, 1, 3, 3, 1, 1, 3, 1, 3, 0, 1, 3, 1, 1, 3, 0, 3, 1, 3, 3, 3, 0]"
1420,SP1,2024,Ath Madrid,"[1, 3, 1, 3, 3, 1, 3, 1, 1, 3, 0, 3, 3, 3, 3, 3, 3, 3, 3, 0, 1, 3, 1, 1, 3, 3, 0, 0, 1, 3, 3, 0, 3, 1, 3, 0, 3, 3]"
1421,SP1,2024,Barcelona,"[3, 3, 3, 3, 3, 3, 3, 0, 3, 3, 3, 3, 0, 1, 0, 3, 1, 0, 0, 1, 3, 3, 3, 3, 3, 3, 3, 3, 3, 1, 3, 3, 3, 3, 3, 3, 0, 3]"
1422,SP1,2024,Betis,"[1, 1, 0, 3, 3, 0, 1, 3, 0, 3, 3, 1, 1, 0, 0, 1, 3, 1, 0, 0, 3, 1, 0, 3, 3, 3, 3, 3, 3, 1, 0, 3, 3, 3, 1, 1, 0, 1]"
1423,SP1,2024,Celta,"[3, 3, 0, 0, 3, 0, 0, 1, 3, 0, 0, 3, 1, 1, 0, 3, 0, 3, 0, 0, 1, 0, 3, 1, 3, 1, 3, 3, 1, 3, 0, 0, 3, 0, 3, 3, 0, 3]"
1424,SP1,2024,Espanol,"[0, 0, 1, 3, 3, 0, 0, 0, 3, 0, 0, 0, 0, 3, 0, 1, 1, 0, 1, 3, 1, 3, 0, 1, 3, 1, 0, 1, 3, 3, 3, 1, 0, 0, 0, 0, 0, 3]"
1425,SP1,2024,Getafe,"[1, 1, 1, 0, 0, 1, 0, 3, 1, 1, 1, 0, 0, 3, 0, 3, 0, 0, 3, 1, 3, 1, 3, 3, 0, 0, 3, 3, 0, 3, 0, 0, 0, 0, 0, 0, 3, 0]"
1426,SP1,2024,Girona,"[1, 0, 3, 3, 0, 0, 1, 1, 3, 0, 0, 3, 3, 3, 1, 0, 0, 3, 3, 0, 0, 3, 0, 0, 0, 1, 1, 1, 0, 0, 0, 0, 1, 3, 0, 3, 0, 0]"
1427,SP1,2024,Las Palmas,"[1, 0, 1, 0, 0, 0, 1, 0, 0, 3, 3, 0, 3, 0, 3, 3, 1, 3, 0, 0, 1, 0, 0, 0, 0, 1, 0, 1, 1, 0, 3, 3, 0, 0, 0, 0, 0, 0]"
1428,SP1,2024,Leganes,"[1, 3, 1, 0, 0, 0, 1, 1, 1, 0, 3, 0, 3, 0, 1, 0, 3, 0, 1, 3, 1, 0, 0, 1, 0, 3, 0, 0, 0, 1, 0, 1, 1, 1, 3, 0, 3, 3]"
1429,SP1,2024,Mallorca,"[1, 0, 1, 3, 0, 3, 3, 3, 0, 3, 1, 0, 0, 3, 3, 0, 0, 3, 3, 0, 0, 0, 1, 3, 1, 1, 1, 3, 0, 0, 3, 1, 0, 0, 3, 0, 0, 1]"
1430,SP1,2024,Osasuna,"[1, 3, 0, 3, 0, 3, 1, 3, 1, 0, 3, 3, 0, 1, 1, 1, 1, 0, 0, 1, 1, 3, 1, 1, 0, 1, 0, 0, 1, 1, 3, 3, 3, 0, 1, 3, 3, 1]"
1431,SP1,2024,Real Madrid,"[1, 3, 1, 3, 3, 3, 3, 1, 3, 3, 0, 3, 3, 3, 0, 3, 1, 3, 3, 3, 3, 0, 1, 1, 3, 0, 3, 3, 3, 0, 3, 3, 3, 3, 0, 3, 3, 3]"
1432,SP1,2024,Sevilla,"[1, 0, 1, 0, 3, 0, 3, 1, 3, 0, 3, 0, 0, 3, 1, 0, 3, 0, 1, 3, 1, 1, 0, 3, 1, 1, 3, 0, 0, 0, 0, 1, 0, 1, 0, 3, 0, 0]"
1433,SP1,2024,Sociedad,"[0, 3, 0, 1, 0, 0, 1, 3, 1, 3, 0, 3, 3, 0, 3, 3, 1, 0, 3, 0, 0, 0, 3, 0, 3, 0, 0, 1, 3, 3, 0, 1, 0, 1, 0, 0, 3, 0]"
1434,SP1,2024,Valencia,"[0, 0, 0, 1, 0, 3, 1, 0, 1, 0, 1, 3, 0, 0, 0, 1, 1, 0, 1, 3, 0, 3, 3, 1, 0, 1, 3, 1, 3, 3, 3, 1, 1, 3, 3, 0, 0, 1]"
1435,SP1,2024,Valladolid,"[3, 0, 1, 0, 0, 1, 0, 0, 0, 3, 0, 0, 1, 0, 0, 0, 3, 0, 3, 0, 0, 0, 0, 0, 0, 1, 0, 0, 0, 0, 0, 0, 0, 0, 0, 0, 0, 0]"
1436,SP1,2024,Vallecano,"[3, 1, 0, 0, 3, 1, 1, 1, 3, 0, 3, 0, 0, 0, 3, 1, 1, 1, 3, 1, 3, 3, 3, 0, 0, 1, 0, 1, 3, 0, 0, 1, 0, 3, 3, 1, 3, 1]"
1437,SP1,2024,Villarreal,"[1, 3, 3, 1, 3, 0, 3, 3, 0, 1, 3, 3, 1, 1, 0, 0, 1, 3, 0, 3, 1, 3, 3, 1, 3, 0, 0, 3, 1, 3, 1, 0, 3, 3, 3, 3, 3, 3]"
